schema_version,case_kind,seed,method,method_label,success,reached,collision,min_clearance_m,min_ttc_s,arrival_time_s,penalized_travel_time_s,progress_ratio,average_speed_mps,path_length_m,max_longitudinal_acceleration_mps2,max_lateral_acceleration_mps2,jerk_rms_mps3,time_window_violations,degraded_stop,runtime_ms,iterations,iterative_converged,joint_search_status,joint_domain_size,joint_evaluated_candidates,joint_expanded_spatial_branches,joint_absolute_gap,planning_cycles
miku-rolling-v1,crossing_pedestrian,0,B0,B0-TimeBlind,1,1,0,0.1599146924234759,0.1676113937001504,8.8,8.8,1.0,3.538749899799577,31.14099911823628,3.345820493483696,0.0,2.0365313090453947,0,0,165.10586004005745,18,1,,,,,,18
miku-rolling-v1,crossing_pedestrian,0,MIKU,MIKU,0,1,1,0.3087970667265245,0.2845820647691054,8.9,14.0,1.0,3.4850821828809315,31.01723142764029,4.00000000000001,0.0,5.66354690245901,0,0,173.72955600148998,18,0,contains_nonoptimal_cycle,18,18,18,inf,18
miku-rolling-v1,crossing_pedestrian,1,B0,B0-TimeBlind,0,1,1,0.08000099943726902,0.0413654304012171,8.4,14.0,1.0,3.7254535897584184,31.293810153970718,3.0680124041604238,0.0,1.522772402182837,0,0,109.71700397203676,17,1,,,,,,17
miku-rolling-v1,crossing_pedestrian,1,MIKU,MIKU,1,1,0,0.1939760780011639,0.15825825771523255,8.5,8.5,1.0,3.675515309736458,31.241880132759896,3.2846225880291247,0.0,1.6717944674006302,0,0,173.1899929291103,17,0,all_cycles_optimal,17,17,17,0.0,17
miku-rolling-v1,crossing_pedestrian,2,B0,B0-TimeBlind,0,1,1,0.12926633846129265,0.12981982546642343,8.9,14.0,1.0,3.5155321945734213,31.28823653170345,4.0,0.0,3.138130403567014,0,0,837.2521800629329,18,1,,,,,,18
miku-rolling-v1,crossing_pedestrian,2,MIKU,MIKU,1,1,0,0.2381378954277373,0.23776977657426226,8.1,8.1,1.0,3.8585469303046844,31.254230135467942,1.6877629199399153,0.0,0.833014092483048,0,0,67.60098700760864,17,0,all_cycles_optimal,17,17,17,0.0,17
miku-rolling-v1,crossing_pedestrian,3,B0,B0-TimeBlind,0,1,1,0.15065203918632264,0.44030924134858496,8.9,14.0,1.0,3.5028703774033128,31.175546358889484,3.9999999972098714,0.0,2.5827021362834235,0,0,309.64770607533865,18,1,,,,,,18
miku-rolling-v1,crossing_pedestrian,3,MIKU,MIKU,0,0,1,0.20192017952295593,0.4807212616944208,,14.0,0.6717270429358804,2.313726500914359,20.82353850822923,4.000000000000001,0.0,1.9447558827903877,0,1,476.4721639803611,18,0,contains_nonoptimal_cycle,18,18,18,inf,18
miku-rolling-v1,crossing_pedestrian,4,B0,B0-TimeBlind,1,1,0,1.252943796707836,0.9884569926122458,7.5,7.5,1.0,4.135898257406026,31.019236930545198,0.8395710688183918,0.0,0.26347309564701266,0,0,37.616970017552376,15,1,,,,,,15
miku-rolling-v1,crossing_pedestrian,4,MIKU,MIKU,1,1,0,1.252943796707836,0.9884569926122458,7.5,7.5,1.0,4.135898257406026,31.019236930545198,0.8395710688183918,0.0,0.26347309564701266,0,0,43.16389001905918,15,0,all_cycles_optimal,15,15,15,0.0,15
miku-rolling-v1,crossing_pedestrian,5,B0,B0-TimeBlind,1,1,0,0.8558772609472209,0.6474916273412327,7.6,7.6,1.0,4.085180897844309,31.04737482361675,0.7765939688485428,0.0,0.27797125496966263,0,0,39.695972081972286,16,1,,,,,,16
miku-rolling-v1,crossing_pedestrian,5,MIKU,MIKU,1,1,0,0.8558772609472209,0.6474916273412327,7.6,7.6,1.0,4.085180897844309,31.04737482361675,0.7765939688485428,0.0,0.27797125496966263,0,0,44.43257799721323,16,0,all_cycles_optimal,16,16,16,0.0,16
miku-rolling-v1,crossing_pedestrian,6,B0,B0-TimeBlind,1,1,0,0.09841340037481863,0.22144382053761974,8.8,8.8,1.0,3.5366099878804347,31.12216789334783,3.2014623030763993,0.0,1.9403150941709144,0,0,78.98192200809717,18,1,,,,,,18
miku-rolling-v1,crossing_pedestrian,6,MIKU,MIKU,0,0,1,0.28086595696343863,0.5609926303047053,,14.0,0.6408274289911206,2.207294477649345,19.865650298844105,4.0,0.0,6.22220067302385,0,1,109.77229996933602,18,0,contains_nonoptimal_cycle,18,18,18,inf,18
miku-rolling-v1,crossing_pedestrian,7,B0,B0-TimeBlind,0,1,1,0.14999850148547944,0.46481899290414325,8.9,14.0,1.0,3.4961460448250428,31.11569979894288,3.9500774701694072,0.0,2.4071683510784214,0,0,124.34581090928987,18,1,,,,,,18
miku-rolling-v1,crossing_pedestrian,7,MIKU,MIKU,0,0,1,0.2231594779542676,0.5107112917319835,,14.0,0.6299004219999317,2.169657013213704,19.526913118923336,3.786710668167914,0.0,1.8088761141225453,0,1,337.8419210202992,18,0,contains_nonoptimal_cycle,18,18,18,inf,18
miku-rolling-v1,crossing_pedestrian,8,B0,B0-TimeBlind,1,1,0,0.11702027022243144,0.032737908342377456,7.8,7.8,1.0,3.987264635681204,31.10066415831339,2.0681682194085544,0.0,0.9006204552631932,0,0,54.98319599428214,16,1,,,,,,16
miku-rolling-v1,crossing_pedestrian,8,MIKU,MIKU,1,1,0,0.2317191044785983,0.14588778517262949,8.1,8.1,1.0,3.8553551499922536,31.22837671493725,2.3003409263161796,0.0,1.0635274676839015,0,0,88.96985804312862,17,0,all_cycles_optimal,17,17,17,0.0,17
miku-rolling-v1,crossing_pedestrian,9,B0,B0-TimeBlind,0,1,1,0.14396592110499062,0.1610431070099894,8.8,14.0,1.0,3.5642376936435953,31.36529170406364,4.0,0.0,3.0738844247372055,0,0,767.1274049789645,18,1,,,,,,18
miku-rolling-v1,crossing_pedestrian,9,MIKU,MIKU,1,1,0,0.24642683746572142,0.23683915593264693,7.9,7.9,1.0,3.936795935851409,31.10068789322613,1.95778821885613,0.0,0.871985061163984,0,0,81.16336105740629,16,0,all_cycles_optimal,16,16,16,0.0,16
miku-rolling-v1,crossing_pedestrian,10,B0,B0-TimeBlind,1,1,0,0.0712841274872682,0.04126070859837966,8.3,8.3,1.0,3.753151595980569,31.151158246638722,2.5916518840135394,0.0,1.2940088725749732,0,0,121.84768501901999,17,1,,,,,,17
miku-rolling-v1,crossing_pedestrian,10,MIKU,MIKU,1,1,0,0.18262223086547902,0.15820593986197623,8.4,8.4,1.0,3.6997210000642893,31.077656400540032,2.7891699571051563,0.0,1.4377537443970783,0,0,588.3957769838162,17,0,all_cycles_optimal,17,17,17,0.0,17
miku-rolling-v1,crossing_pedestrian,11,B0,B0-TimeBlind,0,1,1,0.31644379982840953,0.36359080067653493,8.9,14.0,1.0,3.5079671621971418,31.220907743554562,4.0,0.0,5.209662212995481,0,0,760.1336839434225,18,1,,,,,,18
miku-rolling-v1,crossing_pedestrian,11,MIKU,MIKU,1,1,0,0.23735975706561754,0.2921176246389424,8.7,8.7,1.0,3.594165447877744,31.26923939653637,2.789379842682064,0.0,1.518938275264211,0,0,102.36594305024482,18,0,all_cycles_optimal,18,18,18,0.0,18
miku-rolling-v1,crossing_pedestrian,12,B0,B0-TimeBlind,0,1,1,0.1449910129965415,0.1641442968659946,8.8,14.0,1.0,3.523956511038253,31.01081729713663,4.0,0.0,2.7884592216644473,0,0,814.9642099451739,18,1,,,,,,18
miku-rolling-v1,crossing_pedestrian,12,MIKU,MIKU,0,1,1,0.27530736932231514,0.24635077863782323,8.8,14.0,1.0,3.5275147102454936,31.042129450160346,4.0,0.0,3.2668803705314224,0,0,184.97828202089295,18,0,contains_nonoptimal_cycle,18,18,18,inf,18
miku-rolling-v1,crossing_pedestrian,13,B0,B0-TimeBlind,0,1,1,0.21885157434872982,0.4244460601474318,8.9,14.0,1.0,3.515817631096331,31.29077691675735,4.0000000000000115,0.0,5.612602117270677,0,0,1066.826300957473,18,1,,,,,,18
miku-rolling-v1,crossing_pedestrian,13,MIKU,MIKU,0,1,1,0.2663312679672445,0.46443990235096017,8.9,14.0,1.0,3.5151732591155174,31.285042006128105,4.0,0.0,5.635088248268775,0,0,788.871030905284,18,0,contains_nonoptimal_cycle,18,18,18,inf,18
miku-rolling-v1,crossing_pedestrian,14,B0,B0-TimeBlind,1,1,0,0.09514325468350604,0.033366000385101235,8.0,8.0,1.0,3.902920461263546,31.223363690108368,1.9915492944588287,0.0,0.9153567142032856,0,0,60.94886807841249,16,1,,,,,,16
miku-rolling-v1,crossing_pedestrian,14,MIKU,MIKU,1,1,0,0.19861828941756032,0.14710200614232047,8.2,8.2,1.0,3.803869866497791,31.191732905281885,2.240216435485435,0.0,1.0976527264164326,0,0,64.28402499295771,17,0,all_cycles_optimal,17,17,17,0.0,17
miku-rolling-v1,crossing_pedestrian,15,B0,B0-TimeBlind,0,1,1,0.05203495651605028,0.0393058093994334,8.2,14.0,1.0,3.8090590153053836,31.234283925504144,2.455495956002521,0.0,1.167704232206327,0,0,92.37352397758514,17,1,,,,,,17
miku-rolling-v1,crossing_pedestrian,15,MIKU,MIKU,1,1,0,0.15429178738448668,0.15515160746115386,8.3,8.3,1.0,3.748950127750005,31.116286060325045,2.6435908142498303,0.0,1.3041531304118608,0,0,186.4791990374215,17,0,all_cycles_optimal,17,17,17,0.0,17
miku-rolling-v1,crossing_pedestrian,16,B0,B0-TimeBlind,1,1,0,0.0912870465208698,0.15533939231047633,8.8,8.8,1.0,3.5386413538980896,31.14004391430319,3.387824278463049,0.0,1.9931531933154383,0,0,181.0366770660039,18,1,,,,,,18
miku-rolling-v1,crossing_pedestrian,16,MIKU,MIKU,0,0,1,0.27732217418871186,0.4083852631162978,,14.0,0.6302991512845577,2.171030417108001,19.539273753972008,4.0,0.0,5.64864366197638,0,1,116.26279397751205,18,0,contains_nonoptimal_cycle,18,18,18,inf,18
miku-rolling-v1,crossing_pedestrian,17,B0,B0-TimeBlind,1,1,0,0.05126089390096533,0.07906948877155141,8.5,8.5,1.0,3.657819272544298,31.091463816626536,2.757534003737797,0.0,1.4508395379679906,0,0,73.07387495529838,17,1,,,,,,17
miku-rolling-v1,crossing_pedestrian,17,MIKU,MIKU,1,1,0,0.13654498229832196,0.21230729867314752,8.6,8.6,1.0,3.638120454628709,31.287835909806898,2.8147644553081044,0.0,1.5409694744652747,0,0,82.25880304235034,18,0,all_cycles_optimal,18,18,18,0.0,18
miku-rolling-v1,crossing_pedestrian,18,B0,B0-TimeBlind,0,1,1,0.10231574919357667,0.03351938993744782,7.7,14.0,1.0,4.035969828600903,31.076967680226957,1.165033151264299,0.0,0.47973916753478574,0,0,50.58167700190097,16,1,,,,,,16
miku-rolling-v1,crossing_pedestrian,18,MIKU,MIKU,1,1,0,0.21017170017688724,0.14700855469927407,7.9,7.9,1.0,3.925605382450505,31.01228252135899,1.3280128743063804,0.0,0.6180083601609732,0,0,58.789019996766,16,0,all_cycles_optimal,16,16,16,0.0,16
miku-rolling-v1,crossing_pedestrian,19,B0,B0-TimeBlind,0,1,1,0.2220578957681683,0.30999115096468777,8.9,14.0,1.0,3.5140535599393754,31.27507668346044,4.0,0.0,5.203690884907215,0,0,797.3030099528842,18,1,,,,,,18
miku-rolling-v1,crossing_pedestrian,19,MIKU,MIKU,1,1,0,0.2574700643377861,0.3455157084014873,8.9,8.9,1.0,3.5116061933579745,31.253295120885976,4.0,0.0,2.534492051595015,0,0,152.54068400827236,18,0,all_cycles_optimal,18,18,18,0.0,18
miku-rolling-v1,crossing_pedestrian,20,B0,B0-TimeBlind,0,1,1,0.12459467991495216,0.4919590792528358,8.9,14.0,1.0,3.4836997224960817,31.004927530215127,4.00000000000001,0.0,2.3419690675581464,0,0,135.34308891394176,18,1,,,,,,18
miku-rolling-v1,crossing_pedestrian,20,MIKU,MIKU,1,1,0,0.1948163723769109,0.6092912540526353,9.0,9.0,1.0,3.4933372019013733,31.44003481711236,4.000000000000018,0.0,2.3408504045814693,0,0,114.80077094165608,18,0,all_cycles_optimal,18,18,18,0.0,18
miku-rolling-v1,crossing_pedestrian,21,B0,B0-TimeBlind,0,1,1,0.11158954671504051,0.0375514268863662,8.3,14.0,1.0,3.7638454404045487,31.23991715535776,1.3976974459083868,0.0,0.8619901724294344,0,0,80.80211895867251,17,1,,,,,,17
miku-rolling-v1,crossing_pedestrian,21,MIKU,MIKU,0,1,1,0.24116266627931116,0.1722553248133794,8.9,14.0,1.0,3.491075737396327,31.070574062827312,4.0,0.0,3.897898765719871,0,0,150.01151702017523,18,0,contains_nonoptimal_cycle,18,18,18,inf,18
miku-rolling-v1,crossing_pedestrian,22,B0,B0-TimeBlind,0,1,1,0.056389923820906906,0.04449007655821933,8.3,14.0,1.0,3.752485005770165,31.145625547892372,1.8624993769543425,0.0,1.0086229056439928,0,0,68.90116300201043,17,1,,,,,,17
miku-rolling-v1,crossing_pedestrian,22,MIKU,MIKU,1,1,0,0.1664014752323848,0.1628801472746391,8.4,8.4,1.0,3.709449970116587,31.15937974897933,2.008572943446443,0.0,1.1262111519792455,0,0,86.76695096073672,17,0,all_cycles_optimal,17,17,17,0.0,17
miku-rolling-v1,crossing_pedestrian,23,B0,B0-TimeBlind,0,1,1,0.1439998899813067,0.4122912490139407,8.9,14.0,1.0,3.5010441275186164,31.159292734915688,4.0,0.0,2.490671312131834,0,0,78.72683895402588,18,1,,,,,,18
miku-rolling-v1,crossing_pedestrian,23,MIKU,MIKU,1,1,0,0.21336334587557443,0.4859898765941142,8.9,8.9,1.0,3.4975184680028004,31.127914365224925,4.0,0.0,2.5148393103020767,0,0,148.75040799961425,18,0,all_cycles_optimal,18,18,18,0.0,18
miku-rolling-v1,crossing_pedestrian,24,B0,B0-TimeBlind,1,1,0,0.07279540020571429,0.049970638583182125,8.5,8.5,1.0,3.6846599353408713,31.319609450397405,2.1085555865601378,0.0,1.2150344638820638,0,0,165.03554000519216,17,1,,,,,,17
miku-rolling-v1,crossing_pedestrian,24,MIKU,MIKU,0,1,1,0.1875188706272938,0.19700393503036545,8.9,14.0,1.0,3.515995559930287,31.292360483379554,4.0,0.0,4.215639173361581,0,0,156.06951696099713,18,0,contains_nonoptimal_cycle,18,18,18,inf,18
miku-rolling-v1,crossing_pedestrian,25,B0,B0-TimeBlind,0,1,1,0.6509745234454949,0.5700742943094782,8.9,14.0,1.0,3.5131053575042612,31.266637681787927,4.0,0.0,5.6289170360072225,0,0,701.5962520381436,18,1,,,,,,18
miku-rolling-v1,crossing_pedestrian,25,MIKU,MIKU,1,1,0,0.11457853820359372,0.2080484948410901,8.6,8.6,1.0,3.6295030134517328,31.2137259156849,2.4085335393867267,0.0,1.4407325861732962,0,0,105.67541097407229,18,0,all_cycles_optimal,18,18,18,0.0,18
miku-rolling-v1,crossing_pedestrian,26,B0,B0-TimeBlind,0,1,1,0.27866093234487144,0.3202174761815572,8.8,14.0,1.0,3.538336462645127,31.137360871277117,4.0,0.0,4.390352181282449,0,0,729.4822190597188,18,1,,,,,,18
miku-rolling-v1,crossing_pedestrian,26,MIKU,MIKU,1,1,0,0.1066192746211625,0.1818176270187678,8.4,8.4,1.0,3.6948755728047122,31.036954811559585,2.282050059667407,0.0,1.2230586633246758,0,0,62.902025965740904,17,0,all_cycles_optimal,17,17,17,0.0,17
miku-rolling-v1,crossing_pedestrian,27,B0,B0-TimeBlind,1,1,0,0.05524330623779642,0.1300851701240332,8.8,8.8,1.0,3.5586756573116243,31.316345784342296,3.095033480784908,0.0,1.7319732839238147,0,0,104.48684304719791,18,1,,,,,,18
miku-rolling-v1,crossing_pedestrian,27,MIKU,MIKU,0,0,1,0.2878046969128122,0.39765624134637545,,14.0,0.634161958687083,2.18433563550941,19.65902071958469,4.0,0.0,6.197549893364788,0,1,110.42570407153107,18,0,contains_nonoptimal_cycle,18,18,18,inf,18
miku-rolling-v1,crossing_pedestrian,28,B0,B0-TimeBlind,0,1,1,0.10069751300202734,0.03360309633839967,8.1,14.0,1.0,3.8271679122898195,31.000060089547535,2.676305624979642,0.0,1.2880087120109747,0,0,95.40476088295691,17,1,,,,,,17
miku-rolling-v1,crossing_pedestrian,28,MIKU,MIKU,0,1,1,0.22164192433069774,0.15705612422858217,8.8,14.0,1.0,3.5243576748122045,31.0143475383474,4.0,0.0,3.075228075040857,0,0,162.10682899691164,18,0,contains_nonoptimal_cycle,18,18,18,inf,18
miku-rolling-v1,crossing_pedestrian,29,B0,B0-TimeBlind,1,1,0,0.0965454191954016,0.16592441239302042,8.5,8.5,1.0,3.6568699154988225,31.08339428173999,1.989411669717093,0.0,1.225272043402296,0,0,55.69992499658838,17,1,,,,,,17
miku-rolling-v1,crossing_pedestrian,29,MIKU,MIKU,1,1,0,0.0965454191954016,0.1871016054557985,8.5,8.5,1.0,3.6621493265937692,31.12826927604704,2.0544246988140564,0.0,1.2178706189087767,0,0,60.76674806536175,17,0,all_cycles_optimal,17,17,17,0.0,17
miku-rolling-v1,crossing_pedestrian,30,B0,B0-TimeBlind,0,1,1,0.14829872309494752,0.15882668522208743,8.8,14.0,1.0,3.5315670091050757,31.07778968012467,4.0,0.0,2.9012721530664862,0,0,783.1792499637231,18,1,,,,,,18
miku-rolling-v1,crossing_pedestrian,30,MIKU,MIKU,1,1,0,0.2489829531375319,0.24514934174257147,8.4,8.4,1.0,3.710272185090142,31.166286354757194,3.095144661927972,0.0,1.5353615420343376,0,0,727.8948889579624,17,0,all_cycles_optimal,17,17,17,0.0,17
miku-rolling-v1,crossing_pedestrian,31,B0,B0-TimeBlind,1,1,0,0.10251002149362368,0.2838152100591785,8.9,8.9,1.0,3.50796307005661,31.22087132350383,3.6919083710219245,0.0,2.0167340012363066,0,0,111.76877087564208,18,1,,,,,,18
miku-rolling-v1,crossing_pedestrian,31,MIKU,MIKU,1,1,0,0.12695928778109428,0.31961455185396415,8.8,8.8,1.0,3.525898351133034,31.027905489970703,3.4026832907205815,0.0,1.8747542799382269,0,0,116.48649201379158,18,0,all_cycles_optimal,18,18,18,0.0,18
miku-rolling-v1,crossing_pedestrian,32,B0,B0-TimeBlind,1,1,0,0.14999997650353425,0.447728904985371,8.9,8.9,1.0,3.494558235985114,31.101568300267516,4.0000000000000195,0.0,2.52587191065459,0,0,333.92257199739106,18,1,,,,,,18
miku-rolling-v1,crossing_pedestrian,32,MIKU,MIKU,0,0,1,0.2687034088368092,0.49069148494890896,,14.0,0.619984875114113,2.135503464310677,19.219531178796093,4.0,0.0,8.356404505165983,0,1,258.878365973942,18,0,contains_nonoptimal_cycle,18,18,18,inf,18
miku-rolling-v1,crossing_pedestrian,33,B0,B0-TimeBlind,0,1,1,0.04897009073525971,0.04278248400622252,8.2,14.0,1.0,3.793421016415423,31.106052334606467,1.7184883408243528,0.0,0.8969568144848828,0,0,66.41488402965479,17,1,,,,,,17
miku-rolling-v1,crossing_pedestrian,33,MIKU,MIKU,1,1,0,0.14531396374880345,0.16020330057930993,8.3,8.3,1.0,3.7451406287151596,31.084667218335827,1.8579212355565355,0.0,1.012157492294485,0,0,67.34137705643661,17,0,all_cycles_optimal,17,17,17,0.0,17
miku-rolling-v1,crossing_pedestrian,34,B0,B0-TimeBlind,1,1,0,0.1363921211380379,0.13197617962875358,8.6,8.6,1.0,3.6160217405771564,31.097786968963543,3.700003864566811,0.0,2.0607990455599543,0,0,148.60897909966297,18,1,,,,,,18
miku-rolling-v1,crossing_pedestrian,34,MIKU,MIKU,0,1,1,0.2513310855749371,0.23858206912145907,8.9,14.0,1.0,3.5250428133919156,31.37288103918805,4.0,0.0,3.149551726177416,0,0,129.9216020561289,18,0,contains_nonoptimal_cycle,18,18,18,inf,18
miku-rolling-v1,crossing_pedestrian,35,B0,B0-TimeBlind,0,1,1,0.1347432063193591,0.3912171065480188,8.9,14.0,1.0,3.505445551285759,31.19846540644326,3.984703243103691,0.0,2.4653395639818205,0,0,113.10123995644972,18,1,,,,,,18
miku-rolling-v1,crossing_pedestrian,35,MIKU,MIKU,1,1,0,0.2108575952783453,0.4836256574624301,8.9,8.9,1.0,3.497588307422308,31.128535936058544,4.0,0.0,2.502770115554529,0,0,157.19643796910532,18,0,all_cycles_optimal,18,18,18,0.0,18
miku-rolling-v1,crossing_pedestrian,36,B0,B0-TimeBlind,0,1,1,0.14116086332020497,0.5645769371128972,9.0,14.0,1.0,3.4656972235204004,31.191275011683604,3.9598268655900313,0.0,2.1193285564756166,0,0,154.34096899116412,18,1,,,,,,18
miku-rolling-v1,crossing_pedestrian,36,MIKU,MIKU,0,0,1,0.20732875766290376,0.5802387454302365,,14.0,0.5602502654184418,1.9297509142190772,17.367758227971695,4.0,0.0,7.549503682394775,0,1,113.54477802524343,18,0,contains_nonoptimal_cycle,18,18,18,inf,18
miku-rolling-v1,crossing_pedestrian,37,B0,B0-TimeBlind,0,1,1,0.15990729558170802,0.1460865262259051,8.9,14.0,1.0,3.5079449675280716,31.22071021099984,4.0,0.0,3.492138785489006,0,0,841.637294011889,18,1,,,,,,18
miku-rolling-v1,crossing_pedestrian,37,MIKU,MIKU,0,1,1,0.31344588893743947,0.28060054417396385,8.9,14.0,1.0,3.5084158929539466,31.224901447290126,4.0,0.0,3.659598973220048,0,0,130.96670300001279,18,0,contains_nonoptimal_cycle,18,18,18,inf,18
miku-rolling-v1,crossing_pedestrian,38,B0,B0-TimeBlind,1,1,0,0.08055692456115426,0.17126056404446172,8.9,8.9,1.0,3.5189802285096805,31.318924033736156,3.633469615669127,0.0,1.9489285814032034,0,0,70.87402205797844,18,1,,,,,,18
miku-rolling-v1,crossing_pedestrian,38,MIKU,MIKU,1,1,0,0.16412655483027205,0.3598338761912208,8.9,8.9,1.0,3.5113816479355773,31.25129666662664,3.6929203336550818,0.0,1.987035412128632,0,0,79.10456997342408,18,0,all_cycles_optimal,18,18,18,0.0,18
miku-rolling-v1,crossing_pedestrian,39,B0,B0-TimeBlind,1,1,0,0.5708165734612368,0.48490473084693203,6.5,6.5,1.0,4.7790502529343035,31.063826644072975,1.3250990667149438,0.0,0.44502976159688745,0,0,35.94548092223704,13,1,,,,,,13
miku-rolling-v1,crossing_pedestrian,39,MIKU,MIKU,1,1,0,0.5708165734612368,0.48490473084693203,6.5,6.5,1.0,4.7790502529343035,31.063826644072975,1.3250990667149438,0.0,0.44502976159688745,0,0,42.24573992541991,13,0,all_cycles_optimal,13,13,13,0.0,13
miku-rolling-v1,crossing_pedestrian,40,B0,B0-TimeBlind,1,1,0,0.3424072112970964,0.37521489205810604,7.6,7.6,1.0,4.103438847347194,31.18613523983867,0.8227191298200813,0.0,0.2866542902147793,0,0,40.785671095363796,16,1,,,,,,16
miku-rolling-v1,crossing_pedestrian,40,MIKU,MIKU,1,1,0,0.3424072112970964,0.37521489205810604,7.6,7.6,1.0,4.103438847347194,31.18613523983867,0.8227191298200813,0.0,0.2866542902147793,0,0,45.10530596598983,16,0,all_cycles_optimal,16,16,16,0.0,16
miku-rolling-v1,crossing_pedestrian,41,B0,B0-TimeBlind,1,1,0,0.11775678266780298,0.14255888312490358,8.4,8.4,1.0,3.6975060941119966,31.059051190540774,2.116138246851505,0.0,1.255454397015683,0,0,125.40811693179421,17,1,,,,,,17
miku-rolling-v1,crossing_pedestrian,41,MIKU,MIKU,1,1,0,0.22026036663758175,0.2535062379654088,8.3,8.3,1.0,3.7464689800652726,31.095692534541765,2.0875327826678336,0.0,1.088441689042891,0,0,64.016919961432,17,0,all_cycles_optimal,17,17,17,0.0,17
miku-rolling-v1,crossing_pedestrian,42,B0,B0-TimeBlind,0,1,1,0.10684565844513227,0.023601574148402887,5.8,14.0,1.0,5.358349497239978,31.07842708399187,1.6218653981842754,0.0,0.5970044736088947,0,0,61.85039694537409,12,1,,,,,,12
miku-rolling-v1,crossing_pedestrian,42,MIKU,MIKU,1,1,0,0.22176914106858692,0.13310896400035707,6.8,6.8,1.0,4.575116934642198,31.110795155566947,1.8126547766828984,0.0,0.7249931602910088,0,0,58.38149503688328,14,0,all_cycles_optimal,14,14,14,0.0,14
miku-rolling-v1,crossing_pedestrian,43,B0,B0-TimeBlind,0,1,1,0.1525944370966931,0.12825793701565394,8.8,14.0,1.0,3.5259080126543236,31.027990511358052,4.0,0.0,3.0250871941725284,0,0,781.6962310753297,18,1,,,,,,18
miku-rolling-v1,crossing_pedestrian,43,MIKU,MIKU,1,1,0,0.25990678777872134,0.23662563688524701,8.0,8.0,1.0,3.8751086655370113,31.00086932429609,1.9365600869237984,0.0,0.9183348138632157,0,0,65.97145806881599,16,0,all_cycles_optimal,16,16,16,0.0,16
miku-rolling-v1,crossing_pedestrian,44,B0,B0-TimeBlind,0,1,1,0.3033274333490749,0.34582245801318134,8.9,14.0,1.0,3.5246591962371365,31.369466846510516,4.0,0.0,5.058397810878431,0,0,757.2270859673154,18,1,,,,,,18
miku-rolling-v1,crossing_pedestrian,44,MIKU,MIKU,1,1,0,0.2503618763041328,0.29410998983293835,8.7,8.7,1.0,3.593559413782997,31.263966899912074,2.7235869507451853,0.0,1.6410723506922917,0,0,220.36036604549736,18,0,all_cycles_optimal,18,18,18,0.0,18
miku-rolling-v1,crossing_pedestrian,45,B0,B0-TimeBlind,1,1,0,0.5724150144697916,0.42531267180363996,6.7,6.7,1.0,4.627644091436466,31.00521541262432,1.2380680278509042,0.0,0.4100562199785877,0,0,37.27287394576706,14,1,,,,,,14
miku-rolling-v1,crossing_pedestrian,45,MIKU,MIKU,1,1,0,0.5724150144697916,0.42531267180363996,6.7,6.7,1.0,4.627644091436466,31.00521541262432,1.2380680278509042,0.0,0.4100562199785877,0,0,41.764306981349364,14,0,all_cycles_optimal,14,14,14,0.0,14
miku-rolling-v1,crossing_pedestrian,46,B0,B0-TimeBlind,1,1,0,0.38342516650551595,0.36082532420205937,7.5,7.5,1.0,4.150507656742734,31.128807425570507,0.873821086442376,0.0,0.27422139195066014,0,0,37.661893060430884,15,1,,,,,,15
miku-rolling-v1,crossing_pedestrian,46,MIKU,MIKU,1,1,0,0.38342516650551595,0.36082532420205937,7.5,7.5,1.0,4.150507656742734,31.128807425570507,0.873821086442376,0.0,0.27422139195066014,0,0,42.72973697516136,15,0,all_cycles_optimal,15,15,15,0.0,15
miku-rolling-v1,crossing_pedestrian,47,B0,B0-TimeBlind,1,1,0,0.1571404134476082,0.1409856781136483,8.5,8.5,1.0,3.6516845159221094,31.03931838533793,2.2864848348320574,0.0,1.4368012494186835,0,0,159.37180104083382,17,1,,,,,,17
miku-rolling-v1,crossing_pedestrian,47,MIKU,MIKU,0,1,1,0.2751583257883198,0.251888236195643,8.9,14.0,1.0,3.5118596331558507,31.255550735087073,4.0,0.0,3.888107212941303,0,0,107.86890398594551,18,0,contains_nonoptimal_cycle,18,18,18,inf,18
miku-rolling-v1,crossing_pedestrian,48,B0,B0-TimeBlind,0,1,1,0.3003341852523916,0.3525557446817253,8.9,14.0,1.0,3.514840203694266,31.282077812878967,4.0,0.0,4.821466812851704,0,0,684.8975339671597,18,1,,,,,,18
miku-rolling-v1,crossing_pedestrian,48,MIKU,MIKU,1,1,0,0.08351228250796372,0.1833637503830183,8.5,8.5,1.0,3.662117163578913,31.12799589042076,1.9674231598629381,0.0,1.194385844352788,0,0,85.50443197600543,17,0,all_cycles_optimal,17,17,17,0.0,17
miku-rolling-v1,crossing_pedestrian,49,B0,B0-TimeBlind,1,1,0,0.15846693538458517,0.14485085847888288,8.7,8.7,1.0,3.6022773957851784,31.33981334333105,3.461556986303258,0.0,2.008884462310048,0,0,75.93661593273282,18,1,,,,,,18
miku-rolling-v1,crossing_pedestrian,49,MIKU,MIKU,1,1,0,0.27501465528240726,0.25793042827924456,8.8,8.8,1.0,3.5674771095635434,31.393798564159184,3.6919223851831426,0.0,2.1907045259327527,0,0,809.4141699839383,18,0,all_cycles_optimal,18,18,18,0.0,18
miku-rolling-v1,crossing_pedestrian,50,B0,B0-TimeBlind,1,1,0,0.6270940337668474,0.46816714069667253,7.6,7.6,1.0,4.082353811050264,31.025888963982005,0.7694518835100256,0.0,0.27669293161122094,0,0,39.6573810139671,16,1,,,,,,16
miku-rolling-v1,crossing_pedestrian,50,MIKU,MIKU,1,1,0,0.6270940337668474,0.46816714069667253,7.6,7.6,1.0,4.082353811050264,31.025888963982005,0.7694518835100256,0.0,0.27669293161122094,0,0,44.53272794489749,16,0,all_cycles_optimal,16,16,16,0.0,16
miku-rolling-v1,crossing_pedestrian,51,B0,B0-TimeBlind,0,1,1,0.10777313317550985,0.09796393148499632,8.8,14.0,1.0,3.5343896570554447,31.102628982087914,4.000000000000002,0.0,2.5287550965134655,0,0,110.78482508310117,18,1,,,,,,18
miku-rolling-v1,crossing_pedestrian,51,MIKU,MIKU,1,1,0,0.22764354084271884,0.24372550873008633,8.9,8.9,1.0,3.5155692164717838,31.288566026598875,4.000000000000002,0.0,2.652764359419174,0,0,534.7442040219903,18,0,all_cycles_optimal,18,18,18,0.0,18
miku-rolling-v1,crossing_pedestrian,52,B0,B0-TimeBlind,1,1,0,0.063596310710607,0.048119635866872464,6.8,6.8,1.0,4.580662434851903,31.14850455699294,1.2304540374361865,0.0,0.40473171709051736,0,0,37.290422013029456,14,1,,,,,,14
miku-rolling-v1,crossing_pedestrian,52,MIKU,MIKU,0,0,1,0.17973916129544598,0.13465106194472665,,14.0,0.6945461817342746,2.3923257370847235,21.53093163376251,4.0,0.0,3.2655922182389796,0,1,151.20095101883635,18,0,contains_nonoptimal_cycle,18,18,18,inf,18
miku-rolling-v1,crossing_pedestrian,53,B0,B0-TimeBlind,1,1,0,0.12677711489864346,0.5324370689339731,8.9,8.9,1.0,3.4867564479907656,31.032132387117816,3.9742890123068837,0.0,2.3065571863146666,0,0,127.36790004419163,18,1,,,,,,18
miku-rolling-v1,crossing_pedestrian,53,MIKU,MIKU,0,0,1,0.1920974420680981,0.597886582633587,,14.0,0.6388765284339399,2.2005747111499017,19.805172400349115,4.0,0.0,7.170085367386256,0,1,193.01473602536134,18,0,contains_nonoptimal_cycle,18,18,18,inf,18
miku-rolling-v1,crossing_pedestrian,54,B0,B0-TimeBlind,0,1,1,0.14260929475325743,0.219415235975681,8.9,14.0,1.0,3.483513082408627,31.00326643343678,4.0000000000000195,0.0,2.573888319398404,0,0,142.013844975736,18,1,,,,,,18
miku-rolling-v1,crossing_pedestrian,54,MIKU,MIKU,1,1,0,0.14818625559882834,0.24032728877532336,8.8,8.8,1.0,3.5414209196804296,31.164504093187784,3.4108464031634407,0.0,2.1104888622001874,0,0,230.2815429866314,18,0,all_cycles_optimal,18,18,18,0.0,18
miku-rolling-v1,crossing_pedestrian,55,B0,B0-TimeBlind,1,1,0,0.10692590735010418,0.18929633638527799,8.8,8.8,1.0,3.553803529152834,31.273471056544942,3.0468895517038277,0.0,2.048930516327479,0,0,185.0577279983554,18,1,,,,,,18
miku-rolling-v1,crossing_pedestrian,55,MIKU,MIKU,1,1,0,0.11178844570494244,0.21001944689132737,8.6,8.6,1.0,3.608641527327354,31.034317135015247,3.121104432897036,0.0,1.7348186627661772,0,0,89.93289293721318,18,0,all_cycles_optimal,18,18,18,0.0,18
miku-rolling-v1,crossing_pedestrian,56,B0,B0-TimeBlind,0,1,1,0.14609977621630854,0.14241571230439143,8.9,14.0,1.0,3.5109480723889734,31.247437844261864,4.0,0.0,3.358840490293103,0,0,829.6838591049891,18,1,,,,,,18
miku-rolling-v1,crossing_pedestrian,56,MIKU,MIKU,0,1,1,0.2854811383642945,0.27449968172974026,8.9,14.0,1.0,3.510815396253302,31.24625702665439,4.0,0.0,3.5275703394734816,0,0,119.61256101494655,18,0,contains_nonoptimal_cycle,18,18,18,inf,18
miku-rolling-v1,crossing_pedestrian,57,B0,B0-TimeBlind,0,1,1,0.07773555839243995,0.029796753458297798,7.3,14.0,1.0,4.255998176385164,31.0687866876117,1.3457084167596685,0.0,0.4988979583604104,0,0,50.57234602281824,15,1,,,,,,15
miku-rolling-v1,crossing_pedestrian,57,MIKU,MIKU,0,1,1,0.1728615265190081,0.14177818649235746,8.8,14.0,1.0,3.5306969268956845,31.070132956682027,4.0,0.0,3.983995446208868,0,0,71.12637802492827,18,0,contains_nonoptimal_cycle,18,18,18,inf,18
miku-rolling-v1,crossing_pedestrian,58,B0,B0-TimeBlind,1,1,0,0.14153336556767449,0.14043274260979752,8.5,8.5,1.0,3.654348899393412,31.061965644844,2.4114330818700065,0.0,1.474436329536513,0,0,157.20467106439173,17,1,,,,,,17
miku-rolling-v1,crossing_pedestrian,58,MIKU,MIKU,1,1,0,0.14153336556767449,0.15232610657932447,8.2,8.2,1.0,3.7822548801178293,31.014490016966196,1.991254684100466,0.0,1.0187381840873986,0,0,78.92703390098177,17,0,all_cycles_optimal,17,17,17,0.0,17
miku-rolling-v1,crossing_pedestrian,59,B0,B0-TimeBlind,0,1,1,0.0541078837707008,0.14256026989723183,8.9,14.0,1.0,3.516950467682203,31.30085916237161,3.77421571712007,0.0,1.90115514352988,0,0,91.78470107144676,18,1,,,,,,18
miku-rolling-v1,crossing_pedestrian,59,MIKU,MIKU,1,1,0,0.14009474452647125,0.31334644671039524,8.9,8.9,1.0,3.508907476591345,31.22927654166297,3.8408053800237507,0.0,1.9433105325373914,0,0,83.56974896742031,18,0,all_cycles_optimal,18,18,18,0.0,18
miku-rolling-v1,crossing_pedestrian,60,B0,B0-TimeBlind,1,1,0,0.2581703301275739,0.3002157337580532,6.8,6.8,1.0,4.565513433828716,31.045491350035267,1.2072375618347992,0.0,0.39709515062882816,0,0,36.926153959939256,14,1,,,,,,14
miku-rolling-v1,crossing_pedestrian,60,MIKU,MIKU,1,1,0,0.2581703301275739,0.3002157337580532,6.8,6.8,1.0,4.565513433828716,31.045491350035267,1.2072375618347992,0.0,0.39709515062882816,0,0,41.581856028642505,14,0,all_cycles_optimal,14,14,14,0.0,14
miku-rolling-v1,crossing_pedestrian,61,B0,B0-TimeBlind,0,1,1,0.07838007135122324,0.15904762056653798,8.9,14.0,1.0,3.530849553549819,31.42456102659339,3.747420708040801,0.0,2.146692956134037,0,0,96.36924605001695,18,1,,,,,,18
miku-rolling-v1,crossing_pedestrian,61,MIKU,MIKU,0,1,1,0.3280631588484985,0.44346721157025565,8.9,14.0,1.0,3.502803275589063,31.17494915274266,4.000000000000009,0.0,5.588351968479131,0,0,118.89066000003368,18,0,contains_nonoptimal_cycle,18,18,18,inf,18
miku-rolling-v1,crossing_pedestrian,62,B0,B0-TimeBlind,1,1,0,0.10743117238661015,0.02969017011264995,7.9,7.9,1.0,3.932885046113539,31.06979186429696,1.6590694967080197,0.0,0.7942081623408622,0,0,59.062065090984106,16,1,,,,,,16
miku-rolling-v1,crossing_pedestrian,62,MIKU,MIKU,1,1,0,0.22702743531302463,0.1428302745088612,8.2,8.2,1.0,3.7899925923408464,31.077939257194938,2.057258904316445,0.0,1.0778720325609805,0,0,127.72075392422266,17,0,all_cycles_optimal,17,17,17,0.0,17
miku-rolling-v1,crossing_pedestrian,63,B0,B0-TimeBlind,1,1,0,0.501184044741213,0.4191583294453955,6.9,6.9,1.0,4.511913708872806,31.132204591222358,1.1859957741636225,0.0,0.3874407889750351,0,0,38.798138906713575,14,1,,,,,,14
miku-rolling-v1,crossing_pedestrian,63,MIKU,MIKU,1,1,0,0.501184044741213,0.4191583294453955,6.9,6.9,1.0,4.511913708872806,31.132204591222358,1.1859957741636225,0.0,0.3874407889750351,0,0,42.51066403230652,14,0,all_cycles_optimal,14,14,14,0.0,14
miku-rolling-v1,crossing_pedestrian,64,B0,B0-TimeBlind,0,1,1,0.2660664799228262,0.300287989529607,8.8,14.0,1.0,3.528569637209121,31.05141280744027,4.0,0.0,4.222104820521731,0,0,683.2655510224868,18,1,,,,,,18
miku-rolling-v1,crossing_pedestrian,64,MIKU,MIKU,1,1,0,0.10963799812824915,0.17603430617781599,8.4,8.4,1.0,3.7110153849594343,31.17252923365925,2.0773449696944675,0.0,1.1258578663780814,0,0,62.31941404985264,17,0,all_cycles_optimal,17,17,17,0.0,17
miku-rolling-v1,crossing_pedestrian,65,B0,B0-TimeBlind,1,1,0,0.2565329953554653,0.22200081680766312,7.7,7.7,1.0,4.0477976264081965,31.168041723343112,0.739028747908915,0.0,0.2983088899294281,0,0,39.43632505252026,16,1,,,,,,16
miku-rolling-v1,crossing_pedestrian,65,MIKU,MIKU,1,1,0,0.2565329953554653,0.22200081680766312,7.7,7.7,1.0,4.0477976264081965,31.168041723343112,0.739028747908915,0.0,0.2983088899294281,0,0,44.48802204569802,16,0,all_cycles_optimal,16,16,16,0.0,16
miku-rolling-v1,crossing_pedestrian,66,B0,B0-TimeBlind,1,1,0,0.0843811517539516,0.18275832935304492,8.8,8.8,1.0,3.5361458680412596,31.118083638763085,3.334735082174647,0.0,1.9391220892489356,0,0,78.23164903675206,18,1,,,,,,18
miku-rolling-v1,crossing_pedestrian,66,MIKU,MIKU,0,0,1,0.28120126476126345,0.47054523651547847,,14.0,0.5943617225772456,2.047245937622441,18.42521343860197,4.0,0.0,5.965311002236068,0,1,147.25304002058692,18,0,contains_nonoptimal_cycle,18,18,18,inf,18
miku-rolling-v1,crossing_pedestrian,67,B0,B0-TimeBlind,0,1,1,0.0700896964186224,0.05575350124615232,8.5,14.0,1.0,3.6800451413826676,31.280383701752676,3.1559426476584145,0.0,1.5852178249847544,0,0,74.9151929630898,17,1,,,,,,17
miku-rolling-v1,crossing_pedestrian,67,MIKU,MIKU,0,0,1,0.23064271086965876,0.24032972208507847,,14.0,0.6675453462544492,2.2993228731314925,20.69390585818343,4.0,0.0,3.6006162803054593,0,1,145.6730309582781,18,0,contains_nonoptimal_cycle,18,18,18,inf,18
miku-rolling-v1,crossing_pedestrian,68,B0,B0-TimeBlind,0,1,1,0.06339952251274505,0.02846265570558284,7.1,14.0,1.0,4.373249638778562,31.050072435327788,1.6028985993407445,0.0,0.6212443748496295,0,0,55.374992021825165,15,1,,,,,,15
miku-rolling-v1,crossing_pedestrian,68,MIKU,MIKU,1,1,0,0.1607624883288401,0.13984675049314074,7.6,7.6,1.0,4.087919837761645,31.068190766988504,1.8287906090280932,0.0,0.7491080659409483,0,0,66.00254608201794,16,0,all_cycles_optimal,16,16,16,0.0,16
miku-rolling-v1,crossing_pedestrian,69,B0,B0-TimeBlind,1,1,0,0.15010297051623658,0.36944691651795386,9.0,9.0,1.0,3.482028740053279,31.33825866047951,4.00000000004391,0.0,3.683325177911005,0,0,1404.5578100485727,18,1,,,,,,18
miku-rolling-v1,crossing_pedestrian,69,MIKU,MIKU,0,1,1,0.20007723962658303,0.4020175452265984,9.0,14.0,1.0,3.4817008072274334,31.3353072650469,4.0000000000476605,0.0,3.787221539139532,0,0,2705.0312320061494,18,0,contains_nonoptimal_cycle,18,18,18,inf,18
miku-rolling-v1,crossing_pedestrian,70,B0,B0-TimeBlind,0,1,1,0.10527848024918862,0.062063260689310853,8.7,14.0,1.0,3.6012392685150965,31.330781636081337,3.269733689412641,0.0,1.8955046530303241,0,0,112.66909400001168,18,1,,,,,,18
miku-rolling-v1,crossing_pedestrian,70,MIKU,MIKU,1,1,0,0.2260166987237097,0.18945288665872062,8.7,8.7,1.0,3.575588817890567,31.10762271564793,3.4249920232218347,0.0,2.015891843796004,0,0,193.94238796667196,18,0,all_cycles_optimal,18,18,18,0.0,18
miku-rolling-v1,crossing_pedestrian,71,B0,B0-TimeBlind,1,1,0,0.036065106326284235,0.07897565242510832,8.7,8.7,1.0,3.6012989284880086,31.33130067784567,2.6066394844391763,0.0,1.3827736774998696,0,0,58.34964505629614,18,1,,,,,,18
miku-rolling-v1,crossing_pedestrian,71,MIKU,MIKU,1,1,0,0.10378129168580821,0.21204173970455922,8.7,8.7,1.0,3.589584134238646,31.22938196787622,2.6710373932581266,0.0,1.432275151200768,0,0,67.97814602032304,18,0,all_cycles_optimal,18,18,18,0.0,18
miku-rolling-v1,crossing_pedestrian,72,B0,B0-TimeBlind,1,1,0,0.08663451125466562,0.14516856881432746,8.7,8.7,1.0,3.580446011145472,31.149880296965602,3.429295464805484,0.0,1.917843087039474,0,0,79.29832994705066,18,1,,,,,,18
miku-rolling-v1,crossing_pedestrian,72,MIKU,MIKU,1,1,0,0.18719079749097606,0.3163827996836627,8.7,8.7,1.0,3.567792541534149,31.039795111347093,3.4644656642611507,0.0,1.9628900179296147,0,0,112.58985198219307,18,0,all_cycles_optimal,18,18,18,0.0,18
miku-rolling-v1,crossing_pedestrian,73,B0,B0-TimeBlind,1,1,0,0.15061406147615028,0.5232937718295562,8.9,8.9,1.0,3.4943072763587923,31.09933475959325,3.8562925688837875,0.0,2.256471176021065,0,0,105.54430898628198,18,1,,,,,,18
miku-rolling-v1,crossing_pedestrian,73,MIKU,MIKU,0,0,1,0.1909554634856608,0.5733951144507993,,14.0,0.5992994267837445,2.064253582270606,18.578282240435453,4.0,0.0,7.053694508418698,0,1,136.83557396871038,18,0,contains_nonoptimal_cycle,18,18,18,inf,18
miku-rolling-v1,crossing_pedestrian,74,B0,B0-TimeBlind,0,1,1,0.09513472608059984,0.16091430464445317,8.9,14.0,1.0,3.5311692293272525,31.427406141012547,3.754255901298457,0.0,1.933119982200847,0,0,120.51209501805715,18,1,,,,,,18
miku-rolling-v1,crossing_pedestrian,74,MIKU,MIKU,1,1,0,0.20195404362211128,0.34637660180671304,8.9,8.9,1.0,3.5218476473787934,31.34444406167126,3.8417811243527584,0.0,1.982506734353668,0,0,87.29848999064416,18,0,all_cycles_optimal,18,18,18,0.0,18
miku-rolling-v1,crossing_pedestrian,75,B0,B0-TimeBlind,0,1,1,0.11611619095782522,0.17101177324656927,8.8,14.0,1.0,3.561385992122483,31.340196730677853,4.0,0.0,3.3248266199185315,0,0,769.1605700238142,18,1,,,,,,18
miku-rolling-v1,crossing_pedestrian,75,MIKU,MIKU,1,1,0,0.2225464715363079,0.23660620352751463,7.8,7.8,1.0,3.985853852110868,31.089660046464772,1.5906470000581086,0.0,0.6920633987520143,0,0,58.977767039323226,16,0,all_cycles_optimal,16,16,16,0.0,16
miku-rolling-v1,crossing_pedestrian,76,B0,B0-TimeBlind,1,1,0,0.08918075037026944,0.20768193271136887,8.7,8.7,1.0,3.5737897279366684,31.091970633049012,2.626178506575911,0.0,1.697350469217913,0,0,118.37911099428311,18,1,,,,,,18
miku-rolling-v1,crossing_pedestrian,76,MIKU,MIKU,1,1,0,0.10077108867707871,0.23136665403504864,8.6,8.6,1.0,3.604991986564892,31.00293108445807,2.5200927841605347,0.0,1.536106812660457,0,0,69.57734198658727,18,0,all_cycles_optimal,18,18,18,0.0,18
miku-rolling-v1,crossing_pedestrian,77,B0,B0-TimeBlind,1,1,0,0.23720293477951038,0.2911093127229034,7.6,7.6,1.0,4.0806105353487485,31.012640068650487,0.7650478362572114,0.0,0.2759138568526082,0,0,39.447332004783675,16,1,,,,,,16
miku-rolling-v1,crossing_pedestrian,77,MIKU,MIKU,1,1,0,0.23720293477951038,0.2911093127229034,7.6,7.6,1.0,4.0806105353487485,31.012640068650487,0.7650478362572114,0.0,0.2759138568526082,0,0,44.59135895012878,16,0,all_cycles_optimal,16,16,16,0.0,16
miku-rolling-v1,crossing_pedestrian,78,B0,B0-TimeBlind,1,1,0,0.13999006652940538,0.23204828511657372,9.0,9.0,1.0,3.4934526844613583,31.441074160152226,4.00000000000002,0.0,2.58215113456135,0,0,223.28963605104946,18,1,,,,,,18
miku-rolling-v1,crossing_pedestrian,78,MIKU,MIKU,1,1,0,0.14704869519548042,0.25287882711049847,8.8,8.8,1.0,3.533363065555023,31.093594976884205,3.489167510148435,0.0,2.1509139688931227,0,0,148.6555109731853,18,0,all_cycles_optimal,18,18,18,0.0,18
miku-rolling-v1,crossing_pedestrian,79,B0,B0-TimeBlind,0,1,1,0.1083395095912476,0.036468136059452594,8.0,14.0,1.0,3.8977964964654577,31.18237197172366,1.7708529558949524,0.0,0.8120289390506283,0,0,71.74927892629057,16,1,,,,,,16
miku-rolling-v1,crossing_pedestrian,79,MIKU,MIKU,0,1,1,0.2184520693375822,0.16662037217609196,8.9,14.0,1.0,3.5240849547484707,31.364356097261393,4.0,0.0,3.641935735366377,0,0,80.73108005919494,18,0,contains_nonoptimal_cycle,18,18,18,inf,18
miku-rolling-v1,crossing_pedestrian,80,B0,B0-TimeBlind,1,1,0,0.4802641000081671,0.4695428016635316,7.5,7.5,1.0,4.150600821501525,31.12950616126144,0.8740395002564544,0.0,0.274289934291756,0,0,37.84814599202946,15,1,,,,,,15
miku-rolling-v1,crossing_pedestrian,80,MIKU,MIKU,1,1,0,0.4802641000081671,0.4695428016635316,7.5,7.5,1.0,4.150600821501525,31.12950616126144,0.8740395002564544,0.0,0.274289934291756,0,0,43.229830014752224,15,0,all_cycles_optimal,15,15,15,0.0,15
miku-rolling-v1,crossing_pedestrian,81,B0,B0-TimeBlind,1,1,0,0.10648084851668549,0.062050962323728344,8.8,8.8,1.0,3.5576586067515823,31.307395739413927,4.000000000000004,0.0,2.435582410862168,0,0,258.1988809979521,18,1,,,,,,18
miku-rolling-v1,crossing_pedestrian,81,MIKU,MIKU,1,1,0,0.22657928054164522,0.18812265635070866,8.8,8.8,1.0,3.525209389263888,31.02184262552222,4.000000000000005,0.0,2.631612573147111,0,0,808.5531229444314,18,0,all_cycles_optimal,18,18,18,0.0,18
miku-rolling-v1,crossing_pedestrian,82,B0,B0-TimeBlind,1,1,0,0.10444182500569732,0.07573319867903931,8.7,8.7,1.0,3.575931317734052,31.110602464286252,3.714293037896309,0.0,2.11248714088288,0,0,220.26814598939382,18,1,,,,,,18
miku-rolling-v1,crossing_pedestrian,82,MIKU,MIKU,1,1,0,0.2267601842235737,0.2105867081983844,8.8,8.8,1.0,3.5536391439313446,31.272024466595834,3.834407258262894,0.0,2.2269524996608148,0,0,460.95584201975726,18,0,all_cycles_optimal,18,18,18,0.0,18
miku-rolling-v1,crossing_pedestrian,83,B0,B0-TimeBlind,1,1,0,0.05882023014988613,0.08503418252094368,8.6,8.6,1.0,3.6304334108215945,31.22172733306571,2.142629745393606,0.0,1.3542363370200785,0,0,57.78259102953598,18,1,,,,,,18
miku-rolling-v1,crossing_pedestrian,83,MIKU,MIKU,0,0,1,0.24824076205258616,0.30453812416123754,,14.0,0.6891960808936423,2.3738976119669903,21.36507850770291,4.0,0.0,5.9667145945038556,0,1,102.84020894323476,18,0,contains_nonoptimal_cycle,18,18,18,inf,18
miku-rolling-v1,crossing_pedestrian,84,B0,B0-TimeBlind,1,1,0,0.08297269298090382,0.03414916095973748,7.6,7.6,1.0,4.096259427913037,31.13157165213908,0.8145863552405888,0.0,0.2870199144796615,0,0,65.58075101929717,16,1,,,,,,16
miku-rolling-v1,crossing_pedestrian,84,MIKU,MIKU,1,1,0,0.17741543325271292,0.14745181646797414,7.8,7.8,1.0,3.9888391987383245,31.11294575015893,0.8989645003359505,0.0,0.40531543872866393,0,0,91.49084897944704,16,0,all_cycles_optimal,16,16,16,0.0,16
miku-rolling-v1,crossing_pedestrian,85,B0,B0-TimeBlind,1,1,0,1.1021803483402537,0.8960058554369623,7.7,7.7,1.0,4.052042208988047,31.20072500920796,0.7506390948783627,0.0,0.29925778113593304,0,0,39.54989608610049,16,1,,,,,,16
miku-rolling-v1,crossing_pedestrian,85,MIKU,MIKU,1,1,0,1.1021803483402537,0.8960058554369623,7.7,7.7,1.0,4.052042208988047,31.20072500920796,0.7506390948783627,0.0,0.29925778113593304,0,0,44.72238398739137,16,0,all_cycles_optimal,16,16,16,0.0,16
miku-rolling-v1,crossing_pedestrian,86,B0,B0-TimeBlind,1,1,0,0.3492634870100739,0.25963893197936283,7.3,7.3,1.0,4.261102115066542,31.106045439985756,0.9881575853037879,0.0,0.31421694723493543,0,0,37.92960805003531,15,1,,,,,,15
miku-rolling-v1,crossing_pedestrian,86,MIKU,MIKU,1,1,0,0.3492634870100739,0.25963893197936283,7.3,7.3,1.0,4.261102115066542,31.106045439985756,0.9881575853037879,0.0,0.31421694723493543,0,0,42.59748096228577,15,0,all_cycles_optimal,15,15,15,0.0,15
miku-rolling-v1,crossing_pedestrian,87,B0,B0-TimeBlind,1,1,0,0.5294948693263186,0.4820803390229169,7.4,7.4,1.0,4.213123502394898,31.177113917722245,0.9512786183677606,0.0,0.30049459343201845,0,0,38.00353594124317,15,1,,,,,,15
miku-rolling-v1,crossing_pedestrian,87,MIKU,MIKU,1,1,0,0.5294948693263186,0.4820803390229169,7.4,7.4,1.0,4.213123502394898,31.177113917722245,0.9512786183677606,0.0,0.30049459343201845,0,0,43.11983997467905,15,0,all_cycles_optimal,15,15,15,0.0,15
miku-rolling-v1,crossing_pedestrian,88,B0,B0-TimeBlind,0,1,1,0.15674292906181098,0.43102147718983336,8.9,14.0,1.0,3.5003146490893084,31.152800376894845,4.000000000000002,0.0,2.7619728371307213,0,0,797.5677040230948,18,1,,,,,,18
miku-rolling-v1,crossing_pedestrian,88,MIKU,MIKU,0,0,1,0.2082260444739541,0.47029802967123174,,14.0,0.6469395859652508,2.228347463029871,20.05512716726884,4.000000000000002,0.0,2.151054717461878,0,1,389.71738796681166,18,0,contains_nonoptimal_cycle,18,18,18,inf,18
miku-rolling-v1,crossing_pedestrian,89,B0,B0-TimeBlind,1,1,0,0.07490134332587244,0.16685665959037957,8.8,8.8,1.0,3.56366839282117,31.360281856826298,3.511888576081071,0.0,2.021310328293404,0,0,100.26907792780548,18,1,,,,,,18
miku-rolling-v1,crossing_pedestrian,89,MIKU,MIKU,1,1,0,0.17473891407318892,0.35372145408526956,8.8,8.8,1.0,3.5526023166433065,31.2629003864611,3.547269660004168,0.0,2.06639557443379,0,0,88.63443791051395,18,0,all_cycles_optimal,18,18,18,0.0,18
miku-rolling-v1,crossing_pedestrian,90,B0,B0-TimeBlind,1,1,0,0.1313946641986213,0.411448975486136,8.9,8.9,1.0,3.5233212443775734,31.357559074960406,3.6061586847495155,0.0,2.153475131968458,0,0,89.32117104995996,18,1,,,,,,18
miku-rolling-v1,crossing_pedestrian,90,MIKU,MIKU,0,0,1,0.24345671605634278,0.6401441799984469,,14.0,0.5462715392858322,1.8816019698644633,16.93441772878017,3.4051399191456397,0.0,1.4413417577581538,0,1,160.03601404372603,18,0,contains_nonoptimal_cycle,18,18,18,inf,18
miku-rolling-v1,crossing_pedestrian,91,B0,B0-TimeBlind,1,1,0,0.052776263871399776,0.06685210469316959,8.6,8.6,1.0,3.6283282319971675,31.20362279517564,2.2848087069431298,0.0,1.2763101730295525,0,0,72.39012102945708,18,1,,,,,,18
miku-rolling-v1,crossing_pedestrian,91,MIKU,MIKU,1,1,0,0.12223806422871308,0.19537046526713187,8.6,8.6,1.0,3.6107243492256567,31.052229403340647,2.3688573970846516,0.0,1.3453944296921718,0,0,84.6348550694529,18,0,all_cycles_optimal,18,18,18,0.0,18
miku-rolling-v1,crossing_pedestrian,92,B0,B0-TimeBlind,0,1,1,0.09094362953120821,0.2253965450087697,9.0,14.0,1.0,3.4885557103391087,31.39700139305198,4.000000000000021,0.0,2.548502805121002,0,0,216.67765802703798,18,1,,,,,,18
miku-rolling-v1,crossing_pedestrian,92,MIKU,MIKU,0,0,1,0.16077055997805142,0.4153907683077239,,14.0,0.5246536111601382,1.8071402769560128,16.264262492604114,4.0,0.0,7.525276763527208,0,1,298.74439002014697,18,0,contains_nonoptimal_cycle,18,18,18,inf,18
miku-rolling-v1,crossing_pedestrian,93,B0,B0-TimeBlind,1,1,0,0.1508762702127943,0.23012731761616093,8.9,8.9,1.0,3.520920801857671,31.336195136533274,4.0,0.0,2.4973925632166436,0,0,85.45329901971854,18,1,,,,,,18
miku-rolling-v1,crossing_pedestrian,93,MIKU,MIKU,1,1,0,0.24537445326218923,0.3768606588109031,8.9,8.9,1.0,3.505289101444697,31.197073002857802,4.0,0.0,2.5727691563839388,0,0,542.4986019788776,18,0,all_cycles_optimal,18,18,18,0.0,18
miku-rolling-v1,crossing_pedestrian,94,B0,B0-TimeBlind,1,1,0,0.11315296456388893,0.2522226799635365,8.8,8.8,1.0,3.5587528858343545,31.317025395342323,3.0944689770677223,0.0,1.9102179295521737,0,0,72.23903201520443,18,1,,,,,,18
miku-rolling-v1,crossing_pedestrian,94,MIKU,MIKU,1,1,0,0.14753120014394538,0.30915592734645253,8.8,8.8,1.0,3.556713543837945,31.29907918577392,3.110844892047142,0.0,1.9213925283535858,0,0,106.01456096628681,18,0,all_cycles_optimal,18,18,18,0.0,18
miku-rolling-v1,crossing_pedestrian,95,B0,B0-TimeBlind,0,1,1,0.12510422250441985,0.1657759532230794,8.9,14.0,1.0,3.524856674467148,31.37122440275762,4.0,0.0,4.111589369310322,0,0,781.3496670278255,18,1,,,,,,18
miku-rolling-v1,crossing_pedestrian,95,MIKU,MIKU,0,1,1,0.14425089526327187,0.1966466246656273,8.9,14.0,1.0,3.5231672909281717,31.35618888926073,4.0,0.0,4.148605362615413,0,0,100.60201605665497,18,0,contains_nonoptimal_cycle,18,18,18,inf,18
miku-rolling-v1,crossing_pedestrian,96,B0,B0-TimeBlind,0,1,1,0.0701398355050809,0.10631464799532811,8.8,14.0,1.0,3.5659167792228796,31.380067657161344,3.278917105877939,0.0,1.9802469594659464,0,0,78.0488490127027,18,1,,,,,,18
miku-rolling-v1,crossing_pedestrian,96,MIKU,MIKU,1,1,0,0.19060434754624034,0.2568037296336515,8.8,8.8,1.0,3.551521703498027,31.25339099078264,3.345074273308204,0.0,2.047419055586342,0,0,249.63548802770674,18,0,all_cycles_optimal,18,18,18,0.0,18
miku-rolling-v1,crossing_pedestrian,97,B0,B0-TimeBlind,0,1,1,0.14701971613923387,0.4527595265352759,9.0,14.0,1.0,3.4907790295295467,31.417011265765918,4.0000000000000195,0.0,2.233452120410751,0,0,275.80861301976256,18,1,,,,,,18
miku-rolling-v1,crossing_pedestrian,97,MIKU,MIKU,1,1,0,0.17299628154745847,0.4956927084419751,8.9,8.9,1.0,3.505249612812936,31.196721554035133,3.936938641530401,0.0,2.0954640831374807,0,0,162.57831096299924,18,0,all_cycles_optimal,18,18,18,0.0,18
miku-rolling-v1,crossing_pedestrian,98,B0,B0-TimeBlind,1,1,0,0.12957297967167936,0.164402078728365,8.8,8.8,1.0,3.5279731972641004,31.046164135924087,3.44902748058246,0.0,2.2822669357622325,0,0,150.14769899426028,18,1,,,,,,18
miku-rolling-v1,crossing_pedestrian,98,MIKU,MIKU,1,1,0,0.23830473562779772,0.2758689956708738,8.7,8.7,1.0,3.5667810948831957,31.0309955254838,3.281543880672321,0.0,1.9968498330164395,0,0,207.3563509620726,18,0,all_cycles_optimal,18,18,18,0.0,18
miku-rolling-v1,crossing_pedestrian,99,B0,B0-TimeBlind,1,1,0,0.5765230582371532,0.4638620148961556,7.0,7.0,1.0,4.452255850163926,31.165790951147482,1.151147591311432,0.0,0.37350134214641295,0,0,36.95746403536759,14,1,,,,,,14
miku-rolling-v1,crossing_pedestrian,99,MIKU,MIKU,1,1,0,0.5765230582371532,0.4638620148961556,7.0,7.0,1.0,4.452255850163926,31.165790951147482,1.151147591311432,0.0,0.37350134214641295,0,0,41.680694033857435,14,0,all_cycles_optimal,14,14,14,0.0,14
miku-rolling-v1,vehicle_cut_in,0,B0,B0-TimeBlind,0,0,0,0.27353539943920246,0.4395599075674232,,15.0,0.9993546037449721,4.097353875354386,40.97353875354386,2.277243805600855,0.0,1.1321794586159108,0,1,689.5065210410394,20,1,,,,,,20
miku-rolling-v1,vehicle_cut_in,0,MIKU,MIKU,0,0,0,6.145956723205417,1.2500925945028036,,15.0,0.8568067672049889,3.5129260469035883,35.129260469035884,4.0,0.21177767100389303,4.399461142128418,0,1,3625.3466110210866,20,0,contains_nonoptimal_cycle,20,20,20,inf,20
miku-rolling-v1,vehicle_cut_in,1,B0,B0-TimeBlind,1,1,0,2.01802502969916,2.1233644996747856,8.7,8.7,1.0,4.7366378688830375,41.20874945928242,1.1944949739819337,0.0,0.3996254648568432,0,0,47.722097049700096,18,1,,,,,,18
miku-rolling-v1,vehicle_cut_in,1,MIKU,MIKU,1,1,0,2.01802502969916,2.1233644996747856,8.7,8.7,1.0,4.7366378688830375,41.20874945928242,1.1944949739819337,0.0,0.3996254648568432,0,0,53.526239964412525,18,0,all_cycles_optimal,18,18,18,0.0,18
miku-rolling-v1,vehicle_cut_in,2,B0,B0-TimeBlind,1,1,0,3.2106749190096853,2.461621537874101,8.8,8.8,1.0,4.683444081277093,41.21430791523842,1.0988062077440959,0.0,0.3989537240876665,0,0,46.74745400552638,18,1,,,,,,18
miku-rolling-v1,vehicle_cut_in,2,MIKU,MIKU,1,1,0,3.2106749190096853,2.461621537874101,8.8,8.8,1.0,4.683444081277093,41.21430791523842,1.0988062077440959,0.0,0.3989537240876665,0,0,54.96163491625339,18,0,all_cycles_optimal,18,18,18,0.0,18
miku-rolling-v1,vehicle_cut_in,3,B0,B0-TimeBlind,1,1,0,5.747326047154168,2.7426415871550307,8.0,8.0,1.0,5.142569973314364,41.14055978651491,1.6234581395669097,0.0,0.5050865465286634,0,0,43.628094979794696,16,1,,,,,,16
miku-rolling-v1,vehicle_cut_in,3,MIKU,MIKU,1,1,0,5.747326047154168,2.7426415871550307,8.0,8.0,1.0,5.142569973314364,41.14055978651491,1.6234581395669097,0.0,0.5050865465286634,0,0,47.63503302820027,16,0,all_cycles_optimal,16,16,16,0.0,16
miku-rolling-v1,vehicle_cut_in,4,B0,B0-TimeBlind,1,1,0,0.29815893852423603,1.035841155209447,8.8,8.8,1.0,4.676340087495037,41.15179276995633,1.1855134324842442,0.0,0.4307523545271083,0,0,86.25221697730012,18,1,,,,,,18
miku-rolling-v1,vehicle_cut_in,4,MIKU,MIKU,1,1,0,0.29815893852423603,1.035841155209447,8.8,8.8,1.0,4.676340087495037,41.15179276995633,1.1855134324842442,0.0,0.4307523545271083,0,0,92.24126194021665,18,0,all_cycles_optimal,18,18,18,0.0,18
miku-rolling-v1,vehicle_cut_in,5,B0,B0-TimeBlind,0,0,0,0.2716751163385833,0.7903969957302335,,15.0,0.8291569322808635,3.3995434223515395,33.995434223515396,1.5627534952849245,0.0,0.5484198247789044,0,1,207.18031004071236,20,1,,,,,,20
miku-rolling-v1,vehicle_cut_in,5,MIKU,MIKU,0,0,0,6.152237317391945,1.8855846099470637,,15.0,0.45207193910194227,1.8534949503179632,18.534949503179632,4.0,0.0,8.226907789275577,0,1,186.63681397447363,20,0,contains_nonoptimal_cycle,20,20,20,inf,20
miku-rolling-v1,vehicle_cut_in,6,B0,B0-TimeBlind,1,1,0,3.2129080520652167,2.5234057147046483,8.8,8.8,1.0,4.671345144337634,41.10783727017118,1.052034014303838,0.0,0.3939412015349083,0,0,46.38593801064417,18,1,,,,,,18
miku-rolling-v1,vehicle_cut_in,6,MIKU,MIKU,1,1,0,3.2129080520652167,2.5234057147046483,8.8,8.8,1.0,4.671345144337634,41.10783727017118,1.052034014303838,0.0,0.3939412015349083,0,0,52.126962051261216,18,0,all_cycles_optimal,18,18,18,0.0,18
miku-rolling-v1,vehicle_cut_in,7,B0,B0-TimeBlind,1,1,0,3.451356352919184,2.502020604100877,8.7,8.7,1.0,4.727104196239969,41.12580650728773,1.1606830145583156,0.0,0.39369202929941516,0,0,46.38000903651118,18,1,,,,,,18
miku-rolling-v1,vehicle_cut_in,7,MIKU,MIKU,1,1,0,3.451356352919184,2.502020604100877,8.7,8.7,1.0,4.727104196239969,41.12580650728773,1.1606830145583156,0.0,0.39369202929941516,0,0,52.207381930202246,18,0,all_cycles_optimal,18,18,18,0.0,18
miku-rolling-v1,vehicle_cut_in,8,B0,B0-TimeBlind,1,1,0,3.512409519729223,2.7098748019949364,8.8,8.8,1.0,4.661983253024946,41.025452626619526,1.0158427196773385,0.0,0.3905475681708495,0,0,47.38192705553956,18,1,,,,,,18
miku-rolling-v1,vehicle_cut_in,8,MIKU,MIKU,1,1,0,3.512409519729223,2.7098748019949364,8.8,8.8,1.0,4.661983253024946,41.025452626619526,1.0158427196773385,0.0,0.3905475681708495,0,0,53.98388294270262,18,0,all_cycles_optimal,18,18,18,0.0,18
miku-rolling-v1,vehicle_cut_in,9,B0,B0-TimeBlind,1,1,0,0.30246583038300745,0.8413892067662679,9.2,9.2,1.0,4.481009446784179,41.22528691041444,1.689042242085578,0.0,0.7450590876586155,0,0,218.12229009810835,19,1,,,,,,19
miku-rolling-v1,vehicle_cut_in,9,MIKU,MIKU,1,1,0,0.30246583038300745,0.8413892067662679,9.2,9.2,1.0,4.481009446784179,41.22528691041444,1.689042242085578,0.0,0.7450590876586155,0,0,223.86161400936544,19,0,all_cycles_optimal,19,19,19,0.0,19
miku-rolling-v1,vehicle_cut_in,10,B0,B0-TimeBlind,1,1,0,3.5333543396700495,2.485059126818211,8.6,8.6,1.0,4.792237316998058,41.213240926183296,1.2825952469877993,0.0,0.40413620328323374,0,0,46.60658905049786,18,1,,,,,,18
miku-rolling-v1,vehicle_cut_in,10,MIKU,MIKU,1,1,0,3.5333543396700495,2.485059126818211,8.6,8.6,1.0,4.792237316998058,41.213240926183296,1.2825952469877993,0.0,0.40413620328323374,0,0,52.39430407527834,18,0,all_cycles_optimal,18,18,18,0.0,18
miku-rolling-v1,vehicle_cut_in,11,B0,B0-TimeBlind,1,1,0,0.3328063786300195,0.6558982639813213,9.4,9.4,1.0,4.392746219932262,41.29181446736327,2.2470177689283513,0.0,1.04356955495537,0,0,100.59425508370623,19,1,,,,,,19
miku-rolling-v1,vehicle_cut_in,11,MIKU,MIKU,1,1,0,0.3328063786300195,0.6558982639813213,9.4,9.4,1.0,4.392746219932262,41.29181446736327,2.2470177689283513,0.0,1.04356955495537,0,0,106.81355104316026,19,0,all_cycles_optimal,19,19,19,0.0,19
miku-rolling-v1,vehicle_cut_in,12,B0,B0-TimeBlind,1,1,0,0.3145401343619838,1.0203122445835004,9.0,9.0,1.0,4.561687392945206,41.05518653650686,1.149964913233775,0.0,0.5074942163331914,0,0,92.13292400818318,18,1,,,,,,18
miku-rolling-v1,vehicle_cut_in,12,MIKU,MIKU,1,1,0,0.3145401343619838,1.0203122445835004,9.0,9.0,1.0,4.561687392945206,41.05518653650686,1.149964913233775,0.0,0.5074942163331914,0,0,98.33449311554432,18,0,all_cycles_optimal,18,18,18,0.0,18
miku-rolling-v1,vehicle_cut_in,13,B0,B0-TimeBlind,1,1,0,5.898198179550504,3.133045001998842,8.6,8.6,1.0,4.788540027747958,41.18144423863244,1.270505304602507,0.0,0.4012153256060985,0,0,45.26131306192838,18,1,,,,,,18
miku-rolling-v1,vehicle_cut_in,13,MIKU,MIKU,1,1,0,5.898198179550504,3.133045001998842,8.6,8.6,1.0,4.788540027747958,41.18144423863244,1.270505304602507,0.0,0.4012153256060985,0,0,52.75361999520101,18,0,all_cycles_optimal,18,18,18,0.0,18
miku-rolling-v1,vehicle_cut_in,14,B0,B0-TimeBlind,1,1,0,0.3087939635692667,0.6979297800157692,9.3,9.3,1.0,4.426746723616488,41.168744529633344,2.1710442300895076,0.0,0.9641662681552331,0,0,112.61778298649006,19,1,,,,,,19
miku-rolling-v1,vehicle_cut_in,14,MIKU,MIKU,1,1,0,0.3087939635692667,0.6979297800157692,9.3,9.3,1.0,4.426746723616488,41.168744529633344,2.1710442300895076,0.0,0.9641662681552331,0,0,119.67908494989388,19,0,all_cycles_optimal,19,19,19,0.0,19
miku-rolling-v1,vehicle_cut_in,15,B0,B0-TimeBlind,1,1,0,0.3076549985871804,0.7588725120022534,8.6,8.6,1.0,4.786704276752865,41.16565678007464,1.800105825797139,0.0,0.5916167439987786,0,0,94.48964407783933,18,1,,,,,,18
miku-rolling-v1,vehicle_cut_in,15,MIKU,MIKU,1,1,0,0.3076549985871804,0.7588725120022534,8.6,8.6,1.0,4.786704276752865,41.16565678007464,1.800105825797139,0.0,0.5916167439987786,0,0,101.07401999994181,18,0,all_cycles_optimal,18,18,18,0.0,18
miku-rolling-v1,vehicle_cut_in,16,B0,B0-TimeBlind,1,1,0,0.3020540430723981,1.0984081678282138,9.3,9.3,1.0,4.422525566414321,41.12948776765319,1.2373709160239041,0.0,0.6899957811282641,0,0,137.10783797432669,19,1,,,,,,19
miku-rolling-v1,vehicle_cut_in,16,MIKU,MIKU,1,1,0,0.3020540430723981,1.0984081678282138,9.3,9.3,1.0,4.422525566414321,41.12948776765319,1.2373709160239041,0.0,0.6899957811282641,0,0,144.1981219977606,19,0,all_cycles_optimal,19,19,19,0.0,19
miku-rolling-v1,vehicle_cut_in,17,B0,B0-TimeBlind,1,1,0,0.2987644759071264,0.9186125412290173,8.6,8.6,1.0,4.7723810084407035,41.04247667259005,1.343085734891112,0.0,0.43211635650512814,0,0,117.74597002658993,18,1,,,,,,18
miku-rolling-v1,vehicle_cut_in,17,MIKU,MIKU,1,1,0,0.2987644759071264,0.9186125412290173,8.6,8.6,1.0,4.7723810084407035,41.04247667259005,1.343085734891112,0.0,0.43211635650512814,0,0,119.18989804689772,18,0,all_cycles_optimal,18,18,18,0.0,18
miku-rolling-v1,vehicle_cut_in,18,B0,B0-TimeBlind,1,1,0,6.700307310250883,4.122305030756513,9.0,9.0,1.0,4.580739789399434,41.226658104594904,0.864313784048052,0.0,0.41210673989242147,0,0,49.08988100942224,18,1,,,,,,18
miku-rolling-v1,vehicle_cut_in,18,MIKU,MIKU,1,1,0,6.700307310250883,4.122305030756513,9.0,9.0,1.0,4.580739789399434,41.226658104594904,0.864313784048052,0.0,0.41210673989242147,0,0,55.00006896909326,18,0,all_cycles_optimal,18,18,18,0.0,18
miku-rolling-v1,vehicle_cut_in,19,B0,B0-TimeBlind,1,1,0,2.042446684339553,1.624567057354647,8.1,8.1,1.0,5.08204642134239,41.16457601287336,1.5819731630892362,0.0,0.48921611061596326,0,0,47.78541112318635,17,1,,,,,,17
miku-rolling-v1,vehicle_cut_in,19,MIKU,MIKU,1,1,0,2.042446684339553,1.624567057354647,8.1,8.1,1.0,5.08204642134239,41.16457601287336,1.5819731630892362,0.0,0.48921611061596326,0,0,53.13385900808498,17,0,all_cycles_optimal,17,17,17,0.0,17
miku-rolling-v1,vehicle_cut_in,20,B0,B0-TimeBlind,1,1,0,0.30377069504118825,0.7941747745355171,9.0,9.0,1.0,4.5580565418406795,41.022508876566114,1.8001949900243035,0.0,0.7062132628515443,0,0,107.98281597089954,18,1,,,,,,18
miku-rolling-v1,vehicle_cut_in,20,MIKU,MIKU,1,1,0,0.30377069504118825,0.7941747745355171,9.0,9.0,1.0,4.5580565418406795,41.022508876566114,1.8001949900243035,0.0,0.7062132628515443,0,0,114.94166392367333,18,0,all_cycles_optimal,18,18,18,0.0,18
miku-rolling-v1,vehicle_cut_in,21,B0,B0-TimeBlind,1,1,0,0.24450355700057003,0.7134424650079279,9.2,9.2,1.0,4.461778947623305,41.0483663181344,1.0209285838594802,0.0,0.5846114030643751,0,0,82.0861239626538,19,1,,,,,,19
miku-rolling-v1,vehicle_cut_in,21,MIKU,MIKU,0,0,0,13.881615152041235,3.6449863867783168,,15.0,0.5648105618769019,2.3157233036952976,23.157233036952977,4.0,0.0,8.259381251210629,0,1,161.31704891449772,20,0,contains_nonoptimal_cycle,20,20,20,inf,20
miku-rolling-v1,vehicle_cut_in,22,B0,B0-TimeBlind,1,1,0,3.0886337495580705,2.1340072250882938,8.4,8.4,1.0,4.895761553016397,41.12439704533774,1.3973742965906102,0.0,0.42449265299368233,0,0,44.36923103639856,17,1,,,,,,17
miku-rolling-v1,vehicle_cut_in,22,MIKU,MIKU,1,1,0,3.0886337495580705,2.1340072250882938,8.4,8.4,1.0,4.895761553016397,41.12439704533774,1.3973742965906102,0.0,0.42449265299368233,0,0,50.79914003727026,17,0,all_cycles_optimal,17,17,17,0.0,17
miku-rolling-v1,vehicle_cut_in,23,B0,B0-TimeBlind,0,1,1,0.35387157499202715,0.6570244388764738,9.9,15.0,1.0,4.180869543440753,41.390608480063456,4.0,0.0,3.47073832401252,0,0,878.5485179978423,20,1,,,,,,20
miku-rolling-v1,vehicle_cut_in,23,MIKU,MIKU,0,0,1,0.35387157499202715,0.6570244388764738,,15.0,0.9546059812147939,3.9138853065521166,39.13885306552117,4.0,0.0,7.5480750942905015,0,1,877.5516240275465,20,0,contains_nonoptimal_cycle,20,20,20,inf,20
miku-rolling-v1,vehicle_cut_in,24,B0,B0-TimeBlind,1,1,0,1.3325626233926524,1.6001560716195304,8.6,8.6,1.0,4.776000578023641,41.07360497100331,1.229501960137019,0.0,0.39145526687943244,0,0,48.84805082110688,18,1,,,,,,18
miku-rolling-v1,vehicle_cut_in,24,MIKU,MIKU,1,1,0,1.3325626233926524,1.6001560716195304,8.6,8.6,1.0,4.776000578023641,41.07360497100331,1.229501960137019,0.0,0.39145526687943244,0,0,54.74936499376781,18,0,all_cycles_optimal,18,18,18,0.0,18
miku-rolling-v1,vehicle_cut_in,25,B0,B0-TimeBlind,1,1,0,0.29078702076594354,0.7785788414398465,8.9,8.9,1.0,4.612528090581289,41.05150000617348,1.9557301922160708,0.0,0.7217330730319585,0,0,92.33958192635328,18,1,,,,,,18
miku-rolling-v1,vehicle_cut_in,25,MIKU,MIKU,1,1,0,0.29078702076594354,0.7785788414398465,8.9,8.9,1.0,4.612528090581289,41.05150000617348,1.9557301922160708,0.0,0.7217330730319585,0,0,100.37217792705633,18,0,all_cycles_optimal,18,18,18,0.0,18
miku-rolling-v1,vehicle_cut_in,26,B0,B0-TimeBlind,0,0,0,0.2671121560147931,0.5659735504128823,,15.0,0.8793979300008914,3.6055315130036547,36.05531513003655,2.7806150244159937,0.0,1.0269832786235604,0,1,158.2291930099018,20,1,,,,,,20
miku-rolling-v1,vehicle_cut_in,26,MIKU,MIKU,0,0,0,4.069084796010143,1.4271245024483183,,15.0,0.541939358749899,2.221955567327273,22.21955567327273,4.0,0.04942745029390372,5.082966847530185,0,1,203.21740696090274,20,0,contains_nonoptimal_cycle,20,20,20,inf,20
miku-rolling-v1,vehicle_cut_in,27,B0,B0-TimeBlind,0,0,0,0.2708147015409983,0.6956601206151264,,15.0,0.900779094478315,3.6931942873610915,36.931942873610915,2.039891654161749,0.0,0.7243850180605869,0,1,265.47880002181046,20,1,,,,,,20
miku-rolling-v1,vehicle_cut_in,27,MIKU,MIKU,0,0,0,2.6799332166081857,0.5801919171692259,,15.0,0.8466344797300166,3.4712715944699957,34.71271594469996,4.0,0.3590947850349551,8.776129298005243,0,1,246.0407549806405,20,0,contains_nonoptimal_cycle,20,20,20,inf,20
miku-rolling-v1,vehicle_cut_in,28,B0,B0-TimeBlind,0,0,0,0.946921151684847,0.7781688554658585,,15.0,0.9559503875433457,3.9193965889277167,39.193965889277166,2.721108325160362,0.0,1.680823095259741,0,1,469.43528405972756,20,1,,,,,,20
miku-rolling-v1,vehicle_cut_in,28,MIKU,MIKU,0,1,1,0.24780996425081228,0.530067091398761,10.0,15.0,1.0,4.119756317004735,41.19756317004735,4.0000000000000036,0.4567583584336091,5.951120836557235,0,0,181.61982903257012,20,0,contains_nonoptimal_cycle,20,20,20,inf,20
miku-rolling-v1,vehicle_cut_in,29,B0,B0-TimeBlind,1,1,0,5.576779613882563,3.8352731518077454,9.0,9.0,1.0,4.571514663808774,41.14363197427896,0.8409022231180051,0.0,0.41336790296881126,0,0,47.70283098332584,18,1,,,,,,18
miku-rolling-v1,vehicle_cut_in,29,MIKU,MIKU,1,1,0,5.576779613882563,3.8352731518077454,9.0,9.0,1.0,4.571514663808774,41.14363197427896,0.8409022231180051,0.0,0.41336790296881126,0,0,53.8260608445853,18,0,all_cycles_optimal,18,18,18,0.0,18
miku-rolling-v1,vehicle_cut_in,30,B0,B0-TimeBlind,0,0,0,0.2629302984498576,0.31098638076987817,,15.0,0.7751811284348958,3.178242626583073,31.78242626583073,4.000000000000009,0.0,1.8882227831213003,0,1,123.69714296073653,20,1,,,,,,20
miku-rolling-v1,vehicle_cut_in,30,MIKU,MIKU,0,0,1,0.44988567449162,0.4754961034537272,,15.0,0.630511327657096,2.585108419358133,25.851084193581332,4.0,0.2385916164092388,7.750773109756965,0,1,252.88499405723996,20,0,contains_nonoptimal_cycle,20,20,20,inf,20
miku-rolling-v1,vehicle_cut_in,31,B0,B0-TimeBlind,0,0,0,0.10154592848205812,0.28614758976004373,,15.0,0.8659423238503003,3.5503635277862315,35.503635277862315,2.7221673224537297,0.0,1.1726681992387182,0,1,371.32241201470606,20,1,,,,,,20
miku-rolling-v1,vehicle_cut_in,31,MIKU,MIKU,0,0,1,0.40570296370364256,1.1819120388058708,,15.0,0.8355491548992493,3.4257538519423347,34.25753851942335,4.0,0.0,4.3462306113880596,0,1,477.6426010939758,20,0,contains_nonoptimal_cycle,20,20,20,inf,20
miku-rolling-v1,vehicle_cut_in,32,B0,B0-TimeBlind,0,0,1,0.29832980092322003,1.2636529255790248,,15.0,0.9187747089106562,3.76697630653369,37.6697630653369,4.0,0.0,4.546708765233029,0,1,345.41753397206776,20,1,,,,,,20
miku-rolling-v1,vehicle_cut_in,32,MIKU,MIKU,0,0,1,0.29832980092322003,1.2636529255790248,,15.0,0.9187747089106562,3.76697630653369,37.6697630653369,4.0,0.0,4.546708765233029,0,1,364.6839919965714,20,0,contains_nonoptimal_cycle,20,20,20,inf,20
miku-rolling-v1,vehicle_cut_in,33,B0,B0-TimeBlind,1,1,0,0.31542668738372903,0.6489990551210953,9.3,9.3,1.0,4.4102980812145685,41.01577215529549,2.40365942445528,0.0,1.0693107330901312,0,0,121.47231595008634,19,1,,,,,,19
miku-rolling-v1,vehicle_cut_in,33,MIKU,MIKU,1,1,0,0.31542668738372903,0.6489990551210953,9.3,9.3,1.0,4.4102980812145685,41.01577215529549,2.40365942445528,0.0,1.0693107330901312,0,0,126.41629495192319,19,0,all_cycles_optimal,19,19,19,0.0,19
miku-rolling-v1,vehicle_cut_in,34,B0,B0-TimeBlind,1,1,0,0.34929832315741116,0.6915716634678415,9.1,9.1,1.0,4.512854631465076,41.066977146332185,2.005775534237617,0.0,0.8283557423518487,0,0,105.68395801237784,19,1,,,,,,19
miku-rolling-v1,vehicle_cut_in,34,MIKU,MIKU,1,1,0,0.34929832315741116,0.6915716634678415,9.1,9.1,1.0,4.512854631465076,41.066977146332185,2.005775534237617,0.0,0.8283557423518487,0,0,154.94978704373352,19,0,all_cycles_optimal,19,19,19,0.0,19
miku-rolling-v1,vehicle_cut_in,35,B0,B0-TimeBlind,0,0,0,0.08592280917940531,0.26586677787155844,,15.0,0.8760389815858821,3.591759824502117,35.91759824502117,2.828308336066824,0.0,1.0613511247266065,0,1,327.5734999915585,20,1,,,,,,20
miku-rolling-v1,vehicle_cut_in,35,MIKU,MIKU,0,0,0,1.052351244830295,0.8543499294992147,,15.0,0.8343576348662523,3.4208663029516346,34.208663029516345,4.0,0.0,4.489500338780756,0,1,363.2469010481145,20,0,contains_nonoptimal_cycle,20,20,20,inf,20
miku-rolling-v1,vehicle_cut_in,36,B0,B0-TimeBlind,1,1,0,8.816851895341603,4.480565364478036,8.8,8.8,1.0,4.676002244248847,41.14881974938986,1.0700374784931102,0.0,0.3957881271248642,0,0,44.98163392418064,18,1,,,,,,18
miku-rolling-v1,vehicle_cut_in,36,MIKU,MIKU,1,1,0,8.816851895341603,4.480565364478036,8.8,8.8,1.0,4.676002244248847,41.14881974938986,1.0700374784931102,0.0,0.3957881271248642,0,0,52.63642192585394,18,0,all_cycles_optimal,18,18,18,0.0,18
miku-rolling-v1,vehicle_cut_in,37,B0,B0-TimeBlind,1,1,0,0.2860373955441231,0.7944613365014869,8.9,8.9,1.0,4.63267708011628,41.23082601303489,1.9195698174255533,0.0,0.6927708995302851,0,0,113.1417190481443,18,1,,,,,,18
miku-rolling-v1,vehicle_cut_in,37,MIKU,MIKU,1,1,0,0.2860373955441231,0.7944613365014869,8.9,8.9,1.0,4.63267708011628,41.23082601303489,1.9195698174255533,0.0,0.6927708995302851,0,0,120.75674996594898,18,0,all_cycles_optimal,18,18,18,0.0,18
miku-rolling-v1,vehicle_cut_in,38,B0,B0-TimeBlind,1,1,0,1.4627617175604968,1.49226475033079,8.3,8.3,1.0,4.955131884830542,41.1275946440935,1.4615046355012038,0.0,0.44659867431165345,0,0,46.027895936276764,17,1,,,,,,17
miku-rolling-v1,vehicle_cut_in,38,MIKU,MIKU,1,1,0,1.4627617175604968,1.49226475033079,8.3,8.3,1.0,4.955131884830542,41.1275946440935,1.4615046355012038,0.0,0.44659867431165345,0,0,52.82572397845797,17,0,all_cycles_optimal,17,17,17,0.0,17
miku-rolling-v1,vehicle_cut_in,39,B0,B0-TimeBlind,1,1,0,1.3244873654569762,1.533116790359811,8.4,8.4,1.0,4.893031733643915,41.10146656260889,1.3896799119541825,0.0,0.42215526219472366,0,0,47.28022712515667,17,1,,,,,,17
miku-rolling-v1,vehicle_cut_in,39,MIKU,MIKU,1,1,0,1.3244873654569762,1.533116790359811,8.4,8.4,1.0,4.893031733643915,41.10146656260889,1.3896799119541825,0.0,0.42215526219472366,0,0,52.07136701210402,17,0,all_cycles_optimal,17,17,17,0.0,17
miku-rolling-v1,vehicle_cut_in,40,B0,B0-TimeBlind,0,0,0,0.2750150970180707,0.46180512219439795,,15.0,0.8438202680826339,3.459663099138799,34.59663099138799,3.696806711488333,0.0,1.5232707581775042,0,1,310.6758729845751,20,1,,,,,,20
miku-rolling-v1,vehicle_cut_in,40,MIKU,MIKU,0,0,0,1.4980646785623337,0.8650056344251298,,15.0,0.5407167270201954,2.21694227623269,22.1694227623269,4.0,0.05125822995294584,7.97741254807493,0,1,216.7776489222888,20,0,contains_nonoptimal_cycle,20,20,20,inf,20
miku-rolling-v1,vehicle_cut_in,41,B0,B0-TimeBlind,1,1,0,1.6568660133343682,1.742397198566718,8.7,8.7,1.0,4.733181112571983,41.17867567937625,1.1822353015028737,0.0,0.397442413211815,0,0,47.61928698280826,18,1,,,,,,18
miku-rolling-v1,vehicle_cut_in,41,MIKU,MIKU,1,1,0,1.6568660133343682,1.742397198566718,8.7,8.7,1.0,4.733181112571983,41.17867567937625,1.1822353015028737,0.0,0.397442413211815,0,0,54.66492200503126,18,0,all_cycles_optimal,18,18,18,0.0,18
miku-rolling-v1,vehicle_cut_in,42,B0,B0-TimeBlind,1,1,0,0.33840900682356967,0.699768854286421,8.8,8.8,1.0,4.672995012857598,41.122356113146864,1.9550454018072072,0.0,0.6973003395060987,0,0,131.17383598000742,18,1,,,,,,18
miku-rolling-v1,vehicle_cut_in,42,MIKU,MIKU,1,1,0,0.33840900682356967,0.699768854286421,8.8,8.8,1.0,4.672995012857598,41.122356113146864,1.9550454018072072,0.0,0.6973003395060987,0,0,153.0712519888766,18,0,all_cycles_optimal,18,18,18,0.0,18
miku-rolling-v1,vehicle_cut_in,43,B0,B0-TimeBlind,0,1,1,0.3168596983725527,0.7535593817009028,8.3,15.0,1.0,4.944620470453259,41.04034990476205,1.6960107784152398,0.0,0.5359240177819234,0,0,78.30302292131819,17,1,,,,,,17
miku-rolling-v1,vehicle_cut_in,43,MIKU,MIKU,0,1,1,0.3168596983725527,0.7535593817009028,8.3,15.0,1.0,4.944620470453259,41.04034990476205,1.6960107784152398,0.0,0.5359240177819234,0,0,83.5176020336803,17,0,all_cycles_optimal,17,17,17,0.0,17
miku-rolling-v1,vehicle_cut_in,44,B0,B0-TimeBlind,1,1,0,0.3871571559108702,0.8508389734291277,8.6,8.6,1.0,4.7757766177271295,41.071678912453315,1.2287696216862651,0.0,0.3912830672978008,0,0,55.3864678950049,18,1,,,,,,18
miku-rolling-v1,vehicle_cut_in,44,MIKU,MIKU,1,1,0,0.3871571559108702,0.8508389734291277,8.6,8.6,1.0,4.7757766177271295,41.071678912453315,1.2287696216862651,0.0,0.3912830672978008,0,0,94.1123319498729,18,0,all_cycles_optimal,18,18,18,0.0,18
miku-rolling-v1,vehicle_cut_in,45,B0,B0-TimeBlind,1,1,0,0.972528469270344,1.735450337684289,8.9,8.9,1.0,4.623246041410573,41.1468897685541,0.9547424512154246,0.0,0.40110395593081166,0,0,50.52007795893587,18,1,,,,,,18
miku-rolling-v1,vehicle_cut_in,45,MIKU,MIKU,1,1,0,0.972528469270344,1.735450337684289,8.9,8.9,1.0,4.623246041410573,41.1468897685541,0.9547424512154246,0.0,0.40110395593081166,0,0,56.33012097678147,18,0,all_cycles_optimal,18,18,18,0.0,18
miku-rolling-v1,vehicle_cut_in,46,B0,B0-TimeBlind,1,1,0,7.072099940727172,4.522705773539099,9.0,9.0,1.0,4.5749216334244585,41.17429470082013,0.8371557925685714,0.0,0.412823144410561,0,0,46.93449297337793,18,1,,,,,,18
miku-rolling-v1,vehicle_cut_in,46,MIKU,MIKU,1,1,0,7.072099940727172,4.522705773539099,9.0,9.0,1.0,4.5749216334244585,41.17429470082013,0.8371557925685714,0.0,0.412823144410561,0,0,53.55909201898612,18,0,all_cycles_optimal,18,18,18,0.0,18
miku-rolling-v1,vehicle_cut_in,47,B0,B0-TimeBlind,0,0,0,0.2684086453837118,0.8483593496784902,,15.0,0.8347813479885555,3.4226035267530777,34.226035267530776,1.5087100204649786,0.0,0.5117189981553737,0,1,176.17063003126532,20,1,,,,,,20
miku-rolling-v1,vehicle_cut_in,47,MIKU,MIKU,0,0,0,7.609559945368812,2.1206838350921497,,15.0,0.5483248920842987,2.24814226047335,22.4814226047335,4.0,0.09644719778550583,3.8361677314093923,0,1,299.25340294721536,20,0,contains_nonoptimal_cycle,20,20,20,inf,20
miku-rolling-v1,vehicle_cut_in,48,B0,B0-TimeBlind,1,1,0,0.29322877867642205,1.1165830640025052,8.9,8.9,1.0,4.608179317916256,41.012795929454676,1.224633298634201,0.0,0.49181477460913164,0,0,106.44681006669998,18,1,,,,,,18
miku-rolling-v1,vehicle_cut_in,48,MIKU,MIKU,1,1,0,0.29322877867642205,1.1165830640025052,8.9,8.9,1.0,4.608179317916256,41.012795929454676,1.224633298634201,0.0,0.49181477460913164,0,0,112.2603019757662,18,0,all_cycles_optimal,18,18,18,0.0,18
miku-rolling-v1,vehicle_cut_in,49,B0,B0-TimeBlind,1,1,0,0.30755369306681324,0.9935249812396932,9.1,9.1,1.0,4.507210751218456,41.01561783608795,1.310274466604052,0.0,0.6168265134230189,0,0,105.42246093973517,19,1,,,,,,19
miku-rolling-v1,vehicle_cut_in,49,MIKU,MIKU,1,1,0,0.30755369306681324,0.9935249812396932,9.1,9.1,1.0,4.507210751218456,41.01561783608795,1.310274466604052,0.0,0.6168265134230189,0,0,115.48530805157498,19,0,all_cycles_optimal,19,19,19,0.0,19
miku-rolling-v1,vehicle_cut_in,50,B0,B0-TimeBlind,0,0,0,0.29254851784969294,0.812135422397161,,15.0,0.9208806489335388,3.775610660627509,37.75610660627509,1.6009877142170523,0.0,0.5600168392630253,0,1,215.9150080406107,20,1,,,,,,20
miku-rolling-v1,vehicle_cut_in,50,MIKU,MIKU,0,0,0,6.618568588416134,1.9460377443730132,,15.0,0.608527289815563,2.494962636292716,24.94962636292716,4.0,0.031395780147703674,5.979349832851403,0,1,152.52209707978182,20,0,contains_nonoptimal_cycle,20,20,20,inf,20
miku-rolling-v1,vehicle_cut_in,51,B0,B0-TimeBlind,1,1,0,1.4594581480342512,1.836865245630147,8.8,8.8,1.0,4.684763232535613,41.2259164463134,1.1039057960921395,0.0,0.3995419793111368,0,0,49.488671065773815,18,1,,,,,,18
miku-rolling-v1,vehicle_cut_in,51,MIKU,MIKU,1,1,0,1.4594581480342512,1.836865245630147,8.8,8.8,1.0,4.684763232535613,41.2259164463134,1.1039057960921395,0.0,0.3995419793111368,0,0,55.036506964825094,18,0,all_cycles_optimal,18,18,18,0.0,18
miku-rolling-v1,vehicle_cut_in,52,B0,B0-TimeBlind,1,1,0,6.893435420303511,4.021781523533993,8.9,8.9,1.0,4.6183261773467645,41.103102978386204,0.9339019651678907,0.0,0.40045902526379745,0,0,47.03883203910664,18,1,,,,,,18
miku-rolling-v1,vehicle_cut_in,52,MIKU,MIKU,1,1,0,6.893435420303511,4.021781523533993,8.9,8.9,1.0,4.6183261773467645,41.103102978386204,0.9339019651678907,0.0,0.40045902526379745,0,0,53.56714897789061,18,0,all_cycles_optimal,18,18,18,0.0,18
miku-rolling-v1,vehicle_cut_in,53,B0,B0-TimeBlind,1,1,0,3.4222201785783355,2.6781392123688015,8.8,8.8,1.0,4.661498078459152,41.021183090440545,1.0139671269077213,0.0,0.3903834707477784,0,0,48.097854043589905,18,1,,,,,,18
miku-rolling-v1,vehicle_cut_in,53,MIKU,MIKU,1,1,0,3.4222201785783355,2.6781392123688015,8.8,8.8,1.0,4.661498078459152,41.021183090440545,1.0139671269077213,0.0,0.3903834707477784,0,0,54.10164999193512,18,0,all_cycles_optimal,18,18,18,0.0,18
miku-rolling-v1,vehicle_cut_in,54,B0,B0-TimeBlind,1,1,0,3.616265627438537,2.5996294010510774,8.7,8.7,1.0,4.714620328281478,41.01719685604885,1.1164079431702612,0.0,0.3863492176095546,0,0,46.5549360960722,18,1,,,,,,18
miku-rolling-v1,vehicle_cut_in,54,MIKU,MIKU,1,1,0,3.616265627438537,2.5996294010510774,8.7,8.7,1.0,4.714620328281478,41.01719685604885,1.1164079431702612,0.0,0.3863492176095546,0,0,53.70250897249207,18,0,all_cycles_optimal,18,18,18,0.0,18
miku-rolling-v1,vehicle_cut_in,55,B0,B0-TimeBlind,1,1,0,7.969392395988153,4.699925577638499,9.0,9.0,1.0,4.584343178698167,41.259088608283506,0.8811336864867311,0.0,0.41179885369600316,0,0,48.28571496182121,18,1,,,,,,18
miku-rolling-v1,vehicle_cut_in,55,MIKU,MIKU,1,1,0,7.969392395988153,4.699925577638499,9.0,9.0,1.0,4.584343178698167,41.259088608283506,0.8811336864867311,0.0,0.41179885369600316,0,0,52.83449596026912,18,0,all_cycles_optimal,18,18,18,0.0,18
miku-rolling-v1,vehicle_cut_in,56,B0,B0-TimeBlind,1,1,0,3.9828928988819214,2.7578827191305475,8.8,8.8,1.0,4.6835128692299275,41.214913249223365,1.0990721289115648,0.0,0.3989841988650948,0,0,47.27408190956339,18,1,,,,,,18
miku-rolling-v1,vehicle_cut_in,56,MIKU,MIKU,1,1,0,3.9828928988819214,2.7578827191305475,8.8,8.8,1.0,4.6835128692299275,41.214913249223365,1.0990721289115648,0.0,0.3989841988650948,0,0,54.07624301733449,18,0,all_cycles_optimal,18,18,18,0.0,18
miku-rolling-v1,vehicle_cut_in,57,B0,B0-TimeBlind,0,1,1,0.286331301070037,0.5726140694160609,10.0,15.0,1.0,4.141404160062947,41.414041600629474,4.000000000000551,0.0,4.171732394724455,0,0,834.7663049935363,20,1,,,,,,20
miku-rolling-v1,vehicle_cut_in,57,MIKU,MIKU,0,1,1,0.5458258772278087,1.199112927023117,10.0,15.0,1.0,4.125497748804934,41.254977488049335,4.0,0.0,4.545139026387598,0,0,161.7422129784245,20,0,contains_nonoptimal_cycle,20,20,20,inf,20
miku-rolling-v1,vehicle_cut_in,58,B0,B0-TimeBlind,1,1,0,0.29963007429346256,0.9110258871861349,9.2,9.2,1.0,4.47707728109059,41.18911098603343,1.553802805206012,0.0,0.7136041952960435,0,0,112.40557010751218,19,1,,,,,,19
miku-rolling-v1,vehicle_cut_in,58,MIKU,MIKU,1,1,0,0.29963007429346256,0.9110258871861349,9.2,9.2,1.0,4.47707728109059,41.18911098603343,1.553802805206012,0.0,0.7136041952960435,0,0,117.85946402233094,19,0,all_cycles_optimal,19,19,19,0.0,19
miku-rolling-v1,vehicle_cut_in,59,B0,B0-TimeBlind,1,1,0,8.476158494348274,4.160096475811468,8.7,8.7,1.0,4.714799732611198,41.01875767371742,1.117044215480422,0.0,0.38645119790302185,0,0,44.875182065879926,18,1,,,,,,18
miku-rolling-v1,vehicle_cut_in,59,MIKU,MIKU,1,1,0,8.476158494348274,4.160096475811468,8.7,8.7,1.0,4.714799732611198,41.01875767371742,1.117044215480422,0.0,0.38645119790302185,0,0,51.09427301795222,18,0,all_cycles_optimal,18,18,18,0.0,18
miku-rolling-v1,vehicle_cut_in,60,B0,B0-TimeBlind,1,1,0,4.5723744520154295,3.0606493207959864,8.8,8.8,1.0,4.673466678653247,41.12650677214857,1.0602354632324928,0.0,0.39476963069252335,0,0,46.28986999159679,18,1,,,,,,18
miku-rolling-v1,vehicle_cut_in,60,MIKU,MIKU,1,1,0,4.5723744520154295,3.0606493207959864,8.8,8.8,1.0,4.673466678653247,41.12650677214857,1.0602354632324928,0.0,0.39476963069252335,0,0,52.42325601284392,18,0,all_cycles_optimal,18,18,18,0.0,18
miku-rolling-v1,vehicle_cut_in,61,B0,B0-TimeBlind,1,1,0,7.571574220156215,4.209766064700709,8.9,8.9,1.0,4.619892971839834,41.117047449374525,0.940538888129318,0.0,0.40064735389509126,0,0,46.46970797330141,18,1,,,,,,18
miku-rolling-v1,vehicle_cut_in,61,MIKU,MIKU,1,1,0,7.571574220156215,4.209766064700709,8.9,8.9,1.0,4.619892971839834,41.117047449374525,0.940538888129318,0.0,0.40064735389509126,0,0,53.965466970112175,18,0,all_cycles_optimal,18,18,18,0.0,18
miku-rolling-v1,vehicle_cut_in,62,B0,B0-TimeBlind,1,1,0,0.13108378832556777,0.3026428292871712,9.8,9.8,1.0,4.2085251378268005,41.24354635070265,3.4455549893589166,0.0,1.8523914351140776,0,0,465.29152808943763,20,1,,,,,,20
miku-rolling-v1,vehicle_cut_in,62,MIKU,MIKU,1,1,0,0.12847571915018483,0.2859088477618616,9.8,9.8,1.0,4.212972614661597,41.28713162368365,3.4429388921679744,0.05069216624999633,1.8383050955684455,0,0,782.3755790595897,20,0,all_cycles_optimal,20,20,20,0.0,20
miku-rolling-v1,vehicle_cut_in,63,B0,B0-TimeBlind,1,1,0,0.13234731242610148,0.431506638449034,9.6,9.6,1.0,4.295210270228504,41.23401859419364,2.0835509953693387,0.0,1.1646645761086807,0,0,115.26859595323913,20,1,,,,,,20
miku-rolling-v1,vehicle_cut_in,63,MIKU,MIKU,0,1,1,0.8080732370484611,0.7635904684525278,9.9,15.0,1.0,4.141629386296047,41.002130924330864,4.0000000000000036,0.0,3.3857905928985925,0,0,121.92691789823584,20,0,contains_nonoptimal_cycle,20,20,20,inf,20
miku-rolling-v1,vehicle_cut_in,64,B0,B0-TimeBlind,1,1,0,3.598142573000736,2.6162657525681325,8.7,8.7,1.0,4.715184682439606,41.02210673722457,1.1184094719210012,0.0,0.38667037298277396,0,0,47.805228969082236,18,1,,,,,,18
miku-rolling-v1,vehicle_cut_in,64,MIKU,MIKU,1,1,0,3.598142573000736,2.6162657525681325,8.7,8.7,1.0,4.715184682439606,41.02210673722457,1.1184094719210012,0.0,0.38667037298277396,0,0,53.22907795198262,18,0,all_cycles_optimal,18,18,18,0.0,18
miku-rolling-v1,vehicle_cut_in,65,B0,B0-TimeBlind,1,1,0,8.071771443616313,4.702906043605843,9.0,9.0,1.0,4.57206983196876,41.14862848771884,0.8399499886359864,0.0,0.41327284437256184,0,0,46.75549699459225,18,1,,,,,,18
miku-rolling-v1,vehicle_cut_in,65,MIKU,MIKU,1,1,0,8.071771443616313,4.702906043605843,9.0,9.0,1.0,4.57206983196876,41.14862848771884,0.8399499886359864,0.0,0.41327284437256184,0,0,52.356963948113844,18,0,all_cycles_optimal,18,18,18,0.0,18
miku-rolling-v1,vehicle_cut_in,66,B0,B0-TimeBlind,1,1,0,13.362552773287337,7.203881777490593,8.9,8.9,1.0,4.607264418409697,41.004653323846306,0.8870444850018763,0.0,0.3995849304810462,0,0,44.12656102795154,18,1,,,,,,18
miku-rolling-v1,vehicle_cut_in,66,MIKU,MIKU,1,1,0,13.362552773287337,7.203881777490593,8.9,8.9,1.0,4.607264418409697,41.004653323846306,0.8870444850018763,0.0,0.3995849304810462,0,0,50.00056201242842,18,0,all_cycles_optimal,18,18,18,0.0,18
miku-rolling-v1,vehicle_cut_in,67,B0,B0-TimeBlind,0,0,0,0.27038366696138283,0.6534359240248281,,15.0,0.9029196654059322,3.7019706281643217,37.01970628164322,2.2699292958132165,0.0,0.7997954743682972,0,1,175.54692598059773,20,1,,,,,,20
miku-rolling-v1,vehicle_cut_in,67,MIKU,MIKU,0,0,0,5.401361315623738,1.1927291702334735,,15.0,0.7853400609215562,3.22012841041371,32.2012841041371,4.0,0.8848380899137683,5.514350620257459,0,1,187.36720603192225,20,0,contains_nonoptimal_cycle,20,20,20,inf,20
miku-rolling-v1,vehicle_cut_in,68,B0,B0-TimeBlind,1,1,0,1.861466381543793,2.160151432021927,8.9,8.9,1.0,4.616769418443459,41.08924782414679,0.9273075528461242,0.0,0.40028772287538344,0,0,48.870211001485586,18,1,,,,,,18
miku-rolling-v1,vehicle_cut_in,68,MIKU,MIKU,1,1,0,1.861466381543793,2.160151432021927,8.9,8.9,1.0,4.616769418443459,41.08924782414679,0.9273075528461242,0.0,0.40028772287538344,0,0,55.23955498938449,18,0,all_cycles_optimal,18,18,18,0.0,18
miku-rolling-v1,vehicle_cut_in,69,B0,B0-TimeBlind,1,1,0,6.848002947723528,4.166734031462238,8.9,8.9,1.0,4.612403341581741,41.0503897400775,0.9088129028437928,0.0,0.39989158646563927,0,0,46.40183801529929,18,1,,,,,,18
miku-rolling-v1,vehicle_cut_in,69,MIKU,MIKU,1,1,0,6.848002947723528,4.166734031462238,8.9,8.9,1.0,4.612403341581741,41.0503897400775,0.9088129028437928,0.0,0.39989158646563927,0,0,53.5089640179649,18,0,all_cycles_optimal,18,18,18,0.0,18
miku-rolling-v1,vehicle_cut_in,70,B0,B0-TimeBlind,1,1,0,3.3200215464656626,2.081685670263655,8.1,8.1,1.0,5.0777123650470015,41.12947015688071,1.5719205311014857,0.0,0.4861073918764191,0,0,49.37963807606138,17,1,,,,,,17
miku-rolling-v1,vehicle_cut_in,70,MIKU,MIKU,1,1,0,3.3200215464656626,2.081685670263655,8.1,8.1,1.0,5.0777123650470015,41.12947015688071,1.5719205311014857,0.0,0.4861073918764191,0,0,52.02519509475678,17,0,all_cycles_optimal,17,17,17,0.0,17
miku-rolling-v1,vehicle_cut_in,71,B0,B0-TimeBlind,0,0,0,0.1704904595407561,0.4466658537045049,,15.0,0.9618789429737021,3.9437036661921794,39.437036661921795,3.585903872235267,0.0,1.9408607853014017,0,1,611.6603741247673,20,1,,,,,,20
miku-rolling-v1,vehicle_cut_in,71,MIKU,MIKU,0,0,1,0.23871165161268948,0.5047542332039127,,15.0,0.9995457239775467,4.098199112948534,40.981991129485344,4.0,0.4542238625778529,4.651598219835646,0,1,143.22119814460166,20,0,contains_nonoptimal_cycle,20,20,20,inf,20
miku-rolling-v1,vehicle_cut_in,72,B0,B0-TimeBlind,0,0,0,0.07938291346089343,0.17265479493141397,,15.0,0.8747522017381278,3.586484027126324,35.86484027126324,3.8425551262600925,0.0,1.9041603854502251,0,1,243.19939999259077,20,1,,,,,,20
miku-rolling-v1,vehicle_cut_in,72,MIKU,MIKU,0,0,1,0.2886713602923514,0.7227774153801554,,15.0,0.8620311962003167,3.5343279044212985,35.343279044212984,4.0,0.0,4.538221623088605,0,1,634.6765049966052,20,0,contains_nonoptimal_cycle,20,20,20,inf,20
miku-rolling-v1,vehicle_cut_in,73,B0,B0-TimeBlind,1,1,0,2.5014613231432943,1.987019621611897,8.3,8.3,1.0,4.942807959822015,41.025306066522724,1.4290592349453315,0.0,0.43668418424337435,0,0,44.9280300817918,17,1,,,,,,17
miku-rolling-v1,vehicle_cut_in,73,MIKU,MIKU,1,1,0,2.5014613231432943,1.987019621611897,8.3,8.3,1.0,4.942807959822015,41.025306066522724,1.4290592349453315,0.0,0.43668418424337435,0,0,50.57309995754622,17,0,all_cycles_optimal,17,17,17,0.0,17
miku-rolling-v1,vehicle_cut_in,74,B0,B0-TimeBlind,1,1,0,0.3209218596512944,0.7192759076874607,9.2,9.2,1.0,4.471182053414769,41.134874891415876,1.9862133296806406,0.0,0.8554021173373124,0,0,119.83408697415143,19,1,,,,,,19
miku-rolling-v1,vehicle_cut_in,74,MIKU,MIKU,1,1,0,0.3209218596512944,0.7192759076874607,9.2,9.2,1.0,4.471182053414769,41.134874891415876,1.9862133296806406,0.0,0.8554021173373124,0,0,128.71807898045518,19,0,all_cycles_optimal,19,19,19,0.0,19
miku-rolling-v1,vehicle_cut_in,75,B0,B0-TimeBlind,1,1,0,4.5931986400904705,3.017399991184643,8.7,8.7,1.0,4.714938277683846,41.019963015849456,1.117535577052203,0.0,0.38653002420707194,0,0,46.437120996415615,18,1,,,,,,18
miku-rolling-v1,vehicle_cut_in,75,MIKU,MIKU,1,1,0,4.5931986400904705,3.017399991184643,8.7,8.7,1.0,4.714938277683846,41.019963015849456,1.117535577052203,0.0,0.38653002420707194,0,0,51.58209300134331,18,0,all_cycles_optimal,18,18,18,0.0,18
miku-rolling-v1,vehicle_cut_in,76,B0,B0-TimeBlind,1,1,0,1.4750504344431352,1.545825975267068,8.3,8.3,1.0,4.955538132733246,41.13096650168595,1.4625741710525137,0.0,0.4469254972024012,0,0,45.25020704022609,17,1,,,,,,17
miku-rolling-v1,vehicle_cut_in,76,MIKU,MIKU,1,1,0,1.4750504344431352,1.545825975267068,8.3,8.3,1.0,4.955538132733246,41.13096650168595,1.4625741710525137,0.0,0.4469254972024012,0,0,51.509812008589506,17,0,all_cycles_optimal,17,17,17,0.0,17
miku-rolling-v1,vehicle_cut_in,77,B0,B0-TimeBlind,1,1,0,4.127005917114006,3.0664750174977637,8.9,8.9,1.0,4.616335666265075,41.08538742975917,0.9254701837431412,0.0,0.4002428054491913,0,0,48.48863004008308,18,1,,,,,,18
miku-rolling-v1,vehicle_cut_in,77,MIKU,MIKU,1,1,0,4.127005917114006,3.0664750174977637,8.9,8.9,1.0,4.616335666265075,41.08538742975917,0.9254701837431412,0.0,0.4002428054491913,0,0,52.851195039693266,18,0,all_cycles_optimal,18,18,18,0.0,18
miku-rolling-v1,vehicle_cut_in,78,B0,B0-TimeBlind,1,1,0,5.605889058179997,2.910508699651029,8.4,8.4,1.0,4.902763658529376,41.183214731646764,1.417110728101326,0.0,0.4304881621340795,0,0,42.93361405143514,17,1,,,,,,17
miku-rolling-v1,vehicle_cut_in,78,MIKU,MIKU,1,1,0,5.605889058179997,2.910508699651029,8.4,8.4,1.0,4.902763658529376,41.183214731646764,1.417110728101326,0.0,0.4304881621340795,0,0,49.74548504105769,17,0,all_cycles_optimal,17,17,17,0.0,17
miku-rolling-v1,vehicle_cut_in,79,B0,B0-TimeBlind,1,1,0,3.190619923329997,2.251923857462467,8.4,8.4,1.0,4.887400151321531,41.05416127110086,1.373806495223061,0.0,0.4173332549818655,0,0,45.33303593052551,17,1,,,,,,17
miku-rolling-v1,vehicle_cut_in,79,MIKU,MIKU,1,1,0,3.190619923329997,2.251923857462467,8.4,8.4,1.0,4.887400151321531,41.05416127110086,1.373806495223061,0.0,0.4173332549818655,0,0,50.42904400033876,17,0,all_cycles_optimal,17,17,17,0.0,17
miku-rolling-v1,vehicle_cut_in,80,B0,B0-TimeBlind,0,0,0,0.263213400175653,0.5737390996762565,,15.0,0.8068069623466989,3.3079085456214656,33.079085456214656,2.533768554780754,0.0,0.9508433522231065,0,1,128.53350202203728,20,1,,,,,,20
miku-rolling-v1,vehicle_cut_in,80,MIKU,MIKU,0,0,0,3.7989892797405442,1.377680147646821,,15.0,0.47563151603703163,1.950089215825591,19.50089215825591,4.0,0.0,5.423440558006634,0,1,182.09257000125945,20,0,contains_nonoptimal_cycle,20,20,20,inf,20
miku-rolling-v1,vehicle_cut_in,81,B0,B0-TimeBlind,1,1,0,0.18426041548311364,0.6831876831757231,9.5,9.5,1.0,4.332945387176989,41.1629811781814,1.623254970027038,0.0,0.9351917969957926,0,0,118.89033496845514,19,1,,,,,,19
miku-rolling-v1,vehicle_cut_in,81,MIKU,MIKU,1,1,0,0.18426041548311364,0.6831876831757231,9.5,9.5,1.0,4.332945387176989,41.1629811781814,1.623254970027038,0.0,0.9351917969957926,0,0,125.60540909180418,19,0,all_cycles_optimal,19,19,19,0.0,19
miku-rolling-v1,vehicle_cut_in,82,B0,B0-TimeBlind,1,1,0,3.0141161300077863,2.4738297943980316,8.8,8.8,1.0,4.669977188930805,41.095799262591086,1.0467457583830189,0.0,0.39341858124063234,0,0,46.877416025381535,18,1,,,,,,18
miku-rolling-v1,vehicle_cut_in,82,MIKU,MIKU,1,1,0,3.0141161300077863,2.4738297943980316,8.8,8.8,1.0,4.669977188930805,41.095799262591086,1.0467457583830189,0.0,0.39341858124063234,0,0,52.893487038090825,18,0,all_cycles_optimal,18,18,18,0.0,18
miku-rolling-v1,vehicle_cut_in,83,B0,B0-TimeBlind,1,1,0,9.35160756558385,3.966977661074209,8.4,8.4,1.0,4.8994828803046575,41.15565619455913,1.4078633874815618,0.0,0.4276790162568183,0,0,41.97917602141388,17,1,,,,,,17
miku-rolling-v1,vehicle_cut_in,83,MIKU,MIKU,1,1,0,9.35160756558385,3.966977661074209,8.4,8.4,1.0,4.8994828803046575,41.15565619455913,1.4078633874815618,0.0,0.4276790162568183,0,0,47.430523874936625,17,0,all_cycles_optimal,17,17,17,0.0,17
miku-rolling-v1,vehicle_cut_in,84,B0,B0-TimeBlind,1,1,0,0.30647188977792084,1.168088261468969,9.2,9.2,1.0,4.4863172314990205,41.27411852979099,1.0936241412125933,0.0,0.5869502556226098,0,0,107.18397202435881,19,1,,,,,,19
miku-rolling-v1,vehicle_cut_in,84,MIKU,MIKU,0,0,0,10.427657800358368,2.9197096584354143,,15.0,0.5757995778434337,2.3607782726999007,23.60778272699901,4.0,0.0,8.25907826971609,0,1,153.9149140007794,20,0,contains_nonoptimal_cycle,20,20,20,inf,20
miku-rolling-v1,vehicle_cut_in,85,B0,B0-TimeBlind,0,0,0,0.33553184579427686,0.7892441778378102,,15.0,0.9727583359178759,3.988309177263291,39.88309177263291,1.2703055370135434,0.0,0.7128408560379099,0,1,211.6777940245811,20,1,,,,,,20
miku-rolling-v1,vehicle_cut_in,85,MIKU,MIKU,0,0,0,5.742139518820199,1.9469673878099758,,15.0,0.5900481481661548,2.4191974726577223,24.19197472657722,4.0,0.0,7.184987495706999,0,1,194.80387697694823,20,0,contains_nonoptimal_cycle,20,20,20,inf,20
miku-rolling-v1,vehicle_cut_in,86,B0,B0-TimeBlind,1,1,0,0.3209576852193461,0.7168872761905972,8.7,8.7,1.0,4.720681684320091,41.06993065358479,1.9470209318172023,0.0,0.6732114993564724,0,0,89.25848000217229,18,1,,,,,,18
miku-rolling-v1,vehicle_cut_in,86,MIKU,MIKU,1,1,0,0.3209576852193461,0.7168872761905972,8.7,8.7,1.0,4.720681684320091,41.06993065358479,1.9470209318172023,0.0,0.6732114993564724,0,0,96.04034994845279,18,0,all_cycles_optimal,18,18,18,0.0,18
miku-rolling-v1,vehicle_cut_in,87,B0,B0-TimeBlind,1,1,0,5.106752822772771,2.5930607333992053,8.1,8.1,1.0,5.082619481151173,41.1692177973245,1.5833023473388173,0.0,0.4896271532155554,0,0,43.463268055347726,17,1,,,,,,17
miku-rolling-v1,vehicle_cut_in,87,MIKU,MIKU,1,1,0,5.106752822772771,2.5930607333992053,8.1,8.1,1.0,5.082619481151173,41.1692177973245,1.5833023473388173,0.0,0.4896271532155554,0,0,48.99902403121814,17,0,all_cycles_optimal,17,17,17,0.0,17
miku-rolling-v1,vehicle_cut_in,88,B0,B0-TimeBlind,0,0,0,0.2819872754129129,0.7625057052580532,,15.0,0.8961353869093739,3.674155086328433,36.74155086328433,1.7169126520798768,0.0,0.6064466630926441,0,1,219.08096605329774,20,1,,,,,,20
miku-rolling-v1,vehicle_cut_in,88,MIKU,MIKU,0,0,0,5.997279441749322,1.817303600481808,,15.0,0.5898919953699443,2.4185629984104593,24.185629984104594,4.0,0.07875507569530438,3.6509927403512212,0,1,344.8303010663949,20,0,contains_nonoptimal_cycle,20,20,20,inf,20
miku-rolling-v1,vehicle_cut_in,89,B0,B0-TimeBlind,1,1,0,2.5153189057455716,1.8611416215149181,8.0,8.0,1.0,5.130238340456838,41.041906723654705,1.5964978624359425,0.0,0.4966987272276006,0,0,42.98639000626281,16,1,,,,,,16
miku-rolling-v1,vehicle_cut_in,89,MIKU,MIKU,1,1,0,2.5153189057455716,1.8611416215149181,8.0,8.0,1.0,5.130238340456838,41.041906723654705,1.5964978624359425,0.0,0.4966987272276006,0,0,48.57868203544058,16,0,all_cycles_optimal,16,16,16,0.0,16
miku-rolling-v1,vehicle_cut_in,90,B0,B0-TimeBlind,1,1,0,3.6246800969731474,2.2234680169854366,8.2,8.2,1.0,5.014634289180452,41.120001171279704,1.5165492212113532,0.0,0.4661818795222432,0,0,43.92089805332944,17,1,,,,,,17
miku-rolling-v1,vehicle_cut_in,90,MIKU,MIKU,1,1,0,3.6246800969731474,2.2234680169854366,8.2,8.2,1.0,5.014634289180452,41.120001171279704,1.5165492212113532,0.0,0.4661818795222432,0,0,49.51378997066058,17,0,all_cycles_optimal,17,17,17,0.0,17
miku-rolling-v1,vehicle_cut_in,91,B0,B0-TimeBlind,0,0,1,0.2884024595589807,0.8210895979741271,,15.0,0.8025712895563937,3.290542287181214,32.90542287181214,4.0,0.0,4.963839660930681,0,1,426.499574969057,20,1,,,,,,20
miku-rolling-v1,vehicle_cut_in,91,MIKU,MIKU,0,0,1,0.2884024595589807,0.8210895979741271,,15.0,0.8025712895563937,3.290542287181214,32.90542287181214,4.0,0.0,4.963839660930681,0,1,449.0546030574478,20,0,contains_nonoptimal_cycle,20,20,20,inf,20
miku-rolling-v1,vehicle_cut_in,92,B0,B0-TimeBlind,0,0,0,0.2696009110643782,0.6853541337982523,,15.0,0.8216569787192657,3.368793612748989,33.68793612748989,1.8892209215956928,0.0,0.6852043518451504,0,1,167.99321194412187,20,1,,,,,,20
miku-rolling-v1,vehicle_cut_in,92,MIKU,MIKU,0,0,0,4.797718085935617,1.187268794154116,,15.0,0.7040898607565651,2.8870479892514953,28.870479892514954,4.0,0.7080235452398812,3.7927457611966333,0,1,245.69698801496997,20,0,contains_nonoptimal_cycle,20,20,20,inf,20
miku-rolling-v1,vehicle_cut_in,93,B0,B0-TimeBlind,1,1,0,0.7129503594394198,1.0135503332539546,8.2,8.2,1.0,5.012892684874487,41.10572001597079,1.5122519844857885,0.0,0.4648609240880764,0,0,45.04796795663424,17,1,,,,,,17
miku-rolling-v1,vehicle_cut_in,93,MIKU,MIKU,1,1,0,0.7129503594394198,1.0135503332539546,8.2,8.2,1.0,5.012892684874487,41.10572001597079,1.5122519844857885,0.0,0.4648609240880764,0,0,50.62448201351799,17,0,all_cycles_optimal,17,17,17,0.0,17
miku-rolling-v1,vehicle_cut_in,94,B0,B0-TimeBlind,1,1,0,0.3023252718546914,0.9028910059309976,8.8,8.8,1.0,4.677119614076151,41.15865260387013,1.4161175651606652,0.0,0.5042318587323363,0,0,80.24594400194474,18,1,,,,,,18
miku-rolling-v1,vehicle_cut_in,94,MIKU,MIKU,1,1,0,0.3023252718546914,0.9028910059309976,8.8,8.8,1.0,4.677119614076151,41.15865260387013,1.4161175651606652,0.0,0.5042318587323363,0,0,85.89085095445625,18,0,all_cycles_optimal,18,18,18,0.0,18
miku-rolling-v1,vehicle_cut_in,95,B0,B0-TimeBlind,1,1,0,0.3540988994952272,0.6958345376100743,8.5,8.5,1.0,4.842353734319625,41.16000674171681,1.888355809313396,0.0,0.615383488811273,0,0,83.83598201908171,17,1,,,,,,17
miku-rolling-v1,vehicle_cut_in,95,MIKU,MIKU,1,1,0,0.3540988994952272,0.6958345376100743,8.5,8.5,1.0,4.842353734319625,41.16000674171681,1.888355809313396,0.0,0.615383488811273,0,0,89.70419695833698,17,0,all_cycles_optimal,17,17,17,0.0,17
miku-rolling-v1,vehicle_cut_in,96,B0,B0-TimeBlind,0,1,1,0.4161512189426624,0.6382380452881203,9.9,15.0,1.0,4.165913754299259,41.24254616756267,4.0,0.0,3.2355252893177826,0,0,834.6099501068238,20,1,,,,,,20
miku-rolling-v1,vehicle_cut_in,96,MIKU,MIKU,0,1,1,0.4161512189426624,0.6382380452881203,9.9,15.0,1.0,4.165913754299259,41.24254616756267,4.0,0.0,3.2355252893177826,0,0,843.627010966884,20,0,contains_nonoptimal_cycle,20,20,20,inf,20
miku-rolling-v1,vehicle_cut_in,97,B0,B0-TimeBlind,1,1,0,0.28708124086681,0.7735091828261474,9.3,9.3,1.0,4.43052596727914,41.203891495696,1.1384767067248025,0.0,0.6603780337766613,0,0,76.68168796226382,19,1,,,,,,19
miku-rolling-v1,vehicle_cut_in,97,MIKU,MIKU,1,1,0,0.28708124086681,0.7735091828261474,9.3,9.3,1.0,4.43052596727914,41.203891495696,1.1384767067248025,0.0,0.6603780337766613,0,0,82.49056796194054,19,0,all_cycles_optimal,19,19,19,0.0,19
miku-rolling-v1,vehicle_cut_in,98,B0,B0-TimeBlind,0,1,1,0.34808223114535064,0.7980463322420085,9.0,15.0,1.0,4.571713215326673,41.14541893794006,1.4847912207481122,0.0,0.5997152231594021,0,0,168.92809490673244,18,1,,,,,,18
miku-rolling-v1,vehicle_cut_in,98,MIKU,MIKU,0,1,1,0.7701014975612948,0.80592754133124,9.9,15.0,1.0,4.172395956518575,41.306719969533894,4.0,0.0,3.6515417485256485,0,0,183.3929310378153,20,0,contains_nonoptimal_cycle,20,20,20,inf,20
miku-rolling-v1,vehicle_cut_in,99,B0,B0-TimeBlind,0,1,1,0.3496184230497832,0.7415201357849514,9.9,15.0,1.0,4.1550547956701775,41.13504247713476,4.0,0.0,3.8325123879610565,0,0,768.6623509798665,20,1,,,,,,20
miku-rolling-v1,vehicle_cut_in,99,MIKU,MIKU,0,0,1,0.3496184230497832,0.7415201357849514,,15.0,0.7952210932432647,3.260406482297385,32.60406482297385,4.0,0.0,3.432010308123263,0,1,816.5420480363537,20,0,contains_nonoptimal_cycle,20,20,20,inf,20
miku-rolling-v1,parked_and_oncoming,0,B0,B0-TimeBlind,1,1,0,0.26455058033035517,0.5599048234006127,9.5,9.5,1.0,4.976421237657451,47.27600175774579,2.22213413414359,1.5484187922895336,0.7355648496077197,0,0,72.40866092615761,19,1,,,,,,19
miku-rolling-v1,parked_and_oncoming,0,MIKU,MIKU,1,1,0,0.21402654222144024,0.461006046582498,9.5,9.5,1.0,4.976056694049287,47.27253859346823,2.22213413414359,1.4818014713932008,0.7355648496077197,0,0,85.83865503896959,19,0,all_cycles_optimal,19,19,19,0.0,19
miku-rolling-v1,parked_and_oncoming,1,B0,B0-TimeBlind,1,1,0,0.040796068489234116,0.4468302796539291,9.5,9.5,1.0,4.987748942658904,47.38361495525959,2.158024638686022,2.683326780500096,0.7110830495916778,0,0,71.79695996455848,19,1,,,,,,19
miku-rolling-v1,parked_and_oncoming,1,MIKU,MIKU,0,0,1,0.1773197575133248,0.24224924211154023,,15.0,0.9823955143166981,4.623812612146158,46.238126121461576,4.0,2.0534947675135395,5.1553060175489405,0,1,213.1385660613887,20,0,contains_nonoptimal_cycle,20,20,20,inf,20
miku-rolling-v1,parked_and_oncoming,2,B0,B0-TimeBlind,0,0,0,0.29611098165859806,0.515160906909065,,15.0,0.8967900939619916,4.2194259635643405,42.194259635643405,4.000000000000099,2.1738009282999315,2.7240775249258613,0,1,295.22672307211906,20,1,,,,,,20
miku-rolling-v1,parked_and_oncoming,2,MIKU,MIKU,0,0,1,0.22391050236429733,0.3427897758364231,,15.0,0.6421448342710679,3.0218410684804757,30.21841068480476,4.0,1.7951912395397684,8.990601905924041,0,1,245.20950598525815,20,0,contains_nonoptimal_cycle,20,20,20,inf,20
miku-rolling-v1,parked_and_oncoming,3,B0,B0-TimeBlind,0,0,0,0.6166236773427609,3.399889133737446,,15.0,0.15340503376147785,0.7214945398325378,7.214945398325377,3.8517060119935054,0.31465798938528655,2.0841162456940436,0,1,335.2783780719619,20,1,,,,,,20
miku-rolling-v1,parked_and_oncoming,3,MIKU,MIKU,0,0,0,0.5196786629411927,2.0696425768734343,,15.0,0.22630635395644194,1.0642916102438154,10.642916102438154,3.2707888510220022,0.37847228676468364,1.706674423346936,0,1,310.85443097981624,20,0,all_cycles_optimal,20,20,20,0.0,20
miku-rolling-v1,parked_and_oncoming,4,B0,B0-TimeBlind,1,1,0,0.12995963559407353,0.48356433656299214,9.4,9.4,1.0,5.013699378967632,47.12877416229574,1.975074031224186,2.725865710437708,0.6801601298750601,0,0,75.66959504038095,19,1,,,,,,19
miku-rolling-v1,parked_and_oncoming,4,MIKU,MIKU,1,1,0,0.18785238652781322,0.3858086014512184,9.4,9.4,1.0,5.013320471933173,47.12521243617182,1.975074031224186,2.659971389508899,0.6801601298750601,0,0,95.93202595715411,19,0,all_cycles_optimal,19,19,19,0.0,19
miku-rolling-v1,parked_and_oncoming,5,B0,B0-TimeBlind,0,0,1,0.2527959948858797,0.4405122271578063,,15.0,0.5596817374769262,2.634872758116827,26.348727581168273,4.000000000000031,2.689350080398665,2.279894255621053,0,1,317.3730890266597,20,1,,,,,,20
miku-rolling-v1,parked_and_oncoming,5,MIKU,MIKU,0,0,1,0.2363071757092361,0.269557489660157,,15.0,0.6369308121304134,2.997719421243782,29.97719421243782,4.0,3.4930746403625195,6.314085743192064,0,1,293.2382129947655,20,0,contains_nonoptimal_cycle,20,20,20,inf,20
miku-rolling-v1,parked_and_oncoming,6,B0,B0-TimeBlind,0,0,1,0.30120116111523343,0.40760577979145635,,15.0,0.42715227714768367,2.013050238434502,20.13050238434502,4.0,2.7954649987301714,6.966033101465954,0,1,324.6143919241149,20,1,,,,,,20
miku-rolling-v1,parked_and_oncoming,6,MIKU,MIKU,0,0,1,0.1819016898911722,0.3402475892237453,,15.0,0.7836415552649594,3.690349242589985,36.90349242589985,4.0,1.4398387077286232,5.364442117165894,0,1,158.4935829450842,20,0,contains_nonoptimal_cycle,20,20,20,inf,20
miku-rolling-v1,parked_and_oncoming,7,B0,B0-TimeBlind,0,0,0,0.6692813357085123,0.4479159118417792,,15.0,0.3929828168271072,1.8499837755278061,18.49983775527806,4.0,1.9904953455028995,6.808644991330867,0,1,510.81315396004356,20,1,,,,,,20
miku-rolling-v1,parked_and_oncoming,7,MIKU,MIKU,0,0,1,0.2538955938437284,0.273805909345423,,15.0,0.8505738134141544,4.004327348911238,40.04327348911238,4.00000000058675,5.019045543251452,4.385628377304863,0,1,594.1629520384595,20,0,contains_nonoptimal_cycle,20,20,20,inf,20
miku-rolling-v1,parked_and_oncoming,8,B0,B0-TimeBlind,0,0,0,0.2643910982638107,0.3833232362767896,,15.0,0.3459070818478329,1.6295920351756805,16.295920351756806,3.879040519977933,2.0660313852616636,1.898947589777095,0,1,394.56516702193767,20,1,,,,,,20
miku-rolling-v1,parked_and_oncoming,8,MIKU,MIKU,0,0,1,0.1798384652423759,0.26079976053426857,,15.0,0.4189508744683366,1.9739146281696325,19.739146281696325,4.0,2.0140218519502593,9.51742423816792,0,1,200.6931519426871,20,0,contains_nonoptimal_cycle,20,20,20,inf,20
miku-rolling-v1,parked_and_oncoming,9,B0,B0-TimeBlind,0,0,1,0.27394724359105294,0.318634734586923,,15.0,0.536369414942899,2.527738924906921,25.277389249069213,4.0,4.296271216595136,4.128764923374766,0,1,334.56902191392146,20,1,,,,,,20
miku-rolling-v1,parked_and_oncoming,9,MIKU,MIKU,0,0,1,0.24637803662251426,0.224980590660592,,15.0,0.6067006429156325,2.8570953043260947,28.570953043260946,4.0,3.4515645858875916,7.2799899245281186,0,1,270.5421279533766,20,0,contains_nonoptimal_cycle,20,20,20,inf,20
miku-rolling-v1,parked_and_oncoming,10,B0,B0-TimeBlind,0,1,1,0.15879593282220617,0.6621963374485698,9.5,15.0,1.0,4.964435796205322,47.16214006395056,2.2968249481818717,1.6939991304046267,0.7650532223910406,0,0,75.41412493446842,19,1,,,,,,19
miku-rolling-v1,parked_and_oncoming,10,MIKU,MIKU,0,0,1,0.17553567115686966,0.4215002294748581,,15.0,0.5612324395724181,2.6438403840332474,26.438403840332473,4.0,0.9896584369614937,5.7095385445828795,0,1,122.32241209130734,20,0,contains_nonoptimal_cycle,20,20,20,inf,20
miku-rolling-v1,parked_and_oncoming,11,B0,B0-TimeBlind,1,1,0,0.12597141865142714,0.48255440089295415,9.3,9.3,1.0,5.076255528012048,47.20917641051205,1.6278920960187684,3.348055277232542,0.5928920941437726,0,0,75.47154606436379,19,1,,,,,,19
miku-rolling-v1,parked_and_oncoming,11,MIKU,MIKU,1,1,0,0.18272506557759804,0.3868336883199605,9.3,9.3,1.0,5.07583261495728,47.205243319102706,1.6278920960187684,3.2847707855305637,0.5928920941437726,0,0,91.93910995963961,19,0,all_cycles_optimal,19,19,19,0.0,19
miku-rolling-v1,parked_and_oncoming,12,B0,B0-TimeBlind,1,1,0,0.29987049788234826,0.5356088043253238,9.4,9.4,1.0,5.032054155356082,47.30130906034717,1.871270867608469,2.715168108469729,0.6421919338228554,0,0,74.23015899257734,19,1,,,,,,19
miku-rolling-v1,parked_and_oncoming,12,MIKU,MIKU,1,1,0,0.19400560545367523,0.5356088043253238,9.4,9.4,1.0,5.031570191187104,47.29675979715878,1.871270867608469,2.4877595995874997,0.6421919338228554,0,0,85.47981901210733,19,0,all_cycles_optimal,19,19,19,0.0,19
miku-rolling-v1,parked_and_oncoming,13,B0,B0-TimeBlind,0,0,0,0.57686923384396,0.483196306474488,,15.0,0.317802750458646,1.4968180401416005,14.968180401416005,3.6419630733142316,2.2248259698987876,1.821690331895703,0,1,370.4608170664869,20,1,,,,,,20
miku-rolling-v1,parked_and_oncoming,13,MIKU,MIKU,0,0,0,0.6248816016298071,0.4217888211994597,,15.0,0.3077451884232303,1.4487811011295766,14.487811011295765,4.0,1.4962160683698855,5.310663793530918,0,1,441.4117569976952,20,0,contains_nonoptimal_cycle,20,20,20,inf,20
miku-rolling-v1,parked_and_oncoming,14,B0,B0-TimeBlind,1,1,0,0.23325440111577178,0.5744717947545132,9.4,9.4,1.0,5.013169481726923,47.123793128233075,1.9657271188025136,1.7225177293682346,0.6765975450877886,0,0,73.91938398359343,19,1,,,,,,19
miku-rolling-v1,parked_and_oncoming,14,MIKU,MIKU,1,1,0,0.2168857555118886,0.5744717947545132,9.4,9.4,1.0,5.012979780178889,47.12200993368156,1.9657271188025136,1.7273175766712061,0.6765975450877886,0,0,91.44997896510176,19,0,all_cycles_optimal,19,19,19,0.0,19
miku-rolling-v1,parked_and_oncoming,15,B0,B0-TimeBlind,0,0,1,-0.01827536452613132,0.0,,15.0,0.42582321941872286,2.003653183487763,20.036531834877632,4.0,1.5514763526293984,5.505890182039304,0,1,478.66069394513033,20,1,,,,,,20
miku-rolling-v1,parked_and_oncoming,15,MIKU,MIKU,0,0,1,0.2183501560792811,0.2512913772715056,,15.0,0.48169209102237764,2.27270459675098,22.7270459675098,4.0,3.292783006395185,6.751117108744652,0,1,136.41087009455077,20,0,contains_nonoptimal_cycle,20,20,20,inf,20
miku-rolling-v1,parked_and_oncoming,16,B0,B0-TimeBlind,0,0,0,0.277788081031577,0.3434139253708092,,15.0,0.6577156968221582,3.0975833246140043,30.975833246140045,3.4058058282467973,2.3974871651927416,1.5721759787243115,0,1,317.8610069444403,20,1,,,,,,20
miku-rolling-v1,parked_and_oncoming,16,MIKU,MIKU,0,0,1,0.24412710847912056,0.281660799760801,,15.0,0.5044850951859597,2.377923308547262,23.77923308547262,4.000000000002192,3.226034357073224,6.882832852205657,0,1,188.2974439940881,20,0,contains_nonoptimal_cycle,20,20,20,inf,20
miku-rolling-v1,parked_and_oncoming,17,B0,B0-TimeBlind,0,0,0,0.6104638604322727,0.45134282207580034,,15.0,0.2898474487531063,1.3645953034740983,13.645953034740984,3.056610798671335,1.2296366228866118,1.3883104503992885,0,1,372.7218239509966,20,1,,,,,,20
miku-rolling-v1,parked_and_oncoming,17,MIKU,MIKU,0,0,0,0.30191922649584885,0.20631416120367999,,15.0,0.32922865207688556,1.5523322311404428,15.523322311404428,4.0,1.0311729687815123,7.221253954506583,0,1,146.30666706943884,20,0,contains_nonoptimal_cycle,20,20,20,inf,20
miku-rolling-v1,parked_and_oncoming,18,B0,B0-TimeBlind,0,0,0,0.5364667939974939,0.3576407329849523,,15.0,0.3438626074087672,1.6189164961208298,16.1891649612083,3.326642123712695,2.3259006326571527,1.6971774667654405,0,1,374.46914313477464,20,1,,,,,,20
miku-rolling-v1,parked_and_oncoming,18,MIKU,MIKU,0,0,0,0.26913391504191786,0.3719836163062789,,15.0,0.44452144764630425,2.0942105723370963,20.942105723370965,2.9582978523093404,3.2075350620363987,1.41927609718222,0,1,267.75234096567146,20,0,all_cycles_optimal,20,20,20,0.0,20
miku-rolling-v1,parked_and_oncoming,19,B0,B0-TimeBlind,0,0,1,0.13616951826020807,0.38580388603575794,,15.0,0.6860191001817986,3.229826207378396,32.29826207378396,4.0,1.9065369868651771,5.354541927203136,0,1,260.35955699626356,20,1,,,,,,20
miku-rolling-v1,parked_and_oncoming,19,MIKU,MIKU,1,1,0,0.07997776117957511,0.38580388603575794,9.4,9.4,1.0,5.039008087830806,47.36667602560958,1.8407593590489624,3.947855585160348,0.6317468426666163,0,0,92.38215608638711,19,0,all_cycles_optimal,19,19,19,0.0,19
miku-rolling-v1,parked_and_oncoming,20,B0,B0-TimeBlind,0,0,1,0.21550318187842554,0.3412470264650472,,15.0,0.49041396710098234,2.310001480050254,23.10001480050254,4.0,3.0972701591546024,6.69905155956249,0,1,453.43352999771014,20,1,,,,,,20
miku-rolling-v1,parked_and_oncoming,20,MIKU,MIKU,0,0,1,0.18298415710938487,0.31115387944414563,,15.0,0.9890174933835751,4.653046529394434,46.53046529394434,4.0,2.136630865591006,5.10182976358957,0,1,167.44176708743908,20,0,contains_nonoptimal_cycle,20,20,20,inf,20
miku-rolling-v1,parked_and_oncoming,21,B0,B0-TimeBlind,0,0,0,0.8140811059800213,2.5293514092611353,,15.0,0.12440948401841173,0.5848826829039363,5.848826829039363,4.0,0.4049867871278659,4.100971627162751,0,1,364.120296027977,20,1,,,,,,20
miku-rolling-v1,parked_and_oncoming,21,MIKU,MIKU,0,0,0,0.6053764013858214,2.417599785989805,,15.0,0.18319897384222072,0.8617445209892068,8.617445209892068,4.0000000000398925,0.4657160072181339,2.797431660418561,0,1,319.4915609783493,20,0,all_cycles_optimal,20,20,20,0.0,20
miku-rolling-v1,parked_and_oncoming,22,B0,B0-TimeBlind,0,0,1,0.294417966523546,0.2854498061635469,,15.0,0.3610596038496267,1.70464679658952,17.0464679658952,4.0,4.534142539522116,4.122413578421261,0,1,304.48544802493416,20,1,,,,,,20
miku-rolling-v1,parked_and_oncoming,22,MIKU,MIKU,0,0,1,0.2393640067242526,0.2320945414074031,,15.0,0.44279519064520817,2.087025067274914,20.870250672749144,4.000000000026223,4.309700077601747,2.9909133475017695,0,1,355.20240300684236,20,0,all_cycles_optimal,20,20,20,0.0,20
miku-rolling-v1,parked_and_oncoming,23,B0,B0-TimeBlind,0,0,0,0.2530124637882514,0.4060107594035894,,15.0,0.8759474744705018,4.12258214858881,41.225821485888105,3.8404211230473324,2.2544523558254315,2.3520545543975313,0,1,331.9695260724984,20,1,,,,,,20
miku-rolling-v1,parked_and_oncoming,23,MIKU,MIKU,0,0,1,0.23446072837019605,0.26224277449562,,15.0,0.9898009808273913,4.656828105428341,46.56828105428341,4.000000000000002,3.2051693098790373,3.1568966602847763,0,1,95.68834694800898,20,0,contains_nonoptimal_cycle,20,20,20,inf,20
miku-rolling-v1,parked_and_oncoming,24,B0,B0-TimeBlind,0,0,1,0.31144968681218965,0.35909321233522673,,15.0,0.7001638879021265,3.2954631208641496,32.954631208641494,2.528934500251824,3.7462333008180813,1.0757612234102505,0,1,218.82467999239452,20,1,,,,,,20
miku-rolling-v1,parked_and_oncoming,24,MIKU,MIKU,0,0,0,0.24068432294133557,0.4114149558133995,,15.0,0.7776076189073245,3.659816168616113,36.59816168616113,3.3833814392454906,2.631134854251345,1.9222644725668854,0,1,220.99032305413857,20,0,all_cycles_optimal,20,20,20,0.0,20
miku-rolling-v1,parked_and_oncoming,25,B0,B0-TimeBlind,0,0,0,0.607490238835819,0.3450452835224874,,15.0,0.2875725469876317,1.3544145290069969,13.544145290069968,4.000000005421139,1.9612264040238863,4.047379995410344,0,1,469.1668250015937,20,1,,,,,,20
miku-rolling-v1,parked_and_oncoming,25,MIKU,MIKU,0,0,0,0.18964737734551385,0.18421970715867766,,15.0,0.4217503625933459,1.9875412866810742,19.87541286681074,4.000000000000253,4.203391874985572,2.3850466851048298,0,1,322.6132250856608,20,0,all_cycles_optimal,20,20,20,0.0,20
miku-rolling-v1,parked_and_oncoming,26,B0,B0-TimeBlind,0,0,1,0.2879696336102304,0.24975087499004153,,15.0,0.5210487279752841,2.4575160049633102,24.5751600496331,4.0,6.133863712259407,4.717414428031689,0,1,647.5603599683382,20,1,,,,,,20
miku-rolling-v1,parked_and_oncoming,26,MIKU,MIKU,0,0,1,0.22640512465111956,0.12966851863379275,,15.0,0.5600100569902788,2.63926243236714,26.3926243236714,4.0,5.160691263960168,7.30944515159143,0,1,564.8755260044709,20,0,contains_nonoptimal_cycle,20,20,20,inf,20
miku-rolling-v1,parked_and_oncoming,27,B0,B0-TimeBlind,0,0,0,0.6623716206213675,2.7625005683704584,,15.0,0.15824833776600564,0.7442692192216008,7.4426921922160085,3.326081056214973,0.4993000316710126,1.6347322471748784,0,1,442.55626513040625,20,1,,,,,,20
miku-rolling-v1,parked_and_oncoming,27,MIKU,MIKU,0,0,1,0.47955938669968745,0.4507952615592571,,15.0,0.31940594033945974,1.5031989226999367,15.031989226999366,4.0,0.9638802943604352,6.635241101296385,0,1,365.09475897764787,20,0,contains_nonoptimal_cycle,20,20,20,inf,20
miku-rolling-v1,parked_and_oncoming,28,B0,B0-TimeBlind,0,0,0,0.28176695284060643,0.31916224442137575,,15.0,0.4410044737873445,2.079480155961015,20.79480155961015,2.8661217759807704,4.046857283856628,1.341377652197801,0,1,382.85435605212115,20,1,,,,,,20
miku-rolling-v1,parked_and_oncoming,28,MIKU,MIKU,0,0,1,0.28363404598383113,0.35262105175672537,,15.0,0.57075890757381,2.688065246928454,26.88065246928454,4.0,3.1472854700974118,6.1038019334271665,0,1,290.95191205851734,20,0,contains_nonoptimal_cycle,20,20,20,inf,20
miku-rolling-v1,parked_and_oncoming,29,B0,B0-TimeBlind,1,1,0,0.2856224576087125,0.47731516502841387,9.4,9.4,1.0,5.0370949096440185,47.348692150653775,1.8467753136370304,2.1695407836892273,0.6337787540658288,0,0,73.74149194220081,19,1,,,,,,19
miku-rolling-v1,parked_and_oncoming,29,MIKU,MIKU,1,1,0,0.2062940107817195,0.47731516502841387,9.4,9.4,1.0,5.0365894274847,47.343940618356186,1.8467753136370304,1.9858664722410395,0.6337787540658288,0,0,85.46270697843283,19,0,all_cycles_optimal,19,19,19,0.0,19
miku-rolling-v1,parked_and_oncoming,30,B0,B0-TimeBlind,0,0,1,0.27977338599822765,0.40467941590789663,,15.0,0.7342543504832251,3.4563649242707335,34.563649242707335,4.000000000000001,2.3473583696679525,1.952131354662484,0,1,430.09254106436856,20,1,,,,,,20
miku-rolling-v1,parked_and_oncoming,30,MIKU,MIKU,0,0,1,0.2165024966854725,0.29844214628922083,,15.0,0.9852091017474971,4.637144273545113,46.37144273545113,4.000000000000455,3.2440399621756937,3.8520557546051455,0,1,191.4715560269542,20,0,contains_nonoptimal_cycle,20,20,20,inf,20
miku-rolling-v1,parked_and_oncoming,31,B0,B0-TimeBlind,1,1,0,0.16645500477825026,0.6018085612932178,9.4,9.4,1.0,5.023681393473161,47.22260509864771,1.9167339226195959,1.9062593918807815,0.658377290318306,0,0,76.27088302979246,19,1,,,,,,19
miku-rolling-v1,parked_and_oncoming,31,MIKU,MIKU,1,1,0,0.23843296169555592,0.5052787641302343,9.4,9.4,1.0,5.023097113665803,47.21711286845855,1.9167339226195959,1.7708093130725013,0.658377290318306,0,0,97.04640993732028,19,0,all_cycles_optimal,19,19,19,0.0,19
miku-rolling-v1,parked_and_oncoming,32,B0,B0-TimeBlind,0,0,1,-0.05722558890889484,0.0,,15.0,0.39552245560043475,1.8612295933263554,18.612295933263553,4.0,1.5698957932639972,5.619171028040629,0,1,534.0798499528319,20,1,,,,,,20
miku-rolling-v1,parked_and_oncoming,32,MIKU,MIKU,0,0,1,0.17762653447701648,0.36808726400278236,,15.0,0.7556657583205998,3.556016789381804,35.56016789381804,4.0,2.3332976700419317,5.634823687999799,0,1,122.36191300326027,20,0,contains_nonoptimal_cycle,20,20,20,inf,20
miku-rolling-v1,parked_and_oncoming,33,B0,B0-TimeBlind,1,1,0,0.22684639402922047,0.5284041076797649,9.3,9.3,1.0,5.065933052558511,47.113177388794156,1.6628073275628728,2.8416058663636945,0.6043337605390486,0,0,72.76760097010992,19,1,,,,,,19
miku-rolling-v1,parked_and_oncoming,33,MIKU,MIKU,1,1,0,0.2204224333560898,0.5284041076797649,9.3,9.3,1.0,5.0655784564218385,47.1098796447231,1.6628073275628728,2.8045706309536715,0.6043337605390486,0,0,85.55358106968924,19,0,all_cycles_optimal,19,19,19,0.0,19
miku-rolling-v1,parked_and_oncoming,34,B0,B0-TimeBlind,0,0,1,0.21161249104890523,0.31542593826441345,,15.0,0.6963231062925787,3.2800893429565945,32.800893429565946,3.455919580538659,4.867814955378858,1.5529421294424333,0,1,350.33751296577975,20,1,,,,,,20
miku-rolling-v1,parked_and_oncoming,34,MIKU,MIKU,0,0,0,0.18127930269782588,0.27185916715594993,,15.0,0.775774511298643,3.6524382826778856,36.524382826778854,3.112075633296545,2.1965100835421953,1.6030866581110756,0,1,412.46762295486405,20,0,all_cycles_optimal,20,20,20,0.0,20
miku-rolling-v1,parked_and_oncoming,35,B0,B0-TimeBlind,1,1,0,0.24874647599069855,0.44618000857152335,9.3,9.3,1.0,5.061542568816353,47.07234588999209,1.6880155524082894,1.7812650142075677,0.6129908544786072,0,0,74.11268993746489,19,1,,,,,,19
miku-rolling-v1,parked_and_oncoming,35,MIKU,MIKU,1,1,0,0.25759524231988884,0.44618000857152335,9.3,9.3,1.0,5.061270469630671,47.06981536756524,1.6880155524082894,2.277335000380395,0.6129908544786072,0,0,83.6133569246158,19,0,all_cycles_optimal,19,19,19,0.0,19
miku-rolling-v1,parked_and_oncoming,36,B0,B0-TimeBlind,0,0,0,0.7334033015631012,2.1816240450961755,,15.0,0.15674522092568166,0.7369089710003103,7.369089710003103,4.0,0.39387818521277795,5.715351326014072,0,1,1017.3384430527221,20,1,,,,,,20
miku-rolling-v1,parked_and_oncoming,36,MIKU,MIKU,0,0,1,0.22146287512623375,0.23992697359126353,,15.0,0.3737393522998638,1.761657425873968,17.61657425873968,4.0,2.9386005108998052,4.153250969983518,0,1,306.48385305539705,20,0,contains_nonoptimal_cycle,20,20,20,inf,20
miku-rolling-v1,parked_and_oncoming,37,B0,B0-TimeBlind,0,0,0,0.23048601377349093,0.31971588382084604,,15.0,0.7499967275551714,3.530534306658295,35.30534306658295,2.0059777143097355,3.4262789087915295,1.0731321470724795,0,1,224.38985091866925,20,1,,,,,,20
miku-rolling-v1,parked_and_oncoming,37,MIKU,MIKU,0,0,1,0.15976294972188862,0.2097714136387116,,15.0,0.6383002218356825,3.004855168369855,30.048551683698552,4.0,2.953632087208224,8.717556462827188,0,1,113.618977018632,20,0,contains_nonoptimal_cycle,20,20,20,inf,20
miku-rolling-v1,parked_and_oncoming,38,B0,B0-TimeBlind,0,0,0,0.6432194514094252,1.3494477445444326,,15.0,0.3319915921746024,1.5617549406199411,15.61754940619941,4.0,0.5742331987869341,6.261894491389895,0,1,452.1105070016347,20,1,,,,,,20
miku-rolling-v1,parked_and_oncoming,38,MIKU,MIKU,0,0,1,0.22135230255739896,0.25109868804225777,,15.0,0.5841464732395325,2.7528739787902103,27.528739787902104,4.0,1.8692521389792587,7.585409065414597,0,1,153.50246193702333,20,0,contains_nonoptimal_cycle,20,20,20,inf,20
miku-rolling-v1,parked_and_oncoming,39,B0,B0-TimeBlind,0,0,1,0.1139785563415181,0.4233769915712271,,15.0,0.45965768153698006,2.1660333715134032,21.660333715134033,4.0,2.066169159220252,5.373026516453927,0,1,371.30564093240537,20,1,,,,,,20
miku-rolling-v1,parked_and_oncoming,39,MIKU,MIKU,0,0,1,0.12100682313238909,0.4233769915712271,,15.0,0.7744872375230009,3.6443923328259773,36.44392332825977,4.0,3.380970912945463,5.430475451991962,0,1,98.48323307232931,20,0,contains_nonoptimal_cycle,20,20,20,inf,20
miku-rolling-v1,parked_and_oncoming,40,B0,B0-TimeBlind,1,1,0,0.11844666192127251,0.35458842024610837,9.4,9.4,1.0,5.016423846314666,47.15438415535786,1.9687484329541733,3.5003802355358493,0.6777461769827726,0,0,73.2457619451452,19,1,,,,,,19
miku-rolling-v1,parked_and_oncoming,40,MIKU,MIKU,1,1,0,0.18538200946459193,0.35458842024610837,9.4,9.4,1.0,5.01559495562708,47.14659258289455,1.9687484329541733,2.833786454399441,0.6777461769827726,0,0,92.72296898416243,19,0,all_cycles_optimal,19,19,19,0.0,19
miku-rolling-v1,parked_and_oncoming,41,B0,B0-TimeBlind,0,0,1,0.2509534198578043,0.3058683760786675,,15.0,0.5485888176576131,2.583608803139401,25.83608803139401,2.889863440811436,3.098667460223639,1.249309918907649,0,1,314.3458740087226,20,1,,,,,,20
miku-rolling-v1,parked_and_oncoming,41,MIKU,MIKU,0,0,1,0.17031169275094116,0.18609595871871445,,15.0,0.5589056649202628,2.6340910178816683,26.34091017881668,4.0,5.226603185095382,5.277211653051038,0,1,309.98446498415433,20,0,contains_nonoptimal_cycle,20,20,20,inf,20
miku-rolling-v1,parked_and_oncoming,42,B0,B0-TimeBlind,1,1,0,0.29108171543245165,0.5223063421229088,9.4,9.4,1.0,5.033841891868211,47.31811378356119,1.8629329454422945,2.5442061681857475,0.6393033274654709,0,0,70.5379230203107,19,1,,,,,,19
miku-rolling-v1,parked_and_oncoming,42,MIKU,MIKU,1,1,0,0.2177469379294381,0.5223063421229088,9.4,9.4,1.0,5.033332066673187,47.31332142672795,1.8629329454422945,2.3348638369223598,0.6393033274654709,0,0,82.51509102410637,19,0,all_cycles_optimal,19,19,19,0.0,19
miku-rolling-v1,parked_and_oncoming,43,B0,B0-TimeBlind,1,1,0,0.13416522625582683,0.5818446315379348,9.4,9.4,1.0,5.0098174124803725,47.0922836773155,1.9838141861049061,1.4957713805409556,0.68351560269022,0,0,77.36119197215885,19,1,,,,,,19
miku-rolling-v1,parked_and_oncoming,43,MIKU,MIKU,1,1,0,0.15432911174861097,0.5818446315379348,9.4,9.4,1.0,5.009644164729177,47.09065514845426,1.9838141861049061,1.4452576633222416,0.68351560269022,0,0,87.72195398341864,19,0,all_cycles_optimal,19,19,19,0.0,19
miku-rolling-v1,parked_and_oncoming,44,B0,B0-TimeBlind,0,0,0,0.6831295870457019,0.3482511757120438,,15.0,0.3719942372941252,1.7517533975195583,17.517533975195583,4.0,2.304384497820617,6.79237187071058,0,1,493.50417795358226,20,1,,,,,,20
miku-rolling-v1,parked_and_oncoming,44,MIKU,MIKU,0,0,1,0.17300652115467433,0.22006692997967886,,15.0,0.6618719857176099,3.1171283369792557,31.171283369792558,4.0,4.945860695769474,8.738524437980372,0,1,234.98800399829634,20,0,contains_nonoptimal_cycle,20,20,20,inf,20
miku-rolling-v1,parked_and_oncoming,45,B0,B0-TimeBlind,0,0,1,0.3013750514756963,0.4627713988931564,,15.0,0.987060855665414,4.6451233384042325,46.451233384042325,4.0,2.640728726575718,3.0382614786677204,0,1,141.63388608722016,20,1,,,,,,20
miku-rolling-v1,parked_and_oncoming,45,MIKU,MIKU,0,1,1,0.22217151604013788,0.32133865788737254,10.0,15.0,1.0,4.730212535687661,47.30212535687661,4.0,2.087041175623615,1.9517176333909727,0,0,124.16787297115661,20,0,contains_nonoptimal_cycle,20,20,20,inf,20
miku-rolling-v1,parked_and_oncoming,46,B0,B0-TimeBlind,1,1,0,0.24136077600061734,0.4175587215121192,9.5,9.5,1.0,4.965228224429872,47.16966813208378,2.304298020371549,2.0479728744918724,0.7681754920316841,0,0,76.59585299552418,19,1,,,,,,19
miku-rolling-v1,parked_and_oncoming,46,MIKU,MIKU,1,1,0,0.2068257182001693,0.31759268088525483,9.5,9.5,1.0,4.964883342286952,47.166391751726046,2.304298020371549,1.9319918471889403,0.7681754920316841,0,0,88.96887404262088,19,0,all_cycles_optimal,19,19,19,0.0,19
miku-rolling-v1,parked_and_oncoming,47,B0,B0-TimeBlind,1,1,0,0.2638756962953801,0.6570645112985335,9.5,9.5,1.0,4.98155206889031,47.324744654457945,2.1813371144250104,1.3030691542287915,0.7198813042977888,0,0,70.02820196794346,19,1,,,,,,19
miku-rolling-v1,parked_and_oncoming,47,MIKU,MIKU,1,1,0,0.24079736371552762,0.5589429417712325,9.5,9.5,1.0,4.981561156801582,47.32483098961502,2.1813371144250104,1.328437171434471,0.7198813042977888,0,0,84.52202402986586,19,0,all_cycles_optimal,19,19,19,0.0,19
miku-rolling-v1,parked_and_oncoming,48,B0,B0-TimeBlind,1,1,0,0.305401286743304,0.5253107068775263,9.4,9.4,1.0,5.0239998699544035,47.22559877757139,1.9158322600747908,2.7916442942108866,0.6580493459934633,0,0,74.09432591521181,19,1,,,,,,19
miku-rolling-v1,parked_and_oncoming,48,MIKU,MIKU,1,1,0,0.2223765511895932,0.4284275208000475,9.4,9.4,1.0,5.02361220570208,47.22195473359955,1.9158322600747908,2.6203598202275704,0.6580493459934633,0,0,86.5532340540085,19,0,all_cycles_optimal,19,19,19,0.0,19
miku-rolling-v1,parked_and_oncoming,49,B0,B0-TimeBlind,0,0,1,0.6219259029822821,2.335667462343219,,15.0,0.1481621038929327,0.6970449222445858,6.970449222445858,4.000000008379852,0.045823109462479805,3.1687112703703812,0,1,3094.5442200172693,20,1,,,,,,20
miku-rolling-v1,parked_and_oncoming,49,MIKU,MIKU,0,0,0,0.7181136046407219,2.454356832312403,,15.0,0.14820067753197294,0.6967397679044055,6.967397679044055,4.0,0.5841677613613886,4.08050709705684,0,1,684.7746349230874,20,0,contains_nonoptimal_cycle,20,20,20,inf,20
miku-rolling-v1,parked_and_oncoming,50,B0,B0-TimeBlind,1,1,0,0.25156262473497165,0.5745657310484908,9.5,9.5,1.0,4.984748370486156,47.35510951961849,2.1695603427676704,3.5418619858308813,0.7154214120307241,0,0,74.02085195644759,19,1,,,,,,19
miku-rolling-v1,parked_and_oncoming,50,MIKU,MIKU,1,1,0,0.21652325707222264,0.4763605129848144,9.5,9.5,1.0,4.984231142594822,47.350195854650806,2.1695603427676704,3.3331844952550225,0.7154214120307241,0,0,84.65686906129122,19,0,all_cycles_optimal,19,19,19,0.0,19
miku-rolling-v1,parked_and_oncoming,51,B0,B0-TimeBlind,0,0,0,0.7730176346574691,0.6585227554750726,,15.0,0.289746604299466,1.3640976556416766,13.640976556416765,4.0,1.696530165978252,7.924897776353165,0,1,490.20352502702735,20,1,,,,,,20
miku-rolling-v1,parked_and_oncoming,51,MIKU,MIKU,0,0,1,0.23805353840225685,0.30650326787766086,,15.0,0.6071282624311678,2.860868202828184,28.60868202828184,4.0,3.9374111400703242,7.280530999123352,0,1,235.11904705082998,20,0,contains_nonoptimal_cycle,20,20,20,inf,20
miku-rolling-v1,parked_and_oncoming,52,B0,B0-TimeBlind,1,1,0,0.20353454861575204,0.4690575369047592,9.5,9.5,1.0,4.974888742730642,47.2614430559411,2.2448431687456063,2.2947968079511103,0.7444456874613353,0,0,72.48062401777133,19,1,,,,,,19
miku-rolling-v1,parked_and_oncoming,52,MIKU,MIKU,0,0,1,0.15225744850479053,0.31519337172862294,,15.0,0.7044514205051191,3.3222920973796057,33.22292097379606,4.0,1.7948433020938803,5.4187473224089056,0,1,169.3165909673553,20,0,contains_nonoptimal_cycle,20,20,20,inf,20
miku-rolling-v1,parked_and_oncoming,53,B0,B0-TimeBlind,1,1,0,0.1678982442346011,0.5556954087520306,9.4,9.4,1.0,5.022810001016164,47.21441400955194,1.9216931951889629,3.1952646213066287,0.6601859148206172,0,0,70.09120294242166,19,1,,,,,,19
miku-rolling-v1,parked_and_oncoming,53,MIKU,MIKU,0,0,1,0.16081195539174004,0.21767426705874285,,15.0,0.7720037120545312,3.636715150019858,36.36715150019858,4.0,2.713455799740397,3.9780977575457968,0,1,108.60389895970002,20,0,contains_nonoptimal_cycle,20,20,20,inf,20
miku-rolling-v1,parked_and_oncoming,54,B0,B0-TimeBlind,1,1,0,0.10419756501920707,0.5315483189901603,9.4,9.4,1.0,5.03386827919272,47.31836182441157,1.863360556454627,3.103246299655423,0.6394508506460163,0,0,72.77603604597971,19,1,,,,,,19
miku-rolling-v1,parked_and_oncoming,54,MIKU,MIKU,1,1,0,0.16054532901206287,0.4352499985242315,9.4,9.4,1.0,5.033366644974567,47.31364646276093,1.863360556454627,2.8724587710181635,0.6394508506460163,0,0,83.15228499122895,19,0,all_cycles_optimal,19,19,19,0.0,19
miku-rolling-v1,parked_and_oncoming,55,B0,B0-TimeBlind,1,1,0,0.1890700773256504,0.4551815122943253,9.4,9.4,1.0,5.013587596651639,47.127723408525405,1.975330204317322,2.7118683004755675,0.68025814817404,0,0,69.75189596414566,19,1,,,,,,19
miku-rolling-v1,parked_and_oncoming,55,MIKU,MIKU,0,1,1,0.16961303465539934,0.5202179347908419,10.0,15.0,1.0,4.736363576607716,47.36363576607716,4.0,1.5253662307033522,2.594466742654321,0,0,205.8362930547446,20,0,contains_nonoptimal_cycle,20,20,20,inf,20
miku-rolling-v1,parked_and_oncoming,56,B0,B0-TimeBlind,1,1,0,0.27301315177854035,0.43774789312615325,9.5,9.5,1.0,4.977179054502584,47.28320101777455,2.224071919061698,3.472872330961663,0.7363185449867986,0,0,75.36775796324946,19,1,,,,,,19
miku-rolling-v1,parked_and_oncoming,56,MIKU,MIKU,1,1,0,0.2534759318504791,0.43774789312615325,9.5,9.5,1.0,4.97693967467407,47.28092690940367,2.224071919061698,3.4933377157294516,0.7363185449867986,0,0,89.4145610218402,19,0,all_cycles_optimal,19,19,19,0.0,19
miku-rolling-v1,parked_and_oncoming,57,B0,B0-TimeBlind,0,0,0,0.6227226464297595,0.34017551875719576,,15.0,0.30919293343398147,1.4571552122763924,14.571552122763924,3.711427108397517,2.2233724496907517,1.8168856950932775,0,1,350.70555002312176,20,1,,,,,,20
miku-rolling-v1,parked_and_oncoming,57,MIKU,MIKU,0,0,1,0.14242216622087708,0.2277976374720216,,15.0,0.3582474294004519,1.6922669416134686,16.922669416134685,4.0,5.171186587375835,6.839829100239029,0,1,200.7286589650903,20,0,contains_nonoptimal_cycle,20,20,20,inf,20
miku-rolling-v1,parked_and_oncoming,58,B0,B0-TimeBlind,0,0,1,0.29060974419421354,0.34307033086605426,,15.0,0.6570315572988853,3.0948556773111435,30.948556773111434,4.000000000000001,4.524920094954849,2.0702319565305936,0,1,387.6708781172056,20,1,,,,,,20
miku-rolling-v1,parked_and_oncoming,58,MIKU,MIKU,0,0,0,0.20686792459460687,0.3326947123509164,,15.0,0.7950452984575879,3.742782132621604,37.42782132621604,3.810343364280906,1.9981287999957575,2.1020188461679012,0,1,346.1161849554628,20,0,all_cycles_optimal,20,20,20,0.0,20
miku-rolling-v1,parked_and_oncoming,59,B0,B0-TimeBlind,1,1,0,0.27281801927458504,0.5464055387829969,9.4,9.4,1.0,5.00606018071331,47.05696569870511,2.001465402219113,1.4155365097876706,0.6903619223610902,0,0,73.63943301606923,19,1,,,,,,19
miku-rolling-v1,parked_and_oncoming,59,MIKU,MIKU,1,1,0,0.24466982222037137,0.5464055387829969,9.4,9.4,1.0,5.0060131044719185,47.05652318203604,2.001465402219113,1.435266752510577,0.6903619223610902,0,0,88.91141790081747,19,0,all_cycles_optimal,19,19,19,0.0,19
miku-rolling-v1,parked_and_oncoming,60,B0,B0-TimeBlind,0,0,0,0.7581290688047586,2.169339291180184,,15.0,0.12347488399165825,0.5803319547607938,5.803319547607938,4.0,0.0,5.656854249492378,0,1,393.99726706324145,20,1,,,,,,20
miku-rolling-v1,parked_and_oncoming,60,MIKU,MIKU,0,0,0,0.7581290688046796,2.169339291180184,,15.0,0.12390771832655077,0.5823662761873027,5.8236627618730274,4.0,0.0005388686420521084,5.663046533413434,0,1,255.271796049783,20,0,contains_nonoptimal_cycle,20,20,20,inf,20
miku-rolling-v1,parked_and_oncoming,61,B0,B0-TimeBlind,0,0,1,0.2509733157084195,0.3339469444194676,,15.0,0.5416189504898162,2.55185995094066,25.5185995094066,4.0,3.350873221680079,7.308350516103371,0,1,911.1695840256289,20,1,,,,,,20
miku-rolling-v1,parked_and_oncoming,61,MIKU,MIKU,0,0,0,0.1526048574485932,0.26804815059591824,,15.0,0.7870932432164036,3.705151977847931,37.05151977847931,4.000000000000239,2.825948888648493,2.7216650174783528,0,1,395.0520979706198,20,0,all_cycles_optimal,20,20,20,0.0,20
miku-rolling-v1,parked_and_oncoming,62,B0,B0-TimeBlind,1,1,0,0.21482526130081592,0.3966662828124081,9.5,9.5,1.0,4.985794414927135,47.36504694180778,2.1783965291386718,2.4816609228674626,0.7187647944671123,0,0,71.68257600278594,19,1,,,,,,19
miku-rolling-v1,parked_and_oncoming,62,MIKU,MIKU,1,1,0,0.18765045137160719,0.2977813641946784,9.5,9.5,1.0,4.985199190835686,47.359392312939015,2.1783965291386718,2.3370382990154237,0.7187647944671123,0,0,90.69448595982976,19,0,all_cycles_optimal,19,19,19,0.0,19
miku-rolling-v1,parked_and_oncoming,63,B0,B0-TimeBlind,0,0,1,0.2914972098354913,0.3795089127209493,,15.0,0.5362699920556756,2.526683752274777,25.26683752274777,4.0,1.8190514641398077,5.674734195075797,0,1,293.6522850068286,20,1,,,,,,20
miku-rolling-v1,parked_and_oncoming,63,MIKU,MIKU,0,0,1,0.07062133469762669,0.2821047403954756,,15.0,0.6236891085931547,2.938895882921044,29.388958829210438,4.0,1.0844746035091817,5.670266839512484,0,1,162.4137709441129,20,0,contains_nonoptimal_cycle,20,20,20,inf,20
miku-rolling-v1,parked_and_oncoming,64,B0,B0-TimeBlind,0,0,1,0.04710857925537404,0.5252827724100565,,15.0,0.43948010580424485,2.0723777649398145,20.723777649398144,4.0,1.8254436601220008,5.453888891888364,0,1,342.40980696631595,20,1,,,,,,20
miku-rolling-v1,parked_and_oncoming,64,MIKU,MIKU,1,1,0,0.13632798424413473,0.5252827724100565,9.4,9.4,1.0,5.01635191336444,47.15370798562574,1.9502596269784864,2.043242708816604,0.6707618570453688,0,0,87.5611029623542,19,0,all_cycles_optimal,19,19,19,0.0,19
miku-rolling-v1,parked_and_oncoming,65,B0,B0-TimeBlind,1,1,0,0.1959053703919389,0.4651074450609998,9.4,9.4,1.0,5.0288727535851825,47.27140388370072,1.8961959874321546,1.8987801264774873,0.6509761499175285,0,0,74.0807959518861,19,1,,,,,,19
miku-rolling-v1,parked_and_oncoming,65,MIKU,MIKU,1,1,0,0.23005404726818104,0.4651074450609998,9.4,9.4,1.0,5.028214915853825,47.265220209025955,1.8961959874321546,1.7712225331573213,0.6509761499175285,0,0,85.03041803487577,19,0,all_cycles_optimal,19,19,19,0.0,19
miku-rolling-v1,parked_and_oncoming,66,B0,B0-TimeBlind,0,0,1,0.22757559969532082,0.2859478594953391,,15.0,0.44128837838506696,2.0837899393077612,20.837899393077613,4.0,4.616196666270408,5.684019709457602,0,1,404.2691169597674,20,1,,,,,,20
miku-rolling-v1,parked_and_oncoming,66,MIKU,MIKU,0,0,1,0.17400674848625908,0.17773131523574248,,15.0,0.44128837838506696,2.0827981170064054,20.827981170064053,4.0,4.2988434238331354,5.684019709457602,0,1,282.36565508996136,20,0,contains_nonoptimal_cycle,20,20,20,inf,20
miku-rolling-v1,parked_and_oncoming,67,B0,B0-TimeBlind,1,1,0,0.2370253141159943,0.49895925257842183,9.5,9.5,1.0,4.9798040711196165,47.30813867563636,2.2047122045496477,2.2961345528236334,0.7288238701291889,0,0,74.48886198108084,19,1,,,,,,19
miku-rolling-v1,parked_and_oncoming,67,MIKU,MIKU,1,1,0,0.2323620899249224,0.49895925257842183,9.5,9.5,1.0,4.979456099528275,47.30483294551862,2.2047122045496477,3.0945729586361814,0.7288238701291889,0,0,90.06955497898161,19,0,all_cycles_optimal,19,19,19,0.0,19
miku-rolling-v1,parked_and_oncoming,68,B0,B0-TimeBlind,1,1,0,0.26324562706359644,0.495324608122903,9.4,9.4,1.0,5.033427294743814,47.31421657059185,1.8628673599877998,1.875437103308489,0.6392807068337966,0,0,71.19705303921364,19,1,,,,,,19
miku-rolling-v1,parked_and_oncoming,68,MIKU,MIKU,1,1,0,0.23607845699964053,0.495324608122903,9.4,9.4,1.0,5.033369042515262,47.31366899964346,1.8628673599877998,1.927913399987909,0.6392807068337966,0,0,85.1513700617943,19,0,all_cycles_optimal,19,19,19,0.0,19
miku-rolling-v1,parked_and_oncoming,69,B0,B0-TimeBlind,0,0,1,0.2575362444969187,0.43692514127649895,,15.0,0.981356939498694,4.617248297139535,46.172482971395354,4.0,1.6584239744484135,3.296300118341533,0,1,253.79488797625527,20,1,,,,,,20
miku-rolling-v1,parked_and_oncoming,69,MIKU,MIKU,0,0,1,0.10302937514371857,0.1694971863038044,,15.0,0.690297297423669,3.2561041435210987,32.56104143521099,4.0,1.4229292581214472,7.737042391746258,0,1,175.66427995916456,20,0,contains_nonoptimal_cycle,20,20,20,inf,20
miku-rolling-v1,parked_and_oncoming,70,B0,B0-TimeBlind,1,1,0,0.26296124609490823,0.6342828690779251,9.5,9.5,1.0,4.982032112840206,47.329305071981956,2.184125463931414,1.4349655224012183,0.7209418146174534,0,0,73.35412493557669,19,1,,,,,,19
miku-rolling-v1,parked_and_oncoming,70,MIKU,MIKU,1,1,0,0.22223085109660978,0.535999292268229,9.5,9.5,1.0,4.981807956320587,47.32717558504557,2.184125463931414,1.7344721828981964,0.7209418146174534,0,0,86.36670597479679,19,0,all_cycles_optimal,19,19,19,0.0,19
miku-rolling-v1,parked_and_oncoming,71,B0,B0-TimeBlind,1,1,0,0.2713352805138798,0.48746137317235305,9.4,9.4,1.0,5.01786458503443,47.16792709932364,1.947362380434689,3.9182873383118877,0.669677176806532,0,0,71.09013901208527,19,1,,,,,,19
miku-rolling-v1,parked_and_oncoming,71,MIKU,MIKU,1,1,0,0.24222690225625465,0.48746137317235305,9.4,9.4,1.0,5.017822230552507,47.16752896719356,1.947362380434689,4.130734616545107,0.669677176806532,0,0,84.98307492118329,19,0,all_cycles_optimal,19,19,19,0.0,19
miku-rolling-v1,parked_and_oncoming,72,B0,B0-TimeBlind,0,0,1,0.15011664961824578,0.5822708399517512,,15.0,0.3825552009701074,1.8019014740057693,18.019014740057692,4.0,1.7298506640431943,5.559290602207576,0,1,407.76732098311186,20,1,,,,,,20
miku-rolling-v1,parked_and_oncoming,72,MIKU,MIKU,0,0,1,0.14311188419722143,0.5822708399517512,,15.0,0.6477919502550048,3.047656869466811,30.47656869466811,4.0,1.840182454562347,5.584849617249329,0,1,104.67821802012622,20,0,contains_nonoptimal_cycle,20,20,20,inf,20
miku-rolling-v1,parked_and_oncoming,73,B0,B0-TimeBlind,1,1,0,0.21746584001044722,0.36067664083010076,9.4,9.4,1.0,5.037178280655317,47.349475838159975,1.8601736483075608,2.6436492373213,0.6383530063409126,0,0,69.09575499594212,19,1,,,,,,19
miku-rolling-v1,parked_and_oncoming,73,MIKU,MIKU,1,1,0,0.25678578014973774,0.36067664083010076,9.4,9.4,1.0,5.036668860573978,47.344687289395395,1.8601736483075608,2.921509092476783,0.6383530063409126,0,0,84.57492309389636,19,0,all_cycles_optimal,19,19,19,0.0,19
miku-rolling-v1,parked_and_oncoming,74,B0,B0-TimeBlind,0,0,0,0.722921502218679,2.445419572032763,,15.0,0.18309696099604122,0.8613695299382375,8.613695299382375,3.859581658703165,0.5932492025598638,2.126865188323407,0,1,463.6584769759793,20,1,,,,,,20
miku-rolling-v1,parked_and_oncoming,74,MIKU,MIKU,0,0,1,0.2080538729589792,0.23764125369533734,,15.0,0.3851389629906236,1.815829801759906,18.15829801759906,3.5279038169778802,2.7775862665496476,2.3208305443098447,0,1,428.89505601488054,20,0,all_cycles_optimal,20,20,20,0.0,20
miku-rolling-v1,parked_and_oncoming,75,B0,B0-TimeBlind,0,0,0,0.8220875560313248,2.517156698369396,,15.0,0.11987666000124636,0.5634771916709732,5.634771916709732,4.0,0.1194492000608089,4.442781586376921,0,1,864.7331560205203,20,1,,,,,,20
miku-rolling-v1,parked_and_oncoming,75,MIKU,MIKU,0,0,1,0.6141915356296261,0.288013662574284,,15.0,0.2967549934526071,1.3981244585623807,13.981244585623806,4.0,2.5073564389143983,4.138130416275729,0,1,348.5660130099859,20,0,contains_nonoptimal_cycle,20,20,20,inf,20
miku-rolling-v1,parked_and_oncoming,76,B0,B0-TimeBlind,0,0,0,0.3773378217913325,0.36101679379366697,,15.0,0.3756090119566542,1.7718058332202002,17.718058332202002,4.000000000000003,3.512555867344418,7.816497312026339,0,1,548.354802042013,20,1,,,,,,20
miku-rolling-v1,parked_and_oncoming,76,MIKU,MIKU,0,0,1,0.19872351482331974,0.30412287126867105,,15.0,0.664337819018787,3.1300974313575973,31.300974313575974,4.0,4.113877167739984,4.112097005193282,0,1,284.3110300018452,20,0,contains_nonoptimal_cycle,20,20,20,inf,20
miku-rolling-v1,parked_and_oncoming,77,B0,B0-TimeBlind,0,0,1,0.25870886003036864,0.40943068164089397,,15.0,0.5013130444917437,2.3640476738001626,23.640476738001624,4.0,4.6572997403266045,4.3950849855785465,0,1,545.2708400262054,20,1,,,,,,20
miku-rolling-v1,parked_and_oncoming,77,MIKU,MIKU,0,0,1,-0.13691031982498347,0.0,,15.0,0.32899391528249083,1.5480581199431207,15.480581199431207,4.0,1.5699009337667331,5.461866053011262,0,1,376.42016998142935,20,0,contains_nonoptimal_cycle,20,20,20,inf,20
miku-rolling-v1,parked_and_oncoming,78,B0,B0-TimeBlind,0,0,0,0.6605462566765388,0.6541388723983804,,15.0,0.3042582289500914,1.4321290217496527,14.321290217496527,4.0,1.4075646787674783,4.120013923243764,0,1,397.6258999318816,20,1,,,,,,20
miku-rolling-v1,parked_and_oncoming,78,MIKU,MIKU,0,0,0,0.5272680014838871,0.2922218380319106,,15.0,0.3736598951744338,1.7603460647702307,17.603460647702306,4.000000000022666,2.640114390312865,2.893768455938701,0,1,319.44303002092056,20,0,all_cycles_optimal,20,20,20,0.0,20
miku-rolling-v1,parked_and_oncoming,79,B0,B0-TimeBlind,1,1,0,0.029576031719363627,0.4731745342362512,9.4,9.4,1.0,5.03550687748313,47.33376464834143,1.8564416839304785,2.3162719552869055,0.6370721699812664,0,0,71.0697561444249,19,1,,,,,,19
miku-rolling-v1,parked_and_oncoming,79,MIKU,MIKU,0,0,1,0.07200670707809688,0.13984452605536496,,15.0,0.6948872304081884,3.2753683969081697,32.7536839690817,4.0,1.6723039452680548,7.661131442128131,0,1,200.65347105264664,20,0,contains_nonoptimal_cycle,20,20,20,inf,20
miku-rolling-v1,parked_and_oncoming,80,B0,B0-TimeBlind,1,1,0,0.28014891318757273,0.49467660776487365,9.5,9.5,1.0,4.977590828832072,47.28711287390468,2.2174623434847396,3.1844465954698133,0.7337509744476463,0,0,76.25524597824551,19,1,,,,,,19
miku-rolling-v1,parked_and_oncoming,80,MIKU,MIKU,1,1,0,0.24162692698614618,0.49467660776487365,9.5,9.5,1.0,4.977370824303104,47.285022830879484,2.2174623434847396,3.193943042452818,0.7337509744476463,0,0,86.12831201753579,19,0,all_cycles_optimal,19,19,19,0.0,19
miku-rolling-v1,parked_and_oncoming,81,B0,B0-TimeBlind,1,1,0,0.21157482860419985,0.7025385530427106,9.5,9.5,1.0,4.985747076044132,47.364597222419256,2.1571130919685397,2.538939092108237,0.7107415276009293,0,0,74.0032430330757,19,1,,,,,,19
miku-rolling-v1,parked_and_oncoming,81,MIKU,MIKU,1,1,0,0.21812389042520075,0.6049535688598225,9.5,9.5,1.0,4.985638333020205,47.36356416369195,2.1571130919685397,2.369810294349231,0.7107415276009293,0,0,85.63143099308945,19,0,all_cycles_optimal,19,19,19,0.0,19
miku-rolling-v1,parked_and_oncoming,82,B0,B0-TimeBlind,0,0,1,0.2472821523175026,0.40628190568599315,,15.0,0.5460923891077898,2.5707976206679137,25.707976206679138,2.8152907886357226,4.289738466422173,1.3338052519403667,0,1,290.75686997384764,20,1,,,,,,20
miku-rolling-v1,parked_and_oncoming,82,MIKU,MIKU,0,0,0,0.1943958680775919,0.4026227146562021,,15.0,0.709917224036393,3.3407523755387403,33.4075237553874,2.466331495264886,3.6242657165182117,1.079091112347115,0,1,196.23697295901366,20,0,all_cycles_optimal,20,20,20,0.0,20
miku-rolling-v1,parked_and_oncoming,83,B0,B0-TimeBlind,0,0,1,0.2096489260190877,0.30903212643619615,,15.0,0.44504300235857136,2.100274347997683,21.00274347997683,4.0,6.237087689323869,4.170542028156972,0,1,373.4676070162095,20,1,,,,,,20
miku-rolling-v1,parked_and_oncoming,83,MIKU,MIKU,0,0,1,0.15092473519144667,0.1849021621218844,,15.0,0.5824675239741474,2.744308363957816,27.443083639578163,4.0,2.979962862516311,7.285668298279395,0,1,286.8156760232523,20,0,contains_nonoptimal_cycle,20,20,20,inf,20
miku-rolling-v1,parked_and_oncoming,84,B0,B0-TimeBlind,0,0,1,0.25663988983243524,0.32871669003359033,,15.0,0.570638736493923,2.688569675775611,26.885696757756108,3.146220789965415,2.6689603672507753,1.5213828872031818,0,1,355.48765206476673,20,1,,,,,,20
miku-rolling-v1,parked_and_oncoming,84,MIKU,MIKU,0,0,1,0.1747497400759439,0.3415477608266989,,15.0,0.5868049702447257,2.764251301241152,27.642513012411516,4.0,2.408562397593182,6.148334135239722,0,1,490.04356196383014,20,0,contains_nonoptimal_cycle,20,20,20,inf,20
miku-rolling-v1,parked_and_oncoming,85,B0,B0-TimeBlind,0,0,1,0.302480708136986,0.364768412985418,,15.0,0.4788795437173228,2.255641519498753,22.55641519498753,4.0,2.6605179544833715,6.660293881944175,0,1,730.1238979271147,20,1,,,,,,20
miku-rolling-v1,parked_and_oncoming,85,MIKU,MIKU,0,0,1,0.12382419093387333,0.24059493239637497,,15.0,0.6330505997026055,2.9851421010922072,29.851421010922074,4.0,6.444948816242928,5.51854736925684,0,1,134.79966897284612,20,0,contains_nonoptimal_cycle,20,20,20,inf,20
miku-rolling-v1,parked_and_oncoming,86,B0,B0-TimeBlind,1,1,0,0.25549993870463905,0.6056355172753765,9.5,9.5,1.0,4.978959451353704,47.30011478786019,2.20313005553944,1.8837207807425547,0.728214872316214,0,0,76.34113699896261,19,1,,,,,,19
miku-rolling-v1,parked_and_oncoming,86,MIKU,MIKU,1,1,0,0.23231030638601702,0.5070665769502912,9.5,9.5,1.0,4.978980674275162,47.30031640561404,2.20313005553944,1.9020653171668453,0.728214872316214,0,0,94.86687905155122,19,0,all_cycles_optimal,19,19,19,0.0,19
miku-rolling-v1,parked_and_oncoming,87,B0,B0-TimeBlind,0,0,1,0.312825501113946,0.4720493360020427,,15.0,0.39299478133064186,1.8513949440595987,18.513949440595987,4.0,2.541271874066287,4.131143153628707,0,1,413.12804495100863,20,1,,,,,,20
miku-rolling-v1,parked_and_oncoming,87,MIKU,MIKU,0,0,1,0.23819551403748607,0.4085548138596837,,15.0,0.5124354839543898,2.412074443884697,24.12074443884697,4.00000001976175,2.2591273837995693,3.170005213831693,0,1,319.20650400570594,20,0,all_cycles_optimal,20,20,20,0.0,20
miku-rolling-v1,parked_and_oncoming,88,B0,B0-TimeBlind,1,1,0,0.08633792572294086,0.5183533620859309,9.3,9.3,1.0,5.070221404151205,47.15305905860621,1.6520781689659734,2.2301900166548263,0.6007486056550555,0,0,73.34499291027896,19,1,,,,,,19
miku-rolling-v1,parked_and_oncoming,88,MIKU,MIKU,1,1,0,0.12392342084255636,0.4227876825955936,9.3,9.3,1.0,5.070206285846074,47.15291845836849,1.6520781689659734,2.8839296818142857,0.6007486056550555,0,0,92.71885300404392,19,0,all_cycles_optimal,19,19,19,0.0,19
miku-rolling-v1,parked_and_oncoming,89,B0,B0-TimeBlind,1,1,0,0.19859811022089824,0.3778900178675998,9.4,9.4,1.0,5.0320794885775975,47.301547192629414,1.8764042457126873,2.931820605215936,0.6439829222582,0,0,71.67478400515392,19,1,,,,,,19
miku-rolling-v1,parked_and_oncoming,89,MIKU,MIKU,1,1,0,0.2307239361453739,0.3778900178675998,9.4,9.4,1.0,5.0318022278998304,47.29894094225841,1.8764042457126873,3.0136683777507605,0.6439829222582,0,0,88.1735379807651,19,0,all_cycles_optimal,19,19,19,0.0,19
miku-rolling-v1,parked_and_oncoming,90,B0,B0-TimeBlind,0,0,0,0.2800729819313661,0.39823156843111784,,15.0,0.7616500432344833,3.5852125724551565,35.85212572455156,4.000000000359485,2.570180401194025,2.5883232417353215,0,1,433.3292780793272,20,1,,,,,,20
miku-rolling-v1,parked_and_oncoming,90,MIKU,MIKU,0,0,0,0.2252906159057628,0.33983149504028665,,15.0,0.8217120224846534,3.8677337511864094,38.677337511864096,4.0,3.7486182953920197,2.451222586645324,0,1,532.0607799803838,20,0,all_cycles_optimal,20,20,20,0.0,20
miku-rolling-v1,parked_and_oncoming,91,B0,B0-TimeBlind,1,1,0,0.3003934482358647,0.6418728837109041,9.5,9.5,1.0,4.963217681472602,47.150567973989716,2.3011747962040925,1.6568689748152925,0.7669125589574592,0,0,73.2042440213263,19,1,,,,,,19
miku-rolling-v1,parked_and_oncoming,91,MIKU,MIKU,1,1,0,0.2256670841057692,0.5419676303228984,9.5,9.5,1.0,4.963225808251946,47.15064517839348,2.3011747962040925,1.705050543470536,0.7669125589574592,0,0,86.99367000372149,19,0,all_cycles_optimal,19,19,19,0.0,19
miku-rolling-v1,parked_and_oncoming,92,B0,B0-TimeBlind,1,1,0,0.2503885735251367,0.5911087784200858,9.4,9.4,1.0,5.020439730426395,47.19213346600811,1.9281208978886244,2.1425606410924365,0.6625422843796743,0,0,74.16185998590663,19,1,,,,,,19
miku-rolling-v1,parked_and_oncoming,92,MIKU,MIKU,1,1,0,0.2228796971471085,0.4945208610452465,9.4,9.4,1.0,5.020205874360501,47.189935218988715,1.9281208978886244,2.150651300656695,0.6625422843796743,0,0,83.99491696036421,19,0,all_cycles_optimal,19,19,19,0.0,19
miku-rolling-v1,parked_and_oncoming,93,B0,B0-TimeBlind,0,0,1,0.29926150984493965,0.46367417836651215,,15.0,0.597855273549174,2.8146448521106766,28.146448521106766,4.000000000000645,2.7278723052658416,2.6836772004358727,0,1,369.8807909677271,20,1,,,,,,20
miku-rolling-v1,parked_and_oncoming,93,MIKU,MIKU,0,0,1,-0.009928134949352518,0.0,,15.0,0.38992280316328565,1.8347112535978112,18.347112535978113,4.0,1.2745301492858965,7.4716289973426795,0,1,407.1525159815792,20,0,contains_nonoptimal_cycle,20,20,20,inf,20
miku-rolling-v1,parked_and_oncoming,94,B0,B0-TimeBlind,1,1,0,0.30317414922007857,0.6500420589050406,9.3,9.3,1.0,5.0691372176843466,47.142976124464425,1.6467177386464422,1.518058183239606,0.5989801852213976,0,0,70.75563000398688,19,1,,,,,,19
miku-rolling-v1,parked_and_oncoming,94,MIKU,MIKU,1,1,0,0.28297485521473287,0.6500420589050406,9.3,9.3,1.0,5.069119229194183,47.14280883150591,1.6467177386464422,1.5222970104788072,0.5989801852213976,0,0,86.90463009406812,19,0,all_cycles_optimal,19,19,19,0.0,19
miku-rolling-v1,parked_and_oncoming,95,B0,B0-TimeBlind,1,1,0,0.30227203707753203,0.5342664772790707,9.3,9.3,1.0,5.076881152650024,47.21499471964523,1.6218577853533944,3.149775883250125,0.5909816772775511,0,0,68.61758706509136,19,1,,,,,,19
miku-rolling-v1,parked_and_oncoming,95,MIKU,MIKU,1,1,0,0.25330598716693764,0.43877687045653574,9.3,9.3,1.0,5.076275530965685,47.20936243798087,1.6218577853533944,2.8653921022858366,0.5909816772775511,0,0,79.84840089920908,19,0,all_cycles_optimal,19,19,19,0.0,19
miku-rolling-v1,parked_and_oncoming,96,B0,B0-TimeBlind,1,1,0,0.25416001711991054,0.46784690739053236,9.5,9.5,1.0,4.98236035670435,47.332423388691325,2.1858101247298474,1.5930011180623425,0.7215833590547505,0,0,71.54333993094042,19,1,,,,,,19
miku-rolling-v1,parked_and_oncoming,96,MIKU,MIKU,1,1,0,0.2133736167363507,0.46784690739053236,9.5,9.5,1.0,4.9819723123513775,47.32873696733809,2.1858101247298474,1.5624481838956223,0.7215833590547505,0,0,83.93704393529333,19,0,all_cycles_optimal,19,19,19,0.0,19
miku-rolling-v1,parked_and_oncoming,97,B0,B0-TimeBlind,1,1,0,0.28653618931529673,0.5192920037256119,9.4,9.4,1.0,5.034882832234074,47.3278986230003,1.8574764011000653,2.4577476812083168,0.6374267747486384,0,0,72.35621605650522,19,1,,,,,,19
miku-rolling-v1,parked_and_oncoming,97,MIKU,MIKU,1,1,0,0.24284084652882143,0.42288069462485595,9.4,9.4,1.0,5.034391753172899,47.32328247982526,1.8574764011000653,2.2944704997781953,0.6374267747486384,0,0,82.6465209829621,19,0,all_cycles_optimal,19,19,19,0.0,19
miku-rolling-v1,parked_and_oncoming,98,B0,B0-TimeBlind,0,0,1,0.2850314200991657,0.5036995891062819,,15.0,0.7077913955777888,3.3303375107519164,33.303375107519166,2.1961536550440375,2.8809757758287162,0.9524040374295177,0,1,255.66540003637783,20,1,,,,,,20
miku-rolling-v1,parked_and_oncoming,98,MIKU,MIKU,0,0,0,0.19826125523754934,0.3156075951129667,,15.0,0.7766023118652136,3.6533926761545303,36.5339267615453,2.611399705025286,2.246806642010017,1.6332373274123912,0,1,240.09315500734374,20,0,all_cycles_optimal,20,20,20,0.0,20
miku-rolling-v1,parked_and_oncoming,99,B0,B0-TimeBlind,0,0,0,0.34754545738101883,0.3585099433622445,,15.0,0.42857934850267154,2.019366672511219,20.19366672511219,3.363111810773364,2.3571159044292567,1.4810640561786905,0,1,287.44404611643404,20,1,,,,,,20
miku-rolling-v1,parked_and_oncoming,99,MIKU,MIKU,0,0,1,0.26655312407430776,0.2604771558549071,,15.0,0.5607264822284694,2.641449151023513,26.41449151023513,3.0909054703246657,3.0214909769720903,1.3161306647805404,0,1,282.58193499641493,20,0,all_cycles_optimal,20,20,20,0.0,20
miku-rolling-v1,narrow_multi_obstacle,0,B0,B0-TimeBlind,0,0,0,0.8806840005601827,,,17.0,0.25640991759249243,0.8334918608191099,10.001902329829319,1.4872574683002298,0.2068302897996494,0.46013087899606514,0,1,721.5899599250406,24,1,,,,,,24
miku-rolling-v1,narrow_multi_obstacle,0,MIKU,MIKU,1,1,0,0.25739801797257433,,11.1,11.1,1.0,3.529118449137222,39.17321478542316,0.9668191102863621,0.0,0.3886853170677726,0,0,169.89841396571137,23,0,all_cycles_optimal,23,23,23,0.0,23
miku-rolling-v1,narrow_multi_obstacle,1,B0,B0-TimeBlind,0,0,0,1.5469452121136058,1.7969270077609236,,17.0,0.2564099405076484,0.8335169301164888,10.002203161397865,1.4198485081989625,0.1783218073315537,0.4343436309120467,0,1,711.8676930549555,24,1,,,,,,24
miku-rolling-v1,narrow_multi_obstacle,1,MIKU,MIKU,0,0,1,0.08570976951682137,1.0405937167405417,,17.0,0.3059706596629188,0.9959187241312497,11.951024689574997,4.0,0.22417269882154628,11.935336010075563,0,1,386.52363102301024,24,0,contains_nonoptimal_cycle,24,24,24,inf,24
miku-rolling-v1,narrow_multi_obstacle,2,B0,B0-TimeBlind,0,0,0,0.2990854571010615,,,17.0,0.4716630360275897,1.532932324379754,18.395187892557047,0.82964172692157,0.08389734766933234,0.2232554327120875,0,1,152.2389109886717,24,1,,,,,,24
miku-rolling-v1,narrow_multi_obstacle,2,MIKU,MIKU,1,1,0,0.24280968905828826,,11.1,11.1,1.0,3.524876227410468,39.126126124256196,0.9836332475872107,0.27979044858102264,0.39304947585000655,0,0,187.28833508794196,23,0,all_cycles_optimal,23,23,23,0.0,23
miku-rolling-v1,narrow_multi_obstacle,3,B0,B0-TimeBlind,0,0,0,0.5184177292133282,,,17.0,0.2692302678647218,0.8751531675834476,10.501838011001372,1.1326992727272271,0.163184558561088,0.3259133013339002,0,1,561.5678690664936,24,1,,,,,,24
miku-rolling-v1,narrow_multi_obstacle,3,MIKU,MIKU,0,0,1,0.19944640555629323,,,17.0,0.42950342217260984,1.396672884429092,16.760074613149104,4.0,0.7576816794372127,9.889991732926674,0,1,387.5617260928266,24,0,contains_nonoptimal_cycle,24,24,24,inf,24
miku-rolling-v1,narrow_multi_obstacle,4,B0,B0-TimeBlind,0,0,0,1.6000478053165024,,,17.0,0.2564099527251273,0.8333335118455233,10.000002142146279,1.4076845319853224,0.0,0.4297641068186498,0,1,621.1265810125042,24,1,,,,,,24
miku-rolling-v1,narrow_multi_obstacle,4,MIKU,MIKU,1,1,0,0.24342451002092602,,11.1,11.1,1.0,3.5251609149440672,39.12928615587914,0.9824126131559614,0.12392343065824235,0.3927218519799589,0,0,180.6656339613255,23,0,all_cycles_optimal,23,23,23,0.0,23
miku-rolling-v1,narrow_multi_obstacle,5,B0,B0-TimeBlind,0,0,0,1.638604998804525,,,17.0,0.26923039451675435,0.8749987821794516,10.49998538615342,1.2904011869993435,0.0,0.3820505456591958,0,1,600.8596200263128,24,1,,,,,,24
miku-rolling-v1,narrow_multi_obstacle,5,MIKU,MIKU,0,0,1,0.21186621183251653,,,17.0,0.3772341821162556,1.2261784303764118,14.714141164516942,4.0,0.48156986625466386,10.660204650678468,0,1,282.14637405471876,24,0,contains_nonoptimal_cycle,24,24,24,inf,24
miku-rolling-v1,narrow_multi_obstacle,6,B0,B0-TimeBlind,0,0,0,1.2988803201105867,,,17.0,0.2692300717507613,0.8752179306379929,10.502615167655915,1.159396415627095,0.19096537883378337,0.3353025352802564,0,1,564.297373930458,24,1,,,,,,24
miku-rolling-v1,narrow_multi_obstacle,6,MIKU,MIKU,0,0,1,0.24356171013741257,,,17.0,0.5160510227793369,1.6771773222174033,20.12612786660884,4.0,0.21405037847781494,8.854464479642276,0,1,269.81509290635586,24,0,contains_nonoptimal_cycle,24,24,24,inf,24
miku-rolling-v1,narrow_multi_obstacle,7,B0,B0-TimeBlind,0,0,1,0.4708916506806033,8.122163706469204,,17.0,0.2692304943259823,0.8752108099632602,10.502529719559123,1.704495998203358,0.2457215980395891,0.537960173749397,0,1,689.6394050272647,24,1,,,,,,24
miku-rolling-v1,narrow_multi_obstacle,7,MIKU,MIKU,0,0,1,0.1964553020993448,,,17.0,0.7753557486744321,2.5208989579967036,30.250787495960445,4.0,1.2655011576332764,6.119796383786781,0,1,401.187595911324,24,0,contains_nonoptimal_cycle,24,24,24,inf,24
miku-rolling-v1,narrow_multi_obstacle,8,B0,B0-TimeBlind,0,0,0,1.03200983354214,1.6049577201829297,,17.0,0.25640992462530615,0.8335607888110469,10.002729465732562,1.6249559530131612,0.2615359014811714,0.5129929234375911,0,1,634.7981980652548,24,1,,,,,,24
miku-rolling-v1,narrow_multi_obstacle,8,MIKU,MIKU,0,0,1,0.05758824939231899,0.5405103756999331,,17.0,0.30643436056105355,0.9973613014148919,11.968335616978703,4.0,0.325172856940232,12.066027042016568,0,1,394.3862480809912,24,0,contains_nonoptimal_cycle,24,24,24,inf,24
miku-rolling-v1,narrow_multi_obstacle,9,B0,B0-TimeBlind,0,0,1,0.677250293512101,,,17.0,0.2692304553634806,0.8752161226278742,10.50259347153449,2.251400395553311,0.3341130042164308,0.7596367378316676,0,1,649.4895241048653,24,1,,,,,,24
miku-rolling-v1,narrow_multi_obstacle,9,MIKU,MIKU,0,0,1,0.17388348141022925,,,17.0,0.6887008852709717,2.2384410769738823,26.861292923686587,4.0,0.3428080943156078,9.97765083077225,0,1,223.66405904176645,24,0,contains_nonoptimal_cycle,24,24,24,inf,24
miku-rolling-v1,narrow_multi_obstacle,10,B0,B0-TimeBlind,0,0,1,0.5742466673052439,12.75178612266519,,17.0,0.28205094547137766,0.9168089766400852,11.001707719681022,1.8689491950585337,0.20255485090180475,0.5965722510566491,0,1,702.7608781063464,24,1,,,,,,24
miku-rolling-v1,narrow_multi_obstacle,10,MIKU,MIKU,0,0,1,0.19791170320522944,,,17.0,0.5139896137664145,1.6704978975246643,20.04597477029597,4.0,0.13500862905448408,10.23657748736325,0,1,528.2036710414104,24,0,contains_nonoptimal_cycle,24,24,24,inf,24
miku-rolling-v1,narrow_multi_obstacle,11,B0,B0-TimeBlind,0,0,0,0.29790836887551686,,,17.0,0.6453319581695037,2.0973385994066285,25.168063192879544,0.7428973617825559,0.037119430945350335,0.2513206700627045,0,1,150.39819607045501,24,1,,,,,,24
miku-rolling-v1,narrow_multi_obstacle,11,MIKU,MIKU,1,1,0,0.25160637419112786,,11.1,11.1,1.0,3.520053645296867,39.07259546279522,1.0022672522665503,0.03369480626040186,0.398255908583286,0,0,181.9878219102975,23,0,all_cycles_optimal,23,23,23,0.0,23
miku-rolling-v1,narrow_multi_obstacle,12,B0,B0-TimeBlind,0,0,0,1.4708052163641312,,,17.0,0.2435894058385434,0.7918672164066908,9.50240659688029,1.4132638367794008,0.2076142798121176,0.43726106511531126,0,1,720.226484030718,24,1,,,,,,24
miku-rolling-v1,narrow_multi_obstacle,12,MIKU,MIKU,0,0,1,0.23413221877089763,,,17.0,0.49069652875805075,1.594768767170401,19.13722520604481,4.0,0.6290561919355763,9.668426282124734,0,1,349.37978597008623,24,0,contains_nonoptimal_cycle,24,24,24,inf,24
miku-rolling-v1,narrow_multi_obstacle,13,B0,B0-TimeBlind,0,0,0,0.7652973509676754,,,17.0,0.26923037437741976,0.8751597265412303,10.501916718494764,1.3327288720137236,0.16190559488193518,0.39751244803854324,0,1,577.7959959523287,24,1,,,,,,24
miku-rolling-v1,narrow_multi_obstacle,13,MIKU,MIKU,0,0,1,0.2005475095885394,,,17.0,0.3464695869744262,1.1267552367793796,13.521062841352556,4.0,0.377326561606822,8.414967892777945,0,1,261.51515502715483,24,0,contains_nonoptimal_cycle,24,24,24,inf,24
miku-rolling-v1,narrow_multi_obstacle,14,B0,B0-TimeBlind,0,0,0,0.29787070323468495,,,17.0,0.4728871897446786,1.5370886179072585,18.4450634148871,0.9634870458391139,0.08181839114883298,0.2516254495223237,0,1,174.2047369480133,24,1,,,,,,24
miku-rolling-v1,narrow_multi_obstacle,14,MIKU,MIKU,0,0,0,0.21521355785749985,,,17.0,0.6758676680870426,2.196811170219154,26.36173404262985,0.7704967347064288,0.09290827741115586,0.29272013868020746,0,1,189.05722702038474,24,0,all_cycles_optimal,24,24,24,0.0,24
miku-rolling-v1,narrow_multi_obstacle,15,B0,B0-TimeBlind,0,0,0,1.531225655267896,,,17.0,0.2692305082601182,0.8752668859695806,10.503202631634966,1.438793213365566,0.2748797005253387,0.43653844724028645,0,1,667.8078360855579,24,1,,,,,,24
miku-rolling-v1,narrow_multi_obstacle,15,MIKU,MIKU,0,0,1,0.208776479971502,,,17.0,0.46964120920866603,1.5266875104737967,18.32025012568556,4.0,0.4339567657848532,10.19341817382501,0,1,268.0956670374144,24,0,contains_nonoptimal_cycle,24,24,24,inf,24
miku-rolling-v1,narrow_multi_obstacle,16,B0,B0-TimeBlind,0,0,0,1.0701946034424916,,,17.0,0.2692304344962689,0.8752054066746103,10.502464880095324,1.451242254459955,0.24016942878918213,0.44119020862366143,0,1,750.6167719839141,24,1,,,,,,24
miku-rolling-v1,narrow_multi_obstacle,16,MIKU,MIKU,0,0,0,0.21586615042972546,,,17.0,0.6949658099401772,2.258991240938587,27.107894891263044,3.524255080161105,0.9944768887053094,1.7756265416855619,0,1,247.3686060111504,24,0,all_cycles_optimal,24,24,24,0.0,24
miku-rolling-v1,narrow_multi_obstacle,17,B0,B0-TimeBlind,0,0,0,0.29743225230049286,,,17.0,0.4611445045912289,1.4989484027358209,17.98738083282985,1.0531146253510704,0.13708104976160035,0.27277325748511616,0,1,207.53917598631233,24,1,,,,,,24
miku-rolling-v1,narrow_multi_obstacle,17,MIKU,MIKU,0,0,1,0.21151918651777926,,,17.0,0.5061467994301093,1.6451345387770584,19.7416144653247,4.0,0.27592431862576333,10.072039366408067,0,1,251.1405899131205,24,0,contains_nonoptimal_cycle,24,24,24,inf,24
miku-rolling-v1,narrow_multi_obstacle,18,B0,B0-TimeBlind,0,0,1,0.5501078093667959,,,17.0,0.26923047049546256,0.8752284826144473,10.502741791373367,1.6975085374090937,0.2566454793746583,0.5352290761555026,0,1,732.1953249920625,24,1,,,,,,24
miku-rolling-v1,narrow_multi_obstacle,18,MIKU,MIKU,0,0,1,0.24592641136137322,,,17.0,0.7050181552285852,2.2913212136976995,27.495854564372394,4.0,0.10448055628003783,8.487945489434768,0,1,320.4822459665593,24,0,contains_nonoptimal_cycle,24,24,24,inf,24
miku-rolling-v1,narrow_multi_obstacle,19,B0,B0-TimeBlind,0,0,0,1.5249041531609524,,,17.0,0.25640987647932906,0.8335253872999585,10.002304647599502,1.200225823513189,0.19335162393791355,0.3534736806434789,0,1,553.0127949896269,24,1,,,,,,24
miku-rolling-v1,narrow_multi_obstacle,19,MIKU,MIKU,1,1,0,0.24394914285422864,,11.1,11.1,1.0,3.514281939617215,39.00852952975109,1.0248959052239288,0.13429093878562554,0.4050803065585384,0,0,191.24865008052438,23,0,all_cycles_optimal,23,23,23,0.0,23
miku-rolling-v1,narrow_multi_obstacle,20,B0,B0-TimeBlind,0,0,0,1.6104849335459297,,,17.0,0.243589412803287,0.7916745816927776,9.500094980313332,2.4016092644000153,0.0,0.8440519664274865,0,1,1766.7315089493059,24,1,,,,,,24
miku-rolling-v1,narrow_multi_obstacle,20,MIKU,MIKU,1,1,0,0.23310488018761633,,11.7,11.7,1.0,3.337145087689325,39.0445975259651,3.4459682105580853,0.13418601628185386,1.7167254279905575,0,0,550.8097590063699,24,0,all_cycles_optimal,24,24,24,0.0,24
miku-rolling-v1,narrow_multi_obstacle,21,B0,B0-TimeBlind,0,0,0,1.4749143109101264,5.980326053069746,,17.0,0.2692305087381261,0.8752668657564516,10.503202389077419,1.698498089283329,0.27737948182694666,0.5356159491476237,0,1,706.1722740181722,24,1,,,,,,24
miku-rolling-v1,narrow_multi_obstacle,21,MIKU,MIKU,0,0,1,0.12033289535188438,4.43521360622983,,17.0,0.347384440134877,1.130204015776143,13.562448189313717,4.0,0.40068020771592683,10.466395674541111,0,1,291.14426794694737,24,0,contains_nonoptimal_cycle,24,24,24,inf,24
miku-rolling-v1,narrow_multi_obstacle,22,B0,B0-TimeBlind,0,0,0,0.6311345919923254,17.881352048634426,,17.0,0.2692304311734448,0.8751599249552307,10.501919099462768,1.5037427404731767,0.21490938234078596,0.4609790318065931,0,1,798.0143480817787,24,1,,,,,,24
miku-rolling-v1,narrow_multi_obstacle,22,MIKU,MIKU,0,0,1,0.24594257623977844,,,17.0,0.4810251040502854,1.563824440832896,18.765893289994754,4.000000012199902,0.6352779813537965,8.998118948985617,0,1,253.5270660300739,24,0,contains_nonoptimal_cycle,24,24,24,inf,24
miku-rolling-v1,narrow_multi_obstacle,23,B0,B0-TimeBlind,0,0,0,1.1415567535851814,,,17.0,0.25640994975719456,0.8335183658259081,10.002220389910898,1.3101908384577796,0.19701190372413305,0.39370059617838926,0,1,570.2741550048813,24,1,,,,,,24
miku-rolling-v1,narrow_multi_obstacle,23,MIKU,MIKU,1,1,0,0.23586428373180857,,11.1,11.1,1.0,3.520289806114909,39.07521684787549,1.0018530577380693,0.4117262958258321,0.39813605642084454,0,0,182.60703698615544,23,0,all_cycles_optimal,23,23,23,0.0,23
miku-rolling-v1,narrow_multi_obstacle,24,B0,B0-TimeBlind,0,0,0,0.9648181700185817,,,17.0,0.2564099828349959,0.8335111747336258,10.002134096803509,1.433321216561603,0.17495352560911004,0.4394895951968976,0,1,795.3451331122778,24,1,,,,,,24
miku-rolling-v1,narrow_multi_obstacle,24,MIKU,MIKU,0,0,1,0.21456745691654433,,,17.0,0.6807030354897358,2.2125483548408367,26.55058025809004,4.0,0.2211537656410757,5.53021764855049,0,1,275.0438460498117,24,0,contains_nonoptimal_cycle,24,24,24,inf,24
miku-rolling-v1,narrow_multi_obstacle,25,B0,B0-TimeBlind,0,0,0,0.30000000000000004,,,17.0,0.47324819714153915,1.538179276511256,18.458151318135073,1.0036213305088484,0.08001649787107364,0.2609977535158136,0,1,174.1696499811951,24,1,,,,,,24
miku-rolling-v1,narrow_multi_obstacle,25,MIKU,MIKU,0,0,1,0.2798926921652034,,,17.0,0.6743055371545313,2.1914979315748147,26.297975178897776,4.0,0.6472743345578044,6.56682768600176,0,1,251.678454951616,24,0,contains_nonoptimal_cycle,24,24,24,inf,24
miku-rolling-v1,narrow_multi_obstacle,26,B0,B0-TimeBlind,0,0,0,0.9969945678066849,1.796142766152319,,17.0,0.26923043430958915,0.8751338413627526,10.501606096353031,1.9943419511843148,0.20017709334330713,0.6536722901155584,0,1,711.4667520509101,24,1,,,,,,24
miku-rolling-v1,narrow_multi_obstacle,26,MIKU,MIKU,1,1,0,0.21030890865778729,,11.7,11.7,1.0,3.336995148417488,39.04284323648461,3.6725972613470326,0.853284742695201,1.9181809803745935,0,0,521.0283260094002,24,0,all_cycles_optimal,24,24,24,0.0,24
miku-rolling-v1,narrow_multi_obstacle,27,B0,B0-TimeBlind,0,0,0,1.334364812982796,,,17.0,0.26923045259882844,0.8752258127929173,10.502709753515008,2.3299991374566487,0.3439283391222267,0.7933784560112739,0,1,922.6491369772702,24,1,,,,,,24
miku-rolling-v1,narrow_multi_obstacle,27,MIKU,MIKU,1,1,0,0.2503116337596283,,10.9,10.9,1.0,3.5915557997665606,39.14795821745551,0.6641896811713051,0.07579291419339762,0.32810775613215204,0,0,175.97082303836942,22,0,all_cycles_optimal,22,22,22,0.0,22
miku-rolling-v1,narrow_multi_obstacle,28,B0,B0-TimeBlind,0,0,0,1.13792959958554,,,17.0,0.256409918797306,0.8335169369655127,10.002203243586152,1.3309876278837482,0.19387601868485035,0.4012721917676707,0,1,665.1398509857245,24,1,,,,,,24
miku-rolling-v1,narrow_multi_obstacle,28,MIKU,MIKU,0,0,1,0.13063610948730442,,,17.0,0.3432711603448604,1.1165260159897894,13.398312191877473,4.0,0.3081841012737312,11.95724258368303,0,1,472.82551394891925,24,0,contains_nonoptimal_cycle,24,24,24,inf,24
miku-rolling-v1,narrow_multi_obstacle,29,B0,B0-TimeBlind,0,0,0,1.4076871178586932,,,17.0,0.2692304525647983,0.8751899370485609,10.50227924458273,2.1948788679826507,0.30528445875186955,0.7358283606708624,0,1,1003.7857840070501,24,1,,,,,,24
miku-rolling-v1,narrow_multi_obstacle,29,MIKU,MIKU,0,0,1,0.2528758152484145,,,17.0,0.7071314641444264,2.2981772917334005,27.578127500800804,4.0,0.0013967028284479635,6.379271052878994,0,1,285.73903400683776,24,0,contains_nonoptimal_cycle,24,24,24,inf,24
miku-rolling-v1,narrow_multi_obstacle,30,B0,B0-TimeBlind,0,0,0,0.28669874137544127,,,17.0,0.461101311985708,1.4986728885360832,17.984074662433,1.048296363552354,0.08482449641094049,0.27155584543044364,0,1,197.59377901209518,24,1,,,,,,24
miku-rolling-v1,narrow_multi_obstacle,30,MIKU,MIKU,1,1,0,0.24202559825882952,,11.0,11.0,1.0,3.5565469086808226,39.12201599548905,0.7360190684089535,0.008919263130291125,0.34441266174979135,0,0,172.17845801496878,22,0,all_cycles_optimal,22,22,22,0.0,22
miku-rolling-v1,narrow_multi_obstacle,31,B0,B0-TimeBlind,0,0,0,1.9379205448558707,,,17.0,0.2564099235945721,0.833339921534452,10.000079058413425,2.0526053961452315,0.0,0.6850959028569146,0,1,643.8505959231406,24,1,,,,,,24
miku-rolling-v1,narrow_multi_obstacle,31,MIKU,MIKU,0,0,1,0.1696249366279628,,,17.0,0.44830605674302304,1.457502739378599,17.49003287254319,4.0,0.34820218839495504,6.06664865221415,0,1,327.201802021591,24,0,contains_nonoptimal_cycle,24,24,24,inf,24
miku-rolling-v1,narrow_multi_obstacle,32,B0,B0-TimeBlind,0,0,0,0.2891389918120879,,,17.0,0.6493136269395082,2.1106419972452666,25.327703966943197,1.0542681502161597,0.25427129043452334,0.2915731582121757,0,1,163.63888594787568,24,1,,,,,,24
miku-rolling-v1,narrow_multi_obstacle,32,MIKU,MIKU,1,1,0,0.24477696093790247,,10.9,10.9,1.0,3.590446514307264,39.13586700594918,0.6562256335064975,0.13541821788851544,0.3279045885717367,0,0,175.26654203538783,22,0,all_cycles_optimal,22,22,22,0.0,22
miku-rolling-v1,narrow_multi_obstacle,33,B0,B0-TimeBlind,0,0,0,1.6646023275762643,,,17.0,0.2435894057938937,0.7916745301765437,9.500094362118524,2.1681530228682555,0.0,0.7428693084551975,0,1,910.5835759837646,24,1,,,,,,24
miku-rolling-v1,narrow_multi_obstacle,33,MIKU,MIKU,0,0,1,0.15907088311375484,,,17.0,0.3331442791468287,1.0829638662348453,12.995566394818143,4.0,0.16684293317770157,10.54940190093486,0,1,510.2566049026791,24,0,contains_nonoptimal_cycle,24,24,24,inf,24
miku-rolling-v1,narrow_multi_obstacle,34,B0,B0-TimeBlind,0,0,1,0.29624862055414525,,,17.0,0.4743400039706029,1.5417684886933554,18.501221864320264,1.2455373488489307,0.2371449139706406,0.3279048862335842,0,1,513.5341249697376,24,1,,,,,,24
miku-rolling-v1,narrow_multi_obstacle,34,MIKU,MIKU,0,0,1,0.22346972553579803,,,17.0,0.630753554236087,2.0499871487775425,24.599845785330512,4.0,0.201454320876519,5.920746293496443,0,1,248.73251392273232,24,0,contains_nonoptimal_cycle,24,24,24,inf,24
miku-rolling-v1,narrow_multi_obstacle,35,B0,B0-TimeBlind,0,0,1,0.44197252832341727,3.1552886234790223,,17.0,0.28205094548098986,0.9168932500672135,11.002719000806561,2.259271008760496,0.3254472574851801,0.7541895147546637,0,1,653.6918781057466,24,1,,,,,,24
miku-rolling-v1,narrow_multi_obstacle,35,MIKU,MIKU,0,0,1,0.08338452985043054,0.9725818742348248,,17.0,0.34043549878951435,1.107703005927935,13.292436071135219,4.0,0.40654351476623785,10.378168028252357,0,1,351.283539988799,24,0,contains_nonoptimal_cycle,24,24,24,inf,24
miku-rolling-v1,narrow_multi_obstacle,36,B0,B0-TimeBlind,0,0,0,1.4892509663252163,8.345023347260138,,17.0,0.24358940961753953,0.7918779794332584,9.502535753199101,1.5522083393004087,0.25828059811676457,0.49068363982084723,0,1,548.6950159829576,24,1,,,,,,24
miku-rolling-v1,narrow_multi_obstacle,36,MIKU,MIKU,0,0,1,0.22881782408270301,,,17.0,0.5308592948580362,1.7252980891208474,20.70357706945017,4.0,0.0876649839530489,8.455292180366984,0,1,234.0832110203337,24,0,contains_nonoptimal_cycle,24,24,24,inf,24
miku-rolling-v1,narrow_multi_obstacle,37,B0,B0-TimeBlind,0,0,0,0.29791644121501,,,17.0,0.447137468534802,1.453223937207514,17.43868724649017,0.8908231017011325,0.11718773183748703,0.23335260838715455,0,1,163.31423397059552,24,1,,,,,,24
miku-rolling-v1,narrow_multi_obstacle,37,MIKU,MIKU,0,0,1,0.18923589159875925,,,17.0,0.4967348497537681,1.6144144521768429,19.372973426122115,4.0,0.04008216639253324,8.615873392243266,0,1,358.4435399970971,24,0,contains_nonoptimal_cycle,24,24,24,inf,24
miku-rolling-v1,narrow_multi_obstacle,38,B0,B0-TimeBlind,0,0,0,0.2989380417792189,,,17.0,0.6697631096814414,2.176942201556329,26.12330641867595,0.8500220577731256,0.15694463850402302,0.26275583032601285,0,1,148.75899194157682,24,1,,,,,,24
miku-rolling-v1,narrow_multi_obstacle,38,MIKU,MIKU,0,0,1,0.21972607701282976,,,17.0,0.6823815023294417,2.218097221693622,26.617166660323463,4.0,0.45257551025811193,4.023887375351279,0,1,285.5351190373767,24,0,contains_nonoptimal_cycle,24,24,24,inf,24
miku-rolling-v1,narrow_multi_obstacle,39,B0,B0-TimeBlind,0,0,0,1.6014461523312216,,,17.0,0.2692304578110553,0.8750016733635079,10.500020080362095,1.4504667648967617,0.0,0.4408985764000088,0,1,737.310566008091,24,1,,,,,,24
miku-rolling-v1,narrow_multi_obstacle,39,MIKU,MIKU,1,1,0,0.2379419956790354,,11.1,11.1,1.0,3.5310865033106387,39.19506018674809,0.9594151702382735,0.2498475915381062,0.38686694300658986,0,0,198.88247197377495,23,0,all_cycles_optimal,23,23,23,0.0,23
miku-rolling-v1,narrow_multi_obstacle,40,B0,B0-TimeBlind,0,0,0,0.8679554773139534,1.5139023529346516,,17.0,0.25640992466097506,0.8334813870692187,10.001776644830624,2.5410337132500342,0.2795434086938552,0.8942783527075734,0,1,1411.7965860350523,24,1,,,,,,24
miku-rolling-v1,narrow_multi_obstacle,40,MIKU,MIKU,1,1,0,0.22163500325221674,,11.7,11.7,1.0,3.3647143025238533,39.36715733952908,3.4404105083445895,0.8016830704926852,1.6835354126496813,0,0,350.12083093170077,24,0,all_cycles_optimal,24,24,24,0.0,24
miku-rolling-v1,narrow_multi_obstacle,41,B0,B0-TimeBlind,0,0,1,0.5598409724256597,,,17.0,0.269230435370587,0.8751537264923499,10.501844717908199,2.0423545656803386,0.21118747718328693,0.6734172757995553,0,1,1155.3447439800948,24,1,,,,,,24
miku-rolling-v1,narrow_multi_obstacle,41,MIKU,MIKU,1,1,0,0.2530395220737611,,11.0,11.0,1.0,3.567950182995472,39.24745201295019,0.7028406243943759,0.027637289618397492,0.34150659742547296,0,0,179.7144869924523,22,0,all_cycles_optimal,22,22,22,0.0,22
miku-rolling-v1,narrow_multi_obstacle,42,B0,B0-TimeBlind,0,0,0,1.1719039472539998,4.371031625924972,,17.0,0.25640992357575926,0.8335783630132786,10.002940356159343,2.5083424535040537,0.36550111191458,0.8796218797876786,0,1,1343.995837989496,24,1,,,,,,24
miku-rolling-v1,narrow_multi_obstacle,42,MIKU,MIKU,0,0,1,0.2152837452789686,3.275737642949777,,17.0,0.4362328931309179,1.41919886318191,17.03038635818292,4.0,1.16236135300742,6.056633151502265,0,1,538.6817819089629,24,0,contains_nonoptimal_cycle,24,24,24,inf,24
miku-rolling-v1,narrow_multi_obstacle,43,B0,B0-TimeBlind,0,0,0,1.402526494197237,14.138136347934884,,17.0,0.2820509454678782,0.9169320786684461,11.003184944021353,2.241443893749658,0.3541297049008399,0.7468157569564051,0,1,811.4755489223171,24,1,,,,,,24
miku-rolling-v1,narrow_multi_obstacle,43,MIKU,MIKU,0,0,1,0.13247500782723942,5.1511830527741935,,17.0,0.36041219888014525,1.172322652129106,14.067871825549272,4.0,0.4391037892801619,10.440494248322175,0,1,337.1289270580746,24,0,contains_nonoptimal_cycle,24,24,24,inf,24
miku-rolling-v1,narrow_multi_obstacle,44,B0,B0-TimeBlind,0,0,0,1.4203564259619212,,,17.0,0.25640992462791656,0.833508671616577,10.002104059398924,1.6423914144195848,0.22957682979196312,0.5198718283680309,0,1,616.0746439709328,24,1,,,,,,24
miku-rolling-v1,narrow_multi_obstacle,44,MIKU,MIKU,1,1,0,0.24569269583405418,,11.1,11.1,1.0,3.5365654480564386,39.25587647342647,0.9379052640264487,0.2266594976220529,0.38195312500419676,0,0,188.75942000886425,23,0,all_cycles_optimal,23,23,23,0.0,23
miku-rolling-v1,narrow_multi_obstacle,45,B0,B0-TimeBlind,0,0,1,0.30507301111540563,,,17.0,0.4612746004234418,1.4993079255511201,17.99169510661344,1.0864412624127395,0.14668617670570228,0.2816956371633507,0,1,232.8845850424841,24,1,,,,,,24
miku-rolling-v1,narrow_multi_obstacle,45,MIKU,MIKU,1,1,0,0.2623243557408632,,11.0,11.0,1.0,3.560957985890534,39.170537844795874,0.7231826779155647,0.0,0.34301857987193746,0,0,165.7449820486363,22,0,all_cycles_optimal,22,22,22,0.0,22
miku-rolling-v1,narrow_multi_obstacle,46,B0,B0-TimeBlind,0,0,0,1.440493589020226,,,17.0,0.25640992359834247,0.8335793953305988,10.002952743967185,2.150882512153311,0.2779549738303382,0.7263042305024136,0,1,560.3242150391452,24,1,,,,,,24
miku-rolling-v1,narrow_multi_obstacle,46,MIKU,MIKU,0,0,1,0.16280236681274518,,,17.0,0.4889747364749431,1.5902745922986814,19.083295107584178,4.0,0.7728844510775835,2.2599658423024866,0,1,1010.3041449910961,24,0,contains_nonoptimal_cycle,24,24,24,inf,24
miku-rolling-v1,narrow_multi_obstacle,47,B0,B0-TimeBlind,0,0,0,1.738658527693034,,,17.0,0.24358942586147064,0.7916734150388267,9.50008098046592,2.1800710897542213,0.0,0.7479183029095413,0,1,1234.7876910935156,24,1,,,,,,24
miku-rolling-v1,narrow_multi_obstacle,47,MIKU,MIKU,0,0,1,0.19997228686110757,,,17.0,0.31764833807094867,1.032357107814956,12.388285293779472,4.0,0.0005201315617916491,11.957539667939235,0,1,685.8090999885462,24,0,contains_nonoptimal_cycle,24,24,24,inf,24
miku-rolling-v1,narrow_multi_obstacle,48,B0,B0-TimeBlind,1,1,0,0.30733559884746153,,11.0,11.0,1.0,3.5593568777789057,39.15292565556796,0.7278418117388371,0.0,0.3434854896098414,0,0,132.1533019945491,22,1,,,,,,22
miku-rolling-v1,narrow_multi_obstacle,48,MIKU,MIKU,1,1,0,0.30733559884746153,,11.0,11.0,1.0,3.5593568777789057,39.15292565556796,0.7278418117388371,0.0,0.3434854896098414,0,0,166.30143608199432,22,0,all_cycles_optimal,22,22,22,0.0,22
miku-rolling-v1,narrow_multi_obstacle,49,B0,B0-TimeBlind,0,0,0,0.29765302180943864,,,17.0,0.47191204833546724,1.5338453113087496,18.406143735704994,0.856866283428094,0.05984352525508619,0.2286062700117887,0,1,159.7740659781266,24,1,,,,,,24
miku-rolling-v1,narrow_multi_obstacle,49,MIKU,MIKU,0,0,1,0.1622021204230244,,,17.0,0.73754790272374,2.397666090863361,28.771993090360333,4.0,0.7660039197065988,6.756351776522992,0,1,265.5558570404537,24,0,contains_nonoptimal_cycle,24,24,24,inf,24
miku-rolling-v1,narrow_multi_obstacle,50,B0,B0-TimeBlind,0,0,0,0.5368248718040219,,,17.0,0.269230438193197,0.8751412808426515,10.501695370111818,1.251845137861957,0.1655467863043117,0.36817459666855545,0,1,587.7567619609181,24,1,,,,,,24
miku-rolling-v1,narrow_multi_obstacle,50,MIKU,MIKU,1,1,0,0.24004683076718925,,11.1,11.1,1.0,3.5207262222260054,39.08006106670866,1.000324724166575,0.2758446290209226,0.39769541787271145,0,0,188.03290693904273,23,0,all_cycles_optimal,23,23,23,0.0,23
miku-rolling-v1,narrow_multi_obstacle,51,B0,B0-TimeBlind,0,0,0,1.3675952522994406,1.9699615737431855,,17.0,0.2564098597326002,0.8334762946710397,10.001715536052476,1.1955951458388419,0.16754422256686977,0.351832321959206,0,1,549.0905029582791,24,1,,,,,,24
miku-rolling-v1,narrow_multi_obstacle,51,MIKU,MIKU,0,0,1,0.04926321554437922,0.5357186297908291,,17.0,0.31019174225263096,1.0101275499011353,12.121530598813624,4.0,0.29492646834051545,11.966065172211763,0,1,396.224861004157,24,0,contains_nonoptimal_cycle,24,24,24,inf,24
miku-rolling-v1,narrow_multi_obstacle,52,B0,B0-TimeBlind,0,0,0,1.081102640596088,,,17.0,0.2564099246423712,0.8335661602592879,10.002793923111454,2.4443137480686334,0.3592619110679097,0.8513748161697271,0,1,801.4956059923861,24,1,,,,,,24
miku-rolling-v1,narrow_multi_obstacle,52,MIKU,MIKU,0,0,1,0.250621696683764,,,17.0,0.6974957684197834,2.2673972778172975,27.20876733380757,4.0,0.5750648238423646,6.392485060902102,0,1,262.720449041808,24,0,contains_nonoptimal_cycle,24,24,24,inf,24
miku-rolling-v1,narrow_multi_obstacle,53,B0,B0-TimeBlind,0,0,0,1.8993949916537423,,,17.0,0.2692304553647891,0.875004489281638,10.500053871379656,1.813513901721087,0.0,0.5809528964639809,0,1,757.5593900692184,24,1,,,,,,24
miku-rolling-v1,narrow_multi_obstacle,53,MIKU,MIKU,1,1,0,0.2430143428853,,11.0,11.0,1.0,3.556805071016108,39.12485578117719,0.7356226635040993,0.34601678126145197,0.34436456371598057,0,0,187.30111807235517,22,0,all_cycles_optimal,22,22,22,0.0,22
miku-rolling-v1,narrow_multi_obstacle,54,B0,B0-TimeBlind,0,0,0,0.30126346971664564,,,17.0,0.446954738863288,1.4527848833381902,17.433418600058282,0.8708441231577493,0.05046030968553586,0.22892368422154682,0,1,167.49923303723335,24,1,,,,,,24
miku-rolling-v1,narrow_multi_obstacle,54,MIKU,MIKU,0,0,1,0.21665042426047298,,,17.0,0.5416599299811964,1.7607747390093085,21.1292968681117,4.0,0.5492568180129319,8.411601077967527,0,1,296.97332400246523,24,0,contains_nonoptimal_cycle,24,24,24,inf,24
miku-rolling-v1,narrow_multi_obstacle,55,B0,B0-TimeBlind,0,0,0,0.3004930185186634,,,17.0,0.4739183343889874,1.5404304011429286,18.485164813715144,1.0783812879273098,0.1642932231350902,0.2793427129636519,0,1,207.16316500329413,24,1,,,,,,24
miku-rolling-v1,narrow_multi_obstacle,55,MIKU,MIKU,0,0,1,0.14907730475754685,,,17.0,0.5235565553484676,1.7018120853672227,20.421745024406672,4.0,0.21265348151240954,8.530372816204908,0,1,249.79569905553944,24,0,contains_nonoptimal_cycle,24,24,24,inf,24
miku-rolling-v1,narrow_multi_obstacle,56,B0,B0-TimeBlind,0,0,0,1.3132508741452136,6.985941945119441,,17.0,0.2564099343420965,0.8336069793185343,10.003283751822412,1.9847909291654335,0.3101777549228326,0.6573234489473408,0,1,625.9736579668242,24,1,,,,,,24
miku-rolling-v1,narrow_multi_obstacle,56,MIKU,MIKU,0,0,1,0.18989298565454174,5.746152854004541,,17.0,0.6082032174896785,1.9774418214515073,23.729301857418086,4.0,0.5165141604816084,3.4562091041770757,0,1,528.2825990580022,24,0,contains_nonoptimal_cycle,24,24,24,inf,24
miku-rolling-v1,narrow_multi_obstacle,57,B0,B0-TimeBlind,0,0,0,0.2701718300499978,,,17.0,0.6717019510482479,2.183609547566738,26.203314570800856,0.7594032049129422,0.5102413673159625,0.264464632408421,0,1,149.9054299783893,24,1,,,,,,24
miku-rolling-v1,narrow_multi_obstacle,57,MIKU,MIKU,1,1,0,0.24149412058584296,,11.0,11.0,1.0,3.545975588690578,39.005731475596356,0.7669113252873663,0.25859149260291475,0.3491340353871532,0,0,175.1114160870202,22,0,all_cycles_optimal,22,22,22,0.0,22
miku-rolling-v1,narrow_multi_obstacle,58,B0,B0-TimeBlind,0,0,0,0.3112464065758753,,,17.0,0.4743384853103599,1.541731074359296,18.500772892311552,1.2349215675151404,0.14371619958061008,0.3246560070005157,0,1,499.9794040049892,24,1,,,,,,24
miku-rolling-v1,narrow_multi_obstacle,58,MIKU,MIKU,1,1,0,0.23366418778336495,,10.9,10.9,1.0,3.5868969447390495,39.09717669765564,0.6302420748133875,0.3037487076895394,0.3273694090643228,0,0,182.89069793536328,22,0,all_cycles_optimal,22,22,22,0.0,22
miku-rolling-v1,narrow_multi_obstacle,59,B0,B0-TimeBlind,0,0,0,0.2948367496264403,,,17.0,0.4484514456160568,1.4576309412147543,17.491571294577053,1.0666278932492417,0.11778275785574073,0.27691931912019163,0,1,241.69327889103442,24,1,,,,,,24
miku-rolling-v1,narrow_multi_obstacle,59,MIKU,MIKU,0,0,1,0.2675542959036292,,,17.0,0.48828148916013364,1.5869160061252698,19.04299207350324,4.0,0.07144779619257632,8.747900003366128,0,1,249.97203398379497,24,0,contains_nonoptimal_cycle,24,24,24,inf,24
miku-rolling-v1,narrow_multi_obstacle,60,B0,B0-TimeBlind,0,0,0,0.6993880581213248,,,17.0,0.28205100704787767,0.9168539856889067,11.002247828266881,1.3839370328389928,0.2247345185171013,0.41193795068711486,0,1,681.2995710934047,24,1,,,,,,24
miku-rolling-v1,narrow_multi_obstacle,60,MIKU,MIKU,0,0,1,0.14552863012252248,,,17.0,0.5295565967387276,1.7215991744311718,20.65919009317406,4.0,0.4225260582737084,7.114742284446715,0,1,342.61066603357904,24,0,contains_nonoptimal_cycle,24,24,24,inf,24
miku-rolling-v1,narrow_multi_obstacle,61,B0,B0-TimeBlind,0,0,0,0.949443379534856,1.665925564562365,,17.0,0.2564099735671451,0.8334789343815515,10.001747212578618,1.6958442498772215,0.21776681113863955,0.5410929896146781,0,1,581.4262900385074,24,1,,,,,,24
miku-rolling-v1,narrow_multi_obstacle,61,MIKU,MIKU,0,0,1,0.06890256223327329,1.2711209744254157,,17.0,0.3216027423094096,1.0467703836579239,12.561244603895087,4.0,0.38133510154267974,11.929486938847317,0,1,324.19263100018725,24,0,contains_nonoptimal_cycle,24,24,24,inf,24
miku-rolling-v1,narrow_multi_obstacle,62,B0,B0-TimeBlind,0,0,0,0.2976749653209336,,,17.0,0.6605112839580274,2.1467887505892533,25.761465007071042,0.9072178092595276,0.05022533320922144,0.27323956868071175,0,1,151.09478490194306,24,1,,,,,,24
miku-rolling-v1,narrow_multi_obstacle,62,MIKU,MIKU,1,1,0,0.24431302726250692,,11.0,11.0,1.0,3.563120780994552,39.194328590940074,0.7168915266914931,0.021024016533774142,0.34245920130452806,0,0,171.5573619294446,22,0,all_cycles_optimal,22,22,22,0.0,22
miku-rolling-v1,narrow_multi_obstacle,63,B0,B0-TimeBlind,0,0,0,1.699222647289498,,,17.0,0.2692304648349221,0.8749997698198585,10.499997237838302,1.2848395301523834,0.0,0.3800256696693844,0,1,626.0644540016074,24,1,,,,,,24
miku-rolling-v1,narrow_multi_obstacle,63,MIKU,MIKU,0,0,1,0.20145934183295555,,,17.0,0.7043917189525657,2.289700054941144,27.476400659293727,4.0,0.31758215290533104,6.017415540739361,0,1,229.88224102300592,24,0,contains_nonoptimal_cycle,24,24,24,inf,24
miku-rolling-v1,narrow_multi_obstacle,64,B0,B0-TimeBlind,0,0,0,0.2941087815760297,,,17.0,0.646981774088265,2.1028142074166762,25.233770489000115,0.7993084871148688,0.06439538350423092,0.2590667704618557,0,1,150.76039888663217,24,1,,,,,,24
miku-rolling-v1,narrow_multi_obstacle,64,MIKU,MIKU,0,0,0,0.2756627543934522,,,17.0,0.6560281321560334,2.1323375278052645,25.588050333663173,1.9141837334727807,0.11931595578111118,1.6432461892583288,0,1,251.03688493254595,24,0,all_cycles_optimal,24,24,24,0.0,24
miku-rolling-v1,narrow_multi_obstacle,65,B0,B0-TimeBlind,0,0,0,1.404054450356698,,,17.0,0.26923043432297267,0.8752767845582649,10.503321414699178,1.9860527757702582,0.2924711980184877,0.6502488476894711,0,1,681.0373629850801,24,1,,,,,,24
miku-rolling-v1,narrow_multi_obstacle,65,MIKU,MIKU,0,0,1,0.2068805878793185,,,17.0,0.3671072032235458,1.1936542920872257,14.32385150504671,4.0,0.3575136026673086,10.440981819422607,0,1,277.9971570125781,24,0,contains_nonoptimal_cycle,24,24,24,inf,24
miku-rolling-v1,narrow_multi_obstacle,66,B0,B0-TimeBlind,0,0,0,1.501635519155983,3.6955788517268195,,17.0,0.25640998439094753,0.8335662854966855,10.002795425960226,1.425409889652489,0.20103310634671984,0.43645917669918943,0,1,714.5851939567365,24,1,,,,,,24
miku-rolling-v1,narrow_multi_obstacle,66,MIKU,MIKU,0,0,1,0.10140340126990721,1.64844841226414,,17.0,0.31672872923436973,1.0305966764912255,12.367160117894706,4.0,0.3990664748500495,12.079312683481215,0,1,377.98469804693013,24,0,contains_nonoptimal_cycle,24,24,24,inf,24
miku-rolling-v1,narrow_multi_obstacle,67,B0,B0-TimeBlind,0,0,0,0.2879033929109651,,,17.0,0.4597134786194342,1.49423318093153,17.93079817117836,0.8944796561163231,0.06357638078690873,0.23519185227002654,0,1,166.66264590458013,24,1,,,,,,24
miku-rolling-v1,narrow_multi_obstacle,67,MIKU,MIKU,0,0,1,0.15696692630085107,,,17.0,0.5441068496440258,1.7691248484185793,21.22949818102295,4.0,0.6056351838697522,8.56506907063406,0,1,341.0613280138932,24,0,contains_nonoptimal_cycle,24,24,24,inf,24
miku-rolling-v1,narrow_multi_obstacle,68,B0,B0-TimeBlind,0,0,0,1.5300603301023352,,,17.0,0.2692304613541607,0.8750016599432245,10.500019919318694,1.5518979431194386,0.0,0.479453238890226,0,1,764.7237649653107,24,1,,,,,,24
miku-rolling-v1,narrow_multi_obstacle,68,MIKU,MIKU,1,1,0,0.2516824055654092,,11.1,11.1,1.0,3.5361243254606345,39.25098001261304,0.9394289620590652,0.02791708056450865,0.3822828422181031,0,0,176.1262551008258,23,0,all_cycles_optimal,23,23,23,0.0,23
miku-rolling-v1,narrow_multi_obstacle,69,B0,B0-TimeBlind,0,0,0,0.29722319522720886,,,17.0,0.4869000745726959,1.5826664873218685,18.99199784786242,1.1481151979197013,0.1998246785813974,0.29773219447590793,0,1,232.3682640271727,24,1,,,,,,24
miku-rolling-v1,narrow_multi_obstacle,69,MIKU,MIKU,1,1,0,0.24664548558134602,,10.9,10.9,1.0,3.581079111452618,39.03376231483354,0.5893897450039562,0.009152075854099386,0.3269248383157637,0,0,174.2875650525093,22,0,all_cycles_optimal,22,22,22,0.0,22
miku-rolling-v1,narrow_multi_obstacle,70,B0,B0-TimeBlind,0,0,1,0.2991390243549892,,,17.0,0.4871604244697964,1.5834901151961018,19.001881382353222,1.3203610734894404,0.1673097291099064,0.3492719486253236,0,1,640.1025759696495,24,1,,,,,,24
miku-rolling-v1,narrow_multi_obstacle,70,MIKU,MIKU,0,0,1,0.2590547512507373,,,17.0,0.4716932480473822,1.533413472967327,18.400961675607924,4.0,0.3435968187888783,6.080976149364344,0,1,283.02595304558054,24,0,contains_nonoptimal_cycle,24,24,24,inf,24
miku-rolling-v1,narrow_multi_obstacle,71,B0,B0-TimeBlind,0,0,0,1.4690721697298696,30.851475774228398,,17.0,0.25640997496273604,0.8335759174341378,10.002911009209654,1.4711495741355312,0.259307217050058,0.4539647387289483,0,1,704.0931440424174,24,1,,,,,,24
miku-rolling-v1,narrow_multi_obstacle,71,MIKU,MIKU,0,0,1,0.16067337563870754,2.167381667180009,,17.0,0.33185102772396785,1.0798741648124912,12.958489977749895,4.0,0.5517411620664964,12.053505762104951,0,1,314.05353409354575,24,0,contains_nonoptimal_cycle,24,24,24,inf,24
miku-rolling-v1,narrow_multi_obstacle,72,B0,B0-TimeBlind,0,0,0,0.30028702876144475,,,17.0,0.4722274663002308,1.5350061907398735,18.42007428887848,0.8913547277128734,0.06713079945641927,0.23571377423184262,0,1,167.2079630952794,24,1,,,,,,24
miku-rolling-v1,narrow_multi_obstacle,72,MIKU,MIKU,0,0,1,0.25537989633272656,,,17.0,0.4972791285406142,1.6165846032519458,19.39901523902335,4.0,0.19034507145815646,8.201678778958632,0,1,224.50481695705093,24,0,contains_nonoptimal_cycle,24,24,24,inf,24
miku-rolling-v1,narrow_multi_obstacle,73,B0,B0-TimeBlind,0,0,0,1.2489388697895905,15.556715763821407,,17.0,0.24358940545510172,0.7918418280717807,9.502101936861369,1.7555880794469985,0.2393586094570613,0.5714087749937757,0,1,775.0130700005684,24,1,,,,,,24
miku-rolling-v1,narrow_multi_obstacle,73,MIKU,MIKU,0,0,0,0.16256802402432174,,,17.0,0.6639542825484075,2.159271927248472,25.911263126981666,3.2888202639463615,1.3515659391477384,1.8350399963888298,0,1,386.1908550024964,24,0,all_cycles_optimal,24,24,24,0.0,24
miku-rolling-v1,narrow_multi_obstacle,74,B0,B0-TimeBlind,0,0,0,1.3094389883519886,,,17.0,0.2564099352636515,0.8335194552435277,10.002233462922332,2.0323279856240632,0.24646300770038715,0.6767210934265941,0,1,1055.1472039951477,24,1,,,,,,24
miku-rolling-v1,narrow_multi_obstacle,74,MIKU,MIKU,0,0,1,0.20378864463227764,,,17.0,0.502643481510829,1.6337127808195488,19.604553369834587,4.0,0.2881391958024331,10.006920466082288,0,1,467.039256967837,24,0,contains_nonoptimal_cycle,24,24,24,inf,24
miku-rolling-v1,narrow_multi_obstacle,75,B0,B0-TimeBlind,0,0,0,1.7916171822890374,,,17.0,0.25640993425372455,0.8333381829759811,10.000058195711773,1.824246807054541,0.0,0.5918638310171286,0,1,614.4422869256232,24,1,,,,,,24
miku-rolling-v1,narrow_multi_obstacle,75,MIKU,MIKU,0,0,1,0.24383496937425297,,,17.0,0.6944410840884131,2.2574588269470515,27.08950592336462,4.0,0.7102332153180836,3.9714847930209802,0,1,346.73747018678114,24,0,contains_nonoptimal_cycle,24,24,24,inf,24
miku-rolling-v1,narrow_multi_obstacle,76,B0,B0-TimeBlind,0,0,0,0.9647920604067993,,,17.0,0.2564099235879036,0.8335674656826568,10.002809588191882,2.5177899533386436,0.3564029380824911,0.8838432428601012,0,1,1533.370287012076,24,1,,,,,,24
miku-rolling-v1,narrow_multi_obstacle,76,MIKU,MIKU,0,0,1,0.23808517491954095,,,17.0,0.47990951906685086,1.5597070269160127,18.71648432299215,4.0,0.4660777258576366,8.722791460736053,0,1,290.631618903717,24,0,contains_nonoptimal_cycle,24,24,24,inf,24
miku-rolling-v1,narrow_multi_obstacle,77,B0,B0-TimeBlind,0,0,1,0.5037144572615605,,,17.0,0.26923043228065474,0.8751513238760179,10.501815886512215,1.8238789160410627,0.2347142339612649,0.5850123448436914,0,1,731.8760249181651,24,1,,,,,,24
miku-rolling-v1,narrow_multi_obstacle,77,MIKU,MIKU,0,0,1,0.19164320355711492,,,17.0,0.5179383820228417,1.6835115139290835,20.202138167149002,4.0,0.3633345186103492,10.28763863861561,0,1,470.0347439793404,24,0,contains_nonoptimal_cycle,24,24,24,inf,24
miku-rolling-v1,narrow_multi_obstacle,78,B0,B0-TimeBlind,0,0,1,0.29158432289929764,,,17.0,0.4742357646733893,1.5414367322338052,18.497240786805662,1.1971152968940282,0.15354588785132883,0.31328735686284603,0,1,288.0807449691929,24,1,,,,,,24
miku-rolling-v1,narrow_multi_obstacle,78,MIKU,MIKU,1,1,0,0.24224539620922836,,10.9,10.9,1.0,3.5830851485516204,39.05562811921266,0.6033954794295868,0.0914608565239404,0.3270224805714677,0,0,183.9727759361267,22,0,all_cycles_optimal,22,22,22,0.0,22
miku-rolling-v1,narrow_multi_obstacle,79,B0,B0-TimeBlind,0,0,0,1.1744196249469077,1.6956214007483392,,17.0,0.25640993957262903,0.8334745161686575,10.00169419402389,1.744457247650921,0.21311111786856748,0.560072072395662,0,1,708.4042139467783,24,1,,,,,,24
miku-rolling-v1,narrow_multi_obstacle,79,MIKU,MIKU,0,0,1,0.11396847301697699,1.0025755024298144,,17.0,0.327940871221745,1.067440525589,12.809286307068,4.0,0.31247657256223615,12.085338882910971,0,1,284.42973096389323,24,0,contains_nonoptimal_cycle,24,24,24,inf,24
miku-rolling-v1,narrow_multi_obstacle,80,B0,B0-TimeBlind,0,0,0,0.29240352668662767,,,17.0,0.4707083306604771,1.5299915134170208,18.35989816100425,0.7252433072577525,0.14225822933876767,0.2051580547170402,0,1,159.94385301019065,24,1,,,,,,24
miku-rolling-v1,narrow_multi_obstacle,80,MIKU,MIKU,0,0,0,0.22408552762764622,2.6115833787732976,,17.0,0.680616488859459,2.212422403309499,26.549068839713986,2.5623410065522627,0.7341763907814102,1.5085447270595498,0,1,244.1318751371,24,0,all_cycles_optimal,24,24,24,0.0,24
miku-rolling-v1,narrow_multi_obstacle,81,B0,B0-TimeBlind,0,0,0,1.0173181856499132,2.8586127251655276,,17.0,0.2564099352686273,0.8334942410181393,10.001930892217672,1.7706336411102408,0.22441932656093136,0.5704212340807652,0,1,684.0765720407944,24,1,,,,,,24
miku-rolling-v1,narrow_multi_obstacle,81,MIKU,MIKU,0,0,1,0.19199102262418855,1.8592919091721278,,17.0,0.7459874435659207,2.4259288688349154,29.111146426018987,4.0,0.5756051337716067,5.981420021405758,0,1,338.1857530621346,24,0,contains_nonoptimal_cycle,24,24,24,inf,24
miku-rolling-v1,narrow_multi_obstacle,82,B0,B0-TimeBlind,0,0,0,0.8443689993944834,,,17.0,0.2692304229502383,0.8751685305522159,10.50202236662659,1.3775375922822113,0.2130059241304486,0.4140501385792706,0,1,575.9985770564526,24,1,,,,,,24
miku-rolling-v1,narrow_multi_obstacle,82,MIKU,MIKU,0,0,1,0.22226179946012126,,,17.0,0.5332387827282329,1.733299027207556,20.79958832649067,4.0,0.5152227715126824,8.976305762771569,0,1,221.03806302766316,24,0,contains_nonoptimal_cycle,24,24,24,inf,24
miku-rolling-v1,narrow_multi_obstacle,83,B0,B0-TimeBlind,0,0,0,1.9763561516972747,,,17.0,0.2564099352613892,0.8333421375685668,10.000105650822801,2.4880681385794907,0.0,0.8706134506794342,0,1,994.125049066497,24,1,,,,,,24
miku-rolling-v1,narrow_multi_obstacle,83,MIKU,MIKU,1,1,0,0.25145816312084013,,10.9,10.9,1.0,3.5931802706093317,39.165664949641716,0.6758195393389859,0.0752417750631613,0.32843731229553774,0,0,178.8468259619549,22,0,all_cycles_optimal,22,22,22,0.0,22
miku-rolling-v1,narrow_multi_obstacle,84,B0,B0-TimeBlind,0,0,0,1.5920929474872185,,,17.0,0.2692303422861207,0.8749986124298923,10.499983349158708,1.2257829600895283,0.0,0.3588929737512489,0,1,569.1197450214531,24,1,,,,,,24
miku-rolling-v1,narrow_multi_obstacle,84,MIKU,MIKU,0,0,1,0.22733591160945466,,,17.0,0.36160413379280804,1.175213461833809,14.10256154200571,4.0,0.0034134607621689604,11.979251967766103,0,1,523.839647998102,24,0,contains_nonoptimal_cycle,24,24,24,inf,24
miku-rolling-v1,narrow_multi_obstacle,85,B0,B0-TimeBlind,0,0,1,0.5158921115160858,,,17.0,0.28205097766445497,0.9168121379327244,11.001745655192693,2.216130592455376,0.2612259214479123,0.7364715033562699,0,1,1070.6045999540947,24,1,,,,,,24
miku-rolling-v1,narrow_multi_obstacle,85,MIKU,MIKU,0,0,1,0.19743264563265162,,,17.0,0.4794758912658836,1.5588228765539125,18.70587451864695,4.0,0.7286676266425013,6.630627523025748,0,1,252.33806503820233,24,0,contains_nonoptimal_cycle,24,24,24,inf,24
miku-rolling-v1,narrow_multi_obstacle,86,B0,B0-TimeBlind,0,0,0,1.3613147575244504,,,17.0,0.24358941172906248,0.7918763195322115,9.502515834386537,1.4904498150389227,0.19266820175185453,0.46659541657994946,0,1,620.9387110720854,24,1,,,,,,24
miku-rolling-v1,narrow_multi_obstacle,86,MIKU,MIKU,1,1,0,0.2352632594113524,,11.1,11.1,1.0,3.525467296345323,39.13268698943308,0.9815412317446783,0.31754176036429904,0.39248899378867663,0,0,183.88066603802145,23,0,all_cycles_optimal,23,23,23,0.0,23
miku-rolling-v1,narrow_multi_obstacle,87,B0,B0-TimeBlind,0,0,0,1.5900930431408702,,,17.0,0.28205089951344436,0.9166654234186941,10.99998508102433,1.428238702209561,0.0,0.42833569535363286,0,1,664.297843904933,24,1,,,,,,24
miku-rolling-v1,narrow_multi_obstacle,87,MIKU,MIKU,0,0,1,0.22291585794610613,,,17.0,0.5145793066575689,1.6723920255501643,20.068704306601973,4.0,0.10741175894566274,10.206782735814674,0,1,366.24683302943595,24,0,contains_nonoptimal_cycle,24,24,24,inf,24
miku-rolling-v1,narrow_multi_obstacle,88,B0,B0-TimeBlind,0,0,0,1.7317408096618487,,,17.0,0.23076889831797978,0.7500075355378328,9.000090426453994,1.6571256345540868,0.0,0.5388679150405016,0,1,677.8532379539683,24,1,,,,,,24
miku-rolling-v1,narrow_multi_obstacle,88,MIKU,MIKU,0,0,1,0.17970190924093266,,,17.0,0.30267662612714374,0.98371181419603,11.80454177035236,4.0,0.016068080558297226,12.105454148981508,0,1,384.8048770742025,24,0,contains_nonoptimal_cycle,24,24,24,inf,24
miku-rolling-v1,narrow_multi_obstacle,89,B0,B0-TimeBlind,0,0,0,1.4833055926522836,1.5992500836751233,,17.0,0.26923048128984195,0.8752337383369145,10.502804860042975,2.4039159111922497,0.3502299198372686,0.8242383051937897,0,1,1206.640122079989,24,1,,,,,,24
miku-rolling-v1,narrow_multi_obstacle,89,MIKU,MIKU,0,0,1,0.06315709476532216,0.9840861601204305,,17.0,0.314469309962285,1.0230838544351257,12.27700625322151,4.0,0.4416137777688569,7.965155338280058,0,1,715.9770629077684,24,0,contains_nonoptimal_cycle,24,24,24,inf,24
miku-rolling-v1,narrow_multi_obstacle,90,B0,B0-TimeBlind,0,0,0,0.30225062905067923,,,17.0,0.48549433605516756,1.5778565921792946,18.934279106151536,0.9705479006542977,0.0,0.2541114988747653,0,1,161.46378105622716,24,1,,,,,,24
miku-rolling-v1,narrow_multi_obstacle,90,MIKU,MIKU,0,0,1,0.255120854410823,,,17.0,0.6723854419529198,2.185252698824287,26.223032385891443,4.0,0.002103940434274173,5.533362443591494,0,1,223.5383650404401,24,0,contains_nonoptimal_cycle,24,24,24,inf,24
miku-rolling-v1,narrow_multi_obstacle,91,B0,B0-TimeBlind,0,0,0,0.5110799149779861,,,17.0,0.28205088372421133,0.9167884163512846,11.001460996215416,1.4833867559102019,0.18295530840217653,0.4485195616103609,0,1,641.5509180224035,24,1,,,,,,24
miku-rolling-v1,narrow_multi_obstacle,91,MIKU,MIKU,0,0,1,0.24805091808320756,,,17.0,0.6939346840629734,2.2556145659729507,27.06737479167541,4.0,0.2732404192429141,5.680010927407508,0,1,213.17290904698893,24,0,contains_nonoptimal_cycle,24,24,24,inf,24
miku-rolling-v1,narrow_multi_obstacle,92,B0,B0-TimeBlind,0,0,0,0.6664196888235033,,,17.0,0.2692304817931784,0.875183122199183,10.502197466390196,1.479399996005059,0.22646402232191354,0.4517525111646397,0,1,636.2934520293493,24,1,,,,,,24
miku-rolling-v1,narrow_multi_obstacle,92,MIKU,MIKU,0,0,1,0.18374470408582436,,,17.0,0.4834098028969973,1.571087817324143,18.853053807889715,4.0,0.02662450157901616,8.48180982343026,0,1,280.02380006364547,24,0,contains_nonoptimal_cycle,24,24,24,inf,24
miku-rolling-v1,narrow_multi_obstacle,93,B0,B0-TimeBlind,0,0,0,0.30673761867908844,,,17.0,0.4584543854563951,1.4902197402101238,17.882636882521485,0.7568014207417958,0.05637624581172245,0.20797783098044298,0,1,156.59188595600426,24,1,,,,,,24
miku-rolling-v1,narrow_multi_obstacle,93,MIKU,MIKU,0,0,0,0.25318929773579435,,,17.0,0.6800648068324529,2.2105830669635096,26.526996803562113,0.5982541635055795,0.14208334638262576,0.29979592900314245,0,1,187.6850829576142,24,0,all_cycles_optimal,24,24,24,0.0,24
miku-rolling-v1,narrow_multi_obstacle,94,B0,B0-TimeBlind,0,0,0,1.0430267217015845,,,17.0,0.256409993197539,0.8335870593401653,10.003044712081984,1.2791093332322185,0.21182807857537134,0.3821948322666666,0,1,583.4059030166827,24,1,,,,,,24
miku-rolling-v1,narrow_multi_obstacle,94,MIKU,MIKU,0,0,1,0.11634997623710719,,,17.0,0.31286446577556515,1.017428628797433,12.209143545569196,4.0,0.2558612564935995,11.909523347482502,0,1,303.99391808896326,24,0,contains_nonoptimal_cycle,24,24,24,inf,24
miku-rolling-v1,narrow_multi_obstacle,95,B0,B0-TimeBlind,0,0,0,0.29472110485750447,,,17.0,0.4713870661337594,1.5321135139938633,18.38536216792636,0.799454751393492,0.13037352265535684,0.217602436742887,0,1,158.83587396820076,24,1,,,,,,24
miku-rolling-v1,narrow_multi_obstacle,95,MIKU,MIKU,0,0,1,0.21771020514852624,,,17.0,0.5258044229078475,1.7088763960987656,20.50651675318519,4.0,0.36828415503453366,8.82906319553078,0,1,235.1582279370632,24,0,contains_nonoptimal_cycle,24,24,24,inf,24
miku-rolling-v1,narrow_multi_obstacle,96,B0,B0-TimeBlind,0,0,0,1.8145896874520948,,,17.0,0.26923043437213784,0.875006293849744,10.500075526196929,2.2584239314765746,0.0,0.7626193577974615,0,1,596.6884709778242,24,1,,,,,,24
miku-rolling-v1,narrow_multi_obstacle,96,MIKU,MIKU,1,1,0,0.24379378094027737,,11.7,11.7,1.0,3.349392728588917,39.18789492449033,4.0,0.23780446883263925,2.3127947884721154,0,0,313.61634001950733,24,0,contains_nonoptimal_cycle,24,24,24,inf,24
miku-rolling-v1,narrow_multi_obstacle,97,B0,B0-TimeBlind,0,0,0,0.3007922810443808,,,17.0,0.4736422304655548,1.5394786987616307,18.473744385139568,1.0475797008332146,0.11455319811430462,0.27165377407583957,0,1,180.54258995107375,24,1,,,,,,24
miku-rolling-v1,narrow_multi_obstacle,97,MIKU,MIKU,1,1,0,0.2591727588653958,,11.0,11.0,1.0,3.5579833242427195,39.13781656666991,0.7318387746497541,0.0,0.3439215859835802,0,0,165.66393195535056,22,0,all_cycles_optimal,22,22,22,0.0,22
miku-rolling-v1,narrow_multi_obstacle,98,B0,B0-TimeBlind,0,0,0,0.2977541461675408,,,17.0,0.6722935258459519,2.185191160198062,26.222293922376743,0.8240846924439159,0.11583071037971412,0.26870308555757166,0,1,153.3217050600797,24,1,,,,,,24
miku-rolling-v1,narrow_multi_obstacle,98,MIKU,MIKU,0,0,1,0.15056866802017946,,,17.0,0.7356810318226139,2.3915177837739034,28.698213405286843,4.0,0.5170362971855023,8.302761028990206,0,1,220.45326401712373,24,0,contains_nonoptimal_cycle,24,24,24,inf,24
miku-rolling-v1,narrow_multi_obstacle,99,B0,B0-TimeBlind,0,0,0,0.292829974921508,,,17.0,0.44654566631160264,1.4513816824238344,17.416580189086012,0.8261172254742873,0.05872940910291731,0.21941639451179829,0,1,156.5395388752222,24,1,,,,,,24
miku-rolling-v1,narrow_multi_obstacle,99,MIKU,MIKU,1,1,0,0.24132480478883522,,11.1,11.1,1.0,3.5216780329726727,39.09062616599667,0.9959426764668897,0.059894389033802,0.39644606575690955,0,0,188.55740295839496,23,0,all_cycles_optimal,23,23,23,0.0,23
miku-rolling-v1,interleaved_dynamic,0,B0,B0-TimeBlind,1,1,0,0.11482207158677071,0.18589438289661062,13.4,13.4,1.0,3.2870601048642514,44.04660540518097,2.340248878037253,0.0,0.9890022686351206,0,0,145.25317796505988,27,1,,,,,,27
miku-rolling-v1,interleaved_dynamic,0,MIKU,MIKU,1,1,0,0.4721047252334884,0.6442542701900636,13.6,13.6,1.0,3.2583040404010735,44.3129349494546,2.6468249142581626,0.0,1.1301698765817185,0,0,300.27829203754663,28,0,all_cycles_optimal,28,28,28,0.0,28
miku-rolling-v1,interleaved_dynamic,1,B0,B0-TimeBlind,0,1,1,0.1499998909010274,0.486561233789959,13.5,19.0,1.0,3.261310963679316,44.027698009670765,3.6777694947096147,0.0,1.4666653028840229,0,0,373.93688011798076,27,1,,,,,,27
miku-rolling-v1,interleaved_dynamic,1,MIKU,MIKU,1,1,0,1.9890233623605889,1.5205084382695735,13.6,13.6,1.0,3.254905926861777,44.26672060532017,4.0,0.0,3.578579441349299,0,0,336.31897493614815,28,0,contains_nonoptimal_cycle,28,28,28,inf,28
miku-rolling-v1,interleaved_dynamic,2,B0,B0-TimeBlind,1,1,0,0.10962580143731443,0.28049187954542293,13.6,13.6,1.0,3.2626839239771916,44.37250136608981,2.546618196995125,0.0,1.0072480112791469,0,0,204.29237696225755,28,1,,,,,,28
miku-rolling-v1,interleaved_dynamic,2,MIKU,MIKU,1,1,0,1.7304804770618498,1.5973386998972123,13.6,13.6,1.0,3.253173498322598,44.243159577187335,4.0,0.0,2.24016991299049,0,0,510.5678990657907,28,0,contains_nonoptimal_cycle,28,28,28,inf,28
miku-rolling-v1,interleaved_dynamic,3,B0,B0-TimeBlind,0,1,1,0.3606151074846153,0.42667456086111893,13.5,19.0,1.0,3.272598965752899,44.18008603766413,4.0,0.0,4.3916295801607195,0,0,1276.3352530018892,27,1,,,,,,27
miku-rolling-v1,interleaved_dynamic,3,MIKU,MIKU,1,1,0,0.36786253571011196,0.6359023607753524,13.5,13.5,1.0,3.261429115375605,44.02929305757067,2.5355412094442875,0.0,1.0955421699330654,0,0,311.48478016257286,27,0,all_cycles_optimal,27,27,27,0.0,27
miku-rolling-v1,interleaved_dynamic,4,B0,B0-TimeBlind,1,1,0,0.06033875795976029,0.05167511626593043,13.2,13.2,1.0,3.3354471301468434,44.02790211793833,1.4647765881569748,0.0,0.644864715622906,0,0,142.5275609944947,27,1,,,,,,27
miku-rolling-v1,interleaved_dynamic,4,MIKU,MIKU,1,1,0,3.0632038423784596,1.542619724700198,13.6,13.6,1.0,3.251892837024029,44.225742583526795,4.0,0.0,2.4961381233763293,0,0,479.6578309906181,28,0,contains_nonoptimal_cycle,28,28,28,inf,28
miku-rolling-v1,interleaved_dynamic,5,B0,B0-TimeBlind,0,1,1,0.1674411755898899,0.48956417151864573,13.6,19.0,1.0,3.2580921468429853,44.3100531970646,3.45057841640313,0.0,1.5117076656492183,0,0,1497.6076160673983,28,1,,,,,,28
miku-rolling-v1,interleaved_dynamic,5,MIKU,MIKU,1,1,0,2.326747183725337,1.5122244570185392,13.6,13.6,1.0,3.238712484175192,44.04648978478261,4.0,0.0,3.5975528501688125,0,0,525.0523569993675,28,0,contains_nonoptimal_cycle,28,28,28,inf,28
miku-rolling-v1,interleaved_dynamic,6,B0,B0-TimeBlind,1,1,0,0.14999778353318094,0.537087200765192,13.6,13.6,1.0,3.254639928538768,44.26310302812725,2.9886512832860888,0.0,1.2590806661905312,0,0,320.1148340885993,28,1,,,,,,28
miku-rolling-v1,interleaved_dynamic,6,MIKU,MIKU,0,1,1,0.15110916740557956,0.5677394722370833,13.7,19.0,1.0,3.238716175356981,44.37041160239064,3.1839618902654045,0.0,1.3308326046633423,0,0,943.7598649237771,28,0,contains_nonoptimal_cycle,28,28,28,inf,28
miku-rolling-v1,interleaved_dynamic,7,B0,B0-TimeBlind,1,1,0,0.04829021934195166,0.06402721216875222,13.3,13.3,1.0,3.308229727664739,43.99945537794103,1.8979931529761687,0.0,0.832510384032309,0,0,157.15396098676138,27,1,,,,,,27
miku-rolling-v1,interleaved_dynamic,7,MIKU,MIKU,1,1,0,0.5836447440706988,0.6777724212915264,13.6,13.6,1.0,3.2573920917329016,44.30053244756746,2.6585221757195012,0.0,1.0749468209578565,0,0,336.0406789579429,28,0,all_cycles_optimal,28,28,28,0.0,28
miku-rolling-v1,interleaved_dynamic,8,B0,B0-TimeBlind,0,1,1,0.15235526870159122,0.5125743122129418,13.6,19.0,1.0,3.24828873743489,44.17672682911451,3.248029479530225,0.0,1.3773394619680632,0,0,1191.5960600599647,28,1,,,,,,28
miku-rolling-v1,interleaved_dynamic,8,MIKU,MIKU,1,1,0,2.429266299000047,1.6635234767074385,13.6,13.6,1.0,3.2404047741937294,44.06950492903472,4.0,0.0,3.593676079642767,0,0,464.0403729863465,28,0,contains_nonoptimal_cycle,28,28,28,inf,28
miku-rolling-v1,interleaved_dynamic,9,B0,B0-TimeBlind,1,1,0,0.14999980028306625,0.502266502377829,13.6,13.6,1.0,3.259580105318411,44.33028943233039,3.419148992258071,0.0,1.4246304454174983,0,0,414.0191769693047,28,1,,,,,,28
miku-rolling-v1,interleaved_dynamic,9,MIKU,MIKU,1,1,0,0.9498504190243264,1.0304877704571727,13.6,13.6,1.0,3.235403868574031,44.001492612606825,4.0,0.0,2.0181098108432285,0,0,756.3464239356108,28,0,contains_nonoptimal_cycle,28,28,28,inf,28
miku-rolling-v1,interleaved_dynamic,10,B0,B0-TimeBlind,0,1,1,0.6306201252675607,0.5753609524729857,13.5,19.0,1.0,3.2692383984304825,44.13471837881151,4.0,0.0,4.448255865806277,0,0,1265.8867180871312,27,1,,,,,,27
miku-rolling-v1,interleaved_dynamic,10,MIKU,MIKU,1,1,0,2.063692312610108,1.474814857469234,13.6,13.6,1.0,3.2590692394950227,44.32334165713231,4.0,0.0,2.17725234625971,0,0,333.85584302595817,28,0,contains_nonoptimal_cycle,28,28,28,inf,28
miku-rolling-v1,interleaved_dynamic,11,B0,B0-TimeBlind,1,1,0,0.08001236517011463,0.19673172109604714,13.5,13.5,1.0,3.2730210629512557,44.18578434984195,2.1274679373331,0.0,1.0192004453186085,0,0,206.63934099138714,27,1,,,,,,27
miku-rolling-v1,interleaved_dynamic,11,MIKU,MIKU,1,1,0,0.46768867287931626,0.6995260756962954,13.6,13.6,1.0,3.2539310080489026,44.25346170946507,2.675058612923578,0.0,1.0829136539038433,0,0,331.96083997609094,28,0,all_cycles_optimal,28,28,28,0.0,28
miku-rolling-v1,interleaved_dynamic,12,B0,B0-TimeBlind,1,1,0,0.05840006489098393,0.05454003772547877,13.3,13.3,1.0,3.327840962267167,44.26028479815332,1.562698395155748,0.0,0.6909417691573495,0,0,144.26406097481959,27,1,,,,,,27
miku-rolling-v1,interleaved_dynamic,12,MIKU,MIKU,1,1,0,0.708473720460855,0.7635566356039775,13.5,13.5,1.0,3.2630003395571103,44.05050458402099,2.2201919266924905,0.0,0.9489363280064419,0,0,288.74166900641285,27,0,all_cycles_optimal,27,27,27,0.0,27
miku-rolling-v1,interleaved_dynamic,13,B0,B0-TimeBlind,1,1,0,0.14056876447448607,0.5024207647310207,13.6,13.6,1.0,3.2607778393438482,44.34657861507633,3.9490288571835275,0.0,1.5980185308010546,0,0,623.6558461387176,28,1,,,,,,28
miku-rolling-v1,interleaved_dynamic,13,MIKU,MIKU,0,1,1,0.15023381214999754,0.6045581112557418,13.7,19.0,1.0,3.2125415534201447,44.01181928185598,4.0,0.0,1.9363464917877102,0,0,807.773529086262,28,0,contains_nonoptimal_cycle,28,28,28,inf,28
miku-rolling-v1,interleaved_dynamic,14,B0,B0-TimeBlind,0,1,1,0.36167833387010495,0.4285785009019671,13.5,19.0,1.0,3.2714968741658748,44.16520780123931,4.0,0.0,4.400480906516394,0,0,1261.3277760974597,27,1,,,,,,27
miku-rolling-v1,interleaved_dynamic,14,MIKU,MIKU,1,1,0,0.37295991119885447,0.652077539756395,13.6,13.6,1.0,3.254879770676403,44.26636488119908,2.6648834389230105,0.0,1.146608064940331,0,0,523.3744321158156,28,0,all_cycles_optimal,28,28,28,0.0,28
miku-rolling-v1,interleaved_dynamic,15,B0,B0-TimeBlind,1,1,0,0.15393193468048977,0.46237027201778585,13.6,13.6,1.0,3.2554868908052472,44.27462171495136,2.9816719311703457,0.0,1.2758111709908364,0,0,218.47069304203615,28,1,,,,,,28
miku-rolling-v1,interleaved_dynamic,15,MIKU,MIKU,1,1,0,0.21781830943774694,0.568838044695087,13.6,13.6,1.0,3.2536752734957455,44.249983719542136,2.990262849307082,0.0,1.27867675513138,0,0,534.5535689848475,28,0,all_cycles_optimal,28,28,28,0.0,28
miku-rolling-v1,interleaved_dynamic,16,B0,B0-TimeBlind,1,1,0,0.15286408633988227,0.5296428669262828,13.6,13.6,1.0,3.238109760942216,44.038292748814136,3.8034836719069633,0.0,1.6015730977441338,0,0,748.5473101551179,28,1,,,,,,28
miku-rolling-v1,interleaved_dynamic,16,MIKU,MIKU,0,1,1,0.20215693930529544,0.6958943102533488,13.7,19.0,1.0,3.238831305078379,44.371988879573784,4.0,0.0,1.9018103884118351,0,0,1019.9207719997503,28,0,contains_nonoptimal_cycle,28,28,28,inf,28
miku-rolling-v1,interleaved_dynamic,17,B0,B0-TimeBlind,1,1,0,0.14885824827716357,0.6152830495298759,13.6,13.6,1.0,3.2527877660951465,44.23791361889399,2.6985611662023374,0.0,1.0856599607998862,0,0,163.92614811775275,28,1,,,,,,28
miku-rolling-v1,interleaved_dynamic,17,MIKU,MIKU,1,1,0,0.15939423096353258,0.6730765621155723,13.7,13.7,1.0,3.2360674415459783,44.3341239491799,3.2123870023685406,0.0,1.1625196361586108,0,0,739.8763039964251,28,0,all_cycles_optimal,28,28,28,0.0,28
miku-rolling-v1,interleaved_dynamic,18,B0,B0-TimeBlind,1,1,0,0.1036037580244507,0.21846192325359423,13.5,13.5,1.0,3.2818128732399567,44.304473788739415,2.2627790327468618,0.0,0.9764230935919023,0,0,138.15950401476584,27,1,,,,,,27
miku-rolling-v1,interleaved_dynamic,18,MIKU,MIKU,1,1,0,0.7482450606556292,0.7326195966708319,13.7,13.7,1.0,3.2398827579883007,44.38639378443972,4.0,0.0,4.206057552597755,0,0,316.5026700589806,28,0,contains_nonoptimal_cycle,28,28,28,inf,28
miku-rolling-v1,interleaved_dynamic,19,B0,B0-TimeBlind,1,1,0,0.15071186064446482,0.4307414391762768,13.5,13.5,1.0,3.266482114421787,44.09750854469412,3.999999999999999,0.0,1.7138534032628694,0,0,398.79551201011054,27,1,,,,,,27
miku-rolling-v1,interleaved_dynamic,19,MIKU,MIKU,1,1,0,0.17049865366004374,0.46233728752198483,13.5,13.5,1.0,3.2641612411867067,44.06617675602054,4.000000010266015,0.0,1.718370372985335,0,0,1530.8203190506902,27,0,all_cycles_optimal,27,27,27,0.0,27
miku-rolling-v1,interleaved_dynamic,20,B0,B0-TimeBlind,1,1,0,0.08617284155433991,0.16932121682953913,13.4,13.4,1.0,3.290295676163442,44.089962060590125,1.812421978677819,0.0,0.8622344452047971,0,0,200.84855204913765,27,1,,,,,,27
miku-rolling-v1,interleaved_dynamic,20,MIKU,MIKU,1,1,0,1.032201655687187,0.8240920718938094,13.6,13.6,1.0,3.2557441329994217,44.27812020879213,4.0,0.0,4.142274263994729,0,0,348.7472820561379,28,0,contains_nonoptimal_cycle,28,28,28,inf,28
miku-rolling-v1,interleaved_dynamic,21,B0,B0-TimeBlind,1,1,0,0.0887771643815223,0.16435765298572275,13.5,13.5,1.0,3.267523459964369,44.11156670951898,2.8942173478101103,0.0,1.20862909700227,0,0,152.859313035151,27,1,,,,,,27
miku-rolling-v1,interleaved_dynamic,21,MIKU,MIKU,1,1,0,0.2966651467192097,0.5657359584757806,13.6,13.6,1.0,3.2551271800280652,44.269729648381684,2.9438447204262372,0.0,1.2777107392257088,0,0,468.91311995568685,28,0,all_cycles_optimal,28,28,28,0.0,28
miku-rolling-v1,interleaved_dynamic,22,B0,B0-TimeBlind,0,1,1,0.37336141070496415,0.4294610541536463,13.5,19.0,1.0,3.268562907768066,44.12559925486889,4.0,0.0,4.454794159479488,0,0,1269.302781962324,27,1,,,,,,27
miku-rolling-v1,interleaved_dynamic,22,MIKU,MIKU,1,1,0,2.631699589557501,1.4213019513174605,13.6,13.6,1.0,3.2527346133325934,44.23719074132327,4.0,0.0,2.1645135638283004,0,0,455.6844390463084,28,0,contains_nonoptimal_cycle,28,28,28,inf,28
miku-rolling-v1,interleaved_dynamic,23,B0,B0-TimeBlind,1,1,0,0.1499999519799986,0.534863973608924,13.6,13.6,1.0,3.2573008432500132,44.29929146820018,3.0902896928772283,0.0,1.2669354033101516,0,0,232.33782092574984,28,1,,,,,,28
miku-rolling-v1,interleaved_dynamic,23,MIKU,MIKU,0,1,1,0.2071196927808452,0.5692907524982231,13.9,19.0,1.0,3.17620388748762,44.14923403607792,4.000000000004864,0.0,1.7713677789744309,0,0,530.1715588720981,28,0,contains_nonoptimal_cycle,28,28,28,inf,28
miku-rolling-v1,interleaved_dynamic,24,B0,B0-TimeBlind,0,1,1,0.5362205811139348,0.5167826928132307,13.5,19.0,1.0,3.275235413503174,44.21567808229285,4.0,0.0,2.9733237126272294,0,0,1326.052232994698,27,1,,,,,,27
miku-rolling-v1,interleaved_dynamic,24,MIKU,MIKU,1,1,0,0.5854824016418747,0.6947057818500246,13.6,13.6,1.0,3.2567328963424678,44.29156739025756,2.6303403308529014,0.0,1.093467020240235,0,0,359.1057879384607,28,0,all_cycles_optimal,28,28,28,0.0,28
miku-rolling-v1,interleaved_dynamic,25,B0,B0-TimeBlind,1,1,0,0.08293849505520953,0.12261277075149143,13.5,13.5,1.0,3.280627709081796,44.288474072604245,2.8673073306677694,0.0,1.1465215394728565,0,0,160.26328995940275,27,1,,,,,,27
miku-rolling-v1,interleaved_dynamic,25,MIKU,MIKU,1,1,0,0.37054771708670303,0.5979918396515087,13.6,13.6,1.0,3.2563116531887104,44.28583848336646,2.9260704880864687,0.0,1.2438055667023287,0,0,649.2941719479859,28,0,all_cycles_optimal,28,28,28,0.0,28
miku-rolling-v1,interleaved_dynamic,26,B0,B0-TimeBlind,1,1,0,0.0833855652987933,0.13468952790455108,13.5,13.5,1.0,3.274572888190925,44.20673399057748,2.559945908324238,0.0,1.0927903108310122,0,0,164.01308696367778,27,1,,,,,,27
miku-rolling-v1,interleaved_dynamic,26,MIKU,MIKU,1,1,0,0.3361879186918112,0.6056820996386112,13.6,13.6,1.0,3.2545530763928725,44.26192183894307,2.7077944664735996,0.0,1.1861175063184433,0,0,408.57689900440164,28,0,all_cycles_optimal,28,28,28,0.0,28
miku-rolling-v1,interleaved_dynamic,27,B0,B0-TimeBlind,0,1,1,0.3000019961638015,0.39145465961491405,13.5,19.0,1.0,3.277535080800916,44.246723590812366,4.0,0.0,4.197159512403379,0,0,1312.9145219281781,27,1,,,,,,27
miku-rolling-v1,interleaved_dynamic,27,MIKU,MIKU,1,1,0,0.2807498863285093,0.5357090994116241,13.6,13.6,1.0,3.2580504957095098,44.30948674164933,3.308489185318059,0.0,1.373965380135538,0,0,1510.5845980870072,28,0,all_cycles_optimal,28,28,28,0.0,28
miku-rolling-v1,interleaved_dynamic,28,B0,B0-TimeBlind,0,1,1,0.6414012540409719,0.5724595341892185,13.5,19.0,1.0,3.2729079098512464,44.184256782991824,4.0,0.0,4.4215842501357665,0,0,1265.6894368701614,27,1,,,,,,27
miku-rolling-v1,interleaved_dynamic,28,MIKU,MIKU,1,1,0,2.8087816123360034,1.1445013308862793,13.6,13.6,1.0,3.2400263386837977,44.06435820609965,4.0,0.3225250930261064,2.203391913027366,0,0,323.41114711016417,28,0,contains_nonoptimal_cycle,28,28,28,inf,28
miku-rolling-v1,interleaved_dynamic,29,B0,B0-TimeBlind,0,1,1,0.15328993308552485,0.5325637593387519,13.6,19.0,1.0,3.241076103822722,44.07863501198902,2.867903829295429,0.0,1.2788245866873276,0,0,1327.9797369032167,28,1,,,,,,28
miku-rolling-v1,interleaved_dynamic,29,MIKU,MIKU,1,1,0,2.3593479613288757,1.7173272114420057,13.7,13.7,1.0,3.2406477661539554,44.39687439630919,4.0,0.0,3.6022352823808905,0,0,492.5587100442499,28,0,contains_nonoptimal_cycle,28,28,28,inf,28
miku-rolling-v1,interleaved_dynamic,30,B0,B0-TimeBlind,1,1,0,0.09301304488406115,0.1674508948371455,13.4,13.4,1.0,3.3023417488840066,44.25137943504569,1.928476817954742,0.0,0.8428467828296045,0,0,143.43416612246074,27,1,,,,,,27
miku-rolling-v1,interleaved_dynamic,30,MIKU,MIKU,1,1,0,0.5528743618481745,0.7033323411398317,13.6,13.6,1.0,3.260348172609956,44.3407351474954,2.615700384775936,0.0,1.0462421069355372,0,0,325.95817497349344,28,0,all_cycles_optimal,28,28,28,0.0,28
miku-rolling-v1,interleaved_dynamic,31,B0,B0-TimeBlind,1,1,0,0.07691772413880262,0.16759051401920644,13.5,13.5,1.0,3.2736388436117436,44.19412438875854,2.865221368158321,0.0,1.1529543379060347,0,0,153.31585111562163,27,1,,,,,,27
miku-rolling-v1,interleaved_dynamic,31,MIKU,MIKU,1,1,0,0.28999244562261817,0.6061495086349126,13.6,13.6,1.0,3.2559263177253506,44.28059792106477,2.8711809489963955,0.0,1.227890323873117,0,0,361.5788460301701,28,0,all_cycles_optimal,28,28,28,0.0,28
miku-rolling-v1,interleaved_dynamic,32,B0,B0-TimeBlind,0,1,1,0.1120573801050552,0.2576479498486274,13.5,19.0,1.0,3.265814355385954,44.088493797710385,2.666430393010205,0.0,1.1045519696033606,0,0,150.1707380230073,27,1,,,,,,27
miku-rolling-v1,interleaved_dynamic,32,MIKU,MIKU,1,1,0,0.2295275373550352,0.6350046776886722,13.6,13.6,1.0,3.246717303126949,44.15535532252651,2.7570454433877827,0.0,1.181262311991127,0,0,370.7600289490074,28,0,all_cycles_optimal,28,28,28,0.0,28
miku-rolling-v1,interleaved_dynamic,33,B0,B0-TimeBlind,1,1,0,0.10572014656772262,0.19488871252293608,13.5,13.5,1.0,3.259507118345749,44.00334609766761,3.112359675545347,0.0,1.350918428208409,0,0,218.71641697362065,27,1,,,,,,27
miku-rolling-v1,interleaved_dynamic,33,MIKU,MIKU,1,1,0,0.4192142583682112,0.5553612799437383,13.6,13.6,1.0,3.2606066756171814,44.344250788393666,3.2761674377124974,0.0,1.3332290586081845,0,0,736.288151005283,28,0,all_cycles_optimal,28,28,28,0.0,28
miku-rolling-v1,interleaved_dynamic,34,B0,B0-TimeBlind,0,1,1,0.14999933652351816,0.46466217398755083,13.5,19.0,1.0,3.265246958059307,44.08083393380064,3.999999999999999,0.0,1.614197169931347,0,0,468.63588597625494,27,1,,,,,,27
miku-rolling-v1,interleaved_dynamic,34,MIKU,MIKU,1,1,0,0.15270241345370872,0.4799954377121723,13.6,13.6,1.0,3.2622510242408995,44.366613929676234,4.0000000168249885,0.24387167395337786,1.638992323865158,0,0,1143.7861128652003,28,0,all_cycles_optimal,28,28,28,0.0,28
miku-rolling-v1,interleaved_dynamic,35,B0,B0-TimeBlind,0,1,1,0.14479624275486552,0.18798841789946072,13.5,19.0,1.0,3.261806932363222,44.0343935869035,4.0,0.0,4.255105144396364,0,0,1383.9799939887598,27,1,,,,,,27
miku-rolling-v1,interleaved_dynamic,35,MIKU,MIKU,1,1,0,0.5550894460815726,0.6226853180855436,13.6,13.6,1.0,3.2541874129650084,44.25694881632411,2.706702009348546,0.0069973074398569325,1.1484094459390533,0,0,379.6796460810583,28,0,all_cycles_optimal,28,28,28,0.0,28
miku-rolling-v1,interleaved_dynamic,36,B0,B0-TimeBlind,0,1,1,0.14974062072254357,0.48282890596857975,13.5,19.0,1.0,3.2605810617497335,44.017844333621404,3.66123554517517,0.0,1.4754611419843602,0,0,377.6309859822504,27,1,,,,,,27
miku-rolling-v1,interleaved_dynamic,36,MIKU,MIKU,1,1,0,1.7919727550915598,1.2354822873929798,13.6,13.6,1.0,3.2530764351359758,44.24183951784927,4.0,0.017222726234905974,3.5819791877598965,0,0,614.418894139817,28,0,contains_nonoptimal_cycle,28,28,28,inf,28
miku-rolling-v1,interleaved_dynamic,37,B0,B0-TimeBlind,0,1,1,0.2818753001168042,0.4047298518535518,13.5,19.0,1.0,3.2701943681596846,44.14762397015574,4.0,0.0,4.269225367233878,0,0,1309.6271278627682,27,1,,,,,,27
miku-rolling-v1,interleaved_dynamic,37,MIKU,MIKU,1,1,0,0.2272055477096511,0.5340532944732325,13.6,13.6,1.0,3.2559718209147515,44.28121676444062,3.1744207908517974,0.0,1.3548031538635708,0,0,630.1405119884294,28,0,all_cycles_optimal,28,28,28,0.0,28
miku-rolling-v1,interleaved_dynamic,38,B0,B0-TimeBlind,1,1,0,0.1337595581926939,0.5800464260530064,13.6,13.6,1.0,3.257937882900871,44.30795520745185,2.7661142634657456,0.0,1.1988848175355888,0,0,186.99384698993526,28,1,,,,,,28
miku-rolling-v1,interleaved_dynamic,38,MIKU,MIKU,0,1,1,0.19415295576368985,0.5895788027514492,13.6,19.0,1.0,3.247798839817796,44.170064221522026,2.778143661835012,0.0,1.2964929834217138,0,0,1958.5800869681407,28,0,contains_nonoptimal_cycle,28,28,28,inf,28
miku-rolling-v1,interleaved_dynamic,39,B0,B0-TimeBlind,1,1,0,0.04860886083898697,0.09498348910451705,13.5,13.5,1.0,3.282506428543591,44.31383678533848,3.0249189920680424,0.0,1.214763794177191,0,0,244.45979995653033,27,1,,,,,,27
miku-rolling-v1,interleaved_dynamic,39,MIKU,MIKU,1,1,0,0.40057524358226376,0.5509461230936542,13.6,13.6,1.0,3.2585709648674595,44.316565122197446,3.200659939428232,0.0,1.3309679952282023,0,0,1841.8749869451858,28,0,all_cycles_optimal,28,28,28,0.0,28
miku-rolling-v1,interleaved_dynamic,40,B0,B0-TimeBlind,0,1,1,0.29576421667155495,0.3851051526023476,13.5,19.0,1.0,3.2811170040466684,44.29507955463002,4.0,0.0,4.159741545531357,0,0,1308.3447590179276,27,1,,,,,,27
miku-rolling-v1,interleaved_dynamic,40,MIKU,MIKU,1,1,0,0.287591827900425,0.52993767864361,13.6,13.6,1.0,3.2597645610960444,44.332798030906204,3.4462807343824173,0.0,1.4051678629292923,0,0,732.2022660227958,28,0,all_cycles_optimal,28,28,28,0.0,28
miku-rolling-v1,interleaved_dynamic,41,B0,B0-TimeBlind,0,1,1,0.1495661440256938,0.4389712312016579,13.5,19.0,1.0,3.265023570015791,44.077818195213176,3.999999999999999,0.0,1.691826349244583,0,0,327.07953607314266,27,1,,,,,,27
miku-rolling-v1,interleaved_dynamic,41,MIKU,MIKU,1,1,0,0.17424087539259198,0.4640253083425675,13.5,13.5,1.0,3.264257916402831,44.06748187143822,4.000000008560825,0.0,1.6988406083619076,0,0,1639.9766099930275,27,0,all_cycles_optimal,27,27,27,0.0,27
miku-rolling-v1,interleaved_dynamic,42,B0,B0-TimeBlind,1,1,0,0.15444280272803404,0.3683404707058656,13.6,13.6,1.0,3.258034382662606,44.30926760421144,2.9880353602461622,0.0,1.2702197428333537,0,0,214.22633808106184,28,1,,,,,,28
miku-rolling-v1,interleaved_dynamic,42,MIKU,MIKU,1,1,0,0.24997758064070122,0.5784888260837371,13.6,13.6,1.0,3.254955469432509,44.26739438428212,2.999502662414983,0.0,1.2723984489847262,0,0,1889.7457359416876,28,0,all_cycles_optimal,28,28,28,0.0,28
miku-rolling-v1,interleaved_dynamic,43,B0,B0-TimeBlind,1,1,0,0.06551541747461953,0.053299633400654696,13.3,13.3,1.0,3.3305449090935353,44.296247290944024,1.6138817808671957,0.0,0.6963816514895849,0,0,141.77030205610208,27,1,,,,,,27
miku-rolling-v1,interleaved_dynamic,43,MIKU,MIKU,1,1,0,3.1638015553523635,1.5048637913033152,13.6,13.6,1.0,3.2530690719431075,44.24173937842626,4.0,0.0,2.3935658196366334,0,0,392.00760604580864,28,0,contains_nonoptimal_cycle,28,28,28,inf,28
miku-rolling-v1,interleaved_dynamic,44,B0,B0-TimeBlind,0,1,1,0.13782209908132037,0.18424468351367324,13.5,19.0,1.0,3.2682588112501367,44.12149395187684,4.0,0.0,4.168870473855427,0,0,1371.9992569822352,27,1,,,,,,27
miku-rolling-v1,interleaved_dynamic,44,MIKU,MIKU,1,1,0,0.5201104023442509,0.5926214942195097,13.6,13.6,1.0,3.257258702648095,44.29871835601409,2.8932523948081186,0.0,1.2244220441653615,0,0,496.07230102992617,28,0,all_cycles_optimal,28,28,28,0.0,28
miku-rolling-v1,interleaved_dynamic,45,B0,B0-TimeBlind,0,1,1,0.07105676736433586,0.048806661623605835,13.6,19.0,1.0,3.246920448425077,44.15811809858104,4.0,0.0,4.701377278464249,0,0,1237.1187621029094,28,1,,,,,,28
miku-rolling-v1,interleaved_dynamic,45,MIKU,MIKU,0,0,0,5.06923618887203,2.0867455711979046,,19.0,0.554511165496802,1.7427493772756635,24.39849128185929,4.0,0.0,6.149259045094049,0,1,451.2388669536449,28,0,contains_nonoptimal_cycle,28,28,28,inf,28
miku-rolling-v1,interleaved_dynamic,46,B0,B0-TimeBlind,0,1,1,0.14988499186522164,0.5390747824189761,13.6,19.0,1.0,3.2547716965295184,44.26489507280145,2.96220420383357,0.0,1.2422787678218048,0,0,305.95246993470937,28,1,,,,,,28
miku-rolling-v1,interleaved_dynamic,46,MIKU,MIKU,1,1,0,2.5945230213054753,1.8600321168701566,13.7,13.7,1.0,3.216380755374855,44.06441634863551,4.0,0.0,3.6219008441728544,0,0,540.0544390140567,28,0,contains_nonoptimal_cycle,28,28,28,inf,28
miku-rolling-v1,interleaved_dynamic,47,B0,B0-TimeBlind,0,1,1,0.20864300816913406,0.3241540039342468,13.6,19.0,1.0,3.2560869072390375,44.28278193845091,4.0,0.0,4.6418157502362,0,0,1217.173244978767,28,1,,,,,,28
miku-rolling-v1,interleaved_dynamic,47,MIKU,MIKU,1,1,0,0.7868948420836817,0.7533311924028353,13.6,13.6,1.0,3.2529203278212195,44.239716458368584,4.0,0.0,4.2071461469199765,0,0,359.0893370565027,28,0,contains_nonoptimal_cycle,28,28,28,inf,28
miku-rolling-v1,interleaved_dynamic,48,B0,B0-TimeBlind,0,1,1,0.0713811460320648,0.06408981175179436,13.4,19.0,1.0,3.304873948209191,44.28531090600316,2.6180134269741124,0.0,1.0366528483480257,0,0,211.1882510362193,27,1,,,,,,27
miku-rolling-v1,interleaved_dynamic,48,MIKU,MIKU,1,1,0,0.5421917722798226,0.5948835031199438,13.6,13.6,1.0,3.2604847003988375,44.34259192542419,2.9965916274623736,0.0,1.2389815561830753,0,0,1005.3428990067914,28,0,all_cycles_optimal,28,28,28,0.0,28
miku-rolling-v1,interleaved_dynamic,49,B0,B0-TimeBlind,1,1,0,0.07414288685668079,0.13200104852714487,13.5,13.5,1.0,3.272001662644042,44.172022445694566,3.308940583661128,0.0,1.3154575862715567,0,0,188.68809609557502,27,1,,,,,,27
miku-rolling-v1,interleaved_dynamic,49,MIKU,MIKU,1,1,0,0.32764302775827486,0.5365691726297204,13.6,13.6,1.0,3.260048913384279,44.3366652220262,3.410863989454085,0.0,1.3891660928776963,0,0,1145.0999270600732,28,0,all_cycles_optimal,28,28,28,0.0,28
miku-rolling-v1,interleaved_dynamic,50,B0,B0-TimeBlind,1,1,0,0.14925626492322927,0.6161719674676229,13.6,13.6,1.0,3.254183332603143,44.25689332340274,2.694671845087068,0.0,1.1758118530602784,0,0,191.3713809917681,28,1,,,,,,28
miku-rolling-v1,interleaved_dynamic,50,MIKU,MIKU,0,1,1,0.22722997120625488,0.6000667443845312,13.8,19.0,1.0,3.206459814427438,44.24914543909865,3.9239136102806844,0.0,1.531510553922344,0,0,2214.072648930596,28,0,contains_nonoptimal_cycle,28,28,28,inf,28
miku-rolling-v1,interleaved_dynamic,51,B0,B0-TimeBlind,0,1,1,0.2087439053338933,0.35928753145984177,13.6,19.0,1.0,3.2562368617767006,44.284821320163125,4.0,0.0,4.648442195386321,0,0,1220.0632190797478,28,1,,,,,,28
miku-rolling-v1,interleaved_dynamic,51,MIKU,MIKU,1,1,0,0.22630104186254643,0.5606457339644995,13.5,13.5,1.0,3.2599141885350793,44.00884154522357,2.4434257581190986,0.0,1.078146505909032,0,0,280.6207070534583,27,0,all_cycles_optimal,27,27,27,0.0,27
miku-rolling-v1,interleaved_dynamic,52,B0,B0-TimeBlind,0,1,1,0.2773274554865604,0.3411755232384893,13.5,19.0,1.0,3.276439113639729,44.231928034136345,4.0,0.0,3.775054749502311,0,0,1494.0903799724765,27,1,,,,,,27
miku-rolling-v1,interleaved_dynamic,52,MIKU,MIKU,1,1,0,0.5248204506592131,0.658366943817685,13.6,13.6,1.0,3.258663898744357,44.317829022923256,2.6379775281943463,0.0,1.107681209929442,0,0,872.2098760772496,28,0,all_cycles_optimal,28,28,28,0.0,28
miku-rolling-v1,interleaved_dynamic,53,B0,B0-TimeBlind,1,1,0,0.07730863030166314,0.1478542497239129,13.5,13.5,1.0,3.264570007913724,44.07169510683527,3.2414828737527825,0.0,1.339413891376903,0,0,241.4900939038489,27,1,,,,,,27
miku-rolling-v1,interleaved_dynamic,53,MIKU,MIKU,1,1,0,0.30123755918518885,0.522592925998125,13.6,13.6,1.0,3.257806616892659,44.30616998974016,3.349056592602613,0.0,1.407646325092596,0,0,1415.138058073353,28,0,all_cycles_optimal,28,28,28,0.0,28
miku-rolling-v1,interleaved_dynamic,54,B0,B0-TimeBlind,1,1,0,0.10144379428621052,0.24292330315315436,13.5,13.5,1.0,3.2623833061363103,44.04217463284019,2.4461952958660746,0.0,1.0734518791029122,0,0,152.93936195666902,27,1,,,,,,27
miku-rolling-v1,interleaved_dynamic,54,MIKU,MIKU,1,1,0,0.23313642860225942,0.6455810480404717,13.6,13.6,1.0,3.2379193292463295,44.03570287775008,2.8863835100306976,0.0,1.169172655304096,0,0,587.2321151255164,28,0,all_cycles_optimal,28,28,28,0.0,28
miku-rolling-v1,interleaved_dynamic,55,B0,B0-TimeBlind,0,1,1,0.21245579009579751,0.587548272724124,13.6,19.0,1.0,3.2552185698786076,44.270972550349065,2.8623267382616207,0.0,1.304308656042632,0,0,1257.9002469137777,28,1,,,,,,28
miku-rolling-v1,interleaved_dynamic,55,MIKU,MIKU,1,1,0,0.16332118617644012,0.5891106342622835,13.6,13.6,1.0,3.2493730685636955,44.19147373246626,2.8669817264499495,0.0,1.225118902954628,0,0,523.8097199180629,28,0,all_cycles_optimal,28,28,28,0.0,28
miku-rolling-v1,interleaved_dynamic,56,B0,B0-TimeBlind,0,1,1,0.5401132868304898,0.5123127827012129,13.5,19.0,1.0,3.2646701811977445,44.073047446169554,4.0,0.0,2.9875825215611607,0,0,1330.3776500979438,27,1,,,,,,27
miku-rolling-v1,interleaved_dynamic,56,MIKU,MIKU,1,1,0,3.284962096347189,1.5598516094512227,13.6,13.6,1.0,3.2521936051724043,44.2298330303447,4.0,0.0,2.5186803509921996,0,0,283.9935749361757,28,0,contains_nonoptimal_cycle,28,28,28,inf,28
miku-rolling-v1,interleaved_dynamic,57,B0,B0-TimeBlind,0,1,1,0.14999948929714657,0.5188765062153545,13.6,19.0,1.0,3.261221009214206,44.352605725313204,3.332713808210423,0.0,1.3344718711019607,0,0,217.2155610169284,28,1,,,,,,28
miku-rolling-v1,interleaved_dynamic,57,MIKU,MIKU,0,1,1,0.32923292109714675,0.5484112879611417,13.6,19.0,1.0,3.2582049133910855,44.31158682211876,4.0,0.0,4.303742376563393,0,0,2738.4443229821045,28,0,contains_nonoptimal_cycle,28,28,28,inf,28
miku-rolling-v1,interleaved_dynamic,58,B0,B0-TimeBlind,1,1,0,0.13364910544820918,0.38561881826540995,13.6,13.6,1.0,3.2612302228132695,44.352731030260465,2.61568367692258,0.0,1.0527460751659548,0,0,145.46057902043685,28,1,,,,,,28
miku-rolling-v1,interleaved_dynamic,58,MIKU,MIKU,1,1,0,0.19950165706859624,0.6940245528357483,13.6,13.6,1.0,3.2460347471283253,44.14607256094522,2.7879189640116135,0.0,1.091063175776191,0,0,723.5182180011179,28,0,all_cycles_optimal,28,28,28,0.0,28
miku-rolling-v1,interleaved_dynamic,59,B0,B0-TimeBlind,1,1,0,0.0369458512914449,0.07549633827104298,13.3,13.3,1.0,3.315458846900242,44.09560266377322,1.4834169428392505,0.0,0.6726567200630241,0,0,130.09587896522135,27,1,,,,,,27
miku-rolling-v1,interleaved_dynamic,59,MIKU,MIKU,1,1,0,0.7348141060853044,0.6769718815488028,13.6,13.6,1.0,3.2597160420318136,44.332138171632664,2.59494069042234,0.0,1.0459513112550471,0,0,556.8597209057771,28,0,all_cycles_optimal,28,28,28,0.0,28
miku-rolling-v1,interleaved_dynamic,60,B0,B0-TimeBlind,1,1,0,0.1264721790082117,0.1912435339288873,13.4,13.4,1.0,3.28386997789419,44.00385770378215,2.259026322462894,0.0,0.9782465211975349,0,0,150.70415002992377,27,1,,,,,,27
miku-rolling-v1,interleaved_dynamic,60,MIKU,MIKU,1,1,0,0.4688204702981624,0.6501990511955654,13.6,13.6,1.0,3.256505087548623,44.28846919066127,2.675764781283533,0.0,1.1167558044849673,0,0,325.10442796046846,28,0,all_cycles_optimal,28,28,28,0.0,28
miku-rolling-v1,interleaved_dynamic,61,B0,B0-TimeBlind,0,1,1,0.326394977344023,0.393782382269863,13.5,19.0,1.0,3.2594617828440398,44.00273406839454,4.0,0.0,4.294803942967752,0,0,1344.6200499020051,27,1,,,,,,27
miku-rolling-v1,interleaved_dynamic,61,MIKU,MIKU,1,1,0,0.45414621651463716,0.630439278698153,13.6,13.6,1.0,3.255576272419169,44.2758373049007,2.689098233430594,0.0,1.1451729751443007,0,0,644.269756070571,28,0,all_cycles_optimal,28,28,28,0.0,28
miku-rolling-v1,interleaved_dynamic,62,B0,B0-TimeBlind,1,1,0,0.14999999913148665,0.5162763647345688,13.6,13.6,1.0,3.2580041238000876,44.30885608368119,3.1980472694766977,0.0,1.3282351064328386,0,0,250.1824919891078,28,1,,,,,,28
miku-rolling-v1,interleaved_dynamic,62,MIKU,MIKU,1,1,0,2.218691298331559,1.5947011077141817,13.6,13.6,1.0,3.239953101302633,44.0633621777158,4.0,0.012531151370815344,3.59465254402105,0,0,381.90137504716404,28,0,contains_nonoptimal_cycle,28,28,28,inf,28
miku-rolling-v1,interleaved_dynamic,63,B0,B0-TimeBlind,1,1,0,0.08570672464019813,0.08693439368229475,13.4,13.4,1.0,3.292767706754027,44.12308727050396,2.0926721789626175,0.0,0.909278521088537,0,0,178.41674204100855,27,1,,,,,,27
miku-rolling-v1,interleaved_dynamic,63,MIKU,MIKU,1,1,0,0.5178990784023757,0.6890420837387559,13.6,13.6,1.0,3.2497152912905682,44.196127961551724,2.7397991873120078,0.16924131816801202,1.0935026862077302,0,0,337.9753230838105,28,0,all_cycles_optimal,28,28,28,0.0,28
miku-rolling-v1,interleaved_dynamic,64,B0,B0-TimeBlind,0,1,1,0.1499162561728018,0.5067508295445798,13.6,19.0,1.0,3.262302149147633,44.367309228407805,3.414200121893852,0.0,1.3819144295514998,0,0,317.0322848891374,28,1,,,,,,28
miku-rolling-v1,interleaved_dynamic,64,MIKU,MIKU,1,1,0,2.273414193130924,1.64794552889178,13.7,13.7,1.0,3.2358960961240193,44.33177651689906,4.0,0.0,3.5942665137696164,0,0,361.36803406407125,28,0,contains_nonoptimal_cycle,28,28,28,inf,28
miku-rolling-v1,interleaved_dynamic,65,B0,B0-TimeBlind,0,1,1,0.45483634993051014,0.5228356038036079,13.5,19.0,1.0,3.2754002715218515,44.217903665544995,4.0,0.0,4.332735074764739,0,0,1252.517436107155,27,1,,,,,,27
miku-rolling-v1,interleaved_dynamic,65,MIKU,MIKU,1,1,0,0.2527815285116682,0.6108763764747619,13.6,13.6,1.0,3.258271501839848,44.31249242502193,2.8900053634200598,0.0,1.2177642054470996,0,0,385.00683699385263,28,0,all_cycles_optimal,28,28,28,0.0,28
miku-rolling-v1,interleaved_dynamic,66,B0,B0-TimeBlind,0,1,1,0.18989684585381472,0.5030134008591072,13.6,19.0,1.0,3.2622290644341043,44.366315276303816,3.3909150491805304,0.0,1.5392867323713253,0,0,1429.201212944463,28,1,,,,,,28
miku-rolling-v1,interleaved_dynamic,66,MIKU,MIKU,1,1,0,1.051292217917426,1.0785352553217828,13.6,13.6,1.0,3.2375323333324544,44.03043973332138,4.0,0.0,2.045789591032193,0,0,590.0490809872281,28,0,contains_nonoptimal_cycle,28,28,28,inf,28
miku-rolling-v1,interleaved_dynamic,67,B0,B0-TimeBlind,1,1,0,0.08426953670511518,0.11198571086766625,13.5,13.5,1.0,3.2801619563622597,44.2821864108905,2.9768924741862013,0.0,1.191313195565736,0,0,178.0016058764886,27,1,,,,,,27
miku-rolling-v1,interleaved_dynamic,67,MIKU,MIKU,1,1,0,0.38820299429207367,0.5727389182029735,13.6,13.6,1.0,3.2595854712663748,44.330362409222694,3.0781537804795724,0.0,1.2878064683734205,0,0,1265.591339993989,28,0,all_cycles_optimal,28,28,28,0.0,28
miku-rolling-v1,interleaved_dynamic,68,B0,B0-TimeBlind,1,1,0,0.02152886488260286,0.00874406188896863,13.6,13.6,1.0,3.2423154554427485,44.09549019402138,3.6242917161525074,0.0,1.5243937058510917,0,0,356.97053305921145,28,1,,,,,,28
miku-rolling-v1,interleaved_dynamic,68,MIKU,MIKU,0,0,0,2.809183050667559,1.487003187640397,,19.0,0.6034552860951578,1.8965737564627179,26.55203259047805,4.0,0.0,6.166560131663041,0,1,615.6379030726384,28,0,contains_nonoptimal_cycle,28,28,28,inf,28
miku-rolling-v1,interleaved_dynamic,69,B0,B0-TimeBlind,0,1,1,0.14903025059913244,0.23275223576008638,13.5,19.0,1.0,3.271503450384068,44.165296580184915,4.0,0.0,4.389805721117163,0,0,1262.9018079605885,27,1,,,,,,27
miku-rolling-v1,interleaved_dynamic,69,MIKU,MIKU,1,1,0,0.4689699034362028,0.6731677410903675,13.6,13.6,1.0,3.2534605093161937,44.24706292670023,2.683569759631109,0.0,1.115126913410789,0,0,313.6929838510696,28,0,all_cycles_optimal,28,28,28,0.0,28
miku-rolling-v1,interleaved_dynamic,70,B0,B0-TimeBlind,1,1,0,0.08131213651696229,0.23381991109231653,13.5,13.5,1.0,3.2653666257303473,44.082449447359686,2.190234350602029,0.0,0.9639305853623992,0,0,205.1915889896918,27,1,,,,,,27
miku-rolling-v1,interleaved_dynamic,70,MIKU,MIKU,1,1,0,1.7685824717738718,1.135264853526087,13.6,13.6,1.0,3.2452347261274372,44.13519227533315,4.0,0.017471099378067366,2.5191756782066066,0,0,543.4123198792804,28,0,contains_nonoptimal_cycle,28,28,28,inf,28
miku-rolling-v1,interleaved_dynamic,71,B0,B0-TimeBlind,1,1,0,0.08574305465184828,0.05048907886301362,13.3,13.3,1.0,3.3190292327789943,44.14308879596063,2.621740333142156,0.0,1.0166558547218125,0,0,270.78311995137483,27,1,,,,,,27
miku-rolling-v1,interleaved_dynamic,71,MIKU,MIKU,1,1,0,0.6093392723654173,0.5704926094048979,13.6,13.6,1.0,3.2608116999724612,44.34703911962547,3.314684376696933,0.0,1.3017944010634344,0,0,389.64640704216436,28,0,all_cycles_optimal,28,28,28,0.0,28
miku-rolling-v1,interleaved_dynamic,72,B0,B0-TimeBlind,1,1,0,0.10138661516960479,0.145197540341577,13.4,13.4,1.0,3.3007631270816034,44.23022590289349,1.9309409542383182,0.0,0.9116957687354837,0,0,645.7428751164116,27,1,,,,,,27
miku-rolling-v1,interleaved_dynamic,72,MIKU,MIKU,1,1,0,0.10138661516960479,0.1583546425880883,13.2,13.2,1.0,3.3395215143895967,44.081683989942675,1.507549597298504,0.0,0.6593013060732648,0,0,206.93250503973104,27,0,all_cycles_optimal,27,27,27,0.0,27
miku-rolling-v1,interleaved_dynamic,73,B0,B0-TimeBlind,1,1,0,0.056406612038335746,0.09166610027195383,13.4,13.4,1.0,3.2871106820302116,44.047283139204836,2.65356556800603,0.0,1.0782827801552792,0,0,136.36932303779759,27,1,,,,,,27
miku-rolling-v1,interleaved_dynamic,73,MIKU,MIKU,1,1,0,0.43314603815039804,0.603434650959825,13.6,13.6,1.0,3.2593765239996597,44.32752072639537,2.798898585223414,0.0,1.210748790805098,0,0,422.87658088025637,28,0,all_cycles_optimal,28,28,28,0.0,28
miku-rolling-v1,interleaved_dynamic,74,B0,B0-TimeBlind,1,1,0,0.15002403034447265,0.5458645129191465,13.6,13.6,1.0,3.2505410751667414,44.207358622267684,2.822748683131514,0.0,1.2384993211585642,0,0,324.24706904566847,28,1,,,,,,28
miku-rolling-v1,interleaved_dynamic,74,MIKU,MIKU,1,1,0,0.16135991461737242,0.5681360125177948,13.6,13.6,1.0,3.243139372013101,44.10669545937817,2.8423024780805792,0.0,1.255014943460871,0,0,2090.1176879706327,28,0,all_cycles_optimal,28,28,28,0.0,28
miku-rolling-v1,interleaved_dynamic,75,B0,B0-TimeBlind,1,1,0,0.05598133349586075,0.1078139502463827,13.5,13.5,1.0,3.2817863147457635,44.304115249067806,3.125553491516468,0.0,1.226371534722453,0,0,139.81908801360987,27,1,,,,,,27
miku-rolling-v1,interleaved_dynamic,75,MIKU,MIKU,1,1,0,0.38945724576478535,0.5627079947571755,13.6,13.6,1.0,3.2615840761831243,44.35754343609049,3.2414874818378214,0.0,1.321625542567931,0,0,742.6711730076931,28,0,all_cycles_optimal,28,28,28,0.0,28
miku-rolling-v1,interleaved_dynamic,76,B0,B0-TimeBlind,0,1,1,0.1834095491003182,0.2586329846016495,13.5,19.0,1.0,3.2771333185563263,44.241299800510404,4.0,0.0,4.205315451133187,0,0,1303.853809920838,27,1,,,,,,27
miku-rolling-v1,interleaved_dynamic,76,MIKU,MIKU,1,1,0,0.3647704658266266,0.5396730465684423,13.6,13.6,1.0,3.257316526076161,44.29950475463579,3.241340776277404,0.0,1.3611370055993373,0,0,1266.94247793057,28,0,all_cycles_optimal,28,28,28,0.0,28
miku-rolling-v1,interleaved_dynamic,77,B0,B0-TimeBlind,1,1,0,0.06124281913302304,0.1262888119033825,13.5,13.5,1.0,3.28442015013903,44.339672026876904,2.2733993836101534,0.0,0.9566474681973343,0,0,154.50073400279507,27,1,,,,,,27
miku-rolling-v1,interleaved_dynamic,77,MIKU,MIKU,1,1,0,0.2949636573124539,0.5414271318630478,13.5,13.5,1.0,3.26827545574699,44.12171865258436,2.2449877509062026,0.0,1.006270618985634,0,0,364.8762869706843,27,0,all_cycles_optimal,27,27,27,0.0,27
miku-rolling-v1,interleaved_dynamic,78,B0,B0-TimeBlind,1,1,0,0.08371124897028892,0.04269349290535337,13.2,13.2,1.0,3.340768860622383,44.098148960215454,1.8893473110133714,0.0,0.7666449077284272,0,0,166.9629259267822,27,1,,,,,,27
miku-rolling-v1,interleaved_dynamic,78,MIKU,MIKU,1,1,0,0.672461098551766,0.5970870513906443,13.6,13.6,1.0,3.260375776699543,44.34111056311379,2.9943605199198635,0.0,1.2022202233305899,0,0,350.72028898866847,28,0,all_cycles_optimal,28,28,28,0.0,28
miku-rolling-v1,interleaved_dynamic,79,B0,B0-TimeBlind,0,1,1,0.14997286150564948,0.463333538524904,13.5,19.0,1.0,3.26617055421467,44.09330248189804,3.9999999909827544,0.0,1.6128734213151437,0,0,469.6890779596288,27,1,,,,,,27
miku-rolling-v1,interleaved_dynamic,79,MIKU,MIKU,1,1,0,1.8113459479033274,1.3716792284257453,13.6,13.6,1.0,3.245883786630884,44.14401949818002,4.0,0.0,3.58348244840178,0,0,426.75194586627185,28,0,contains_nonoptimal_cycle,28,28,28,inf,28
miku-rolling-v1,interleaved_dynamic,80,B0,B0-TimeBlind,1,1,0,0.060998237172400493,0.09143681806777489,13.4,13.4,1.0,3.2853267201446266,44.023378049937996,2.1926485121259036,0.0,0.9708245103836954,0,0,157.31514900107868,27,1,,,,,,27
miku-rolling-v1,interleaved_dynamic,80,MIKU,MIKU,1,1,0,0.44608153793180905,0.634384011509387,13.6,13.6,1.0,3.2529099498827807,44.23957531840582,2.7325043380909313,0.0,1.1307116303831333,0,0,357.47953204554506,28,0,all_cycles_optimal,28,28,28,0.0,28
miku-rolling-v1,interleaved_dynamic,81,B0,B0-TimeBlind,0,1,1,0.2726908010496154,0.4405675855415449,13.5,19.0,1.0,3.2723533789953274,44.17677061643692,4.0,0.0,4.361335238090271,0,0,1264.8933920718264,27,1,,,,,,27
miku-rolling-v1,interleaved_dynamic,81,MIKU,MIKU,1,1,0,0.21914870153749935,0.5561980353697242,13.6,13.6,1.0,3.2600763782094755,44.33703874364887,3.2872285390784515,0.0,1.3258827105236506,0,0,549.8546710296068,28,0,all_cycles_optimal,28,28,28,0.0,28
miku-rolling-v1,interleaved_dynamic,82,B0,B0-TimeBlind,1,1,0,0.052613174455070855,0.07525930390863082,13.4,13.4,1.0,3.296646698743351,44.17506576316091,2.399429774901881,0.0,0.9928603078566177,0,0,163.91673605539836,27,1,,,,,,27
miku-rolling-v1,interleaved_dynamic,82,MIKU,MIKU,1,1,0,0.5046175033867839,0.6207049411854424,13.6,13.6,1.0,3.258117294426645,44.31039520420237,2.6519927424389356,0.0,1.1712585267018247,0,0,555.0041130045429,28,0,all_cycles_optimal,28,28,28,0.0,28
miku-rolling-v1,interleaved_dynamic,83,B0,B0-TimeBlind,1,1,0,0.15302620439647446,0.24160584095645118,13.6,13.6,1.0,3.260993373799277,44.349509883670166,3.7048422540295527,0.0,1.5303710869731668,0,0,163.56272803386673,28,1,,,,,,28
miku-rolling-v1,interleaved_dynamic,83,MIKU,MIKU,1,1,0,0.3050613771425101,0.48772069358464787,13.5,13.5,1.0,3.2599960788753446,44.009947064817155,3.811492616278242,0.0,1.546810422672085,0,0,640.4142310202587,27,0,all_cycles_optimal,27,27,27,0.0,27
miku-rolling-v1,interleaved_dynamic,84,B0,B0-TimeBlind,1,1,0,0.09863662796541532,0.17004577001472038,13.5,13.5,1.0,3.268203816806219,44.12075152688396,2.893293456746759,0.0,1.1977364625000209,0,0,164.23966793809086,27,1,,,,,,27
miku-rolling-v1,interleaved_dynamic,84,MIKU,MIKU,1,1,0,0.29947422709884713,0.5779440950374953,13.6,13.6,1.0,3.2525278813467136,44.2343791863153,2.9246032074062223,0.0,1.2708502228523268,0,0,1958.0011520592961,28,0,all_cycles_optimal,28,28,28,0.0,28
miku-rolling-v1,interleaved_dynamic,85,B0,B0-TimeBlind,0,1,1,0.07711834118960881,0.04432824281332762,13.2,19.0,1.0,3.3453883467302945,44.159126176839884,1.335150350253037,0.0,0.6049255532147332,0,0,163.06166208232753,27,1,,,,,,27
miku-rolling-v1,interleaved_dynamic,85,MIKU,MIKU,1,1,0,0.5889184209119915,0.5607844550354626,13.6,13.6,1.0,3.2482001453622242,44.17552197692625,2.764406797520862,0.0,1.1881822470352215,0,0,951.9211230799556,28,0,all_cycles_optimal,28,28,28,0.0,28
miku-rolling-v1,interleaved_dynamic,86,B0,B0-TimeBlind,1,1,0,0.15164827893693683,0.5330796574083654,13.6,13.6,1.0,3.2584230035523962,44.31455284831259,3.0273416555388835,0.0,1.268971729697154,0,0,167.87425501388498,28,1,,,,,,28
miku-rolling-v1,interleaved_dynamic,86,MIKU,MIKU,1,1,0,0.18399830742210346,0.5640532356824083,13.6,13.6,1.0,3.2551748755594323,44.270378307608276,3.0422992725707663,0.0,1.2760763157590433,0,0,809.0163749875501,28,0,all_cycles_optimal,28,28,28,0.0,28
miku-rolling-v1,interleaved_dynamic,87,B0,B0-TimeBlind,1,1,0,0.09026850499705819,0.0920850834984051,13.4,13.4,1.0,3.284462347013192,44.01179544997677,2.8158463629697987,0.0,1.1366072896893178,0,0,150.14707800582983,27,1,,,,,,27
miku-rolling-v1,interleaved_dynamic,87,MIKU,MIKU,1,1,0,0.4555513074872093,0.5778827145677827,13.6,13.6,1.0,3.2585940144361643,44.31687859633183,2.9818599940984023,0.0,1.2640198194844858,0,0,1385.9975889208727,28,0,all_cycles_optimal,28,28,28,0.0,28
miku-rolling-v1,interleaved_dynamic,88,B0,B0-TimeBlind,1,1,0,0.07737518618543289,0.10434861158585763,13.5,13.5,1.0,3.284681208270715,44.34319631165465,2.64867427071867,0.0,1.084067607592718,0,0,165.93108905362897,27,1,,,,,,27
miku-rolling-v1,interleaved_dynamic,88,MIKU,MIKU,1,1,0,0.4092928617996147,0.6106770784101587,13.6,13.6,1.0,3.2531477659945467,44.242809617525836,2.741748504972888,0.0,1.2091513802202944,0,0,412.77712702867575,28,0,all_cycles_optimal,28,28,28,0.0,28
miku-rolling-v1,interleaved_dynamic,89,B0,B0-TimeBlind,1,1,0,0.13955372051497048,0.4366129109735247,13.6,13.6,1.0,3.2583545983098494,44.31362253701395,3.123634779387778,0.0,1.3173148243166106,0,0,178.35955088958144,28,1,,,,,,28
miku-rolling-v1,interleaved_dynamic,89,MIKU,MIKU,1,1,0,0.20512677615125782,0.5424465454180614,13.6,13.6,1.0,3.255000675624215,44.26800918848932,3.1494805912921247,0.0,1.3288773988454667,0,0,1800.0603029504418,28,0,all_cycles_optimal,28,28,28,0.0,28
miku-rolling-v1,interleaved_dynamic,90,B0,B0-TimeBlind,1,1,0,0.08642953934455266,0.08636439584156858,13.4,13.4,1.0,3.288490060715387,44.06576681358619,2.1585977162503296,0.0,0.9534817469263153,0,0,170.60688792844303,27,1,,,,,,27
miku-rolling-v1,interleaved_dynamic,90,MIKU,MIKU,1,1,0,0.48797788973708517,0.6405819048696513,13.6,13.6,1.0,3.253576909677274,44.24864597161093,2.7213879278933306,0.0,1.123751354801761,0,0,615.9350309462752,28,0,all_cycles_optimal,28,28,28,0.0,28
miku-rolling-v1,interleaved_dynamic,91,B0,B0-TimeBlind,1,1,0,0.06562676338080964,0.07560678057207866,13.4,13.4,1.0,3.298597518147144,44.20120674317173,2.3606273543382947,0.0,0.9710559820415764,0,0,147.37018710002303,27,1,,,,,,27
miku-rolling-v1,interleaved_dynamic,91,MIKU,MIKU,1,1,0,0.5248511691424423,0.6388037081597259,13.6,13.6,1.0,3.2604756993370234,44.34246951098352,2.6119035543193125,0.0,1.1457298151240216,0,0,337.6914398977533,28,0,all_cycles_optimal,28,28,28,0.0,28
miku-rolling-v1,interleaved_dynamic,92,B0,B0-TimeBlind,0,1,1,0.15911481844468522,0.2218893362923064,13.5,19.0,1.0,3.274479957293976,44.205479423468674,4.0,0.0,4.361794603306173,0,0,1260.960424959194,27,1,,,,,,27
miku-rolling-v1,interleaved_dynamic,92,MIKU,MIKU,1,1,0,0.5017031222364324,0.6751995113173529,13.6,13.6,1.0,3.2551007576852813,44.269370304519825,2.6581103526906635,0.0,1.113952297010891,0,0,775.0617090787273,28,0,all_cycles_optimal,28,28,28,0.0,28
miku-rolling-v1,interleaved_dynamic,93,B0,B0-TimeBlind,1,1,0,0.152618765036823,0.5075311427165731,13.6,13.6,1.0,3.26073597109687,44.34600920691743,3.3757958359194498,0.0,1.3652884025248446,0,0,187.07827507751063,28,1,,,,,,28
miku-rolling-v1,interleaved_dynamic,93,MIKU,MIKU,1,1,0,0.1696100162557184,0.5375417562215437,13.6,13.6,1.0,3.260334199350578,44.34054511116786,3.3916490483484845,0.0,1.3687761239830896,0,0,695.0371770071797,28,0,all_cycles_optimal,28,28,28,0.0,28
miku-rolling-v1,interleaved_dynamic,94,B0,B0-TimeBlind,1,1,0,0.15205202523648803,0.6309325944141593,13.6,13.6,1.0,3.252392547279934,44.2325386430071,2.8143011678413496,0.0,1.2007609015581433,0,0,409.08095802296884,28,1,,,,,,28
miku-rolling-v1,interleaved_dynamic,94,MIKU,MIKU,0,1,1,0.17520120534019637,0.6095731563556694,13.8,19.0,1.0,3.215823807713535,44.37836854644679,3.753901478494488,0.0,1.4184073719853076,0,0,1338.0201218824368,28,0,contains_nonoptimal_cycle,28,28,28,inf,28
miku-rolling-v1,interleaved_dynamic,95,B0,B0-TimeBlind,0,1,1,0.36931124895476986,0.4768564504334248,13.6,19.0,1.0,3.260612484555198,44.34432978995069,4.0,0.0,4.607047920787223,0,0,1221.8560289475136,28,1,,,,,,28
miku-rolling-v1,interleaved_dynamic,95,MIKU,MIKU,1,1,0,1.7129907705790908,1.045115879605256,13.6,13.6,1.0,3.250785899286599,44.21068823029775,4.0,0.0,2.282095643436563,0,0,486.84712991234846,28,0,contains_nonoptimal_cycle,28,28,28,inf,28
miku-rolling-v1,interleaved_dynamic,96,B0,B0-TimeBlind,0,1,1,0.1495517463259355,0.48004251060227515,13.5,19.0,1.0,3.2615547625786014,44.03098929481112,3.7250738397413556,0.0,1.495650798971504,0,0,285.3896940650884,27,1,,,,,,27
miku-rolling-v1,interleaved_dynamic,96,MIKU,MIKU,1,1,0,1.91981780410293,1.4758229307970117,13.6,13.6,1.0,3.253870278917606,44.25263579327944,4.0,0.0,3.5804660642020947,0,0,372.6027350057848,28,0,contains_nonoptimal_cycle,28,28,28,inf,28
miku-rolling-v1,interleaved_dynamic,97,B0,B0-TimeBlind,1,1,0,0.15041557589240354,0.4710719825941657,13.6,13.6,1.0,3.2524850216783032,44.23379629482492,4.0,0.0,1.765260802575187,0,0,722.8889788675588,28,1,,,,,,28
miku-rolling-v1,interleaved_dynamic,97,MIKU,MIKU,0,1,1,0.23089071511918682,0.6448373910382522,13.5,19.0,1.0,3.260113640219924,44.01153414296897,4.0,0.0,1.8280528542829166,0,0,2003.1904260395095,27,0,contains_nonoptimal_cycle,27,27,27,inf,27
miku-rolling-v1,interleaved_dynamic,98,B0,B0-TimeBlind,1,1,0,0.12597803955368722,0.4324395010878831,13.6,13.6,1.0,3.2613523935843203,44.35439255274675,2.6341555543048525,0.0,1.1409157228973488,0,0,163.30357594415545,28,1,,,,,,28
miku-rolling-v1,interleaved_dynamic,98,MIKU,MIKU,1,1,0,0.18022998517741745,0.6276346182237622,13.6,13.6,1.0,3.2453024308271883,44.13611305924976,2.7801052969288356,0.0,1.1746096119844434,0,0,1208.24624405941,28,0,all_cycles_optimal,28,28,28,0.0,28
miku-rolling-v1,interleaved_dynamic,99,B0,B0-TimeBlind,0,1,1,0.20432957434488033,0.2502646349884021,13.5,19.0,1.0,3.2707267939405984,44.154811718198076,4.0,0.0,2.8436456934440733,0,0,1436.7888550332282,27,1,,,,,,27
miku-rolling-v1,interleaved_dynamic,99,MIKU,MIKU,1,1,0,0.6642614764602301,0.6969742176518908,13.5,13.5,1.0,3.260435317985295,44.015876792801485,2.47555287069326,0.0,1.035710353536676,0,0,815.0217689108104,27,0,all_cycles_optimal,27,27,27,0.0,27
miku-rolling-v1,prediction_noise,0,B0,B0-TimeBlind,1,1,0,8.319728237558433,4.132472531911927,8.8,8.8,1.0,4.683785654396597,41.217313758690054,1.1041591492001381,0.08637852320653333,0.39950616918446763,0,0,46.860148024279624,18,1,,,,,,18
miku-rolling-v1,prediction_noise,0,MIKU,MIKU,1,1,0,8.319728237558433,4.132472531911927,8.8,8.8,1.0,4.683785654396597,41.217313758690054,1.1041591492001381,0.08637852320653333,0.39950616918446763,0,0,52.773063973290846,18,0,all_cycles_optimal,18,18,18,0.0,18
miku-rolling-v1,prediction_noise,1,B0,B0-TimeBlind,1,1,0,13.926700044985306,6.118768078939494,9.7,9.7,1.0,4.263335946089793,41.35435867707099,4.0,0.023458413376607954,4.2898571455030865,0,0,72.6704089611303,20,1,,,,,,20
miku-rolling-v1,prediction_noise,1,MIKU,MIKU,1,1,0,13.926700044985306,6.118768078939494,9.7,9.7,1.0,4.263335946089793,41.35435867707099,4.0,0.023458413376607954,4.2898571455030865,0,0,77.22738591837697,20,0,contains_nonoptimal_cycle,20,20,20,inf,20
miku-rolling-v1,prediction_noise,2,B0,B0-TimeBlind,1,1,0,7.8431513318378,2.893032247375483,9.7,9.7,1.0,4.259927411558818,41.32129589212053,4.0,0.035214107679707715,4.320348707054165,0,0,72.38949104794301,20,1,,,,,,20
miku-rolling-v1,prediction_noise,2,MIKU,MIKU,1,1,0,8.812495386584269,2.4554648854635346,10.0,10.0,1.0,4.140987940125478,41.40987940125478,4.0,0.035214107679707715,4.542881043991192,0,0,127.86954402690753,20,0,contains_nonoptimal_cycle,20,20,20,inf,20
miku-rolling-v1,prediction_noise,3,B0,B0-TimeBlind,1,1,0,2.5536966843435867,2.101816815944617,9.0,9.0,1.0,4.571695566962876,41.14526010266588,1.2907958597992581,0.055194526603812716,0.5456924196429686,0,0,61.05862694676034,18,1,,,,,,18
miku-rolling-v1,prediction_noise,3,MIKU,MIKU,1,1,0,2.5536966843435867,2.101816815944617,9.0,9.0,1.0,4.571695566962876,41.14526010266588,1.2907958597992581,0.055194526603812716,0.5456924196429686,0,0,70.01509398105554,18,0,all_cycles_optimal,18,18,18,0.0,18
miku-rolling-v1,prediction_noise,4,B0,B0-TimeBlind,0,0,0,2.6608779178312902,1.6440863793539005,,15.0,0.8186469934264604,3.356453203426456,33.56453203426456,4.0,0.027841318920325975,4.126389608333644,0,1,89.60570997442119,20,1,,,,,,20
miku-rolling-v1,prediction_noise,4,MIKU,MIKU,0,0,0,8.497121402951564,2.0692009777719913,,15.0,0.666841540753636,2.7341139716663805,27.341139716663804,4.0,0.31110668960130805,4.383924577375546,0,1,271.11523994244635,20,0,contains_nonoptimal_cycle,20,20,20,inf,20
miku-rolling-v1,prediction_noise,5,B0,B0-TimeBlind,1,1,0,6.689362526387193,2.008607559154571,9.7,9.7,1.0,4.24519917005265,41.178431949510696,4.0,0.011500801933666422,4.309920842501188,0,0,86.00531000411138,20,1,,,,,,20
miku-rolling-v1,prediction_noise,5,MIKU,MIKU,1,1,0,6.846905511880608,2.008607559154571,10.0,10.0,1.0,4.124151583664885,41.24151583664885,4.0,0.011500801933666422,4.518219998521739,0,0,149.8274690238759,20,0,contains_nonoptimal_cycle,20,20,20,inf,20
miku-rolling-v1,prediction_noise,6,B0,B0-TimeBlind,0,0,0,1.809668372542304,1.1438143278235533,,15.0,0.8699866422644758,3.566946279334684,35.66946279334684,4.0,0.028544836593270968,4.135278995547853,0,1,365.8462929306552,20,1,,,,,,20
miku-rolling-v1,prediction_noise,6,MIKU,MIKU,0,0,0,1.277731520073298,0.47674865825856383,,15.0,0.8831654012952368,3.622002916982962,36.22002916982962,4.0,1.5664540876168618,5.766176001843034,0,1,780.9067869384307,20,0,contains_nonoptimal_cycle,20,20,20,inf,20
miku-rolling-v1,prediction_noise,7,B0,B0-TimeBlind,0,1,1,0.46545423206672787,0.3471557347026601,9.6,15.0,1.0,4.284499794491723,41.13119802712054,4.0,0.029775556262390018,4.273171103085331,0,0,84.07309395261109,20,1,,,,,,20
miku-rolling-v1,prediction_noise,7,MIKU,MIKU,0,0,0,9.594299447613775,2.2960178551816806,,15.0,0.7363661719306605,3.0191016867229457,30.191016867229457,4.0,0.029775556262390018,4.239174490843539,0,1,225.47263302840292,20,0,contains_nonoptimal_cycle,20,20,20,inf,20
miku-rolling-v1,prediction_noise,8,B0,B0-TimeBlind,0,0,0,1.3392840613190806,0.9524565185583541,,15.0,0.7484407619289754,3.0686151103892287,30.68615110389229,4.00000000000002,0.07766452470219884,2.3562308995530192,0,1,96.68298394535668,20,1,,,,,,20
miku-rolling-v1,prediction_noise,8,MIKU,MIKU,0,0,0,1.604119025064099,0.9524565185583763,,15.0,0.44754912202665903,1.8349581117570302,18.349581117570303,4.00000000000002,0.07766452470219884,8.898615776256031,0,1,270.65747004235163,20,0,contains_nonoptimal_cycle,20,20,20,inf,20
miku-rolling-v1,prediction_noise,9,B0,B0-TimeBlind,1,1,0,9.493669099165958,3.205011037898605,9.8,9.8,1.0,4.215877136917301,41.31559594178956,4.0,0.06216672194277511,4.367319630527548,0,0,71.82539906352758,20,1,,,,,,20
miku-rolling-v1,prediction_noise,9,MIKU,MIKU,1,1,0,9.495146136558764,3.205011037898605,9.9,9.9,1.0,4.1530387785519345,41.11508390766415,4.0,0.06766900988958761,4.466851122257411,0,0,175.02799007343128,20,0,contains_nonoptimal_cycle,20,20,20,inf,20
miku-rolling-v1,prediction_noise,10,B0,B0-TimeBlind,0,0,0,1.691485361622341,1.5437937899386436,,15.0,0.9607015813072612,3.9388805205888104,39.388805205888104,1.9236297551366128,0.04653326731404672,0.9442632103127404,0,1,124.30114496964961,20,1,,,,,,20
miku-rolling-v1,prediction_noise,10,MIKU,MIKU,0,0,0,5.1186147632428955,1.7848902435500411,,15.0,0.6249751718172816,2.5624016069125566,25.624016069125567,4.0,0.04653326731404672,3.4893704516269626,0,1,229.9213610822335,20,0,contains_nonoptimal_cycle,20,20,20,inf,20
miku-rolling-v1,prediction_noise,11,B0,B0-TimeBlind,0,0,1,0.808828458368918,0.762525500010624,,15.0,0.857744651815451,3.516753561409397,35.16753561409397,1.4513729503951138,0.013983716578231858,0.4885621675713846,0,1,112.99278799560852,20,1,,,,,,20
miku-rolling-v1,prediction_noise,11,MIKU,MIKU,0,0,0,2.8418253668665834,0.4619513319206523,,15.0,0.8081593613642885,3.313460018495924,33.13460018495924,4.0,0.11128993498849127,4.607057863857016,0,1,216.53406997211277,20,0,contains_nonoptimal_cycle,20,20,20,inf,20
miku-rolling-v1,prediction_noise,12,B0,B0-TimeBlind,1,1,0,11.5742443327008,3.1954594602903104,9.6,9.6,1.0,4.311748941480002,41.39278983820802,4.0,0.023798896471353772,4.2647806108830695,0,0,69.17329298448749,20,1,,,,,,20
miku-rolling-v1,prediction_noise,12,MIKU,MIKU,1,1,0,11.784700079514739,3.1954594602903104,9.8,9.8,1.0,4.1846145592722825,41.00922268086837,4.000000000000058,0.023798896471353772,4.452759112839254,0,0,81.59135497407988,20,0,contains_nonoptimal_cycle,20,20,20,inf,20
miku-rolling-v1,prediction_noise,13,B0,B0-TimeBlind,1,1,0,9.011433847377198,2.9177659521056256,9.6,9.6,1.0,4.270893903048454,41.00058146926516,4.0,0.04289511872831722,4.289932783792178,0,0,71.4159729250241,20,1,,,,,,20
miku-rolling-v1,prediction_noise,13,MIKU,MIKU,1,1,0,9.997733383000405,2.9177659521056256,9.9,9.9,1.0,4.14749082199308,41.060159137731496,4.000000000048329,0.04289511872831722,4.479085546953774,0,0,88.31309113884345,20,0,contains_nonoptimal_cycle,20,20,20,inf,20
miku-rolling-v1,prediction_noise,14,B0,B0-TimeBlind,1,1,0,2.540189802079839,1.9583173762195094,8.6,8.6,1.0,4.788311579869659,41.17947958687907,1.28280776914318,0.1095893672199442,0.4041028687203264,0,0,47.771147976163775,18,1,,,,,,18
miku-rolling-v1,prediction_noise,14,MIKU,MIKU,1,1,0,2.540189802079839,1.9583173762195094,8.6,8.6,1.0,4.788311579869659,41.17947958687907,1.28280776914318,0.1095893672199442,0.4041028687203264,0,0,53.77943394705653,18,0,all_cycles_optimal,18,18,18,0.0,18
miku-rolling-v1,prediction_noise,15,B0,B0-TimeBlind,1,1,0,3.456357313842606,2.127604184409161,8.8,8.8,1.0,4.660276928776335,41.01043697323175,1.019246048524987,0.04711844464437715,0.39067155633533995,0,0,48.19909704383463,18,1,,,,,,18
miku-rolling-v1,prediction_noise,15,MIKU,MIKU,1,1,0,3.456357313842606,2.127604184409161,8.8,8.8,1.0,4.660276928776335,41.01043697323175,1.019246048524987,0.04711844464437715,0.39067155633533995,0,0,53.89340495457873,18,0,all_cycles_optimal,18,18,18,0.0,18
miku-rolling-v1,prediction_noise,16,B0,B0-TimeBlind,0,0,0,1.8637171785702398,1.1180820652236285,,15.0,0.9279059493727034,3.804414896855186,38.04414896855186,4.0,0.026294290536596043,4.150506130156483,0,1,385.83602602011524,20,1,,,,,,20
miku-rolling-v1,prediction_noise,16,MIKU,MIKU,0,0,0,7.014546537515305,1.903731995462391,,15.0,0.775296944924334,3.1787179165071007,31.787179165071006,4.0,0.026294290536596043,12.657266909102482,0,1,446.00904802791774,20,0,contains_nonoptimal_cycle,20,20,20,inf,20
miku-rolling-v1,prediction_noise,17,B0,B0-TimeBlind,1,1,0,2.844557540788877,2.0886226466688718,8.7,8.7,1.0,4.731345742933556,41.16270796352193,1.2542843327684632,0.09461374911014499,0.40992184204820314,0,0,47.57161298766732,18,1,,,,,,18
miku-rolling-v1,prediction_noise,17,MIKU,MIKU,1,1,0,2.844557540788877,2.0886226466688718,8.7,8.7,1.0,4.731345742933556,41.16270796352193,1.2542843327684632,0.09461374911014499,0.40992184204820314,0,0,53.59853705158457,18,0,all_cycles_optimal,18,18,18,0.0,18
miku-rolling-v1,prediction_noise,18,B0,B0-TimeBlind,0,0,1,-0.3397010316103817,0.0,,15.0,0.9596095604307718,3.9344371145592567,39.34437114559257,4.0,0.18419749945003538,2.9507118071026595,1,1,956.1014560749754,20,1,,,,,,20
miku-rolling-v1,prediction_noise,18,MIKU,MIKU,0,1,1,-0.3397010316103817,0.0,9.9,15.0,1.0,4.160670808181799,41.19064100099981,4.0,2.0759474159884066,2.5249273858697974,1,0,789.7705539653543,20,0,contains_nonoptimal_cycle,20,20,20,inf,20
miku-rolling-v1,prediction_noise,19,B0,B0-TimeBlind,1,1,0,2.786774905015019,2.193526001625272,8.7,8.7,1.0,4.7152408395112815,41.02259530374815,1.2213401795162788,0.09564996365646336,0.40336538418589235,0,0,48.81322896108031,18,1,,,,,,18
miku-rolling-v1,prediction_noise,19,MIKU,MIKU,1,1,0,2.786774905015019,2.193526001625272,8.7,8.7,1.0,4.7152408395112815,41.02259530374815,1.2213401795162788,0.09564996365646336,0.40336538418589235,0,0,54.76988898590207,18,0,all_cycles_optimal,18,18,18,0.0,18
miku-rolling-v1,prediction_noise,20,B0,B0-TimeBlind,1,1,0,10.486661715221874,3.317394166383186,9.7,9.7,1.0,4.268887249276872,41.40820631798566,4.0,0.06569067115840295,4.297360443310379,0,0,71.89872206072323,20,1,,,,,,20
miku-rolling-v1,prediction_noise,20,MIKU,MIKU,1,1,0,10.696945334536693,3.317394166383186,9.9,9.9,1.0,4.14225911416923,41.00836523027538,4.0,0.06569067115840295,4.505237853271278,0,0,157.20128605607897,20,0,contains_nonoptimal_cycle,20,20,20,inf,20
miku-rolling-v1,prediction_noise,21,B0,B0-TimeBlind,1,1,0,17.049208631519086,5.3514493331918915,9.8,9.8,1.0,4.224497246533087,41.40007301602425,4.0,0.040097695459278555,4.348536774810768,0,0,68.661964032799,20,1,,,,,,20
miku-rolling-v1,prediction_noise,21,MIKU,MIKU,1,1,0,17.0686891678908,5.3514493331918915,9.9,9.9,1.0,4.163685552863556,41.2204869733492,4.0,0.040097695459278555,4.4474018742252746,0,0,125.44425594387576,20,0,contains_nonoptimal_cycle,20,20,20,inf,20
miku-rolling-v1,prediction_noise,22,B0,B0-TimeBlind,0,1,1,0.7151484325085384,1.0272283838716447,9.7,15.0,1.0,4.255078379316585,41.27426027937087,2.5115095178902007,0.04996463061157707,1.485671476072614,0,0,938.0179919244256,20,1,,,,,,20
miku-rolling-v1,prediction_noise,22,MIKU,MIKU,0,0,0,7.799323547471053,2.0578956423827393,,15.0,0.7356030367446068,3.0159739336893665,30.159739336893665,4.0,0.055636911931431055,5.671404247741953,0,1,1520.5960940511432,20,0,contains_nonoptimal_cycle,20,20,20,inf,20
miku-rolling-v1,prediction_noise,23,B0,B0-TimeBlind,0,0,1,0.004329784462049346,0.21381000478314807,,15.0,0.892770045889236,3.660357188636908,36.60357188636908,4.0,0.0006036113119017659,3.813945472859324,0,1,866.2913321168162,20,1,,,,,,20
miku-rolling-v1,prediction_noise,23,MIKU,MIKU,0,0,0,4.3958347885448585,1.5194189100004936,,15.0,0.5364302060904778,2.1993638453520075,21.993638453520074,4.0,0.0006036113119017659,9.221079832535477,0,1,217.09717702469788,20,0,contains_nonoptimal_cycle,20,20,20,inf,20
miku-rolling-v1,prediction_noise,24,B0,B0-TimeBlind,1,1,0,10.182281706860207,4.64421142039437,8.6,8.6,1.0,4.774685167533262,41.06229244078605,1.2392138486477589,0.007816812298211174,0.3936481689767117,0,0,44.586636970052496,18,1,,,,,,18
miku-rolling-v1,prediction_noise,24,MIKU,MIKU,1,1,0,10.182281706860207,4.64421142039437,8.6,8.6,1.0,4.774685167533262,41.06229244078605,1.2392138486477589,0.007816812298211174,0.3936481689767117,0,0,50.710534007521346,18,0,all_cycles_optimal,18,18,18,0.0,18
miku-rolling-v1,prediction_noise,25,B0,B0-TimeBlind,0,1,1,-0.09041031346697004,0.0,9.9,15.0,1.0,4.1507637773520285,41.09256139578508,4.0,0.04034945118820507,2.5685071880253183,1,0,249.8274729878176,20,1,,,,,,20
miku-rolling-v1,prediction_noise,25,MIKU,MIKU,0,1,1,-0.09041031346697004,0.0,9.9,15.0,1.0,4.171951088279018,41.30231577396228,4.0,0.04034945118820507,2.9986502109294464,1,0,285.0983989192173,20,0,contains_nonoptimal_cycle,20,20,20,inf,20
miku-rolling-v1,prediction_noise,26,B0,B0-TimeBlind,0,1,1,-0.26018063148307125,0.0,9.6,15.0,1.0,4.282527861529676,41.112267470684884,4.0,0.032911463326778946,2.610661660603994,1,0,506.2143980176188,20,1,,,,,,20
miku-rolling-v1,prediction_noise,26,MIKU,MIKU,0,1,1,-0.26018063148307125,0.0,9.6,15.0,1.0,4.282527861529676,41.112267470684884,4.0,0.032911463326778946,2.610661660603994,1,0,517.4647480016574,20,0,contains_nonoptimal_cycle,20,20,20,inf,20
miku-rolling-v1,prediction_noise,27,B0,B0-TimeBlind,0,0,0,1.4861122609887714,1.2767346543097373,,15.0,0.7957531529801565,3.2625879687780475,32.625879687780476,2.0682908295609908,0.009231748350408435,0.8965179069298874,0,1,437.6201620325446,20,1,,,,,,20
miku-rolling-v1,prediction_noise,27,MIKU,MIKU,0,0,1,-0.0012721567420275193,0.0,,15.0,0.9998039071253844,4.099516812867159,40.99516812867159,4.0,0.8348904497904637,4.526886223978205,1,1,163.05254102917388,20,0,contains_nonoptimal_cycle,20,20,20,inf,20
miku-rolling-v1,prediction_noise,28,B0,B0-TimeBlind,1,1,0,8.387930724673513,2.2479084219871948,9.6,9.6,1.0,4.302202984968371,41.30114865569636,4.0,0.08522176025059021,4.262568635521641,0,0,71.4378090633545,20,1,,,,,,20
miku-rolling-v1,prediction_noise,28,MIKU,MIKU,1,1,0,8.780021235198298,2.2479084219871948,9.7,9.7,1.0,4.241381430859589,41.14139987933801,4.0,0.08522176025059021,4.331713273313685,0,0,82.86814313032664,20,0,contains_nonoptimal_cycle,20,20,20,inf,20
miku-rolling-v1,prediction_noise,29,B0,B0-TimeBlind,1,1,0,16.051153694490125,4.4947661667031005,9.7,9.7,1.0,4.25847402420511,41.30719803478956,4.0,0.025161477805802426,4.312267777274638,0,0,69.18761099223047,20,1,,,,,,20
miku-rolling-v1,prediction_noise,29,MIKU,MIKU,1,1,0,16.051153694490125,4.4947661667031005,9.7,9.7,1.0,4.25847402420511,41.30719803478956,4.0,0.025161477805802426,4.312267777274638,0,0,74.96037698001601,20,0,contains_nonoptimal_cycle,20,20,20,inf,20
miku-rolling-v1,prediction_noise,30,B0,B0-TimeBlind,1,1,0,4.226915538403171,2.2328136272810633,9.7,9.7,1.0,4.258470866448011,41.3071674045457,4.0,0.01337758334332624,4.291200920405964,0,0,71.18263997836038,20,1,,,,,,20
miku-rolling-v1,prediction_noise,30,MIKU,MIKU,1,1,0,4.643493907600531,1.8974029832893393,9.8,9.8,1.0,4.201044985088159,41.170240853863966,4.0,0.01337758334332624,4.377777688461998,0,0,79.71708700642921,20,0,contains_nonoptimal_cycle,20,20,20,inf,20
miku-rolling-v1,prediction_noise,31,B0,B0-TimeBlind,1,1,0,13.322899517351559,4.289768343094304,9.8,9.8,1.0,4.226933529815155,41.42394859218852,4.0,0.022901387818206557,4.317856393040094,0,0,62.01181199867278,20,1,,,,,,20
miku-rolling-v1,prediction_noise,31,MIKU,MIKU,1,1,0,13.34121426131334,4.289768343094304,9.9,9.9,1.0,4.17131201183102,41.2959889171271,4.000000000000519,0.022901387818206557,4.416553258910466,0,0,71.44564599730074,20,0,contains_nonoptimal_cycle,20,20,20,inf,20
miku-rolling-v1,prediction_noise,32,B0,B0-TimeBlind,1,1,0,2.85607600775057,2.4226039407867015,8.9,8.9,1.0,4.616161897477633,41.083840887550934,0.9540095944619769,0.06513967935558022,0.40049967977085577,0,0,51.31970508955419,18,1,,,,,,18
miku-rolling-v1,prediction_noise,32,MIKU,MIKU,1,1,0,2.85607600775057,2.4226039407867015,8.9,8.9,1.0,4.616161897477633,41.083840887550934,0.9540095944619769,0.06513967935558022,0.40049967977085577,0,0,56.60503503168002,18,0,all_cycles_optimal,18,18,18,0.0,18
miku-rolling-v1,prediction_noise,33,B0,B0-TimeBlind,0,0,0,1.445260490367728,1.2592309481913662,,15.0,0.8694008375347344,3.56454645514618,35.6454645514618,4.0,0.04974989413540356,4.1153165638098805,0,1,99.82725896406919,20,1,,,,,,20
miku-rolling-v1,prediction_noise,33,MIKU,MIKU,0,0,0,6.553940912293308,1.9494570508750262,,15.0,0.5687709016935091,2.3319629588890125,23.319629588890123,4.0,0.04974989413540356,4.341337613018012,0,1,176.6649669734761,20,0,contains_nonoptimal_cycle,20,20,20,inf,20
miku-rolling-v1,prediction_noise,34,B0,B0-TimeBlind,1,1,0,13.157327616356907,4.616714474154115,9.7,9.7,1.0,4.245246838785378,41.178894336218164,4.0,0.01708862571103455,4.3385551795612525,0,0,68.05069404072128,20,1,,,,,,20
miku-rolling-v1,prediction_noise,34,MIKU,MIKU,1,1,0,13.175695069711965,4.616714474154115,9.8,9.8,1.0,4.184120114598197,41.00437712306233,4.000000000000591,0.01708862571103455,4.444689293864708,0,0,77.48767788871191,20,0,contains_nonoptimal_cycle,20,20,20,inf,20
miku-rolling-v1,prediction_noise,35,B0,B0-TimeBlind,1,1,0,6.392913686270879,2.3138076667913623,9.6,9.6,1.0,4.301413277699029,41.29356746591068,4.0,0.1721633535086725,4.277675405898174,0,0,83.41226595803164,20,1,,,,,,20
miku-rolling-v1,prediction_noise,35,MIKU,MIKU,1,1,0,7.58834631934391,2.3138076667913623,9.9,9.9,1.0,4.1621972375488925,41.20575265173404,4.0,0.1721633535086725,4.564479905391915,0,0,143.08043997152708,20,0,contains_nonoptimal_cycle,20,20,20,inf,20
miku-rolling-v1,prediction_noise,36,B0,B0-TimeBlind,1,1,0,5.673553118860522,3.08867424145991,8.5,8.5,1.0,4.845076066583268,41.183146565957784,1.3674412557968676,0.018186973969451344,0.4129797732754002,0,0,46.828495018417016,17,1,,,,,,17
miku-rolling-v1,prediction_noise,36,MIKU,MIKU,1,1,0,5.673553118860522,3.08867424145991,8.5,8.5,1.0,4.845076066583268,41.183146565957784,1.3674412557968676,0.018186973969451344,0.4129797732754002,0,0,51.161444978788495,17,0,all_cycles_optimal,17,17,17,0.0,17
miku-rolling-v1,prediction_noise,37,B0,B0-TimeBlind,1,1,0,13.044832485114894,3.442082756726176,9.7,9.7,1.0,4.263925072107437,41.360073199442134,4.0,0.013043928871197652,4.2879505799437005,0,0,71.11917797010392,20,1,,,,,,20
miku-rolling-v1,prediction_noise,37,MIKU,MIKU,1,1,0,13.164378591356849,3.442082756726176,9.8,9.8,1.0,4.20663604415382,41.22503323270744,4.0,0.013043928871197652,4.372608049264195,0,0,78.96293699741364,20,0,contains_nonoptimal_cycle,20,20,20,inf,20
miku-rolling-v1,prediction_noise,38,B0,B0-TimeBlind,0,1,1,0.21808218963350612,0.41479485316784614,9.9,15.0,1.0,4.17914331362305,41.3735188048682,4.0,0.10964348724490354,3.8030988058512074,0,0,684.4295460032299,20,1,,,,,,20
miku-rolling-v1,prediction_noise,38,MIKU,MIKU,0,0,1,0.21808218963350612,0.41479485316784614,,15.0,0.9541853320059512,3.912191117635467,39.12191117635467,4.0,0.10964348724490354,7.705733615056817,0,1,699.3093800265342,20,0,contains_nonoptimal_cycle,20,20,20,inf,20
miku-rolling-v1,prediction_noise,39,B0,B0-TimeBlind,1,1,0,2.7556964525395147,2.430801991783471,9.6,9.6,1.0,4.286742162147124,41.152724756612386,4.0,0.0626788754117892,4.27125449030256,0,0,82.47707606642507,20,1,,,,,,20
miku-rolling-v1,prediction_noise,39,MIKU,MIKU,1,1,0,3.504988171307315,2.430801991783471,9.9,9.9,1.0,4.164679849311892,41.230330508187734,4.000000000000482,0.0626788754117892,4.443903535197747,0,0,94.15905986679718,20,0,contains_nonoptimal_cycle,20,20,20,inf,20
miku-rolling-v1,prediction_noise,40,B0,B0-TimeBlind,1,1,0,9.416034973527829,2.5477581680457058,9.6,9.6,1.0,4.278943913884207,41.07786157328839,4.0,0.0114675003958252,4.286533013961421,0,0,72.16802999028005,20,1,,,,,,20
miku-rolling-v1,prediction_noise,40,MIKU,MIKU,1,1,0,9.54887498750104,2.5477581680457058,9.9,9.9,1.0,4.155723957752749,41.14166718175222,4.0000000000376374,0.0114675003958252,4.47729431119132,0,0,87.76233997195959,20,0,contains_nonoptimal_cycle,20,20,20,inf,20
miku-rolling-v1,prediction_noise,41,B0,B0-TimeBlind,1,1,0,6.734013419104622,2.880763436572873,9.7,9.7,1.0,4.250624680968385,41.23105940539333,4.0,0.04634520743854356,4.299579846018543,0,0,73.59113797429018,20,1,,,,,,20
miku-rolling-v1,prediction_noise,41,MIKU,MIKU,1,1,0,7.647931075464841,2.465900776114087,10.0,10.0,1.0,4.132070979688414,41.32070979688414,4.0,0.04634520743854356,4.485265542218546,0,0,157.64889906859025,20,0,contains_nonoptimal_cycle,20,20,20,inf,20
miku-rolling-v1,prediction_noise,42,B0,B0-TimeBlind,1,1,0,9.13246317058959,2.4106727070880996,9.6,9.6,1.0,4.301975143790861,41.29896138039226,4.0,0.014866627177791697,4.272194809729227,0,0,72.05729000270367,20,1,,,,,,20
miku-rolling-v1,prediction_noise,42,MIKU,MIKU,1,1,0,9.418807648159802,2.4106727070880996,9.9,9.9,1.0,4.148690251873095,41.07203349354364,4.0,0.014866627177791697,4.569144025504683,0,0,303.411224973388,20,0,contains_nonoptimal_cycle,20,20,20,inf,20
miku-rolling-v1,prediction_noise,43,B0,B0-TimeBlind,0,1,1,0.9393829053482463,0.9757935451524469,8.6,15.0,1.0,4.783744265067704,41.14020067958226,1.261624458271163,0.03126759086414643,0.399036245997405,0,0,48.78226199070923,18,1,,,,,,18
miku-rolling-v1,prediction_noise,43,MIKU,MIKU,0,1,1,0.9393829053482463,0.9757935451524469,8.6,15.0,1.0,4.783744265067704,41.14020067958226,1.261624458271163,0.03126759086414643,0.399036245997405,0,0,56.05585497687571,18,0,all_cycles_optimal,18,18,18,0.0,18
miku-rolling-v1,prediction_noise,44,B0,B0-TimeBlind,0,0,1,0.3483044463214533,0.3405982946269017,,15.0,0.8306781562069371,3.4057830809187544,34.05783080918754,4.0,0.031562573228652746,2.736955111821037,0,1,435.4455599968787,20,1,,,,,,20
miku-rolling-v1,prediction_noise,44,MIKU,MIKU,0,0,0,6.088138933756095,1.7693937266527493,,15.0,0.5617290952868,2.303091333254907,23.03091333254907,4.0,0.031562573228652746,10.284784069199894,0,1,355.30707403086126,20,0,contains_nonoptimal_cycle,20,20,20,inf,20
miku-rolling-v1,prediction_noise,45,B0,B0-TimeBlind,1,1,0,8.499311947973755,4.029309710275704,8.6,8.6,1.0,4.7894533214404635,41.18929856438798,1.2816107950411797,0.11999197621677866,0.40384451313216896,0,0,46.437776065431535,18,1,,,,,,18
miku-rolling-v1,prediction_noise,45,MIKU,MIKU,1,1,0,8.499311947973755,4.029309710275704,8.6,8.6,1.0,4.7894533214404635,41.18929856438798,1.2816107950411797,0.11999197621677866,0.40384451313216896,0,0,52.055163017939776,18,0,all_cycles_optimal,18,18,18,0.0,18
miku-rolling-v1,prediction_noise,46,B0,B0-TimeBlind,1,1,0,3.5556056666042277,1.7433851665163043,9.8,9.8,1.0,4.1989223817508785,41.14943934115861,4.0,0.020577580913272688,4.379030755251488,0,0,96.41676797764376,20,1,,,,,,20
miku-rolling-v1,prediction_noise,46,MIKU,MIKU,0,0,0,9.929040759189348,2.704654579587059,,15.0,0.7395544806452737,3.0321746551136153,30.321746551136155,4.0,0.03148094411938418,5.702063383566353,0,1,376.36663307785057,20,0,contains_nonoptimal_cycle,20,20,20,inf,20
miku-rolling-v1,prediction_noise,47,B0,B0-TimeBlind,1,1,0,4.861341947384212,2.1862021730592995,9.6,9.6,1.0,4.27451258984852,41.03532086254579,4.0,0.00030856887685448063,4.300712712775428,0,0,85.78927401686087,20,1,,,,,,20
miku-rolling-v1,prediction_noise,47,MIKU,MIKU,1,1,0,5.877622872620308,2.1862021730592995,9.9,9.9,1.0,4.1483576879082245,41.06874111029143,4.0,0.00030856887685448063,4.489704439975863,0,0,276.1635730275884,20,0,contains_nonoptimal_cycle,20,20,20,inf,20
miku-rolling-v1,prediction_noise,48,B0,B0-TimeBlind,1,1,0,7.487465706764232,3.205560351392088,9.7,9.7,1.0,4.229085757345011,41.02213184624661,4.0,0.010245375702061634,4.352129303178735,0,0,71.06790100806393,20,1,,,,,,20
miku-rolling-v1,prediction_noise,48,MIKU,MIKU,1,1,0,7.858348403741771,2.61500832209509,9.9,9.9,1.0,4.17350943724751,41.317743428750354,4.000000000005955,0.010245375702061634,4.442386368759273,0,0,82.17494515702128,20,0,contains_nonoptimal_cycle,20,20,20,inf,20
miku-rolling-v1,prediction_noise,49,B0,B0-TimeBlind,1,1,0,7.7736334539699765,2.1428608166917535,9.6,9.6,1.0,4.288546161527981,41.17004315066862,4.0,0.10651780116451923,4.2735679951896905,0,0,72.18492098036222,20,1,,,,,,20
miku-rolling-v1,prediction_noise,49,MIKU,MIKU,1,1,0,8.110564331713903,2.1428608166917535,9.9,9.9,1.0,4.1663083571025785,41.24645273531553,4.000000000000545,0.10651780116451923,4.448961011213016,0,0,83.53214699309319,20,0,contains_nonoptimal_cycle,20,20,20,inf,20
miku-rolling-v1,prediction_noise,50,B0,B0-TimeBlind,1,1,0,14.635384094415587,6.333183815781729,9.8,9.8,1.0,4.202618530097385,41.185661594954375,4.0,0.0425908136416577,4.366318230877769,0,0,67.97164902673103,20,1,,,,,,20
miku-rolling-v1,prediction_noise,50,MIKU,MIKU,1,1,0,14.642669874975196,5.46152984322501,10.0,10.0,1.0,4.145555454164115,41.45555454164115,4.0,0.04925920901281896,4.443211702735396,0,0,184.45699600852095,20,0,contains_nonoptimal_cycle,20,20,20,inf,20
miku-rolling-v1,prediction_noise,51,B0,B0-TimeBlind,1,1,0,9.369845380537164,4.791467586391935,8.8,8.8,1.0,4.681289503069913,41.19534762701524,1.1028529083884482,0.0014708972106402716,0.3992222504098252,0,0,44.93600901332684,18,1,,,,,,18
miku-rolling-v1,prediction_noise,51,MIKU,MIKU,1,1,0,9.369845380537164,4.791467586391935,8.8,8.8,1.0,4.681289503069913,41.19534762701524,1.1028529083884482,0.0014708972106402716,0.3992222504098252,0,0,51.169047015719116,18,0,all_cycles_optimal,18,18,18,0.0,18
miku-rolling-v1,prediction_noise,52,B0,B0-TimeBlind,0,1,1,-0.08826217565069694,0.0,9.8,15.0,1.0,4.207021965041678,41.22881525740845,4.0,0.04291426915914531,6.970208861992906,1,0,499.7142369975336,20,1,,,,,,20
miku-rolling-v1,prediction_noise,52,MIKU,MIKU,1,1,0,1.1645736042920913,2.827725469441168,10.0,10.0,1.0,4.115042046885233,41.15042046885233,4.0,0.03186753396435945,4.529059058280575,0,0,163.956297095865,20,0,contains_nonoptimal_cycle,20,20,20,inf,20
miku-rolling-v1,prediction_noise,53,B0,B0-TimeBlind,0,0,0,1.4737085322669214,1.0217091582864202,,15.0,0.8907508157613219,3.652080595900891,36.52080595900891,4.0,0.06453062912133871,4.095932003869332,0,1,106.81748896604404,20,1,,,,,,20
miku-rolling-v1,prediction_noise,53,MIKU,MIKU,0,0,0,9.079001002278456,2.1186051222737095,,15.0,0.6017647690045019,2.467236191209032,24.67236191209032,4.0,0.06453062912133871,6.386987956520171,0,1,180.34334009280428,20,0,contains_nonoptimal_cycle,20,20,20,inf,20
miku-rolling-v1,prediction_noise,54,B0,B0-TimeBlind,1,1,0,6.034278074212802,3.7708951072408325,8.9,8.9,1.0,4.616824853612416,41.0897411971505,0.9944113305889258,0.01508017410545709,0.4014950937335315,0,0,47.03250897000544,18,1,,,,,,18
miku-rolling-v1,prediction_noise,54,MIKU,MIKU,1,1,0,6.034278074212802,3.7708951072408325,8.9,8.9,1.0,4.616824853612416,41.0897411971505,0.9944113305889258,0.01508017410545709,0.4014950937335315,0,0,55.7219939364586,18,0,all_cycles_optimal,18,18,18,0.0,18
miku-rolling-v1,prediction_noise,55,B0,B0-TimeBlind,1,1,0,4.258594310778632,2.352067809889097,7.9,7.9,1.0,5.2004727891364855,41.08373503417824,1.6756577138134876,0.12474589223867623,0.5245090285303984,0,0,45.112872001482174,16,1,,,,,,16
miku-rolling-v1,prediction_noise,55,MIKU,MIKU,1,1,0,4.258594310778632,2.352067809889097,7.9,7.9,1.0,5.2004727891364855,41.08373503417824,1.6756577138134876,0.12474589223867623,0.5245090285303984,0,0,49.156222987221554,16,0,all_cycles_optimal,16,16,16,0.0,16
miku-rolling-v1,prediction_noise,56,B0,B0-TimeBlind,1,1,0,17.537792301799186,8.620014293438288,9.8,9.8,1.0,4.200353002444636,41.16345942395744,4.00000000000002,0.014379771051715071,4.389022557747456,0,0,68.30386599176563,20,1,,,,,,20
miku-rolling-v1,prediction_noise,56,MIKU,MIKU,1,1,0,17.537792301799186,8.620014293438288,9.8,9.8,1.0,4.200353002444636,41.16345942395744,4.00000000000002,0.014379771051715071,4.389022557747456,0,0,74.71095107030123,20,0,contains_nonoptimal_cycle,20,20,20,inf,20
miku-rolling-v1,prediction_noise,57,B0,B0-TimeBlind,1,1,0,11.570641252451143,4.026791444405476,9.8,9.8,1.0,4.196014116906008,41.12093834567889,4.000000000000007,0.029234687574129777,4.3809269667127495,0,0,63.182698970194906,20,1,,,,,,20
miku-rolling-v1,prediction_noise,57,MIKU,MIKU,1,1,0,11.578112748399441,3.723420891038526,10.0,10.0,1.0,4.138227063531388,41.38227063531388,4.0,0.035241674273535084,4.467003671360876,0,0,135.9344840166159,20,0,contains_nonoptimal_cycle,20,20,20,inf,20
miku-rolling-v1,prediction_noise,58,B0,B0-TimeBlind,1,1,0,7.124129006151594,3.4953915334131347,8.5,8.5,1.0,4.841121424339039,41.14953210688183,1.3557161286073887,0.10149797555249258,0.40943867747734086,0,0,43.873515096493065,17,1,,,,,,17
miku-rolling-v1,prediction_noise,58,MIKU,MIKU,1,1,0,7.124129006151594,3.4953915334131347,8.5,8.5,1.0,4.841121424339039,41.14953210688183,1.3557161286073887,0.10149797555249258,0.40943867747734086,0,0,49.79421297321096,17,0,all_cycles_optimal,17,17,17,0.0,17
miku-rolling-v1,prediction_noise,59,B0,B0-TimeBlind,1,1,0,8.971730170908206,4.67556408466768,9.0,9.0,1.0,4.56201728736551,41.05815558628959,0.8378870645967054,0.03343102066631361,0.41233449742223754,0,0,47.0119449601043,18,1,,,,,,18
miku-rolling-v1,prediction_noise,59,MIKU,MIKU,1,1,0,8.971730170908206,4.67556408466768,9.0,9.0,1.0,4.56201728736551,41.05815558628959,0.8378870645967054,0.03343102066631361,0.41233449742223754,0,0,52.68356204032898,18,0,all_cycles_optimal,18,18,18,0.0,18
miku-rolling-v1,prediction_noise,60,B0,B0-TimeBlind,1,1,0,9.888890135161132,2.822282201795956,9.6,9.6,1.0,4.2784795756434075,41.07340392617671,4.0,0.009274771791831076,4.284966303914105,0,0,71.89663598546758,20,1,,,,,,20
miku-rolling-v1,prediction_noise,60,MIKU,MIKU,1,1,0,10.042522471640241,2.822282201795956,9.9,9.9,1.0,4.155362749806025,41.13809122307964,4.000000000032101,0.009274771791831076,4.4769020356739135,0,0,84.1365739761386,20,0,contains_nonoptimal_cycle,20,20,20,inf,20
miku-rolling-v1,prediction_noise,61,B0,B0-TimeBlind,0,1,1,0.45132107537149935,1.3030048797266163,9.3,15.0,1.0,4.423400234451622,41.137622180400086,1.8808348946877367,0.038013280135592624,0.8713632876605323,0,0,107.29137895395979,19,1,,,,,,19
miku-rolling-v1,prediction_noise,61,MIKU,MIKU,0,1,1,0.45132107537149935,1.3030048797266163,9.3,15.0,1.0,4.423400234451622,41.137622180400086,1.8808348946877367,0.038013280135592624,0.8713632876605323,0,0,114.04360094456933,19,0,all_cycles_optimal,19,19,19,0.0,19
miku-rolling-v1,prediction_noise,62,B0,B0-TimeBlind,0,0,1,0.9284675889706593,1.3496865121565265,,15.0,0.817403377392187,3.351366216053502,33.51366216053502,2.001544604685229,0.0826576894147951,0.7170217014319078,0,1,163.9435570104979,20,1,,,,,,20
miku-rolling-v1,prediction_noise,62,MIKU,MIKU,0,0,0,6.316242550905499,1.9224210964658721,,15.0,0.487790425628262,1.999953511274294,19.99953511274294,4.0,0.0826576894147951,7.404058732843611,0,1,240.32551996060647,20,0,contains_nonoptimal_cycle,20,20,20,inf,20
miku-rolling-v1,prediction_noise,63,B0,B0-TimeBlind,1,1,0,14.246065282810015,7.03062935720062,9.1,9.1,1.0,4.533569102177547,41.25547882981568,1.0086433822012393,0.03431645898730964,0.4442644331001415,0,0,47.353954054415226,19,1,,,,,,19
miku-rolling-v1,prediction_noise,63,MIKU,MIKU,1,1,0,14.246065282810015,7.03062935720062,9.1,9.1,1.0,4.533569102177547,41.25547882981568,1.0086433822012393,0.03431645898730964,0.4442644331001415,0,0,53.34531396511011,19,0,all_cycles_optimal,19,19,19,0.0,19
miku-rolling-v1,prediction_noise,64,B0,B0-TimeBlind,1,1,0,3.9548882789229696,2.6182979857053077,8.6,8.6,1.0,4.790883380762535,41.2015970745578,1.3145685670485407,0.007658969507019548,0.41172861001102856,0,0,47.599245997844264,18,1,,,,,,18
miku-rolling-v1,prediction_noise,64,MIKU,MIKU,1,1,0,3.9548882789229696,2.6182979857053077,8.6,8.6,1.0,4.790883380762535,41.2015970745578,1.3145685670485407,0.007658969507019548,0.41172861001102856,0,0,53.428734943736345,18,0,all_cycles_optimal,18,18,18,0.0,18
miku-rolling-v1,prediction_noise,65,B0,B0-TimeBlind,0,0,1,0.17450036596466778,0.48274108339346633,,15.0,0.8794884935460315,3.605903655873204,36.05903655873204,4.0,0.03231461229850213,4.8952207620554224,0,1,339.41253609373234,20,1,,,,,,20
miku-rolling-v1,prediction_noise,65,MIKU,MIKU,0,0,0,1.260532203036681,0.8957175092695888,,15.0,0.8490000601664682,3.480999061819378,34.80999061819378,4.0,0.6326873288550984,5.789740923617172,0,1,502.02944289776497,20,0,contains_nonoptimal_cycle,20,20,20,inf,20
miku-rolling-v1,prediction_noise,66,B0,B0-TimeBlind,0,1,1,0.4144898774154946,0.8495134517749028,9.7,15.0,1.0,4.255216414978476,41.27559922529122,4.0,0.08279560611682649,4.301764876621123,0,0,96.42853291006759,20,1,,,,,,20
miku-rolling-v1,prediction_noise,66,MIKU,MIKU,0,1,1,0.8356196615261937,1.8401349294227765,9.9,15.0,1.0,4.154578714282752,41.13032927139925,4.0000000414494465,0.08279560611682649,4.780932810182791,0,0,173.39157601236366,20,0,contains_nonoptimal_cycle,20,20,20,inf,20
miku-rolling-v1,prediction_noise,67,B0,B0-TimeBlind,0,0,1,0.5750221643529594,0.9920228835519905,,15.0,0.8557375063303364,3.5085244249071375,35.08524424907137,2.3698374625733623,0.017586616654593504,0.8974980605667852,0,1,114.42440803512,20,1,,,,,,20
miku-rolling-v1,prediction_noise,67,MIKU,MIKU,0,0,0,4.393433492645925,1.5389733212008183,,15.0,0.46962626369792154,1.9254693363194595,19.254693363194594,4.0,0.02478049366852298,9.095572425516389,0,1,319.2593800195027,20,0,contains_nonoptimal_cycle,20,20,20,inf,20
miku-rolling-v1,prediction_noise,68,B0,B0-TimeBlind,0,0,0,1.3126602330265975,0.5332486034075609,,15.0,0.9699731146728053,3.976890330817099,39.76890330817099,4.0,0.0162898690218623,4.275068137565024,0,1,79.25910098128952,20,1,,,,,,20
miku-rolling-v1,prediction_noise,68,MIKU,MIKU,0,0,0,12.474620464942035,3.186309573686928,,15.0,0.5775147525842557,2.3678108605525487,23.678108605525487,4.0,0.01910257932023679,10.568100357305271,0,1,232.7925439167302,20,0,contains_nonoptimal_cycle,20,20,20,inf,20
miku-rolling-v1,prediction_noise,69,B0,B0-TimeBlind,0,1,1,0.42270154370613255,1.0161897005291651,9.7,15.0,1.0,4.249276539844616,41.217982436492775,4.0,0.12089413488253985,2.8604784238745227,0,0,766.9756340037566,20,1,,,,,,20
miku-rolling-v1,prediction_noise,69,MIKU,MIKU,0,1,1,0.42270154370613255,1.0161897005291651,9.7,15.0,1.0,4.249276539844616,41.217982436492775,4.0,0.12089413488253985,2.8604784238745227,0,0,769.7189189784694,20,0,contains_nonoptimal_cycle,20,20,20,inf,20
miku-rolling-v1,prediction_noise,70,B0,B0-TimeBlind,0,1,1,0.14529815925841083,0.3167171932397408,9.6,15.0,1.0,4.276153029228125,41.05106908059,2.6535215835025783,0.025755937391870258,1.4249107263533678,0,0,103.60760809271596,20,1,,,,,,20
miku-rolling-v1,prediction_noise,70,MIKU,MIKU,0,1,1,0.7281223184925977,1.0211438460214755,9.9,15.0,1.0,4.157204295795401,41.15632252837447,4.000000000000008,0.025755937391870258,2.9081934651343935,0,0,126.9945039821323,20,0,contains_nonoptimal_cycle,20,20,20,inf,20
miku-rolling-v1,prediction_noise,71,B0,B0-TimeBlind,0,1,1,0.8334398461129222,1.1812160684431334,9.9,15.0,1.0,4.1596503018546125,41.18053798836067,4.0,0.01150548880271269,3.511853702987547,0,0,777.8226490772795,20,1,,,,,,20
miku-rolling-v1,prediction_noise,71,MIKU,MIKU,0,0,1,0.8334398461129222,1.1812160684431334,,15.0,0.9503269223641203,3.8963404388647747,38.963404388647746,4.0,0.01150548880271269,7.732832237274459,0,1,786.8562529911287,20,0,contains_nonoptimal_cycle,20,20,20,inf,20
miku-rolling-v1,prediction_noise,72,B0,B0-TimeBlind,1,1,0,1.932960891983587,1.5969693789605883,8.7,8.7,1.0,4.726006349756454,41.116255242881145,1.2053436818263426,0.09386951279246741,0.4010210045427121,0,0,48.25067505589686,18,1,,,,,,18
miku-rolling-v1,prediction_noise,72,MIKU,MIKU,1,1,0,1.932960891983587,1.5969693789605883,8.7,8.7,1.0,4.726006349756454,41.116255242881145,1.2053436818263426,0.09386951279246741,0.4010210045427121,0,0,83.56611194903962,18,0,all_cycles_optimal,18,18,18,0.0,18
miku-rolling-v1,prediction_noise,73,B0,B0-TimeBlind,0,0,1,0.6295719773364423,0.9270483339789055,,15.0,0.9472334511454863,3.8836647931392685,38.83664793139268,1.3303783071391062,0.06165542427434013,0.8046884136404441,0,1,206.11951910541393,20,1,,,,,,20
miku-rolling-v1,prediction_noise,73,MIKU,MIKU,0,0,0,5.966913710987619,2.2953283494195746,,15.0,0.7873908020677474,3.228309295529196,32.28309295529196,4.0,0.06165542427434013,3.9200097202680784,0,1,236.45009991014376,20,0,contains_nonoptimal_cycle,20,20,20,inf,20
miku-rolling-v1,prediction_noise,74,B0,B0-TimeBlind,0,0,0,1.1932111151690918,1.4596210072528195,,15.0,0.8811464068740826,3.6127049284275814,36.12704928427581,1.9296953607728693,0.05095626155603206,0.7056684540421708,0,1,264.0712129941676,20,1,,,,,,20
miku-rolling-v1,prediction_noise,74,MIKU,MIKU,0,0,0,7.675219378147693,2.348930425398041,,15.0,0.6241894285328232,2.5591802703746054,25.591802703746055,4.0,0.05095626155603206,9.858746692010497,0,1,133.11271896236576,20,0,contains_nonoptimal_cycle,20,20,20,inf,20
miku-rolling-v1,prediction_noise,75,B0,B0-TimeBlind,0,1,1,-0.13282502602943413,0.0,9.8,15.0,1.0,4.2152601824114475,41.309549787632186,4.0,0.05685055400833437,4.511214611442584,1,0,240.2596280153375,20,1,,,,,,20
miku-rolling-v1,prediction_noise,75,MIKU,MIKU,0,0,1,-0.13282502602943413,0.0,,15.0,0.8586730192283375,3.5205645143202817,35.205645143202815,4.0,0.05685055400833437,7.072291836958311,1,1,291.14541196031496,20,0,contains_nonoptimal_cycle,20,20,20,inf,20
miku-rolling-v1,prediction_noise,76,B0,B0-TimeBlind,0,0,0,1.6076384135842012,1.239881560474936,,15.0,0.9875143554986129,4.048809103749485,40.48809103749485,2.617881885122681,0.0147817002315584,1.3427787171842525,0,1,88.88951697736047,20,1,,,,,,20
miku-rolling-v1,prediction_noise,76,MIKU,MIKU,0,0,0,6.8081521661543345,1.8314369237043087,,15.0,0.8154980235533754,3.3435652354237013,33.435652354237014,4.0,0.1469903252924093,4.920708487760658,0,1,165.48806498758495,20,0,contains_nonoptimal_cycle,20,20,20,inf,20
miku-rolling-v1,prediction_noise,77,B0,B0-TimeBlind,1,1,0,4.160406006838862,1.98417900003649,9.7,9.7,1.0,4.246339441443225,41.18949258199928,4.0,0.0071286525851740005,4.312735357212227,0,0,84.21701198676601,20,1,,,,,,20
miku-rolling-v1,prediction_noise,77,MIKU,MIKU,1,1,0,5.178633010951671,1.6721766461246914,10.0,10.0,1.0,4.124694888498252,41.246948884982515,4.0,0.0071286525851740005,4.528284201245244,0,0,143.2801200717222,20,0,contains_nonoptimal_cycle,20,20,20,inf,20
miku-rolling-v1,prediction_noise,78,B0,B0-TimeBlind,1,1,0,3.879627634081679,1.9013596447409165,9.7,9.7,1.0,4.256221013018135,41.285343826275906,4.0,0.03690588684244976,4.301635294548013,0,0,103.83395993267186,20,1,,,,,,20
miku-rolling-v1,prediction_noise,78,MIKU,MIKU,1,1,0,4.703804749470827,1.504796741266863,10.0,10.0,1.0,4.136231275856483,41.362312758564826,4.0,0.03690588684244976,4.493212977651901,0,0,171.92334705032408,20,0,contains_nonoptimal_cycle,20,20,20,inf,20
miku-rolling-v1,prediction_noise,79,B0,B0-TimeBlind,1,1,0,9.315139175680102,2.6928788214182884,9.7,9.7,1.0,4.246278359390303,41.18890008608593,4.0,0.07618747422766914,4.3137108645275655,0,0,74.19221609598026,20,1,,,,,,20
miku-rolling-v1,prediction_noise,79,MIKU,MIKU,1,1,0,10.144641389752042,2.6928788214182884,10.0,10.0,1.0,4.124426574224588,41.24426574224588,4.0,0.07618747422766914,4.53194353931818,0,0,133.06342298164964,20,0,contains_nonoptimal_cycle,20,20,20,inf,20
miku-rolling-v1,prediction_noise,80,B0,B0-TimeBlind,0,0,1,0.18216658504541705,0.41206656174759154,,15.0,0.9337848340127387,3.8285187594780283,38.28518759478028,4.0,0.02095724968226488,3.5168480161552695,0,1,826.5783590322826,20,1,,,,,,20
miku-rolling-v1,prediction_noise,80,MIKU,MIKU,0,0,0,6.744921607440768,1.8874703562364177,,15.0,0.6355179983943058,2.6056245694958386,26.056245694958385,4.0,0.02095724968226488,5.800524924066727,0,1,182.0784570008982,20,0,contains_nonoptimal_cycle,20,20,20,inf,20
miku-rolling-v1,prediction_noise,81,B0,B0-TimeBlind,1,1,0,1.8675256497423867,2.3044906329916994,8.9,8.9,1.0,4.631226141673705,41.217912660895976,1.013957012717824,0.02258555099159247,0.40331521362825806,0,0,48.887599987210706,18,1,,,,,,18
miku-rolling-v1,prediction_noise,81,MIKU,MIKU,1,1,0,1.8675256497423867,2.3044906329916994,8.9,8.9,1.0,4.631226141673705,41.217912660895976,1.013957012717824,0.02258555099159247,0.40331521362825806,0,0,54.69291706685908,18,0,all_cycles_optimal,18,18,18,0.0,18
miku-rolling-v1,prediction_noise,82,B0,B0-TimeBlind,1,1,0,7.596954582773182,3.923901198064812,8.7,8.7,1.0,4.728172570076858,41.13510135966867,1.2206054147225964,0.010565519834348771,0.40375401323293253,0,0,45.261899911565706,18,1,,,,,,18
miku-rolling-v1,prediction_noise,82,MIKU,MIKU,1,1,0,7.596954582773182,3.923901198064812,8.7,8.7,1.0,4.728172570076858,41.13510135966867,1.2206054147225964,0.010565519834348771,0.40375401323293253,0,0,51.34307307889685,18,0,all_cycles_optimal,18,18,18,0.0,18
miku-rolling-v1,prediction_noise,83,B0,B0-TimeBlind,1,1,0,3.1811994135762056,2.279416560555714,9.0,9.0,1.0,4.5776278782513655,41.19865090426229,0.9027227143414217,0.04843537339791386,0.4104782434060158,0,0,49.20305806444958,18,1,,,,,,18
miku-rolling-v1,prediction_noise,83,MIKU,MIKU,1,1,0,3.1811994135762056,2.279416560555714,9.0,9.0,1.0,4.5776278782513655,41.19865090426229,0.9027227143414217,0.04843537339791386,0.4104782434060158,0,0,54.91650401381776,18,0,all_cycles_optimal,18,18,18,0.0,18
miku-rolling-v1,prediction_noise,84,B0,B0-TimeBlind,0,1,1,0.6533046491362624,1.0943147290738822,9.9,15.0,1.0,4.163205138964712,41.21573087575065,4.0,0.12740112745292706,3.1545942436831482,0,0,829.4692130293697,20,1,,,,,,20
miku-rolling-v1,prediction_noise,84,MIKU,MIKU,0,1,1,0.6533046491362624,1.0943147290738822,9.9,15.0,1.0,4.163205138964712,41.21573087575065,4.0,0.12740112745292706,3.1545942436831482,0,0,839.9546810833272,20,0,contains_nonoptimal_cycle,20,20,20,inf,20
miku-rolling-v1,prediction_noise,85,B0,B0-TimeBlind,1,1,0,14.662025989375607,5.320095245840422,9.8,9.8,1.0,4.206457825714092,41.223286691998105,4.0,0.05676847560739984,4.3740921690858805,0,0,69.38560903654434,20,1,,,,,,20
miku-rolling-v1,prediction_noise,85,MIKU,MIKU,1,1,0,14.663518859467477,5.320095245840422,9.9,9.9,1.0,4.142855904480536,41.01427345435731,4.0,0.06368518903036084,4.476589848671493,0,0,142.9863889934495,20,0,contains_nonoptimal_cycle,20,20,20,inf,20
miku-rolling-v1,prediction_noise,86,B0,B0-TimeBlind,1,1,0,8.973944868433978,2.8549034484799396,9.7,9.7,1.0,4.241967374159013,41.147083529342424,4.0,0.08319689354282586,4.309443418244664,0,0,79.26183004747145,20,1,,,,,,20
miku-rolling-v1,prediction_noise,86,MIKU,MIKU,1,1,0,9.508411354943224,2.8549034484799396,10.0,10.0,1.0,4.121072846925267,41.210728469252665,4.0,0.08319689354282586,4.516621095166643,0,0,143.31028994638473,20,0,contains_nonoptimal_cycle,20,20,20,inf,20
miku-rolling-v1,prediction_noise,87,B0,B0-TimeBlind,0,1,1,-0.08989408596959336,0.0,9.8,15.0,1.0,4.191425469651679,41.075969602586454,4.0,0.12033395290275649,4.490921832591402,1,0,761.6685149550904,20,1,,,,,,20
miku-rolling-v1,prediction_noise,87,MIKU,MIKU,0,1,1,-0.08989408596959336,0.0,9.8,15.0,1.0,4.191425469651679,41.075969602586454,4.0,0.12033395290275649,4.490921832591402,1,0,777.690035989508,20,0,contains_nonoptimal_cycle,20,20,20,inf,20
miku-rolling-v1,prediction_noise,88,B0,B0-TimeBlind,1,1,0,11.707866676621844,5.601011222420116,9.0,9.0,1.0,4.583548053982602,41.25193248584342,0.9144465935528175,0.011734422215227663,0.4107497938285194,0,0,47.95209094299935,18,1,,,,,,18
miku-rolling-v1,prediction_noise,88,MIKU,MIKU,1,1,0,11.707866676621844,5.601011222420116,9.0,9.0,1.0,4.583548053982602,41.25193248584342,0.9144465935528175,0.011734422215227663,0.4107497938285194,0,0,52.590902952943,18,0,all_cycles_optimal,18,18,18,0.0,18
miku-rolling-v1,prediction_noise,89,B0,B0-TimeBlind,0,1,1,0.7238149958786408,0.6228082277833958,9.3,15.0,1.0,4.435840419461874,41.25331590099543,1.4156956133202014,0.017714128835083852,0.5986473202202361,0,0,73.50434293039143,19,1,,,,,,19
miku-rolling-v1,prediction_noise,89,MIKU,MIKU,0,0,0,14.846875701491133,3.617395578046775,,15.0,0.5454603721652939,2.2363878192355733,22.36387819235573,4.0,0.01958419067923767,8.25992145528148,0,1,314.051351044327,20,0,contains_nonoptimal_cycle,20,20,20,inf,20
miku-rolling-v1,prediction_noise,90,B0,B0-TimeBlind,0,0,0,1.619038219703655,1.1238917855325654,,15.0,0.8870351425197415,3.636846221910228,36.368462219102284,2.4630066604855467,0.04552426938095179,0.8615569710494402,0,1,288.8889200403355,20,1,,,,,,20
miku-rolling-v1,prediction_noise,90,MIKU,MIKU,0,1,1,0.3010918167656143,0.45124917757144006,10.0,15.0,1.0,4.1360107133834605,41.3601071338346,4.0,0.9662349446933961,4.572070494529348,0,0,389.09572098054923,20,0,contains_nonoptimal_cycle,20,20,20,inf,20
miku-rolling-v1,prediction_noise,91,B0,B0-TimeBlind,1,1,0,16.271192010303352,4.8311903879151155,9.7,9.7,1.0,4.228377451461906,41.015261279180486,4.0,0.05713815156331165,4.335740000247187,0,0,72.16433194116689,20,1,,,,,,20
miku-rolling-v1,prediction_noise,91,MIKU,MIKU,1,1,0,16.33637173044893,4.8311903879151155,9.9,9.9,1.0,4.173239866290877,41.315074676279686,4.000000000000536,0.05713815156331165,4.4179570370871994,0,0,81.92162003251724,20,0,contains_nonoptimal_cycle,20,20,20,inf,20
miku-rolling-v1,prediction_noise,92,B0,B0-TimeBlind,0,1,1,0.988761206483046,1.2624468859663012,9.0,15.0,1.0,4.556294322491637,41.006648902424736,2.15484138312182,0.08089564500955933,0.8286290772472162,0,0,72.27438199333847,18,1,,,,,,18
miku-rolling-v1,prediction_noise,92,MIKU,MIKU,0,1,1,0.988761206483046,1.2624468859663012,9.0,15.0,1.0,4.556294322491637,41.006648902424736,2.15484138312182,0.08089564500955933,0.8286290772472162,0,0,101.27297093276866,18,0,all_cycles_optimal,18,18,18,0.0,18
miku-rolling-v1,prediction_noise,93,B0,B0-TimeBlind,1,1,0,12.601861760097895,3.1185493828898143,9.7,9.7,1.0,4.24239145046052,41.151197069467045,4.0,0.05067343501426923,4.316109082798181,0,0,73.3657599776052,20,1,,,,,,20
miku-rolling-v1,prediction_noise,93,MIKU,MIKU,1,1,0,12.601861760097895,3.1185493828898143,9.7,9.7,1.0,4.24239145046052,41.151197069467045,4.0,0.05067343501426923,4.316109082798181,0,0,79.73334999405779,20,0,contains_nonoptimal_cycle,20,20,20,inf,20
miku-rolling-v1,prediction_noise,94,B0,B0-TimeBlind,1,1,0,0.8800100299465328,0.5571961817653521,9.8,9.8,1.0,4.215970725042813,41.31651310541957,4.0,0.004829657024205987,4.371639122143621,0,0,89.23484894330613,20,1,,,,,,20
miku-rolling-v1,prediction_noise,94,MIKU,MIKU,0,0,0,11.737796936349728,2.0119147804902044,,15.0,0.7564913422801784,3.101614554845867,31.01614554845867,4.0,0.005738620236191048,5.704465459052146,0,1,191.64849902153946,20,0,contains_nonoptimal_cycle,20,20,20,inf,20
miku-rolling-v1,prediction_noise,95,B0,B0-TimeBlind,0,1,1,0.4937573238910309,0.6721187292462055,9.8,15.0,1.0,4.20884248061425,41.24665631001965,4.0,0.0029484031497994836,2.9166280830894884,0,0,229.1280348727014,20,1,,,,,,20
miku-rolling-v1,prediction_noise,95,MIKU,MIKU,0,1,1,0.4937573238910309,0.6721187292462055,9.8,15.0,1.0,4.208880215622383,41.24702611309935,4.0,0.30084938389568533,2.9166280830894884,0,0,232.4924780987203,20,0,contains_nonoptimal_cycle,20,20,20,inf,20
miku-rolling-v1,prediction_noise,96,B0,B0-TimeBlind,1,1,0,4.32091594671885,2.3700988523352207,8.3,8.3,1.0,4.956114844167655,41.135753206591545,1.5109592981095563,0.05910781596076804,0.46171076270816713,0,0,45.45021403464489,17,1,,,,,,17
miku-rolling-v1,prediction_noise,96,MIKU,MIKU,1,1,0,4.32091594671885,2.3700988523352207,8.3,8.3,1.0,4.956114844167655,41.135753206591545,1.5109592981095563,0.05910781596076804,0.46171076270816713,0,0,50.9897860174533,17,0,all_cycles_optimal,17,17,17,0.0,17
miku-rolling-v1,prediction_noise,97,B0,B0-TimeBlind,0,1,1,0.796944209462767,2.0997105281169337,9.6,15.0,1.0,4.296310885509484,41.244584500891044,4.0,0.022789085008315002,4.266151952323426,0,0,94.17953903903253,20,1,,,,,,20
miku-rolling-v1,prediction_noise,97,MIKU,MIKU,1,1,0,1.2755416373471524,2.195127599582925,9.9,9.9,1.0,4.142802679245718,41.01374652453261,4.0,0.022789085008315002,4.551856868662039,0,0,167.40589897381142,20,0,contains_nonoptimal_cycle,20,20,20,inf,20
miku-rolling-v1,prediction_noise,98,B0,B0-TimeBlind,1,1,0,6.171678156679061,1.9779316548553265,9.5,9.5,1.0,4.326090911086882,41.097863655325376,4.0,0.008908523369331496,4.260572561444532,0,0,73.81712994538248,19,1,,,,,,19
miku-rolling-v1,prediction_noise,98,MIKU,MIKU,1,1,0,6.435611278758387,1.9779316548553265,9.9,9.9,1.0,4.158164710445462,41.165830633410074,4.000000000284222,0.008908523369331496,4.529858487862626,0,0,104.58053403999656,20,0,contains_nonoptimal_cycle,20,20,20,inf,20
miku-rolling-v1,prediction_noise,99,B0,B0-TimeBlind,0,1,1,0.9001529571717377,1.2544768019922463,9.9,15.0,1.0,4.178520241182329,41.36735038770506,4.0,0.04793558710091696,3.4347958793114626,0,0,685.6699480267707,20,1,,,,,,20
miku-rolling-v1,prediction_noise,99,MIKU,MIKU,0,0,1,0.9001529571717377,1.2544768019922463,,15.0,0.83897284067215,3.439793138746732,34.397931387467324,4.0,0.04793558710091696,6.888738404846674,0,1,741.1156069720164,20,0,contains_nonoptimal_cycle,20,20,20,inf,20
miku-rolling-v1,delayed_crossing,0,B0,B0-TimeBlind,0,0,0,0.10741229794650602,0.28386601905604325,,14.0,0.7842042649258119,2.8754156380613107,25.878740742551795,4.000000000000046,0.0,2.2053750750425563,0,1,895.178603939712,18,1,,,,,,18
miku-rolling-v1,delayed_crossing,0,MIKU,MIKU,0,0,0,0.37582784099489447,0.8318458109676793,,14.0,0.804100227090663,2.948367511890349,26.53530760701314,4.000000000000718,0.0,2.5428955154850064,0,1,1035.5988850351423,18,0,all_cycles_optimal,18,18,18,0.0,18
miku-rolling-v1,delayed_crossing,1,B0,B0-TimeBlind,0,1,1,0.1321338682603429,0.4191826562428839,8.9,14.0,1.0,3.7305402329313533,33.20180807308905,3.9999999999999996,0.0,2.4099911067368742,0,0,160.11756003717892,18,1,,,,,,18
miku-rolling-v1,delayed_crossing,1,MIKU,MIKU,0,0,1,0.26298363007349446,0.6099780513352379,,14.0,0.6541053112302537,2.3983861432948834,21.58547528965395,3.9999999999999996,0.0,2.0192301463724682,0,1,207.64273693202995,18,0,contains_nonoptimal_cycle,18,18,18,inf,18
miku-rolling-v1,delayed_crossing,2,B0,B0-TimeBlind,0,1,1,0.21930734122540457,0.445577459614359,8.9,14.0,1.0,3.7293941626893776,33.19160804793546,4.0,0.0,6.535853714402387,0,0,570.3898350184318,18,1,,,,,,18
miku-rolling-v1,delayed_crossing,2,MIKU,MIKU,0,0,1,0.27893892699220973,0.5514767982760855,,14.0,0.6573080006075093,2.4101293367559173,21.691164030803257,4.0,0.0,6.179353280340663,0,1,108.39853007928468,18,0,contains_nonoptimal_cycle,18,18,18,inf,18
miku-rolling-v1,delayed_crossing,3,B0,B0-TimeBlind,0,0,0,0.10000482274489153,0.20399497628481508,,14.0,0.8929334192351169,3.2740892038620952,29.466802834758855,3.63275695046835,0.0,1.8789630707004281,0,1,319.8522320308257,18,1,,,,,,18
miku-rolling-v1,delayed_crossing,3,MIKU,MIKU,0,0,0,1.280331812459519,1.1818803729862595,,14.0,0.5972952326793309,2.1900825199347356,19.71074267941262,4.0,0.0,7.724332701357561,0,1,361.4399859216064,18,0,contains_nonoptimal_cycle,18,18,18,inf,18
miku-rolling-v1,delayed_crossing,4,B0,B0-TimeBlind,0,0,0,0.15205633767810425,0.4321231459155532,,14.0,0.7896654201768264,2.895439873981697,26.058958865835272,4.000000000015671,0.0,2.9911112062063925,0,1,950.7676920329686,18,1,,,,,,18
miku-rolling-v1,delayed_crossing,4,MIKU,MIKU,1,1,0,0.16992312575446417,0.4716289987955017,9.0,9.0,1.0,3.7136814233226705,33.42313280990403,4.000000000013012,0.0,3.602938822657313,0,0,937.1737909968942,18,0,all_cycles_optimal,18,18,18,0.0,18
miku-rolling-v1,delayed_crossing,5,B0,B0-TimeBlind,1,1,0,0.15225371152399925,0.47406774877662117,8.9,8.9,1.0,3.730635747410587,33.202658151954225,3.9999999999999996,0.0,2.409144973817636,0,0,149.73556506447494,18,1,,,,,,18
miku-rolling-v1,delayed_crossing,5,MIKU,MIKU,1,1,0,0.20084221686445014,0.5116194154977844,8.9,8.9,1.0,3.7300508503494303,33.19745256810993,3.9999999999999996,0.0,2.416062984553595,0,0,282.85096993204206,18,0,all_cycles_optimal,18,18,18,0.0,18
miku-rolling-v1,delayed_crossing,6,B0,B0-TimeBlind,0,0,1,0.4477945768956908,0.7551924285845584,,14.0,0.6454083928289326,2.366497440372753,21.298476963354776,4.0,0.0,7.388223158007131,0,1,643.3599390438758,18,1,,,,,,18
miku-rolling-v1,delayed_crossing,6,MIKU,MIKU,0,0,1,0.10149978850003336,0.29643442900138994,,14.0,0.5566372151347694,2.041003171889841,18.36902854700857,4.0,0.0,7.711395623761007,0,1,249.09878801554441,18,0,contains_nonoptimal_cycle,18,18,18,inf,18
miku-rolling-v1,delayed_crossing,7,B0,B0-TimeBlind,0,1,1,0.10064775040540654,0.29009334229620687,8.9,14.0,1.0,3.716539944755013,33.077205508319615,3.8964599374642575,0.0,2.359129442302427,0,0,154.26243300316855,18,1,,,,,,18
miku-rolling-v1,delayed_crossing,7,MIKU,MIKU,0,0,1,0.28518256692824595,0.662019870523545,,14.0,0.6160594388785123,2.258884622755511,20.329961604799596,4.0,0.0,7.112573874463146,0,1,165.6950050382875,18,0,contains_nonoptimal_cycle,18,18,18,inf,18
miku-rolling-v1,delayed_crossing,8,B0,B0-TimeBlind,0,0,0,0.054605962141706765,0.10072985518063592,,14.0,0.766770431710432,2.8114915829382507,25.303424246444255,4.000000001981802,0.0,3.9341925982803767,0,1,757.0853079378139,18,1,,,,,,18
miku-rolling-v1,delayed_crossing,8,MIKU,MIKU,0,0,0,0.18270264940816855,0.5657148094232609,,14.0,0.6589175746753736,2.4160311071431204,21.744279964288083,3.9999999999999996,0.0,1.747689352098077,0,1,688.7493720278144,18,0,all_cycles_optimal,18,18,18,0.0,18
miku-rolling-v1,delayed_crossing,9,B0,B0-TimeBlind,0,0,1,0.22019722025314273,0.552866616909904,,14.0,0.4622379519926401,1.6948725273245164,15.253852745920648,4.0,0.0,6.806168250153726,0,1,411.7314340546727,18,1,,,,,,18
miku-rolling-v1,delayed_crossing,9,MIKU,MIKU,1,1,0,0.13035194320589372,,5.5,5.5,1.0,6.023798430762062,33.13089136919134,1.734205385714097,0.0,0.5157186205151921,0,0,73.8388289755676,7,0,all_cycles_optimal,8,8,7,0.0,7
miku-rolling-v1,delayed_crossing,10,B0,B0-TimeBlind,0,1,1,0.11699370729252105,0.2684811120817477,8.9,14.0,1.0,3.7252111687851555,33.154379402187885,3.7457036911528725,0.0,2.117923138350416,0,0,65.5682320066262,18,1,,,,,,18
miku-rolling-v1,delayed_crossing,10,MIKU,MIKU,0,0,1,0.5591176876769546,1.0306467877239507,,14.0,0.6385646478719745,2.341403708924231,21.072633380318077,4.0,0.0,6.68319968034898,0,1,101.36040401994251,18,0,contains_nonoptimal_cycle,18,18,18,inf,18
miku-rolling-v1,delayed_crossing,11,B0,B0-TimeBlind,0,1,1,0.15415983099935682,0.441176836992066,8.9,14.0,1.0,3.7119566715341263,33.036414376653724,4.000000000000006,0.0,2.841107353406471,0,0,432.2991890076082,18,1,,,,,,18
miku-rolling-v1,delayed_crossing,11,MIKU,MIKU,1,1,0,0.21235611487007278,0.48660691658034444,8.9,8.9,1.0,3.7108043063481393,33.02615832649844,4.000000000000009,0.0,2.8127693469147075,0,0,378.30925700836815,18,0,all_cycles_optimal,18,18,18,0.0,18
miku-rolling-v1,delayed_crossing,12,B0,B0-TimeBlind,0,0,1,0.13078077121938045,0.47424338460754856,,14.0,0.6794479939263398,2.4913093110632456,22.421783799569212,4.0,0.0,4.318006309080098,0,1,914.392506092554,18,1,,,,,,18
miku-rolling-v1,delayed_crossing,12,MIKU,MIKU,0,0,1,0.3118628288639749,0.7136834999710512,,14.0,0.539049303860957,1.9765141253735257,17.788627128361732,4.0,0.0,4.385800283122072,0,1,1220.4488599381875,18,0,contains_nonoptimal_cycle,18,18,18,inf,18
miku-rolling-v1,delayed_crossing,13,B0,B0-TimeBlind,0,0,1,-0.03876745403142534,0.0,,14.0,0.6682261685004297,2.4501626329435076,22.051463696491567,4.0,0.0,5.973982557266404,1,1,922.3828530230094,18,1,,,,,,18
miku-rolling-v1,delayed_crossing,13,MIKU,MIKU,0,0,1,-0.03876745403142534,0.0,,14.0,0.6682261685004297,2.4501626329435076,22.051463696491567,4.0,0.0,5.973982557266404,1,1,782.8260669775773,18,0,contains_nonoptimal_cycle,18,18,18,inf,18
miku-rolling-v1,delayed_crossing,14,B0,B0-TimeBlind,0,1,1,0.1006941479729782,0.2786302619105421,9.0,14.0,1.0,3.7129283241927737,33.416354917734964,4.000000000000015,0.0,2.7449301035888514,0,0,313.23499194695614,18,1,,,,,,18
miku-rolling-v1,delayed_crossing,14,MIKU,MIKU,0,0,1,0.3983007472413296,0.7501894673844732,,14.0,0.6472352159394318,2.3731957936056722,21.35876214245105,4.0,0.0,7.306554707799598,0,1,221.92640401772223,18,0,contains_nonoptimal_cycle,18,18,18,inf,18
miku-rolling-v1,delayed_crossing,15,B0,B0-TimeBlind,0,0,1,0.07787151158097332,0.17664040945236667,,14.0,0.7539013276309875,2.7643048679802877,24.878743811822588,4.000000000440876,0.0,3.406830698609299,0,1,764.2826449882705,18,1,,,,,,18
miku-rolling-v1,delayed_crossing,15,MIKU,MIKU,1,1,0,0.09605341521596555,,4.8,4.8,1.0,6.903486885765255,33.13673705167322,2.188837418983267,0.0,0.787388450110075,0,0,204.05754202511162,7,0,all_cycles_optimal,8,8,7,0.0,7
miku-rolling-v1,delayed_crossing,16,B0,B0-TimeBlind,0,0,0,0.03395166276701713,0.11079548500756854,,14.0,0.777750223014807,2.851750817720959,25.66575735948863,4.000000000018924,0.0,3.2249448607562052,0,1,696.0516440449283,18,1,,,,,,18
miku-rolling-v1,delayed_crossing,16,MIKU,MIKU,0,0,1,0.26820262680824536,0.7047739874229212,,14.0,0.551864726872259,2.0235040030384295,18.211536027345865,3.9999999999999996,0.0,1.9096817995817594,0,1,830.1037900673691,18,0,contains_nonoptimal_cycle,18,18,18,inf,18
miku-rolling-v1,delayed_crossing,17,B0,B0-TimeBlind,0,0,1,0.06509795112837474,0.12787780377910912,,14.0,0.9756309678772769,3.5773135488837196,32.195821939953476,4.0,0.0,2.277550374489899,0,1,374.29539900040254,18,1,,,,,,18
miku-rolling-v1,delayed_crossing,17,MIKU,MIKU,0,0,1,0.5527494221198155,0.810109200598559,,14.0,0.6287013623391375,2.305238328989589,20.7471449609063,4.0,0.0,7.489416353283768,0,1,208.75845904811285,18,0,contains_nonoptimal_cycle,18,18,18,inf,18
miku-rolling-v1,delayed_crossing,18,B0,B0-TimeBlind,0,0,1,0.1513564556834755,0.558055723096203,,14.0,0.510186405857119,1.870683597366436,16.836152376297925,3.9064728487069056,0.0,1.5618257473957755,0,1,243.32631699508056,18,1,,,,,,18
miku-rolling-v1,delayed_crossing,18,MIKU,MIKU,1,1,0,0.12332964795795198,,5.7,5.7,1.0,5.814063774389327,33.140163514019164,1.7553969864399264,0.0,0.6254176874806203,0,0,60.420426016207784,7,0,all_cycles_optimal,8,8,7,0.0,7
miku-rolling-v1,delayed_crossing,19,B0,B0-TimeBlind,0,0,0,0.14529873966806497,0.6309655360133842,,14.0,0.48059738841609195,1.762190424192484,15.859713817732356,3.9999999999999996,0.0,1.7957809414657548,0,1,230.6471809570212,18,1,,,,,,18
miku-rolling-v1,delayed_crossing,19,MIKU,MIKU,1,1,0,0.0634016216853619,,6.1,6.1,1.0,5.434560971764827,33.15082192776544,1.5810275964188858,0.0,0.5380371137773836,0,0,66.50105598964728,9,0,all_cycles_optimal,10,10,9,0.0,9
miku-rolling-v1,delayed_crossing,20,B0,B0-TimeBlind,0,0,0,0.09413029760850064,0.2335789180992029,,14.0,0.5789417405710591,2.1227863820939556,19.1050774388456,3.7610442714455328,0.0,1.6018653826778457,0,1,240.07457599509507,18,1,,,,,,18
miku-rolling-v1,delayed_crossing,20,MIKU,MIKU,1,1,0,0.07796551708222776,,6.6,6.6,1.0,5.0111359408125455,33.0734972093628,1.3595245310921036,0.0,0.4364545171882863,0,0,70.4144460032694,10,0,all_cycles_optimal,11,11,10,0.0,10
miku-rolling-v1,delayed_crossing,21,B0,B0-TimeBlind,1,1,0,0.14363980112373967,0.48157272167133897,8.9,8.9,1.0,3.7268949539565606,33.16936509021339,3.7230469832678046,0.0,2.204931462873685,0,0,69.25467198016122,18,1,,,,,,18
miku-rolling-v1,delayed_crossing,21,MIKU,MIKU,0,0,1,0.3547677608307702,0.7512269810716974,,14.0,0.6378455254276902,2.3387669265954365,21.04890233935893,3.371313147342144,0.0,1.387768329686854,0,1,115.31227201339789,18,0,contains_nonoptimal_cycle,18,18,18,inf,18
miku-rolling-v1,delayed_crossing,22,B0,B0-TimeBlind,0,0,0,0.08716829728700813,0.22602751069842597,,14.0,0.6238905357630729,2.2875986311312784,20.588387680181505,3.9417148420323267,0.0,1.6053665326193138,0,1,229.19412108603865,18,1,,,,,,18
miku-rolling-v1,delayed_crossing,22,MIKU,MIKU,0,0,0,0.1489459702513122,0.46303641161692194,,14.0,0.6100866601275975,2.236984420467866,20.132859784210794,3.9509691538705596,0.0,1.6101493530355027,0,1,519.1654640075285,18,0,all_cycles_optimal,18,18,18,0.0,18
miku-rolling-v1,delayed_crossing,23,B0,B0-TimeBlind,0,0,0,0.12237682080568484,0.4153653646421742,,14.0,0.5585874088907357,2.0481538325994553,18.433384493395096,3.9278984631291807,0.0,1.7050751187267155,0,1,330.4264149919618,18,1,,,,,,18
miku-rolling-v1,delayed_crossing,23,MIKU,MIKU,1,1,0,0.06268999674496167,,4.9,4.9,1.0,6.779772069845425,33.220883142242585,2.188873382945226,0.0,0.958919867096811,0,0,95.38874501595274,6,0,all_cycles_optimal,7,7,6,0.0,6
miku-rolling-v1,delayed_crossing,24,B0,B0-TimeBlind,0,0,0,0.14047237437242874,0.3533957689986518,,14.0,0.7642899942485754,2.8023966455781095,25.221569810202986,4.000000000000177,0.0,2.3600415307834233,0,1,954.5678039721679,18,1,,,,,,18
miku-rolling-v1,delayed_crossing,24,MIKU,MIKU,1,1,0,0.13846015192786942,,3.6,3.6,1.0,9.2531413056769,33.31130870043684,4.000000256503075,0.0,3.762792204955547,0,0,260.89115600916557,5,0,all_cycles_optimal,6,6,5,0.0,5
miku-rolling-v1,delayed_crossing,25,B0,B0-TimeBlind,0,1,1,0.14818849619163937,0.6635597056275908,8.9,14.0,1.0,3.7154972654573686,33.06792566257058,3.914139576336236,0.0,2.278894808681748,0,0,82.78411996434443,18,1,,,,,,18
miku-rolling-v1,delayed_crossing,25,MIKU,MIKU,1,1,0,0.18501220174213914,0.6875108613812818,8.9,8.9,1.0,3.7158965473875285,33.071479271749006,3.9142881879377813,0.0,2.2770006951201704,0,0,101.73639198183082,18,0,all_cycles_optimal,18,18,18,0.0,18
miku-rolling-v1,delayed_crossing,26,B0,B0-TimeBlind,0,0,1,0.14424073394957548,0.2129782103881389,,14.0,0.5807460941750523,2.129402352714365,19.164621174429286,4.0,0.0,7.817805630752779,0,1,540.4555390123278,18,1,,,,,,18
miku-rolling-v1,delayed_crossing,26,MIKU,MIKU,0,0,0,1.0911117154186507,1.015770830774887,,14.0,0.5572949965545265,2.043414987366597,18.390734886299374,4.0,0.0,7.461007686721431,0,1,319.0172749455087,18,0,contains_nonoptimal_cycle,18,18,18,inf,18
miku-rolling-v1,delayed_crossing,27,B0,B0-TimeBlind,0,0,1,0.14278695444423262,0.4546580714536985,,14.0,0.5390355835254291,1.9764640422980095,17.788176380682085,4.000000000000056,0.0,2.3183844126388484,0,1,642.1884820447303,18,1,,,,,,18
miku-rolling-v1,delayed_crossing,27,MIKU,MIKU,1,1,0,0.06454244168910916,,3.5,3.5,1.0,9.455552809735446,33.09443483407406,4.000000344453026,0.0,3.692946500352483,0,0,126.190859999042,4,0,all_cycles_optimal,5,5,4,0.0,4
miku-rolling-v1,delayed_crossing,28,B0,B0-TimeBlind,0,0,0,0.08531052617150037,0.18268320563287913,,14.0,0.8297590531347929,3.042449861494241,27.382048753448167,3.976409282150258,0.0,2.129788503001124,0,1,526.0900290450081,18,1,,,,,,18
miku-rolling-v1,delayed_crossing,28,MIKU,MIKU,1,1,0,0.08283115489547166,,3.7,3.7,1.0,9.002273983233106,33.308413737962496,3.999999993838841,0.0,3.4356934079452226,0,0,97.64576304587536,5,0,all_cycles_optimal,6,6,5,0.0,5
miku-rolling-v1,delayed_crossing,29,B0,B0-TimeBlind,0,0,0,0.1512769131126102,0.418875454532531,,14.0,0.5378924033006265,1.9722721555997778,17.750449400398,4.000000000000727,0.0,2.5563976276400155,0,1,923.2517370255664,18,1,,,,,,18
miku-rolling-v1,delayed_crossing,29,MIKU,MIKU,1,1,0,0.08749949135696644,,3.9,3.9,1.0,8.476269888390963,33.057452564724755,4.000000141363535,0.0,9.820470955839893,0,0,439.0424029843416,6,0,all_cycles_optimal,8,8,6,0.0,6
miku-rolling-v1,delayed_crossing,30,B0,B0-TimeBlind,0,0,0,0.10872165840478934,0.3231023727926481,,14.0,0.6164171127674405,2.260196080147306,20.341764721325756,3.9999999999999996,0.0,1.75509871176142,0,1,273.23331401566975,18,1,,,,,,18
miku-rolling-v1,delayed_crossing,30,MIKU,MIKU,0,0,1,0.18050954758129548,0.6494043748301024,,14.0,0.6029057482667937,2.2106558457355296,19.895902611619768,3.9999999999999996,0.0,1.7609302047409905,0,1,643.6769559513777,18,0,all_cycles_optimal,18,18,18,0.0,18
miku-rolling-v1,delayed_crossing,31,B0,B0-TimeBlind,1,1,0,0.12951026250505335,0.4926963511818434,8.9,8.9,1.0,3.7219529109654883,33.12538090759285,4.0,0.0,2.5429537340110238,0,0,281.30653491825797,18,1,,,,,,18
miku-rolling-v1,delayed_crossing,31,MIKU,MIKU,0,0,1,0.20893532274918086,0.5749621864999063,,14.0,0.6028384951444066,2.210407815531921,19.893670339787292,4.0,0.0,6.932897062142222,0,1,191.8237519566901,18,0,contains_nonoptimal_cycle,18,18,18,inf,18
miku-rolling-v1,delayed_crossing,32,B0,B0-TimeBlind,0,1,1,0.13775386357355265,0.39787211037787684,8.9,14.0,1.0,3.7307664965824463,33.20382181958377,3.648962265485043,0.0,2.171990156958259,0,0,82.27109193103388,18,1,,,,,,18
miku-rolling-v1,delayed_crossing,32,MIKU,MIKU,0,0,1,0.16475830979778452,0.4360263553161648,,14.0,0.6307649145640563,2.3128047937114653,20.815243143403187,4.0,0.0,6.979197579971246,0,1,151.10347705194727,18,0,contains_nonoptimal_cycle,18,18,18,inf,18
miku-rolling-v1,delayed_crossing,33,B0,B0-TimeBlind,0,1,1,0.11162335591333788,0.2982494053848628,8.9,14.0,1.0,3.7204510768132417,33.11201458363785,3.827871988893599,0.0,2.369833018225546,0,0,135.4720279632602,18,1,,,,,,18
miku-rolling-v1,delayed_crossing,33,MIKU,MIKU,0,0,1,0.13713101804409808,0.3463499867505175,,14.0,0.6019067357306819,2.206991364345834,19.862922279112503,4.0,0.0,6.86411205554461,0,1,228.87116004130803,18,0,contains_nonoptimal_cycle,18,18,18,inf,18
miku-rolling-v1,delayed_crossing,34,B0,B0-TimeBlind,0,1,1,0.12629725952253834,0.5231248586897244,8.9,14.0,1.0,3.7093293602219104,33.013031305975005,4.000000000000002,0.0,2.7198074651763786,0,0,311.0639509977773,18,1,,,,,,18
miku-rolling-v1,delayed_crossing,34,MIKU,MIKU,0,0,1,0.1668354437487167,0.5827954586066942,,14.0,0.5456468355559775,2.0007050680067535,18.00634561206078,4.000000000000002,0.0,7.878702163284842,0,1,219.17601494351402,18,0,contains_nonoptimal_cycle,18,18,18,inf,18
miku-rolling-v1,delayed_crossing,35,B0,B0-TimeBlind,0,1,1,0.28163130898983235,0.7556926834339536,8.9,14.0,1.0,3.7260024311717928,33.16142163742896,3.731582469923449,0.0,2.732557203527443,0,0,579.7789370117243,18,1,,,,,,18
miku-rolling-v1,delayed_crossing,35,MIKU,MIKU,1,1,0,0.18309352552593283,0.5926138712397371,8.9,8.9,1.0,3.7258618278713014,33.160170268054586,3.553612075052319,0.0,2.1250934984742793,0,0,181.47538101766258,18,0,all_cycles_optimal,18,18,18,0.0,18
miku-rolling-v1,delayed_crossing,36,B0,B0-TimeBlind,0,1,1,0.12558701203551603,0.5071503138869772,8.9,14.0,1.0,3.7080337095054285,33.001500014598314,4.000000000000007,0.0,2.6558702745583385,0,0,249.4863489700947,18,1,,,,,,18
miku-rolling-v1,delayed_crossing,36,MIKU,MIKU,0,0,1,0.27060802205461565,0.5592528570765305,,14.0,0.6482339114726334,2.37685768096632,21.39171912869688,4.000000055518324,0.0,2.1022067478256257,0,1,287.06692601554096,18,0,contains_nonoptimal_cycle,18,18,18,inf,18
miku-rolling-v1,delayed_crossing,37,B0,B0-TimeBlind,0,0,1,0.12867669133764734,0.32832918713367565,,14.0,0.6754247273524402,2.4765573336296236,22.289016002666614,4.000000000315058,0.0,5.4411267909704035,0,1,1962.7091579604894,18,1,,,,,,18
miku-rolling-v1,delayed_crossing,37,MIKU,MIKU,0,0,1,0.24368240111143935,0.3605616637333386,,14.0,0.48073157801945376,1.7626824527436975,15.864142074693278,4.000000000440691,0.0,5.556475365067134,0,1,2286.8142889346927,18,0,contains_nonoptimal_cycle,18,18,18,inf,18
miku-rolling-v1,delayed_crossing,38,B0,B0-TimeBlind,0,0,1,0.2047339150966807,0.621720148689637,,14.0,0.7080459467160279,2.5961686211013055,23.36551758991175,3.586071496597635,0.0,1.794854871305818,0,1,529.0876309736632,18,1,,,,,,18
miku-rolling-v1,delayed_crossing,38,MIKU,MIKU,0,0,1,0.26326523932185575,0.6468231179604303,,14.0,0.652175349319656,2.3913096168510686,21.521786551659616,3.598038174507395,0.0,1.8058154022000619,0,1,104.67606098973192,18,0,contains_nonoptimal_cycle,18,18,18,inf,18
miku-rolling-v1,delayed_crossing,39,B0,B0-TimeBlind,0,0,0,0.10999070747029868,0.23453141561476784,,14.0,0.901744054290061,3.3063948657302236,29.75755379157201,3.9999999912114026,0.0,2.4104950010727455,0,1,455.3797721164301,18,1,,,,,,18
miku-rolling-v1,delayed_crossing,39,MIKU,MIKU,0,0,0,0.29407729932153415,0.6896511211671226,,14.0,0.8408729420147651,3.083200789039418,27.74880710135476,3.999999973709994,0.0,2.574341039484451,0,1,793.4036089573056,18,0,all_cycles_optimal,18,18,18,0.0,18
miku-rolling-v1,delayed_crossing,40,B0,B0-TimeBlind,0,0,1,0.14470554970617278,0.528610587838905,,14.0,0.4743442042372075,1.7392647000099788,15.65338230008981,4.0,0.0,1.8670403971462417,0,1,336.83262689737603,18,1,,,,,,18
miku-rolling-v1,delayed_crossing,40,MIKU,MIKU,1,1,0,0.09892087649266701,,4.8,4.8,1.0,6.878881432459311,33.01863087580469,2.128118283108761,0.0,0.6612644200293155,0,0,79.30368499364704,6,0,all_cycles_optimal,7,7,6,0.0,6
miku-rolling-v1,delayed_crossing,41,B0,B0-TimeBlind,0,1,1,0.09634285189944936,0.24840061034424657,8.9,14.0,1.0,3.7183675756261856,33.093471423073055,3.8703508353012928,0.0,2.2047811420767056,0,0,82.50225699157454,18,1,,,,,,18
miku-rolling-v1,delayed_crossing,41,MIKU,MIKU,1,1,0,0.181509466662795,0.46230933824743076,8.9,8.9,1.0,3.716887924308228,33.08030252634323,3.892250486510371,0.0,2.216784800545378,0,0,85.89509504963644,18,0,all_cycles_optimal,18,18,18,0.0,18
miku-rolling-v1,delayed_crossing,42,B0,B0-TimeBlind,0,1,1,0.07992452917588624,0.16960263177473447,8.9,14.0,1.0,3.708432837595391,33.00505225459898,4.000000000000005,0.0,2.8638749387147295,0,0,552.4631760490593,18,1,,,,,,18
miku-rolling-v1,delayed_crossing,42,MIKU,MIKU,0,0,1,0.4738081854737204,0.6740913803723988,,14.0,0.5936069271097295,2.176558741144215,19.589028670297935,4.00000000000002,0.0,7.450636563091851,0,1,335.7456170488149,18,0,contains_nonoptimal_cycle,18,18,18,inf,18
miku-rolling-v1,delayed_crossing,43,B0,B0-TimeBlind,0,1,1,0.14997340809967996,0.46420210629344427,8.9,14.0,1.0,3.727171822323099,33.17182921867558,3.9999999899265406,0.0,2.6323664479470854,0,0,325.8875721076038,18,1,,,,,,18
miku-rolling-v1,delayed_crossing,43,MIKU,MIKU,0,0,1,0.22310613818352687,0.514233821630744,,14.0,0.6295683537094325,2.3084172969620003,20.775755672658004,4.000000000000001,0.0,2.359410670215527,0,1,612.9529170284513,18,0,contains_nonoptimal_cycle,18,18,18,inf,18
miku-rolling-v1,delayed_crossing,44,B0,B0-TimeBlind,0,0,0,0.1360431848154804,0.2935083905282675,,14.0,0.8667137607277409,3.1779504560017164,28.60155410401545,3.286703310867185,0.0,1.4233970296995506,0,1,191.754940955434,18,1,,,,,,18
miku-rolling-v1,delayed_crossing,44,MIKU,MIKU,0,0,1,0.14751124511254127,0.31761258126543535,,14.0,0.6135616397522388,2.2497260124248752,20.247534111823878,4.0,0.0,6.882970997899526,0,1,126.48482801159844,18,0,contains_nonoptimal_cycle,18,18,18,inf,18
miku-rolling-v1,delayed_crossing,45,B0,B0-TimeBlind,0,0,0,0.1471039872208156,0.5562633253039319,,14.0,0.504811932006564,1.8509770840258044,16.65879375623224,3.982062666490283,0.0,1.608771295418729,0,1,249.85264500719495,18,1,,,,,,18
miku-rolling-v1,delayed_crossing,45,MIKU,MIKU,1,1,0,0.17288993734835056,,5.7,5.7,1.0,5.816358143879318,33.15324142011212,1.7600225527995341,0.0,0.6272706551327003,0,0,56.339859002036974,7,0,all_cycles_optimal,8,8,7,0.0,7
miku-rolling-v1,delayed_crossing,46,B0,B0-TimeBlind,0,0,1,0.08395817639007648,0.18306860337821582,,14.0,0.633363125747036,2.3223331216099425,20.900998094489484,3.5369742973445746,0.0,1.4250115502375174,0,1,260.9035060158931,18,1,,,,,,18
miku-rolling-v1,delayed_crossing,46,MIKU,MIKU,0,0,0,0.16031380765635442,0.3864200413387853,,14.0,0.6187090590214378,2.268599883078635,20.417398947707717,3.54661610851958,0.0,1.4297811410767756,0,1,481.4818190643564,18,0,all_cycles_optimal,18,18,18,0.0,18
miku-rolling-v1,delayed_crossing,47,B0,B0-TimeBlind,0,0,0,0.22394767324033282,0.5182742813439475,,14.0,0.8233600476408571,3.0189868413498093,27.170881572148286,4.000000022725387,0.0,2.0527515108140015,0,1,734.6810239250772,18,1,,,,,,18
miku-rolling-v1,delayed_crossing,47,MIKU,MIKU,0,0,1,0.8157269452269511,0.9279543185983095,,14.0,0.634308721682872,2.3257986462578315,20.932187816320482,4.0000000000000036,0.0,7.772821716960618,0,1,410.62178593710996,18,0,contains_nonoptimal_cycle,18,18,18,inf,18
miku-rolling-v1,delayed_crossing,48,B0,B0-TimeBlind,0,0,0,0.12442906729872942,0.4019624344318102,,14.0,0.625220547698105,2.2924753415598156,20.63227807403834,4.0,0.0,1.8955027735218235,0,1,369.77493602898903,18,1,,,,,,18
miku-rolling-v1,delayed_crossing,48,MIKU,MIKU,1,1,0,0.116140844893877,,3.9,3.9,1.0,8.552556237667362,33.35496932690271,3.655067413627943,0.0,2.1402330092517565,0,0,120.2598089876119,5,0,all_cycles_optimal,6,6,5,0.0,5
miku-rolling-v1,delayed_crossing,49,B0,B0-TimeBlind,0,0,1,0.3269958424295418,0.6921721088729734,,14.0,0.7395649594039272,2.7117385813964283,24.405647232567855,4.0,0.0,6.247572665376914,0,1,577.4832900206093,18,1,,,,,,18
miku-rolling-v1,delayed_crossing,49,MIKU,MIKU,1,1,0,0.16695859996867418,0.4493830849379871,8.9,8.9,1.0,3.727150964724571,33.17164358604868,3.7498551060883747,0.0,2.1370425513624403,0,0,79.41862204461358,18,0,all_cycles_optimal,18,18,18,0.0,18
miku-rolling-v1,delayed_crossing,50,B0,B0-TimeBlind,0,0,1,0.1508478242782645,0.6847426869368313,,14.0,0.46267112146182515,1.6964611269517325,15.268150142565592,4.000000021904436,0.0,1.6533161541248815,0,1,825.2890571020544,18,1,,,,,,18
miku-rolling-v1,delayed_crossing,50,MIKU,MIKU,1,1,0,0.38923157923523377,,5.9,5.9,1.0,5.612481823018687,33.113642755810254,1.6610729590839703,0.0,0.5816278090048567,0,0,59.2070710263215,8,0,all_cycles_optimal,9,9,8,0.0,8
miku-rolling-v1,delayed_crossing,51,B0,B0-TimeBlind,1,1,0,0.14925222492918383,0.5395538293262969,8.9,8.9,1.0,3.7168233795361356,33.07972807787161,4.000000000000002,0.0,2.747192167274425,0,0,315.13431208441034,18,1,,,,,,18
miku-rolling-v1,delayed_crossing,51,MIKU,MIKU,0,0,1,0.1783322957580674,0.5827183188980066,,14.0,0.564321545772136,2.0691790060847173,18.622611054762455,4.000000000000002,0.0,7.863007735537518,0,1,279.65213189600036,18,0,contains_nonoptimal_cycle,18,18,18,inf,18
miku-rolling-v1,delayed_crossing,52,B0,B0-TimeBlind,0,0,1,0.1298193464377256,0.5757665610359155,,14.0,0.6303293818098621,2.31121085491958,20.80089769427622,3.9999999999999996,0.0,1.8183980128013602,0,1,341.33250601007603,18,1,,,,,,18
miku-rolling-v1,delayed_crossing,52,MIKU,MIKU,1,1,0,0.1090932446250914,,4.3,4.3,1.0,7.714723234766867,33.173309909497526,2.7519749878551236,0.0,1.067976224958304,0,0,132.33344399486668,5,0,all_cycles_optimal,6,6,5,0.0,5
miku-rolling-v1,delayed_crossing,53,B0,B0-TimeBlind,0,1,1,0.06786766554626901,0.1640926880790757,9.0,14.0,1.0,3.703118445321005,33.32806600788904,4.000000000000114,0.0,2.703851802677831,0,0,223.02110702730715,18,1,,,,,,18
miku-rolling-v1,delayed_crossing,53,MIKU,MIKU,0,0,1,0.3171626503660482,0.5072949236980286,,14.0,0.4889547040241045,1.79283391475628,16.13550523280652,4.000000000000001,0.0,7.594980652495807,0,1,405.80522909294814,18,0,contains_nonoptimal_cycle,18,18,18,inf,18
miku-rolling-v1,delayed_crossing,54,B0,B0-TimeBlind,0,1,1,0.04236429322479207,0.06800137674449422,8.9,14.0,1.0,3.717199529415108,33.083075811794465,4.000000000000005,0.0,2.775149077401924,0,0,459.0838449948933,18,1,,,,,,18
miku-rolling-v1,delayed_crossing,54,MIKU,MIKU,0,0,1,0.2580111163423773,0.4484135455472104,,14.0,0.8734801659472176,3.2027626134602847,28.82486352114256,4.0000000000000435,0.0,2.4775669101378033,0,1,674.0245569380932,18,0,all_cycles_optimal,18,18,18,0.0,18
miku-rolling-v1,delayed_crossing,55,B0,B0-TimeBlind,0,0,1,0.430390777705123,0.7595669116259535,,14.0,0.6513666222521091,2.3883442826311647,21.49509854368048,4.0,0.0,7.315946461081568,0,1,575.9949680941645,18,1,,,,,,18
miku-rolling-v1,delayed_crossing,55,MIKU,MIKU,0,0,1,0.12133819309050208,0.30719973282466,,14.0,0.5365588705575295,1.9673825293830696,17.706442764447626,4.0,0.0,7.766899062824539,0,1,184.71818798570894,18,0,contains_nonoptimal_cycle,18,18,18,inf,18
miku-rolling-v1,delayed_crossing,56,B0,B0-TimeBlind,0,1,1,0.07709568562329593,0.14470689970494297,8.9,14.0,1.0,3.7093880698631936,33.01355382178242,4.000000000000006,0.0,2.8788643740652935,0,0,515.1146129937842,18,1,,,,,,18
miku-rolling-v1,delayed_crossing,56,MIKU,MIKU,0,0,0,0.18123445209541608,0.34535000001728383,,14.0,0.8831959979252384,3.238385325741268,29.14546793167141,4.0000000000000195,0.0,2.5028516541104,0,1,614.1888400306925,18,0,all_cycles_optimal,18,18,18,0.0,18
miku-rolling-v1,delayed_crossing,57,B0,B0-TimeBlind,0,0,1,0.11229281730814479,0.43334097004980654,,14.0,0.5637703942074442,2.067161957742267,18.604457619680403,3.73430929501011,0.0,1.4857302657108122,0,1,210.01346295815893,18,1,,,,,,18
miku-rolling-v1,delayed_crossing,57,MIKU,MIKU,1,1,0,0.06488633586662562,,5.8,5.8,1.0,5.690118350959958,33.00268643556775,1.676773011669979,0.0,0.5916847364361274,0,0,55.8517960307654,7,0,all_cycles_optimal,8,8,7,0.0,7
miku-rolling-v1,delayed_crossing,58,B0,B0-TimeBlind,0,0,1,0.14956759473576156,0.5307278469430587,,14.0,0.4623084971109005,1.6951313141583435,15.256181827425092,4.000000000001684,0.0,2.6447991156640045,0,1,1180.8250400063116,18,1,,,,,,18
miku-rolling-v1,delayed_crossing,58,MIKU,MIKU,1,1,0,0.31304268221463505,,6.0,6.0,1.0,5.5187641287651426,33.11258477259086,1.6272619444324672,0.0,0.5657141209423745,0,0,73.41402099700645,8,0,all_cycles_optimal,9,9,8,0.0,8
miku-rolling-v1,delayed_crossing,59,B0,B0-TimeBlind,0,0,1,0.1551570319280562,0.40450520000576323,,14.0,0.48725017367298834,1.7865839821936926,16.079255839743233,4.000000000001805,0.0,2.7031307772752964,0,1,1285.2281940286048,18,1,,,,,,18
miku-rolling-v1,delayed_crossing,59,MIKU,MIKU,1,1,0,0.0895020141663696,,3.7,3.7,1.0,9.004471854124695,33.31654586026137,4.000000636462276,0.0,2.713481111505529,0,0,124.7019580041524,5,0,all_cycles_optimal,6,6,5,0.0,5
miku-rolling-v1,delayed_crossing,60,B0,B0-TimeBlind,0,0,1,0.2262169195227118,0.48251055031132417,,14.0,0.4885020467134459,1.7911761187086492,16.120585068377842,4.0,0.0,6.544172378154366,0,1,255.52539798081852,18,1,,,,,,18
miku-rolling-v1,delayed_crossing,60,MIKU,MIKU,1,1,0,0.09699949828906584,,4.5,4.5,1.0,7.395314738849805,33.278916324824124,2.7705589393168175,0.0,1.4826008211744008,0,0,112.27022300590761,5,0,all_cycles_optimal,6,6,5,0.0,5
miku-rolling-v1,delayed_crossing,61,B0,B0-TimeBlind,0,1,1,0.12378767015180338,0.3434368729213296,9.0,14.0,1.0,3.7046958767378424,33.34226289064058,4.000000000000109,0.0,4.722138206534633,0,0,238.1361239531543,18,1,,,,,,18
miku-rolling-v1,delayed_crossing,61,MIKU,MIKU,0,0,1,0.3053114976546465,0.6095304017772768,,14.0,0.5496979401561891,2.015559113906027,18.14003202515424,4.0,0.0,4.462819856325161,0,1,303.84608791791834,18,0,contains_nonoptimal_cycle,18,18,18,inf,18
miku-rolling-v1,delayed_crossing,62,B0,B0-TimeBlind,1,1,0,0.0911556357275475,0.18865539144967508,9.0,9.0,1.0,3.7003798743566154,33.30341886920954,4.000000000000271,0.0,2.8447608279498633,0,0,425.99126300774515,18,1,,,,,,18
miku-rolling-v1,delayed_crossing,62,MIKU,MIKU,1,1,0,0.1742028537544305,0.36013186746979503,9.0,9.0,1.0,3.6992371528974175,33.29313437607676,4.000000000000285,0.0,2.895301487714018,0,0,436.638021026738,18,0,all_cycles_optimal,18,18,18,0.0,18
miku-rolling-v1,delayed_crossing,63,B0,B0-TimeBlind,0,0,0,0.11682632019580359,0.37396680450500197,,14.0,0.45336346757887186,1.6623327144559452,14.960994430103506,3.6857721642848444,0.0,1.5595832608849034,0,1,199.47887893067673,18,1,,,,,,18
miku-rolling-v1,delayed_crossing,63,MIKU,MIKU,1,1,0,0.08342084339289468,,6.8,6.8,1.0,4.872581423394185,33.13355367908046,1.3143763979236809,0.0,0.4231321073822994,0,0,51.625309977680445,10,0,all_cycles_optimal,11,11,10,0.0,10
miku-rolling-v1,delayed_crossing,64,B0,B0-TimeBlind,0,1,1,0.1190226133503877,0.37353049129827576,8.9,14.0,1.0,3.7317848848807147,33.21288547543836,3.7371403774730405,0.0,2.282412314655917,0,0,94.81508293538354,18,1,,,,,,18
miku-rolling-v1,delayed_crossing,64,MIKU,MIKU,0,0,1,0.19666155244711472,0.6082855656396676,,14.0,0.6826489723122742,2.503046232303485,22.527416090731368,4.0,0.0,6.6894811754465175,0,1,260.3197389980778,18,0,contains_nonoptimal_cycle,18,18,18,inf,18
miku-rolling-v1,delayed_crossing,65,B0,B0-TimeBlind,0,0,0,0.04316324715151776,0.05918137129771821,,14.0,0.800775571708169,2.9361770962632865,26.425593866369578,4.000000000051439,0.0,2.8476549491358405,0,1,677.6837530778721,18,1,,,,,,18
miku-rolling-v1,delayed_crossing,65,MIKU,MIKU,0,0,0,0.13693878995143197,0.3111797890371187,,14.0,0.6842769052508633,2.5090153192531646,22.581137873278482,3.091828536558666,0.0,1.2208458385955803,0,1,1508.0613399622962,18,0,all_cycles_optimal,19,19,18,0.0,18
miku-rolling-v1,delayed_crossing,66,B0,B0-TimeBlind,0,0,1,0.14533779126598736,0.41454019401289843,,14.0,0.6319276802833745,2.3170684934312757,20.85361644088148,4.000000000000881,0.0,2.565999111048853,0,1,969.0010930644348,18,1,,,,,,18
miku-rolling-v1,delayed_crossing,66,MIKU,MIKU,1,1,0,0.13069904527646403,,3.9,3.9,1.0,8.462034984350106,33.001936438965416,3.5328794873926257,0.0,2.6136042546761895,0,0,159.17093402822502,5,0,all_cycles_optimal,6,6,5,0.0,5
miku-rolling-v1,delayed_crossing,67,B0,B0-TimeBlind,0,1,1,0.14413577590097001,0.49413914558346067,8.9,14.0,1.0,3.7185545882157625,33.09513583512029,3.929157858613584,0.0,2.416799309851234,0,0,155.36448897910304,18,1,,,,,,18
miku-rolling-v1,delayed_crossing,67,MIKU,MIKU,0,0,1,0.21007445289396015,0.552050059104428,,14.0,0.6198393943440013,2.2727444459280046,20.454700013352042,4.0,0.0,7.122914431494914,0,1,153.92506690113805,18,0,contains_nonoptimal_cycle,18,18,18,inf,18
miku-rolling-v1,delayed_crossing,68,B0,B0-TimeBlind,0,1,1,0.061238298566058,0.06310823622981587,9.0,14.0,1.0,3.71261319107526,33.41351871967734,4.000000000000078,0.0,2.997315651766558,0,0,453.08502603438683,18,1,,,,,,18
miku-rolling-v1,delayed_crossing,68,MIKU,MIKU,0,0,0,0.48541436504959135,0.98500580459533,,14.0,0.7964023222428889,2.9201418517692557,26.2812766659233,4.000000000000712,0.0,2.5772351366986608,0,1,948.1281868938822,18,0,all_cycles_optimal,18,18,18,0.0,18
miku-rolling-v1,delayed_crossing,69,B0,B0-TimeBlind,0,0,1,0.20754530908802157,0.2993650325465944,,14.0,0.610765347765997,2.239472947967861,20.155256531710748,4.0,0.0,7.7640247017701824,0,1,400.60564907616936,18,1,,,,,,18
miku-rolling-v1,delayed_crossing,69,MIKU,MIKU,0,0,1,0.31023665515770454,0.3814996969745189,,14.0,0.6083143804586069,2.2304860618915083,20.074374557023575,4.0,0.0,7.624035594849296,0,1,137.8034770314116,18,0,contains_nonoptimal_cycle,18,18,18,inf,18
miku-rolling-v1,delayed_crossing,70,B0,B0-TimeBlind,0,0,1,0.19511282795711304,0.38897655020551924,,14.0,0.4275945507400115,1.5678466890900458,14.110620201810413,4.000000000007968,0.0,5.5899565197112695,0,1,1190.6954769801814,18,1,,,,,,18
miku-rolling-v1,delayed_crossing,70,MIKU,MIKU,0,0,1,0.1903973087118794,0.4208860432687429,,14.0,0.5056682880388491,1.8541170561748688,16.687053505573818,4.0000000000213864,0.0,5.604510421282906,0,1,2030.1265419693664,18,0,contains_nonoptimal_cycle,18,18,18,inf,18
miku-rolling-v1,delayed_crossing,71,B0,B0-TimeBlind,0,1,1,0.13829544620352677,0.5241553888510369,8.9,14.0,1.0,3.7219767377683315,33.12559296613815,3.9999999999999996,0.0,2.4219975038992523,0,0,125.41132402839139,18,1,,,,,,18
miku-rolling-v1,delayed_crossing,71,MIKU,MIKU,0,0,1,0.21361310758706206,0.5868186520774417,,14.0,0.6143855039025106,2.252746859098662,20.274721731887958,4.0,0.0,7.709676073784602,0,1,164.73516091355123,18,0,contains_nonoptimal_cycle,18,18,18,inf,18
miku-rolling-v1,delayed_crossing,72,B0,B0-TimeBlind,0,1,1,0.15125541162848677,0.5013640562537556,8.9,14.0,1.0,3.716104509454528,33.0733301341453,4.000000000000011,0.0,2.814446766893942,0,0,357.0690589840524,18,1,,,,,,18
miku-rolling-v1,delayed_crossing,72,MIKU,MIKU,0,0,1,0.1994639606555979,0.5415693044370419,,14.0,0.59115080800864,2.167553310726562,19.507979796539058,4.00000000000001,0.0,6.980615496664763,0,1,400.9371729916893,18,0,contains_nonoptimal_cycle,18,18,18,inf,18
miku-rolling-v1,delayed_crossing,73,B0,B0-TimeBlind,0,0,0,0.15027739133150114,0.3694589519245242,,14.0,0.8092702297280203,2.96732423807113,26.70591814264017,4.000000000011579,0.0,3.04325537811077,0,1,995.8133439940866,18,1,,,,,,18
miku-rolling-v1,delayed_crossing,73,MIKU,MIKU,0,0,0,0.20123664743440442,0.5099219775656432,,14.0,0.7846574417848148,2.877077286544321,25.89369557889889,4.00000000010915,0.0,3.1856141650163585,0,1,1871.5613260574173,18,0,all_cycles_optimal,18,18,18,0.0,18
miku-rolling-v1,delayed_crossing,74,B0,B0-TimeBlind,0,0,0,0.145333735524267,0.40421767553891874,,14.0,0.7736947886388369,2.8368808916760937,25.531928025084845,4.000000000026209,0.0,3.0938602984454584,0,1,1281.0012710106093,18,1,,,,,,18
miku-rolling-v1,delayed_crossing,74,MIKU,MIKU,0,0,1,0.21285802262027514,0.4514897507876578,,14.0,0.7752718946062059,2.8426682697440064,25.584014427696058,4.000000000160692,0.0,3.2236765192231593,0,1,1874.6136069239583,18,0,all_cycles_optimal,18,18,18,0.0,18
miku-rolling-v1,delayed_crossing,75,B0,B0-TimeBlind,0,0,0,0.09735088700646777,0.2753652521634231,,14.0,0.8820939196672998,3.234344372113432,29.10909934902089,3.399583491364896,0.0,1.7523296010165637,0,1,208.92653704504482,18,1,,,,,,18
miku-rolling-v1,delayed_crossing,75,MIKU,MIKU,0,0,1,0.1003417146715632,0.2797801108474456,,14.0,0.5549482395917213,2.034810216444259,18.313291947998334,4.0,0.0,7.750691284778245,0,1,127.2828459914308,18,0,contains_nonoptimal_cycle,18,18,18,inf,18
miku-rolling-v1,delayed_crossing,76,B0,B0-TimeBlind,0,0,1,0.1236456163063385,0.38382767695697045,,14.0,0.6402189119163513,2.34746934369469,21.12722409325221,4.000000000007611,0.0,5.362995410798824,0,1,987.519269954646,18,1,,,,,,18
miku-rolling-v1,delayed_crossing,76,MIKU,MIKU,1,1,0,0.1401463408703838,,4.8,4.8,1.0,6.903085598164551,33.13481087118984,2.166639418311362,0.0,0.6758711494886164,0,0,90.48722000443377,7,0,all_cycles_optimal,8,8,7,0.0,7
miku-rolling-v1,delayed_crossing,77,B0,B0-TimeBlind,0,0,1,0.11104487334305667,0.38418397233139295,,14.0,0.4709024296397651,1.7266422420125591,15.539780178113032,4.0,0.0,4.318308670063423,0,1,662.0464089792222,18,1,,,,,,18
miku-rolling-v1,delayed_crossing,77,MIKU,MIKU,1,1,0,0.474475242061845,,5.8,5.8,1.0,5.717343169750147,33.16059038455085,1.7004851066679982,0.0,0.6000017810186756,0,0,283.3481980196666,9,0,all_cycles_optimal,10,10,9,0.0,9
miku-rolling-v1,delayed_crossing,78,B0,B0-TimeBlind,0,0,1,0.1861717635232556,0.5490579679565454,,14.0,0.43755676458694415,1.6043775861066263,14.439398274959636,4.000000000000002,0.0,2.094346325585477,0,1,404.82908199192025,18,1,,,,,,18
miku-rolling-v1,delayed_crossing,78,MIKU,MIKU,0,0,1,0.2409364108885108,0.5753688922511409,,14.0,0.43595049962973653,1.5984851653647816,14.386366488283034,4.000000000000002,0.0,2.0648866897770772,0,1,657.5530570407864,18,0,contains_nonoptimal_cycle,18,18,18,inf,18
miku-rolling-v1,delayed_crossing,79,B0,B0-TimeBlind,0,0,1,0.22213677862106185,0.5193368352454947,,14.0,0.505896276398353,1.8549583762690736,16.694625386421663,4.0,0.0,6.6804206266876305,0,1,317.4865020555444,18,1,,,,,,18
miku-rolling-v1,delayed_crossing,79,MIKU,MIKU,1,1,0,0.06479793015191815,,3.8,3.8,1.0,8.764341055006415,33.304496009024376,4.00000082230942,0.0,2.72688084365723,0,0,112.86718703922816,4,0,all_cycles_optimal,5,5,4,0.0,4
miku-rolling-v1,delayed_crossing,80,B0,B0-TimeBlind,0,1,1,0.13887213771426324,0.5338646434499463,8.9,14.0,1.0,3.7191606513967956,33.100529797431484,4.0,0.0,2.53939923402875,0,0,278.22821895824745,18,1,,,,,,18
miku-rolling-v1,delayed_crossing,80,MIKU,MIKU,0,0,1,0.20012183892769095,0.5817321002029963,,14.0,0.5684248139719101,2.0842243219453227,18.758018897507903,4.0,0.0,7.129989351341151,0,1,236.34615499759093,18,0,contains_nonoptimal_cycle,18,18,18,inf,18
miku-rolling-v1,delayed_crossing,81,B0,B0-TimeBlind,0,1,1,0.15000292098088047,0.48988645808888603,9.0,14.0,1.0,3.7144577366109144,33.43011962949823,4.000000000000014,0.0,2.5238322188604183,0,0,163.7476780160796,18,1,,,,,,18
miku-rolling-v1,delayed_crossing,81,MIKU,MIKU,1,1,0,0.19132756220864533,0.5385334781510711,9.0,9.0,1.0,3.715415803208788,33.43874222887909,4.000000000000014,0.0,2.5271984231167726,0,0,185.3814770875033,18,0,all_cycles_optimal,18,18,18,0.0,18
miku-rolling-v1,delayed_crossing,82,B0,B0-TimeBlind,0,0,0,0.16317693335809147,0.31100107714393055,,14.0,0.8177090427940794,2.9982664940986767,26.98439844688809,4.000000000001854,0.0,2.768716546510924,0,1,619.4369950098917,18,1,,,,,,18
miku-rolling-v1,delayed_crossing,82,MIKU,MIKU,0,0,0,0.27061488036723613,0.5287993503546224,,14.0,0.8202569412620359,3.0076088203997826,27.068479383598042,4.000000000009007,0.0,2.9799426344241273,0,1,1263.8956650043838,18,0,all_cycles_optimal,18,18,18,0.0,18
miku-rolling-v1,delayed_crossing,83,B0,B0-TimeBlind,0,0,1,0.12924734421294926,0.3746950526433888,,14.0,0.7475925726975394,2.741175656095551,24.670580904859957,4.00000000002006,0.0,5.979901143529227,0,1,1422.8210700093769,18,1,,,,,,18
miku-rolling-v1,delayed_crossing,83,MIKU,MIKU,0,0,1,0.25481129354542675,0.3757017017674247,,14.0,0.47155212865764756,1.7290244717451104,15.561220245705993,4.0,0.0,5.994018308317784,0,1,2128.0806269787718,18,0,contains_nonoptimal_cycle,18,18,18,inf,18
miku-rolling-v1,delayed_crossing,84,B0,B0-TimeBlind,0,0,0,0.07589204108644772,0.17793101170976464,,14.0,0.7552234502025162,2.76915265074256,24.922373856683038,4.000000000012164,0.0,3.2339550307696876,0,1,743.264714081306,18,1,,,,,,18
miku-rolling-v1,delayed_crossing,84,MIKU,MIKU,1,1,0,0.08640301190307209,,3.9,3.9,1.0,8.470435268232986,33.034697546108646,3.5466388619496803,0.0,2.4764881010986692,0,0,336.8623190326616,5,0,all_cycles_optimal,6,6,5,0.0,5
miku-rolling-v1,delayed_crossing,85,B0,B0-TimeBlind,0,0,0,0.13721590648154663,0.33376910007585486,,14.0,0.8132926965766328,2.9820732207811687,26.838658987030517,4.000000000000001,0.0,1.9966082009381034,0,1,408.4391149226576,18,1,,,,,,18
miku-rolling-v1,delayed_crossing,85,MIKU,MIKU,0,0,1,0.40433851214635164,0.712241768629816,,14.0,0.5762628593389453,2.112963817576679,19.01667435819011,4.000000000000001,0.0,7.459591835301211,0,1,361.3007660023868,18,0,contains_nonoptimal_cycle,18,18,18,inf,18
miku-rolling-v1,delayed_crossing,86,B0,B0-TimeBlind,0,1,1,0.15358829756302586,0.5008695466831854,9.0,14.0,1.0,3.7095661291888593,33.38609516269973,4.000000000000017,0.0,2.576562249626714,0,0,166.77682593581267,18,1,,,,,,18
miku-rolling-v1,delayed_crossing,86,MIKU,MIKU,1,1,0,0.20270512080382735,0.5475880140841041,9.0,9.0,1.0,3.7107656374224964,33.39689073680247,4.000000000000017,0.0,2.574667746677953,0,0,154.16246000677347,18,0,all_cycles_optimal,18,18,18,0.0,18
miku-rolling-v1,delayed_crossing,87,B0,B0-TimeBlind,1,1,0,0.15147924791155315,0.48426374618066004,8.9,8.9,1.0,3.7092538040868104,33.012358856372614,4.000000635744504,0.0,2.510216418536921,0,0,194.09298902610317,18,1,,,,,,18
miku-rolling-v1,delayed_crossing,87,MIKU,MIKU,0,0,1,0.20111181701520037,0.535325859414152,,14.0,0.597353351915994,2.190295627570569,19.712660648135124,4.0,0.0,7.241437857685038,0,1,191.09375894186087,18,0,contains_nonoptimal_cycle,18,18,18,inf,18
miku-rolling-v1,delayed_crossing,88,B0,B0-TimeBlind,0,0,1,0.20003749549503924,0.44349276228292284,,14.0,0.7101181817322427,2.6037670963068162,23.433903866761344,4.000000000000277,0.0,2.6656629749774177,0,1,1190.6859200098552,18,1,,,,,,18
miku-rolling-v1,delayed_crossing,88,MIKU,MIKU,0,1,1,0.18067129035840743,0.47553834545562795,9.0,14.0,1.0,3.7146541642411086,33.431887478169976,4.000000000000014,0.0,3.2105231103947687,0,0,854.0107490553055,18,0,all_cycles_optimal,18,18,18,0.0,18
miku-rolling-v1,delayed_crossing,89,B0,B0-TimeBlind,0,1,1,0.05644732074445358,0.0466996013400816,9.0,14.0,1.0,3.704610781683434,33.34149703515091,4.000000000000107,0.0,2.501308709556728,0,0,305.89960695942864,18,1,,,,,,18
miku-rolling-v1,delayed_crossing,89,MIKU,MIKU,0,0,0,1.516167532013777,1.5885845660574935,,14.0,0.5489224777106176,2.0127157532679827,18.114441779411845,4.0,0.0,7.52679250002691,0,1,377.7831479674205,18,0,contains_nonoptimal_cycle,18,18,18,inf,18
miku-rolling-v1,delayed_crossing,90,B0,B0-TimeBlind,0,0,0,0.12446219624487463,0.457595929173337,,14.0,0.49494649017639536,1.8148037973134896,16.333234175821406,3.7859292989951716,0.0,1.6377915181903662,0,1,270.9773219539784,18,1,,,,,,18
miku-rolling-v1,delayed_crossing,90,MIKU,MIKU,1,1,0,0.12596650332932668,,6.9,6.9,1.0,4.79815467172682,33.107267234915064,1.2939703097002326,0.0,0.42235593887925765,0,0,54.648768942570314,10,0,all_cycles_optimal,11,11,10,0.0,10
miku-rolling-v1,delayed_crossing,91,B0,B0-TimeBlind,0,1,1,0.13900032602064927,0.41274156837796167,8.9,14.0,1.0,3.7339650757837526,33.2322891744754,3.5935053113393485,0.0,2.1560899951660417,0,0,121.73803101177327,18,1,,,,,,18
miku-rolling-v1,delayed_crossing,91,MIKU,MIKU,1,1,0,0.16747554185989938,0.4636228836856916,8.9,8.9,1.0,3.7361366150244297,33.25161587371743,3.566801868600485,0.0,2.1133377012148507,0,0,84.35462997294962,18,0,all_cycles_optimal,18,18,18,0.0,18
miku-rolling-v1,delayed_crossing,92,B0,B0-TimeBlind,0,0,1,0.18631434493223198,0.3802400005608987,,14.0,0.4464702109266522,1.6370613407478491,14.733552066730642,4.000000000031504,0.0,5.353693870020546,0,1,1120.9133320080582,18,1,,,,,,18
miku-rolling-v1,delayed_crossing,92,MIKU,MIKU,0,0,1,0.24070050455332792,0.40903899598200283,,14.0,0.4448750471382834,1.6312085062341704,14.680876556107533,4.0000000000519975,0.0,5.361945964994498,0,1,1938.9698719896842,18,0,contains_nonoptimal_cycle,18,18,18,inf,18
miku-rolling-v1,delayed_crossing,93,B0,B0-TimeBlind,0,0,0,0.1016195393504297,0.2931461701126733,,14.0,0.5417019749120024,1.9862405746774892,17.8761651720974,3.9999999999999996,0.0,1.7633811444558491,0,1,241.4169969561044,18,1,,,,,,18
miku-rolling-v1,delayed_crossing,93,MIKU,MIKU,1,1,0,0.08950124453114139,,6.5,6.5,1.0,5.077283745558025,33.00234434612716,1.4305702117937857,0.0,0.48004737754108845,0,0,49.95023101218976,9,0,all_cycles_optimal,10,10,9,0.0,9
miku-rolling-v1,delayed_crossing,94,B0,B0-TimeBlind,0,0,0,0.12383896746420733,0.2887325297025816,,14.0,0.789356874683017,2.8943085405043956,26.04877686453956,4.000000000001255,0.0,2.0754339023913153,0,1,771.1984790512361,18,1,,,,,,18
miku-rolling-v1,delayed_crossing,94,MIKU,MIKU,0,0,0,0.360775078291567,0.7624898551789875,,14.0,0.8150821768285909,2.988634652528432,26.897711872755888,4.000000000000271,0.0,2.4200889453923473,0,1,971.2060268793721,18,0,all_cycles_optimal,18,18,18,0.0,18
miku-rolling-v1,delayed_crossing,95,B0,B0-TimeBlind,0,1,1,0.08815621735266203,0.18096936385625356,8.9,14.0,1.0,3.725927515734145,33.16075489003389,3.733603055879217,0.0,2.192207063592466,0,0,81.62036899011582,18,1,,,,,,18
miku-rolling-v1,delayed_crossing,95,MIKU,MIKU,0,0,1,0.17853506753219334,0.3528361577541621,,14.0,0.6137843440360482,2.2505425947988433,20.25488335318959,4.0,0.0,6.885996621534755,0,1,126.43852501059882,18,0,contains_nonoptimal_cycle,18,18,18,inf,18
miku-rolling-v1,delayed_crossing,96,B0,B0-TimeBlind,0,0,1,0.19235959451946427,0.28858443744401147,,14.0,0.6058814144487403,2.2215651903079663,19.994086712771697,4.0,0.0,7.799344036514866,0,1,431.92633107537404,18,1,,,,,,18
miku-rolling-v1,delayed_crossing,96,MIKU,MIKU,1,1,0,0.10003611442413742,0.2358208319720977,9.0,9.0,1.0,3.7137319576185113,33.4235876185666,4.000000000000014,0.0,2.419392746153536,0,0,238.47837597713806,18,0,all_cycles_optimal,18,18,18,0.0,18
miku-rolling-v1,delayed_crossing,97,B0,B0-TimeBlind,0,1,1,0.12360338069319107,0.4668943650392753,9.0,14.0,1.0,3.7140461052136664,33.426414946922996,4.000000000000014,0.0,2.524394966826318,0,0,145.6015629810281,18,1,,,,,,18
miku-rolling-v1,delayed_crossing,97,MIKU,MIKU,0,0,1,0.16068087740858997,0.5414710690063022,,14.0,0.5374775479355927,1.9707510131322812,17.73675911819053,4.0,0.0,7.809045337703521,0,1,174.43642902071588,18,0,contains_nonoptimal_cycle,18,18,18,inf,18
miku-rolling-v1,delayed_crossing,98,B0,B0-TimeBlind,0,0,1,0.14018542000711842,0.35211492797815497,,14.0,0.5950669727164065,2.1819179058296148,19.637261152466532,4.000000000007212,0.0,5.228456084302314,0,1,1825.2126199949998,18,1,,,,,,18
miku-rolling-v1,delayed_crossing,98,MIKU,MIKU,0,0,1,0.26157257936635725,0.380861954341296,,14.0,0.47673590094531887,1.7480316368020197,15.732284731218177,4.000000000158473,0.0,5.3128665673926845,0,1,1978.1052320613526,18,0,contains_nonoptimal_cycle,18,18,18,inf,18
miku-rolling-v1,delayed_crossing,99,B0,B0-TimeBlind,0,1,1,0.13404498736416035,0.487002652804981,8.9,14.0,1.0,3.7142727664223187,33.05702762115864,4.000000000000005,0.0,2.8092480870992413,0,0,315.15868901624344,18,1,,,,,,18
miku-rolling-v1,delayed_crossing,99,MIKU,MIKU,0,0,1,0.2109348651879925,0.5307373065930101,,14.0,0.584118788747963,2.1417688920819,19.275920028737097,4.000000000000006,0.0,6.9566161461834595,0,1,536.641607992351,18,0,contains_nonoptimal_cycle,18,18,18,inf,18
