schema_version,case_kind,seed,method,method_label,success,reached,collision,min_clearance_m,min_ttc_s,arrival_time_s,penalized_travel_time_s,progress_ratio,average_speed_mps,path_length_m,max_longitudinal_acceleration_mps2,max_lateral_acceleration_mps2,jerk_rms_mps3,time_window_violations,degraded_stop,runtime_ms,iterations,iterative_converged
miku-random-v2,crossing_pedestrian,0,B0,B0-TimeBlind,1,1,0,0.15991469531813826,0.16315701263592225,9.0,9.0,1.0,3.444444555555555,31.000000999999997,2.4467585583766933,0.0,1.0707958721963997,0,0,6.1370790062937886,1,1
miku-random-v2,crossing_pedestrian,0,B1,B1-TimeAwareGreedy,1,1,0,0.15991469531813826,0.16315701263592225,9.0,9.0,1.0,3.444444555555555,31.000000999999997,2.4467585583766933,0.0,1.0707958721963997,0,0,5.593445006525144,1,1
miku-random-v2,crossing_pedestrian,0,B2,B2-IterativePVD,1,1,0,0.15991469531813826,0.16315701263592225,9.0,9.0,1.0,3.444444555555555,31.000000999999997,2.4467585583766933,0.0,1.0707958721963997,0,0,17.144023993751034,3,1
miku-random-v2,crossing_pedestrian,0,MIKU,MIKU,1,1,0,0.2611523790789323,0.2852216527101232,9.0,9.0,1.0,3.4444445555555556,31.000001,2.557541079173365,0.0,1.123622354054011,0,0,5.290906992740929,1,0
miku-random-v2,crossing_pedestrian,1,B0,B0-TimeBlind,1,1,0,0.08000099943726946,0.041886041486572316,9.0,9.0,1.0,3.4444445555555556,31.000001,3.0783383446136043,0.0,1.286563541786923,0,0,4.353627999080345,1,1
miku-random-v2,crossing_pedestrian,1,B1,B1-TimeAwareGreedy,1,1,0,0.08000099943726946,0.041886041486572316,9.0,9.0,1.0,3.4444445555555556,31.000001,3.0783383446136043,0.0,1.286563541786923,0,0,4.3635659967549145,1,1
miku-random-v2,crossing_pedestrian,1,B2,B2-IterativePVD,1,1,0,0.08000099943726946,0.041886041486572316,9.0,9.0,1.0,3.4444445555555556,31.000001,3.0783383446136043,0.0,1.286563541786923,0,0,15.51165702403523,3,0
miku-random-v2,crossing_pedestrian,1,MIKU,MIKU,1,1,0,0.1939760780011639,0.1588103680032106,9.0,9.0,1.0,3.4444445555555556,31.000001,3.291707137728491,0.0,1.389793426737253,0,0,5.1841870008502156,1,0
miku-random-v2,crossing_pedestrian,2,B0,B0-TimeBlind,0,1,1,0.007470364328373336,0.027293326587050273,9.0,14.0,1.0,3.444444555555556,31.000001000000005,1.2541248687463629,0.0,0.386659922968914,0,0,5.129556986503303,1,1
miku-random-v2,crossing_pedestrian,2,B1,B1-TimeAwareGreedy,1,1,0,0.43503632337190834,0.38639179728730355,9.0,9.0,1.0,3.445824376387767,31.012419387489906,1.2449853546928091,0.44520242887996603,0.35746490924465196,0,0,3.6494660016614944,1,1
miku-random-v2,crossing_pedestrian,2,B2,B2-IterativePVD,1,1,0,0.43503632337190834,0.38639179728730355,9.0,9.0,1.0,3.445824376387767,31.012419387489906,1.2449853546928091,0.44520242887996603,0.35746490924465196,0,0,11.41867699334398,3,1
miku-random-v2,crossing_pedestrian,2,MIKU,MIKU,1,1,0,0.23813816632197063,0.23760311653215924,9.0,9.0,1.0,3.4444445555555556,31.000001,1.7057565511354171,0.0,0.6593701849717711,0,0,5.038605013396591,1,0
miku-random-v2,crossing_pedestrian,3,B0,B0-TimeBlind,1,1,0,0.14980228649378802,0.44550264748071494,9.0,9.0,1.0,3.44444455480909,31.00000099328181,3.9999999933788177,0.0,1.934764276885585,0,0,16.929562989389524,1,1
miku-random-v2,crossing_pedestrian,3,B1,B1-TimeAwareGreedy,1,1,0,0.14980228649378802,0.44550264748071494,9.0,9.0,1.0,3.44444455480909,31.00000099328181,3.9999999933788177,0.0,1.934764276885585,0,0,16.86649999464862,1,1
miku-random-v2,crossing_pedestrian,3,B2,B2-IterativePVD,1,1,0,0.14980228649378802,0.44550264748071494,9.0,9.0,1.0,3.44444455480909,31.00000099328181,3.9999999933788177,0.0,1.934764276885585,0,0,50.91337699559517,3,1
miku-random-v2,crossing_pedestrian,3,MIKU,MIKU,1,1,0,0.200179270267963,0.4857755997215261,9.0,9.0,1.0,3.4444445587191224,31.000001028472102,4.000000015305119,0.0,1.9496155381522273,0,0,31.771781999850646,1,0
miku-random-v2,crossing_pedestrian,4,B0,B0-TimeBlind,1,1,0,1.3403029921929202,1.0330745579023088,9.0,9.0,1.0,3.4444445555555556,31.000001,0.9486459824344095,0.0,0.27237882657659285,0,0,3.312818007543683,1,1
miku-random-v2,crossing_pedestrian,4,B1,B1-TimeAwareGreedy,1,1,0,1.3403029921929202,1.0330745579023088,9.0,9.0,1.0,3.4444445555555556,31.000001,0.9486459824344095,0.0,0.27237882657659285,0,0,3.2973269990179688,1,1
miku-random-v2,crossing_pedestrian,4,B2,B2-IterativePVD,1,1,0,1.3403029921929202,1.0330745579023088,9.0,9.0,1.0,3.4444445555555556,31.000001,0.9486459824344095,0.0,0.27237882657659285,0,0,10.15296601690352,3,1
miku-random-v2,crossing_pedestrian,4,MIKU,MIKU,1,1,0,1.3403029921929202,1.0330745579023088,9.0,9.0,1.0,3.4444445555555556,31.000001,0.9486459824344095,0.0,0.27237882657659285,0,0,3.5397369938436896,1,0
miku-random-v2,crossing_pedestrian,5,B0,B0-TimeBlind,1,1,0,0.8991313935747104,0.679644058815059,9.0,9.0,1.0,3.444444555555556,31.000001000000005,0.8855412189293024,0.0,0.25425994792937173,0,0,3.295952978078276,1,1
miku-random-v2,crossing_pedestrian,5,B1,B1-TimeAwareGreedy,1,1,0,0.8991313935747104,0.679644058815059,9.0,9.0,1.0,3.444444555555556,31.000001000000005,0.8855412189293024,0.0,0.25425994792937173,0,0,3.321265976410359,1,1
miku-random-v2,crossing_pedestrian,5,B2,B2-IterativePVD,1,1,0,0.8991313935747104,0.679644058815059,9.0,9.0,1.0,3.444444555555556,31.000001000000005,0.8855412189293024,0.0,0.25425994792937173,0,0,10.081018001073971,3,1
miku-random-v2,crossing_pedestrian,5,MIKU,MIKU,1,1,0,0.8991313935747104,0.679644058815059,9.0,9.0,1.0,3.444444555555556,31.000001000000005,0.8855412189293024,0.0,0.25425994792937173,0,0,3.568826010450721,1,0
miku-random-v2,crossing_pedestrian,6,B0,B0-TimeBlind,1,1,0,0.11238097534171508,0.28788809131944854,9.0,9.0,1.0,3.4444445555555556,31.000001,2.948084319912057,0.0,1.2170957460567216,0,0,5.997282016323879,1,1
miku-random-v2,crossing_pedestrian,6,B1,B1-TimeAwareGreedy,1,1,0,0.11238097534171508,0.28788809131944854,9.0,9.0,1.0,3.4444445555555556,31.000001,2.948084319912057,0.0,1.2170957460567216,0,0,5.994930019369349,1,1
miku-random-v2,crossing_pedestrian,6,B2,B2-IterativePVD,1,1,0,0.11238097534171508,0.28788809131944854,9.0,9.0,1.0,3.4444445555555556,31.000001,2.948084319912057,0.0,1.2170957460567216,0,0,18.249368004035205,3,1
miku-random-v2,crossing_pedestrian,6,MIKU,MIKU,1,1,0,0.20011580914359506,0.5593597385985732,9.0,9.0,1.0,3.4444445555555556,31.000001,2.9598071750652712,0.0,1.2236255545918255,0,0,6.555583997396752,1,0
miku-random-v2,crossing_pedestrian,7,B0,B0-TimeBlind,1,1,0,0.1500000000000008,0.4719589416098786,9.0,9.0,1.0,3.444444555555556,31.000001000000005,3.768288036431365,0.0,1.6591185339723948,0,0,11.294716998236254,1,1
miku-random-v2,crossing_pedestrian,7,B1,B1-TimeAwareGreedy,1,1,0,0.1500000000000008,0.4719589416098786,9.0,9.0,1.0,3.444444555555556,31.000001000000005,3.768288036431365,0.0,1.6591185339723948,0,0,11.280879989499226,1,1
miku-random-v2,crossing_pedestrian,7,B2,B2-IterativePVD,1,1,0,0.1500000000000008,0.4719589416098786,9.0,9.0,1.0,3.444444555555556,31.000001000000005,3.768288036431365,0.0,1.6591185339723948,0,0,33.98867099895142,3,1
miku-random-v2,crossing_pedestrian,7,MIKU,MIKU,1,1,0,0.2014323316908695,0.5166717602868811,9.0,9.0,1.0,3.4444445555555556,31.000001,3.7848354704910703,0.0,1.6691548794286921,0,0,30.773017002502456,1,0
miku-random-v2,crossing_pedestrian,8,B0,B0-TimeBlind,1,1,0,0.11702027022243144,0.03309039423095098,9.0,9.0,1.0,3.444444555555555,31.000000999999997,2.0888401344001344,0.0,0.7844120685614632,0,0,4.859048000071198,1,1
miku-random-v2,crossing_pedestrian,8,B1,B1-TimeAwareGreedy,0,0,0,2.23257296412564,1.2085039934182606,,14.0,0.46774196779545596,1.6111192694481435,14.500073425033293,3.560277443473275,0.0,1.4335789991421097,0,1,11.612564005190507,1,1
miku-random-v2,crossing_pedestrian,8,B2,B2-IterativePVD,1,1,0,0.11702027022243144,0.03309039423095098,9.0,9.0,1.0,3.444444555555555,31.000000999999997,2.0888401344001344,0.0,0.7844120685614632,0,0,22.558338998351246,3,0
miku-random-v2,crossing_pedestrian,8,MIKU,MIKU,1,1,0,0.23171910504516113,0.14623786188090473,9.0,9.0,1.0,3.4444445555555556,31.000001,2.3114359699570177,0.0,0.8976227358692571,0,0,5.48877299297601,1,0
miku-random-v2,crossing_pedestrian,9,B0,B0-TimeBlind,1,1,0,0.14396592110499062,0.12856624609333053,9.0,9.0,1.0,3.4444445555555556,31.000001,1.7552515870746468,0.0,0.6252588519597897,0,0,4.869816009886563,1,1
miku-random-v2,crossing_pedestrian,9,B1,B1-TimeAwareGreedy,1,1,0,0.5720848027799521,0.4311010098354349,9.0,9.0,1.0,3.446286683078287,31.016580147704584,1.4932086506901314,0.5636129697252983,0.42935402108250653,0,0,4.242619004799053,1,1
miku-random-v2,crossing_pedestrian,9,B2,B2-IterativePVD,1,1,0,0.5720848027799521,0.4311010098354349,9.0,9.0,1.0,3.446286683078287,31.016580147704584,1.4932086506901314,0.5636129697252983,0.42935402108250653,0,0,13.211559009505436,3,1
miku-random-v2,crossing_pedestrian,9,MIKU,MIKU,1,1,0,0.24642683790449432,0.23668301274967032,9.0,9.0,1.0,3.4444445555555556,31.000001,1.9764290144876089,0.0,0.7405407851692657,0,0,5.760824016761035,1,0
miku-random-v2,crossing_pedestrian,10,B0,B0-TimeBlind,1,1,0,0.0712841274872682,0.04182466106587101,9.0,9.0,1.0,3.4444445555555556,31.000001,2.5988327406570093,0.0,1.0632883161423072,0,0,4.5333909802138805,1,1
miku-random-v2,crossing_pedestrian,10,B1,B1-TimeAwareGreedy,1,1,0,0.0712841274872682,0.04182466106587101,9.0,9.0,1.0,3.4444445555555556,31.000001,2.5988327406570093,0.0,1.0632883161423072,0,0,4.493257001740858,1,1
miku-random-v2,crossing_pedestrian,10,B2,B2-IterativePVD,1,1,0,0.0712841274872682,0.04182466106587101,9.0,9.0,1.0,3.4444445555555556,31.000001,2.5988327406570093,0.0,1.0632883161423072,0,0,15.760879992740229,3,0
miku-random-v2,crossing_pedestrian,10,MIKU,MIKU,1,1,0,0.18262223086547902,0.158824403910825,9.0,9.0,1.0,3.4444445555555556,31.000001,2.793265357215921,0.0,1.158456240361972,0,0,5.305758997565135,1,0
miku-random-v2,crossing_pedestrian,11,B0,B0-TimeBlind,0,1,1,0.032625408428620606,0.06431612693869741,9.0,14.0,1.0,3.4444445555555556,31.000001,1.9387240379921546,0.0,0.8323890156195777,0,0,4.594272992108017,1,1
miku-random-v2,crossing_pedestrian,11,B1,B1-TimeAwareGreedy,0,1,1,0.032625408428620606,0.06431612693869741,9.0,14.0,1.0,3.4444445555555556,31.000001,1.9387240379921546,0.0,0.8323890156195777,0,0,4.571192985167727,1,1
miku-random-v2,crossing_pedestrian,11,B2,B2-IterativePVD,0,1,1,0.032625408428620606,0.06431612693869741,9.0,14.0,1.0,3.4444445555555556,31.000001,1.9387240379921546,0.0,0.8323890156195777,0,0,15.326160006225109,3,0
miku-random-v2,crossing_pedestrian,11,MIKU,MIKU,1,1,0,0.23785578669667018,0.29340695899322333,9.0,9.0,1.0,3.4444445555555556,31.000001,2.1080012154529335,0.0,0.9143426552263505,0,0,4.884327994659543,1,0
miku-random-v2,crossing_pedestrian,12,B0,B0-TimeBlind,0,1,1,0.014675549069254279,0.03659225926746101,9.0,14.0,1.0,3.444444555555555,31.000000999999997,2.9893666364365785,0.0,1.294086070554517,0,0,5.343530006939545,1,1
miku-random-v2,crossing_pedestrian,12,B1,B1-TimeAwareGreedy,0,0,0,1.7376029755557925,0.9611075369742903,,14.0,0.38709680638871424,1.333336633638189,12.000029702743701,4.000000019422385,0.0,2.18604018262274,0,1,19.96863298700191,1,1
miku-random-v2,crossing_pedestrian,12,B2,B2-IterativePVD,0,1,1,0.014675549069254279,0.03659225926746101,9.0,14.0,1.0,3.444444555555555,31.000000999999997,2.9893666364365785,0.0,1.294086070554517,0,0,31.346231000497937,3,0
miku-random-v2,crossing_pedestrian,12,MIKU,MIKU,1,1,0,0.2470271115682749,0.24616463596842375,9.0,9.0,1.0,3.444444555555555,31.000000999999997,3.5214748760502403,0.0,1.5534254461655361,0,0,6.9846370024606586,1,0
miku-random-v2,crossing_pedestrian,13,B0,B0-TimeBlind,1,1,0,0.14999999999991553,0.4244460602256279,9.0,9.0,1.0,3.4444445555555605,31.000001000000044,4.0,0.0,2.136048384451028,0,0,51.83628399390727,1,1
miku-random-v2,crossing_pedestrian,13,B1,B1-TimeAwareGreedy,1,1,0,0.14999999999991553,0.4244460602256279,9.0,9.0,1.0,3.4444445555555605,31.000001000000044,4.0,0.0,2.136048384451028,0,0,51.85468899435364,1,1
miku-random-v2,crossing_pedestrian,13,B2,B2-IterativePVD,1,1,0,0.14999999999991553,0.4244460602256279,9.0,9.0,1.0,3.4444445555555605,31.000001000000044,4.0,0.0,2.136048384451028,0,0,157.2817690030206,3,1
miku-random-v2,crossing_pedestrian,13,MIKU,MIKU,1,1,0,0.19999999999987716,0.4650369490905753,9.0,9.0,1.0,3.444444555555579,31.00000100000021,4.0,0.0,2.1556039122170927,0,0,23.57619401300326,1,0
miku-random-v2,crossing_pedestrian,14,B0,B0-TimeBlind,1,1,0,0.09514325468350648,0.03370119058572675,9.0,9.0,1.0,3.4444445555555556,31.000001,2.009512811803616,0.0,0.775641636770877,0,0,5.327940016286448,1,1
miku-random-v2,crossing_pedestrian,14,B1,B1-TimeAwareGreedy,1,1,0,0.468342165572446,0.3552394982913185,9.0,9.0,1.0,3.446392556198921,31.017533005790288,1.4723825953587215,0.6037764522484952,0.4227560660367258,0,0,3.617971990024671,1,1
miku-random-v2,crossing_pedestrian,14,B2,B2-IterativePVD,1,1,0,0.468342165572446,0.3552394982913185,9.0,9.0,1.0,3.446392556198921,31.017533005790288,1.4723825953587215,0.6037764522484952,0.4227560660367258,0,0,11.390049010515213,3,1
miku-random-v2,crossing_pedestrian,14,MIKU,MIKU,1,1,0,0.19861828941756032,0.14743336543212543,9.0,9.0,1.0,3.4444445555555556,31.000001,2.2521828379515227,0.0,0.8985207928689486,0,0,4.769066988956183,1,0
miku-random-v2,crossing_pedestrian,15,B0,B0-TimeBlind,0,1,1,0.05203495651605028,0.03986232540598743,9.0,14.0,1.0,3.444444555555555,31.000000999999997,2.4665669910470136,0.0,0.9753923833148369,0,0,4.804113006684929,1,1
miku-random-v2,crossing_pedestrian,15,B1,B1-TimeAwareGreedy,0,0,0,1.8695557433676022,1.1388354574820905,,14.0,0.46774196774873633,1.6111155806713597,14.500040226042238,3.610673981596606,0.0,1.4592389095705693,0,1,26.784678018884733,1,1
miku-random-v2,crossing_pedestrian,15,B2,B2-IterativePVD,0,1,1,0.05203495651605028,0.03986232540598743,9.0,14.0,1.0,3.444444555555555,31.000000999999997,2.4665669910470136,0.0,0.9753923833148369,0,0,37.56413099472411,3,0
miku-random-v2,crossing_pedestrian,15,MIKU,MIKU,1,1,0,0.15429178738448668,0.15574940828411468,9.0,9.0,1.0,3.4444445555555556,31.000001,2.6514301897911063,0.0,1.0663070307303302,0,0,5.217240017373115,1,0
miku-random-v2,crossing_pedestrian,16,B0,B0-TimeBlind,1,1,0,0.09710647212237461,0.17017156415103402,9.0,9.0,1.0,3.444444555555555,31.000000999999997,3.017658989205705,0.0,1.3183024350743693,0,0,5.886644998099655,1,1
miku-random-v2,crossing_pedestrian,16,B1,B1-TimeAwareGreedy,1,1,0,0.09710647212237461,0.17017156415103402,9.0,9.0,1.0,3.444444555555555,31.000000999999997,3.017658989205705,0.0,1.3183024350743693,0,0,5.946915014646947,1,1
miku-random-v2,crossing_pedestrian,16,B2,B2-IterativePVD,1,1,0,0.09710647212237461,0.17017156415103402,9.0,9.0,1.0,3.444444555555555,31.000000999999997,3.017658989205705,0.0,1.3183024350743693,0,0,17.960514000151306,3,1
miku-random-v2,crossing_pedestrian,16,MIKU,MIKU,1,1,0,0.21102025483324777,0.3596244542961899,9.0,9.0,1.0,3.444444555555555,31.000000999999997,3.0562381787313617,0.0,1.334831449481544,0,0,6.542061018990353,1,0
miku-random-v2,crossing_pedestrian,17,B0,B0-TimeBlind,1,1,0,0.05126089390096533,0.08357901553158281,9.0,9.0,1.0,3.4444445555555556,31.000001,2.7504395626728804,0.0,1.0897335231434995,0,0,4.705129016656429,1,1
miku-random-v2,crossing_pedestrian,17,B1,B1-TimeAwareGreedy,1,1,0,0.05126089390096533,0.08357901553158281,9.0,9.0,1.0,3.4444445555555556,31.000001,2.7504395626728804,0.0,1.0897335231434995,0,0,4.659299011109397,1,1
miku-random-v2,crossing_pedestrian,17,B2,B2-IterativePVD,1,1,0,0.05126089390096533,0.08357901553158281,9.0,9.0,1.0,3.4444445555555556,31.000001,2.7504395626728804,0.0,1.0897335231434995,0,0,14.443380990996957,3,1
miku-random-v2,crossing_pedestrian,17,MIKU,MIKU,1,1,0,0.14000714569307368,0.2182518848985783,9.0,9.0,1.0,3.4444445555555556,31.000001,2.807238364182927,0.0,1.1164484395346113,0,0,4.778547998284921,1,0
miku-random-v2,crossing_pedestrian,18,B0,B0-TimeBlind,1,1,0,0.10231574919357711,0.03398910065499045,9.0,9.0,1.0,3.4444445555555556,31.000001,1.2040691895897018,0.0,0.39217164724989517,0,0,4.515216016443446,1,1
miku-random-v2,crossing_pedestrian,18,B1,B1-TimeAwareGreedy,1,1,0,0.5417995904270652,0.5023572979422579,9.0,9.0,1.0,3.4460259341478956,31.01423340733106,1.1172221875672195,0.3473970129309124,0.32078106491733827,0,0,3.754912002477795,1,1
miku-random-v2,crossing_pedestrian,18,B2,B2-IterativePVD,1,1,0,0.5417995904270652,0.5023572979422579,9.0,9.0,1.0,3.4460259341478956,31.01423340733106,1.1172221875672195,0.3473970129309124,0.32078106491733827,0,0,11.371720989700407,3,1
miku-random-v2,crossing_pedestrian,18,MIKU,MIKU,1,1,0,0.2101717001768877,0.14750422668241375,9.0,9.0,1.0,3.4444445555555556,31.000001,1.348155303478033,0.0,0.4720414805131925,0,0,4.914052988169715,1,0
miku-random-v2,crossing_pedestrian,19,B0,B0-TimeBlind,1,1,0,0.15450391488768747,0.21344479884937784,9.0,9.0,1.0,3.444444555555555,31.000000999999997,4.0,0.0,1.869157098783715,0,0,7.012112007942051,1,1
miku-random-v2,crossing_pedestrian,19,B1,B1-TimeAwareGreedy,1,1,0,0.15450391488768747,0.21344479884937784,9.0,9.0,1.0,3.444444555555555,31.000000999999997,4.0,0.0,1.869157098783715,0,0,7.025941973552108,1,1
miku-random-v2,crossing_pedestrian,19,B2,B2-IterativePVD,1,1,0,0.15450391488768747,0.21344479884937784,9.0,9.0,1.0,3.444444555555555,31.000000999999997,4.0,0.0,1.869157098783715,0,0,21.302148001268506,3,1
miku-random-v2,crossing_pedestrian,19,MIKU,MIKU,1,1,0,0.257470065600944,0.34789013145755404,9.0,9.0,1.0,3.444444555555555,31.000000999999997,4.0,0.0,1.9033249415642135,0,0,7.530714996391907,1,0
miku-random-v2,crossing_pedestrian,20,B0,B0-TimeBlind,1,1,0,0.13529758376703074,0.5328517382337332,9.0,9.0,1.0,3.4444444444444446,31.0,3.392705992542097,0.0,1.4825368184470704,0,0,13.066817016806453,1,1
miku-random-v2,crossing_pedestrian,20,B1,B1-TimeAwareGreedy,1,1,0,0.13529758376703074,0.5328517382337332,9.0,9.0,1.0,3.4444444444444446,31.0,3.392705992542097,0.0,1.4825368184470704,0,0,12.907963013276458,1,1
miku-random-v2,crossing_pedestrian,20,B2,B2-IterativePVD,1,1,0,0.13529758376703074,0.5328517382337332,9.0,9.0,1.0,3.4444444444444446,31.0,3.392705992542097,0.0,1.4825368184470704,0,0,38.43909202259965,3,1
miku-random-v2,crossing_pedestrian,20,MIKU,MIKU,1,1,0,0.2059738526407503,0.5924415042442186,9.0,9.0,1.0,3.4444444444444446,31.0,3.413817520475481,0.0,1.49372176902721,0,0,7.484489004127681,1,0
miku-random-v2,crossing_pedestrian,21,B0,B0-TimeBlind,1,1,0,0.11158954671504051,0.03792080431360107,9.0,9.0,1.0,3.4444445555555556,31.000001,1.4095502581888237,0.0,0.5835725572895399,0,0,5.10908299474977,1,1
miku-random-v2,crossing_pedestrian,21,B1,B1-TimeAwareGreedy,1,1,0,0.36660554131852685,0.3056575575200836,9.0,9.0,1.0,3.4468498208239953,31.021648387415958,0.8962418268433466,0.516930065085022,0.257332346992088,0,0,3.718969994224608,1,1
miku-random-v2,crossing_pedestrian,21,B2,B2-IterativePVD,1,1,0,0.36660554131852685,0.3056575575200836,9.0,9.0,1.0,3.4468498208239953,31.021648387415958,0.8962418268433466,0.516930065085022,0.257332346992088,0,0,11.483181995572522,3,1
miku-random-v2,crossing_pedestrian,21,MIKU,MIKU,1,1,0,0.22902451164901166,0.15476869209627772,9.0,9.0,1.0,3.4444445555555556,31.000001,1.6777064848850833,0.0,0.7213127047749159,0,0,5.242676998022944,1,0
miku-random-v2,crossing_pedestrian,22,B0,B0-TimeBlind,0,1,1,0.05638992382090735,0.04532760072739536,9.0,14.0,1.0,3.4444445555555556,31.000001,1.8673914946960064,0.0,0.7385485560918709,0,0,5.079651018604636,1,1
miku-random-v2,crossing_pedestrian,22,B1,B1-TimeAwareGreedy,0,1,1,0.05638992382090735,0.04532760072739536,9.0,14.0,1.0,3.4444445555555556,31.000001,1.8673914946960064,0.0,0.7385485560918709,0,0,5.11517800623551,1,1
miku-random-v2,crossing_pedestrian,22,B2,B2-IterativePVD,0,1,1,0.05638992382090735,0.04532760072739536,9.0,14.0,1.0,3.4444445555555556,31.000001,1.8673914946960064,0.0,0.7385485560918709,0,0,16.966883005807176,3,0
miku-random-v2,crossing_pedestrian,22,MIKU,MIKU,1,1,0,0.16640147523238524,0.1638391562097156,9.0,9.0,1.0,3.4444445555555556,31.000001,2.0104980990155514,0.0,0.8093350755214038,0,0,5.43125398689881,1,0
miku-random-v2,crossing_pedestrian,23,B0,B0-TimeBlind,1,1,0,0.14577170197733424,0.4109418082009599,9.0,9.0,1.0,3.4444445555555556,31.000001,3.999210533144724,0.0,1.798718642685024,0,0,8.233236003434286,1,1
miku-random-v2,crossing_pedestrian,23,B1,B1-TimeAwareGreedy,1,1,0,0.14577170197733424,0.4109418082009599,9.0,9.0,1.0,3.4444445555555556,31.000001,3.999210533144724,0.0,1.798718642685024,0,0,8.283071016194299,1,1
miku-random-v2,crossing_pedestrian,23,B2,B2-IterativePVD,1,1,0,0.14577170197733424,0.4109418082009599,9.0,9.0,1.0,3.4444445555555556,31.000001,3.999210533144724,0.0,1.798718642685024,0,0,25.467507977737114,3,1
miku-random-v2,crossing_pedestrian,23,MIKU,MIKU,1,1,0,0.21336349951265274,0.4893302752742838,9.0,9.0,1.0,3.4444445555555556,31.000001,4.0,0.0,1.8163538427557042,0,0,9.813509008381516,1,0
miku-random-v2,crossing_pedestrian,24,B0,B0-TimeBlind,1,1,0,0.07279540020571429,0.050949337594788195,9.0,9.0,1.0,3.4444445555555556,31.000001,2.109829629456141,0.0,0.8771850262470618,0,0,4.9860319995786995,1,1
miku-random-v2,crossing_pedestrian,24,B1,B1-TimeAwareGreedy,0,0,0,1.7381014402820447,1.1944368825704526,,14.0,0.3870968064293763,1.3333353597457682,12.000018237711913,3.0024489877196414,0.0,1.2149695251491393,0,1,40.29320599511266,1,1
miku-random-v2,crossing_pedestrian,24,B2,B2-IterativePVD,1,1,0,0.07279540020571429,0.050949337594788195,9.0,9.0,1.0,3.4444445555555556,31.000001,2.109829629456141,0.0,0.8771850262470618,0,0,51.370714005315676,3,0
miku-random-v2,crossing_pedestrian,24,MIKU,MIKU,1,1,0,0.17287229808358906,0.172327864400131,9.0,9.0,1.0,3.4444445555555556,31.000001,2.2503523597710977,0.0,0.9464435638988636,0,0,5.325395002728328,1,0
miku-random-v2,crossing_pedestrian,25,B0,B0-TimeBlind,1,1,0,0.11218938920442767,0.1839093860950831,9.0,9.0,1.0,3.4444445555555556,31.000001,2.3876431976718697,0.0,0.954475276855364,0,0,4.685527004767209,1,1
miku-random-v2,crossing_pedestrian,25,B1,B1-TimeAwareGreedy,1,1,0,0.11218938920442767,0.1839093860950831,9.0,9.0,1.0,3.4444445555555556,31.000001,2.3876431976718697,0.0,0.954475276855364,0,0,4.647494002711028,1,1
miku-random-v2,crossing_pedestrian,25,B2,B2-IterativePVD,1,1,0,0.11218938920442767,0.1839093860950831,9.0,9.0,1.0,3.4444445555555556,31.000001,2.3876431976718697,0.0,0.954475276855364,0,0,14.017258974490687,3,1
miku-random-v2,crossing_pedestrian,25,MIKU,MIKU,1,1,0,0.11771145358857471,0.2138766120618574,9.0,9.0,1.0,3.4444445555555556,31.000001,2.399274859467223,0.0,0.9605699276323291,0,0,6.76256199949421,1,0
miku-random-v2,crossing_pedestrian,26,B0,B0-TimeBlind,1,1,0,0.1066192746211625,0.1623241899680698,9.0,9.0,1.0,3.4444445555555556,31.000001,2.2658181499225565,0.0,0.8809523691578289,0,0,4.766860016388819,1,1
miku-random-v2,crossing_pedestrian,26,B1,B1-TimeAwareGreedy,1,1,0,0.1066192746211625,0.1623241899680698,9.0,9.0,1.0,3.4444445555555556,31.000001,2.2658181499225565,0.0,0.8809523691578289,0,0,4.754858993692324,1,1
miku-random-v2,crossing_pedestrian,26,B2,B2-IterativePVD,1,1,0,0.1066192746211625,0.1623241899680698,9.0,9.0,1.0,3.4444445555555556,31.000001,2.2658181499225565,0.0,0.8809523691578289,0,0,15.408964012749493,3,0
miku-random-v2,crossing_pedestrian,26,MIKU,MIKU,1,1,0,0.1066192746211625,0.18460840804690454,9.0,9.0,1.0,3.444444555555555,31.000000999999997,2.2784878865632225,0.0,0.8875869326707714,0,0,5.052380991401151,1,0
miku-random-v2,crossing_pedestrian,27,B0,B0-TimeBlind,1,1,0,0.06644246679500976,0.15035991741030474,9.0,9.0,1.0,3.4444445555555556,31.000001,2.4634955860543086,0.0,1.0176750937664025,0,0,5.1119250128977,1,1
miku-random-v2,crossing_pedestrian,27,B1,B1-TimeAwareGreedy,1,1,0,0.06644246679500976,0.15035991741030474,9.0,9.0,1.0,3.4444445555555556,31.000001,2.4634955860543086,0.0,1.0176750937664025,0,0,5.168047006009147,1,1
miku-random-v2,crossing_pedestrian,27,B2,B2-IterativePVD,1,1,0,0.06644246679500976,0.15035991741030474,9.0,9.0,1.0,3.4444445555555556,31.000001,2.4634955860543086,0.0,1.0176750937664025,0,0,15.569440991384909,3,0
miku-random-v2,crossing_pedestrian,27,MIKU,MIKU,1,1,0,0.15436830322188383,0.321230528049892,9.0,9.0,1.0,3.4444445555555556,31.000001,2.4852151370377964,0.0,1.029338255185449,0,0,5.200401006732136,1,0
miku-random-v2,crossing_pedestrian,28,B0,B0-TimeBlind,1,1,0,0.10069751300202734,0.03388964027951028,9.0,9.0,1.0,3.4444445555555556,31.000001,2.6899760198080944,0.0,1.1132465560159788,0,0,5.041630007326603,1,1
miku-random-v2,crossing_pedestrian,28,B1,B1-TimeAwareGreedy,0,0,0,1.9096318170747055,1.0276049887948047,,14.0,0.4193548708831372,1.4444464821156613,13.00001833904095,4.000000017894254,0.0,1.9154881175677207,0,1,23.581043991725892,1,1
miku-random-v2,crossing_pedestrian,28,B2,B2-IterativePVD,1,1,0,0.10069751300202734,0.03388964027951028,9.0,9.0,1.0,3.4444445555555556,31.000001,2.6899760198080944,0.0,1.1132465560159788,0,0,34.60198198445141,3,0
miku-random-v2,crossing_pedestrian,28,MIKU,MIKU,1,1,0,0.22164192433069818,0.14775433292773768,9.0,9.0,1.0,3.4444445555555556,31.000001,2.9880584765963083,0.0,1.2631145523950933,0,0,5.062580981757492,1,0
miku-random-v2,crossing_pedestrian,29,B0,B0-TimeBlind,0,1,1,0.019519895635289997,0.06447076148961546,9.0,14.0,1.0,3.4444445555555556,31.000001,1.9776190761580876,0.0,0.7763165633004906,0,0,5.047226994065568,1,1
miku-random-v2,crossing_pedestrian,29,B1,B1-TimeAwareGreedy,0,1,1,0.019519895635289997,0.06447076148961546,9.0,14.0,1.0,3.4444445555555556,31.000001,1.9776190761580876,0.0,0.7763165633004906,0,0,5.055462010204792,1,1
miku-random-v2,crossing_pedestrian,29,B2,B2-IterativePVD,0,1,1,0.019519895635289997,0.06447076148961546,9.0,14.0,1.0,3.4444445555555556,31.000001,1.9776190761580876,0.0,0.7763165633004906,0,0,16.142213018611073,3,0
miku-random-v2,crossing_pedestrian,29,MIKU,MIKU,1,1,0,0.0965454191954016,0.19051250591279514,9.0,9.0,1.0,3.4444445555555556,31.000001,2.0469130005110125,0.0,0.8105052309133897,0,0,5.52416400751099,1,0
miku-random-v2,crossing_pedestrian,30,B0,B0-TimeBlind,1,1,0,0.14829872309494752,0.13618943447076573,9.0,9.0,1.0,3.4444445555555556,31.000001,2.9003231040241784,0.0,1.1818738708963086,0,0,5.221391998929903,1,1
miku-random-v2,crossing_pedestrian,30,B1,B1-TimeAwareGreedy,1,1,0,0.14829872309494752,0.13618943447076573,9.0,9.0,1.0,3.4444445555555556,31.000001,2.9003231040241784,0.0,1.1818738708963086,0,0,5.173458979697898,1,1
miku-random-v2,crossing_pedestrian,30,B2,B2-IterativePVD,1,1,0,0.14829872309494752,0.13618943447076573,9.0,9.0,1.0,3.4444445555555556,31.000001,2.9003231040241784,0.0,1.1818738708963086,0,0,15.930128982290626,3,0
miku-random-v2,crossing_pedestrian,30,MIKU,MIKU,1,1,0,0.2489829537771469,0.24503185020533047,9.0,9.0,1.0,3.444444555555555,31.000000999999997,3.0991996397258275,0.0,1.2785620005135276,0,0,4.972919006831944,1,0
miku-random-v2,crossing_pedestrian,31,B0,B0-TimeBlind,1,1,0,0.061833944649605656,0.17166545952210727,9.0,9.0,1.0,3.4444445555555556,31.000001,2.464838547389943,0.0,1.0447108835819772,0,0,5.137896980158985,1,1
miku-random-v2,crossing_pedestrian,31,B1,B1-TimeAwareGreedy,1,1,0,0.061833944649605656,0.17166545952210727,9.0,9.0,1.0,3.4444445555555556,31.000001,2.464838547389943,0.0,1.0447108835819772,0,0,5.109960009576753,1,1
miku-random-v2,crossing_pedestrian,31,B2,B2-IterativePVD,1,1,0,0.061833944649605656,0.17166545952210727,9.0,9.0,1.0,3.4444445555555556,31.000001,2.464838547389943,0.0,1.0447108835819772,0,0,15.401087002828717,3,1
miku-random-v2,crossing_pedestrian,31,MIKU,MIKU,1,1,0,0.1405090841046534,0.3571625069643859,9.0,9.0,1.0,3.4444445555555556,31.000001,2.4857488627429385,0.0,1.0553529927791216,0,0,5.792732001282275,1,0
miku-random-v2,crossing_pedestrian,32,B0,B0-TimeBlind,1,1,0,0.1499999999999977,0.45395437081432877,9.0,9.0,1.0,3.4444445555555556,31.000001,3.9601434233656327,0.0,1.8199259443721674,0,0,36.671208014013246,1,1
miku-random-v2,crossing_pedestrian,32,B1,B1-TimeAwareGreedy,1,1,0,0.1499999999999977,0.45395437081432877,9.0,9.0,1.0,3.4444445555555556,31.000001,3.9601434233656327,0.0,1.8199259443721674,0,0,36.51965199969709,1,1
miku-random-v2,crossing_pedestrian,32,B2,B2-IterativePVD,1,1,0,0.1499999999999977,0.45395437081432877,9.0,9.0,1.0,3.4444445555555556,31.000001,3.9601434233656327,0.0,1.8199259443721674,0,0,109.79188000783324,3,1
miku-random-v2,crossing_pedestrian,32,MIKU,MIKU,1,1,0,0.20000418277895715,0.49488511521353096,9.0,9.0,1.0,3.4444445688332017,31.000001119498815,3.9806785927682,0.0,1.8325074938940102,0,0,27.25836998433806,1,0
miku-random-v2,crossing_pedestrian,33,B0,B0-TimeBlind,0,1,1,0.04897009073526015,0.043616508340451256,9.0,14.0,1.0,3.4444445555555556,31.000001,1.727191686617892,0.0,0.6604843916447107,0,0,5.200237996177748,1,1
miku-random-v2,crossing_pedestrian,33,B1,B1-TimeAwareGreedy,0,0,0,2.1646754196166773,1.3895014326746242,,14.0,0.4354839034649555,1.5000033547537854,13.500030192784068,2.7209180537762863,0.0,1.0441854754787445,0,1,36.688626976683736,1,1
miku-random-v2,crossing_pedestrian,33,B2,B2-IterativePVD,0,1,1,0.04897009073526015,0.043616508340451256,9.0,14.0,1.0,3.4444445555555556,31.000001,1.727191686617892,0.0,0.6604843916447107,0,0,48.34185799700208,3,0
miku-random-v2,crossing_pedestrian,33,MIKU,MIKU,1,1,0,0.14531396374880345,0.16115523447798544,9.0,9.0,1.0,3.4444445555555556,31.000001,1.8629109235448151,0.0,0.7281770952668832,0,0,4.888582014245912,1,0
miku-random-v2,crossing_pedestrian,34,B0,B0-TimeBlind,0,1,1,0.021453156701138232,0.02970664756757014,9.0,14.0,1.0,3.4444445555555556,31.000001,2.2165684353827784,0.0,0.8858994002878199,0,0,5.235548014752567,1,1
miku-random-v2,crossing_pedestrian,34,B1,B1-TimeAwareGreedy,0,0,0,1.9811965644334124,1.0581349640377054,,14.0,0.40322583865106787,1.3888907347976278,12.50001661317865,4.000000022797343,0.0,1.845486429616998,0,1,38.720970012946054,1,1
miku-random-v2,crossing_pedestrian,34,B2,B2-IterativePVD,0,1,1,0.021453156701138232,0.02970664756757014,9.0,14.0,1.0,3.4444445555555556,31.000001,2.2165684353827784,0.0,0.8858994002878199,0,0,51.82253898237832,3,0
miku-random-v2,crossing_pedestrian,34,MIKU,MIKU,1,1,0,0.24208017413356028,0.2383903957258118,9.0,9.0,1.0,3.4444445555555556,31.000001,2.8363161682629467,0.0,1.2007474791780628,0,0,5.124686023918912,1,0
miku-random-v2,crossing_pedestrian,35,B0,B0-TimeBlind,1,1,0,0.13936300194069265,0.4003484057628516,9.0,9.0,1.0,3.444444555555556,31.000001000000005,3.9804367801238376,0.0,1.782636219906096,0,0,7.954001019243151,1,1
miku-random-v2,crossing_pedestrian,35,B1,B1-TimeAwareGreedy,1,1,0,0.13936300194069265,0.4003484057628516,9.0,9.0,1.0,3.444444555555556,31.000001000000005,3.9804367801238376,0.0,1.782636219906096,0,0,7.956886023748666,1,1
miku-random-v2,crossing_pedestrian,35,B2,B2-IterativePVD,1,1,0,0.13936300194069265,0.4003484057628516,9.0,9.0,1.0,3.444444555555556,31.000001000000005,3.9804367801238376,0.0,1.782636219906096,0,0,24.189043004298583,3,1
miku-random-v2,crossing_pedestrian,35,MIKU,MIKU,1,1,0,0.21095533419819681,0.4869659355104123,9.0,9.0,1.0,3.444444555555556,31.000001000000005,4.0,0.0,1.8007914172815143,0,0,7.702923991018906,1,0
miku-random-v2,crossing_pedestrian,36,B0,B0-TimeBlind,1,1,0,0.1499999999999999,0.5019728511234064,9.0,9.0,1.0,3.4444444444444446,31.0,3.004975157631362,0.0,1.333659374438525,0,0,22.127361997263506,1,1
miku-random-v2,crossing_pedestrian,36,B1,B1-TimeAwareGreedy,1,1,0,0.1499999999999999,0.5019728511234064,9.0,9.0,1.0,3.4444444444444446,31.0,3.004975157631362,0.0,1.333659374438525,0,0,22.248312016017735,1,1
miku-random-v2,crossing_pedestrian,36,B2,B2-IterativePVD,1,1,0,0.1499999999999999,0.5019728511234064,9.0,9.0,1.0,3.4444444444444446,31.0,3.004975157631362,0.0,1.333659374438525,0,0,66.9366720248945,3,1
miku-random-v2,crossing_pedestrian,36,MIKU,MIKU,1,1,0,0.20605468945825178,0.5582398524936215,9.0,9.0,1.0,3.4444444444444446,31.0,3.0192540615513415,0.0,1.3416166341313196,0,0,9.2955139989499,1,0
miku-random-v2,crossing_pedestrian,37,B0,B0-TimeBlind,0,1,1,0.03202044526508052,0.039749697579524394,9.0,14.0,1.0,3.4444445555555556,31.000001,1.969400792022614,0.0,0.840768935747743,0,0,4.954347008606419,1,1
miku-random-v2,crossing_pedestrian,37,B1,B1-TimeAwareGreedy,0,0,0,1.9977234698728203,1.1416052910585406,,14.0,0.3225806773587368,1.1111153858044833,10.00003847224035,3.5279604860232006,0.0,1.5558464470720068,0,1,35.967412986792624,1,1
miku-random-v2,crossing_pedestrian,37,B2,B2-IterativePVD,0,1,1,0.03202044526508052,0.039749697579524394,9.0,14.0,1.0,3.4444445555555556,31.000001,1.969400792022614,0.0,0.840768935747743,0,0,46.77697198349051,3,0
miku-random-v2,crossing_pedestrian,37,MIKU,MIKU,1,1,0,0.25606706773862353,0.25495287521349386,9.0,9.0,1.0,3.4444445555555556,31.000001,2.4158858941784245,0.0,1.0638467753668774,0,0,5.103878007503226,1,0
miku-random-v2,crossing_pedestrian,38,B0,B0-TimeBlind,1,1,0,0.09563349802478437,0.2169056931903962,9.0,9.0,1.0,3.4444445555555556,31.000001,2.5522825169287007,0.0,1.0794812505222318,0,0,5.445846996735781,1,1
miku-random-v2,crossing_pedestrian,38,B1,B1-TimeAwareGreedy,1,1,0,0.09563349802478437,0.2169056931903962,9.0,9.0,1.0,3.4444445555555556,31.000001,2.5522825169287007,0.0,1.0794812505222318,0,0,5.507487017894164,1,1
miku-random-v2,crossing_pedestrian,38,B2,B2-IterativePVD,1,1,0,0.09563349802478437,0.2169056931903962,9.0,9.0,1.0,3.4444445555555556,31.000001,2.5522825169287007,0.0,1.0794812505222318,0,0,17.099753982620314,3,0
miku-random-v2,crossing_pedestrian,38,MIKU,MIKU,1,1,0,0.17849006766048633,0.43261854414630035,9.0,9.0,1.0,3.444444444444444,30.999999999999996,2.5643586636121216,0.0,1.0868597777911477,0,0,5.7514969957992435,1,0
miku-random-v2,crossing_pedestrian,39,B0,B0-TimeBlind,1,1,0,0.6192886425248579,0.5118430953708959,9.0,9.0,1.0,3.444444555555555,31.000000999999997,1.4351582146114805,0.0,0.4120680608844268,0,0,3.395675012143329,1,1
miku-random-v2,crossing_pedestrian,39,B1,B1-TimeAwareGreedy,1,1,0,0.6403908591356173,0.5118430953708959,9.0,9.0,1.0,3.444446428386463,31.000017855478166,1.4351582146114805,0.014528468097353241,0.4120680608844268,0,0,3.6301020008977503,1,1
miku-random-v2,crossing_pedestrian,39,B2,B2-IterativePVD,1,1,0,0.6403908591356173,0.5118430953708959,9.0,9.0,1.0,3.444446428386463,31.000017855478166,1.4351582146114805,0.014528468097353241,0.4120680608844268,0,0,10.660863015800714,3,1
miku-random-v2,crossing_pedestrian,39,MIKU,MIKU,1,1,0,0.6192886425248579,0.5118430953708959,9.0,9.0,1.0,3.444444555555555,31.000000999999997,1.4351582146114805,0.0,0.4120680608844268,0,0,3.7299950199667364,1,0
miku-random-v2,crossing_pedestrian,40,B0,B0-TimeBlind,1,1,0,0.37793593994304603,0.4174714762639133,9.0,9.0,1.0,3.4444445555555556,31.000001,0.9317598821598668,0.0,0.2675304255256246,0,0,3.3278139890171587,1,1
miku-random-v2,crossing_pedestrian,40,B1,B1-TimeAwareGreedy,1,1,0,0.5999749365564073,0.5985857595234628,9.0,9.0,1.0,3.4446774566504272,31.002097109853846,0.9317598821598668,0.11497849806844165,0.2675304255256246,0,0,3.6713129957206547,1,1
miku-random-v2,crossing_pedestrian,40,B2,B2-IterativePVD,1,1,0,0.5999749365564073,0.5985857595234628,9.0,9.0,1.0,3.4446774566504272,31.002097109853846,0.9317598821598668,0.11497849806844165,0.2675304255256246,0,0,10.626240982674062,3,1
miku-random-v2,crossing_pedestrian,40,MIKU,MIKU,1,1,0,0.37793593994304603,0.4174714762639133,9.0,9.0,1.0,3.4444445555555556,31.000001,0.9317598821598668,0.0,0.2675304255256246,0,0,3.589803003706038,1,0
miku-random-v2,crossing_pedestrian,41,B0,B0-TimeBlind,1,1,0,0.11775678266780343,0.14086860636755957,9.0,9.0,1.0,3.4444445555555556,31.000001,1.9581189716158227,0.0,0.7524143720223975,0,0,5.158529995242134,1,1
miku-random-v2,crossing_pedestrian,41,B1,B1-TimeAwareGreedy,0,0,0,1.8556596694940655,1.2606029449936653,,14.0,0.46774196881257996,1.6111229242553748,14.500106318298373,2.8508318897883402,0.0,1.0878823643794133,0,1,9.42189697525464,1,1
miku-random-v2,crossing_pedestrian,41,B2,B2-IterativePVD,1,1,0,0.11775678266780343,0.14086860636755957,9.0,9.0,1.0,3.4444445555555556,31.000001,1.9581189716158227,0.0,0.7524143720223975,0,0,20.41010302491486,3,0
miku-random-v2,crossing_pedestrian,41,MIKU,MIKU,1,1,0,0.22026036663758175,0.25360937266791034,9.0,9.0,1.0,3.4444445555555556,31.000001,2.092874678026204,0.0,0.8192076817743429,0,0,5.358910013455898,1,0
miku-random-v2,crossing_pedestrian,42,B0,B0-TimeBlind,1,1,0,0.10684565844513272,0.04043005098267996,9.0,9.0,1.0,3.444444555555556,31.000001000000005,1.7848176350697686,0.0,0.5291663621017312,0,0,4.8852210165932775,1,1
miku-random-v2,crossing_pedestrian,42,B1,B1-TimeAwareGreedy,1,1,0,0.5948286558272267,0.5049776081369247,9.0,9.0,1.0,3.4455223862071658,31.009701475864492,1.7848176350697686,0.4573873730281838,0.5291663621017312,0,0,4.79817102313973,1,1
miku-random-v2,crossing_pedestrian,42,B2,B2-IterativePVD,1,1,0,0.5948286558272267,0.5049776081369247,9.0,9.0,1.0,3.4455223862071658,31.009701475864492,1.7848176350697686,0.4573873730281838,0.5291663621017312,0,0,14.990808005677536,3,1
miku-random-v2,crossing_pedestrian,42,MIKU,MIKU,1,1,0,0.22176914106858736,0.13322969173676869,9.0,9.0,1.0,3.444444555555556,31.000001000000005,1.859325730237822,0.0,0.6273265966874075,0,0,5.680427013430744,1,0
miku-random-v2,crossing_pedestrian,43,B0,B0-TimeBlind,0,1,1,0.036572911467502855,0.027009506715635612,9.0,14.0,1.0,3.4444445555555556,31.000001,1.441502277626743,0.0,0.47708294130423234,0,0,5.476919002830982,1,1
miku-random-v2,crossing_pedestrian,43,B1,B1-TimeAwareGreedy,1,1,0,0.5125572671646894,0.353733685315738,9.0,9.0,1.0,3.4460303552127955,31.01427319691516,1.3891588882359223,0.5297400740171451,0.3988605601165139,0,0,3.6475060041993856,1,1
miku-random-v2,crossing_pedestrian,43,B2,B2-IterativePVD,1,1,0,0.5125572671646894,0.353733685315738,9.0,9.0,1.0,3.4460303552127955,31.01427319691516,1.3891588882359223,0.5297400740171451,0.3988605601165139,0,0,11.454246006906033,3,1
miku-random-v2,crossing_pedestrian,43,MIKU,MIKU,1,1,0,0.2599070758914757,0.23645319043185814,9.0,9.0,1.0,3.444444555555556,31.000001000000005,1.95452743563993,0.0,0.7632137023663296,0,0,5.412343016359955,1,0
miku-random-v2,crossing_pedestrian,44,B0,B0-TimeBlind,1,1,0,0.0482215925515308,0.06716240612555327,9.0,9.0,1.0,3.4444445555555556,31.000001,2.3893505606206937,0.0,1.01236801410806,0,0,4.575494996970519,1,1
miku-random-v2,crossing_pedestrian,44,B1,B1-TimeAwareGreedy,1,1,0,0.0482215925515308,0.06716240612555327,9.0,9.0,1.0,3.4444445555555556,31.000001,2.3893505606206937,0.0,1.01236801410806,0,0,4.564228001981974,1,1
miku-random-v2,crossing_pedestrian,44,B2,B2-IterativePVD,1,1,0,0.0482215925515308,0.06716240612555327,9.0,9.0,1.0,3.4444445555555556,31.000001,2.3893505606206937,0.0,1.01236801410806,0,0,13.980418007122353,3,1
miku-random-v2,crossing_pedestrian,44,MIKU,MIKU,1,1,0,0.250361876749361,0.2955190621255901,9.0,9.0,1.0,3.4444445555555556,31.000001,2.5530048591666636,0.0,1.0891707265201038,0,0,4.927350004436448,1,0
miku-random-v2,crossing_pedestrian,45,B0,B0-TimeBlind,1,1,0,0.6427355481172932,0.4481710473658159,9.0,9.0,1.0,3.4444445555555556,31.000001,1.347950751458238,0.0,0.38702872384804277,0,0,3.4690889879129827,1,1
miku-random-v2,crossing_pedestrian,45,B1,B1-TimeAwareGreedy,1,1,0,0.6427355481172932,0.4481710473658159,9.0,9.0,1.0,3.4444445555555556,31.000001,1.347950751458238,0.0,0.38702872384804277,0,0,3.443775000050664,1,1
miku-random-v2,crossing_pedestrian,45,B2,B2-IterativePVD,1,1,0,0.6427355481172932,0.4481710473658159,9.0,9.0,1.0,3.4444445555555556,31.000001,1.347950751458238,0.0,0.38702872384804277,0,0,10.574771993560717,3,1
miku-random-v2,crossing_pedestrian,45,MIKU,MIKU,1,1,0,0.6427355481172932,0.4481710473658159,9.0,9.0,1.0,3.4444445555555556,31.000001,1.347950751458238,0.0,0.38702872384804277,0,0,3.68451199028641,1,0
miku-random-v2,crossing_pedestrian,46,B0,B0-TimeBlind,1,1,0,0.3887611069809333,0.39717195931457067,9.0,9.0,1.0,3.4444445555555556,31.000001,0.9829654297135371,0.0,0.28223275623183824,0,0,3.437024017330259,1,1
miku-random-v2,crossing_pedestrian,46,B1,B1-TimeAwareGreedy,1,1,0,0.5326070494190189,0.48873173429061645,9.0,9.0,1.0,3.444533611200817,31.000802500807353,0.9829654297135371,0.07982362113823399,0.28223275623183824,0,0,3.791317023569718,1,1
miku-random-v2,crossing_pedestrian,46,B2,B2-IterativePVD,1,1,0,0.5326070494190189,0.48873173429061645,9.0,9.0,1.0,3.444533611200817,31.000802500807353,0.9829654297135371,0.07982362113823399,0.28223275623183824,0,0,10.873719991650432,3,1
miku-random-v2,crossing_pedestrian,46,MIKU,MIKU,1,1,0,0.3887611069809333,0.39717195931457067,9.0,9.0,1.0,3.4444445555555556,31.000001,0.9829654297135371,0.0,0.28223275623183824,0,0,3.7280379910953343,1,0
miku-random-v2,crossing_pedestrian,47,B0,B0-TimeBlind,1,1,0,0.15714041592916503,0.1393347739847569,9.0,9.0,1.0,3.4444445555555556,31.000001,1.8555032268176999,0.0,0.7306738224167945,0,0,4.4929579889867455,1,1
miku-random-v2,crossing_pedestrian,47,B1,B1-TimeAwareGreedy,0,0,0,1.9462134261797337,1.2502223131192622,,14.0,0.4193548713539333,1.444453617522034,13.000082557698306,2.903190319664405,0.0,1.1430544329110688,0,1,11.46881899330765,1,1
miku-random-v2,crossing_pedestrian,47,B2,B2-IterativePVD,1,1,0,0.15714041592916503,0.1393347739847569,9.0,9.0,1.0,3.4444445555555556,31.000001,1.8555032268176999,0.0,0.7306738224167945,0,0,21.130414999788627,3,0
miku-random-v2,crossing_pedestrian,47,MIKU,MIKU,1,1,0,0.2566039185192891,0.2518885544316164,9.0,9.0,1.0,3.4444445555555556,31.000001,2.0172640614888864,0.0,0.8110134086043749,0,0,5.347711994545534,1,0
miku-random-v2,crossing_pedestrian,48,B0,B0-TimeBlind,1,1,0,0.08351228250796372,0.163648494624411,9.0,9.0,1.0,3.4444445555555556,31.000001,1.9460132096715506,0.0,0.7751946240589314,0,0,4.8621370224282146,1,1
miku-random-v2,crossing_pedestrian,48,B1,B1-TimeAwareGreedy,1,1,0,0.08351228250796372,0.163648494624411,9.0,9.0,1.0,3.4444445555555556,31.000001,1.9460132096715506,0.0,0.7751946240589314,0,0,4.8858159861993045,1,1
miku-random-v2,crossing_pedestrian,48,B2,B2-IterativePVD,1,1,0,0.08351228250796372,0.163648494624411,9.0,9.0,1.0,3.4444445555555556,31.000001,1.9460132096715506,0.0,0.7751946240589314,0,0,15.936294017592445,3,0
miku-random-v2,crossing_pedestrian,48,MIKU,MIKU,1,1,0,0.08351228250796372,0.1862442335825205,9.0,9.0,1.0,3.4444445555555556,31.000001,1.9590679049786215,0.0,0.7819022770104094,0,0,4.874785023275763,1,0
miku-random-v2,crossing_pedestrian,49,B0,B0-TimeBlind,1,1,0,0.16260785082573723,0.14676719849679046,9.0,9.0,1.0,3.4444445555555556,31.000001,3.4676124999719207,0.0,1.5985338145131576,0,0,6.687886023428291,1,1
miku-random-v2,crossing_pedestrian,49,B1,B1-TimeAwareGreedy,0,0,0,1.989404970714162,1.0157758142163336,,14.0,0.30645164508342426,1.0555564621796956,9.50000815961726,4.000000001068605,0.0,2.7555422773769056,0,1,78.16986899706535,1,1
miku-random-v2,crossing_pedestrian,49,B2,B2-IterativePVD,1,1,0,0.16260785082573723,0.14676719849679046,9.0,9.0,1.0,3.4444445555555556,31.000001,3.4676124999719207,0.0,1.5985338145131576,0,0,90.56359599344432,3,0
miku-random-v2,crossing_pedestrian,49,MIKU,MIKU,1,1,0,0.2750146553826569,0.2579592519361596,9.0,9.0,1.0,3.444444555555555,31.000000999999997,3.694923288724132,0.0,1.707051684697417,0,0,6.798468006309122,1,0
miku-random-v2,crossing_pedestrian,50,B0,B0-TimeBlind,1,1,0,0.6407548268284879,0.5044527899643216,9.0,9.0,1.0,3.444444555555555,31.000000999999997,0.8783846555683954,0.0,0.2522051283584688,0,0,3.362316987477243,1,1
miku-random-v2,crossing_pedestrian,50,B1,B1-TimeAwareGreedy,1,1,0,0.6407548268284879,0.5044527899643216,9.0,9.0,1.0,3.444444555555555,31.000000999999997,0.8783846555683954,0.0,0.2522051283584688,0,0,3.415423008846119,1,1
miku-random-v2,crossing_pedestrian,50,B2,B2-IterativePVD,1,1,0,0.6407548268284879,0.5044527899643216,9.0,9.0,1.0,3.444444555555555,31.000000999999997,0.8783846555683954,0.0,0.2522051283584688,0,0,10.134137992281467,3,1
miku-random-v2,crossing_pedestrian,50,MIKU,MIKU,1,1,0,0.6407548268284879,0.5044527899643216,9.0,9.0,1.0,3.444444555555555,31.000000999999997,0.8783846555683954,0.0,0.2522051283584688,0,0,3.609912993852049,1,0
miku-random-v2,crossing_pedestrian,51,B0,B0-TimeBlind,1,1,0,0.10810643887604086,0.10032683379154667,9.0,9.0,1.0,3.444444555555556,31.000001000000005,4.0,0.0,2.008217980257236,0,0,8.147582993842661,1,1
miku-random-v2,crossing_pedestrian,51,B1,B1-TimeAwareGreedy,1,1,0,0.10810643887604086,0.10032683379154667,9.0,9.0,1.0,3.444444555555556,31.000001000000005,4.0,0.0,2.008217980257236,0,0,8.141188998706639,1,1
miku-random-v2,crossing_pedestrian,51,B2,B2-IterativePVD,1,1,0,0.10810643887604086,0.10032683379154667,9.0,9.0,1.0,3.444444555555556,31.000001000000005,4.0,0.0,2.008217980257236,0,0,24.463437002850696,3,1
miku-random-v2,crossing_pedestrian,51,MIKU,MIKU,1,1,0,0.22708960569532388,0.24600503084058256,9.0,9.0,1.0,3.444444555555556,31.000001000000005,4.0,0.0,2.075003122154814,0,0,8.815058012260124,1,0
miku-random-v2,crossing_pedestrian,52,B0,B0-TimeBlind,1,1,0,0.063596310710607,0.06589134695767265,9.0,9.0,1.0,3.4444445555555556,31.000001,1.340321326402451,0.0,0.38483813443679066,0,0,3.4395449911244214,1,1
miku-random-v2,crossing_pedestrian,52,B1,B1-TimeAwareGreedy,1,1,0,0.5250837976449181,0.4449773343861751,9.0,9.0,1.0,3.445393837894761,31.00854454105285,1.340321326402451,0.41496967610141505,0.38483813443679066,0,0,3.662214003270492,1,1
miku-random-v2,crossing_pedestrian,52,B2,B2-IterativePVD,1,1,0,0.5250837976449181,0.4449773343861751,9.0,9.0,1.0,3.445393837894761,31.00854454105285,1.340321326402451,0.41496967610141505,0.38483813443679066,0,0,11.697809997713193,3,1
miku-random-v2,crossing_pedestrian,52,MIKU,MIKU,1,1,0,0.17973916129544598,0.13475108617039205,9.0,9.0,1.0,3.4444445555555556,31.000001,1.4136799279205081,0.0,0.4780191083755818,0,0,5.831993999890983,1,0
miku-random-v2,crossing_pedestrian,53,B0,B0-TimeBlind,1,1,0,0.13603458512941763,0.5265492873724963,9.0,9.0,1.0,3.4444445555555556,31.000001,3.342732941458588,0.0,1.4482075832289827,0,0,9.720934001961723,1,1
miku-random-v2,crossing_pedestrian,53,B1,B1-TimeAwareGreedy,1,1,0,0.13603458512941763,0.5265492873724963,9.0,9.0,1.0,3.4444445555555556,31.000001,3.342732941458588,0.0,1.4482075832289827,0,0,9.756774001289159,1,1
miku-random-v2,crossing_pedestrian,53,B2,B2-IterativePVD,1,1,0,0.13603458512941763,0.5265492873724963,9.0,9.0,1.0,3.4444445555555556,31.000001,3.342732941458588,0.0,1.4482075832289827,0,0,29.22969200881198,3,1
miku-random-v2,crossing_pedestrian,53,MIKU,MIKU,1,1,0,0.20295680994344642,0.5869312054679172,9.0,9.0,1.0,3.4444445555555556,31.000001,3.35957582277174,0.0,1.4579963839798251,0,0,8.91827599843964,1,0
miku-random-v2,crossing_pedestrian,54,B0,B0-TimeBlind,1,1,0,0.12921971160053644,0.2046209071678006,9.0,9.0,1.0,3.444444555555555,31.000000999999997,3.3058108835200795,0.0,1.4878417051353425,0,0,5.759767984272912,1,1
miku-random-v2,crossing_pedestrian,54,B1,B1-TimeAwareGreedy,1,1,0,0.12921971160053644,0.2046209071678006,9.0,9.0,1.0,3.444444555555555,31.000000999999997,3.3058108835200795,0.0,1.4878417051353425,0,0,5.840433994308114,1,1
miku-random-v2,crossing_pedestrian,54,B2,B2-IterativePVD,1,1,0,0.12921971160053644,0.2046209071678006,9.0,9.0,1.0,3.444444555555555,31.000000999999997,3.3058108835200795,0.0,1.4878417051353425,0,0,17.437831993447617,3,1
miku-random-v2,crossing_pedestrian,54,MIKU,MIKU,1,1,0,0.15171651550194581,0.24489574873785183,9.0,9.0,1.0,3.444444555555555,31.000000999999997,3.327839428645275,0.0,1.4993787545605755,0,0,6.493969005532563,1,0
miku-random-v2,crossing_pedestrian,55,B0,B0-TimeBlind,0,1,1,0.009999737923192198,0.08017109833706738,9.0,14.0,1.0,3.4444445555555556,31.000001,3.0416690901002204,0.0,1.2529675319177387,0,0,4.734556976472959,1,1
miku-random-v2,crossing_pedestrian,55,B1,B1-TimeAwareGreedy,0,1,1,0.009999737923192198,0.08017109833706738,9.0,14.0,1.0,3.4444445555555556,31.000001,3.0416690901002204,0.0,1.2529675319177387,0,0,4.8011079779826105,1,1
miku-random-v2,crossing_pedestrian,55,B2,B2-IterativePVD,0,1,1,0.009999737923192198,0.08017109833706738,9.0,14.0,1.0,3.4444445555555556,31.000001,3.0416690901002204,0.0,1.2529675319177387,0,0,14.421202999074012,3,1
miku-random-v2,crossing_pedestrian,55,MIKU,MIKU,1,1,0,0.1151733841548751,0.21423541389030482,9.0,9.0,1.0,3.4444445555555556,31.000001,3.114635599481713,0.0,1.2874563883426768,0,0,5.049896979471669,1,0
miku-random-v2,crossing_pedestrian,56,B0,B0-TimeBlind,0,1,1,0.025648358164815477,0.037821303141856444,9.0,14.0,1.0,3.444444555555555,31.000000999999997,2.0382632751668317,0.0,0.8584943857961189,0,0,5.0063579983543605,1,1
miku-random-v2,crossing_pedestrian,56,B1,B1-TimeAwareGreedy,0,0,0,2.0611032864632146,1.1421719654907643,,14.0,0.33870970962685587,1.1666729900390604,10.500056910351544,3.67302079815498,0.0,1.6158900869371036,0,1,23.74715101905167,1,1
miku-random-v2,crossing_pedestrian,56,B2,B2-IterativePVD,0,1,1,0.025648358164815477,0.037821303141856444,9.0,14.0,1.0,3.444444555555555,31.000000999999997,2.0382632751668317,0.0,0.8584943857961189,0,0,34.57976900972426,3,0
miku-random-v2,crossing_pedestrian,56,MIKU,MIKU,1,1,0,0.2476795199657341,0.25156993192499505,9.0,9.0,1.0,3.4444445555555556,31.000001,2.50471519926255,0.0,1.0912503924999455,0,0,5.121612979564816,1,0
miku-random-v2,crossing_pedestrian,57,B0,B0-TimeBlind,1,1,0,0.07773555839243995,0.030112401754119007,9.0,9.0,1.0,3.444444555555556,31.000001000000005,1.3992582365733643,0.0,0.4464868303380559,0,0,4.8415460041724145,1,1
miku-random-v2,crossing_pedestrian,57,B1,B1-TimeAwareGreedy,1,1,0,0.5441476150085117,0.5242002231835794,9.0,9.0,1.0,3.44564084691612,31.01076762224508,1.341292223561717,0.35664502535370446,0.3851169021055152,0,0,3.717568004503846,1,1
miku-random-v2,crossing_pedestrian,57,B2,B2-IterativePVD,1,1,0,0.5441476150085117,0.5242002231835794,9.0,9.0,1.0,3.44564084691612,31.01076762224508,1.341292223561717,0.35664502535370446,0.3851169021055152,0,0,11.336550989653915,3,1
miku-random-v2,crossing_pedestrian,57,MIKU,MIKU,1,1,0,0.1728615265190081,0.14208746697659674,9.0,9.0,1.0,3.4444445555555556,31.000001,1.5664017084950146,0.0,0.5456220116536146,0,0,5.173285026103258,1,0
miku-random-v2,crossing_pedestrian,58,B0,B0-TimeBlind,1,1,0,0.14153336556767449,0.13880614753699055,9.0,9.0,1.0,3.4444445555555556,31.000001,1.978363228230143,0.0,0.7773697903490642,0,0,5.153371981577948,1,1
miku-random-v2,crossing_pedestrian,58,B1,B1-TimeAwareGreedy,0,0,0,1.8460255392994052,1.2151515914716884,,14.0,0.43548390364729833,1.5000096687315574,13.500087018584017,3.013485820919002,0.0,1.1863622120442914,0,1,10.904791997745633,1,1
miku-random-v2,crossing_pedestrian,58,B2,B2-IterativePVD,1,1,0,0.14153336556767449,0.13880614753699055,9.0,9.0,1.0,3.4444445555555556,31.000001,1.978363228230143,0.0,0.7773697903490642,0,0,21.424934995593503,3,0
miku-random-v2,crossing_pedestrian,58,MIKU,MIKU,1,1,0,0.14153336556767449,0.1528501611080062,9.0,9.0,1.0,3.4444445555555556,31.000001,1.9991912152172735,0.0,0.7882293031316967,0,0,5.409580015111715,1,0
miku-random-v2,crossing_pedestrian,59,B0,B0-TimeBlind,1,1,0,0.06826146400856539,0.16892331751884282,9.0,9.0,1.0,3.4444444444444446,31.000000000000004,2.2491209804003933,0.0,0.9804403855865397,0,0,5.150059994775802,1,1
miku-random-v2,crossing_pedestrian,59,B1,B1-TimeAwareGreedy,1,1,0,0.06826146400856539,0.16892331751884282,9.0,9.0,1.0,3.4444444444444446,31.000000000000004,2.2491209804003933,0.0,0.9804403855865397,0,0,5.1980820135213435,1,1
miku-random-v2,crossing_pedestrian,59,B2,B2-IterativePVD,1,1,0,0.06826146400856539,0.16892331751884282,9.0,9.0,1.0,3.4444444444444446,31.000000000000004,2.2491209804003933,0.0,0.9804403855865397,0,0,16.27854598336853,3,0
miku-random-v2,crossing_pedestrian,59,MIKU,MIKU,1,1,0,0.1529247583947014,0.35349644105988925,9.0,9.0,1.0,3.4444444444444446,31.0,2.2670942856096143,0.0,0.9903031122207779,0,0,5.265498999506235,1,0
miku-random-v2,crossing_pedestrian,60,B0,B0-TimeBlind,1,1,0,0.33260168460685025,0.3274397566301339,9.0,9.0,1.0,3.4444445555555556,31.000001,1.3170577877042673,0.0,0.37815861911710724,0,0,3.4243729896843433,1,1
miku-random-v2,crossing_pedestrian,60,B1,B1-TimeAwareGreedy,1,1,0,0.5907698199074541,0.5091004965352344,9.0,9.0,1.0,3.4447890862291644,31.00310177606248,1.3170577877042673,0.19559541077098577,0.37815861911710724,0,0,3.782078012591228,1,1
miku-random-v2,crossing_pedestrian,60,B2,B2-IterativePVD,1,1,0,0.5907698199074541,0.5091004965352344,9.0,9.0,1.0,3.4447890862291644,31.00310177606248,1.3170577877042673,0.19559541077098577,0.37815861911710724,0,0,10.837437002919614,3,1
miku-random-v2,crossing_pedestrian,60,MIKU,MIKU,1,1,0,0.33260168460685025,0.3274397566301339,9.0,9.0,1.0,3.4444445555555556,31.000001,1.3170577877042673,0.0,0.37815861911710724,0,0,3.681520000100136,1,0
miku-random-v2,crossing_pedestrian,61,B0,B0-TimeBlind,1,1,0,0.08376966033253697,0.1704554328256931,9.0,9.0,1.0,3.4444445555555556,31.000001,3.2458532945499763,0.0,1.4728160944112847,0,0,6.412382994312793,1,1
miku-random-v2,crossing_pedestrian,61,B1,B1-TimeAwareGreedy,1,1,0,0.08376966033253697,0.1704554328256931,9.0,9.0,1.0,3.4444445555555556,31.000001,3.2458532945499763,0.0,1.4728160944112847,0,0,6.399705976946279,1,1
miku-random-v2,crossing_pedestrian,61,B2,B2-IterativePVD,1,1,0,0.08376966033253697,0.1704554328256931,9.0,9.0,1.0,3.4444445555555556,31.000001,3.2458532945499763,0.0,1.4728160944112847,0,0,19.370483001694083,3,1
miku-random-v2,crossing_pedestrian,61,MIKU,MIKU,1,1,0,0.20605887571906187,0.3640387986047091,9.0,9.0,1.0,3.4444445555555556,31.000001,3.2996497060249252,0.0,1.4941702417484881,0,0,8.227684011217207,1,0
miku-random-v2,crossing_pedestrian,62,B0,B0-TimeBlind,1,1,0,0.10743117238661015,0.029868399999454898,9.0,9.0,1.0,3.4444445555555556,31.000001,1.684083355341414,0.0,0.6675934337084016,0,0,5.1021300023421645,1,1
miku-random-v2,crossing_pedestrian,62,B1,B1-TimeAwareGreedy,1,1,0,0.46766526999188285,0.3682142720858393,9.0,9.0,1.0,3.4464776465031677,31.01829881852851,1.29841514057038,0.6866672372739118,0.37280587168062307,0,0,3.6497289838735014,1,1
miku-random-v2,crossing_pedestrian,62,B2,B2-IterativePVD,1,1,0,0.46766526999188285,0.3682142720858393,9.0,9.0,1.0,3.4464776465031677,31.01829881852851,1.29841514057038,0.6866672372739118,0.37280587168062307,0,0,11.529705981956795,3,1
miku-random-v2,crossing_pedestrian,62,MIKU,MIKU,1,1,0,0.22702743622822766,0.14298161614081584,9.0,9.0,1.0,3.444444555555555,31.000000999999997,2.070499275243157,0.0,0.8699536743374479,0,0,5.290517990943044,1,0
miku-random-v2,crossing_pedestrian,63,B0,B0-TimeBlind,1,1,0,0.5879787628920439,0.44959199117899973,9.0,9.0,1.0,3.4444445555555556,31.000001,1.2957729399094824,0.0,0.37204723302203,0,0,3.4399449941702187,1,1
miku-random-v2,crossing_pedestrian,63,B1,B1-TimeAwareGreedy,1,1,0,0.7071654758821866,0.5386821303707526,9.0,9.0,1.0,3.444513859224439,31.00062473301995,1.2957729399094824,0.08612747394738214,0.37204723302203,0,0,3.746191010577604,1,1
miku-random-v2,crossing_pedestrian,63,B2,B2-IterativePVD,1,1,0,0.7071654758821866,0.5386821303707526,9.0,9.0,1.0,3.444513859224439,31.00062473301995,1.2957729399094824,0.08612747394738214,0.37204723302203,0,0,10.815952002303675,3,1
miku-random-v2,crossing_pedestrian,63,MIKU,MIKU,1,1,0,0.5879787628920439,0.44959199117899973,9.0,9.0,1.0,3.4444445555555556,31.000001,1.2957729399094824,0.0,0.37204723302203,0,0,3.716064995387569,1,0
miku-random-v2,crossing_pedestrian,64,B0,B0-TimeBlind,1,1,0,0.10963799812824915,0.15781975192841285,9.0,9.0,1.0,3.4444445555555556,31.000001,2.0622382443109486,0.0,0.7936176399897832,0,0,4.829843004699796,1,1
miku-random-v2,crossing_pedestrian,64,B1,B1-TimeAwareGreedy,1,1,0,0.10963799812824915,0.15781975192841285,9.0,9.0,1.0,3.4444445555555556,31.000001,2.0622382443109486,0.0,0.7936176399897832,0,0,4.796149005414918,1,1
miku-random-v2,crossing_pedestrian,64,B2,B2-IterativePVD,1,1,0,0.10963799812824915,0.15781975192841285,9.0,9.0,1.0,3.4444445555555556,31.000001,2.0622382443109486,0.0,0.7936176399897832,0,0,14.868180005578324,3,0
miku-random-v2,crossing_pedestrian,64,MIKU,MIKU,1,1,0,0.10963799812824915,0.17841161239209583,9.0,9.0,1.0,3.4444445555555556,31.000001,2.074907980951622,0.0,0.8002180303973598,0,0,5.045683996286243,1,0
miku-random-v2,crossing_pedestrian,65,B0,B0-TimeBlind,1,1,0,0.33890413749869575,0.24765619186174806,9.0,9.0,1.0,3.4444445555555556,31.000001,0.8478998479460886,0.0,0.24345221496156227,0,0,3.3150620001833886,1,1
miku-random-v2,crossing_pedestrian,65,B1,B1-TimeAwareGreedy,1,1,0,0.44857756634648527,0.4366444740039639,9.0,9.0,1.0,3.4445571718794983,31.001014546915485,0.8478998479460886,0.09444216714704172,0.24345221496156227,0,0,3.7508940149564296,1,1
miku-random-v2,crossing_pedestrian,65,B2,B2-IterativePVD,1,1,0,0.44857756634648527,0.4366444740039639,9.0,9.0,1.0,3.4445571718794983,31.001014546915485,0.8478998479460886,0.09444216714704172,0.24345221496156227,0,0,10.658250976121053,3,1
miku-random-v2,crossing_pedestrian,65,MIKU,MIKU,1,1,0,0.33890413749869575,0.24765619186174806,9.0,9.0,1.0,3.4444445555555556,31.000001,0.8478998479460886,0.0,0.24345221496156227,0,0,3.552819020114839,1,0
miku-random-v2,crossing_pedestrian,66,B0,B0-TimeBlind,1,1,0,0.09466624018411372,0.21290801957881722,9.0,9.0,1.0,3.4444445555555556,31.000001,2.8679308273779287,0.0,1.2202806553630097,0,0,5.738520994782448,1,1
miku-random-v2,crossing_pedestrian,66,B1,B1-TimeAwareGreedy,1,1,0,0.09466624018411372,0.21290801957881722,9.0,9.0,1.0,3.4444445555555556,31.000001,2.8679308273779287,0.0,1.2202806553630097,0,0,5.829878995427862,1,1
miku-random-v2,crossing_pedestrian,66,B2,B2-IterativePVD,1,1,0,0.09466624018411372,0.21290801957881722,9.0,9.0,1.0,3.4444445555555556,31.000001,2.8679308273779287,0.0,1.2202806553630097,0,0,17.704276979202405,3,1
miku-random-v2,crossing_pedestrian,66,MIKU,MIKU,1,1,0,0.1902820984101927,0.4293610785653484,9.0,9.0,1.0,3.4444445555555556,31.000001,2.8900776340963925,0.0,1.2306920168290554,0,0,6.38725099270232,1,0
miku-random-v2,crossing_pedestrian,67,B0,B0-TimeBlind,1,1,0,0.07008969641862284,0.05709093492996797,9.0,9.0,1.0,3.4444445555555556,31.000001,3.1606279556122767,0.0,1.2956408648234645,0,0,4.694266011938453,1,1
miku-random-v2,crossing_pedestrian,67,B1,B1-TimeAwareGreedy,1,1,0,0.07008969641862284,0.05709093492996797,9.0,9.0,1.0,3.4444445555555556,31.000001,3.1606279556122767,0.0,1.2956408648234645,0,0,4.732822009827942,1,1
miku-random-v2,crossing_pedestrian,67,B2,B2-IterativePVD,1,1,0,0.07008969641862284,0.05709093492996797,9.0,9.0,1.0,3.4444445555555556,31.000001,3.1606279556122767,0.0,1.2956408648234645,0,0,16.035075997933745,3,0
miku-random-v2,crossing_pedestrian,67,MIKU,MIKU,1,1,0,0.16545094484008271,0.1802318192307686,9.0,9.0,1.0,3.4444445555555556,31.000001,3.2818354541093266,0.0,1.3524941052758672,0,0,5.156268016435206,1,0
miku-random-v2,crossing_pedestrian,68,B0,B0-TimeBlind,0,1,1,0.06339952251274505,0.028727608129545952,9.0,14.0,1.0,3.4444445555555556,31.000001,1.648796947656594,0.0,0.5480398179020304,0,0,5.488435010192916,1,1
miku-random-v2,crossing_pedestrian,68,B1,B1-TimeAwareGreedy,1,1,0,0.5506807528691839,0.49740889771115343,9.0,9.0,1.0,3.446034149459633,31.0143073451367,1.551971153411341,0.5101739622829049,0.4493500454109543,0,0,4.443504003575072,1,1
miku-random-v2,crossing_pedestrian,68,B2,B2-IterativePVD,1,1,0,0.5506807528691839,0.49740889771115343,9.0,9.0,1.0,3.446034149459633,31.0143073451367,1.551971153411341,0.5101739622829049,0.4493500454109543,0,0,14.089072996284813,3,1
miku-random-v2,crossing_pedestrian,68,MIKU,MIKU,1,1,0,0.1607624883288401,0.14009510411401233,9.0,9.0,1.0,3.4444445555555556,31.000001,1.8550630102408103,0.0,0.6638684205017247,0,0,5.165067996131256,1,0
miku-random-v2,crossing_pedestrian,69,B0,B0-TimeBlind,1,1,0,0.14287529824614248,0.3624950763725699,9.0,9.0,0.9999999999999923,3.444444447050503,31.00000002345453,4.000000000003513,0.0,3.0975571777507267,0,0,71.82051200652495,1,1
miku-random-v2,crossing_pedestrian,69,B1,B1-TimeAwareGreedy,1,1,0,0.14287529824614248,0.3624950763725699,9.0,9.0,0.9999999999999923,3.444444447050503,31.00000002345453,4.000000000003513,0.0,3.0975571777507267,0,0,75.20245297928341,1,1
miku-random-v2,crossing_pedestrian,69,B2,B2-IterativePVD,1,1,0,0.14287529824614248,0.3624950763725699,9.0,9.0,0.9999999999999923,3.444444447050503,31.00000002345453,4.000000000003513,0.0,3.0975571777507267,0,0,215.7259410014376,3,1
miku-random-v2,crossing_pedestrian,69,MIKU,MIKU,1,1,0,0.20007723827286825,0.39576143843697353,9.0,9.0,0.9999999999999873,3.4444444478775993,31.000000030898395,4.0000000000041736,0.0,3.1766533656520335,0,0,65.46961798449047,1,0
miku-random-v2,crossing_pedestrian,70,B0,B0-TimeBlind,1,1,0,0.10527848024918907,0.06324490551312839,9.0,9.0,1.0,3.4444445555555556,31.000001,3.2731928190411868,0.0,1.455450228783328,0,0,5.816499004140496,1,1
miku-random-v2,crossing_pedestrian,70,B1,B1-TimeAwareGreedy,1,1,0,0.10527848024918907,0.06324490551312839,9.0,9.0,1.0,3.4444445555555556,31.000001,3.2731928190411868,0.0,1.455450228783328,0,0,5.710262979846448,1,1
miku-random-v2,crossing_pedestrian,70,B2,B2-IterativePVD,1,1,0,0.10527848024918907,0.06324490551312839,9.0,9.0,1.0,3.4444445555555556,31.000001,3.2731928190411868,0.0,1.455450228783328,0,0,17.227048985660076,3,1
miku-random-v2,crossing_pedestrian,70,MIKU,MIKU,1,1,0,0.22601672151321142,0.19088317482104467,9.0,9.0,1.0,3.4444445555555556,31.000001,3.4255407049941358,0.0,1.5269050222716816,0,0,6.821613002102822,1,0
miku-random-v2,crossing_pedestrian,71,B0,B0-TimeBlind,1,1,0,0.036065106326284235,0.08737990132765253,9.0,9.0,1.0,3.444444555555555,31.000000999999997,1.7552315812088572,0.0,0.706649152950614,0,0,4.073885007528588,1,1
miku-random-v2,crossing_pedestrian,71,B1,B1-TimeAwareGreedy,1,1,0,0.036065106326284235,0.08737990132765253,9.0,9.0,1.0,3.444444555555555,31.000000999999997,1.7552315812088572,0.0,0.706649152950614,0,0,4.009219002909958,1,1
miku-random-v2,crossing_pedestrian,71,B2,B2-IterativePVD,1,1,0,0.036065106326284235,0.08737990132765253,9.0,9.0,1.0,3.444444555555555,31.000000999999997,1.7552315812088572,0.0,0.706649152950614,0,0,14.518931013299152,3,0
miku-random-v2,crossing_pedestrian,71,MIKU,MIKU,1,1,0,0.10841844197961427,0.2233521109882162,9.0,9.0,1.0,3.4444445555555556,31.000001,1.7879769474704132,0.0,0.7242138312858781,0,0,4.905029985820875,1,0
miku-random-v2,crossing_pedestrian,72,B0,B0-TimeBlind,1,1,0,0.09343460281406278,0.16125809171071384,9.0,9.0,1.0,3.4444445555555556,31.000001,3.420640571983349,0.0,1.4026758889807118,0,0,6.0812530282419175,1,1
miku-random-v2,crossing_pedestrian,72,B1,B1-TimeAwareGreedy,1,1,0,0.09343460281406278,0.16125809171071384,9.0,9.0,1.0,3.4444445555555556,31.000001,3.420640571983349,0.0,1.4026758889807118,0,0,6.038434978108853,1,1
miku-random-v2,crossing_pedestrian,72,B2,B2-IterativePVD,1,1,0,0.09343460281406278,0.16125809171071384,9.0,9.0,1.0,3.4444445555555556,31.000001,3.420640571983349,0.0,1.4026758889807118,0,0,18.30194698413834,3,1
miku-random-v2,crossing_pedestrian,72,MIKU,MIKU,1,1,0,0.19482504473108037,0.34064823653225645,9.0,9.0,1.0,3.4444445555555556,31.000001,3.453245591549038,0.0,1.4172921194296932,0,0,7.152834994485602,1,0
miku-random-v2,crossing_pedestrian,73,B0,B0-TimeBlind,1,1,0,0.13897272981092315,0.5116799896251523,9.0,9.0,1.0,3.4444445555555556,31.000001,3.330860407132472,0.0,1.4177901204536796,0,0,10.369198018452153,1,1
miku-random-v2,crossing_pedestrian,73,B1,B1-TimeAwareGreedy,1,1,0,0.13897272981092315,0.5116799896251523,9.0,9.0,1.0,3.4444445555555556,31.000001,3.330860407132472,0.0,1.4177901204536796,0,0,10.322538000764325,1,1
miku-random-v2,crossing_pedestrian,73,B2,B2-IterativePVD,1,1,0,0.13897272981092315,0.5116799896251523,9.0,9.0,1.0,3.4444445555555556,31.000001,3.330860407132472,0.0,1.4177901204536796,0,0,31.327904987847432,3,1
miku-random-v2,crossing_pedestrian,73,MIKU,MIKU,1,1,0,0.2007026061079506,0.5712061757892347,9.0,9.0,1.0,3.4444445555555556,31.000001,3.3464863102451723,0.0,1.4255927656415766,0,0,9.457011998165399,1,0
miku-random-v2,crossing_pedestrian,74,B0,B0-TimeBlind,1,1,0,0.10124728330674777,0.17805565266143775,9.0,9.0,1.0,3.444444444444444,30.999999999999996,2.5634797935127174,0.0,1.1500318447410436,0,0,6.670625996775925,1,1
miku-random-v2,crossing_pedestrian,74,B1,B1-TimeAwareGreedy,1,1,0,0.10124728330674777,0.17805565266143775,9.0,9.0,1.0,3.444444444444444,30.999999999999996,2.5634797935127174,0.0,1.1500318447410436,0,0,6.699304998619482,1,1
miku-random-v2,crossing_pedestrian,74,B2,B2-IterativePVD,1,1,0,0.10124728330674777,0.17805565266143775,9.0,9.0,1.0,3.444444444444444,30.999999999999996,2.5634797935127174,0.0,1.1500318447410436,0,0,20.382454007631168,3,1
miku-random-v2,crossing_pedestrian,74,MIKU,MIKU,1,1,0,0.20824313023272562,0.3731718844036857,9.0,9.0,1.0,3.4444444444444446,31.0,2.597601571059349,0.0,1.1651508454843764,0,0,7.380689989076927,1,0
miku-random-v2,crossing_pedestrian,75,B0,B0-TimeBlind,1,1,0,0.11611619095782522,0.1279377845884711,9.0,9.0,1.0,3.4444445555555556,31.000001,1.4172086544888196,0.0,0.4693256502382848,0,0,5.548735993215814,1,1
miku-random-v2,crossing_pedestrian,75,B1,B1-TimeAwareGreedy,1,1,0,0.5351939575214214,0.5084387662087797,9.0,9.0,1.0,3.445840129631101,31.01256116667991,1.3265998718565772,0.4125402305197342,0.3808983784505418,0,0,3.712339006597176,1,1
miku-random-v2,crossing_pedestrian,75,B2,B2-IterativePVD,1,1,0,0.5351939575214214,0.5084387662087797,9.0,9.0,1.0,3.445840129631101,31.01256116667991,1.3265998718565772,0.4125402305197342,0.3808983784505418,0,0,11.459598987130448,3,1
miku-random-v2,crossing_pedestrian,75,MIKU,MIKU,1,1,0,0.2225464715363079,0.23645461176003932,9.0,9.0,1.0,3.4444445555555556,31.000001,1.6148196114596873,0.0,0.5807352868365282,0,0,5.192712997086346,1,0
miku-random-v2,crossing_pedestrian,76,B0,B0-TimeBlind,1,1,0,0.08738255448787546,0.2042928800539338,9.0,9.0,1.0,3.4444445555555556,31.000001,2.4961451830508072,0.0,1.0017828242266353,0,0,4.739308002172038,1,1
miku-random-v2,crossing_pedestrian,76,B1,B1-TimeAwareGreedy,1,1,0,0.08738255448787546,0.2042928800539338,9.0,9.0,1.0,3.4444445555555556,31.000001,2.4961451830508072,0.0,1.0017828242266353,0,0,4.720355995232239,1,1
miku-random-v2,crossing_pedestrian,76,B2,B2-IterativePVD,1,1,0,0.08738255448787546,0.2042928800539338,9.0,9.0,1.0,3.4444445555555556,31.000001,2.4961451830508072,0.0,1.0017828242266353,0,0,14.318299014121294,3,1
miku-random-v2,crossing_pedestrian,76,MIKU,MIKU,1,1,0,0.10862322870646336,0.24152959361539325,9.0,9.0,1.0,3.4444445555555556,31.000001,2.506874071454921,0.0,1.0073659528339014,0,0,5.003928003134206,1,0
miku-random-v2,crossing_pedestrian,77,B0,B0-TimeBlind,1,1,0,0.2806511300807219,0.32227423749261375,9.0,9.0,1.0,3.4444445555555556,31.000001,0.8739716806856691,0.0,0.25093805830017085,0,0,3.326764010125771,1,1
miku-random-v2,crossing_pedestrian,77,B1,B1-TimeAwareGreedy,1,1,0,0.46445839735646527,0.41594481276122813,9.0,9.0,1.0,3.444640937836322,31.0017684405269,0.8739716806856691,0.12099340576064764,0.25093805830017085,0,0,3.736009995918721,1,1
miku-random-v2,crossing_pedestrian,77,B2,B2-IterativePVD,1,1,0,0.46445839735646527,0.41594481276122813,9.0,9.0,1.0,3.444640937836322,31.0017684405269,0.8739716806856691,0.12099340576064764,0.25093805830017085,0,0,10.635676997480914,3,1
miku-random-v2,crossing_pedestrian,77,MIKU,MIKU,1,1,0,0.2806511300807219,0.32227423749261375,9.0,9.0,1.0,3.4444445555555556,31.000001,0.8739716806856691,0.0,0.25093805830017085,0,0,3.573611000319943,1,0
miku-random-v2,crossing_pedestrian,78,B0,B0-TimeBlind,1,1,0,0.12382788741781332,0.21408931361205985,9.0,9.0,1.0,3.4444445555555556,31.000001,3.33589276304986,0.0,1.5083741130262893,0,0,6.976253003813326,1,1
miku-random-v2,crossing_pedestrian,78,B1,B1-TimeAwareGreedy,1,1,0,0.12382788741781332,0.21408931361205985,9.0,9.0,1.0,3.4444445555555556,31.000001,3.33589276304986,0.0,1.5083741130262893,0,0,7.010724977590144,1,1
miku-random-v2,crossing_pedestrian,78,B2,B2-IterativePVD,1,1,0,0.12382788741781332,0.21408931361205985,9.0,9.0,1.0,3.4444445555555556,31.000001,3.33589276304986,0.0,1.5083741130262893,0,0,21.24017500318587,3,1
miku-random-v2,crossing_pedestrian,78,MIKU,MIKU,1,1,0,0.1510704003220468,0.25835628808966304,9.0,9.0,1.0,3.4444445555555556,31.000001,3.35792130817505,0.0,1.5199259242027554,0,0,6.237952009541914,1,0
miku-random-v2,crossing_pedestrian,79,B0,B0-TimeBlind,1,1,0,0.1083395095912476,0.036985401395617054,9.0,9.0,1.0,3.4444445555555556,31.000001,1.7860631041306725,0.0,0.6639390228392755,0,0,5.2603849908337,1,1
miku-random-v2,crossing_pedestrian,79,B1,B1-TimeAwareGreedy,0,0,0,2.288854680386088,1.3310737501046257,,14.0,0.45161293582507783,1.5555615861785141,14.000054275606628,3.0359883251188435,0.0,1.1863330252144526,0,1,19.345242995768785,1,1
miku-random-v2,crossing_pedestrian,79,B2,B2-IterativePVD,1,1,0,0.1083395095912476,0.036985401395617054,9.0,9.0,1.0,3.4444445555555556,31.000001,1.7860631041306725,0.0,0.6639390228392755,0,0,30.617039010394365,3,0
miku-random-v2,crossing_pedestrian,79,MIKU,MIKU,1,1,0,0.21845206933758265,0.15174413082205732,9.0,9.0,1.0,3.4444445555555556,31.000001,1.9616911709202853,0.0,0.7520542763835988,0,0,4.626637004548684,1,0
miku-random-v2,crossing_pedestrian,80,B0,B0-TimeBlind,1,1,0,0.5518196650095455,0.5321764450440137,9.0,9.0,1.0,3.444444555555555,31.000000999999997,0.9831842862834679,0.0,0.2822955951589097,0,0,3.446318005444482,1,1
miku-random-v2,crossing_pedestrian,80,B1,B1-TimeAwareGreedy,1,1,0,0.711908095877901,0.6202164559341946,9.0,9.0,1.0,3.4445569404000325,31.001012463600294,0.9831842862834679,0.06570735697745594,0.2822955951589097,0,0,3.7076529988553375,1,1
miku-random-v2,crossing_pedestrian,80,B2,B2-IterativePVD,1,1,0,0.711908095877901,0.6202164559341946,9.0,9.0,1.0,3.4445569404000325,31.001012463600294,0.9831842862834679,0.06570735697745594,0.2822955951589097,0,0,10.761740006273612,3,1
miku-random-v2,crossing_pedestrian,80,MIKU,MIKU,1,1,0,0.5518196650095455,0.5321764450440137,9.0,9.0,1.0,3.444444555555555,31.000000999999997,0.9831842862834679,0.0,0.2822955951589097,0,0,3.7214590120129287,1,0
miku-random-v2,crossing_pedestrian,81,B0,B0-TimeBlind,1,1,0,0.10648084851668549,0.06276031440216309,9.0,9.0,1.0,3.4444445555555565,31.000001000000008,4.0,0.0,1.9738254040677092,0,0,6.197501992573962,1,1
miku-random-v2,crossing_pedestrian,81,B1,B1-TimeAwareGreedy,1,1,0,0.10648084851668549,0.06276031440216309,9.0,9.0,1.0,3.4444445555555565,31.000001000000008,4.0,0.0,1.9738254040677092,0,0,6.223119009518996,1,1
miku-random-v2,crossing_pedestrian,81,B2,B2-IterativePVD,1,1,0,0.10648084851668549,0.06276031440216309,9.0,9.0,1.0,3.4444445555555565,31.000001000000008,4.0,0.0,1.9738254040677092,0,0,18.950930010760203,3,1
miku-random-v2,crossing_pedestrian,81,MIKU,MIKU,1,1,0,0.2265792821526142,0.18885777549227104,9.0,9.0,1.0,3.4444445555555614,31.00000100000005,4.0,0.0,2.1083701757128424,0,0,11.28835100098513,1,0
miku-random-v2,crossing_pedestrian,82,B0,B0-TimeBlind,1,1,0,0.10444182500569732,0.07767231352328312,9.0,9.0,1.0,3.4444445555555556,31.000001,3.714810891523107,0.0,1.6461410667537713,0,0,7.121888018446043,1,1
miku-random-v2,crossing_pedestrian,82,B1,B1-TimeAwareGreedy,1,1,0,0.10444182500569732,0.07767231352328312,9.0,9.0,1.0,3.4444445555555556,31.000001,3.714810891523107,0.0,1.6461410667537713,0,0,7.024835009360686,1,1
miku-random-v2,crossing_pedestrian,82,B2,B2-IterativePVD,1,1,0,0.10444182500569732,0.07767231352328312,9.0,9.0,1.0,3.4444445555555556,31.000001,3.714810891523107,0.0,1.6461410667537713,0,0,21.44776700879447,3,1
miku-random-v2,crossing_pedestrian,82,MIKU,MIKU,1,1,0,0.2256282225487813,0.21218928631834,9.0,9.0,1.0,3.4444445555555556,31.000001,3.8321592733614542,0.0,1.6998921590991445,0,0,6.835342006525025,1,0
miku-random-v2,crossing_pedestrian,83,B0,B0-TimeBlind,1,1,0,0.05882023014988613,0.09321887838506943,9.0,9.0,1.0,3.4444445555555556,31.000001,2.1264277030339382,0.0,0.8342535827100358,0,0,4.688743007136509,1,1
miku-random-v2,crossing_pedestrian,83,B1,B1-TimeAwareGreedy,1,1,0,0.05882023014988613,0.09321887838506943,9.0,9.0,1.0,3.4444445555555556,31.000001,2.1264277030339382,0.0,0.8342535827100358,0,0,4.726163984742016,1,1
miku-random-v2,crossing_pedestrian,83,B2,B2-IterativePVD,1,1,0,0.05882023014988613,0.09321887838506943,9.0,9.0,1.0,3.4444445555555556,31.000001,2.1264277030339382,0.0,0.8342535827100358,0,0,15.277325990609825,3,0
miku-random-v2,crossing_pedestrian,83,MIKU,MIKU,1,1,0,0.1384545163810771,0.23178465118030106,9.0,9.0,1.0,3.4444445555555556,31.000001,2.16199187998287,0.0,0.8524561800993353,0,0,4.943780979374424,1,0
miku-random-v2,crossing_pedestrian,84,B0,B0-TimeBlind,1,1,0,0.09016754956636523,0.10745176477336657,9.0,9.0,1.0,3.4444445555555556,31.000001,0.9205276133103418,0.0,0.2643053739619491,0,0,3.3730569994077086,1,1
miku-random-v2,crossing_pedestrian,84,B1,B1-TimeAwareGreedy,1,1,0,0.6973776151184111,0.6600608909442922,9.0,9.0,1.0,3.4457948564905942,31.012153708415347,0.9205276133103418,0.22474274681376566,0.2643053739619491,0,0,3.6085289902985096,1,1
miku-random-v2,crossing_pedestrian,84,B2,B2-IterativePVD,1,1,0,0.6973776151184111,0.6600608909442922,9.0,9.0,1.0,3.4457948564905942,31.012153708415347,0.9205276133103418,0.22474274681376566,0.2643053739619491,0,0,11.032248003175482,3,1
miku-random-v2,crossing_pedestrian,84,MIKU,MIKU,1,1,0,0.17741543325271336,0.1481678421997275,9.0,9.0,1.0,3.444444555555556,31.000001000000005,0.9418451793463859,0.0,0.28181289769670054,0,0,4.827037977520376,1,0
miku-random-v2,crossing_pedestrian,85,B0,B0-TimeBlind,1,1,0,1.2094311164774743,0.9510466343514526,9.0,9.0,1.0,3.4444445555555556,31.000001,0.8595337307395123,0.0,0.24679257944154326,0,0,3.337041998747736,1,1
miku-random-v2,crossing_pedestrian,85,B1,B1-TimeAwareGreedy,1,1,0,1.2094311164774743,0.9510466343514526,9.0,9.0,1.0,3.4444445555555556,31.000001,0.8595337307395123,0.0,0.24679257944154326,0,0,3.3310600265394896,1,1
miku-random-v2,crossing_pedestrian,85,B2,B2-IterativePVD,1,1,0,1.2094311164774743,0.9510466343514526,9.0,9.0,1.0,3.4444445555555556,31.000001,0.8595337307395123,0.0,0.24679257944154326,0,0,10.169996996410191,3,1
miku-random-v2,crossing_pedestrian,85,MIKU,MIKU,1,1,0,1.2094311164774743,0.9510466343514526,9.0,9.0,1.0,3.4444445555555556,31.000001,0.8595337307395123,0.0,0.24679257944154326,0,0,3.6094259994570166,1,0
miku-random-v2,crossing_pedestrian,86,B0,B0-TimeBlind,1,1,0,0.3492634870100739,0.2778264835710144,9.0,9.0,1.0,3.4444445555555556,31.000001,1.0975337049136535,0.0,0.31512803322632993,0,0,3.4100229968316853,1,1
miku-random-v2,crossing_pedestrian,86,B1,B1-TimeAwareGreedy,1,1,0,0.469319358932625,0.3719540970708913,9.0,9.0,1.0,3.4445154538929064,31.00063908503616,1.0975337049136535,0.0909038208595425,0.31512803322632993,0,0,3.8386750093195587,1,1
miku-random-v2,crossing_pedestrian,86,B2,B2-IterativePVD,1,1,0,0.469319358932625,0.3719540970708913,9.0,9.0,1.0,3.4445154538929064,31.00063908503616,1.0975337049136535,0.0909038208595425,0.31512803322632993,0,0,11.061552009778097,3,1
miku-random-v2,crossing_pedestrian,86,MIKU,MIKU,1,1,0,0.3492634870100739,0.2778264835710144,9.0,9.0,1.0,3.4444445555555556,31.000001,1.0975337049136535,0.0,0.31512803322632993,0,0,3.695935010910034,1,0
miku-random-v2,crossing_pedestrian,87,B0,B0-TimeBlind,1,1,0,0.5651427638355817,0.5123695905080706,9.0,9.0,1.0,3.4444445555555556,31.000001,1.060579979068472,0.0,0.30451773953436,0,0,3.4319130063522607,1,1
miku-random-v2,crossing_pedestrian,87,B1,B1-TimeAwareGreedy,1,1,0,0.5951950505843737,0.5123695905080706,9.0,9.0,1.0,3.444448870644055,31.000039835796496,1.060579979068472,0.01895042460569006,0.30451773953436,0,0,3.757384984055534,1,1
miku-random-v2,crossing_pedestrian,87,B2,B2-IterativePVD,1,1,0,0.5951950505843737,0.5123695905080706,9.0,9.0,1.0,3.444448870644055,31.000039835796496,1.060579979068472,0.01895042460569006,0.30451773953436,0,0,10.745142993982881,3,1
miku-random-v2,crossing_pedestrian,87,MIKU,MIKU,1,1,0,0.5651427638355817,0.5123695905080706,9.0,9.0,1.0,3.4444445555555556,31.000001,1.060579979068472,0.0,0.30451773953436,0,0,3.700087981997058,1,0
miku-random-v2,crossing_pedestrian,88,B0,B0-TimeBlind,1,1,0,0.15332064996512873,0.4335069373651168,9.0,9.0,1.0,3.4444445555555583,31.000001000000026,4.0,0.0,2.090552743361706,0,0,20.04361301078461,1,1
miku-random-v2,crossing_pedestrian,88,B1,B1-TimeAwareGreedy,1,1,0,0.15332064996512873,0.4335069373651168,9.0,9.0,1.0,3.4444445555555583,31.000001000000026,4.0,0.0,2.090552743361706,0,0,20.13641397934407,1,1
miku-random-v2,crossing_pedestrian,88,B2,B2-IterativePVD,1,1,0,0.15332064996512873,0.4335069373651168,9.0,9.0,1.0,3.4444445555555583,31.000001000000026,4.0,0.0,2.090552743361706,0,0,60.4710660118144,3,1
miku-random-v2,crossing_pedestrian,88,MIKU,MIKU,1,1,0,0.20285688939320556,0.4743119187554039,9.0,9.0,1.0,3.4444445555555587,31.00000100000003,4.0,0.0,2.1080006936389895,0,0,27.7521230163984,1,0
miku-random-v2,crossing_pedestrian,89,B0,B0-TimeBlind,1,1,0,0.08388171727747418,0.1869741154512446,9.0,9.0,1.0,3.4444445555555556,31.000001,3.5057138745716663,0.0,1.462862989701893,0,0,6.9855299952905625,1,1
miku-random-v2,crossing_pedestrian,89,B1,B1-TimeAwareGreedy,1,1,0,0.08388171727747418,0.1869741154512446,9.0,9.0,1.0,3.4444445555555556,31.000001,3.5057138745716663,0.0,1.462862989701893,0,0,6.9507430016528815,1,1
miku-random-v2,crossing_pedestrian,89,B2,B2-IterativePVD,1,1,0,0.08388171727747418,0.1869741154512446,9.0,9.0,1.0,3.4444445555555556,31.000001,3.5057138745716663,0.0,1.462862989701893,0,0,21.192918997257948,3,1
miku-random-v2,crossing_pedestrian,89,MIKU,MIKU,1,1,0,0.18323627390868816,0.3854110492984149,9.0,9.0,1.0,3.4444445555555556,31.000001,3.5385844329935745,0.0,1.4762990346212557,0,0,7.08820900763385,1,0
miku-random-v2,crossing_pedestrian,90,B0,B0-TimeBlind,1,1,0,0.14235125929365317,0.5593785229977243,9.0,9.0,1.0,3.444444555555555,31.000000999999997,3.378212030730978,0.0,1.4337411478267132,0,0,8.117885008687153,1,1
miku-random-v2,crossing_pedestrian,90,B1,B1-TimeAwareGreedy,1,1,0,0.14235125929365317,0.5593785229977243,9.0,9.0,1.0,3.444444555555555,31.000000999999997,3.378212030730978,0.0,1.4337411478267132,0,0,8.158110023941845,1,1
miku-random-v2,crossing_pedestrian,90,B2,B2-IterativePVD,1,1,0,0.14235125929365317,0.5593785229977243,9.0,9.0,1.0,3.444444555555555,31.000000999999997,3.378212030730978,0.0,1.4337411478267132,0,0,24.92102500400506,3,1
miku-random-v2,crossing_pedestrian,90,MIKU,MIKU,1,1,0,0.21052584642213404,0.5940705855063478,9.0,9.0,1.0,3.4444445555555556,31.000001,3.388984594690762,0.0,1.4380878037318487,0,0,9.498092986177653,1,0
miku-random-v2,crossing_pedestrian,91,B0,B0-TimeBlind,1,1,0,0.05277626387140022,0.06980730453742119,9.0,9.0,1.0,3.4444445555555556,31.000001,1.7487454644524782,0.0,0.7273984573019717,0,0,4.913075012154877,1,1
miku-random-v2,crossing_pedestrian,91,B1,B1-TimeAwareGreedy,1,1,0,0.05277626387140022,0.06980730453742119,9.0,9.0,1.0,3.4444445555555556,31.000001,1.7487454644524782,0.0,0.7273984573019717,0,0,4.875262995483354,1,1
miku-random-v2,crossing_pedestrian,91,B2,B2-IterativePVD,1,1,0,0.05277626387140022,0.06980730453742119,9.0,9.0,1.0,3.4444445555555556,31.000001,1.7487454644524782,0.0,0.7273984573019717,0,0,15.949721011565998,3,0
miku-random-v2,crossing_pedestrian,91,MIKU,MIKU,1,1,0,0.12238192584142052,0.19918307099229693,9.0,9.0,1.0,3.4444445555555556,31.000001,1.817352873729059,0.0,0.7614206784909636,0,0,4.983074002666399,1,0
miku-random-v2,crossing_pedestrian,92,B0,B0-TimeBlind,1,1,0,0.1151693218950792,0.36751026903025064,9.0,9.0,1.0,3.4444444444444446,31.0,3.925894349497611,0.0,1.7657023337636655,0,0,14.112798002315685,1,1
miku-random-v2,crossing_pedestrian,92,B1,B1-TimeAwareGreedy,1,1,0,0.1151693218950792,0.36751026903025064,9.0,9.0,1.0,3.4444444444444446,31.0,3.925894349497611,0.0,1.7657023337636655,0,0,14.080497989198193,1,1
miku-random-v2,crossing_pedestrian,92,B2,B2-IterativePVD,1,1,0,0.12139798132014003,0.45105084659510253,9.0,9.0,1.0,3.4445375512318543,31.000837961086688,3.9146783266442458,0.018595915684225424,1.7544900087621562,0,0,46.44662098144181,3,0
miku-random-v2,crossing_pedestrian,92,MIKU,MIKU,1,1,0,0.18654641078802256,0.6232717361451281,9.0,9.0,1.0,3.4444448684311575,31.00000381588042,3.95346475598635,0.0,1.7868263464489134,0,0,10.294951993273571,1,0
miku-random-v2,crossing_pedestrian,93,B0,B0-TimeBlind,1,1,0,0.05712892713187835,0.12825288676440094,9.0,9.0,1.0,3.4444445555555556,31.000001,4.0,0.0,1.8725060618995837,0,0,7.033066009171307,1,1
miku-random-v2,crossing_pedestrian,93,B1,B1-TimeAwareGreedy,1,1,0,0.05712892713187835,0.12825288676440094,9.0,9.0,1.0,3.4444445555555556,31.000001,4.0,0.0,1.8725060618995837,0,0,7.1415619750041515,1,1
miku-random-v2,crossing_pedestrian,93,B2,B2-IterativePVD,1,1,0,0.05712892713187835,0.12825288676440094,9.0,9.0,1.0,3.4444445555555556,31.000001,4.0,0.0,1.8725060618995837,0,0,21.536337008001283,3,1
miku-random-v2,crossing_pedestrian,93,MIKU,MIKU,1,1,0,0.2453744540067977,0.3786480325325241,9.0,9.0,1.0,3.444444555555556,31.000001000000005,4.0,0.0,1.9284568040919534,0,0,7.874326984165236,1,0
miku-random-v2,crossing_pedestrian,94,B0,B0-TimeBlind,1,1,0,0.058100684879578465,0.15517840819707077,9.0,9.0,1.0,3.4444445555555556,31.000001,3.0643445122901007,0.0,1.280489665382743,0,0,5.80607500160113,1,1
miku-random-v2,crossing_pedestrian,94,B1,B1-TimeAwareGreedy,1,1,0,0.058100684879578465,0.15517840819707077,9.0,9.0,1.0,3.4444445555555556,31.000001,3.0643445122901007,0.0,1.280489665382743,0,0,5.876435985555872,1,1
miku-random-v2,crossing_pedestrian,94,B2,B2-IterativePVD,1,1,0,0.058100684879578465,0.15517840819707077,9.0,9.0,1.0,3.4444445555555556,31.000001,3.0643445122901007,0.0,1.280489665382743,0,0,17.788527999073267,3,1
miku-random-v2,crossing_pedestrian,94,MIKU,MIKU,1,1,0,0.156543991152583,0.33149122735711656,9.0,9.0,1.0,3.4444445555555556,31.000001,3.0982483606488547,0.0,1.2957182821771507,0,0,5.461629014462233,1,0
miku-random-v2,crossing_pedestrian,95,B0,B0-TimeBlind,1,1,0,0.1251040521081057,0.1532959622515332,9.0,9.0,1.0,3.4444445555555556,31.000001,2.3907268506130332,0.0,1.0005834405910292,0,0,4.787641984876245,1,1
miku-random-v2,crossing_pedestrian,95,B1,B1-TimeAwareGreedy,1,1,0,0.1251040521081057,0.1532959622515332,9.0,9.0,1.0,3.4444445555555556,31.000001,2.3907268506130332,0.0,1.0005834405910292,0,0,4.756881011417136,1,1
miku-random-v2,crossing_pedestrian,95,B2,B2-IterativePVD,1,1,0,0.1251040521081057,0.1532959622515332,9.0,9.0,1.0,3.4444445555555556,31.000001,2.3907268506130332,0.0,1.0005834405910292,0,0,16.384251997806132,3,0
miku-random-v2,crossing_pedestrian,95,MIKU,MIKU,1,1,0,0.1251040521081057,0.17272685095819126,9.0,9.0,1.0,3.4444445555555556,31.000001,2.410309627561679,0.0,1.0110387798718843,0,0,4.980666999472305,1,0
miku-random-v2,crossing_pedestrian,96,B0,B0-TimeBlind,1,1,0,0.07196428593560468,0.11169982454734254,9.0,9.0,1.0,3.444444555555555,31.000000999999997,3.2745394022964747,0.0,1.4242053891302482,0,0,7.25749900448136,1,1
miku-random-v2,crossing_pedestrian,96,B1,B1-TimeAwareGreedy,1,1,0,0.07196428593560468,0.11169982454734254,9.0,9.0,1.0,3.444444555555555,31.000000999999997,3.2745394022964747,0.0,1.4242053891302482,0,0,7.31234101112932,1,1
miku-random-v2,crossing_pedestrian,96,B2,B2-IterativePVD,1,1,0,0.07196428593560468,0.11169982454734254,9.0,9.0,1.0,3.444444555555555,31.000000999999997,3.2745394022964747,0.0,1.4242053891302482,0,0,22.102677990915254,3,1
miku-random-v2,crossing_pedestrian,96,MIKU,MIKU,1,1,0,0.19449942771166365,0.2643776165126674,9.0,9.0,1.0,3.444444555555555,31.000000999999997,3.3381150352845017,0.0,1.4531596705163856,0,0,7.130103011149913,1,0
miku-random-v2,crossing_pedestrian,97,B0,B0-TimeBlind,1,1,0,0.1409956590894918,0.4502914021282756,9.0,9.0,1.0,3.444444444444444,30.999999999999996,2.7741504998983335,0.0,1.2255902886720174,0,0,6.993399991188198,1,1
miku-random-v2,crossing_pedestrian,97,B1,B1-TimeAwareGreedy,1,1,0,0.1409956590894918,0.4502914021282756,9.0,9.0,1.0,3.444444444444444,30.999999999999996,2.7741504998983335,0.0,1.2255902886720174,0,0,6.993137998506427,1,1
miku-random-v2,crossing_pedestrian,97,B2,B2-IterativePVD,1,1,0,0.1409956590894918,0.4502914021282756,9.0,9.0,1.0,3.444444444444444,30.999999999999996,2.7741504998983335,0.0,1.2255902886720174,0,0,21.143987018149346,3,1
miku-random-v2,crossing_pedestrian,97,MIKU,MIKU,1,1,0,0.18362782476151424,0.591940651355832,9.0,9.0,1.0,3.444444444444444,30.999999999999996,2.7860788598510062,0.0,1.23186145668553,0,0,7.524931017542258,1,0
miku-random-v2,crossing_pedestrian,98,B0,B0-TimeBlind,0,1,1,0.02116805733097271,0.056200563676262354,9.0,14.0,1.0,3.444444555555555,31.000000999999997,2.9797939292754694,0.0,1.3348972245202984,0,0,6.662497005891055,1,1
miku-random-v2,crossing_pedestrian,98,B1,B1-TimeAwareGreedy,0,1,1,0.02116805733097271,0.056200563676262354,9.0,14.0,1.0,3.444444555555555,31.000000999999997,2.9797939292754694,0.0,1.3348972245202984,0,0,6.64227400557138,1,1
miku-random-v2,crossing_pedestrian,98,B2,B2-IterativePVD,0,1,1,0.02116805733097271,0.056200563676262354,9.0,14.0,1.0,3.444444555555555,31.000000999999997,2.9797939292754694,0.0,1.3348972245202984,0,0,20.302210992667824,3,1
miku-random-v2,crossing_pedestrian,98,MIKU,MIKU,1,1,0,0.23830475668983028,0.27604938395843454,9.0,9.0,1.0,3.4444445555555556,31.000001,3.282106795487345,0.0,1.4758669240602509,0,0,7.810815004631877,1,0
miku-random-v2,crossing_pedestrian,99,B0,B0-TimeBlind,1,1,0,0.5828272890544975,0.48818561050435805,9.0,9.0,1.0,3.4444445555555556,31.000001,1.2608541148361812,0.0,0.36202120774494384,0,0,3.5607750178314745,1,1
miku-random-v2,crossing_pedestrian,99,B1,B1-TimeAwareGreedy,1,1,0,0.6061181662203143,0.48818561050435805,9.0,9.0,1.0,3.44444677921341,31.00002101292069,1.2608541148361812,0.0154926980316779,0.36202120774494384,0,0,3.8560350076295435,1,1
miku-random-v2,crossing_pedestrian,99,B2,B2-IterativePVD,1,1,0,0.6061181662203143,0.48818561050435805,9.0,9.0,1.0,3.44444677921341,31.00002101292069,1.2608541148361812,0.0154926980316779,0.36202120774494384,0,0,11.219730018638074,3,1
miku-random-v2,crossing_pedestrian,99,MIKU,MIKU,1,1,0,0.5828272890544975,0.48818561050435805,9.0,9.0,1.0,3.4444445555555556,31.000001,1.2608541148361812,0.0,0.36202120774494384,0,0,3.7500129838008434,1,0
miku-random-v2,vehicle_cut_in,0,B0,B0-TimeBlind,1,1,0,0.2663284565568045,0.3368409968695597,10.0,10.0,1.0,4.100000099999999,41.00000099999999,2.2751522875794628,0.0,0.7483523924551522,0,0,7.364041986875236,1,1
miku-random-v2,vehicle_cut_in,0,B1,B1-TimeAwareGreedy,1,1,0,0.2663284565568045,0.3368409968695597,10.0,10.0,1.0,4.100000099999999,41.00000099999999,2.2751522875794628,0.0,0.7483523924551522,0,0,7.1455989964306355,1,1
miku-random-v2,vehicle_cut_in,0,B2,B2-IterativePVD,1,1,0,0.2663284565568045,0.3368409968695597,10.0,10.0,1.0,4.100000099999999,41.00000099999999,2.2751522875794628,0.0,0.7483523924551522,0,0,21.81751700118184,3,1
miku-random-v2,vehicle_cut_in,0,MIKU,MIKU,1,1,0,0.2663284565568045,0.3368409968695597,10.0,10.0,1.0,4.100000099999999,41.00000099999999,2.2751522875794628,0.0,0.7483523924551522,0,0,7.452071993611753,1,0
miku-random-v2,vehicle_cut_in,1,B0,B0-TimeBlind,1,1,0,3.1524189915751784,2.3547182997967364,10.0,10.0,1.0,4.100000099999999,41.00000099999999,1.2893048485188476,0.0,0.3598824393926472,0,0,3.8085189880803227,1,1
miku-random-v2,vehicle_cut_in,1,B1,B1-TimeAwareGreedy,1,1,0,3.1524189915751784,2.3547182997967364,10.0,10.0,1.0,4.100000099999999,41.00000099999999,1.2893048485188476,0.0,0.3598824393926472,0,0,3.725194022990763,1,1
miku-random-v2,vehicle_cut_in,1,B2,B2-IterativePVD,1,1,0,3.1524189915751784,2.3547182997967364,10.0,10.0,1.0,4.100000099999999,41.00000099999999,1.2893048485188476,0.0,0.3598824393926472,0,0,11.374263995094225,3,1
miku-random-v2,vehicle_cut_in,1,MIKU,MIKU,1,1,0,3.1524189915751784,2.3547182997967364,10.0,10.0,1.0,4.100000099999999,41.00000099999999,1.2893048485188476,0.0,0.3598824393926472,0,0,4.028035007650033,1,0
miku-random-v2,vehicle_cut_in,2,B0,B0-TimeBlind,1,1,0,3.74533917572443,2.557835435483491,10.0,10.0,1.0,4.100000099999998,41.00000099999998,1.1934417323769237,0.0,0.3331242587152729,0,0,3.632891020970419,1,1
miku-random-v2,vehicle_cut_in,2,B1,B1-TimeAwareGreedy,1,1,0,3.74533917572443,2.557835435483491,10.0,10.0,1.0,4.100000099999998,41.00000099999998,1.1934417323769237,0.0,0.3331242587152729,0,0,3.6182049952913076,1,1
miku-random-v2,vehicle_cut_in,2,B2,B2-IterativePVD,1,1,0,3.74533917572443,2.557835435483491,10.0,10.0,1.0,4.100000099999998,41.00000099999998,1.1934417323769237,0.0,0.3331242587152729,0,0,11.154095001984388,3,1
miku-random-v2,vehicle_cut_in,2,MIKU,MIKU,1,1,0,3.74533917572443,2.557835435483491,10.0,10.0,1.0,4.100000099999998,41.00000099999998,1.1934417323769237,0.0,0.3331242587152729,0,0,3.9204159984365106,1,0
miku-random-v2,vehicle_cut_in,3,B0,B0-TimeBlind,1,1,0,6.16953372287329,2.7890226524439905,10.0,10.0,1.0,4.100000099999999,41.00000099999999,1.7190496072804904,0.0,0.47983668626977244,0,0,3.4697910014074296,1,1
miku-random-v2,vehicle_cut_in,3,B1,B1-TimeAwareGreedy,1,1,0,6.16953372287329,2.7890226524439905,10.0,10.0,1.0,4.100000099999999,41.00000099999999,1.7190496072804904,0.0,0.47983668626977244,0,0,3.439356980379671,1,1
miku-random-v2,vehicle_cut_in,3,B2,B2-IterativePVD,1,1,0,6.16953372287329,2.7890226524439905,10.0,10.0,1.0,4.100000099999999,41.00000099999999,1.7190496072804904,0.0,0.47983668626977244,0,0,10.518025024794042,3,1
miku-random-v2,vehicle_cut_in,3,MIKU,MIKU,1,1,0,6.16953372287329,2.7890226524439905,10.0,10.0,1.0,4.100000099999999,41.00000099999999,1.7190496072804904,0.0,0.47983668626977244,0,0,3.721151006175205,1,0
miku-random-v2,vehicle_cut_in,4,B0,B0-TimeBlind,1,1,0,1.2014513465976977,1.597732131899668,10.0,10.0,1.0,4.100000099999998,41.00000099999998,1.2526096982968287,0.0,0.34963975691849836,0,0,3.8003020163159817,1,1
miku-random-v2,vehicle_cut_in,4,B1,B1-TimeAwareGreedy,1,1,0,1.2014513465976977,1.597732131899668,10.0,10.0,1.0,4.100000099999998,41.00000099999998,1.2526096982968287,0.0,0.34963975691849836,0,0,3.84505299734883,1,1
miku-random-v2,vehicle_cut_in,4,B2,B2-IterativePVD,1,1,0,1.2014513465976977,1.597732131899668,10.0,10.0,1.0,4.100000099999998,41.00000099999998,1.2526096982968287,0.0,0.34963975691849836,0,0,11.542045016540214,3,1
miku-random-v2,vehicle_cut_in,4,MIKU,MIKU,1,1,0,1.2014513465976977,1.597732131899668,10.0,10.0,1.0,4.100000099999998,41.00000099999998,1.2526096982968287,0.0,0.34963975691849836,0,0,4.050366987939924,1,0
miku-random-v2,vehicle_cut_in,5,B0,B0-TimeBlind,0,0,0,0.25737151190645413,0.4834851765906037,,15.0,0.8364652970099575,3.429507717740826,34.29507717740826,1.5632896253600979,0.0,0.5135716448782525,0,1,8.813999011181295,1,1
miku-random-v2,vehicle_cut_in,5,B1,B1-TimeAwareGreedy,0,0,0,0.25737151190645413,0.4834851765906037,,15.0,0.8364652970099575,3.429507717740826,34.29507717740826,1.5632896253600979,0.0,0.5135716448782525,0,1,8.610380988102406,1,1
miku-random-v2,vehicle_cut_in,5,B2,B2-IterativePVD,0,0,0,0.25737151190645413,0.4834851765906037,,15.0,0.8364652970099575,3.429507717740826,34.29507717740826,1.5632896253600979,0.0,0.5135716448782525,0,1,26.135990978218615,3,1
miku-random-v2,vehicle_cut_in,5,MIKU,MIKU,0,0,0,0.25737151190645413,0.4834851765906037,,15.0,0.8364652970099575,3.429507717740826,34.29507717740826,1.5632896253600979,0.0,0.5135716448782525,0,1,18.26523701311089,2,0
miku-random-v2,vehicle_cut_in,6,B0,B0-TimeBlind,1,1,0,3.641137930686586,2.604428209656615,10.0,10.0,1.0,4.1000001,41.000001,1.1465843175699313,0.0,0.3200449929669752,0,0,3.658123023342341,1,1
miku-random-v2,vehicle_cut_in,6,B1,B1-TimeAwareGreedy,1,1,0,3.641137930686586,2.604428209656615,10.0,10.0,1.0,4.1000001,41.000001,1.1465843175699313,0.0,0.3200449929669752,0,0,3.6422369885258377,1,1
miku-random-v2,vehicle_cut_in,6,B2,B2-IterativePVD,1,1,0,3.641137930686586,2.604428209656615,10.0,10.0,1.0,4.1000001,41.000001,1.1465843175699313,0.0,0.3200449929669752,0,0,11.092408007243648,3,1
miku-random-v2,vehicle_cut_in,6,MIKU,MIKU,1,1,0,3.641137930686586,2.604428209656615,10.0,10.0,1.0,4.1000001,41.000001,1.1465843175699313,0.0,0.3200449929669752,0,0,3.9304120000451803,1,0
miku-random-v2,vehicle_cut_in,7,B0,B0-TimeBlind,1,1,0,4.111202968833716,2.609001367898327,10.0,10.0,1.0,4.100000099999999,41.00000099999999,1.2554312819482885,0.0,0.35042734288670685,0,0,3.6283529771026224,1,1
miku-random-v2,vehicle_cut_in,7,B1,B1-TimeAwareGreedy,1,1,0,4.111202968833716,2.609001367898327,10.0,10.0,1.0,4.100000099999999,41.00000099999999,1.2554312819482885,0.0,0.35042734288670685,0,0,3.635428991401568,1,1
miku-random-v2,vehicle_cut_in,7,B2,B2-IterativePVD,1,1,0,4.111202968833716,2.609001367898327,10.0,10.0,1.0,4.100000099999999,41.00000099999999,1.2554312819482885,0.0,0.35042734288670685,0,0,11.285699001746252,3,1
miku-random-v2,vehicle_cut_in,7,MIKU,MIKU,1,1,0,4.111202968833716,2.609001367898327,10.0,10.0,1.0,4.100000099999999,41.00000099999999,1.2554312819482885,0.0,0.35042734288670685,0,0,3.921116003766656,1,0
miku-random-v2,vehicle_cut_in,8,B0,B0-TimeBlind,1,1,0,4.2378111886309195,2.8247419971098533,10.0,10.0,1.0,4.100000099999999,41.00000099999999,1.110327080524118,0.0,0.3099245447823155,0,0,3.7270309985615313,1,1
miku-random-v2,vehicle_cut_in,8,B1,B1-TimeAwareGreedy,1,1,0,4.2378111886309195,2.8247419971098533,10.0,10.0,1.0,4.100000099999999,41.00000099999999,1.110327080524118,0.0,0.3099245447823155,0,0,3.649534977739677,1,1
miku-random-v2,vehicle_cut_in,8,B2,B2-IterativePVD,1,1,0,4.2378111886309195,2.8247419971098533,10.0,10.0,1.0,4.100000099999999,41.00000099999999,1.110327080524118,0.0,0.3099245447823155,0,0,11.191189027158543,3,1
miku-random-v2,vehicle_cut_in,8,MIKU,MIKU,1,1,0,4.2378111886309195,2.8247419971098533,10.0,10.0,1.0,4.100000099999999,41.00000099999999,1.110327080524118,0.0,0.3099245447823155,0,0,3.960528993047774,1,0
miku-random-v2,vehicle_cut_in,9,B0,B0-TimeBlind,1,1,0,0.2967066915917984,0.7633047172963507,10.0,10.0,1.0,4.100000099999998,41.00000099999998,1.6785752239402125,0.0,0.515811439269645,0,0,7.39256598171778,1,1
miku-random-v2,vehicle_cut_in,9,B1,B1-TimeAwareGreedy,1,1,0,0.2967066915917984,0.7633047172963507,10.0,10.0,1.0,4.100000099999998,41.00000099999998,1.6785752239402125,0.0,0.515811439269645,0,0,7.382962998235598,1,1
miku-random-v2,vehicle_cut_in,9,B2,B2-IterativePVD,1,1,0,0.2967066915917984,0.7633047172963507,10.0,10.0,1.0,4.100000099999998,41.00000099999998,1.6785752239402125,0.0,0.515811439269645,0,0,22.304083016933873,3,1
miku-random-v2,vehicle_cut_in,9,MIKU,MIKU,1,1,0,0.2967066915917984,0.7633047172963507,10.0,10.0,1.0,4.100000099999998,41.00000099999998,1.6785752239402125,0.0,0.515811439269645,0,0,7.691463979426771,1,0
miku-random-v2,vehicle_cut_in,10,B0,B0-TimeBlind,1,1,0,4.432840631683716,2.6143066254926226,10.0,10.0,1.0,4.1000001,41.000001,1.3775656447998288,0.0,0.38451859173844605,0,0,3.59724200097844,1,1
miku-random-v2,vehicle_cut_in,10,B1,B1-TimeAwareGreedy,1,1,0,4.432840631683716,2.6143066254926226,10.0,10.0,1.0,4.1000001,41.000001,1.3775656447998288,0.0,0.38451859173844605,0,0,3.617309994297102,1,1
miku-random-v2,vehicle_cut_in,10,B2,B2-IterativePVD,1,1,0,4.432840631683716,2.6143066254926226,10.0,10.0,1.0,4.1000001,41.000001,1.3775656447998288,0.0,0.38451859173844605,0,0,10.986906010657549,3,1
miku-random-v2,vehicle_cut_in,10,MIKU,MIKU,1,1,0,4.432840631683716,2.6143066254926226,10.0,10.0,1.0,4.1000001,41.000001,1.3775656447998288,0.0,0.38451859173844605,0,0,3.848824999295175,1,0
miku-random-v2,vehicle_cut_in,11,B0,B0-TimeBlind,1,1,0,0.3266638155549959,0.6347435701437122,10.0,10.0,1.0,4.100000099999999,41.00000099999999,2.2462690651609916,0.0,0.7806819448853505,0,0,5.595063004875556,1,1
miku-random-v2,vehicle_cut_in,11,B1,B1-TimeAwareGreedy,1,1,0,0.3266638155549959,0.6347435701437122,10.0,10.0,1.0,4.100000099999999,41.00000099999999,2.2462690651609916,0.0,0.7806819448853505,0,0,5.624627025099471,1,1
miku-random-v2,vehicle_cut_in,11,B2,B2-IterativePVD,1,1,0,0.3266638155549959,0.6347435701437122,10.0,10.0,1.0,4.100000099999999,41.00000099999999,2.2462690651609916,0.0,0.7806819448853505,0,0,16.989551979349926,3,1
miku-random-v2,vehicle_cut_in,11,MIKU,MIKU,1,1,0,0.3266638155549959,0.6347435701437122,10.0,10.0,1.0,4.100000099999999,41.00000099999999,2.2462690651609916,0.0,0.7806819448853505,0,0,5.87138399714604,1,0
miku-random-v2,vehicle_cut_in,12,B0,B0-TimeBlind,1,1,0,0.3466428730996398,0.9268942821045929,10.0,10.0,1.0,4.100000099999999,41.00000099999999,1.1440510447068073,0.0,0.31933788291563664,0,0,3.892239008564502,1,1
miku-random-v2,vehicle_cut_in,12,B1,B1-TimeAwareGreedy,1,1,0,0.3466428730996398,0.9268942821045929,10.0,10.0,1.0,4.100000099999999,41.00000099999999,1.1440510447068073,0.0,0.31933788291563664,0,0,3.95230800495483,1,1
miku-random-v2,vehicle_cut_in,12,B2,B2-IterativePVD,1,1,0,0.3466428730996398,0.9268942821045929,10.0,10.0,1.0,4.100000099999999,41.00000099999999,1.1440510447068073,0.0,0.31933788291563664,0,0,11.92470800015144,3,1
miku-random-v2,vehicle_cut_in,12,MIKU,MIKU,1,1,0,0.3466428730996398,0.9268942821045929,10.0,10.0,1.0,4.100000099999999,41.00000099999999,1.1440510447068073,0.0,0.31933788291563664,0,0,4.181395983323455,1,0
miku-random-v2,vehicle_cut_in,13,B0,B0-TimeBlind,1,1,0,6.594528499725182,3.2034308740939683,10.0,10.0,1.0,4.100000099999999,41.00000099999999,1.3654536739113192,0.0,0.38113778879319127,0,0,3.513281000778079,1,1
miku-random-v2,vehicle_cut_in,13,B1,B1-TimeAwareGreedy,1,1,0,6.594528499725182,3.2034308740939683,10.0,10.0,1.0,4.100000099999999,41.00000099999999,1.3654536739113192,0.0,0.38113778879319127,0,0,3.542165010003373,1,1
miku-random-v2,vehicle_cut_in,13,B2,B2-IterativePVD,1,1,0,6.594528499725182,3.2034308740939683,10.0,10.0,1.0,4.100000099999999,41.00000099999999,1.3654536739113192,0.0,0.38113778879319127,0,0,10.794642003020272,3,1
miku-random-v2,vehicle_cut_in,13,MIKU,MIKU,1,1,0,6.594528499725182,3.2034308740939683,10.0,10.0,1.0,4.100000099999999,41.00000099999999,1.3654536739113192,0.0,0.38113778879319127,0,0,3.8224320160225034,1,0
miku-random-v2,vehicle_cut_in,14,B0,B0-TimeBlind,1,1,0,0.30422053009841754,0.6623471998764453,10.0,10.0,1.0,4.100000099999999,41.00000099999999,2.1680574765847944,0.0,0.7187780920025918,0,0,38.19264899357222,1,1
miku-random-v2,vehicle_cut_in,14,B1,B1-TimeAwareGreedy,1,1,0,0.30422053009841754,0.6623471998764453,10.0,10.0,1.0,4.100000099999999,41.00000099999999,2.1680574765847944,0.0,0.7187780920025918,0,0,39.914074004627764,1,1
miku-random-v2,vehicle_cut_in,14,B2,B2-IterativePVD,1,1,0,0.30422053009841754,0.6623471998764453,10.0,10.0,1.0,4.100000099999999,41.00000099999999,2.1680574765847944,0.0,0.7187780920025918,0,0,113.77208700287156,3,1
miku-random-v2,vehicle_cut_in,14,MIKU,MIKU,1,1,0,0.30422053009841754,0.6623471998764453,10.0,10.0,1.0,4.100000099999999,41.00000099999999,2.1680574765847944,0.0,0.7187780920025918,0,0,37.44578702026047,1,0
miku-random-v2,vehicle_cut_in,15,B0,B0-TimeBlind,1,1,0,0.30777337882418543,0.7009877628833481,10.0,10.0,1.0,4.100000099999999,41.00000099999999,1.7981795953670119,0.0,0.5156077472439803,0,0,5.409287026850507,1,1
miku-random-v2,vehicle_cut_in,15,B1,B1-TimeAwareGreedy,1,1,0,0.30777337882418543,0.7009877628833481,10.0,10.0,1.0,4.100000099999999,41.00000099999999,1.7981795953670119,0.0,0.5156077472439803,0,0,5.400705995270982,1,1
miku-random-v2,vehicle_cut_in,15,B2,B2-IterativePVD,1,1,0,0.30777337882418543,0.7009877628833481,10.0,10.0,1.0,4.100000099999999,41.00000099999999,1.7981795953670119,0.0,0.5156077472439803,0,0,16.528114007087424,3,1
miku-random-v2,vehicle_cut_in,15,MIKU,MIKU,1,1,0,0.30777337882418543,0.7009877628833481,10.0,10.0,1.0,4.100000099999999,41.00000099999999,1.7981795953670119,0.0,0.5156077472439803,0,0,5.735233018640429,1,0
miku-random-v2,vehicle_cut_in,16,B0,B0-TimeBlind,1,1,0,0.3026323886267308,0.992882762357672,10.0,10.0,1.0,4.1000000970829475,41.000000970829475,1.0951268211473508,0.0,0.3203688136341801,0,0,5.011321976780891,1,1
miku-random-v2,vehicle_cut_in,16,B1,B1-TimeAwareGreedy,1,1,0,0.3026323886267308,0.992882762357672,10.0,10.0,1.0,4.1000000970829475,41.000000970829475,1.0951268211473508,0.0,0.3203688136341801,0,0,5.035850015701726,1,1
miku-random-v2,vehicle_cut_in,16,B2,B2-IterativePVD,1,1,0,0.3026323886267308,0.992882762357672,10.0,10.0,1.0,4.1000000970829475,41.000000970829475,1.0951268211473508,0.0,0.3203688136341801,0,0,15.396963019156829,3,1
miku-random-v2,vehicle_cut_in,16,MIKU,MIKU,1,1,0,0.3026323886267308,0.992882762357672,10.0,10.0,1.0,4.1000000970829475,41.000000970829475,1.0951268211473508,0.0,0.3203688136341801,0,0,5.3473169973585755,1,0
miku-random-v2,vehicle_cut_in,17,B0,B0-TimeBlind,1,1,0,1.0670106323421313,1.4146924513151151,10.0,10.0,1.0,4.100000099999998,41.00000099999998,1.4073118469131618,0.0,0.3928216209184685,0,0,3.7913499982096255,1,1
miku-random-v2,vehicle_cut_in,17,B1,B1-TimeAwareGreedy,1,1,0,1.0670106323421313,1.4146924513151151,10.0,10.0,1.0,4.100000099999998,41.00000099999998,1.4073118469131618,0.0,0.3928216209184685,0,0,3.761314001167193,1,1
miku-random-v2,vehicle_cut_in,17,B2,B2-IterativePVD,1,1,0,1.0670106323421313,1.4146924513151151,10.0,10.0,1.0,4.100000099999998,41.00000099999998,1.4073118469131618,0.0,0.3928216209184685,0,0,11.464738985523582,3,1
miku-random-v2,vehicle_cut_in,17,MIKU,MIKU,1,1,0,1.0670106323421313,1.4146924513151151,10.0,10.0,1.0,4.100000099999998,41.00000099999998,1.4073118469131618,0.0,0.3928216209184685,0,0,4.0396480180788785,1,0
miku-random-v2,vehicle_cut_in,18,B0,B0-TimeBlind,1,1,0,7.503817429943366,4.194545999782528,10.0,10.0,1.0,4.100000099999999,41.00000099999999,0.9585220513006566,0.0,0.26755135097040506,0,0,3.604494995670393,1,1
miku-random-v2,vehicle_cut_in,18,B1,B1-TimeAwareGreedy,1,1,0,7.503817429943366,4.194545999782528,10.0,10.0,1.0,4.100000099999999,41.00000099999999,0.9585220513006566,0.0,0.26755135097040506,0,0,3.589314001146704,1,1
miku-random-v2,vehicle_cut_in,18,B2,B2-IterativePVD,1,1,0,7.503817429943366,4.194545999782528,10.0,10.0,1.0,4.100000099999999,41.00000099999999,0.9585220513006566,0.0,0.26755135097040506,0,0,10.994348995154724,3,1
miku-random-v2,vehicle_cut_in,18,MIKU,MIKU,1,1,0,7.503817429943366,4.194545999782528,10.0,10.0,1.0,4.100000099999999,41.00000099999999,0.9585220513006566,0.0,0.26755135097040506,0,0,3.8661959988530725,1,0
miku-random-v2,vehicle_cut_in,19,B0,B0-TimeBlind,1,1,0,2.4622454842569867,1.7284872423314699,10.0,10.0,1.0,4.100000099999998,41.00000099999998,1.6774890430201101,0.0,0.4682359253902019,0,0,3.6712099972646683,1,1
miku-random-v2,vehicle_cut_in,19,B1,B1-TimeAwareGreedy,1,1,0,2.4622454842569867,1.7284872423314699,10.0,10.0,1.0,4.100000099999998,41.00000099999998,1.6774890430201101,0.0,0.4682359253902019,0,0,3.674371022498235,1,1
miku-random-v2,vehicle_cut_in,19,B2,B2-IterativePVD,1,1,0,2.4622454842569867,1.7284872423314699,10.0,10.0,1.0,4.100000099999998,41.00000099999998,1.6774890430201101,0.0,0.4682359253902019,0,0,11.305460007861257,3,1
miku-random-v2,vehicle_cut_in,19,MIKU,MIKU,1,1,0,2.4622454842569867,1.7284872423314699,10.0,10.0,1.0,4.100000099999998,41.00000099999998,1.6774890430201101,0.0,0.4682359253902019,0,0,3.9688399992883205,1,0
miku-random-v2,vehicle_cut_in,20,B0,B0-TimeBlind,1,1,0,0.29006258821996855,0.7161089770795172,10.0,10.0,1.0,4.100000099999999,41.00000099999999,1.7942590550881716,0.0,0.5444931066825561,0,0,6.418598000891507,1,1
miku-random-v2,vehicle_cut_in,20,B1,B1-TimeAwareGreedy,1,1,0,0.29006258821996855,0.7161089770795172,10.0,10.0,1.0,4.100000099999999,41.00000099999999,1.7942590550881716,0.0,0.5444931066825561,0,0,6.446593994041905,1,1
miku-random-v2,vehicle_cut_in,20,B2,B2-IterativePVD,1,1,0,0.29006258821996855,0.7161089770795172,10.0,10.0,1.0,4.100000099999999,41.00000099999999,1.7942590550881716,0.0,0.5444931066825561,0,0,19.55244000419043,3,1
miku-random-v2,vehicle_cut_in,20,MIKU,MIKU,1,1,0,0.29006258821996855,0.7161089770795172,10.0,10.0,1.0,4.100000099999999,41.00000099999999,1.7942590550881716,0.0,0.5444931066825561,0,0,6.745550985215232,1,0
miku-random-v2,vehicle_cut_in,21,B0,B0-TimeBlind,1,1,0,1.6922274221274662,2.3133320503010864,10.0,10.0,1.0,4.100000099999999,41.00000099999999,0.9595770724937767,0.0,0.26784583803529594,0,0,3.8723520119674504,1,1
miku-random-v2,vehicle_cut_in,21,B1,B1-TimeAwareGreedy,1,1,0,1.6922274221274662,2.3133320503010864,10.0,10.0,1.0,4.100000099999999,41.00000099999999,0.9595770724937767,0.0,0.26784583803529594,0,0,3.8803479983471334,1,1
miku-random-v2,vehicle_cut_in,21,B2,B2-IterativePVD,1,1,0,1.6922274221274662,2.3133320503010864,10.0,10.0,1.0,4.100000099999999,41.00000099999999,0.9595770724937767,0.0,0.26784583803529594,0,0,11.733647988876328,3,1
miku-random-v2,vehicle_cut_in,21,MIKU,MIKU,1,1,0,1.6922274221274662,2.3133320503010864,10.0,10.0,1.0,4.100000099999999,41.00000099999999,0.9595770724937767,0.0,0.26784583803529594,0,0,4.127242020331323,1,0
miku-random-v2,vehicle_cut_in,22,B0,B0-TimeBlind,1,1,0,3.4718422298749836,2.206952252797226,10.0,10.0,1.0,4.100000099999999,41.00000099999999,1.4925538277949488,0.0,0.41661513418539897,0,0,3.5468410060275346,1,1
miku-random-v2,vehicle_cut_in,22,B1,B1-TimeAwareGreedy,1,1,0,3.4718422298749836,2.206952252797226,10.0,10.0,1.0,4.100000099999999,41.00000099999999,1.4925538277949488,0.0,0.41661513418539897,0,0,3.5658830020111054,1,1
miku-random-v2,vehicle_cut_in,22,B2,B2-IterativePVD,1,1,0,3.4718422298749836,2.206952252797226,10.0,10.0,1.0,4.100000099999999,41.00000099999999,1.4925538277949488,0.0,0.41661513418539897,0,0,10.846332996152341,3,1
miku-random-v2,vehicle_cut_in,22,MIKU,MIKU,1,1,0,3.4718422298749836,2.206952252797226,10.0,10.0,1.0,4.100000099999999,41.00000099999999,1.4925538277949488,0.0,0.41661513418539897,0,0,3.833828988717869,1,0
miku-random-v2,vehicle_cut_in,23,B0,B0-TimeBlind,1,1,0,0.3391974620198006,0.6394709025392579,10.0,10.0,1.0,4.100000099999999,41.00000099999999,2.237871679840443,0.0,0.7269293243411643,0,0,6.719155004248023,1,1
miku-random-v2,vehicle_cut_in,23,B1,B1-TimeAwareGreedy,1,1,0,0.3391974620198006,0.6394709025392579,10.0,10.0,1.0,4.100000099999999,41.00000099999999,2.237871679840443,0.0,0.7269293243411643,0,0,6.744145997799933,1,1
miku-random-v2,vehicle_cut_in,23,B2,B2-IterativePVD,1,1,0,0.3391974620198006,0.6394709025392579,10.0,10.0,1.0,4.100000099999999,41.00000099999999,2.237871679840443,0.0,0.7269293243411643,0,0,20.432782010175288,3,1
miku-random-v2,vehicle_cut_in,23,MIKU,MIKU,1,1,0,0.3391974620198006,0.6394709025392579,10.0,10.0,1.0,4.100000099999999,41.00000099999999,2.237871679840443,0.0,0.7269293243411643,0,0,7.048445026157424,1,0
miku-random-v2,vehicle_cut_in,24,B0,B0-TimeBlind,1,1,0,2.086171917762295,1.8391942090510434,10.0,10.0,1.0,4.100000099999999,41.00000099999999,1.3243756192216767,0.0,0.3696717103524167,0,0,3.6777390050701797,1,1
miku-random-v2,vehicle_cut_in,24,B1,B1-TimeAwareGreedy,1,1,0,2.086171917762295,1.8391942090510434,10.0,10.0,1.0,4.100000099999999,41.00000099999999,1.3243756192216767,0.0,0.3696717103524167,0,0,3.6632080154959112,1,1
miku-random-v2,vehicle_cut_in,24,B2,B2-IterativePVD,1,1,0,2.086171917762295,1.8391942090510434,10.0,10.0,1.0,4.100000099999999,41.00000099999999,1.3243756192216767,0.0,0.3696717103524167,0,0,11.217252991627902,3,1
miku-random-v2,vehicle_cut_in,24,MIKU,MIKU,1,1,0,2.086171917762295,1.8391942090510434,10.0,10.0,1.0,4.100000099999999,41.00000099999999,1.3243756192216767,0.0,0.3696717103524167,0,0,4.016574996057898,1,0
miku-random-v2,vehicle_cut_in,25,B0,B0-TimeBlind,1,1,0,0.2907679327459505,0.7122014521922665,10.0,10.0,1.0,4.100000099999999,41.00000099999999,1.948445794292895,0.0,0.5862770986419028,0,0,6.3468470179941505,1,1
miku-random-v2,vehicle_cut_in,25,B1,B1-TimeAwareGreedy,1,1,0,0.2907679327459505,0.7122014521922665,10.0,10.0,1.0,4.100000099999999,41.00000099999999,1.948445794292895,0.0,0.5862770986419028,0,0,6.319740001345053,1,1
miku-random-v2,vehicle_cut_in,25,B2,B2-IterativePVD,1,1,0,0.2907679327459505,0.7122014521922665,10.0,10.0,1.0,4.100000099999999,41.00000099999999,1.948445794292895,0.0,0.5862770986419028,0,0,19.277077983133495,3,1
miku-random-v2,vehicle_cut_in,25,MIKU,MIKU,1,1,0,0.2907679327459505,0.7122014521922665,10.0,10.0,1.0,4.100000099999999,41.00000099999999,1.948445794292895,0.0,0.5862770986419028,0,0,6.640480016358197,1,0
miku-random-v2,vehicle_cut_in,26,B0,B0-TimeBlind,0,0,0,0.26201158506160027,0.17485241932970014,,15.0,0.8887729284752725,3.643969006748617,36.43969006748617,2.781282519058265,0.0,0.9908687910872672,0,1,23.455845017451793,1,1
miku-random-v2,vehicle_cut_in,26,B1,B1-TimeAwareGreedy,0,0,0,0.26201158506160027,0.17485241932970014,,15.0,0.8887729284752725,3.643969006748617,36.43969006748617,2.781282519058265,0.0,0.9908687910872672,0,1,23.88968798913993,1,1
miku-random-v2,vehicle_cut_in,26,B2,B2-IterativePVD,0,0,0,0.26201158506160027,0.17485241932970014,,15.0,0.8887729284752725,3.643969006748617,36.43969006748617,2.781282519058265,0.0,0.9908687910872672,0,1,71.18165699648671,3,1
miku-random-v2,vehicle_cut_in,26,MIKU,MIKU,0,0,0,0.26201158506160027,0.17485241932970014,,15.0,0.8887729284752725,3.643969006748617,36.43969006748617,2.781282519058265,0.0,0.9908687910872672,0,1,47.70848699263297,2,0
miku-random-v2,vehicle_cut_in,27,B0,B0-TimeBlind,0,0,0,0.2679897550576582,0.3217259112645361,,15.0,0.9054100237774754,3.712181097487649,37.12181097487649,2.040048797188846,0.0,0.6829551413622333,0,1,11.508458002936095,1,1
miku-random-v2,vehicle_cut_in,27,B1,B1-TimeAwareGreedy,0,0,0,0.2679897550576582,0.3217259112645361,,15.0,0.9054100237774754,3.712181097487649,37.12181097487649,2.040048797188846,0.0,0.6829551413622333,0,1,11.508365016197786,1,1
miku-random-v2,vehicle_cut_in,27,B2,B2-IterativePVD,0,0,0,0.2679897550576582,0.3217259112645361,,15.0,0.9054100237774754,3.712181097487649,37.12181097487649,2.040048797188846,0.0,0.6829551413622333,0,1,34.6260660153348,3,1
miku-random-v2,vehicle_cut_in,27,MIKU,MIKU,0,0,0,0.2679897550576582,0.3217259112645361,,15.0,0.9054100237774754,3.712181097487649,37.12181097487649,2.040048797188846,0.0,0.6829551413622333,0,1,23.60774000408128,2,0
miku-random-v2,vehicle_cut_in,28,B0,B0-TimeBlind,0,1,1,-0.0011578896174635478,0.0,10.0,15.0,1.0,4.1000000000000005,41.00000000000001,1.2241736635069138,0.0,0.3980004661885789,1,0,9.151017991825938,1,1
miku-random-v2,vehicle_cut_in,28,B1,B1-TimeAwareGreedy,0,1,1,-0.0011578896174635478,0.0,10.0,15.0,1.0,4.1000000000000005,41.00000000000001,1.2241736635069138,0.0,0.3980004661885789,1,0,9.207458992023021,1,1
miku-random-v2,vehicle_cut_in,28,B2,B2-IterativePVD,0,1,1,-0.0011578896174635478,0.0,10.0,15.0,1.0,4.1000000000000005,41.00000000000001,1.2241736635069138,0.0,0.3980004661885789,1,0,27.762621990405023,3,1
miku-random-v2,vehicle_cut_in,28,MIKU,MIKU,0,0,0,10.581466002137715,2.8414844096340808,,15.0,0.1655919936689818,0.6789271740428254,6.789271740428254,4.0,0.0,3.9999999999999964,0,1,19.009709008969367,2,1
miku-random-v2,vehicle_cut_in,29,B0,B0-TimeBlind,1,1,0,6.350279395802373,3.9188206127503133,10.0,10.0,1.0,4.100000099999999,41.00000099999999,0.9153825458176598,0.0,0.25550986172507634,0,0,3.6617040168493986,1,1
miku-random-v2,vehicle_cut_in,29,B1,B1-TimeAwareGreedy,1,1,0,6.350279395802373,3.9188206127503133,10.0,10.0,1.0,4.100000099999999,41.00000099999999,0.9153825458176598,0.0,0.25550986172507634,0,0,3.685713018057868,1,1
miku-random-v2,vehicle_cut_in,29,B2,B2-IterativePVD,1,1,0,6.350279395802373,3.9188206127503133,10.0,10.0,1.0,4.100000099999999,41.00000099999999,0.9153825458176598,0.0,0.25550986172507634,0,0,11.094469984527677,3,1
miku-random-v2,vehicle_cut_in,29,MIKU,MIKU,1,1,0,6.350279395802373,3.9188206127503133,10.0,10.0,1.0,4.100000099999999,41.00000099999999,0.9153825458176598,0.0,0.25550986172507634,0,0,3.9425510040018708,1,0
miku-random-v2,vehicle_cut_in,30,B0,B0-TimeBlind,0,0,0,0.2550542904895039,0.07944345544155833,,15.0,0.7857931930815272,3.2217520916342623,32.21752091634262,3.9999999999999996,0.0,1.8590877158662635,0,1,8.655177021864802,1,1
miku-random-v2,vehicle_cut_in,30,B1,B1-TimeAwareGreedy,0,0,0,0.2550542904895039,0.07944345544155833,,15.0,0.7857931930815272,3.2217520916342623,32.21752091634262,3.9999999999999996,0.0,1.8590877158662635,0,1,8.713402989087626,1,1
miku-random-v2,vehicle_cut_in,30,B2,B2-IterativePVD,0,0,0,0.2550542904895039,0.07944345544155833,,15.0,0.7857931930815272,3.2217520916342623,32.21752091634262,3.9999999999999996,0.0,1.8590877158662635,0,1,26.1380769952666,3,1
miku-random-v2,vehicle_cut_in,30,MIKU,MIKU,0,0,0,0.2550542904895039,0.07944345544155833,,15.0,0.7857931930815272,3.2217520916342623,32.21752091634262,3.9999999999999996,0.0,1.8590877158662635,0,1,17.88242199108936,2,0
miku-random-v2,vehicle_cut_in,31,B0,B0-TimeBlind,0,1,1,0.01481405891176335,0.04296617191082372,10.0,15.0,1.0,4.1,41.0,3.92136827274882,0.0,1.591333525611463,0,0,25.673022988485172,1,1
miku-random-v2,vehicle_cut_in,31,B1,B1-TimeAwareGreedy,0,1,1,0.01481405891176335,0.04296617191082372,10.0,15.0,1.0,4.1,41.0,3.92136827274882,0.0,1.591333525611463,0,0,25.644995999755338,1,1
miku-random-v2,vehicle_cut_in,31,B2,B2-IterativePVD,0,1,1,0.01481405891176335,0.04296617191082372,10.0,15.0,1.0,4.1,41.0,3.92136827274882,0.0,1.591333525611463,0,0,77.18315199599601,3,1
miku-random-v2,vehicle_cut_in,31,MIKU,MIKU,0,0,0,6.973244869426873,1.8853312844152719,,15.0,0.24868440469060243,1.01960605923147,10.1960605923147,4.0,0.0,3.9999999999999964,0,1,52.03182899276726,2,1
miku-random-v2,vehicle_cut_in,32,B0,B0-TimeBlind,1,1,0,0.5026605266817867,1.2014929256887026,10.0,10.0,1.0,4.100000099999999,41.00000099999999,1.1591186433656806,0.0,0.3235436874368609,0,0,3.8722470053471625,1,1
miku-random-v2,vehicle_cut_in,32,B1,B1-TimeAwareGreedy,1,1,0,0.5026605266817867,1.2014929256887026,10.0,10.0,1.0,4.100000099999999,41.00000099999999,1.1591186433656806,0.0,0.3235436874368609,0,0,3.8011950091458857,1,1
miku-random-v2,vehicle_cut_in,32,B2,B2-IterativePVD,1,1,0,0.5026605266817867,1.2014929256887026,10.0,10.0,1.0,4.100000099999999,41.00000099999999,1.1591186433656806,0.0,0.3235436874368609,0,0,11.618293006904423,3,1
miku-random-v2,vehicle_cut_in,32,MIKU,MIKU,1,1,0,0.5026605266817867,1.2014929256887026,10.0,10.0,1.0,4.100000099999999,41.00000099999999,1.1591186433656806,0.0,0.3235436874368609,0,0,4.129115986870602,1,0
miku-random-v2,vehicle_cut_in,33,B0,B0-TimeBlind,1,1,0,0.31542668740870816,0.6253077602495805,10.0,10.0,1.0,4.100000099999999,41.00000099999999,2.400963157208236,0.0,0.8207296337534064,0,0,8.18384499871172,1,1
miku-random-v2,vehicle_cut_in,33,B1,B1-TimeAwareGreedy,1,1,0,0.31542668740870816,0.6253077602495805,10.0,10.0,1.0,4.100000099999999,41.00000099999999,2.400963157208236,0.0,0.8207296337534064,0,0,8.131297974614426,1,1
miku-random-v2,vehicle_cut_in,33,B2,B2-IterativePVD,1,1,0,0.31542668740870816,0.6253077602495805,10.0,10.0,1.0,4.100000099999999,41.00000099999999,2.400963157208236,0.0,0.8207296337534064,0,0,24.63353401981294,3,1
miku-random-v2,vehicle_cut_in,33,MIKU,MIKU,1,1,0,0.31542668740870816,0.6253077602495805,10.0,10.0,1.0,4.100000099999999,41.00000099999999,2.400963157208236,0.0,0.8207296337534064,0,0,8.448962005786598,1,0
miku-random-v2,vehicle_cut_in,34,B0,B0-TimeBlind,1,1,0,0.3429058673409191,0.660921435275734,10.0,10.0,1.0,4.100000096061976,41.00000096061976,2.012143416996099,0.0,0.6517804987500637,0,0,18.886948004364967,1,1
miku-random-v2,vehicle_cut_in,34,B1,B1-TimeAwareGreedy,0,0,0,4.384957389372833,1.6418979235134,,15.0,0.4146341710567322,1.7000042104047104,17.000042104047104,3.760706572716226,0.0,1.4015597706714618,0,1,29.665192996617407,1,1
miku-random-v2,vehicle_cut_in,34,B2,B2-IterativePVD,1,1,0,0.3429058673409191,0.660921435275734,10.0,10.0,1.0,4.100000096061976,41.00000096061976,2.012143416996099,0.0,0.6517804987500637,0,0,67.59942401549779,3,0
miku-random-v2,vehicle_cut_in,34,MIKU,MIKU,1,1,0,0.3429058673409191,0.660921435275734,10.0,10.0,1.0,4.100000096061976,41.00000096061976,2.012143416996099,0.0,0.6517804987500637,0,0,49.262874003034085,2,0
miku-random-v2,vehicle_cut_in,35,B0,B0-TimeBlind,0,0,1,0.001633348812197788,0.05675735675128098,,15.0,0.9000511541592762,3.690209732053033,36.90209732053033,2.8211575356593057,0.0,1.0458443814008287,0,1,32.09855401655659,1,1
miku-random-v2,vehicle_cut_in,35,B1,B1-TimeAwareGreedy,0,0,1,0.001633348812197788,0.05675735675128098,,15.0,0.9000511541592762,3.690209732053033,36.90209732053033,2.8211575356593057,0.0,1.0458443814008287,0,1,32.177415007026866,1,1
miku-random-v2,vehicle_cut_in,35,B2,B2-IterativePVD,0,0,1,0.001633348812197788,0.05675735675128098,,15.0,0.9000511541592762,3.690209732053033,36.90209732053033,2.8211575356593057,0.0,1.0458443814008287,0,1,97.65250099007972,3,1
miku-random-v2,vehicle_cut_in,35,MIKU,MIKU,0,0,0,5.79797940924938,1.7046536496214626,,15.0,0.2413812558886218,0.9896631491433494,9.896631491433494,4.0,0.0,3.9999999999999964,0,1,65.37392700556666,2,1
miku-random-v2,vehicle_cut_in,36,B0,B0-TimeBlind,1,1,0,9.2783564200905,4.516998704849977,10.0,10.0,1.0,4.100000099999999,41.00000099999999,1.1646205850064215,0.0,0.32507943918815285,0,0,3.491634997772053,1,1
miku-random-v2,vehicle_cut_in,36,B1,B1-TimeAwareGreedy,1,1,0,9.2783564200905,4.516998704849977,10.0,10.0,1.0,4.100000099999999,41.00000099999999,1.1646205850064215,0.0,0.32507943918815285,0,0,3.5753610136453062,1,1
miku-random-v2,vehicle_cut_in,36,B2,B2-IterativePVD,1,1,0,9.2783564200905,4.516998704849977,10.0,10.0,1.0,4.100000099999999,41.00000099999999,1.1646205850064215,0.0,0.32507943918815285,0,0,10.955512028886005,3,1
miku-random-v2,vehicle_cut_in,36,MIKU,MIKU,1,1,0,9.2783564200905,4.516998704849977,10.0,10.0,1.0,4.100000099999999,41.00000099999999,1.1646205850064215,0.0,0.32507943918815285,0,0,3.777602018089965,1,0
miku-random-v2,vehicle_cut_in,37,B0,B0-TimeBlind,1,1,0,0.28606105865973586,0.7199074406673942,10.0,10.0,1.0,4.100000099999999,41.00000099999999,1.908575513913377,0.0,0.5653484199218014,0,0,10.410307004349306,1,1
miku-random-v2,vehicle_cut_in,37,B1,B1-TimeAwareGreedy,1,1,0,0.28606105865973586,0.7199074406673942,10.0,10.0,1.0,4.100000099999999,41.00000099999999,1.908575513913377,0.0,0.5653484199218014,0,0,10.370873002102599,1,1
miku-random-v2,vehicle_cut_in,37,B2,B2-IterativePVD,1,1,0,0.28606105865973586,0.7199074406673942,10.0,10.0,1.0,4.100000099999999,41.00000099999999,1.908575513913377,0.0,0.5653484199218014,0,0,31.183470011455938,3,1
miku-random-v2,vehicle_cut_in,37,MIKU,MIKU,1,1,0,0.28606105865973586,0.7199074406673942,10.0,10.0,1.0,4.100000099999999,41.00000099999999,1.908575513913377,0.0,0.5653484199218014,0,0,10.569260019110516,1,0
miku-random-v2,vehicle_cut_in,38,B0,B0-TimeBlind,1,1,0,2.0913957776969916,1.680398217709562,10.0,10.0,1.0,4.100000099999998,41.00000099999998,1.55680101551526,0.0,0.43454839075185714,0,0,3.679432993521914,1,1
miku-random-v2,vehicle_cut_in,38,B1,B1-TimeAwareGreedy,1,1,0,2.0913957776969916,1.680398217709562,10.0,10.0,1.0,4.100000099999998,41.00000099999998,1.55680101551526,0.0,0.43454839075185714,0,0,3.6315720062702894,1,1
miku-random-v2,vehicle_cut_in,38,B2,B2-IterativePVD,1,1,0,2.0913957776969916,1.680398217709562,10.0,10.0,1.0,4.100000099999998,41.00000099999998,1.55680101551526,0.0,0.43454839075185714,0,0,11.071680986788124,3,1
miku-random-v2,vehicle_cut_in,38,MIKU,MIKU,1,1,0,2.0913957776969916,1.680398217709562,10.0,10.0,1.0,4.100000099999998,41.00000099999998,1.55680101551526,0.0,0.43454839075185714,0,0,3.9201489998959005,1,0
miku-random-v2,vehicle_cut_in,39,B0,B0-TimeBlind,1,1,0,2.1387990892879376,1.782568957144668,10.0,10.0,1.0,4.100000099999999,41.00000099999999,1.4848454235899127,0.0,0.414463494631484,0,0,3.6555879923980683,1,1
miku-random-v2,vehicle_cut_in,39,B1,B1-TimeAwareGreedy,1,1,0,2.1387990892879376,1.782568957144668,10.0,10.0,1.0,4.100000099999999,41.00000099999999,1.4848454235899127,0.0,0.414463494631484,0,0,3.6738500057253987,1,1
miku-random-v2,vehicle_cut_in,39,B2,B2-IterativePVD,1,1,0,2.1387990892879376,1.782568957144668,10.0,10.0,1.0,4.100000099999999,41.00000099999999,1.4848454235899127,0.0,0.414463494631484,0,0,11.251711985096335,3,1
miku-random-v2,vehicle_cut_in,39,MIKU,MIKU,1,1,0,2.1387990892879376,1.782568957144668,10.0,10.0,1.0,4.100000099999999,41.00000099999999,1.4848454235899127,0.0,0.414463494631484,0,0,3.9421410183422267,1,0
miku-random-v2,vehicle_cut_in,40,B0,B0-TimeBlind,0,0,0,0.27501409718866743,0.11077852081174976,,15.0,0.859621176013039,3.52444682165346,35.2444682165346,3.6977207158179786,0.0,1.457501786967856,0,1,17.564675014000386,1,1
miku-random-v2,vehicle_cut_in,40,B1,B1-TimeAwareGreedy,0,0,0,4.019071174929057,1.4176608098558363,,15.0,0.2874493929258973,1.1785425109961787,11.785425109961787,4.0,0.0,4.000000000000014,0,1,73.63267199252732,1,1
miku-random-v2,vehicle_cut_in,40,B2,B2-IterativePVD,0,0,0,4.019071174929057,1.4176608098558363,,15.0,0.2874493929258973,1.1785425109961787,11.785425109961787,4.0,0.0,4.000000000000014,0,1,146.4708290004637,2,1
miku-random-v2,vehicle_cut_in,40,MIKU,MIKU,0,0,0,0.27501409718866743,0.11077852081174976,,15.0,0.859621176013039,3.52444682165346,35.2444682165346,3.6977207158179786,0.0,1.457501786967856,0,1,58.74767599743791,2,0
miku-random-v2,vehicle_cut_in,41,B0,B0-TimeBlind,1,1,0,2.2708135944150305,1.9186952748196568,10.0,10.0,1.0,4.100000099999999,41.00000099999999,1.277022838279519,0.0,0.3564541735246908,0,0,3.6693580041173846,1,1
miku-random-v2,vehicle_cut_in,41,B1,B1-TimeAwareGreedy,1,1,0,2.2708135944150305,1.9186952748196568,10.0,10.0,1.0,4.100000099999999,41.00000099999999,1.277022838279519,0.0,0.3564541735246908,0,0,3.672949009342119,1,1
miku-random-v2,vehicle_cut_in,41,B2,B2-IterativePVD,1,1,0,2.2708135944150305,1.9186952748196568,10.0,10.0,1.0,4.100000099999999,41.00000099999999,1.277022838279519,0.0,0.3564541735246908,0,0,11.17884597624652,3,1
miku-random-v2,vehicle_cut_in,41,MIKU,MIKU,1,1,0,2.2708135944150305,1.9186952748196568,10.0,10.0,1.0,4.100000099999999,41.00000099999999,1.277022838279519,0.0,0.3564541735246908,0,0,4.083464998984709,1,0
miku-random-v2,vehicle_cut_in,42,B0,B0-TimeBlind,1,1,0,0.33840900687330766,0.6719185737484191,10.0,10.0,1.0,4.100000099999999,41.00000099999999,1.9584566101276009,0.0,0.5919589110147765,0,0,6.164998980239034,1,1
miku-random-v2,vehicle_cut_in,42,B1,B1-TimeAwareGreedy,1,1,0,0.33840900687330766,0.6719185737484191,10.0,10.0,1.0,4.100000099999999,41.00000099999999,1.9584566101276009,0.0,0.5919589110147765,0,0,6.213682994712144,1,1
miku-random-v2,vehicle_cut_in,42,B2,B2-IterativePVD,1,1,0,0.33840900687330766,0.6719185737484191,10.0,10.0,1.0,4.100000099999999,41.00000099999999,1.9584566101276009,0.0,0.5919589110147765,0,0,19.49174900073558,3,1
miku-random-v2,vehicle_cut_in,42,MIKU,MIKU,1,1,0,0.33840900687330766,0.6719185737484191,10.0,10.0,1.0,4.100000099999999,41.00000099999999,1.9584566101276009,0.0,0.5919589110147765,0,0,24.070693994872272,2,0
miku-random-v2,vehicle_cut_in,43,B0,B0-TimeBlind,1,1,0,0.4330166744359749,0.8102411212959466,10.0,10.0,1.0,4.100000099999999,41.00000099999999,1.7133797099191064,0.0,0.4782540531974912,0,0,4.193852975731716,1,1
miku-random-v2,vehicle_cut_in,43,B1,B1-TimeAwareGreedy,1,1,0,0.4330166744359749,0.8102411212959466,10.0,10.0,1.0,4.100000099999999,41.00000099999999,1.7133797099191064,0.0,0.4782540531974912,0,0,4.107777989702299,1,1
miku-random-v2,vehicle_cut_in,43,B2,B2-IterativePVD,1,1,0,0.4330166744359749,0.8102411212959466,10.0,10.0,1.0,4.100000099999999,41.00000099999999,1.7133797099191064,0.0,0.4782540531974912,0,0,12.224712001625448,3,1
miku-random-v2,vehicle_cut_in,43,MIKU,MIKU,1,1,0,0.4330166744359749,0.8102411212959466,10.0,10.0,1.0,4.100000099999999,41.00000099999999,1.7133797099191064,0.0,0.4782540531974912,0,0,4.208648984786123,1,0
miku-random-v2,vehicle_cut_in,44,B0,B0-TimeBlind,1,1,0,0.9158969972138884,1.206597441246147,10.0,10.0,1.0,4.100000099999998,41.00000099999998,1.3236419464122118,0.0,0.3694669209570383,0,0,3.862370998831466,1,1
miku-random-v2,vehicle_cut_in,44,B1,B1-TimeAwareGreedy,0,0,0,4.762812426989274,2.130480704399579,,15.0,0.4634146612028518,1.900017930250483,19.00017930250483,2.6708600401907643,0.0,0.8929424526678966,0,1,7.9445120063610375,1,1
miku-random-v2,vehicle_cut_in,44,B2,B2-IterativePVD,1,1,0,0.9158969972138884,1.206597441246147,10.0,10.0,1.0,4.100000099999998,41.00000099999998,1.3236419464122118,0.0,0.3694669209570383,0,0,15.661240002373233,3,0
miku-random-v2,vehicle_cut_in,44,MIKU,MIKU,1,1,0,0.9158969972138884,1.206597441246147,10.0,10.0,1.0,4.100000099999998,41.00000099999998,1.3236419464122118,0.0,0.3694669209570383,0,0,12.298824993195012,2,0
miku-random-v2,vehicle_cut_in,45,B0,B0-TimeBlind,1,1,0,2.063888326729508,2.1208425825464445,10.0,10.0,1.0,4.100000099999999,41.00000099999999,1.0491154841982933,0.0,0.2928386099623801,0,0,3.828590997727588,1,1
miku-random-v2,vehicle_cut_in,45,B1,B1-TimeAwareGreedy,1,1,0,2.063888326729508,2.1208425825464445,10.0,10.0,1.0,4.100000099999999,41.00000099999999,1.0491154841982933,0.0,0.2928386099623801,0,0,3.815721982391551,1,1
miku-random-v2,vehicle_cut_in,45,B2,B2-IterativePVD,1,1,0,2.063888326729508,2.1208425825464445,10.0,10.0,1.0,4.100000099999999,41.00000099999999,1.0491154841982933,0.0,0.2928386099623801,0,0,11.707120982464403,3,1
miku-random-v2,vehicle_cut_in,45,MIKU,MIKU,1,1,0,2.063888326729508,2.1208425825464445,10.0,10.0,1.0,4.100000099999999,41.00000099999999,1.0491154841982933,0.0,0.2928386099623801,0,0,4.174474015599117,1,0
miku-random-v2,vehicle_cut_in,46,B0,B0-TimeBlind,1,1,0,7.542448545162946,4.56968270031413,10.0,10.0,1.0,4.100000099999999,41.00000099999999,0.9313145765495704,0.0,0.25995695435088756,0,0,3.610939020290971,1,1
miku-random-v2,vehicle_cut_in,46,B1,B1-TimeAwareGreedy,1,1,0,7.542448545162946,4.56968270031413,10.0,10.0,1.0,4.100000099999999,41.00000099999999,0.9313145765495704,0.0,0.25995695435088756,0,0,3.563922015018761,1,1
miku-random-v2,vehicle_cut_in,46,B2,B2-IterativePVD,1,1,0,7.542448545162946,4.56968270031413,10.0,10.0,1.0,4.100000099999999,41.00000099999999,0.9313145765495704,0.0,0.25995695435088756,0,0,10.9589820203837,3,1
miku-random-v2,vehicle_cut_in,46,MIKU,MIKU,1,1,0,7.542448545162946,4.56968270031413,10.0,10.0,1.0,4.100000099999999,41.00000099999999,0.9313145765495704,0.0,0.25995695435088756,0,0,3.947315999539569,1,0
miku-random-v2,vehicle_cut_in,47,B0,B0-TimeBlind,0,0,0,0.2559874148185095,0.6108978436652641,,15.0,0.8415255363596271,3.4502546990744714,34.50254699074471,1.5073016777866937,0.0,0.47546984509215506,0,1,11.441812006523833,1,1
miku-random-v2,vehicle_cut_in,47,B1,B1-TimeAwareGreedy,0,0,0,0.2559874148185095,0.6108978436652641,,15.0,0.8415255363596271,3.4502546990744714,34.50254699074471,1.5073016777866937,0.0,0.47546984509215506,0,1,11.359956988599151,1,1
miku-random-v2,vehicle_cut_in,47,B2,B2-IterativePVD,0,0,0,0.2559874148185095,0.6108978436652641,,15.0,0.8415255363596271,3.4502546990744714,34.50254699074471,1.5073016777866937,0.0,0.47546984509215506,0,1,34.509548015194014,3,1
miku-random-v2,vehicle_cut_in,47,MIKU,MIKU,0,0,0,0.2559874148185095,0.6108978436652641,,15.0,0.8415255363596271,3.4502546990744714,34.50254699074471,1.5073016777866937,0.0,0.47546984509215506,0,1,23.431171983247623,2,0
miku-random-v2,vehicle_cut_in,48,B0,B0-TimeBlind,1,1,0,0.6881023321846484,1.296612887302172,10.0,10.0,1.0,4.100000099999999,41.00000099999999,1.23878607163941,0.0,0.3457811811220668,0,0,3.8042170053813607,1,1
miku-random-v2,vehicle_cut_in,48,B1,B1-TimeAwareGreedy,1,1,0,0.6881023321846484,1.296612887302172,10.0,10.0,1.0,4.100000099999999,41.00000099999999,1.23878607163941,0.0,0.3457811811220668,0,0,3.8424539961852133,1,1
miku-random-v2,vehicle_cut_in,48,B2,B2-IterativePVD,1,1,0,0.6881023321846484,1.296612887302172,10.0,10.0,1.0,4.100000099999999,41.00000099999999,1.23878607163941,0.0,0.3457811811220668,0,0,11.671936983475462,3,1
miku-random-v2,vehicle_cut_in,48,MIKU,MIKU,1,1,0,0.6881023321846484,1.296612887302172,10.0,10.0,1.0,4.100000099999999,41.00000099999999,1.23878607163941,0.0,0.3457811811220668,0,0,4.0894849807955325,1,0
miku-random-v2,vehicle_cut_in,49,B0,B0-TimeBlind,1,1,0,0.30766487963640365,0.8732970349935562,10.0,10.0,1.0,4.100000099999999,41.00000099999999,1.2982895094281357,0.0,0.38132869133303793,0,0,11.323361977702007,1,1
miku-random-v2,vehicle_cut_in,49,B1,B1-TimeAwareGreedy,1,1,0,0.30766487963640365,0.8732970349935562,10.0,10.0,1.0,4.100000099999999,41.00000099999999,1.2982895094281357,0.0,0.38132869133303793,0,0,11.18858699919656,1,1
miku-random-v2,vehicle_cut_in,49,B2,B2-IterativePVD,1,1,0,0.30766487963640365,0.8732970349935562,10.0,10.0,1.0,4.100000099999999,41.00000099999999,1.2982895094281357,0.0,0.38132869133303793,0,0,34.17743800673634,3,1
miku-random-v2,vehicle_cut_in,49,MIKU,MIKU,1,1,0,0.30766487963640365,0.8732970349935562,10.0,10.0,1.0,4.100000099999999,41.00000099999999,1.2982895094281357,0.0,0.38132869133303793,0,0,11.563116015167907,1,0
miku-random-v2,vehicle_cut_in,50,B0,B0-TimeBlind,0,0,1,-0.14223845296419935,0.0,,15.0,0.9392174685670518,3.850791625559154,38.50791625559154,1.5921210567129565,0.0,0.5213410737260642,1,1,183.74998102081008,1,1
miku-random-v2,vehicle_cut_in,50,B1,B1-TimeAwareGreedy,0,0,1,-0.14223845296419935,0.0,,15.0,0.9392174685670518,3.850791625559154,38.50791625559154,1.5921210567129565,0.0,0.5213410737260642,1,1,184.44709098548628,1,1
miku-random-v2,vehicle_cut_in,50,B2,B2-IterativePVD,0,0,1,-0.14223845296419935,0.0,,15.0,0.9392174685670518,3.850791625559154,38.50791625559154,1.5921210567129565,0.0,0.5213410737260642,1,1,556.4956210146192,3,1
miku-random-v2,vehicle_cut_in,50,MIKU,MIKU,0,0,0,8.973854797011647,2.469744271681164,,15.0,0.18551413100463543,0.7606079371190052,7.606079371190052,4.0,0.0,4.000000000000005,0,1,370.58415901265107,2,1
miku-random-v2,vehicle_cut_in,51,B0,B0-TimeBlind,1,1,0,2.402374967806466,2.1034773613466875,10.0,10.0,1.0,4.100000099999999,41.00000099999999,1.1985506124399177,0.0,0.33455029556120924,0,0,3.723842994077131,1,1
miku-random-v2,vehicle_cut_in,51,B1,B1-TimeAwareGreedy,1,1,0,2.402374967806466,2.1034773613466875,10.0,10.0,1.0,4.100000099999999,41.00000099999999,1.1985506124399177,0.0,0.33455029556120924,0,0,3.7465360073838383,1,1
miku-random-v2,vehicle_cut_in,51,B2,B2-IterativePVD,1,1,0,2.402374967806466,2.1034773613466875,10.0,10.0,1.0,4.100000099999999,41.00000099999999,1.1985506124399177,0.0,0.33455029556120924,0,0,11.361038021277636,3,1
miku-random-v2,vehicle_cut_in,51,MIKU,MIKU,1,1,0,2.402374967806466,2.1034773613466875,10.0,10.0,1.0,4.100000099999999,41.00000099999999,1.1985506124399177,0.0,0.33455029556120924,0,0,4.0100099868141115,1,0
miku-random-v2,vehicle_cut_in,52,B0,B0-TimeBlind,1,1,0,7.871508665544301,4.100761104238975,10.0,10.0,1.0,4.100000099999999,41.00000099999999,1.0282370257023028,0.0,0.2870108256467333,0,0,3.582670004107058,1,1
miku-random-v2,vehicle_cut_in,52,B1,B1-TimeAwareGreedy,1,1,0,7.871508665544301,4.100761104238975,10.0,10.0,1.0,4.100000099999999,41.00000099999999,1.0282370257023028,0.0,0.2870108256467333,0,0,3.605575009714812,1,1
miku-random-v2,vehicle_cut_in,52,B2,B2-IterativePVD,1,1,0,7.871508665544301,4.100761104238975,10.0,10.0,1.0,4.100000099999999,41.00000099999999,1.0282370257023028,0.0,0.2870108256467333,0,0,10.927278985036537,3,1
miku-random-v2,vehicle_cut_in,52,MIKU,MIKU,1,1,0,7.871508665544301,4.100761104238975,10.0,10.0,1.0,4.100000099999999,41.00000099999999,1.0282370257023028,0.0,0.2870108256467333,0,0,3.8410409761127084,1,0
miku-random-v2,vehicle_cut_in,53,B0,B0-TimeBlind,1,1,0,4.145416395064636,2.7952043799757527,10.0,10.0,1.0,4.100000099999999,41.00000099999999,1.1084480703270183,0.0,0.3094000584483421,0,0,3.6874889919999987,1,1
miku-random-v2,vehicle_cut_in,53,B1,B1-TimeAwareGreedy,1,1,0,4.145416395064636,2.7952043799757527,10.0,10.0,1.0,4.100000099999999,41.00000099999999,1.1084480703270183,0.0,0.3094000584483421,0,0,3.6564189940690994,1,1
miku-random-v2,vehicle_cut_in,53,B2,B2-IterativePVD,1,1,0,4.145416395064636,2.7952043799757527,10.0,10.0,1.0,4.100000099999999,41.00000099999999,1.1084480703270183,0.0,0.3094000584483421,0,0,11.198911000974476,3,1
miku-random-v2,vehicle_cut_in,53,MIKU,MIKU,1,1,0,4.145416395064636,2.7952043799757527,10.0,10.0,1.0,4.100000099999999,41.00000099999999,1.1084480703270183,0.0,0.3094000584483421,0,0,3.925321012502536,1,0
miku-random-v2,vehicle_cut_in,54,B0,B0-TimeBlind,1,1,0,4.07204649647667,2.6768144931520736,10.0,10.0,1.0,4.100000099999999,41.00000099999999,1.2110755390796246,0.0,0.3380463664535838,0,0,3.5862760269083083,1,1
miku-random-v2,vehicle_cut_in,54,B1,B1-TimeAwareGreedy,1,1,0,4.07204649647667,2.6768144931520736,10.0,10.0,1.0,4.100000099999999,41.00000099999999,1.2110755390796246,0.0,0.3380463664535838,0,0,3.609720995882526,1,1
miku-random-v2,vehicle_cut_in,54,B2,B2-IterativePVD,1,1,0,4.07204649647667,2.6768144931520736,10.0,10.0,1.0,4.100000099999999,41.00000099999999,1.2110755390796246,0.0,0.3380463664535838,0,0,11.061085999244824,3,1
miku-random-v2,vehicle_cut_in,54,MIKU,MIKU,1,1,0,4.07204649647667,2.6768144931520736,10.0,10.0,1.0,4.100000099999999,41.00000099999999,1.2110755390796246,0.0,0.3380463664535838,0,0,3.968960983911529,1,0
miku-random-v2,vehicle_cut_in,55,B0,B0-TimeBlind,1,1,0,8.461516756552344,4.743493813038785,10.0,10.0,1.0,4.1000001,41.000001,0.9753726004755425,0.0,0.27225482877793894,0,0,3.662257018731907,1,1
miku-random-v2,vehicle_cut_in,55,B1,B1-TimeAwareGreedy,1,1,0,8.461516756552344,4.743493813038785,10.0,10.0,1.0,4.1000001,41.000001,0.9753726004755425,0.0,0.27225482877793894,0,0,3.549742017639801,1,1
miku-random-v2,vehicle_cut_in,55,B2,B2-IterativePVD,1,1,0,8.461516756552344,4.743493813038785,10.0,10.0,1.0,4.1000001,41.000001,0.9753726004755425,0.0,0.27225482877793894,0,0,10.797752998769283,3,1
miku-random-v2,vehicle_cut_in,55,MIKU,MIKU,1,1,0,8.461516756552344,4.743493813038785,10.0,10.0,1.0,4.1000001,41.000001,0.9753726004755425,0.0,0.27225482877793894,0,0,3.8624269946012646,1,0
miku-random-v2,vehicle_cut_in,56,B0,B0-TimeBlind,1,1,0,4.458278254412825,2.8313229153882498,10.0,10.0,1.0,4.100000099999999,41.00000099999999,1.1937081380665806,0.0,0.33319862028272645,0,0,3.58570201206021,1,1
miku-random-v2,vehicle_cut_in,56,B1,B1-TimeAwareGreedy,1,1,0,4.458278254412825,2.8313229153882498,10.0,10.0,1.0,4.100000099999999,41.00000099999999,1.1937081380665806,0.0,0.33319862028272645,0,0,3.613720997236669,1,1
miku-random-v2,vehicle_cut_in,56,B2,B2-IterativePVD,1,1,0,4.458278254412825,2.8313229153882498,10.0,10.0,1.0,4.100000099999999,41.00000099999999,1.1937081380665806,0.0,0.33319862028272645,0,0,10.967401001835242,3,1
miku-random-v2,vehicle_cut_in,56,MIKU,MIKU,1,1,0,4.458278254412825,2.8313229153882498,10.0,10.0,1.0,4.100000099999999,41.00000099999999,1.1937081380665806,0.0,0.33319862028272645,0,0,3.8734989939257503,1,0
miku-random-v2,vehicle_cut_in,57,B0,B0-TimeBlind,1,1,0,0.029751565690584524,0.10624899348681523,10.0,10.0,1.0,4.100000099999999,41.00000099999999,2.425387533471314,0.0,0.9204529305861197,0,0,11.49711399921216,1,1
miku-random-v2,vehicle_cut_in,57,B1,B1-TimeAwareGreedy,1,1,0,0.029751565690584524,0.10624899348681523,10.0,10.0,1.0,4.100000099999999,41.00000099999999,2.425387533471314,0.0,0.9204529305861197,0,0,11.437110981205478,1,1
miku-random-v2,vehicle_cut_in,57,B2,B2-IterativePVD,1,1,0,0.029751565690584524,0.10624899348681523,10.0,10.0,1.0,4.100000099999999,41.00000099999999,2.425387533471314,0.0,0.9204529305861197,0,0,34.67538100085221,3,1
miku-random-v2,vehicle_cut_in,57,MIKU,MIKU,0,0,0,5.820857880174524,1.7361607833633923,,15.0,0.2006763279280291,0.8227729445049194,8.227729445049194,4.0,0.0,3.9999999999999964,0,1,23.538206005468965,2,1
miku-random-v2,vehicle_cut_in,58,B0,B0-TimeBlind,1,1,0,0.2973707582193459,0.8149151437517045,10.0,10.0,1.0,4.100000099999999,41.00000099999999,1.5428041008936546,0.0,0.46892169992558075,0,0,14.214915019692853,1,1
miku-random-v2,vehicle_cut_in,58,B1,B1-TimeAwareGreedy,1,1,0,0.2973707582193459,0.8149151437517045,10.0,10.0,1.0,4.100000099999999,41.00000099999999,1.5428041008936546,0.0,0.46892169992558075,0,0,14.27802600665018,1,1
miku-random-v2,vehicle_cut_in,58,B2,B2-IterativePVD,1,1,0,0.2973707582193459,0.8149151437517045,10.0,10.0,1.0,4.100000099999999,41.00000099999999,1.5428041008936546,0.0,0.46892169992558075,0,0,42.99216700019315,3,1
miku-random-v2,vehicle_cut_in,58,MIKU,MIKU,1,1,0,0.2973707582193459,0.8149151437517045,10.0,10.0,1.0,4.100000099999999,41.00000099999999,1.5428041008936546,0.0,0.46892169992558075,0,0,14.507819025311619,1,0
miku-random-v2,vehicle_cut_in,59,B0,B0-TimeBlind,1,1,0,9.035682412104459,4.204430797318162,10.0,10.0,1.0,4.100000099999998,41.00000099999998,1.2117129707109997,0.0,0.3382242921402115,0,0,3.5597079840954393,1,1
miku-random-v2,vehicle_cut_in,59,B1,B1-TimeAwareGreedy,1,1,0,9.035682412104459,4.204430797318162,10.0,10.0,1.0,4.100000099999998,41.00000099999998,1.2117129707109997,0.0,0.3382242921402115,0,0,3.487278998363763,1,1
miku-random-v2,vehicle_cut_in,59,B2,B2-IterativePVD,1,1,0,9.035682412104459,4.204430797318162,10.0,10.0,1.0,4.100000099999998,41.00000099999998,1.2117129707109997,0.0,0.3382242921402115,0,0,10.665821988368407,3,1
miku-random-v2,vehicle_cut_in,59,MIKU,MIKU,1,1,0,9.035682412104459,4.204430797318162,10.0,10.0,1.0,4.100000099999998,41.00000099999998,1.2117129707109997,0.0,0.3382242921402115,0,0,3.750713018234819,1,0
miku-random-v2,vehicle_cut_in,60,B0,B0-TimeBlind,1,1,0,4.988094530783984,3.1199153782992615,10.0,10.0,1.0,4.100000099999999,41.00000099999999,1.1548007099646806,0.0,0.322338426782431,0,0,3.5892890009563416,1,1
miku-random-v2,vehicle_cut_in,60,B1,B1-TimeAwareGreedy,1,1,0,4.988094530783984,3.1199153782992615,10.0,10.0,1.0,4.100000099999999,41.00000099999999,1.1548007099646806,0.0,0.322338426782431,0,0,3.606364974984899,1,1
miku-random-v2,vehicle_cut_in,60,B2,B2-IterativePVD,1,1,0,4.988094530783984,3.1199153782992615,10.0,10.0,1.0,4.100000099999999,41.00000099999999,1.1548007099646806,0.0,0.322338426782431,0,0,10.989154019625857,3,1
miku-random-v2,vehicle_cut_in,60,MIKU,MIKU,1,1,0,4.988094530783984,3.1199153782992615,10.0,10.0,1.0,4.100000099999999,41.00000099999999,1.1548007099646806,0.0,0.322338426782431,0,0,3.8360900070983917,1,0
miku-random-v2,vehicle_cut_in,61,B0,B0-TimeBlind,1,1,0,8.392114857220555,4.27471089679878,10.0,10.0,1.0,4.100000099999999,41.00000099999999,1.0348860414822256,0.0,0.288866759114435,0,0,3.51059902459383,1,1
miku-random-v2,vehicle_cut_in,61,B1,B1-TimeAwareGreedy,1,1,0,8.392114857220555,4.27471089679878,10.0,10.0,1.0,4.100000099999999,41.00000099999999,1.0348860414822256,0.0,0.288866759114435,0,0,3.5230779903940856,1,1
miku-random-v2,vehicle_cut_in,61,B2,B2-IterativePVD,1,1,0,8.392114857220555,4.27471089679878,10.0,10.0,1.0,4.100000099999999,41.00000099999999,1.0348860414822256,0.0,0.288866759114435,0,0,10.887536976952106,3,1
miku-random-v2,vehicle_cut_in,61,MIKU,MIKU,1,1,0,8.392114857220555,4.27471089679878,10.0,10.0,1.0,4.100000099999999,41.00000099999999,1.0348860414822256,0.0,0.288866759114435,0,0,3.998567000962794,1,0
miku-random-v2,vehicle_cut_in,62,B0,B0-TimeBlind,1,1,0,0.26125808118525295,0.5063826622437058,10.0,10.0,1.0,4.100000099999999,41.00000099999999,3.246238097923302,0.0,1.273833421865666,0,0,22.23600199795328,1,1
miku-random-v2,vehicle_cut_in,62,B1,B1-TimeAwareGreedy,1,1,0,0.26125808118525295,0.5063826622437058,10.0,10.0,1.0,4.100000099999999,41.00000099999999,3.246238097923302,0.0,1.273833421865666,0,0,22.857093019410968,1,1
miku-random-v2,vehicle_cut_in,62,B2,B2-IterativePVD,1,1,0,0.26125808118525295,0.5063826622437058,10.0,10.0,1.0,4.100000099999999,41.00000099999999,3.246238097923302,0.0,1.273833421865666,0,0,69.49668499873951,3,1
miku-random-v2,vehicle_cut_in,62,MIKU,MIKU,1,1,0,0.26125808118525295,0.5063826622437058,10.0,10.0,1.0,4.100000099999999,41.00000099999999,3.246238097923302,0.0,1.273833421865666,0,0,22.821521997684613,1,0
miku-random-v2,vehicle_cut_in,63,B0,B0-TimeBlind,1,1,0,0.28683422430223615,0.7536111906979726,10.0,10.0,1.0,4.100000099999999,41.00000099999999,1.899292859708939,0.0,0.639482849745575,0,0,12.131602998124436,1,1
miku-random-v2,vehicle_cut_in,63,B1,B1-TimeAwareGreedy,1,1,0,0.28683422430223615,0.7536111906979726,10.0,10.0,1.0,4.100000099999999,41.00000099999999,1.899292859708939,0.0,0.639482849745575,0,0,12.129960989113897,1,1
miku-random-v2,vehicle_cut_in,63,B2,B2-IterativePVD,1,1,0,0.28683422430223615,0.7536111906979726,10.0,10.0,1.0,4.100000099999999,41.00000099999999,1.899292859708939,0.0,0.639482849745575,0,0,36.60837098141201,3,1
miku-random-v2,vehicle_cut_in,63,MIKU,MIKU,1,1,0,0.28683422430223615,0.7536111906979726,10.0,10.0,1.0,4.100000099999999,41.00000099999999,1.899292859708939,0.0,0.639482849745575,0,0,12.428741989424452,1,0
miku-random-v2,vehicle_cut_in,64,B0,B0-TimeBlind,1,1,0,4.326070317200003,2.727948542922739,10.0,10.0,1.0,4.100000099999999,41.00000099999999,1.2130807147197522,0.0,0.33860606922799613,0,0,3.660024987766519,1,1
miku-random-v2,vehicle_cut_in,64,B1,B1-TimeAwareGreedy,1,1,0,4.326070317200003,2.727948542922739,10.0,10.0,1.0,4.100000099999999,41.00000099999999,1.2130807147197522,0.0,0.33860606922799613,0,0,3.6630919785238802,1,1
miku-random-v2,vehicle_cut_in,64,B2,B2-IterativePVD,1,1,0,4.326070317200003,2.727948542922739,10.0,10.0,1.0,4.100000099999999,41.00000099999999,1.2130807147197522,0.0,0.33860606922799613,0,0,11.150820995680988,3,1
miku-random-v2,vehicle_cut_in,64,MIKU,MIKU,1,1,0,4.326070317200003,2.727948542922739,10.0,10.0,1.0,4.100000099999999,41.00000099999999,1.2130807147197522,0.0,0.33860606922799613,0,0,3.9164309855550528,1,0
miku-random-v2,vehicle_cut_in,65,B0,B0-TimeBlind,1,1,0,8.90643378086111,4.76703262143848,10.0,10.0,1.0,4.100000099999999,41.00000099999999,0.9179786817343325,0.0,0.2562345186809229,0,0,3.590061009163037,1,1
miku-random-v2,vehicle_cut_in,65,B1,B1-TimeAwareGreedy,1,1,0,8.90643378086111,4.76703262143848,10.0,10.0,1.0,4.100000099999999,41.00000099999999,0.9179786817343325,0.0,0.2562345186809229,0,0,3.5814449947793037,1,1
miku-random-v2,vehicle_cut_in,65,B2,B2-IterativePVD,1,1,0,8.90643378086111,4.76703262143848,10.0,10.0,1.0,4.100000099999999,41.00000099999999,0.9179786817343325,0.0,0.2562345186809229,0,0,10.882112983381376,3,1
miku-random-v2,vehicle_cut_in,65,MIKU,MIKU,1,1,0,8.90643378086111,4.76703262143848,10.0,10.0,1.0,4.100000099999999,41.00000099999999,0.9179786817343325,0.0,0.2562345186809229,0,0,3.856830997392535,1,0
miku-random-v2,vehicle_cut_in,66,B0,B0-TimeBlind,1,1,0,13.719409712710132,7.2240983269161605,10.0,10.0,1.0,4.100000099999999,41.00000099999999,0.9812941687727078,0.0,0.2739077105198005,0,0,3.4101849887520075,1,1
miku-random-v2,vehicle_cut_in,66,B1,B1-TimeAwareGreedy,1,1,0,13.719409712710132,7.2240983269161605,10.0,10.0,1.0,4.100000099999999,41.00000099999999,0.9812941687727078,0.0,0.2739077105198005,0,0,3.453012992395088,1,1
miku-random-v2,vehicle_cut_in,66,B2,B2-IterativePVD,1,1,0,13.719409712710132,7.2240983269161605,10.0,10.0,1.0,4.100000099999999,41.00000099999999,0.9812941687727078,0.0,0.2739077105198005,0,0,10.361371998442337,3,1
miku-random-v2,vehicle_cut_in,66,MIKU,MIKU,1,1,0,13.719409712710132,7.2240983269161605,10.0,10.0,1.0,4.100000099999999,41.00000099999999,0.9812941687727078,0.0,0.2739077105198005,0,0,3.6607049987651408,1,0
miku-random-v2,vehicle_cut_in,67,B0,B0-TimeBlind,0,0,0,0.2702662286027717,0.25957956565755474,,15.0,0.9104887215806041,3.733003758480477,37.33003758480477,2.2704546237025367,0.0,0.7738349986926641,0,1,8.07486698613502,1,1
miku-random-v2,vehicle_cut_in,67,B1,B1-TimeAwareGreedy,0,0,0,0.2702662286027717,0.25957956565755474,,15.0,0.9104887215806041,3.733003758480477,37.33003758480477,2.2704546237025367,0.0,0.7738349986926641,0,1,8.097160025499761,1,1
miku-random-v2,vehicle_cut_in,67,B2,B2-IterativePVD,0,0,0,0.2702662286027717,0.25957956565755474,,15.0,0.9104887215806041,3.733003758480477,37.33003758480477,2.2704546237025367,0.0,0.7738349986926641,0,1,24.544088984839618,3,1
miku-random-v2,vehicle_cut_in,67,MIKU,MIKU,0,0,0,0.2702662286027717,0.25957956565755474,,15.0,0.9104887215806041,3.733003758480477,37.33003758480477,2.2704546237025367,0.0,0.7738349986926641,0,1,16.914128995267674,2,0
miku-random-v2,vehicle_cut_in,68,B0,B0-TimeBlind,1,1,0,2.7183094487959503,2.373680879225426,10.0,10.0,1.0,4.100000099999999,41.00000099999999,1.0216305980186382,0.0,0.28516677975394494,0,0,3.803226019954309,1,1
miku-random-v2,vehicle_cut_in,68,B1,B1-TimeAwareGreedy,1,1,0,2.7183094487959503,2.373680879225426,10.0,10.0,1.0,4.100000099999999,41.00000099999999,1.0216305980186382,0.0,0.28516677975394494,0,0,3.743512002984062,1,1
miku-random-v2,vehicle_cut_in,68,B2,B2-IterativePVD,1,1,0,2.7183094487959503,2.373680879225426,10.0,10.0,1.0,4.100000099999999,41.00000099999999,1.0216305980186382,0.0,0.28516677975394494,0,0,11.387916980311275,3,1
miku-random-v2,vehicle_cut_in,68,MIKU,MIKU,1,1,0,2.7183094487959503,2.373680879225426,10.0,10.0,1.0,4.100000099999999,41.00000099999999,1.0216305980186382,0.0,0.28516677975394494,0,0,4.033548000734299,1,0
miku-random-v2,vehicle_cut_in,69,B0,B0-TimeBlind,1,1,0,7.3640471341794,4.218265150184222,10.0,10.0,1.0,4.100000099999999,41.00000099999999,1.0031022498030233,0.0,0.279994979491655,0,0,3.5639039997477084,1,1
miku-random-v2,vehicle_cut_in,69,B1,B1-TimeAwareGreedy,1,1,0,7.3640471341794,4.218265150184222,10.0,10.0,1.0,4.100000099999999,41.00000099999999,1.0031022498030233,0.0,0.279994979491655,0,0,3.549251996446401,1,1
miku-random-v2,vehicle_cut_in,69,B2,B2-IterativePVD,1,1,0,7.3640471341794,4.218265150184222,10.0,10.0,1.0,4.100000099999999,41.00000099999999,1.0031022498030233,0.0,0.279994979491655,0,0,10.875509004108608,3,1
miku-random-v2,vehicle_cut_in,69,MIKU,MIKU,1,1,0,7.3640471341794,4.218265150184222,10.0,10.0,1.0,4.100000099999999,41.00000099999999,1.0031022498030233,0.0,0.279994979491655,0,0,3.837260010186583,1,0
miku-random-v2,vehicle_cut_in,70,B0,B0-TimeBlind,1,1,0,3.7788552225777163,2.160466272121466,10.0,10.0,1.0,4.100000099999999,41.00000099999999,1.667418094614547,0.0,0.4654248311145926,0,0,3.5278639988973737,1,1
miku-random-v2,vehicle_cut_in,70,B1,B1-TimeAwareGreedy,1,1,0,3.7788552225777163,2.160466272121466,10.0,10.0,1.0,4.100000099999999,41.00000099999999,1.667418094614547,0.0,0.4654248311145926,0,0,3.5171319905202836,1,1
miku-random-v2,vehicle_cut_in,70,B2,B2-IterativePVD,1,1,0,3.7788552225777163,2.160466272121466,10.0,10.0,1.0,4.100000099999999,41.00000099999999,1.667418094614547,0.0,0.4654248311145926,0,0,10.710784990806133,3,1
miku-random-v2,vehicle_cut_in,70,MIKU,MIKU,1,1,0,3.7788552225777163,2.160466272121466,10.0,10.0,1.0,4.100000099999999,41.00000099999999,1.667418094614547,0.0,0.4654248311145926,0,0,3.8193459913600236,1,0
miku-random-v2,vehicle_cut_in,71,B0,B0-TimeBlind,1,1,0,0.026247089163678794,0.09079072285878236,10.0,10.0,1.0,4.1,41.0,3.164407162035093,0.0,1.1731665310413433,0,0,13.712977000977844,1,1
miku-random-v2,vehicle_cut_in,71,B1,B1-TimeAwareGreedy,1,1,0,0.026247089163678794,0.09079072285878236,10.0,10.0,1.0,4.1,41.0,3.164407162035093,0.0,1.1731665310413433,0,0,13.730731006944552,1,1
miku-random-v2,vehicle_cut_in,71,B2,B2-IterativePVD,1,1,0,0.026247089163678794,0.09079072285878236,10.0,10.0,1.0,4.1,41.0,3.164407162035093,0.0,1.1731665310413433,0,0,41.46562301320955,3,1
miku-random-v2,vehicle_cut_in,71,MIKU,MIKU,0,0,0,6.276337053574808,1.7718320610492604,,15.0,0.294352070998917,1.2068434910955599,12.068434910955599,4.0,0.0,4.000000000000014,0,1,28.332534013316035,2,1
miku-random-v2,vehicle_cut_in,72,B0,B0-TimeBlind,1,1,0,0.03752522409460202,0.0282362587783778,10.0,10.0,0.9999999999999868,4.100000000001549,41.00000000001549,4.000000000000008,0.0,2.0198742859975543,0,0,45.870961010223255,1,1
miku-random-v2,vehicle_cut_in,72,B1,B1-TimeAwareGreedy,1,1,0,0.03752522409460202,0.0282362587783778,10.0,10.0,0.9999999999999868,4.100000000001549,41.00000000001549,4.000000000000008,0.0,2.0198742859975543,0,0,45.88109301403165,1,1
miku-random-v2,vehicle_cut_in,72,B2,B2-IterativePVD,1,1,0,0.03752522409460202,0.0282362587783778,10.0,10.0,0.9999999999999868,4.100000000001549,41.00000000001549,4.000000000000008,0.0,2.0198742859975543,0,0,138.50998299312778,3,1
miku-random-v2,vehicle_cut_in,72,MIKU,MIKU,0,0,0,3.5601568717283474,1.3346340768792158,,15.0,0.2586821298899588,1.0605967325488312,10.605967325488312,4.0,0.0,3.9999999999999964,0,1,93.96261599613354,2,1
miku-random-v2,vehicle_cut_in,73,B0,B0-TimeBlind,1,1,0,3.2863822322608893,2.140206290658079,10.0,10.0,1.0,4.100000099999999,41.00000099999999,1.5242964977537095,0.0,0.42547543554135864,0,0,3.702490997966379,1,1
miku-random-v2,vehicle_cut_in,73,B1,B1-TimeAwareGreedy,1,1,0,3.2863822322608893,2.140206290658079,10.0,10.0,1.0,4.100000099999999,41.00000099999999,1.5242964977537095,0.0,0.42547543554135864,0,0,3.6376079951878637,1,1
miku-random-v2,vehicle_cut_in,73,B2,B2-IterativePVD,1,1,0,3.2863822322608893,2.140206290658079,10.0,10.0,1.0,4.100000099999999,41.00000099999999,1.5242964977537095,0.0,0.42547543554135864,0,0,11.054369999328628,3,1
miku-random-v2,vehicle_cut_in,73,MIKU,MIKU,1,1,0,3.2863822322608893,2.140206290658079,10.0,10.0,1.0,4.100000099999999,41.00000099999999,1.5242964977537095,0.0,0.42547543554135864,0,0,3.876597009366378,1,0
miku-random-v2,vehicle_cut_in,74,B0,B0-TimeBlind,1,1,0,0.3164786363109098,0.6799286170476627,10.0,10.0,1.0,4.100000099999999,41.00000099999999,1.9876885224854806,0.0,0.6424614955887233,0,0,23.917525977594778,1,1
miku-random-v2,vehicle_cut_in,74,B1,B1-TimeAwareGreedy,1,1,0,0.3164786363109098,0.6799286170476627,10.0,10.0,1.0,4.100000099999999,41.00000099999999,1.9876885224854806,0.0,0.6424614955887233,0,0,23.864001006586477,1,1
miku-random-v2,vehicle_cut_in,74,B2,B2-IterativePVD,1,1,0,0.3164786363109098,0.6799286170476627,10.0,10.0,1.0,4.100000099999999,41.00000099999999,1.9876885224854806,0.0,0.6424614955887233,0,0,73.15021200338379,3,1
miku-random-v2,vehicle_cut_in,74,MIKU,MIKU,1,1,0,0.3164786363109098,0.6799286170476627,10.0,10.0,1.0,4.100000099999999,41.00000099999999,1.9876885224854806,0.0,0.6424614955887233,0,0,24.398303998168558,1,0
miku-random-v2,vehicle_cut_in,75,B0,B0-TimeBlind,1,1,0,4.954657795192205,3.068655034031426,10.0,10.0,1.0,4.100000099999999,41.00000099999999,1.212205227569097,0.0,0.33836169533008004,0,0,3.589611005736515,1,1
miku-random-v2,vehicle_cut_in,75,B1,B1-TimeAwareGreedy,1,1,0,4.954657795192205,3.068655034031426,10.0,10.0,1.0,4.100000099999999,41.00000099999999,1.212205227569097,0.0,0.33836169533008004,0,0,3.524091007420793,1,1
miku-random-v2,vehicle_cut_in,75,B2,B2-IterativePVD,1,1,0,4.954657795192205,3.068655034031426,10.0,10.0,1.0,4.100000099999999,41.00000099999999,1.212205227569097,0.0,0.33836169533008004,0,0,10.897734988247976,3,1
miku-random-v2,vehicle_cut_in,75,MIKU,MIKU,1,1,0,4.954657795192205,3.068655034031426,10.0,10.0,1.0,4.100000099999999,41.00000099999999,1.212205227569097,0.0,0.33836169533008004,0,0,3.8998729723971337,1,0
miku-random-v2,vehicle_cut_in,76,B0,B0-TimeBlind,1,1,0,2.2325761803800805,1.764123648826958,10.0,10.0,1.0,4.100000099999999,41.00000099999999,1.5578724998159195,0.0,0.4348474731483389,0,0,3.602776996558532,1,1
miku-random-v2,vehicle_cut_in,76,B1,B1-TimeAwareGreedy,1,1,0,2.2325761803800805,1.764123648826958,10.0,10.0,1.0,4.100000099999999,41.00000099999999,1.5578724998159195,0.0,0.4348474731483389,0,0,3.61557598807849,1,1
miku-random-v2,vehicle_cut_in,76,B2,B2-IterativePVD,1,1,0,2.2325761803800805,1.764123648826958,10.0,10.0,1.0,4.100000099999999,41.00000099999999,1.5578724998159195,0.0,0.4348474731483389,0,0,11.10816901200451,3,1
miku-random-v2,vehicle_cut_in,76,MIKU,MIKU,1,1,0,2.2325761803800805,1.764123648826958,10.0,10.0,1.0,4.100000099999999,41.00000099999999,1.5578724998159195,0.0,0.4348474731483389,0,0,3.905822988599539,1,0
miku-random-v2,vehicle_cut_in,77,B0,B0-TimeBlind,1,1,0,4.7606603529259965,3.1583359528178145,10.0,10.0,1.0,4.100000099999999,41.00000099999999,1.019789881133691,0.0,0.2846529821958684,0,0,3.646737022791058,1,1
miku-random-v2,vehicle_cut_in,77,B1,B1-TimeAwareGreedy,1,1,0,4.7606603529259965,3.1583359528178145,10.0,10.0,1.0,4.100000099999999,41.00000099999999,1.019789881133691,0.0,0.2846529821958684,0,0,3.827745997114107,1,1
miku-random-v2,vehicle_cut_in,77,B2,B2-IterativePVD,1,1,0,4.7606603529259965,3.1583359528178145,10.0,10.0,1.0,4.100000099999999,41.00000099999999,1.019789881133691,0.0,0.2846529821958684,0,0,11.400453018723056,3,1
miku-random-v2,vehicle_cut_in,77,MIKU,MIKU,1,1,0,4.7606603529259965,3.1583359528178145,10.0,10.0,1.0,4.100000099999999,41.00000099999999,1.019789881133691,0.0,0.2846529821958684,0,0,3.9658510067965835,1,0
miku-random-v2,vehicle_cut_in,78,B0,B0-TimeBlind,1,1,0,6.038840800814761,2.9604720936215423,10.0,10.0,1.0,4.100000099999999,41.00000099999999,1.5123262201093879,0.0,0.42213418329695057,0,0,3.5263939935248345,1,1
miku-random-v2,vehicle_cut_in,78,B1,B1-TimeAwareGreedy,1,1,0,6.038840800814761,2.9604720936215423,10.0,10.0,1.0,4.100000099999999,41.00000099999999,1.5123262201093879,0.0,0.42213418329695057,0,0,3.5156600060872734,1,1
miku-random-v2,vehicle_cut_in,78,B2,B2-IterativePVD,1,1,0,6.038840800814761,2.9604720936215423,10.0,10.0,1.0,4.100000099999999,41.00000099999999,1.5123262201093879,0.0,0.42213418329695057,0,0,10.756949021015316,3,1
miku-random-v2,vehicle_cut_in,78,MIKU,MIKU,1,1,0,6.038840800814761,2.9604720936215423,10.0,10.0,1.0,4.100000099999999,41.00000099999999,1.5123262201093879,0.0,0.42213418329695057,0,0,3.8031779986340553,1,0
miku-random-v2,vehicle_cut_in,79,B0,B0-TimeBlind,1,1,0,3.956468275499926,2.3767271395141703,10.0,10.0,1.0,4.100000099999999,41.00000099999999,1.4689430846687181,0.0,0.4100246898526352,0,0,3.622466989327222,1,1
miku-random-v2,vehicle_cut_in,79,B1,B1-TimeAwareGreedy,1,1,0,3.956468275499926,2.3767271395141703,10.0,10.0,1.0,4.100000099999999,41.00000099999999,1.4689430846687181,0.0,0.4100246898526352,0,0,3.605416015489027,1,1
miku-random-v2,vehicle_cut_in,79,B2,B2-IterativePVD,1,1,0,3.956468275499926,2.3767271395141703,10.0,10.0,1.0,4.100000099999999,41.00000099999999,1.4689430846687181,0.0,0.4100246898526352,0,0,11.005957989254966,3,1
miku-random-v2,vehicle_cut_in,79,MIKU,MIKU,1,1,0,3.956468275499926,2.3767271395141703,10.0,10.0,1.0,4.100000099999999,41.00000099999999,1.4689430846687181,0.0,0.4100246898526352,0,0,3.881726006511599,1,0
miku-random-v2,vehicle_cut_in,80,B0,B0-TimeBlind,0,0,0,0.26073094083042925,0.17713544525898436,,15.0,0.815766905738237,3.3446443135267714,33.446443135267714,2.536576594338681,0.0,0.916776102745265,0,1,16.534544003661722,1,1
miku-random-v2,vehicle_cut_in,80,B1,B1-TimeAwareGreedy,0,0,0,0.26073094083042925,0.17713544525898436,,15.0,0.815766905738237,3.3446443135267714,33.446443135267714,2.536576594338681,0.0,0.916776102745265,0,1,16.34471002034843,1,1
miku-random-v2,vehicle_cut_in,80,B2,B2-IterativePVD,0,0,0,0.26073094083042925,0.17713544525898436,,15.0,0.815766905738237,3.3446443135267714,33.446443135267714,2.536576594338681,0.0,0.916776102745265,0,1,49.419708986533806,3,1
miku-random-v2,vehicle_cut_in,80,MIKU,MIKU,0,0,0,0.26073094083042925,0.17713544525898436,,15.0,0.815766905738237,3.3446443135267714,33.446443135267714,2.536576594338681,0.0,0.916776102745265,0,1,33.167212997796014,2,0
miku-random-v2,vehicle_cut_in,81,B0,B0-TimeBlind,1,1,0,0.29660243491642024,0.8913092580648557,10.0,10.0,1.0,4.100000099999999,41.00000099999999,1.4258060921402957,0.0,0.4529868013558594,0,0,9.250745002646,1,1
miku-random-v2,vehicle_cut_in,81,B1,B1-TimeAwareGreedy,1,1,0,0.29660243491642024,0.8913092580648557,10.0,10.0,1.0,4.100000099999999,41.00000099999999,1.4258060921402957,0.0,0.4529868013558594,0,0,9.240394021617249,1,1
miku-random-v2,vehicle_cut_in,81,B2,B2-IterativePVD,1,1,0,0.29660243491642024,0.8913092580648557,10.0,10.0,1.0,4.100000099999999,41.00000099999999,1.4258060921402957,0.0,0.4529868013558594,0,0,27.982970990706235,3,1
miku-random-v2,vehicle_cut_in,81,MIKU,MIKU,1,1,0,0.29660243491642024,0.8913092580648557,10.0,10.0,1.0,4.100000099999999,41.00000099999999,1.4258060921402957,0.0,0.4529868013558594,0,0,9.543312015011907,1,0
miku-random-v2,vehicle_cut_in,82,B0,B0-TimeBlind,1,1,0,3.7083790621049113,2.5991650823396997,10.0,10.0,1.0,4.100000099999999,41.00000099999999,1.141286426172052,0.0,0.31856619756641935,0,0,3.7184640241321176,1,1
miku-random-v2,vehicle_cut_in,82,B1,B1-TimeAwareGreedy,1,1,0,3.7083790621049113,2.5991650823396997,10.0,10.0,1.0,4.100000099999999,41.00000099999999,1.141286426172052,0.0,0.31856619756641935,0,0,3.7220169906504452,1,1
miku-random-v2,vehicle_cut_in,82,B2,B2-IterativePVD,1,1,0,3.7083790621049113,2.5991650823396997,10.0,10.0,1.0,4.100000099999999,41.00000099999999,1.141286426172052,0.0,0.31856619756641935,0,0,11.294710013316944,3,1
miku-random-v2,vehicle_cut_in,82,MIKU,MIKU,1,1,0,3.7083790621049113,2.5991650823396997,10.0,10.0,1.0,4.100000099999999,41.00000099999999,1.141286426172052,0.0,0.31856619756641935,0,0,4.082386003574356,1,0
miku-random-v2,vehicle_cut_in,83,B0,B0-TimeBlind,1,1,0,9.775703868085555,3.9995814944465793,10.0,10.0,1.0,4.100000099999999,41.00000099999999,1.503062030354522,0.0,0.41954827879825773,0,0,3.5424169909674674,1,1
miku-random-v2,vehicle_cut_in,83,B1,B1-TimeAwareGreedy,1,1,0,9.775703868085555,3.9995814944465793,10.0,10.0,1.0,4.100000099999999,41.00000099999999,1.503062030354522,0.0,0.41954827879825773,0,0,3.4953219874296337,1,1
miku-random-v2,vehicle_cut_in,83,B2,B2-IterativePVD,1,1,0,9.775703868085555,3.9995814944465793,10.0,10.0,1.0,4.100000099999999,41.00000099999999,1.503062030354522,0.0,0.41954827879825773,0,0,10.43283098260872,3,1
miku-random-v2,vehicle_cut_in,83,MIKU,MIKU,1,1,0,9.775703868085555,3.9995814944465793,10.0,10.0,1.0,4.100000099999999,41.00000099999999,1.503062030354522,0.0,0.41954827879825773,0,0,3.7166460242588073,1,0
miku-random-v2,vehicle_cut_in,84,B0,B0-TimeBlind,1,1,0,0.3059457626330371,0.9582163544108628,10.0,10.0,1.0,4.100000099999999,41.00000099999999,1.0739912532997733,0.0,0.3026793571877973,0,0,4.81173800653778,1,1
miku-random-v2,vehicle_cut_in,84,B1,B1-TimeAwareGreedy,1,1,0,0.3059457626330371,0.9582163544108628,10.0,10.0,1.0,4.100000099999999,41.00000099999999,1.0739912532997733,0.0,0.3026793571877973,0,0,4.822158021852374,1,1
miku-random-v2,vehicle_cut_in,84,B2,B2-IterativePVD,1,1,0,0.3059457626330371,0.9582163544108628,10.0,10.0,1.0,4.100000099999999,41.00000099999999,1.0739912532997733,0.0,0.3026793571877973,0,0,14.971205993788317,3,1
miku-random-v2,vehicle_cut_in,84,MIKU,MIKU,1,1,0,0.3059457626330371,0.9582163544108628,10.0,10.0,1.0,4.100000099999999,41.00000099999999,1.0739912532997733,0.0,0.3026793571877973,0,0,5.229500995483249,1,0
miku-random-v2,vehicle_cut_in,85,B0,B0-TimeBlind,0,1,1,-0.3640374662349901,0.0,10.0,15.0,1.0,4.100000099999999,41.00000099999999,1.265672502101647,0.0,0.41904130343221446,1,0,7.2282589972019196,1,1
miku-random-v2,vehicle_cut_in,85,B1,B1-TimeAwareGreedy,0,1,1,-0.3640374662349901,0.0,10.0,15.0,1.0,4.100000099999999,41.00000099999999,1.265672502101647,0.0,0.41904130343221446,1,0,7.32657199841924,1,1
miku-random-v2,vehicle_cut_in,85,B2,B2-IterativePVD,0,1,1,-0.3640374662349901,0.0,10.0,15.0,1.0,4.100000099999999,41.00000099999999,1.265672502101647,0.0,0.41904130343221446,1,0,22.114143008366227,3,1
miku-random-v2,vehicle_cut_in,85,MIKU,MIKU,0,0,0,7.627685163665467,2.376030814699856,,15.0,0.15617779931000617,0.6403289771710253,6.403289771710253,4.0,0.0,4.000000000000005,0,1,15.19524198374711,2,1
miku-random-v2,vehicle_cut_in,86,B0,B0-TimeBlind,1,1,0,0.32082631005992646,0.6746516617195081,10.0,10.0,1.0,4.100000099999999,41.00000099999999,1.9508258816275923,0.0,0.580355047338231,0,0,6.09524198807776,1,1
miku-random-v2,vehicle_cut_in,86,B1,B1-TimeAwareGreedy,1,1,0,0.32082631005992646,0.6746516617195081,10.0,10.0,1.0,4.100000099999999,41.00000099999999,1.9508258816275923,0.0,0.580355047338231,0,0,6.102222978370264,1,1
miku-random-v2,vehicle_cut_in,86,B2,B2-IterativePVD,1,1,0,0.32082631005992646,0.6746516617195081,10.0,10.0,1.0,4.100000099999999,41.00000099999999,1.9508258816275923,0.0,0.580355047338231,0,0,18.599834002088755,3,1
miku-random-v2,vehicle_cut_in,86,MIKU,MIKU,1,1,0,0.32082631005992646,0.6746516617195081,10.0,10.0,1.0,4.100000099999999,41.00000099999999,1.9508258816275923,0.0,0.580355047338231,0,0,6.412113987607881,1,0
miku-random-v2,vehicle_cut_in,87,B0,B0-TimeBlind,1,1,0,5.582652905163011,2.650188824024937,10.0,10.0,1.0,4.100000099999999,41.00000099999999,1.6788206491124715,0.0,0.46860761533566203,0,0,3.499198006466031,1,1
miku-random-v2,vehicle_cut_in,87,B1,B1-TimeAwareGreedy,1,1,0,5.582652905163011,2.650188824024937,10.0,10.0,1.0,4.100000099999999,41.00000099999999,1.6788206491124715,0.0,0.46860761533566203,0,0,3.4739060210995376,1,1
miku-random-v2,vehicle_cut_in,87,B2,B2-IterativePVD,1,1,0,5.582652905163011,2.650188824024937,10.0,10.0,1.0,4.100000099999999,41.00000099999999,1.6788206491124715,0.0,0.46860761533566203,0,0,10.990564012899995,3,1
miku-random-v2,vehicle_cut_in,87,MIKU,MIKU,1,1,0,5.582652905163011,2.650188824024937,10.0,10.0,1.0,4.100000099999999,41.00000099999999,1.6788206491124715,0.0,0.46860761533566203,0,0,3.9287999970838428,1,0
miku-random-v2,vehicle_cut_in,88,B0,B0-TimeBlind,0,0,0,0.27779090673752194,0.39276568248499494,,15.0,0.9041958483887201,3.7072029783937515,37.072029783937516,1.7142940697957167,0.0,0.5688095771558123,0,1,10.57798700639978,1,1
miku-random-v2,vehicle_cut_in,88,B1,B1-TimeAwareGreedy,0,0,0,0.27779090673752194,0.39276568248499494,,15.0,0.9041958483887201,3.7072029783937515,37.072029783937516,1.7142940697957167,0.0,0.5688095771558123,0,1,10.523133008973673,1,1
miku-random-v2,vehicle_cut_in,88,B2,B2-IterativePVD,0,0,0,0.27779090673752194,0.39276568248499494,,15.0,0.9041958483887201,3.7072029783937515,37.072029783937516,1.7142940697957167,0.0,0.5688095771558123,0,1,31.78970399312675,3,1
miku-random-v2,vehicle_cut_in,88,MIKU,MIKU,0,0,0,0.27779090673752194,0.39276568248499494,,15.0,0.9041958483887201,3.7072029783937515,37.072029783937516,1.7142940697957167,0.0,0.5688095771558123,0,1,21.592484990833327,2,0
miku-random-v2,vehicle_cut_in,89,B0,B0-TimeBlind,1,1,0,3.2137821487251426,1.9984728390776407,10.0,10.0,1.0,4.100000099999999,41.00000099999999,1.692040207123735,0.0,0.4722975780238847,0,0,3.688115015393123,1,1
miku-random-v2,vehicle_cut_in,89,B1,B1-TimeAwareGreedy,1,1,0,3.2137821487251426,1.9984728390776407,10.0,10.0,1.0,4.100000099999999,41.00000099999999,1.692040207123735,0.0,0.4722975780238847,0,0,3.6644460051320493,1,1
miku-random-v2,vehicle_cut_in,89,B2,B2-IterativePVD,1,1,0,3.2137821487251426,1.9984728390776407,10.0,10.0,1.0,4.100000099999999,41.00000099999999,1.692040207123735,0.0,0.4722975780238847,0,0,11.276687000645325,3,1
miku-random-v2,vehicle_cut_in,89,MIKU,MIKU,1,1,0,3.2137821487251426,1.9984728390776407,10.0,10.0,1.0,4.100000099999999,41.00000099999999,1.692040207123735,0.0,0.4722975780238847,0,0,4.174314992269501,1,0
miku-random-v2,vehicle_cut_in,90,B0,B0-TimeBlind,1,1,0,4.015626754074674,2.2873258935274903,10.0,10.0,1.0,4.100000099999999,41.00000099999999,1.611945895320688,0.0,0.44994092874406305,0,0,3.5607590107247233,1,1
miku-random-v2,vehicle_cut_in,90,B1,B1-TimeAwareGreedy,1,1,0,4.015626754074674,2.2873258935274903,10.0,10.0,1.0,4.100000099999999,41.00000099999999,1.611945895320688,0.0,0.44994092874406305,0,0,3.5371319972909987,1,1
miku-random-v2,vehicle_cut_in,90,B2,B2-IterativePVD,1,1,0,4.015626754074674,2.2873258935274903,10.0,10.0,1.0,4.100000099999999,41.00000099999999,1.611945895320688,0.0,0.44994092874406305,0,0,10.775697999633849,3,1
miku-random-v2,vehicle_cut_in,90,MIKU,MIKU,1,1,0,4.015626754074674,2.2873258935274903,10.0,10.0,1.0,4.100000099999999,41.00000099999999,1.611945895320688,0.0,0.44994092874406305,0,0,3.8089079898782074,1,0
miku-random-v2,vehicle_cut_in,91,B0,B0-TimeBlind,1,1,0,0.2864296669045494,0.8727412605501046,10.0,10.0,1.0,4.100000099999999,41.00000099999999,1.5823920832884877,0.0,0.5198755122359738,0,0,6.586532021174207,1,1
miku-random-v2,vehicle_cut_in,91,B1,B1-TimeAwareGreedy,1,1,0,0.2864296669045494,0.8727412605501046,10.0,10.0,1.0,4.100000099999999,41.00000099999999,1.5823920832884877,0.0,0.5198755122359738,0,0,6.836273008957505,1,1
miku-random-v2,vehicle_cut_in,91,B2,B2-IterativePVD,1,1,0,0.2864296669045494,0.8727412605501046,10.0,10.0,1.0,4.100000099999999,41.00000099999999,1.5823920832884877,0.0,0.5198755122359738,0,0,20.463433989789337,3,1
miku-random-v2,vehicle_cut_in,91,MIKU,MIKU,1,1,0,0.2864296669045494,0.8727412605501046,10.0,10.0,1.0,4.100000099999999,41.00000099999999,1.5823920832884877,0.0,0.5198755122359738,0,0,6.975305004743859,1,0
miku-random-v2,vehicle_cut_in,92,B0,B0-TimeBlind,0,0,0,0.26950002164210396,0.28838321796925953,,15.0,0.8291444120807419,3.3994920895310416,33.994920895310415,1.8895365209503163,0.0,0.6554993070592621,0,1,8.38279799791053,1,1
miku-random-v2,vehicle_cut_in,92,B1,B1-TimeAwareGreedy,0,0,0,0.26950002164210396,0.28838321796925953,,15.0,0.8291444120807419,3.3994920895310416,33.994920895310415,1.8895365209503163,0.0,0.6554993070592621,0,1,8.587866992456838,1,1
miku-random-v2,vehicle_cut_in,92,B2,B2-IterativePVD,0,0,0,0.26950002164210396,0.28838321796925953,,15.0,0.8291444120807419,3.3994920895310416,33.994920895310415,1.8895365209503163,0.0,0.6554993070592621,0,1,26.0362790140789,3,1
miku-random-v2,vehicle_cut_in,92,MIKU,MIKU,0,0,0,0.26950002164210396,0.28838321796925953,,15.0,0.8291444120807419,3.3994920895310416,33.994920895310415,1.8895365209503163,0.0,0.6554993070592621,0,1,17.58397600497119,2,0
miku-random-v2,vehicle_cut_in,93,B0,B0-TimeBlind,1,1,0,1.1970330497236414,1.2426428884724887,10.0,10.0,1.0,4.100000099999999,41.00000099999999,1.6076408288065307,0.0,0.4487392596115533,0,0,3.854333976050839,1,1
miku-random-v2,vehicle_cut_in,93,B1,B1-TimeAwareGreedy,1,1,0,1.1970330497236414,1.2426428884724887,10.0,10.0,1.0,4.100000099999999,41.00000099999999,1.6076408288065307,0.0,0.4487392596115533,0,0,3.7690739845857024,1,1
miku-random-v2,vehicle_cut_in,93,B2,B2-IterativePVD,1,1,0,1.1970330497236414,1.2426428884724887,10.0,10.0,1.0,4.100000099999999,41.00000099999999,1.6076408288065307,0.0,0.4487392596115533,0,0,11.51334898895584,3,1
miku-random-v2,vehicle_cut_in,93,MIKU,MIKU,1,1,0,1.1970330497236414,1.2426428884724887,10.0,10.0,1.0,4.100000099999999,41.00000099999999,1.6076408288065307,0.0,0.4487392596115533,0,0,4.095888987649232,1,0
miku-random-v2,vehicle_cut_in,94,B0,B0-TimeBlind,1,1,0,0.42419383069157135,0.9283851748659881,10.0,10.0,1.0,4.100000099999999,41.00000099999999,1.4196420983412712,0.0,0.3962633523036904,0,0,3.97742199129425,1,1
miku-random-v2,vehicle_cut_in,94,B1,B1-TimeAwareGreedy,1,1,0,0.42419383069157135,0.9283851748659881,10.0,10.0,1.0,4.100000099999999,41.00000099999999,1.4196420983412712,0.0,0.3962633523036904,0,0,3.902050986653194,1,1
miku-random-v2,vehicle_cut_in,94,B2,B2-IterativePVD,1,1,0,0.42419383069157135,0.9283851748659881,10.0,10.0,1.0,4.100000099999999,41.00000099999999,1.4196420983412712,0.0,0.3962633523036904,0,0,11.996395012829453,3,1
miku-random-v2,vehicle_cut_in,94,MIKU,MIKU,1,1,0,0.42419383069157135,0.9283851748659881,10.0,10.0,1.0,4.100000099999999,41.00000099999999,1.4196420983412712,0.0,0.3962633523036904,0,0,4.194891982479021,1,0
miku-random-v2,vehicle_cut_in,95,B0,B0-TimeBlind,1,1,0,0.3541299215599025,0.6670171749523868,10.0,10.0,1.0,4.100000099999999,41.00000099999999,1.9045213512900585,0.0,0.5559203567247701,0,0,5.309644999215379,1,1
miku-random-v2,vehicle_cut_in,95,B1,B1-TimeAwareGreedy,1,1,0,0.3541299215599025,0.6670171749523868,10.0,10.0,1.0,4.100000099999999,41.00000099999999,1.9045213512900585,0.0,0.5559203567247701,0,0,5.343603988876566,1,1
miku-random-v2,vehicle_cut_in,95,B2,B2-IterativePVD,1,1,0,0.3541299215599025,0.6670171749523868,10.0,10.0,1.0,4.100000099999999,41.00000099999999,1.9045213512900585,0.0,0.5559203567247701,0,0,16.331532009644434,3,1
miku-random-v2,vehicle_cut_in,95,MIKU,MIKU,1,1,0,0.3541299215599025,0.6670171749523868,10.0,10.0,1.0,4.100000099999999,41.00000099999999,1.9045213512900585,0.0,0.5559203567247701,0,0,5.625949008390307,1,0
miku-random-v2,vehicle_cut_in,96,B0,B0-TimeBlind,1,1,0,0.3449869113654813,0.6191093907134845,10.0,10.0,1.0,4.100000099999999,41.00000099999999,2.352893455609136,0.0,0.7887309110996984,0,0,9.70338998013176,1,1
miku-random-v2,vehicle_cut_in,96,B1,B1-TimeAwareGreedy,1,1,0,0.3449869113654813,0.6191093907134845,10.0,10.0,1.0,4.100000099999999,41.00000099999999,2.352893455609136,0.0,0.7887309110996984,0,0,9.737835003761575,1,1
miku-random-v2,vehicle_cut_in,96,B2,B2-IterativePVD,1,1,0,0.3449869113654813,0.6191093907134845,10.0,10.0,1.0,4.100000099999999,41.00000099999999,2.352893455609136,0.0,0.7887309110996984,0,0,29.53544500633143,3,1
miku-random-v2,vehicle_cut_in,96,MIKU,MIKU,1,1,0,0.3449869113654813,0.6191093907134845,10.0,10.0,1.0,4.100000099999999,41.00000099999999,2.352893455609136,0.0,0.7887309110996984,0,0,10.002044000430033,1,0
miku-random-v2,vehicle_cut_in,97,B0,B0-TimeBlind,1,1,0,1.1424509078988825,1.8775889685461784,10.0,10.0,1.0,4.100000099999999,41.00000099999999,1.033668593487379,0.0,0.2885269340104489,0,0,3.843104001134634,1,1
miku-random-v2,vehicle_cut_in,97,B1,B1-TimeAwareGreedy,1,1,0,1.1424509078988825,1.8775889685461784,10.0,10.0,1.0,4.100000099999999,41.00000099999999,1.033668593487379,0.0,0.2885269340104489,0,0,3.8990140019450337,1,1
miku-random-v2,vehicle_cut_in,97,B2,B2-IterativePVD,1,1,0,1.1424509078988825,1.8775889685461784,10.0,10.0,1.0,4.100000099999999,41.00000099999999,1.033668593487379,0.0,0.2885269340104489,0,0,11.920616001589224,3,1
miku-random-v2,vehicle_cut_in,97,MIKU,MIKU,1,1,0,1.1424509078988825,1.8775889685461784,10.0,10.0,1.0,4.100000099999999,41.00000099999999,1.033668593487379,0.0,0.2885269340104489,0,0,4.1867940162774175,1,0
miku-random-v2,vehicle_cut_in,98,B0,B0-TimeBlind,1,1,0,0.3480822311996823,0.7559955964824855,10.0,10.0,1.0,4.100000099999999,41.00000099999999,1.4954088833379715,0.0,0.44618298016402613,0,0,5.040935997385532,1,1
miku-random-v2,vehicle_cut_in,98,B1,B1-TimeAwareGreedy,1,1,0,0.3480822311996823,0.7559955964824855,10.0,10.0,1.0,4.100000099999999,41.00000099999999,1.4954088833379715,0.0,0.44618298016402613,0,0,5.05308699212037,1,1
miku-random-v2,vehicle_cut_in,98,B2,B2-IterativePVD,1,1,0,0.3480822311996823,0.7559955964824855,10.0,10.0,1.0,4.100000099999999,41.00000099999999,1.4954088833379715,0.0,0.44618298016402613,0,0,15.332992014009506,3,1
miku-random-v2,vehicle_cut_in,98,MIKU,MIKU,1,1,0,0.3480822311996823,0.7559955964824855,10.0,10.0,1.0,4.100000099999999,41.00000099999999,1.4954088833379715,0.0,0.44618298016402613,0,0,5.3744890028610826,1,0
miku-random-v2,vehicle_cut_in,99,B0,B0-TimeBlind,1,1,0,0.3344202791136084,0.7206110812481027,10.0,10.0,1.0,4.100000099999999,41.00000099999999,1.7732299921804004,0.0,0.5880228221832727,0,0,6.526018987642601,1,1
miku-random-v2,vehicle_cut_in,99,B1,B1-TimeAwareGreedy,1,1,0,0.3344202791136084,0.7206110812481027,10.0,10.0,1.0,4.100000099999999,41.00000099999999,1.7732299921804004,0.0,0.5880228221832727,0,0,6.50883698835969,1,1
miku-random-v2,vehicle_cut_in,99,B2,B2-IterativePVD,1,1,0,0.3344202791136084,0.7206110812481027,10.0,10.0,1.0,4.100000099999999,41.00000099999999,1.7732299921804004,0.0,0.5880228221832727,0,0,19.687094987602904,3,1
miku-random-v2,vehicle_cut_in,99,MIKU,MIKU,1,1,0,0.3344202791136084,0.7206110812481027,10.0,10.0,1.0,4.100000099999999,41.00000099999999,1.7732299921804004,0.0,0.5880228221832727,0,0,6.84990399167873,1,0
miku-random-v2,parked_and_oncoming,0,B0,B0-TimeBlind,1,1,0,0.2852212622613506,0.9878900128375487,10.0,10.0,1.0,4.704161762563254,47.04161762563255,0.20466091121975893,0.43517400942065193,0.057126806017850994,0,0,5.36709200241603,1,1
miku-random-v2,parked_and_oncoming,0,B1,B1-TimeAwareGreedy,1,1,0,0.28522126226129296,0.9878900128375487,10.0,10.0,1.0,4.704161762563272,47.041617625632725,0.20466091121975893,0.4351740094224645,0.057126806017850994,0,0,5.2467700152192265,1,1
miku-random-v2,parked_and_oncoming,0,B2,B2-IterativePVD,1,1,0,0.28522126226129296,0.9878900128375487,10.0,10.0,1.0,4.704161762563272,47.041617625632725,0.20466091121975893,0.4351740094224645,0.057126806017850994,0,0,15.989799983799458,3,1
miku-random-v2,parked_and_oncoming,0,MIKU,MIKU,1,1,0,0.22095930565717262,0.7949000170195606,10.0,10.0,1.0,4.703615293886516,47.03615293886516,0.20466091121975893,0.4055750404642381,0.057126806017850994,0,0,5.794707016320899,1,0
miku-random-v2,parked_and_oncoming,1,B0,B0-TimeBlind,1,1,0,0.14061067974472197,0.9751069487114606,10.0,10.0,1.0,4.704391322859766,47.04391322859766,0.2884205357944937,0.43221652277588346,0.08050655057489396,0,0,5.036121990997344,1,1
miku-random-v2,parked_and_oncoming,1,B1,B1-TimeAwareGreedy,1,1,0,0.14061067974472197,0.9751069487114606,10.0,10.0,1.0,4.704391322859766,47.04391322859766,0.2884205357944937,0.43221652277588346,0.08050655057489396,0,0,5.02490799408406,1,1
miku-random-v2,parked_and_oncoming,1,B2,B2-IterativePVD,1,1,0,0.14061067974472197,0.9751069487114606,10.0,10.0,1.0,4.704391322859766,47.04391322859766,0.2884205357944937,0.43221652277588346,0.08050655057489396,0,0,15.28722801594995,3,1
miku-random-v2,parked_and_oncoming,1,MIKU,MIKU,1,1,0,0.20886096386364317,0.7847964341909224,10.0,10.0,1.0,4.703860790653992,47.038607906539916,0.2884205357944937,0.405246776119837,0.08050655057489396,0,0,5.584057973464951,1,0
miku-random-v2,parked_and_oncoming,2,B0,B0-TimeBlind,1,1,0,0.26308829645630416,1.3012538649532046,10.0,10.0,0.9999999999999999,4.703057503728688,47.03057503728689,3.920443277531083,0.8152602704263333,1.9044106359586952,0,0,26.272374001564458,1,1
miku-random-v2,parked_and_oncoming,2,B1,B1-TimeAwareGreedy,1,1,0,0.26308829645632636,1.3012538649532046,10.0,10.0,0.9999999999999999,4.703057503728688,47.03057503728689,3.920443277531083,0.8152602704276227,1.9044106359586952,0,0,26.507399015827104,1,1
miku-random-v2,parked_and_oncoming,2,B2,B2-IterativePVD,1,1,0,0.26308829645632636,1.3012538649532046,10.0,10.0,0.9999999999999999,4.703057503728688,47.03057503728689,3.920443277531083,0.8152602704276227,1.9044106359586952,0,0,82.29512398247607,3,1
miku-random-v2,parked_and_oncoming,2,MIKU,MIKU,1,1,0,0.2205183378077568,1.5257200510580473,10.0,10.0,0.9999999999999999,4.7026181043490904,47.02618104349091,2.5752018504484298,0.5506920526220105,1.136355762508274,0,0,6.844771996838972,1,0
miku-random-v2,parked_and_oncoming,3,B0,B0-TimeBlind,0,0,0,0.5707090847911711,3.41060709511699,,15.0,0.10414815544956295,0.4902757507007527,4.902757507007527,4.0000000018389725,0.011666038804028049,2.357159723193067,0,1,117.81858000904322,1,1
miku-random-v2,parked_and_oncoming,3,B1,B1-TimeAwareGreedy,0,0,0,0.5707090847911711,3.41060709511699,,15.0,0.10414815544956295,0.4902757507007527,4.902757507007527,4.0000000018389725,0.011666038804028049,2.357159723193067,0,1,117.38687098841183,1,1
miku-random-v2,parked_and_oncoming,3,B2,B2-IterativePVD,0,0,0,0.5707090847911711,3.41060709511699,,15.0,0.10414815544956295,0.4902757507007527,4.902757507007527,4.0000000018389725,0.011666038804028049,2.357159723193067,0,1,352.12076897732913,3,1
miku-random-v2,parked_and_oncoming,3,MIKU,MIKU,0,0,0,0.5387521456926863,3.377919605487535,,15.0,0.12291800292055922,0.5785363512739392,5.785363512739392,3.7103392088233513,0.01310954982017776,1.8153686094840409,0,1,58.39394900249317,1,0
miku-random-v2,parked_and_oncoming,4,B0,B0-TimeBlind,1,1,0,0.19621819530136242,0.9121081554711623,10.0,10.0,1.0,4.704824047978679,47.04824047978679,0.3727299610478375,0.4464687866502925,0.10403976047384128,0,0,5.44891000026837,1,1
miku-random-v2,parked_and_oncoming,4,B1,B1-TimeAwareGreedy,1,1,0,0.19621819530136242,0.9121081554711623,10.0,10.0,1.0,4.704824047978679,47.04824047978679,0.3727299610478375,0.4464687866502925,0.10403976047384128,0,0,5.300722987158224,1,1
miku-random-v2,parked_and_oncoming,4,B2,B2-IterativePVD,1,1,0,0.19621819530136242,0.9121081554711623,10.0,10.0,1.0,4.704824047978679,47.04824047978679,0.3727299610478375,0.4464687866502925,0.10403976047384128,0,0,16.477292025228962,3,1
miku-random-v2,parked_and_oncoming,4,MIKU,MIKU,1,1,0,0.2415342322222802,0.818125995267519,10.0,10.0,1.0,4.704290234471918,47.042902344719174,0.3727299610478375,0.4210210320645683,0.10403976047384128,0,0,5.753236007876694,1,0
miku-random-v2,parked_and_oncoming,5,B0,B0-TimeBlind,0,0,0,0.3292019501943625,0.946621684828851,,15.0,0.4252818936297049,2.0016481677373528,20.016481677373527,4.000000000000037,0.7038461737453352,2.416333960019352,0,1,43.85807999642566,1,1
miku-random-v2,parked_and_oncoming,5,B1,B1-TimeAwareGreedy,0,0,0,0.32920195019425286,0.946621684828851,,15.0,0.4252818936297049,2.0016481677373545,20.016481677373545,4.000000000000037,0.703846173750268,2.416333960019352,0,1,43.863886006874964,1,1
miku-random-v2,parked_and_oncoming,5,B2,B2-IterativePVD,0,0,0,0.32920195019425286,0.946621684828851,,15.0,0.4252818936297049,2.0016481677373545,20.016481677373545,4.000000000000037,0.703846173750268,2.416333960019352,0,1,134.25279498915188,3,1
miku-random-v2,parked_and_oncoming,5,MIKU,MIKU,0,0,0,0.23073388762455727,0.8866071325836311,,15.0,0.4959961521848312,2.33374709754401,23.3374709754401,4.0,0.7622924570584103,2.072936622374593,0,1,46.287066012155265,1,0
miku-random-v2,parked_and_oncoming,6,B0,B0-TimeBlind,1,1,0,0.13690451746633192,1.5145959691524304,10.0,10.0,0.999999999911758,4.703861911209589,47.038619112095894,3.2854714740924265,0.6951269496400108,1.4599915010595566,0,0,31.988604983780533,1,1
miku-random-v2,parked_and_oncoming,6,B1,B1-TimeAwareGreedy,1,1,0,0.13690451746678756,1.5145959691524304,10.0,10.0,0.999999999911758,4.70386191120961,47.0386191120961,3.2854714740924265,0.6951269496501016,1.4599915010595566,0,0,32.03092300100252,1,1
miku-random-v2,parked_and_oncoming,6,B2,B2-IterativePVD,1,1,0,0.13690451746678756,1.5145959691524304,10.0,10.0,0.999999999911758,4.70386191120961,47.0386191120961,3.2854714740924265,0.6951269496501016,1.4599915010595566,0,0,94.2674050165806,3,1
miku-random-v2,parked_and_oncoming,6,MIKU,MIKU,1,1,0,0.057065017026534104,0.8176764953298294,10.0,10.0,1.0,4.70343770768628,47.0343770768628,0.6341436752084545,0.4304052962788259,0.17700792254254502,0,0,5.8938629808835685,1,0
miku-random-v2,parked_and_oncoming,7,B0,B0-TimeBlind,0,0,0,0.28068491485308433,1.2164771570290331,,15.0,0.5590967606751961,2.6308961265764723,26.308961265764722,2.891866180700228,0.7457208673054916,1.2593414498045983,0,1,29.809939005644992,1,1
miku-random-v2,parked_and_oncoming,7,B1,B1-TimeAwareGreedy,0,0,0,1.0108622347702592,3.371717925702302,,15.0,0.09698433763683968,0.4558263868931465,4.558263868931465,4.0,0.0,3.9999999999999964,0,1,34.97481401427649,1,1
miku-random-v2,parked_and_oncoming,7,B2,B2-IterativePVD,0,0,0,1.0108622347702592,3.371717925702302,,15.0,0.09698433763683968,0.4558263868931465,4.558263868931465,4.0,0.0,3.9999999999999964,0,1,69.97001200215891,2,1
miku-random-v2,parked_and_oncoming,7,MIKU,MIKU,0,0,0,1.0108622347702592,3.371717925702302,,15.0,0.09698433763683968,0.4558263868931465,4.558263868931465,4.0,0.0,3.9999999999999964,0,1,17.61281001381576,1,0
miku-random-v2,parked_and_oncoming,8,B0,B0-TimeBlind,0,0,0,0.33958357856835475,1.4069648277487221,,15.0,0.31789501821186733,1.4968137255346219,14.96813725534622,4.0,0.258761054951773,1.9548379671052436,0,1,30.222583009162918,1,1
miku-random-v2,parked_and_oncoming,8,B1,B1-TimeAwareGreedy,0,0,0,0.9372401746160168,2.5735355860109723,,15.0,0.10297384236005658,0.4839770590922659,4.839770590922659,4.0,0.0,3.9999999999999964,0,1,21.813498984556645,1,1
miku-random-v2,parked_and_oncoming,8,B2,B2-IterativePVD,0,0,0,0.9372401746160168,2.5735355860109723,,15.0,0.10297384236005658,0.4839770590922659,4.839770590922659,4.0,0.0,3.9999999999999964,0,1,43.67867999826558,2,1
miku-random-v2,parked_and_oncoming,8,MIKU,MIKU,0,0,0,0.21045154925729692,1.3281878581261857,,15.0,0.51884762689391,2.4411771799386983,24.411771799386983,3.144414483947841,0.5333913656443867,1.3933918455590732,0,1,32.63489899109118,1,0
miku-random-v2,parked_and_oncoming,9,B0,B0-TimeBlind,0,0,0,0.7726838614470308,2.9338822394425406,,15.0,0.11005016747703614,0.5172357871420699,5.172357871420698,4.0,0.0,3.9999999999999964,0,1,42.560432018944994,1,1
miku-random-v2,parked_and_oncoming,9,B1,B1-TimeAwareGreedy,0,0,0,0.7726838614470308,2.9338822394425406,,15.0,0.11005016747703614,0.5172357871420699,5.172357871420698,4.0,0.0,3.9999999999999964,0,1,42.685028980486095,1,1
miku-random-v2,parked_and_oncoming,9,B2,B2-IterativePVD,0,0,0,0.7726838614470308,2.9338822394425406,,15.0,0.11005016747703614,0.5172357871420699,5.172357871420698,4.0,0.0,3.9999999999999964,0,1,85.87307701236568,2,1
miku-random-v2,parked_and_oncoming,9,MIKU,MIKU,0,0,0,0.7726838614470308,2.9338822394425406,,15.0,0.11005016747703614,0.5172357871420699,5.172357871420698,4.0,0.0,3.9999999999999964,0,1,37.912837986368686,1,0
miku-random-v2,parked_and_oncoming,10,B0,B0-TimeBlind,1,1,0,0.13053872325550797,1.2205792247368763,10.0,10.0,1.0,4.703579316271133,47.03579316271133,0.10690216644119323,0.3470178054029484,0.02983950031723043,0,0,5.363272997783497,1,1
miku-random-v2,parked_and_oncoming,10,B1,B1-TimeAwareGreedy,1,1,0,0.13053872325550797,1.2205792247368763,10.0,10.0,1.0,4.703579316271133,47.03579316271133,0.10690216644119323,0.3470178054029484,0.02983950031723043,0,0,5.394778010668233,1,1
miku-random-v2,parked_and_oncoming,10,B2,B2-IterativePVD,1,1,0,0.13053872325550797,1.2205792247368763,10.0,10.0,1.0,4.703579316271133,47.03579316271133,0.10690216644119323,0.3470178054029484,0.02983950031723043,0,0,16.229258995736018,3,1
miku-random-v2,parked_and_oncoming,10,MIKU,MIKU,1,1,0,0.21356563814176432,1.0255096257541987,10.0,10.0,1.0,4.703010583023771,47.030105830237716,0.10690216644119323,0.31823890317708875,0.02983950031723043,0,0,5.842581012984738,1,0
miku-random-v2,parked_and_oncoming,11,B0,B0-TimeBlind,1,1,0,0.18686919920999273,0.8812161287218638,10.0,10.0,1.0,4.704732464261692,47.04732464261692,0.6890577752161887,0.5601625698925828,0.19233604318872996,0,0,5.333812994649634,1,1
miku-random-v2,parked_and_oncoming,11,B1,B1-TimeAwareGreedy,0,0,0,1.3430561635952194,2.519821976887861,,15.0,0.1277834107311357,0.6005820304363378,6.005820304363378,4.0,0.0,4.000000000000005,0,1,27.167811000254005,1,1
miku-random-v2,parked_and_oncoming,11,B2,B2-IterativePVD,0,0,0,1.3430561635952194,2.519821976887861,,15.0,0.1277834107311357,0.6005820304363378,6.005820304363378,4.0,0.0,4.000000000000005,0,1,54.994352016365156,2,1
miku-random-v2,parked_and_oncoming,11,MIKU,MIKU,1,1,0,0.24214125103293663,0.7902114139183335,10.0,10.0,1.0,4.704291164155473,47.04291164155473,0.6890577752161887,0.5333836022308527,0.19233604318872996,0,0,6.296456005657092,1,0
miku-random-v2,parked_and_oncoming,12,B0,B0-TimeBlind,1,1,0,0.29487216315324294,0.9337541824568852,10.0,10.0,1.0,4.703991771231971,47.03991771231971,0.5200823509448925,0.5261982878558921,0.14517009329414962,0,0,5.472105025546625,1,1
miku-random-v2,parked_and_oncoming,12,B1,B1-TimeAwareGreedy,1,1,0,0.29487216315324294,0.9337541824568852,10.0,10.0,1.0,4.703991771231971,47.03991771231971,0.5200823509448925,0.5261982878558921,0.14517009329414962,0,0,5.573302012635395,1,1
miku-random-v2,parked_and_oncoming,12,B2,B2-IterativePVD,1,1,0,0.29487216315324294,0.9337541824568852,10.0,10.0,1.0,4.703991771231971,47.03991771231971,0.5200823509448925,0.5261982878558921,0.14517009329414962,0,0,16.70883598853834,3,1
miku-random-v2,parked_and_oncoming,12,MIKU,MIKU,1,1,0,0.23962437906332545,0.8407704322928706,10.0,10.0,1.0,4.7035352687216445,47.035352687216445,0.5200823509448925,0.49517181031103774,0.14517009329414962,0,0,5.9230060141999274,1,0
miku-random-v2,parked_and_oncoming,13,B0,B0-TimeBlind,0,0,0,0.42352731533732646,1.1296334788734494,,15.0,0.241138947902135,1.135671215692587,11.35671215692587,3.812241379634208,0.015377143152459508,1.9135936990786078,0,1,25.828520010691136,1,1
miku-random-v2,parked_and_oncoming,13,B1,B1-TimeAwareGreedy,0,0,0,0.42352731533858146,1.1296334788734494,,15.0,0.241138947902135,1.1356712156925808,11.356712156925807,3.812241379634208,0.015377143152840703,1.9135936990786078,0,1,25.93581599649042,1,1
miku-random-v2,parked_and_oncoming,13,B2,B2-IterativePVD,0,0,0,0.42352731533858146,1.1296334788734494,,15.0,0.241138947902135,1.1356712156925808,11.356712156925807,3.812241379634208,0.015377143152840703,1.9135936990786078,0,1,77.71317299921066,3,1
miku-random-v2,parked_and_oncoming,13,MIKU,MIKU,0,0,0,0.32872237745328636,1.035705540016281,,15.0,0.341369725938269,1.6072567913962963,16.072567913962963,3.232931358839825,0.5016432908432144,1.5234409690713342,0,1,25.53529100259766,1,0
miku-random-v2,parked_and_oncoming,14,B0,B0-TimeBlind,1,1,0,0.2524067197002915,1.1091683050647543,10.0,10.0,1.0,4.703027056333527,47.03027056333527,0.3859982453227814,0.3390952394822977,0.10774332407782611,0,0,5.159492022357881,1,1
miku-random-v2,parked_and_oncoming,14,B1,B1-TimeAwareGreedy,0,0,0,1.2368020905064436,3.292866250345909,,15.0,0.09415820891110856,0.4425435818822102,4.425435818822102,4.0,0.0,4.000000000000005,0,1,73.73968500178307,1,1
miku-random-v2,parked_and_oncoming,14,B2,B2-IterativePVD,0,0,0,1.2368020905064436,3.292866250345909,,15.0,0.09415820891110856,0.4425435818822102,4.425435818822102,4.0,0.0,4.000000000000005,0,1,141.97973199770786,2,1
miku-random-v2,parked_and_oncoming,14,MIKU,MIKU,1,1,0,0.22097310767497946,0.9240304329396454,10.0,10.0,1.0,4.702577200178978,47.02577200178978,0.3859982453227814,0.31287277404480973,0.10774332407782611,0,0,5.8115819992963225,1,0
miku-random-v2,parked_and_oncoming,15,B0,B0-TimeBlind,1,1,0,0.058474586301465514,1.0688173045207383,10.0,10.0,1.0,4.704161783006472,47.04161783006472,0.3196651661932766,0.3925512182900799,0.08922783462089601,0,0,5.100687994854525,1,1
miku-random-v2,parked_and_oncoming,15,B1,B1-TimeAwareGreedy,1,1,0,0.058474586301465514,1.0688173045207383,10.0,10.0,1.0,4.704161783006472,47.04161783006472,0.3196651661932766,0.3925512182900799,0.08922783462089601,0,0,5.145217990502715,1,1
miku-random-v2,parked_and_oncoming,15,B2,B2-IterativePVD,1,1,0,0.058474586301465514,1.0688173045207383,10.0,10.0,1.0,4.704161783006472,47.04161783006472,0.3196651661932766,0.3925512182900799,0.08922783462089601,0,0,15.66831101081334,3,1
miku-random-v2,parked_and_oncoming,15,MIKU,MIKU,1,1,0,0.13124413550017788,0.8808796302449062,10.0,10.0,1.0,4.7036474107017625,47.036474107017625,0.3196651661932766,0.3674760755674304,0.08922783462089601,0,0,5.64057900919579,1,0
miku-random-v2,parked_and_oncoming,16,B0,B0-TimeBlind,0,0,0,0.29586095084992436,1.2365373138188853,,15.0,0.6487348142713916,3.0533249003849434,30.533249003849434,3.397105659851671,0.7775362588409558,1.6092327555126387,0,1,41.46592898177914,1,1
miku-random-v2,parked_and_oncoming,16,B1,B1-TimeAwareGreedy,0,0,0,0.29586095084992436,1.2365373138188853,,15.0,0.6487348142713916,3.0533249003849434,30.533249003849434,3.397105659851671,0.7775362588409558,1.6092327555126387,0,1,41.64679901441559,1,1
miku-random-v2,parked_and_oncoming,16,B2,B2-IterativePVD,0,0,0,0.29586095084992436,1.2365373138188853,,15.0,0.6487348142713916,3.0533249003849434,30.533249003849434,3.397105659851671,0.7775362588409558,1.6092327555126387,0,1,125.59657299425453,3,1
miku-random-v2,parked_and_oncoming,16,MIKU,MIKU,1,1,0,0.23322749226029282,0.9215539525603342,10.0,10.0,0.9999999999999997,4.7043125281557625,47.04312528155763,3.91418684998865,0.8334743067695757,1.9844925034908993,0,0,17.188975994940847,1,0
miku-random-v2,parked_and_oncoming,17,B0,B0-TimeBlind,0,0,0,0.3060953222204206,1.5377278542787391,,15.0,0.33018449641998754,1.5550317446880815,15.550317446880815,2.9775640632940403,0.4620796970663972,1.3625068287444868,0,1,18.14184500835836,1,1
miku-random-v2,parked_and_oncoming,17,B1,B1-TimeAwareGreedy,0,0,0,0.306095322220441,1.5377278542787391,,15.0,0.33018449641998754,1.5550317446880815,15.550317446880815,2.9775640632940403,0.462079697066249,1.3625068287444868,0,1,18.249697983264923,1,1
miku-random-v2,parked_and_oncoming,17,B2,B2-IterativePVD,0,0,0,0.306095322220441,1.5377278542787391,,15.0,0.33018449641998754,1.5550317446880815,15.550317446880815,2.9775640632940403,0.462079697066249,1.3625068287444868,0,1,55.09945400990546,3,1
miku-random-v2,parked_and_oncoming,17,MIKU,MIKU,1,1,0,0.04026257947971157,0.8453950052436839,10.0,10.0,1.0,4.703771954496716,47.03771954496716,0.262176743346233,0.4193244194098062,0.07318114568245768,0,0,5.747385002905503,1,0
miku-random-v2,parked_and_oncoming,18,B0,B0-TimeBlind,0,0,0,0.3893466083703694,1.6695485298793553,,15.0,0.23160412010969736,1.0903003008938421,10.903003008938422,3.585402705236651,0.030404820648126968,1.817003311723229,0,1,35.89423798257485,1,1
miku-random-v2,parked_and_oncoming,18,B1,B1-TimeAwareGreedy,0,0,0,0.3893466083703694,1.6695485298793553,,15.0,0.23160412010969736,1.0903003008938421,10.903003008938422,3.585402705236651,0.030404820648126968,1.817003311723229,0,1,35.87428299942985,1,1
miku-random-v2,parked_and_oncoming,18,B2,B2-IterativePVD,0,0,0,0.3893466083703694,1.6695485298793553,,15.0,0.23160412010969736,1.0903003008938421,10.903003008938422,3.585402705236651,0.030404820648126968,1.817003311723229,0,1,108.40501802158542,3,1
miku-random-v2,parked_and_oncoming,18,MIKU,MIKU,0,0,0,0.32977140653590775,0.8410143082845108,,15.0,0.30687472399327365,1.444500384120212,14.44500384120212,3.134174296207229,0.0417827633874118,1.5087552854932074,0,1,57.393692986806855,1,0
miku-random-v2,parked_and_oncoming,19,B0,B0-TimeBlind,1,1,0,0.052547278866682534,0.7942858185529439,10.0,10.0,1.0,4.705046058504655,47.05046058504655,0.5633945540512585,0.5750900017336958,0.15725978746327818,0,0,5.123620998347178,1,1
miku-random-v2,parked_and_oncoming,19,B1,B1-TimeAwareGreedy,1,1,0,0.052547278866682534,0.7942858185529439,10.0,10.0,1.0,4.705046058504655,47.05046058504655,0.5633945540512585,0.5750900017336958,0.15725978746327818,0,0,5.10374698205851,1,1
miku-random-v2,parked_and_oncoming,19,B2,B2-IterativePVD,1,1,0,0.052547278866682534,0.7942858185529439,10.0,10.0,1.0,4.705046058504655,47.05046058504655,0.5633945540512585,0.5750900017336958,0.15725978746327818,0,0,15.3708640136756,3,1
miku-random-v2,parked_and_oncoming,19,MIKU,MIKU,1,1,0,0.10788136597142839,0.7013226413480487,10.0,10.0,1.0,4.704581369324817,47.04581369324817,0.5633945540512585,0.5479463173314839,0.15725978746327818,0,0,5.5876889964565635,1,0
miku-random-v2,parked_and_oncoming,20,B0,B0-TimeBlind,1,1,0,0.0020567543604996796,1.1296230357993318,10.0,10.0,1.0,4.703343999536452,47.033439995364525,0.17862059121741183,0.3371309379635985,0.04985819619623807,0,0,5.3473199950531125,1,1
miku-random-v2,parked_and_oncoming,20,B1,B1-TimeAwareGreedy,1,1,0,0.0020567543604996796,1.1296230357993318,10.0,10.0,1.0,4.703343999536452,47.033439995364525,0.17862059121741183,0.3371309379635985,0.04985819619623807,0,0,5.423121998319402,1,1
miku-random-v2,parked_and_oncoming,20,B2,B2-IterativePVD,1,1,0,0.0020567543604996796,1.1296230357993318,10.0,10.0,1.0,4.703343999536452,47.033439995364525,0.17862059121741183,0.3371309379635985,0.04985819619623807,0,0,16.225997998844832,3,1
miku-random-v2,parked_and_oncoming,20,MIKU,MIKU,1,1,0,0.08496584931838091,0.9370499199273722,10.0,10.0,1.0,4.702816614818618,47.02816614818617,0.17862059121741183,0.3093913230068125,0.04985819619623807,0,0,5.922267999267206,1,0
miku-random-v2,parked_and_oncoming,21,B0,B0-TimeBlind,0,0,0,1.0006513673808126,2.5293514092611353,,15.0,0.10035642476929171,0.471675196415671,4.71675196415671,4.0,0.0,3.9999999999999964,0,1,189.56085300305858,1,1
miku-random-v2,parked_and_oncoming,21,B1,B1-TimeAwareGreedy,0,0,0,1.0006513673808126,2.5293514092611353,,15.0,0.10035642476929171,0.471675196415671,4.71675196415671,4.0,0.0,3.9999999999999964,0,1,195.20000100601465,1,1
miku-random-v2,parked_and_oncoming,21,B2,B2-IterativePVD,0,0,0,1.0006513673808126,2.5293514092611353,,15.0,0.10035642476929171,0.471675196415671,4.71675196415671,4.0,0.0,3.9999999999999964,0,1,390.1517399935983,2,1
miku-random-v2,parked_and_oncoming,21,MIKU,MIKU,0,0,0,0.5621421197538055,2.429351439206175,,15.0,0.1193056997837219,0.5618060949245183,5.618060949245183,4.000000000105594,0.01481362980117397,3.327386116006382,0,1,53.99184298585169,1,0
miku-random-v2,parked_and_oncoming,22,B0,B0-TimeBlind,0,0,0,0.9909014783186327,2.687431297682098,,15.0,0.10382552884047967,0.48797998555025446,4.879799855502545,4.0,0.0,3.9999999999999964,0,1,66.05525899794884,1,1
miku-random-v2,parked_and_oncoming,22,B1,B1-TimeAwareGreedy,0,0,0,0.9909014783186327,2.687431297682098,,15.0,0.10382552884047967,0.48797998555025446,4.879799855502545,4.0,0.0,3.9999999999999964,0,1,22.068553022108972,1,1
miku-random-v2,parked_and_oncoming,22,B2,B2-IterativePVD,0,0,0,0.9909014783186327,2.687431297682098,,15.0,0.10382552884047967,0.48797998555025446,4.879799855502545,4.0,0.0,3.9999999999999964,0,1,44.180469994898885,2,1
miku-random-v2,parked_and_oncoming,22,MIKU,MIKU,0,0,0,0.4516026743476145,1.5800959728147943,,15.0,0.21845777429558363,1.0290986688115442,10.290986688115442,4.00000000003222,0.018829721649586795,3.217779708812033,0,1,24.557252996601164,1,0
miku-random-v2,parked_and_oncoming,23,B0,B0-TimeBlind,1,1,0,0.28793085332299206,1.1190487981287145,10.0,10.0,0.9999999999999999,4.704011196333335,47.040111963333345,3.8438963648522466,0.7933683396538569,1.7994702830622162,0,0,16.11395599320531,1,1
miku-random-v2,parked_and_oncoming,23,B1,B1-TimeAwareGreedy,1,1,0,0.28793085332299206,1.1190487981287145,10.0,10.0,0.9999999999999999,4.704011196333335,47.040111963333345,3.8438963648522466,0.7933683396538569,1.7994702830622162,0,0,16.182056977413595,1,1
miku-random-v2,parked_and_oncoming,23,B2,B2-IterativePVD,1,1,0,0.28793085332299206,1.1190487981287145,10.0,10.0,0.9999999999999999,4.704011196333335,47.040111963333345,3.8438963648522466,0.7933683396538569,1.7994702830622162,0,0,48.401692998595536,3,1
miku-random-v2,parked_and_oncoming,23,MIKU,MIKU,1,1,0,0.22806687705354142,0.9508637851230131,10.0,10.0,0.9999999999999999,4.703559846023183,47.03559846023183,3.165409534649187,0.7719902784637365,1.4083826257724086,0,0,6.847960990853608,1,0
miku-random-v2,parked_and_oncoming,24,B0,B0-TimeBlind,0,0,0,0.29821163891422936,1.3758145585717114,,15.0,0.6544497075872344,3.0785679564720847,30.785679564720848,2.597301496159077,0.8545219849088589,1.1191625553789462,0,1,33.97423299611546,1,1
miku-random-v2,parked_and_oncoming,24,B1,B1-TimeAwareGreedy,0,0,0,0.29821163891422936,1.3758145585717114,,15.0,0.6544497075872344,3.0785679564720847,30.785679564720848,2.597301496159077,0.8545219849088589,1.1191625553789462,0,1,33.89043902279809,1,1
miku-random-v2,parked_and_oncoming,24,B2,B2-IterativePVD,0,0,0,0.29821163891422936,1.3758145585717114,,15.0,0.6544497075872344,3.0785679564720847,30.785679564720848,2.597301496159077,0.8545219849088589,1.1191625553789462,0,1,106.44594000768848,3,1
miku-random-v2,parked_and_oncoming,24,MIKU,MIKU,1,1,0,0.19976602359413742,0.8942229303434163,10.0,10.0,0.9999999999999999,4.702803524918818,47.02803524918818,3.0216983306314265,0.738917625066386,1.403678593374225,0,0,11.641921009868383,1,0
miku-random-v2,parked_and_oncoming,25,B0,B0-TimeBlind,0,0,0,0.4943208185460737,1.441486158331854,,15.0,0.19615403999157516,0.9240943798468813,9.240943798468813,4.000000006432381,0.017829277483193295,4.346609591822702,0,1,61.66574399685487,1,1
miku-random-v2,parked_and_oncoming,25,B1,B1-TimeAwareGreedy,0,0,0,0.4943208185460737,1.441486158331854,,15.0,0.19615403999157516,0.9240943798468813,9.240943798468813,4.000000006432381,0.017829277483193295,4.346609591822702,0,1,61.80265199509449,1,1
miku-random-v2,parked_and_oncoming,25,B2,B2-IterativePVD,0,0,0,0.4943208185460737,1.441486158331854,,15.0,0.19615403999157516,0.9240943798468813,9.240943798468813,4.000000006432381,0.017829277483193295,4.346609591822702,0,1,186.34841998573393,3,1
miku-random-v2,parked_and_oncoming,25,MIKU,MIKU,0,0,0,0.4378480055730285,0.8041055552705454,,15.0,0.2548395593828353,1.2002703649633104,12.002703649633105,4.000000000000313,0.05219204271071186,2.5718502979095277,0,1,47.87866398692131,1,0
miku-random-v2,parked_and_oncoming,26,B0,B0-TimeBlind,0,0,0,0.7482667523381217,2.7718987330141296,,15.0,0.11867299051110833,0.5577630554022092,5.577630554022091,4.0,0.0,3.9999999999999964,0,1,30.146172997774556,1,1
miku-random-v2,parked_and_oncoming,26,B1,B1-TimeAwareGreedy,0,0,0,0.7482667523381217,2.7718987330141296,,15.0,0.11867299051110833,0.5577630554022092,5.577630554022091,4.0,0.0,3.9999999999999964,0,1,30.34563598339446,1,1
miku-random-v2,parked_and_oncoming,26,B2,B2-IterativePVD,0,0,0,0.7482667523381217,2.7718987330141296,,15.0,0.11867299051110833,0.5577630554022092,5.577630554022091,4.0,0.0,3.9999999999999964,0,1,60.90291397413239,2,1
miku-random-v2,parked_and_oncoming,26,MIKU,MIKU,0,0,0,0.7482667523381217,2.7718987330141296,,15.0,0.11867299051110833,0.5577630554022092,5.577630554022091,4.0,0.0,3.9999999999999964,0,1,15.355935000116006,1,0
miku-random-v2,parked_and_oncoming,27,B0,B0-TimeBlind,0,0,0,0.49615526147892686,2.7623019711101673,,15.0,0.1567140915446349,0.737658493286877,7.37658493286877,3.448742455037219,0.016878473067612577,1.5730849761631158,0,1,49.77841299842112,1,1
miku-random-v2,parked_and_oncoming,27,B1,B1-TimeAwareGreedy,0,0,0,0.49615526147892686,2.7623019711101673,,15.0,0.1567140915446349,0.737658493286877,7.37658493286877,3.448742455037219,0.016878473067612577,1.5730849761631158,0,1,49.60286198183894,1,1
miku-random-v2,parked_and_oncoming,27,B2,B2-IterativePVD,0,0,0,0.49615526147892686,2.7623019711101673,,15.0,0.1567140915446349,0.737658493286877,7.37658493286877,3.448742455037219,0.016878473067612577,1.5730849761631158,0,1,147.75007899152115,3,1
miku-random-v2,parked_and_oncoming,27,MIKU,MIKU,0,0,0,0.24044715599706068,1.3531670526393709,,15.0,0.27153479188738966,1.2780396938844543,12.780396938844543,2.8710168831098346,0.01935057301484863,1.2727039586341053,0,1,39.10493300645612,1,0
miku-random-v2,parked_and_oncoming,28,B0,B0-TimeBlind,0,0,0,0.34948526395624047,1.025490779424306,,15.0,0.3575280263463863,1.6835992281206196,16.835992281206195,2.9367034309411957,0.4452487250896184,1.401633148768909,0,1,56.41918000765145,1,1
miku-random-v2,parked_and_oncoming,28,B1,B1-TimeAwareGreedy,0,0,0,0.34948526395624047,1.025490779424306,,15.0,0.3575280263463863,1.6835992281206196,16.835992281206195,2.9367034309411957,0.4452487250896184,1.401633148768909,0,1,56.57255797996186,1,1
miku-random-v2,parked_and_oncoming,28,B2,B2-IterativePVD,0,0,0,0.34948526395624047,1.025490779424306,,15.0,0.3575280263463863,1.6835992281206196,16.835992281206195,2.9367034309411957,0.4452487250896184,1.401633148768909,0,1,167.1427980181761,3,1
miku-random-v2,parked_and_oncoming,28,MIKU,MIKU,0,0,0,0.22220867044747106,0.9055239253751655,,15.0,0.4749161387047102,2.235016999410749,22.350169994107492,2.5710322836741493,0.7216920906137336,1.1730188763012162,0,1,25.622660003136843,1,0
miku-random-v2,parked_and_oncoming,29,B0,B0-TimeBlind,1,1,0,0.2965487947490923,0.874879818606237,10.0,10.0,1.0,4.704468169158839,47.044681691588394,0.5548546863325363,0.5431037988678852,0.1548760622874748,0,0,5.402695998782292,1,1
miku-random-v2,parked_and_oncoming,29,B1,B1-TimeAwareGreedy,1,1,0,0.2965487947490923,0.874879818606237,10.0,10.0,1.0,4.704468169158839,47.044681691588394,0.5548546863325363,0.5431037988678852,0.1548760622874748,0,0,5.397249013185501,1,1
miku-random-v2,parked_and_oncoming,29,B2,B2-IterativePVD,1,1,0,0.2965487947490923,0.874879818606237,10.0,10.0,1.0,4.704468169158839,47.044681691588394,0.5548546863325363,0.5431037988678852,0.1548760622874748,0,0,16.1741680058185,3,1
miku-random-v2,parked_and_oncoming,29,MIKU,MIKU,1,1,0,0.24537808503499084,0.7817709262805121,10.0,10.0,1.0,4.704005615838296,47.04005615838297,0.5548546863325363,0.5141986010961149,0.1548760622874748,0,0,5.8049350045621395,1,0
miku-random-v2,parked_and_oncoming,30,B0,B0-TimeBlind,0,0,0,0.2934976788149446,1.0657168120925131,,15.0,0.7020538547419326,3.30371865535829,33.0371865535829,3.999999987148079,0.923468549827385,1.993492279151462,0,1,81.68530301190913,1,1
miku-random-v2,parked_and_oncoming,30,B1,B1-TimeAwareGreedy,0,0,0,0.2934976788149446,1.0657168120925131,,15.0,0.7020538547419326,3.30371865535829,33.0371865535829,3.999999987148079,0.923468549827385,1.993492279151462,0,1,81.21406301506795,1,1
miku-random-v2,parked_and_oncoming,30,B2,B2-IterativePVD,0,0,0,0.2934976788149446,1.0657168120925131,,15.0,0.7020538547419326,3.30371865535829,33.0371865535829,3.999999987148079,0.923468549827385,1.993492279151462,0,1,245.3023830021266,3,1
miku-random-v2,parked_and_oncoming,30,MIKU,MIKU,1,1,0,0.24270439841212132,0.8939987074094925,10.0,10.0,0.9999999999999996,4.704088486779627,47.040884867796265,4.000000000000001,0.7849298743560043,2.1701167016360876,0,0,57.52356300945394,1,0
miku-random-v2,parked_and_oncoming,31,B0,B0-TimeBlind,1,1,0,0.191801336843211,0.9116843189396343,10.0,10.0,1.0,4.703973951182024,47.039739511820244,0.4555458804312215,0.45738033281764334,0.1271560894959774,0,0,5.573083006311208,1,1
miku-random-v2,parked_and_oncoming,31,B1,B1-TimeAwareGreedy,1,1,0,0.191801336843211,0.9116843189396343,10.0,10.0,1.0,4.703973951182024,47.039739511820244,0.4555458804312215,0.45738033281764334,0.1271560894959774,0,0,5.415068997535855,1,1
miku-random-v2,parked_and_oncoming,31,B2,B2-IterativePVD,1,1,0,0.191801336843211,0.9116843189396343,10.0,10.0,1.0,4.703973951182024,47.039739511820244,0.4555458804312215,0.45738033281764334,0.1271560894959774,0,0,16.42026597983204,3,1
miku-random-v2,parked_and_oncoming,31,MIKU,MIKU,1,1,0,0.24680668092609004,0.8182177394875414,10.0,10.0,1.0,4.703492032323763,47.03492032323763,0.4555458804312215,0.42872941639679907,0.1271560894959774,0,0,5.898710980545729,1,0
miku-random-v2,parked_and_oncoming,32,B0,B0-TimeBlind,1,1,0,0.06958271414458461,1.0324818683300812,10.0,10.0,1.0,4.704564749844456,47.04564749844456,0.14861848975076733,0.42723557942109114,0.04148373807245848,0,0,5.384839983889833,1,1
miku-random-v2,parked_and_oncoming,32,B1,B1-TimeAwareGreedy,1,1,0,0.06958271414458461,1.0324818683300812,10.0,10.0,1.0,4.704564749844456,47.04564749844456,0.14861848975076733,0.42723557942109114,0.04148373807245848,0,0,5.426139017799869,1,1
miku-random-v2,parked_and_oncoming,32,B2,B2-IterativePVD,1,1,0,0.06958271414458461,1.0324818683300812,10.0,10.0,1.0,4.704564749844456,47.04564749844456,0.14861848975076733,0.42723557942109114,0.04148373807245848,0,0,16.425695008365437,3,1
miku-random-v2,parked_and_oncoming,32,MIKU,MIKU,1,1,0,0.14907551999843327,0.8381099902825397,10.0,10.0,1.0,4.7039617076027636,47.03961707602763,0.14861848975076733,0.39799380991503647,0.04148373807245848,0,0,5.957603018032387,1,0
miku-random-v2,parked_and_oncoming,33,B0,B0-TimeBlind,1,1,0,0.22685266793721715,1.039394370117217,10.0,10.0,1.0,4.703257783459374,47.03257783459374,0.6340506693882431,0.3872253039882323,0.17698196191617024,0,0,5.102720984723419,1,1
miku-random-v2,parked_and_oncoming,33,B1,B1-TimeAwareGreedy,0,0,0,1.275244793102393,3.061981688151657,,15.0,0.12129962576657453,0.5701082411029004,5.701082411029003,4.0,0.0,3.9999999999999964,0,1,41.33021101006307,1,1
miku-random-v2,parked_and_oncoming,33,B2,B2-IterativePVD,0,0,0,1.275244793102393,3.061981688151657,,15.0,0.12129962576657453,0.5701082411029004,5.701082411029003,4.0,0.0,3.9999999999999964,0,1,83.06874000118114,2,1
miku-random-v2,parked_and_oncoming,33,MIKU,MIKU,1,1,0,0.2254232908061612,0.8605050249078342,10.0,10.0,1.0,4.702849644289909,47.02849644289909,0.6340506693882431,0.36214505203459235,0.17698196191617024,0,0,5.858621007064357,1,0
miku-random-v2,parked_and_oncoming,34,B0,B0-TimeBlind,0,0,0,0.283145008211763,0.9210722787690732,,15.0,0.6470705715589113,3.0453878592118757,30.45387859211876,3.580002022870317,0.9284650017984583,1.6545134733560274,0,1,65.64203699235804,1,1
miku-random-v2,parked_and_oncoming,34,B1,B1-TimeAwareGreedy,0,0,0,0.283145008211763,0.9210722787690732,,15.0,0.6470705715589113,3.0453878592118757,30.45387859211876,3.580002022870317,0.9284650017984583,1.6545134733560274,0,1,65.74419801472686,1,1
miku-random-v2,parked_and_oncoming,34,B2,B2-IterativePVD,0,0,0,0.283145008211763,0.9210722787690732,,15.0,0.6470705715589113,3.0453878592118757,30.45387859211876,3.580002022870317,0.9284650017984583,1.6545134733560274,0,1,203.3746269880794,3,1
miku-random-v2,parked_and_oncoming,34,MIKU,MIKU,1,1,0,0.2327471836701438,0.6899080876253736,10.0,10.0,0.999999999999029,4.70453667564941,47.045366756494104,4.000000000002041,0.9599756523119128,2.8515851403525807,0,0,95.27543801232241,1,0
miku-random-v2,parked_and_oncoming,35,B0,B0-TimeBlind,1,1,0,0.2890126963607753,0.8667672579222657,10.0,10.0,1.0,4.704711074327117,47.047110743271176,0.5943364406552656,0.4831026600650984,0.16589656692101398,0,0,5.191280011786148,1,1
miku-random-v2,parked_and_oncoming,35,B1,B1-TimeAwareGreedy,1,1,0,0.28901267411120424,0.8667672579222657,10.0,10.0,1.0,4.70471107224825,47.0471107224825,0.5943364406552656,0.48310273138532733,0.16589656692101398,0,0,5.35157200647518,1,1
miku-random-v2,parked_and_oncoming,35,B2,B2-IterativePVD,1,1,0,0.28901267411120424,0.8667672579222657,10.0,10.0,1.0,4.70471107224825,47.0471107224825,0.5943364406552656,0.48310273138532733,0.16589656692101398,0,0,15.909374982584268,3,1
miku-random-v2,parked_and_oncoming,35,MIKU,MIKU,1,1,0,0.22986459816550697,0.7753700608418894,10.0,10.0,1.0,4.704240372801196,47.042403728011955,0.5943364406552656,0.4583142653028963,0.16589656692101398,0,0,5.657444999087602,1,0
miku-random-v2,parked_and_oncoming,36,B0,B0-TimeBlind,0,0,0,0.7461900756607007,2.659060479083602,,15.0,0.08512133516920296,0.4000702752952539,4.000702752952539,4.0,0.0,4.000000000000005,0,1,26.332681998610497,1,1
miku-random-v2,parked_and_oncoming,36,B1,B1-TimeAwareGreedy,0,0,0,0.7461900756607007,2.659060479083602,,15.0,0.08512133516920296,0.4000702752952539,4.000702752952539,4.0,0.0,4.000000000000005,0,1,26.546117005636916,1,1
miku-random-v2,parked_and_oncoming,36,B2,B2-IterativePVD,0,0,0,0.7461900756607007,2.659060479083602,,15.0,0.08512133516920296,0.4000702752952539,4.000702752952539,4.0,0.0,4.000000000000005,0,1,53.08091998449527,2,1
miku-random-v2,parked_and_oncoming,36,MIKU,MIKU,0,0,0,0.7461900756607007,2.659060479083602,,15.0,0.08512133516920296,0.4000702752952539,4.000702752952539,4.0,0.0,4.000000000000005,0,1,20.89234598679468,1,0
miku-random-v2,parked_and_oncoming,37,B0,B0-TimeBlind,1,1,0,0.2578797308047509,0.934709331880746,10.0,10.0,0.9999999999999704,4.703972058080379,47.03972058080379,4.000000000000044,0.947169914275359,2.2221188858316347,0,0,32.822223991388455,1,1
miku-random-v2,parked_and_oncoming,37,B1,B1-TimeAwareGreedy,1,1,0,0.2578797308047509,0.934709331880746,10.0,10.0,0.9999999999999704,4.703972058080379,47.03972058080379,4.000000000000044,0.947169914275359,2.2221188858316347,0,0,32.81261899974197,1,1
miku-random-v2,parked_and_oncoming,37,B2,B2-IterativePVD,1,1,0,0.2578797308047509,0.934709331880746,10.0,10.0,0.9999999999999704,4.703972058080379,47.03972058080379,4.000000000000044,0.947169914275359,2.2221188858316347,0,0,100.15799300163053,3,1
miku-random-v2,parked_and_oncoming,37,MIKU,MIKU,1,1,0,0.005549480788793026,0.8903710015833826,10.0,10.0,1.0,4.703386013845089,47.03386013845088,0.09631796077617297,0.35399734090979,0.02688514102964091,0,0,5.769548995885998,1,0
miku-random-v2,parked_and_oncoming,38,B0,B0-TimeBlind,0,0,0,0.26000107391912053,1.2304728365334696,,15.0,0.5477031085674502,2.577816852760787,25.77816852760787,2.6997747959124028,0.6345216967290072,1.1489490793625146,0,1,40.41923501063138,1,1
miku-random-v2,parked_and_oncoming,38,B1,B1-TimeAwareGreedy,0,0,0,0.26000107391912053,1.2304728365334696,,15.0,0.5477031085674502,2.577816852760787,25.77816852760787,2.6997747959124028,0.6345216967290072,1.1489490793625146,0,1,40.71416798979044,1,1
miku-random-v2,parked_and_oncoming,38,B2,B2-IterativePVD,0,0,0,0.26000107391912053,1.2304728365334696,,15.0,0.5477031085674502,2.577816852760787,25.77816852760787,2.6997747959124028,0.6345216967290072,1.1489490793625146,0,1,123.84002798353322,3,1
miku-random-v2,parked_and_oncoming,38,MIKU,MIKU,1,1,0,0.025632097446860236,0.826620017288317,10.0,10.0,1.0,4.70422566045007,47.0422566045007,0.40508212188372533,0.44444162033896867,0.11307018844020035,0,0,5.800737009849399,1,0
miku-random-v2,parked_and_oncoming,39,B0,B0-TimeBlind,1,1,0,0.07675923317227684,0.8329222688504829,10.0,10.0,1.0,4.7046046841479185,47.04604684147918,0.5287188368420307,0.4921537980996687,0.14758078741044714,0,0,5.220054998062551,1,1
miku-random-v2,parked_and_oncoming,39,B1,B1-TimeAwareGreedy,1,1,0,0.07675923317227684,0.8329222688504829,10.0,10.0,1.0,4.7046046841479185,47.04604684147918,0.5287188368420307,0.4921537980996687,0.14758078741044714,0,0,5.221613013418391,1,1
miku-random-v2,parked_and_oncoming,39,B2,B2-IterativePVD,1,1,0,0.07675923317227684,0.8329222688504829,10.0,10.0,1.0,4.7046046841479185,47.04604684147918,0.5287188368420307,0.4921537980996687,0.14758078741044714,0,0,15.656761010177433,3,1
miku-random-v2,parked_and_oncoming,39,MIKU,MIKU,1,1,0,0.1325162719606785,0.7399519210255084,10.0,10.0,1.0,4.704149214974058,47.041492149740584,0.5287188368420307,0.4671591505988515,0.14758078741044714,0,0,5.644232005579397,1,0
miku-random-v2,parked_and_oncoming,40,B0,B0-TimeBlind,1,1,0,0.18360809924184496,0.7713135062915921,10.0,10.0,1.0,4.706069190944163,47.06069190944163,0.3817093793058905,0.5392792396099292,0.10654617697475106,0,0,5.163830006495118,1,1
miku-random-v2,parked_and_oncoming,40,B1,B1-TimeAwareGreedy,1,1,0,0.18360809924167887,0.7713135062915921,10.0,10.0,1.0,4.7060691909441745,47.06069190944174,0.3817093793058905,0.5392792396108014,0.10654617697475106,0,0,5.1703560166060925,1,1
miku-random-v2,parked_and_oncoming,40,B2,B2-IterativePVD,1,1,0,0.18360809924167887,0.7713135062915921,10.0,10.0,1.0,4.7060691909441745,47.06069190944174,0.3817093793058905,0.5392792396108014,0.10654617697475106,0,0,15.77971299411729,3,1
miku-random-v2,parked_and_oncoming,40,MIKU,MIKU,1,1,0,0.23533830693715352,0.6762391039601323,10.0,10.0,1.0,4.705531866215753,47.05531866215753,0.3817093793058905,0.5148257627684979,0.10654617697475106,0,0,5.891360982786864,1,0
miku-random-v2,parked_and_oncoming,41,B0,B0-TimeBlind,0,0,0,0.3006834898745556,1.1354357599487876,,15.0,0.542801389521184,2.55454997875599,25.5454997875599,2.8939817743697382,0.7419257216326722,1.2749907539449583,0,1,30.421360017498955,1,1
miku-random-v2,parked_and_oncoming,41,B1,B1-TimeAwareGreedy,0,0,0,0.3006834898745556,1.1354357599487876,,15.0,0.542801389521184,2.55454997875599,25.5454997875599,2.8939817743697382,0.7419257216326722,1.2749907539449583,0,1,31.05995402438566,1,1
miku-random-v2,parked_and_oncoming,41,B2,B2-IterativePVD,0,0,0,0.3006834898745556,1.1354357599487876,,15.0,0.542801389521184,2.55454997875599,25.5454997875599,2.8939817743697382,0.7419257216326722,1.2749907539449583,0,1,93.96383899729699,3,1
miku-random-v2,parked_and_oncoming,41,MIKU,MIKU,0,0,0,0.22072869758242875,1.0933291448993065,,15.0,0.6847815973587064,3.2219109200785425,32.219109200785425,2.501523840579327,0.7788665176974569,1.046503022711905,0,1,51.444885990349576,1,0
miku-random-v2,parked_and_oncoming,42,B0,B0-TimeBlind,1,1,0,0.29112813357496714,0.9201239153739095,10.0,10.0,1.0,4.704264903110473,47.04264903110473,0.5319183366235827,0.5296037745907858,0.14847386074957405,0,0,5.140917986864224,1,1
miku-random-v2,parked_and_oncoming,42,B1,B1-TimeAwareGreedy,1,1,0,0.29112813357496714,0.9201239153739095,10.0,10.0,1.0,4.704264903110473,47.04264903110473,0.5319183366235827,0.5296037745907858,0.14847386074957405,0,0,5.204537999816239,1,1
miku-random-v2,parked_and_oncoming,42,B2,B2-IterativePVD,1,1,0,0.29112813357496714,0.9201239153739095,10.0,10.0,1.0,4.704264903110473,47.04264903110473,0.5319183366235827,0.5296037745907858,0.14847386074957405,0,0,15.55929600726813,3,1
miku-random-v2,parked_and_oncoming,42,MIKU,MIKU,1,1,0,0.23614575228191637,0.827155965329612,10.0,10.0,1.0,4.703791799869365,47.03791799869365,0.5319183366235827,0.499340749357948,0.14847386074957405,0,0,5.625635996693745,1,0
miku-random-v2,parked_and_oncoming,43,B0,B0-TimeBlind,1,1,0,0.13254307003268595,1.0033593787283253,10.0,10.0,1.0,4.703524365262131,47.035243652621304,0.36032299130932804,0.3987322376434151,0.10057661477940842,0,0,5.217611993430182,1,1
miku-random-v2,parked_and_oncoming,43,B1,B1-TimeAwareGreedy,0,0,0,1.1123232516123922,2.869523575214171,,15.0,0.09154491576875431,0.4302611041131453,4.302611041131453,4.0,0.0,4.000000000000005,0,1,29.038775013759732,1,1
miku-random-v2,parked_and_oncoming,43,B2,B2-IterativePVD,0,0,0,1.1123232516123922,2.869523575214171,,15.0,0.09154491576875431,0.4302611041131453,4.302611041131453,4.0,0.0,4.000000000000005,0,1,57.95008401037194,2,1
miku-random-v2,parked_and_oncoming,43,MIKU,MIKU,1,1,0,0.21983713696218876,0.9096572426390228,10.0,10.0,1.0,4.702998783664089,47.02998783664089,0.36032299130932804,0.420341193203669,0.10057661477940842,0,0,5.9203910059295595,1,0
miku-random-v2,parked_and_oncoming,44,B0,B0-TimeBlind,0,0,0,0.3050342404720886,1.2638112446682983,,15.0,0.6116088177093721,2.877480760391308,28.77480760391308,2.5435333435430136,0.6939984624909229,1.120657874657962,0,1,32.02058299211785,1,1
miku-random-v2,parked_and_oncoming,44,B1,B1-TimeAwareGreedy,0,0,0,0.3050342404720761,1.2638112446682983,,15.0,0.6116088177093721,2.877480760391308,28.77480760391308,2.5435333435430136,0.6939984624910828,1.120657874657962,0,1,32.16143499594182,1,1
miku-random-v2,parked_and_oncoming,44,B2,B2-IterativePVD,0,0,0,0.3050342404720761,1.2638112446682983,,15.0,0.6116088177093721,2.877480760391308,28.77480760391308,2.5435333435430136,0.6939984624910828,1.120657874657962,0,1,95.19434400135651,3,1
miku-random-v2,parked_and_oncoming,44,MIKU,MIKU,1,1,0,0.1444193875146409,1.126585023815901,10.0,10.0,0.9999999999999999,4.703105014202439,47.03105014202439,2.294907466389914,0.6985961627765017,1.059701460856953,0,0,6.520143011584878,1,0
miku-random-v2,parked_and_oncoming,45,B0,B0-TimeBlind,1,1,0,0.3067260707265458,1.2705793495377735,10.0,10.0,0.9999999999999999,4.704008205334238,47.040082053342374,2.220992025435675,0.7337621319958527,1.0076106662467383,0,0,5.594501009909436,1,1
miku-random-v2,parked_and_oncoming,45,B1,B1-TimeAwareGreedy,1,1,0,0.30672607072663816,1.2705793495377735,10.0,10.0,0.9999999999999999,4.70400820533427,47.04008205334271,2.220992025435675,0.733762132013356,1.0076106662467383,0,0,5.595467984676361,1,1
miku-random-v2,parked_and_oncoming,45,B2,B2-IterativePVD,1,1,0,0.30672607072663816,1.2705793495377735,10.0,10.0,0.9999999999999999,4.70400820533427,47.04008205334271,2.220992025435675,0.733762132013356,1.0076106662467383,0,0,16.966151975793764,3,1
miku-random-v2,parked_and_oncoming,45,MIKU,MIKU,1,1,0,0.20238730948486516,1.544749007752783,10.0,10.0,0.9999999999999999,4.703469358844308,47.03469358844308,1.3980474013388275,0.33915665280697765,0.619330121570888,0,0,7.034650014247745,1,0
miku-random-v2,parked_and_oncoming,46,B0,B0-TimeBlind,1,1,0,0.2895867264616214,0.9607262301745737,10.0,10.0,1.0,4.7050760880024445,47.05076088002444,0.09730179354743541,0.4223771657986089,0.02715975733786523,0,0,5.413609993411228,1,1
miku-random-v2,parked_and_oncoming,46,B1,B1-TimeAwareGreedy,1,1,0,0.2895867264616214,0.9607262301745737,10.0,10.0,1.0,4.7050760880024445,47.05076088002444,0.09730179354743541,0.4223771657986089,0.02715975733786523,0,0,5.440484994323924,1,1
miku-random-v2,parked_and_oncoming,46,B2,B2-IterativePVD,1,1,0,0.2895867264616214,0.9607262301745737,10.0,10.0,1.0,4.7050760880024445,47.05076088002444,0.09730179354743541,0.4223771657986089,0.02715975733786523,0,0,16.505431005498394,3,1
miku-random-v2,parked_and_oncoming,46,MIKU,MIKU,1,1,0,0.22045571123337604,0.764154376542233,10.0,10.0,1.0,4.704437025167049,47.04437025167049,0.09730179354743541,0.3948689843102451,0.02715975733786523,0,0,5.936555011430755,1,0
miku-random-v2,parked_and_oncoming,47,B0,B0-TimeBlind,1,1,0,0.29477808999898514,1.2044814683820346,10.0,10.0,1.0,4.70263525692147,47.026352569214694,0.2579627000216809,0.3067959343894196,0.07200488376652193,0,0,4.907663998892531,1,1
miku-random-v2,parked_and_oncoming,47,B1,B1-TimeAwareGreedy,1,1,0,0.29477808999898514,1.2044814683820346,10.0,10.0,1.0,4.70263525692147,47.026352569214694,0.2579627000216809,0.3067959343894196,0.07200488376652193,0,0,4.998296994017437,1,1
miku-random-v2,parked_and_oncoming,47,B2,B2-IterativePVD,1,1,0,0.29477808999898514,1.2044814683820346,10.0,10.0,1.0,4.70263525692147,47.026352569214694,0.2579627000216809,0.3067959343894196,0.07200488376652193,0,0,15.196535998256877,3,1
miku-random-v2,parked_and_oncoming,47,MIKU,MIKU,1,1,0,0.2157830896923203,1.015733404170605,10.0,10.0,1.0,4.702174052792996,47.02174052792996,0.2579627000216809,0.27864703517968337,0.07200488376652193,0,0,5.330895015504211,1,0
miku-random-v2,parked_and_oncoming,48,B0,B0-TimeBlind,1,1,0,0.292756198136606,0.9410468900392158,10.0,10.0,1.0,4.7044752568790535,47.044752568790535,0.4568258234139724,0.46553029131955437,0.1275133587666582,0,0,5.212818010477349,1,1
miku-random-v2,parked_and_oncoming,48,B1,B1-TimeAwareGreedy,1,1,0,0.292756198136606,0.9410468900392158,10.0,10.0,1.0,4.7044752568790535,47.044752568790535,0.4568258234139724,0.46553029131955437,0.1275133587666582,0,0,5.200145998969674,1,1
miku-random-v2,parked_and_oncoming,48,B2,B2-IterativePVD,1,1,0,0.292756198136606,0.9410468900392158,10.0,10.0,1.0,4.7044752568790535,47.044752568790535,0.4568258234139724,0.46553029131955437,0.1275133587666582,0,0,15.70627698674798,3,1
miku-random-v2,parked_and_oncoming,48,MIKU,MIKU,1,1,0,0.23324482837400806,0.7548328139771945,10.0,10.0,1.0,4.703991279938418,47.039912799384176,0.4568258234139724,0.4396175620515723,0.1275133587666582,0,0,5.665089993271977,1,0
miku-random-v2,parked_and_oncoming,49,B0,B0-TimeBlind,0,0,0,0.3806383830313485,2.335670208714724,,15.0,0.1482627012493349,0.698552581194819,6.98552581194819,4.000000008379852,0.026073071393963802,3.0602955293996374,0,1,69.40953599405475,1,1
miku-random-v2,parked_and_oncoming,49,B1,B1-TimeAwareGreedy,0,0,0,0.3441576322294844,2.335670208714724,,15.0,0.1482627012493349,0.6988329086023776,6.988329086023776,4.000000008379852,0.0319635203954372,3.0602955293996374,0,1,70.0886599952355,1,1
miku-random-v2,parked_and_oncoming,49,B2,B2-IterativePVD,0,0,0,0.3441576322294844,2.335670208714724,,15.0,0.1482627012493349,0.6988329086023776,6.988329086023776,4.000000008379852,0.0319635203954372,3.0602955293996374,0,1,208.6500379955396,3,1
miku-random-v2,parked_and_oncoming,49,MIKU,MIKU,0,0,0,0.3981714130697583,2.335670208714724,,15.0,0.1482627012493349,0.6984279817471112,6.984279817471112,4.000000008379852,0.025012225352835846,3.0602955293996374,0,1,69.47937098448165,1,0
miku-random-v2,parked_and_oncoming,50,B0,B0-TimeBlind,1,1,0,0.2986395009131684,1.1048655096310742,10.0,10.0,1.0,4.703440741267513,47.03440741267513,0.27334903607069055,0.393698457051186,0.07629965715311567,0,0,5.259580007987097,1,1
miku-random-v2,parked_and_oncoming,50,B1,B1-TimeAwareGreedy,1,1,0,0.2986395009131684,1.1048655096310742,10.0,10.0,1.0,4.703440741267513,47.03440741267513,0.27334903607069055,0.393698457051186,0.07629965715311567,0,0,5.334514018613845,1,1
miku-random-v2,parked_and_oncoming,50,B2,B2-IterativePVD,1,1,0,0.2986395009131684,1.1048655096310742,10.0,10.0,1.0,4.703440741267513,47.03440741267513,0.27334903607069055,0.393698457051186,0.07629965715311567,0,0,15.843855013372377,3,1
miku-random-v2,parked_and_oncoming,50,MIKU,MIKU,1,1,0,0.22860220308596713,0.9154624267556065,10.0,10.0,1.0,4.702937901900072,47.02937901900072,0.27334903607069055,0.3637770308309464,0.07629965715311567,0,0,5.697688990039751,1,0
miku-random-v2,parked_and_oncoming,51,B0,B0-TimeBlind,0,0,0,0.8506568564082451,3.0478704433899533,,15.0,0.08702332012910763,0.40900960460680585,4.090096046068059,4.0,0.0,4.000000000000005,0,1,52.83062701346353,1,1
miku-random-v2,parked_and_oncoming,51,B1,B1-TimeAwareGreedy,0,0,0,0.8506568564082451,3.0478704433899533,,15.0,0.08702332012910763,0.40900960460680585,4.090096046068059,4.0,0.0,4.000000000000005,0,1,52.386508003110066,1,1
miku-random-v2,parked_and_oncoming,51,B2,B2-IterativePVD,0,0,0,0.8506568564082451,3.0478704433899533,,15.0,0.08702332012910763,0.40900960460680585,4.090096046068059,4.0,0.0,4.000000000000005,0,1,101.32623900426552,2,1
miku-random-v2,parked_and_oncoming,51,MIKU,MIKU,0,0,0,0.4813290030147971,0.7769044415436063,,15.0,0.3148439952084811,1.4827765702145026,14.827765702145026,4.000000003706991,0.1926737681333873,4.338235704065101,0,1,50.787247979315,1,0
miku-random-v2,parked_and_oncoming,52,B0,B0-TimeBlind,1,1,0,0.16351675076295513,0.9295940592739205,10.0,10.0,1.0,4.705589160087856,47.05589160087856,0.17499135604474816,0.4371431584249936,0.04884517122501704,0,0,5.300596007145941,1,1
miku-random-v2,parked_and_oncoming,52,B1,B1-TimeAwareGreedy,1,1,0,0.16351675076295513,0.9295940592739205,10.0,10.0,1.0,4.705589160087856,47.05589160087856,0.17499135604474816,0.4371431584249936,0.04884517122501704,0,0,5.2606670069508255,1,1
miku-random-v2,parked_and_oncoming,52,B2,B2-IterativePVD,1,1,0,0.16351675076295513,0.9295940592739205,10.0,10.0,1.0,4.705589160087856,47.05589160087856,0.17499135604474816,0.4371431584249936,0.04884517122501704,0,0,15.877091995207593,3,1
miku-random-v2,parked_and_oncoming,52,MIKU,MIKU,1,1,0,0.22502349377301,0.8326978221039566,10.0,10.0,1.0,4.7049644037475,47.049644037475,0.17499135604474816,0.41196387516353034,0.04884517122501704,0,0,5.740289983805269,1,0
miku-random-v2,parked_and_oncoming,53,B0,B0-TimeBlind,1,1,0,0.1699185882275489,0.9682364998026068,10.0,10.0,1.0,4.7041793780446595,47.041793780446596,0.4485060115120788,0.4420035574997855,0.1251910575622712,0,0,5.117207998409867,1,1
miku-random-v2,parked_and_oncoming,53,B1,B1-TimeAwareGreedy,1,1,0,0.16991858822776384,0.9682364998026068,10.0,10.0,1.0,4.704179378044638,47.04179378044638,0.4485060115120788,0.44200355749801884,0.1251910575622712,0,0,5.1675970025826246,1,1
miku-random-v2,parked_and_oncoming,53,B2,B2-IterativePVD,1,1,0,0.16991858822776384,0.9682364998026068,10.0,10.0,1.0,4.704179378044638,47.04179378044638,0.4485060115120788,0.44200355749801884,0.1251910575622712,0,0,15.817184001207352,3,1
miku-random-v2,parked_and_oncoming,53,MIKU,MIKU,1,1,0,0.2325369768236736,0.78201316525502,10.0,10.0,1.0,4.703687905809735,47.03687905809735,0.4485060115120788,0.4151824447593826,0.1251910575622712,0,0,5.74479199713096,1,0
miku-random-v2,parked_and_oncoming,54,B0,B0-TimeBlind,1,1,0,0.10536184554234351,0.9397484390148789,10.0,10.0,1.0,4.703961458253336,47.03961458253336,0.5313113271412516,0.45659510220677224,0.1483044267685522,0,0,5.131780984811485,1,1
miku-random-v2,parked_and_oncoming,54,B1,B1-TimeAwareGreedy,1,1,0,0.10536184554234351,0.9397484390148789,10.0,10.0,1.0,4.703961458253336,47.03961458253336,0.5313113271412516,0.45659510220677224,0.1483044267685522,0,0,5.10957301594317,1,1
miku-random-v2,parked_and_oncoming,54,B2,B2-IterativePVD,1,1,0,0.10536184554234351,0.9397484390148789,10.0,10.0,1.0,4.703961458253336,47.03961458253336,0.5313113271412516,0.45659510220677224,0.1483044267685522,0,0,15.514311991864815,3,1
miku-random-v2,parked_and_oncoming,54,MIKU,MIKU,1,1,0,0.16762290566982463,0.8477692510804802,10.0,10.0,1.0,4.70350717622995,47.035071762299495,0.5313113271412516,0.42959946716351244,0.1483044267685522,0,0,5.639454000629485,1,0
miku-random-v2,parked_and_oncoming,55,B0,B0-TimeBlind,1,1,0,0.20586830684693957,0.9907272568739076,10.0,10.0,1.0,4.704841136872497,47.04841136872497,0.37236631396633635,0.4330117905601521,0.10393825600892069,0,0,5.052412016084418,1,1
miku-random-v2,parked_and_oncoming,55,B1,B1-TimeAwareGreedy,1,1,0,0.20586830684693957,0.9907272568739076,10.0,10.0,1.0,4.704841136872497,47.04841136872497,0.37236631396633635,0.4330117905601521,0.10393825600892069,0,0,5.096954992040992,1,1
miku-random-v2,parked_and_oncoming,55,B2,B2-IterativePVD,1,1,0,0.20586830684693957,0.9907272568739076,10.0,10.0,1.0,4.704841136872497,47.04841136872497,0.37236631396633635,0.4330117905601521,0.10393825600892069,0,0,15.451619983650744,3,1
miku-random-v2,parked_and_oncoming,55,MIKU,MIKU,1,1,0,0.23349241657725206,0.8034277708471117,10.0,10.0,1.0,4.704304652141936,47.043046521419356,0.37236631396633635,0.4082949939409709,0.10393825600892069,0,0,5.60401298571378,1,0
miku-random-v2,parked_and_oncoming,56,B0,B0-TimeBlind,1,1,0,0.2946975385085715,1.0086095869083702,10.0,10.0,1.0,4.704025417041324,47.040254170413235,0.20212917803286856,0.37911417360301014,0.056420125734879305,0,0,5.476557998917997,1,1
miku-random-v2,parked_and_oncoming,56,B1,B1-TimeAwareGreedy,1,1,0,0.2946975385085715,1.0086095869083702,10.0,10.0,1.0,4.704025417041324,47.040254170413235,0.20212917803286856,0.37911417360301014,0.056420125734879305,0,0,5.435907980427146,1,1
miku-random-v2,parked_and_oncoming,56,B2,B2-IterativePVD,1,1,0,0.2946975385085715,1.0086095869083702,10.0,10.0,1.0,4.704025417041324,47.040254170413235,0.20212917803286856,0.37911417360301014,0.056420125734879305,0,0,16.539528995053843,3,1
miku-random-v2,parked_and_oncoming,56,MIKU,MIKU,1,1,0,0.21662220159530832,0.8159145237839469,10.0,10.0,1.0,4.703467400845142,47.03467400845142,0.20212917803286856,0.3518399862188864,0.056420125734879305,0,0,5.895225011045113,1,0
miku-random-v2,parked_and_oncoming,57,B0,B0-TimeBlind,0,0,0,0.4185802199618682,1.1480098117506357,,15.0,0.273421500945207,1.2881955930214493,12.881955930214493,3.707722422472599,0.13777976688291535,1.8364380729808778,0,1,21.23819600092247,1,1
miku-random-v2,parked_and_oncoming,57,B1,B1-TimeAwareGreedy,0,0,0,0.4185802199618682,1.1480098117506357,,15.0,0.273421500945207,1.2881955930214493,12.881955930214493,3.707722422472599,0.13777976688291535,1.8364380729808778,0,1,21.28007198916748,1,1
miku-random-v2,parked_and_oncoming,57,B2,B2-IterativePVD,0,0,0,0.4185802199618682,1.1480098117506357,,15.0,0.273421500945207,1.2881955930214493,12.881955930214493,3.707722422472599,0.13777976688291535,1.8364380729808778,0,1,63.547919009579346,3,1
miku-random-v2,parked_and_oncoming,57,MIKU,MIKU,0,0,0,0.17892103056780417,1.3567070085833919,,15.0,0.5141174222679703,2.419586062883033,24.195860628830328,2.702776075979672,0.6469802936143282,1.1912376591648064,0,1,28.029562992742285,1,0
miku-random-v2,parked_and_oncoming,58,B0,B0-TimeBlind,0,0,0,0.30442637727839905,1.002166892097479,,15.0,0.5789161511353283,2.724888586419642,27.24888586419642,4.000000000000001,0.961221574698661,2.181232656320208,0,1,49.74121000850573,1,1
miku-random-v2,parked_and_oncoming,58,B1,B1-TimeAwareGreedy,0,0,0,0.3044263772784177,1.002166892097479,,15.0,0.5789161511353283,2.724888586419643,27.24888586419643,4.000000000000001,0.9612215747058053,2.181232656320208,0,1,49.15899198385887,1,1
miku-random-v2,parked_and_oncoming,58,B2,B2-IterativePVD,0,0,0,0.3044263772784177,1.002166892097479,,15.0,0.5789161511353283,2.724888586419643,27.24888586419643,4.000000000000001,0.9612215747058053,2.181232656320208,0,1,149.98850302072242,3,1
miku-random-v2,parked_and_oncoming,58,MIKU,MIKU,0,0,0,0.241306284145403,0.918019311427154,,15.0,0.6632234529936792,3.1211781520168214,31.211781520168213,3.9574614720746446,0.8987012289867279,1.8650090788689881,0,1,51.906549022533,1,0
miku-random-v2,parked_and_oncoming,59,B0,B0-TimeBlind,1,1,0,0.2897386768377219,1.1781682915210543,10.0,10.0,1.0,4.702925729241122,47.02925729241122,0.3352664440094459,0.34694405446073157,0.09358260449907314,0,0,5.163225985597819,1,1
miku-random-v2,parked_and_oncoming,59,B1,B1-TimeAwareGreedy,1,1,0,0.2897386768377219,1.1781682915210543,10.0,10.0,1.0,4.702925729241122,47.02925729241122,0.3352664440094459,0.34694405446073157,0.09358260449907314,0,0,5.1688259991351515,1,1
miku-random-v2,parked_and_oncoming,59,B2,B2-IterativePVD,1,1,0,0.2897386768377219,1.1781682915210543,10.0,10.0,1.0,4.702925729241122,47.02925729241122,0.3352664440094459,0.34694405446073157,0.09358260449907314,0,0,15.669385000364855,3,1
miku-random-v2,parked_and_oncoming,59,MIKU,MIKU,1,1,0,0.21972249841936742,0.9920744145230228,10.0,10.0,1.0,4.702467443825199,47.02467443825199,0.3352664440094459,0.3186013247250535,0.09358260449907314,0,0,5.623806006042287,1,0
miku-random-v2,parked_and_oncoming,60,B0,B0-TimeBlind,0,0,0,0.7581290688047586,2.169339291180184,,15.0,0.12347488399165826,0.5803319547607939,5.803319547607939,4.0,0.0,4.000000000000005,0,1,89.8608589777723,1,1
miku-random-v2,parked_and_oncoming,60,B1,B1-TimeAwareGreedy,0,0,0,0.7581290688047586,2.169339291180184,,15.0,0.12347488399165826,0.5803319547607939,5.803319547607939,4.0,0.0,4.000000000000005,0,1,21.61111799068749,1,1
miku-random-v2,parked_and_oncoming,60,B2,B2-IterativePVD,0,0,0,0.7581290688047586,2.169339291180184,,15.0,0.12347488399165826,0.5803319547607939,5.803319547607939,4.0,0.0,4.000000000000005,0,1,42.67263400834054,2,1
miku-random-v2,parked_and_oncoming,60,MIKU,MIKU,0,0,0,0.7581290688047586,2.169339291180184,,15.0,0.12347488399165826,0.5803319547607939,5.803319547607939,4.0,0.0,4.000000000000005,0,1,10.52052600425668,1,0
miku-random-v2,parked_and_oncoming,61,B0,B0-TimeBlind,0,0,0,0.8399361263011142,2.9776356439685956,,15.0,0.10600613956355848,0.4982288559487248,4.982288559487248,4.0,0.0,3.9999999999999964,0,1,537.5218600092921,1,1
miku-random-v2,parked_and_oncoming,61,B1,B1-TimeAwareGreedy,0,0,0,0.8399361263011142,2.9776356439685956,,15.0,0.10600613956355848,0.4982288559487248,4.982288559487248,4.0,0.0,3.9999999999999964,0,1,545.5106979934499,1,1
miku-random-v2,parked_and_oncoming,61,B2,B2-IterativePVD,0,0,0,0.8399361263011142,2.9776356439685956,,15.0,0.10600613956355848,0.4982288559487248,4.982288559487248,4.0,0.0,3.9999999999999964,0,1,1073.0722460139077,2,1
miku-random-v2,parked_and_oncoming,61,MIKU,MIKU,0,0,0,0.23869470668261084,0.7574661233865212,,15.0,0.5947634786352454,2.7987055357073882,27.98705535707388,4.000000000000294,1.014023112834754,2.6395546644533354,0,1,60.44083199230954,1,0
miku-random-v2,parked_and_oncoming,62,B0,B0-TimeBlind,1,1,0,0.1808668152339319,0.826921390211818,10.0,10.0,1.0,4.706321425338344,47.06321425338344,0.2618046007862571,0.5423277109830471,0.07307726988268883,0,0,5.092499981401488,1,1
miku-random-v2,parked_and_oncoming,62,B1,B1-TimeAwareGreedy,1,1,0,0.18086681523379022,0.826921390211818,10.0,10.0,1.0,4.7063214253383565,47.06321425338356,0.2618046007862571,0.54232771098463,0.07307726988268883,0,0,5.1223059999756515,1,1
miku-random-v2,parked_and_oncoming,62,B2,B2-IterativePVD,1,1,0,0.18086681523379022,0.826921390211818,10.0,10.0,1.0,4.7063214253383565,47.06321425338356,0.2618046007862571,0.54232771098463,0.07307726988268883,0,0,15.526848001172766,3,1
miku-random-v2,parked_and_oncoming,62,MIKU,MIKU,1,1,0,0.23800119375193196,0.7308313877722905,10.0,10.0,1.0,4.705720542416094,47.057205424160934,0.2618046007862571,0.5158777885707929,0.07307726988268883,0,0,5.606410006294027,1,0
miku-random-v2,parked_and_oncoming,63,B0,B0-TimeBlind,1,1,0,0.01413684605669041,1.10720721962482,10.0,10.0,1.0,4.704154208632701,47.04154208632701,0.1013028423442409,0.37724459775458885,0.02827656629330778,0,0,5.20734500605613,1,1
miku-random-v2,parked_and_oncoming,63,B1,B1-TimeAwareGreedy,1,1,0,0.01413684605669041,1.10720721962482,10.0,10.0,1.0,4.704154208632701,47.04154208632701,0.1013028423442409,0.37724459775458885,0.02827656629330778,0,0,5.258499993942678,1,1
miku-random-v2,parked_and_oncoming,63,B2,B2-IterativePVD,1,1,0,0.01413684605669041,1.10720721962482,10.0,10.0,1.0,4.704154208632701,47.04154208632701,0.1013028423442409,0.37724459775458885,0.02827656629330778,0,0,16.254256974207237,3,1
miku-random-v2,parked_and_oncoming,63,MIKU,MIKU,1,1,0,0.09109950051501614,0.9114008993884339,10.0,10.0,1.0,4.703567489566952,47.035674895669516,0.1013028423442409,0.3495706271741657,0.02827656629330778,0,0,5.764272005762905,1,0
miku-random-v2,parked_and_oncoming,64,B0,B0-TimeBlind,1,1,0,0.06730153004705386,1.0367098244696935,10.0,10.0,1.0,4.703654851950007,47.036548519500066,0.40795491606957784,0.44113708378331007,0.11387206875629774,0,0,5.384966993005946,1,1
miku-random-v2,parked_and_oncoming,64,B1,B1-TimeAwareGreedy,0,0,0,1.0690514883194484,2.801256224344273,,15.0,0.09642218829388415,0.45318428498125546,4.531842849812555,4.0,0.0,3.9999999999999964,0,1,113.30347001785412,1,1
miku-random-v2,parked_and_oncoming,64,B2,B2-IterativePVD,0,0,0,1.0690514883194484,2.801256224344273,,15.0,0.09642218829388415,0.45318428498125546,4.531842849812555,4.0,0.0,3.9999999999999964,0,1,226.66842499165796,2,1
miku-random-v2,parked_and_oncoming,64,MIKU,MIKU,1,1,0,0.13496466875472146,0.8504184290478319,10.0,10.0,1.0,4.703178092547569,47.031780925475694,0.40795491606957784,0.41134050685847706,0.11387206875629774,0,0,5.818828009068966,1,0
miku-random-v2,parked_and_oncoming,65,B0,B0-TimeBlind,1,1,0,0.19360055516329822,0.777049773133523,10.0,10.0,1.0,4.7054978301798345,47.05497830179834,0.4847002311080774,0.5869012631021429,0.13529391574594057,0,0,5.212118005147204,1,1
miku-random-v2,parked_and_oncoming,65,B1,B1-TimeAwareGreedy,1,1,0,0.19360055516329822,0.777049773133523,10.0,10.0,1.0,4.7054978301798345,47.05497830179834,0.4847002311080774,0.5869012631021429,0.13529391574594057,0,0,5.23693099967204,1,1
miku-random-v2,parked_and_oncoming,65,B2,B2-IterativePVD,1,1,0,0.19360055516329822,0.777049773133523,10.0,10.0,1.0,4.7054978301798345,47.05497830179834,0.4847002311080774,0.5869012631021429,0.13529391574594057,0,0,15.94665998709388,3,1
miku-random-v2,parked_and_oncoming,65,MIKU,MIKU,1,1,0,0.23633095340803334,0.777049773133523,10.0,10.0,1.0,4.70500359336244,47.0500359336244,0.4847002311080774,0.5598714251823864,0.13529391574594057,0,0,5.784305976703763,1,0
miku-random-v2,parked_and_oncoming,66,B0,B0-TimeBlind,0,0,0,0.7978882209078328,2.248816823523267,,15.0,0.11861296676273149,0.557480943784838,5.57480943784838,4.0,0.0,3.9999999999999964,0,1,26.2501270044595,1,1
miku-random-v2,parked_and_oncoming,66,B1,B1-TimeAwareGreedy,0,0,0,0.7978882209078328,2.248816823523267,,15.0,0.11861296676273149,0.557480943784838,5.57480943784838,4.0,0.0,3.9999999999999964,0,1,26.109528000233695,1,1
miku-random-v2,parked_and_oncoming,66,B2,B2-IterativePVD,0,0,0,0.7978882209078328,2.248816823523267,,15.0,0.11861296676273149,0.557480943784838,5.57480943784838,4.0,0.0,3.9999999999999964,0,1,51.135407004039735,2,1
miku-random-v2,parked_and_oncoming,66,MIKU,MIKU,0,0,0,0.7978882209078328,2.248816823523267,,15.0,0.11861296676273149,0.557480943784838,5.57480943784838,4.0,0.0,3.9999999999999964,0,1,14.264721015933901,1,0
miku-random-v2,parked_and_oncoming,67,B0,B0-TimeBlind,1,1,0,0.24880855514363143,1.069282637262985,10.0,10.0,1.0,4.704027831601854,47.04027831601854,0.22742281679620474,0.39787330999552667,0.06348031513051439,0,0,5.2589899860322475,1,1
miku-random-v2,parked_and_oncoming,67,B1,B1-TimeAwareGreedy,1,1,0,0.24880855514363143,1.069282637262985,10.0,10.0,1.0,4.704027831601854,47.04027831601854,0.22742281679620474,0.39787330999552667,0.06348031513051439,0,0,5.308668012730777,1,1
miku-random-v2,parked_and_oncoming,67,B2,B2-IterativePVD,1,1,0,0.24880855514363143,1.069282637262985,10.0,10.0,1.0,4.704027831601854,47.04027831601854,0.22742281679620474,0.39787330999552667,0.06348031513051439,0,0,15.977700997609645,3,1
miku-random-v2,parked_and_oncoming,67,MIKU,MIKU,1,1,0,0.20720965006666558,0.8780056391185573,10.0,10.0,1.0,4.703486558253178,47.03486558253178,0.22742281679620474,0.37015791407537624,0.06348031513051439,0,0,5.769043986219913,1,0
miku-random-v2,parked_and_oncoming,68,B0,B0-TimeBlind,1,1,0,0.2965260456502854,1.0141183314274276,10.0,10.0,1.0,4.703329612848985,47.03329612848985,0.5320114375766289,0.3986076459979814,0.14849984793028678,0,0,5.238475016085431,1,1
miku-random-v2,parked_and_oncoming,68,B1,B1-TimeAwareGreedy,1,1,0,0.2965260456502836,1.0141183314274276,10.0,10.0,1.0,4.703329612848996,47.03329612848996,0.5320114375766289,0.3986076459991257,0.14849984793028678,0,0,5.237482022494078,1,1
miku-random-v2,parked_and_oncoming,68,B2,B2-IterativePVD,1,1,0,0.2965260456502836,1.0141183314274276,10.0,10.0,1.0,4.703329612848996,47.03329612848996,0.5320114375766289,0.3986076459991257,0.14849984793028678,0,0,15.680620999773964,3,1
miku-random-v2,parked_and_oncoming,68,MIKU,MIKU,1,1,0,0.22876676612661084,0.9233703587030517,10.0,10.0,1.0,4.702891150345275,47.02891150345275,0.5320114375766289,0.37142126379033474,0.14849984793028678,0,0,5.594385002041236,1,0
miku-random-v2,parked_and_oncoming,69,B0,B0-TimeBlind,1,1,0,0.294433133717626,2.300330201096141,10.0,10.0,0.9999999999999999,4.70403085077241,47.040308507724106,2.433217364998016,0.6041373745555899,1.0771481394479336,0,0,6.751898996299133,1,1
miku-random-v2,parked_and_oncoming,69,B1,B1-TimeAwareGreedy,1,1,0,0.2944331337181785,2.300330201096141,10.0,10.0,0.9999999999999999,4.704030850772421,47.04030850772421,2.433217364998016,0.6041373745614615,1.0771481394479336,0,0,6.75157702062279,1,1
miku-random-v2,parked_and_oncoming,69,B2,B2-IterativePVD,1,1,0,0.2944331337181785,2.300330201096141,10.0,10.0,0.9999999999999999,4.704030850772421,47.04030850772421,2.433217364998016,0.6041373745614615,1.0771481394479336,0,0,20.525605999864638,3,1
miku-random-v2,parked_and_oncoming,69,MIKU,MIKU,1,1,0,0.05780921779748782,0.8254002648346594,10.0,10.0,1.0,4.703547990602372,47.035479906023724,0.4115890629976368,0.41428631796035276,0.11488646474114321,0,0,5.519550002645701,1,0
miku-random-v2,parked_and_oncoming,70,B0,B0-TimeBlind,1,1,0,0.2687684305188016,1.199034695204534,10.0,10.0,1.0,4.703363826467023,47.03363826467023,0.25431957605300126,0.33505799509822104,0.07098798202884306,0,0,5.159600987099111,1,1
miku-random-v2,parked_and_oncoming,70,B1,B1-TimeAwareGreedy,1,1,0,0.2687684305188016,1.199034695204534,10.0,10.0,1.0,4.703363826467023,47.03363826467023,0.25431957605300126,0.33505799509822104,0.07098798202884306,0,0,5.144789000041783,1,1
miku-random-v2,parked_and_oncoming,70,B2,B2-IterativePVD,1,1,0,0.2687684305188016,1.199034695204534,10.0,10.0,1.0,4.703363826467023,47.03363826467023,0.25431957605300126,0.33505799509822104,0.07098798202884306,0,0,15.902681014267728,3,1
miku-random-v2,parked_and_oncoming,70,MIKU,MIKU,1,1,0,0.20881630217919464,1.010077508869277,10.0,10.0,1.0,4.702852568240898,47.02852568240898,0.25431957605300126,0.30853285025866956,0.07098798202884306,0,0,5.594891990767792,1,0
miku-random-v2,parked_and_oncoming,71,B0,B0-TimeBlind,1,1,0,0.29596642891434927,1.0106842027365561,10.0,10.0,1.0,4.703570520398005,47.035705203980044,0.41206766357629177,0.4150988707423404,0.11502005606668513,0,0,5.280507990391925,1,1
miku-random-v2,parked_and_oncoming,71,B1,B1-TimeAwareGreedy,1,1,0,0.29596642891434927,1.0106842027365561,10.0,10.0,1.0,4.703570520398005,47.035705203980044,0.41206766357629177,0.4150988707423404,0.11502005606668513,0,0,5.184431996895,1,1
miku-random-v2,parked_and_oncoming,71,B2,B2-IterativePVD,1,1,0,0.29596642891434927,1.0106842027365561,10.0,10.0,1.0,4.703570520398005,47.035705203980044,0.41206766357629177,0.4150988707423404,0.11502005606668513,0,0,15.653920010663569,3,1
miku-random-v2,parked_and_oncoming,71,MIKU,MIKU,1,1,0,0.23057441608822354,0.9180067266151337,10.0,10.0,1.0,4.703089389474703,47.030893894747024,0.41206766357629177,0.38610261904401555,0.11502005606668513,0,0,5.714198021451011,1,0
miku-random-v2,parked_and_oncoming,72,B0,B0-TimeBlind,1,1,0,0.10089988769977287,1.0991169142434671,10.0,10.0,1.0,4.703526234158286,47.03526234158286,0.24792030721708808,0.4020237609647986,0.06920176018872481,0,0,5.492871016031131,1,1
miku-random-v2,parked_and_oncoming,72,B1,B1-TimeAwareGreedy,1,1,0,0.10089988769977287,1.0991169142434671,10.0,10.0,1.0,4.703526234158286,47.03526234158286,0.24792030721708808,0.4020237609647986,0.06920176018872481,0,0,5.433996004285291,1,1
miku-random-v2,parked_and_oncoming,72,B2,B2-IterativePVD,1,1,0,0.10089988769977287,1.0991169142434671,10.0,10.0,1.0,4.703526234158286,47.03526234158286,0.24792030721708808,0.4020237609647986,0.06920176018872481,0,0,16.454933007480577,3,1
miku-random-v2,parked_and_oncoming,72,MIKU,MIKU,1,1,0,0.16969078894537404,0.908187244841642,10.0,10.0,1.0,4.703013498685037,47.03013498685037,0.24792030721708808,0.37162682600715397,0.06920176018872481,0,0,5.925986013608053,1,0
miku-random-v2,parked_and_oncoming,73,B0,B0-TimeBlind,1,1,0,0.28771911763712876,0.7677767738340795,10.0,10.0,1.0,4.706175014790911,47.06175014790911,0.535835259895251,0.5920486989920195,0.14956718782698322,0,0,4.919119994156063,1,1
miku-random-v2,parked_and_oncoming,73,B1,B1-TimeAwareGreedy,1,1,0,0.28771911763712876,0.7677767738340795,10.0,10.0,1.0,4.706175014790911,47.06175014790911,0.535835259895251,0.5920486989920195,0.14956718782698322,0,0,4.984557017451152,1,1
miku-random-v2,parked_and_oncoming,73,B2,B2-IterativePVD,1,1,0,0.28771911763712876,0.7677767738340795,10.0,10.0,1.0,4.706175014790911,47.06175014790911,0.535835259895251,0.5920486989920195,0.14956718782698322,0,0,15.050779009470716,3,1
miku-random-v2,parked_and_oncoming,73,MIKU,MIKU,1,1,0,0.23875251599174274,0.6741484670051495,10.0,10.0,1.0,4.705679055173986,47.056790551739866,0.535835259895251,0.567747137457945,0.14956718782698322,0,0,5.4094990191515535,1,0
miku-random-v2,parked_and_oncoming,74,B0,B0-TimeBlind,0,0,0,0.4236060915811892,2.4447677410831528,,15.0,0.21497719283658667,1.012432268097232,10.12432268097232,3.983098091762529,0.027548875460015065,1.8743827112046643,0,1,36.84977299417369,1,1
miku-random-v2,parked_and_oncoming,74,B1,B1-TimeAwareGreedy,0,0,0,1.064958354738113,2.6558151278762434,,15.0,0.11100591316961421,0.5217277918971868,5.217277918971868,4.0,0.0,3.9999999999999964,0,1,102.89298798306845,1,1
miku-random-v2,parked_and_oncoming,74,B2,B2-IterativePVD,0,0,0,1.064958354738113,2.6558151278762434,,15.0,0.11100591316961421,0.5217277918971868,5.217277918971868,4.0,0.0,3.9999999999999964,0,1,201.35230201412924,2,1
miku-random-v2,parked_and_oncoming,74,MIKU,MIKU,0,0,0,0.3163011906805413,1.070117932581589,,15.0,0.2922555226216176,1.3762870651090409,13.76287065109041,3.5379311148442123,0.041608501748967734,1.6051223828554921,0,1,52.60689998976886,1,0
miku-random-v2,parked_and_oncoming,75,B0,B0-TimeBlind,0,0,0,0.8584916690863311,2.517156698369396,,15.0,0.10240612032527677,0.4813087655288008,4.813087655288008,4.0,0.0,3.9999999999999964,0,1,26.73368898103945,1,1
miku-random-v2,parked_and_oncoming,75,B1,B1-TimeAwareGreedy,0,0,0,0.8584916690863311,2.517156698369396,,15.0,0.10240612032527677,0.4813087655288008,4.813087655288008,4.0,0.0,3.9999999999999964,0,1,26.774451980600134,1,1
miku-random-v2,parked_and_oncoming,75,B2,B2-IterativePVD,0,0,0,0.8584916690863311,2.517156698369396,,15.0,0.10240612032527677,0.4813087655288008,4.813087655288008,4.0,0.0,3.9999999999999964,0,1,54.21336900326423,2,1
miku-random-v2,parked_and_oncoming,75,MIKU,MIKU,0,0,0,0.8584916690863311,2.517156698369396,,15.0,0.10240612032527677,0.4813087655288008,4.813087655288008,4.0,0.0,3.9999999999999964,0,1,17.094082024414092,1,0
miku-random-v2,parked_and_oncoming,76,B0,B0-TimeBlind,0,0,0,0.8742969614059959,2.779386264760093,,15.0,0.110812321803977,0.5208179124786919,5.208179124786919,4.0,0.0,3.9999999999999964,0,1,40.81905499333516,1,1
miku-random-v2,parked_and_oncoming,76,B1,B1-TimeAwareGreedy,0,0,0,0.8742969614059959,2.779386264760093,,15.0,0.110812321803977,0.5208179124786919,5.208179124786919,4.0,0.0,3.9999999999999964,0,1,40.78359200502746,1,1
miku-random-v2,parked_and_oncoming,76,B2,B2-IterativePVD,0,0,0,0.8742969614059959,2.779386264760093,,15.0,0.110812321803977,0.5208179124786919,5.208179124786919,4.0,0.0,3.9999999999999964,0,1,81.60515199415386,2,1
miku-random-v2,parked_and_oncoming,76,MIKU,MIKU,0,0,0,0.8742969614059959,2.779386264760093,,15.0,0.110812321803977,0.5208179124786919,5.208179124786919,4.0,0.0,3.9999999999999964,0,1,34.11539498483762,1,0
miku-random-v2,parked_and_oncoming,77,B0,B0-TimeBlind,1,1,0,0.004192325533657115,0.8691779084561235,10.0,10.0,1.0,4.704662213258712,47.04662213258712,0.3784753207392551,0.4688482755679972,0.10564345727472443,0,0,5.011071014450863,1,1
miku-random-v2,parked_and_oncoming,77,B1,B1-TimeAwareGreedy,1,1,0,0.0041923255335389875,0.8691779084561235,10.0,10.0,1.0,4.704662213258719,47.04662213258719,0.3784753207392551,0.468848275568327,0.10564345727472443,0,0,5.113608989631757,1,1
miku-random-v2,parked_and_oncoming,77,B2,B2-IterativePVD,1,1,0,0.0041923255335389875,0.8691779084561235,10.0,10.0,1.0,4.704662213258719,47.04662213258719,0.3784753207392551,0.468848275568327,0.10564345727472443,0,0,15.307643014239147,3,1
miku-random-v2,parked_and_oncoming,77,MIKU,MIKU,1,1,0,0.06450975597181596,0.7746207809465894,10.0,10.0,1.0,4.704156465153764,47.041564651537634,0.3784753207392551,0.4426652865370403,0.10564345727472443,0,0,5.559712008107454,1,0
miku-random-v2,parked_and_oncoming,78,B0,B0-TimeBlind,0,0,0,0.8699068154895069,2.881266520414712,,15.0,0.10491466061587403,0.49309890489460795,4.9309890489460795,4.0,0.0,3.9999999999999964,0,1,63.63530899398029,1,1
miku-random-v2,parked_and_oncoming,78,B1,B1-TimeAwareGreedy,0,0,0,0.8699068154895069,2.881266520414712,,15.0,0.10491466061587403,0.49309890489460795,4.9309890489460795,4.0,0.0,3.9999999999999964,0,1,63.2788939983584,1,1
miku-random-v2,parked_and_oncoming,78,B2,B2-IterativePVD,0,0,0,0.8699068154895069,2.881266520414712,,15.0,0.10491466061587403,0.49309890489460795,4.9309890489460795,4.0,0.0,3.9999999999999964,0,1,126.75259800744243,2,1
miku-random-v2,parked_and_oncoming,78,MIKU,MIKU,0,0,0,0.43940405036239394,2.781266529391733,,15.0,0.1909226290018995,0.8987362629670603,8.987362629670603,4.000000000030438,0.01842391750775508,3.094635963482977,0,1,48.62927400972694,1,0
miku-random-v2,parked_and_oncoming,79,B0,B0-TimeBlind,1,1,0,0.07053238446610433,0.8922135207609294,10.0,10.0,1.0,4.70425141561631,47.04251415616311,0.5411329199165902,0.4730541867393962,0.15104591864362396,0,0,4.998690012143925,1,1
miku-random-v2,parked_and_oncoming,79,B1,B1-TimeAwareGreedy,1,1,0,0.07053238446610433,0.8922135207609294,10.0,10.0,1.0,4.70425141561631,47.04251415616311,0.5411329199165902,0.4730541867393962,0.15104591864362396,0,0,4.999052005587146,1,1
miku-random-v2,parked_and_oncoming,79,B2,B2-IterativePVD,1,1,0,0.07053238446610433,0.8922135207609294,10.0,10.0,1.0,4.70425141561631,47.04251415616311,0.5411329199165902,0.4730541867393962,0.15104591864362396,0,0,15.771392994793132,3,1
miku-random-v2,parked_and_oncoming,79,MIKU,MIKU,1,1,0,0.1330177877037988,0.800316824406114,10.0,10.0,1.0,4.7037968828580645,47.037968828580645,0.5411329199165902,0.4470333858178712,0.15104591864362396,0,0,5.678829998942092,1,0
miku-random-v2,parked_and_oncoming,80,B0,B0-TimeBlind,1,1,0,0.3008982246160192,1.134417651982335,10.0,10.0,1.0,4.70374366910201,47.0374366910201,0.21076464716223417,0.398274179940858,0.058830536041752764,0,0,5.795347009552643,1,1
miku-random-v2,parked_and_oncoming,80,B1,B1-TimeAwareGreedy,1,1,0,0.3008982192625962,1.134417651982335,10.0,10.0,1.0,4.703743670010571,47.03743670010571,0.21076464716223417,0.39827414071108774,0.058830536041752764,0,0,5.640986986691132,1,1
miku-random-v2,parked_and_oncoming,80,B2,B2-IterativePVD,1,1,0,0.3008982192625962,1.134417651982335,10.0,10.0,1.0,4.703743670010571,47.03743670010571,0.21076464716223417,0.39827414071108774,0.058830536041752764,0,0,17.210585006978363,3,1
miku-random-v2,parked_and_oncoming,80,MIKU,MIKU,1,1,0,0.22711746284420808,0.9430694454186609,10.0,10.0,1.0,4.703204245439226,47.032042454392254,0.21076464716223417,0.3684458779161991,0.058830536041752764,0,0,6.0231449897401035,1,0
miku-random-v2,parked_and_oncoming,81,B0,B0-TimeBlind,1,1,0,0.19682530107510599,1.125591617087678,10.0,10.0,1.0,4.7032109388842525,47.03210938884252,0.28961147966785716,0.3745587215820807,0.08083897760859166,0,0,5.340414005331695,1,1
miku-random-v2,parked_and_oncoming,81,B1,B1-TimeAwareGreedy,1,1,0,0.19682530107510599,1.125591617087678,10.0,10.0,1.0,4.7032109388842525,47.03210938884252,0.28961147966785716,0.3745587215820807,0.08083897760859166,0,0,5.274224007735029,1,1
miku-random-v2,parked_and_oncoming,81,B2,B2-IterativePVD,1,1,0,0.19682530107510599,1.125591617087678,10.0,10.0,1.0,4.7032109388842525,47.03210938884252,0.28961147966785716,0.3745587215820807,0.08083897760859166,0,0,15.929011016851291,3,1
miku-random-v2,parked_and_oncoming,81,MIKU,MIKU,1,1,0,0.2264309096431677,0.9367003721081817,10.0,10.0,1.0,4.702722433818039,47.02722433818039,0.28961147966785716,0.3448742722950658,0.08083897760859166,0,0,5.721223016735166,1,0
miku-random-v2,parked_and_oncoming,82,B0,B0-TimeBlind,0,0,0,0.29306929135300375,1.1417865703188457,,15.0,0.501726939747643,2.3604855044885626,23.60485504488563,2.9854638886291505,0.7215909062489492,1.3968271190934092,0,1,25.46750000328757,1,1
miku-random-v2,parked_and_oncoming,82,B1,B1-TimeAwareGreedy,0,0,0,0.29306929135300375,1.1417865703188457,,15.0,0.501726939747643,2.3604855044885626,23.60485504488563,2.9854638886291505,0.7215909062489492,1.3968271190934092,0,1,25.90179498656653,1,1
miku-random-v2,parked_and_oncoming,82,B2,B2-IterativePVD,0,0,0,0.29306929135300375,1.1417865703188457,,15.0,0.501726939747643,2.3604855044885626,23.60485504488563,2.9854638886291505,0.7215909062489492,1.3968271190934092,0,1,76.38039902667515,3,1
miku-random-v2,parked_and_oncoming,82,MIKU,MIKU,0,0,0,0.20918542929620831,0.8830175981998226,,15.0,0.6029695380249699,2.835983527530113,28.35983527530113,2.5808697890033225,0.7419947147302886,1.1435806835917346,0,1,29.837528010830283,1,0
miku-random-v2,parked_and_oncoming,83,B0,B0-TimeBlind,0,0,0,0.9468596579746313,2.763992182571531,,15.0,0.07878525298007036,0.3702906890063306,3.702906890063306,4.0,0.0,3.9999999999999964,0,1,50.39593600668013,1,1
miku-random-v2,parked_and_oncoming,83,B1,B1-TimeAwareGreedy,0,0,0,0.9468596579746313,2.763992182571531,,15.0,0.07878525298007036,0.3702906890063306,3.702906890063306,4.0,0.0,3.9999999999999964,0,1,51.31496099056676,1,1
miku-random-v2,parked_and_oncoming,83,B2,B2-IterativePVD,0,0,0,0.9468596579746313,2.763992182571531,,15.0,0.07878525298007036,0.3702906890063306,3.702906890063306,4.0,0.0,3.9999999999999964,0,1,101.19287800625898,2,1
miku-random-v2,parked_and_oncoming,83,MIKU,MIKU,0,0,0,0.22192463622810443,0.6551519663459945,,15.0,0.3355910983171278,1.581183692134427,15.811836921344272,4.000000003809842,0.8366710366214126,4.084010749765249,0,1,55.57886298629455,1,0
miku-random-v2,parked_and_oncoming,84,B0,B0-TimeBlind,0,0,0,0.305050087850522,0.9629837964823518,,15.0,0.5172810995232587,2.435406236009841,24.35406236009841,3.2992285373508428,0.9064033904046208,1.6164370508702324,0,1,53.11156398965977,1,1
miku-random-v2,parked_and_oncoming,84,B1,B1-TimeAwareGreedy,0,0,0,0.305050087850522,0.9629837964823518,,15.0,0.5172810995232587,2.435406236009841,24.35406236009841,3.2992285373508428,0.9064033904046208,1.6164370508702324,0,1,53.51908001466654,1,1
miku-random-v2,parked_and_oncoming,84,B2,B2-IterativePVD,0,0,0,0.305050087850522,0.9629837964823518,,15.0,0.5172810995232587,2.435406236009841,24.35406236009841,3.2992285373508428,0.9064033904046208,1.6164370508702324,0,1,157.00447198469192,3,1
miku-random-v2,parked_and_oncoming,84,MIKU,MIKU,0,0,0,0.23103931406299916,0.924849100659692,,15.0,0.6447721810086083,3.0347238057808044,30.347238057808045,2.721084190994587,0.7252944390690025,1.238271237726819,0,1,55.94455898972228,1,0
miku-random-v2,parked_and_oncoming,85,B0,B0-TimeBlind,1,1,0,0.18443815296978716,1.0860879684476503,10.0,10.0,0.9999999999999994,4.703422107596795,47.034221075967956,4.000000000000001,0.9030074560207835,1.9901943533305086,0,0,23.83788299630396,1,1
miku-random-v2,parked_and_oncoming,85,B1,B1-TimeAwareGreedy,1,1,0,0.18443815296978716,1.0860879684476503,10.0,10.0,0.9999999999999994,4.703422107596795,47.034221075967956,4.000000000000001,0.9030074560207835,1.9901943533305086,0,0,23.78947800025344,1,1
miku-random-v2,parked_and_oncoming,85,B2,B2-IterativePVD,1,1,0,0.18443815296978716,1.0860879684476503,10.0,10.0,0.9999999999999994,4.703422107596795,47.034221075967956,4.000000000000001,0.9030074560207835,1.9901943533305086,0,0,71.63801000569947,3,1
miku-random-v2,parked_and_oncoming,85,MIKU,MIKU,1,1,0,0.034177498449629695,0.9113974082357276,10.0,10.0,1.0,4.702964116729634,47.02964116729634,0.46931303226033283,0.36401448239700285,0.13099890152715415,0,0,5.581442994298413,1,0
miku-random-v2,parked_and_oncoming,86,B0,B0-TimeBlind,1,1,0,0.2880817459854854,1.155120836170987,10.0,10.0,1.0,4.703040684751509,47.030406847515096,0.22948990851434237,0.3386695552911178,0.06405730048105066,0,0,5.119832989294082,1,1
miku-random-v2,parked_and_oncoming,86,B1,B1-TimeAwareGreedy,1,1,0,0.2880817459854854,1.155120836170987,10.0,10.0,1.0,4.703040684751509,47.030406847515096,0.22948990851434237,0.3386695552911178,0.06405730048105066,0,0,5.201310996199027,1,1
miku-random-v2,parked_and_oncoming,86,B2,B2-IterativePVD,1,1,0,0.2880817459854854,1.155120836170987,10.0,10.0,1.0,4.703040684751509,47.030406847515096,0.22948990851434237,0.3386695552911178,0.06405730048105066,0,0,16.411707008956,3,1
miku-random-v2,parked_and_oncoming,86,MIKU,MIKU,1,1,0,0.2100900840109956,0.9647587252391987,10.0,10.0,1.0,4.7025419976515215,47.02541997651522,0.22948990851434237,0.30964054610597824,0.06405730048105066,0,0,6.021637003868818,1,0
miku-random-v2,parked_and_oncoming,87,B0,B0-TimeBlind,0,0,0,0.760188800568999,2.640619493858436,,15.0,0.1150563517141809,0.5407648530566502,5.407648530566502,4.0,0.0,3.9999999999999964,0,1,41.69585701311007,1,1
miku-random-v2,parked_and_oncoming,87,B1,B1-TimeAwareGreedy,0,0,0,0.760188800568999,2.640619493858436,,15.0,0.1150563517141809,0.5407648530566502,5.407648530566502,4.0,0.0,3.9999999999999964,0,1,40.25027601164766,1,1
miku-random-v2,parked_and_oncoming,87,B2,B2-IterativePVD,0,0,0,0.760188800568999,2.640619493858436,,15.0,0.1150563517141809,0.5407648530566502,5.407648530566502,4.0,0.0,3.9999999999999964,0,1,79.51090199640021,2,1
miku-random-v2,parked_and_oncoming,87,MIKU,MIKU,0,0,0,0.375681182024874,1.064426509475485,,15.0,0.2710737476849647,1.275604359418476,12.75604359418476,4.000000000544738,0.015595960337134333,3.416280976375474,0,1,44.46987999835983,1,0
miku-random-v2,parked_and_oncoming,88,B0,B0-TimeBlind,1,1,0,0.09657451833814124,0.8300093606921722,10.0,10.0,1.0,4.705146562477121,47.05146562477121,0.6509538928893255,0.5592415435454262,0.18170014265841192,0,0,5.467000009957701,1,1
miku-random-v2,parked_and_oncoming,88,B1,B1-TimeAwareGreedy,0,0,0,1.319096565676193,2.6424451605283243,,15.0,0.12327407238539653,0.5793881402113638,5.793881402113637,4.0,0.0,4.000000000000005,0,1,24.985559022752568,1,1
miku-random-v2,parked_and_oncoming,88,B2,B2-IterativePVD,0,0,0,1.319096565676193,2.6424451605283243,,15.0,0.12327407238539653,0.5793881402113638,5.793881402113637,4.0,0.0,4.000000000000005,0,1,49.94136100867763,2,1
miku-random-v2,parked_and_oncoming,88,MIKU,MIKU,1,1,0,0.15010234813608125,0.7384576384306749,10.0,10.0,1.0,4.704706131484913,47.047061314849124,0.6509538928893255,0.5347552889020768,0.18170014265841192,0,0,5.838705023052171,1,0
miku-random-v2,parked_and_oncoming,89,B0,B0-TimeBlind,1,1,0,0.21075378638042208,0.783084485217519,10.0,10.0,1.0,4.70495623860976,47.0495623860976,0.5127953328468513,0.5680920921376955,0.14313607484457155,0,0,4.9515490245539695,1,1
miku-random-v2,parked_and_oncoming,89,B1,B1-TimeAwareGreedy,1,1,0,0.21075378638042208,0.783084485217519,10.0,10.0,1.0,4.70495623860976,47.0495623860976,0.5127953328468513,0.5680920921376955,0.14313607484457155,0,0,5.043439014116302,1,1
miku-random-v2,parked_and_oncoming,89,B2,B2-IterativePVD,1,1,0,0.21075378638042208,0.783084485217519,10.0,10.0,1.0,4.70495623860976,47.0495623860976,0.5127953328468513,0.5680920921376955,0.14313607484457155,0,0,15.245672984747216,3,1
miku-random-v2,parked_and_oncoming,89,MIKU,MIKU,1,1,0,0.23606297261438075,0.6892072548694095,10.0,10.0,1.0,4.7044709059930225,47.04470905993023,0.5127953328468513,0.5395336511116489,0.14313607484457155,0,0,5.468643008498475,1,0
miku-random-v2,parked_and_oncoming,90,B0,B0-TimeBlind,0,0,0,0.2902464126344939,0.9920946897595713,,15.0,0.6133625903358053,2.8859885331454302,28.8598853314543,4.000000000000237,0.9538664287953941,2.6442075894867427,0,1,99.57753701019101,1,1
miku-random-v2,parked_and_oncoming,90,B1,B1-TimeAwareGreedy,0,0,0,0.2902464126344939,0.9920946897595713,,15.0,0.6133625903358053,2.8859885331454302,28.8598853314543,4.000000000000237,0.9538664287953941,2.6442075894867427,0,1,99.86626100726426,1,1
miku-random-v2,parked_and_oncoming,90,B2,B2-IterativePVD,0,0,0,0.2902464126344939,0.9920946897595713,,15.0,0.6133625903358053,2.8859885331454302,28.8598853314543,4.000000000000237,0.9538664287953941,2.6442075894867427,0,1,300.0557489867788,3,1
miku-random-v2,parked_and_oncoming,90,MIKU,MIKU,0,0,0,0.2329621563100157,0.8487595579753151,,15.0,0.6907117969546873,3.249457014730873,32.49457014730873,4.0,0.8894385889538321,2.0649488447365814,0,1,60.22419600049034,1,0
miku-random-v2,parked_and_oncoming,91,B0,B0-TimeBlind,1,1,0,0.3009431353729777,1.3265264060650097,10.0,10.0,1.0,4.7028675740015045,47.028675740015046,0.10139358501368875,0.32939911752783657,0.028301895208556454,0,0,5.234602984273806,1,1
miku-random-v2,parked_and_oncoming,91,B1,B1-TimeAwareGreedy,1,1,0,0.3009431353729777,1.3265264060650097,10.0,10.0,1.0,4.7028675740015045,47.028675740015046,0.10139358501368875,0.32939911752783657,0.028301895208556454,0,0,5.2895180124323815,1,1
miku-random-v2,parked_and_oncoming,91,B2,B2-IterativePVD,1,1,0,0.3009431353729777,1.3265264060650097,10.0,10.0,1.0,4.7028675740015045,47.028675740015046,0.10139358501368875,0.32939911752783657,0.028301895208556454,0,0,15.948896994814277,3,1
miku-random-v2,parked_and_oncoming,91,MIKU,MIKU,1,1,0,0.2119674140646397,1.0338250910091882,10.0,10.0,1.0,4.702340612277627,47.02340612277627,0.10139358501368875,0.29758343302547313,0.028301895208556454,0,0,5.731140001444146,1,0
miku-random-v2,parked_and_oncoming,92,B0,B0-TimeBlind,1,1,0,0.2588848785515685,1.0201424769593486,10.0,10.0,1.0,4.703070132430026,47.03070132430026,0.43938165227914894,0.34862501129844153,0.12264418382452794,0,0,5.145356000866741,1,1
miku-random-v2,parked_and_oncoming,92,B1,B1-TimeAwareGreedy,0,0,0,1.2372600665685467,3.110252886533935,,15.0,0.09970943551086886,0.46863434690108363,4.686343469010836,4.0,0.0,3.9999999999999964,0,1,28.74972700374201,1,1
miku-random-v2,parked_and_oncoming,92,B2,B2-IterativePVD,0,0,0,1.2372600665685467,3.110252886533935,,15.0,0.09970943551086886,0.46863434690108363,4.686343469010836,4.0,0.0,3.9999999999999964,0,1,57.430461019976065,2,1
miku-random-v2,parked_and_oncoming,92,MIKU,MIKU,1,1,0,0.2204934326831376,0.9280406845435404,10.0,10.0,1.0,4.702624330095791,47.02624330095791,0.43938165227914894,0.32230835106459277,0.12264418382452794,0,0,5.7395809853915125,1,0
miku-random-v2,parked_and_oncoming,93,B0,B0-TimeBlind,0,0,0,0.3004336477941518,1.1313779581087333,,15.0,0.4711944063171655,2.217263158952079,22.17263158952079,3.9999999991539417,0.7296451810401224,2.8584520035316126,0,1,87.33379701152444,1,1
miku-random-v2,parked_and_oncoming,93,B1,B1-TimeAwareGreedy,0,0,0,0.3004336477941518,1.1313779581087333,,15.0,0.4711944063171655,2.217263158952079,22.17263158952079,3.9999999991539417,0.7296451810401224,2.8584520035316126,0,1,87.39914902253076,1,1
miku-random-v2,parked_and_oncoming,93,B2,B2-IterativePVD,0,0,0,0.3004336477941518,1.1313779581087333,,15.0,0.4711944063171655,2.217263158952079,22.17263158952079,3.9999999991539417,0.7296451810401224,2.8584520035316126,0,1,262.04003498423845,3,1
miku-random-v2,parked_and_oncoming,93,MIKU,MIKU,0,0,0,0.23128067544137276,1.0341248303564663,,15.0,0.5683677955968718,2.6737326207374226,26.737326207374224,4.0,0.7328151499417582,2.113149921069532,0,1,43.669757986208424,1,0
miku-random-v2,parked_and_oncoming,94,B0,B0-TimeBlind,1,1,0,0.2905835141025055,1.0527909578713197,10.0,10.0,1.0,4.702733263095912,47.02733263095912,0.6593989681425027,0.37499904559159014,0.18405740850322413,0,0,5.055136018199846,1,1
miku-random-v2,parked_and_oncoming,94,B1,B1-TimeAwareGreedy,1,1,0,0.29058349293712804,1.0527909578713197,10.0,10.0,1.0,4.702733262900328,47.027332629003276,0.6593989681425027,0.3749990743850848,0.18405740850322413,0,0,5.223090993240476,1,1
miku-random-v2,parked_and_oncoming,94,B2,B2-IterativePVD,1,1,0,0.29058349293712804,1.0527909578713197,10.0,10.0,1.0,4.702733262900328,47.027332629003276,0.6593989681425027,0.3749990743850848,0.18405740850322413,0,0,15.448211022885516,3,1
miku-random-v2,parked_and_oncoming,94,MIKU,MIKU,1,1,0,0.22640147057645987,0.9637636140290797,10.0,10.0,1.0,4.702347944526018,47.02347944526018,0.6593989681425027,0.3475504313299563,0.18405740850322413,0,0,5.632879998302087,1,0
miku-random-v2,parked_and_oncoming,95,B0,B0-TimeBlind,1,1,0,0.2965438756749199,0.8317504465232168,10.0,10.0,1.0,4.704558741568678,47.04558741568678,0.6985645134129516,0.60995027959997,0.1949896500039408,0,0,5.029029998695478,1,1
miku-random-v2,parked_and_oncoming,95,B1,B1-TimeAwareGreedy,1,1,0,0.2965438756749199,0.8317504465232168,10.0,10.0,1.0,4.704558741568678,47.04558741568678,0.6985645134129516,0.60995027959997,0.1949896500039408,0,0,5.055714020272717,1,1
miku-random-v2,parked_and_oncoming,95,B2,B2-IterativePVD,1,1,0,0.2965438756749199,0.8317504465232168,10.0,10.0,1.0,4.704558741568678,47.04558741568678,0.6985645134129516,0.60995027959997,0.1949896500039408,0,0,15.405487007228658,3,1
miku-random-v2,parked_and_oncoming,95,MIKU,MIKU,1,1,0,0.247965652031092,0.7395327471936128,10.0,10.0,1.0,4.7041336900491055,47.04133690049105,0.6985645134129516,0.5807934020370266,0.1949896500039408,0,0,5.658551002852619,1,0
miku-random-v2,parked_and_oncoming,96,B0,B0-TimeBlind,1,1,0,0.27248921980651497,1.0352922672152136,10.0,10.0,1.0,4.703848882945391,47.03848882945391,0.2521185517740864,0.3609189073152967,0.07037361220965929,0,0,5.036788992583752,1,1
miku-random-v2,parked_and_oncoming,96,B1,B1-TimeAwareGreedy,1,1,0,0.27248921980651497,1.0352922672152136,10.0,10.0,1.0,4.703848882945391,47.03848882945391,0.2521185517740864,0.3609189073152967,0.07037361220965929,0,0,5.0084569957107306,1,1
miku-random-v2,parked_and_oncoming,96,B2,B2-IterativePVD,1,1,0,0.27248921980651497,1.0352922672152136,10.0,10.0,1.0,4.703848882945391,47.03848882945391,0.2521185517740864,0.3609189073152967,0.07037361220965929,0,0,15.425940015120432,3,1
miku-random-v2,parked_and_oncoming,96,MIKU,MIKU,1,1,0,0.21445648506293624,0.8445772182261702,10.0,10.0,1.0,4.703323440742635,47.033234407426356,0.2521185517740864,0.3353638132546361,0.07037361220965929,0,0,5.526707012904808,1,0
miku-random-v2,parked_and_oncoming,97,B0,B0-TimeBlind,1,1,0,0.2927852567721856,0.9214340047858091,10.0,10.0,1.0,4.703794749812574,47.03794749812574,0.5396641010242029,0.46715477300671093,0.15063592861944608,0,0,5.164333997527137,1,1
miku-random-v2,parked_and_oncoming,97,B1,B1-TimeAwareGreedy,1,1,0,0.2927852567721647,0.9214340047858091,10.0,10.0,1.0,4.703794749812583,47.03794749812583,0.5396641010242029,0.4671547730077605,0.15063592861944608,0,0,5.166120012290776,1,1
miku-random-v2,parked_and_oncoming,97,B2,B2-IterativePVD,1,1,0,0.2927852567721647,0.9214340047858091,10.0,10.0,1.0,4.703794749812583,47.03794749812583,0.5396641010242029,0.4671547730077605,0.15063592861944608,0,0,16.23943098820746,3,1
miku-random-v2,parked_and_oncoming,97,MIKU,MIKU,1,1,0,0.23477445081424886,0.8290173460520828,10.0,10.0,1.0,4.703346470421488,47.03346470421488,0.5396641010242029,0.43867548031311215,0.15063592861944608,0,0,5.887657986022532,1,0
miku-random-v2,parked_and_oncoming,98,B0,B0-TimeBlind,0,0,0,0.24747904448737315,1.5286423085415675,,15.0,0.6501085085246253,3.0576020809943687,30.57602080994369,2.2848569921289545,0.6949350211078725,0.98383298585226,0,1,51.698709023185074,1,1
miku-random-v2,parked_and_oncoming,98,B1,B1-TimeAwareGreedy,0,0,0,0.2474790444881336,1.5286423085415675,,15.0,0.6501085085246253,3.0576020809943705,30.576020809943707,2.2848569921289545,0.6949350211158324,0.98383298585226,0,1,51.5582209918648,1,1
miku-random-v2,parked_and_oncoming,98,B2,B2-IterativePVD,0,0,0,0.2474790444881336,1.5286423085415675,,15.0,0.6501085085246253,3.0576020809943705,30.576020809943707,2.2848569921289545,0.6949350211158324,0.98383298585226,0,1,153.94177800044417,3,1
miku-random-v2,parked_and_oncoming,98,MIKU,MIKU,1,1,0,0.17600276582592933,1.0569814899108796,10.0,10.0,0.9999999999999999,4.7021087239897,47.021087239897,2.3907736122550545,0.6056756288872727,1.1173432362500921,0,0,6.752352986950427,1,0
miku-random-v2,parked_and_oncoming,99,B0,B0-TimeBlind,0,0,0,0.34398881626237765,1.0006722578675196,,15.0,0.36284863170364295,1.708359867464954,17.08359867464954,3.4542930839296,0.07850904055178679,1.5407107522366996,0,1,18.47110001835972,1,1
miku-random-v2,parked_and_oncoming,99,B1,B1-TimeAwareGreedy,0,0,0,1.0846884829799146,3.090124517165711,,15.0,0.11582802502605685,0.5443917176224672,5.443917176224672,4.0,0.0,3.9999999999999964,0,1,98.6059179995209,1,1
miku-random-v2,parked_and_oncoming,99,B2,B2-IterativePVD,0,0,0,1.0846884829799146,3.090124517165711,,15.0,0.11582802502605685,0.5443917176224672,5.443917176224672,4.0,0.0,3.9999999999999964,0,1,202.60926798800938,2,1
miku-random-v2,parked_and_oncoming,99,MIKU,MIKU,0,0,0,0.24898159596408131,0.9763182556281489,,15.0,0.4434950413305311,2.0876272712170265,20.876272712170266,3.185339361469804,0.6752187881857064,1.377853354428466,0,1,20.274316979339346,1,0
miku-random-v2,narrow_multi_obstacle,0,B0,B0-TimeBlind,0,0,0,0.9108017195846038,,,17.0,0.2564102824635449,0.8335677410421932,10.002812892506318,1.4872396525836105,0.008170993600151194,0.4601158694541218,0,1,28.7926479941234,1,1
miku-random-v2,narrow_multi_obstacle,0,B1,B1-TimeAwareGreedy,0,0,0,0.9685964572726976,1.6876056856454777,,17.0,0.2564102824635449,0.8337840379627367,10.00540845555284,1.4872396525836105,0.011380393902928913,0.4601158694541218,0,1,29.323190014110878,1,1
miku-random-v2,narrow_multi_obstacle,0,B2,B2-IterativePVD,0,0,0,0.9685964572726976,1.6876056856454777,,17.0,0.2564102824635449,0.8337840379627367,10.00540845555284,1.4872396525836105,0.011380393902928913,0.4601158694541218,0,1,88.20344498963095,3,1
miku-random-v2,narrow_multi_obstacle,0,MIKU,MIKU,1,1,0,0.25739801797257433,,12.0,12.0,1.0,3.2500000833333327,39.00000099999999,0.3734137973134492,0.0,0.09684883571507207,0,0,11.036768002668396,1,0
miku-random-v2,narrow_multi_obstacle,1,B0,B0-TimeBlind,0,0,0,1.5659308773185696,1.7968856878326211,,17.0,0.2564102827181441,0.8336177064999495,10.003412477999394,1.4197594073339055,0.008559755905286818,0.4343293278798795,0,1,22.083610005211085,1,1
miku-random-v2,narrow_multi_obstacle,1,B1,B1-TimeAwareGreedy,0,0,0,1.598700394879898,1.7968856878326211,,17.0,0.2564102827181441,0.833851553745426,10.006218644945111,1.4197594073339055,0.011624070914839612,0.4343293278798795,0,1,22.079127025790513,1,1
miku-random-v2,narrow_multi_obstacle,1,B2,B2-IterativePVD,0,0,0,1.598700394879898,1.7968856878326211,,17.0,0.2564102827181441,0.833851553745426,10.006218644945111,1.4197594073339055,0.011624070914839612,0.4343293278798795,0,1,65.58424001559615,3,1
miku-random-v2,narrow_multi_obstacle,1,MIKU,MIKU,0,0,0,1.5875371149497592,1.7968856878326211,,17.0,0.2564102827181441,0.8337677461942752,10.005212954331302,1.4197594073339055,0.010627838259336705,0.4343293278798795,0,1,23.879475018475205,1,0
miku-random-v2,narrow_multi_obstacle,2,B0,B0-TimeBlind,0,0,0,0.2999653546222987,,,17.0,0.47435900000000003,1.541711613701591,18.50053936441909,0.8308507919605326,0.00751834950498997,0.21548998037275768,0,1,9.933684981660917,1,1
miku-random-v2,narrow_multi_obstacle,2,B1,B1-TimeAwareGreedy,0,0,0,0.2999653546222987,,,17.0,0.47435900000000003,1.541711613701591,18.50053936441909,0.8308507919605326,0.00751834950498997,0.21548998037275768,0,1,9.828240989008918,1,1
miku-random-v2,narrow_multi_obstacle,2,B2,B2-IterativePVD,0,0,0,0.2999653546222987,,,17.0,0.47435900000000003,1.541711613701591,18.50053936441909,0.8308507919605326,0.00751834950498997,0.21548998037275768,0,1,30.055767012527213,3,1
miku-random-v2,narrow_multi_obstacle,2,MIKU,MIKU,1,1,0,0.21307079870901102,,12.0,12.0,1.0,3.2500000833333327,39.00000099999999,0.3355924131555052,0.0,0.08703945789569935,0,0,10.858623980311677,1,0
miku-random-v2,narrow_multi_obstacle,3,B0,B0-TimeBlind,0,0,0,0.5737876227086939,2.1232083096738363,,17.0,0.26923079561556423,0.8752428058597047,10.502913670316456,1.132625139921318,0.005856780008445614,0.3259046481996014,0,1,16.476201999466866,1,1
miku-random-v2,narrow_multi_obstacle,3,B1,B1-TimeAwareGreedy,0,0,0,0.6606423462406726,2.118095391628442,,17.0,0.26923079561556423,0.8754567353177422,10.505480823812906,1.132625139921318,0.008071693183624978,0.3259046481996014,0,1,16.673649020958692,1,1
miku-random-v2,narrow_multi_obstacle,3,B2,B2-IterativePVD,0,0,0,0.6606423462406726,2.118095391628442,,17.0,0.26923079561556423,0.8754567353177422,10.505480823812906,1.132625139921318,0.008071693183624978,0.3259046481996014,0,1,50.23377601173706,3,1
miku-random-v2,narrow_multi_obstacle,3,MIKU,MIKU,1,1,0,0.22099748963190202,,12.0,12.0,1.0,3.2500048866268876,39.00005863952265,0.23920035575688314,0.0094585269353098,0.06203915367993895,0,0,11.532364005688578,1,0
miku-random-v2,narrow_multi_obstacle,4,B0,B0-TimeBlind,0,0,0,1.6000335241926282,,,17.0,0.25641028282782863,0.8333406265916402,10.000087519099683,1.4076646498184184,0.0,0.429755420756114,0,1,17.022304004058242,1,1
miku-random-v2,narrow_multi_obstacle,4,B1,B1-TimeAwareGreedy,0,0,0,1.6000335241926282,,,17.0,0.25641028282782863,0.8333406265916402,10.000087519099683,1.4076646498184184,0.0,0.429755420756114,0,1,17.043846019078046,1,1
miku-random-v2,narrow_multi_obstacle,4,B2,B2-IterativePVD,0,0,0,1.6000335241926282,,,17.0,0.25641028282782863,0.8333406265916402,10.000087519099683,1.4076646498184184,0.0,0.429755420756114,0,1,51.505345007171854,3,1
miku-random-v2,narrow_multi_obstacle,4,MIKU,MIKU,1,1,0,0.2185719456391335,,12.0,12.0,1.0,3.2500145088955725,39.00017410674687,0.33833808383222463,0.020166986425860896,0.08775157675742697,0,0,11.4663650165312,1,0
miku-random-v2,narrow_multi_obstacle,5,B0,B0-TimeBlind,0,0,0,1.6385886427740188,,,17.0,0.2692307962288423,0.875011019468289,10.500132233619468,1.290437630375161,0.0,0.3820383725073874,0,1,15.160174982156605,1,1
miku-random-v2,narrow_multi_obstacle,5,B1,B1-TimeAwareGreedy,0,0,0,1.6385886427740188,,,17.0,0.2692307962288423,0.875011019468289,10.500132233619468,1.290437630375161,0.0,0.3820383725073874,0,1,15.120035008294508,1,1
miku-random-v2,narrow_multi_obstacle,5,B2,B2-IterativePVD,0,0,0,1.6385886427740188,,,17.0,0.2692307962288423,0.875011019468289,10.500132233619468,1.290437630375161,0.0,0.3820383725073874,0,1,45.38026498630643,3,1
miku-random-v2,narrow_multi_obstacle,5,MIKU,MIKU,1,1,0,0.22262925815879941,,12.0,12.0,1.0,3.2500145114485957,39.00017413738315,0.31642793064449254,0.018738658811165973,0.08206894574103542,0,0,11.340526980347931,1,0
miku-random-v2,narrow_multi_obstacle,6,B0,B0-TimeBlind,0,0,0,1.3218989410540547,12.139815410537015,,17.0,0.26923079590855903,0.8753382970312892,10.50405956437547,1.159327928547719,0.007064161602371652,0.3352916496399482,0,1,15.353280992712826,1,1
miku-random-v2,narrow_multi_obstacle,6,B1,B1-TimeAwareGreedy,0,0,0,1.3584087784653114,3.2644937854734075,,17.0,0.26923079590855903,0.8755842234316346,10.507010681179615,1.159327928547719,0.009331945632659922,0.3352916496399482,0,1,15.470651007490233,1,1
miku-random-v2,narrow_multi_obstacle,6,B2,B2-IterativePVD,0,0,0,1.3584087784653114,3.2644937854734075,,17.0,0.26923079590855903,0.8755842234316346,10.507010681179615,1.159327928547719,0.009331945632659922,0.3352916496399482,0,1,46.37254701810889,3,1
miku-random-v2,narrow_multi_obstacle,6,MIKU,MIKU,1,1,0,0.1917583153194409,,12.0,12.0,1.0,3.250002579107825,39.0000309492939,0.252676038618613,0.008317168956904488,0.06553421520420076,0,0,11.432539991801605,1,0
miku-random-v2,narrow_multi_obstacle,7,B0,B0-TimeBlind,0,0,0,0.5247178790086003,5.157885208423927,,17.0,0.269230795713274,0.8753042101670534,10.50365052200464,1.7044167106083867,0.010083346946796785,0.5379463386923666,0,1,18.959403008921072,1,1
miku-random-v2,narrow_multi_obstacle,7,B1,B1-TimeAwareGreedy,0,0,0,0.6135697412673449,1.6242423276820714,,17.0,0.269230795713274,0.8755389173450031,10.506467008140037,1.7044167106083867,0.013501490290359729,0.5379463386923666,0,1,18.20766198216006,1,1
miku-random-v2,narrow_multi_obstacle,7,B2,B2-IterativePVD,0,0,0,0.6135697412673449,1.6242423276820714,,17.0,0.269230795713274,0.8755389173450031,10.506467008140037,1.7044167106083867,0.013501490290359729,0.5379463386923666,0,1,54.666743002599105,3,1
miku-random-v2,narrow_multi_obstacle,7,MIKU,MIKU,1,1,0,0.17124902341935044,,12.0,12.0,1.0,3.250002364772404,39.00002837726885,0.49914837975161475,0.007143921443838103,0.12945943555315267,0,0,11.412852996727452,1,0
miku-random-v2,narrow_multi_obstacle,8,B0,B0-TimeBlind,0,0,0,1.0599097673833238,1.581176803454879,,17.0,0.25641028282211364,0.8336634755882045,10.003961707058455,1.6249061618319653,0.01061297891189968,0.5129794964214883,0,1,20.181112020509318,1,1
miku-random-v2,narrow_multi_obstacle,8,B1,B1-TimeAwareGreedy,0,0,0,1.105774297583834,1.581176803454879,,17.0,0.25641028282211364,0.8339129428939863,10.006955314727836,1.6249061618319653,0.014134706807389522,0.5129794964214883,0,1,19.601483014412224,1,1
miku-random-v2,narrow_multi_obstacle,8,B2,B2-IterativePVD,0,0,0,1.105774297583834,1.581176803454879,,17.0,0.25641028282211364,0.8339129428939863,10.006955314727836,1.6249061618319653,0.014134706807389522,0.5129794964214883,0,1,59.028232004493475,3,1
miku-random-v2,narrow_multi_obstacle,8,MIKU,MIKU,0,0,0,1.0908987079865184,1.581176803454879,,17.0,0.25641028282211364,0.8338278240654539,10.005933888785446,1.6249061618319653,0.013040305203920667,0.5129794964214883,0,1,20.93929800321348,1,0
miku-random-v2,narrow_multi_obstacle,9,B0,B0-TimeBlind,0,0,0,0.7179935939705546,6.214908788623232,,17.0,0.26923079517092247,0.875298304012691,10.503579648152293,2.251395638946917,0.013330806872184374,0.7596304482218494,0,1,21.530400990741327,1,1
miku-random-v2,narrow_multi_obstacle,9,B1,B1-TimeAwareGreedy,0,0,0,0.7854827608290031,1.367042159735631,,17.0,0.26923079517092247,0.8755318849484691,10.506382619381629,2.251395638946917,0.017875327815216942,0.7596304482218494,0,1,21.762626012787223,1,1
miku-random-v2,narrow_multi_obstacle,9,B2,B2-IterativePVD,0,0,0,0.7854827608290031,1.367042159735631,,17.0,0.26923079517092247,0.8755318849484691,10.506382619381629,2.251395638946917,0.017875327815216942,0.7596304482218494,0,1,65.47525399946608,3,1
miku-random-v2,narrow_multi_obstacle,9,MIKU,MIKU,1,1,0,0.19894912374106855,,12.0,12.0,1.0,3.250064330997874,39.00077197197449,0.7091625731261274,0.06579693899664221,0.18392884792680622,0,0,11.603743012528867,1,0
miku-random-v2,narrow_multi_obstacle,10,B0,B0-TimeBlind,0,0,0,0.6167046995003409,3.6040895894304144,,17.0,0.28205130821671803,0.9168666763519693,11.002400116223631,1.8689034816588628,0.008510982489498777,0.5965584847599747,0,1,24.312488007126376,1,1
miku-random-v2,narrow_multi_obstacle,10,B1,B1-TimeAwareGreedy,0,0,0,0.7014507372376437,1.5428232257613024,,17.0,0.28205130821671803,0.9170588357650797,11.004706029180957,1.8689034816588628,0.011994778553598855,0.5965584847599747,0,1,24.30023002671078,1,1
miku-random-v2,narrow_multi_obstacle,10,B2,B2-IterativePVD,0,0,0,0.7014507372376437,1.5428232257613024,,17.0,0.28205130821671803,0.9170588357650797,11.004706029180957,1.8689034816588628,0.011994778553598855,0.5965584847599747,0,1,73.08735101833008,3,1
miku-random-v2,narrow_multi_obstacle,10,MIKU,MIKU,1,1,0,0.17871186400648176,,12.0,12.0,1.0,3.250001157811893,39.00001389374272,0.6020923629486225,0.00466094099443407,0.15615905133647723,0,0,11.212732992134988,1,0
miku-random-v2,narrow_multi_obstacle,11,B0,B0-TimeBlind,0,0,0,0.29941325740547686,,,17.0,0.6538461794871794,2.1250116918273894,25.500140301928674,0.6198232173657254,0.005708135509808555,0.16075773681288646,0,1,9.753895981702954,1,1
miku-random-v2,narrow_multi_obstacle,11,B1,B1-TimeAwareGreedy,0,0,0,0.29941325740547686,,,17.0,0.6538461794871794,2.1250116918273894,25.500140301928674,0.6198232173657254,0.005708135509808555,0.16075773681288646,0,1,9.90286999149248,1,1
miku-random-v2,narrow_multi_obstacle,11,B2,B2-IterativePVD,0,0,0,0.29941325740547686,,,17.0,0.6538461794871794,2.1250116918273894,25.500140301928674,0.6198232173657254,0.005708135509808555,0.16075773681288646,0,1,29.351232980843633,3,1
miku-random-v2,narrow_multi_obstacle,11,MIKU,MIKU,1,1,0,0.24163432613770075,,12.0,12.0,1.0,3.2500000833333327,39.00000099999999,0.29367745571420584,0.0,0.07616836835260905,0,0,10.946694004815072,1,0
miku-random-v2,narrow_multi_obstacle,12,B0,B0-TimeBlind,0,0,0,1.4918732069959229,2.1901186034802578,,17.0,0.24358976963302878,0.791973929186038,9.503687150232457,1.4132446448887561,0.009490996671531447,0.4372468323420234,0,1,25.799185008509085,1,1
miku-random-v2,narrow_multi_obstacle,12,B1,B1-TimeAwareGreedy,0,0,0,1.5256116360029357,1.8628653382163773,,17.0,0.24358976963302878,0.79222315443207,9.50667785318484,1.4132446448887561,0.012811999670885957,0.4372468323420234,0,1,25.85967897903174,1,1
miku-random-v2,narrow_multi_obstacle,12,B2,B2-IterativePVD,0,0,0,1.5256116360029357,1.8628653382163773,,17.0,0.24358976963302878,0.79222315443207,9.50667785318484,1.4132446448887561,0.012811999670885957,0.4372468323420234,0,1,77.42924097692594,3,1
miku-random-v2,narrow_multi_obstacle,12,MIKU,MIKU,1,1,0,0.2356260497337337,,12.0,12.0,1.0,3.2500000833333327,39.00000099999999,0.30778716940078127,0.0,0.07982787250763385,0,0,10.994316020514816,1,0
miku-random-v2,narrow_multi_obstacle,13,B0,B0-TimeBlind,0,0,0,0.8028133124123626,1.9182153837393017,,17.0,0.26923079614004913,0.8752561161203373,10.503073393444048,1.3327287770574558,0.007095469720401301,0.3974994410856897,0,1,15.428106009494513,1,1
miku-random-v2,narrow_multi_obstacle,13,B1,B1-TimeAwareGreedy,0,0,0,0.8665361130350524,1.916773648126629,,17.0,0.26923079614004913,0.8754729206891048,10.505675048269257,1.3327287770574558,0.009736600835187405,0.3974994410856897,0,1,15.883240004768595,1,1
miku-random-v2,narrow_multi_obstacle,13,B2,B2-IterativePVD,0,0,0,0.8665361130350524,1.916773648126629,,17.0,0.26923079614004913,0.8754729206891048,10.505675048269257,1.3327287770574558,0.009736600835187405,0.3974994410856897,0,1,47.67055800766684,3,1
miku-random-v2,narrow_multi_obstacle,13,MIKU,MIKU,1,1,0,0.229409843485183,,12.0,12.0,1.0,3.2500069292323546,39.00008315078826,0.33642346560957115,0.012298115028334125,0.08725500017928177,0,0,11.561679013539106,1,0
miku-random-v2,narrow_multi_obstacle,14,B0,B0-TimeBlind,0,0,0,0.28862627893742165,32.133273927745655,,17.0,0.47435900000000003,1.5423318683807181,18.507982420568617,0.9648911682027846,0.058856313334375264,0.25025477607986607,0,1,10.486646991921589,1,1
miku-random-v2,narrow_multi_obstacle,14,B1,B1-TimeAwareGreedy,0,0,0,0.28572040890784445,32.133273927745655,,17.0,0.47435900000000003,1.542788883255322,18.513466599063864,0.9648911682027846,0.08033058152970615,0.25025477607986607,0,1,10.60282500111498,1,1
miku-random-v2,narrow_multi_obstacle,14,B2,B2-IterativePVD,0,0,0,0.28572040890784445,32.133273927745655,,17.0,0.47435900000000003,1.542788883255322,18.513466599063864,0.9648911682027846,0.08033058152970615,0.25025477607986607,0,1,31.992526986869052,3,1
miku-random-v2,narrow_multi_obstacle,14,MIKU,MIKU,0,0,0,0.19896275633521324,1.2914342141955308,,17.0,0.679487205128205,2.209110586867357,26.509327042408284,0.7716196057416421,0.04168287916860589,0.2001277429178383,0,1,11.89206400886178,1,0
miku-random-v2,narrow_multi_obstacle,15,B0,B0-TimeBlind,0,0,0,1.55240529382697,7.585877779063522,,17.0,0.26923079572788156,0.8754101780278347,10.504922136334017,1.4386825977357842,0.009838521459530812,0.43652252087707416,0,1,19.025043991860002,1,1
miku-random-v2,narrow_multi_obstacle,15,B1,B1-TimeAwareGreedy,0,0,0,1.5816100664890798,1.9343002612198965,,17.0,0.26923079572788156,0.8756777366867373,10.508132840240847,1.4386825977357842,0.012704055146322014,0.43652252087707416,0,1,19.394208007724956,1,1
miku-random-v2,narrow_multi_obstacle,15,B2,B2-IterativePVD,0,0,0,1.5816100664890798,1.9343002612198965,,17.0,0.26923079572788156,0.8756777366867373,10.508132840240847,1.4386825977357842,0.012704055146322014,0.43652252087707416,0,1,58.36490899673663,3,1
miku-random-v2,narrow_multi_obstacle,15,MIKU,MIKU,1,1,0,0.21081455008168137,,12.0,12.0,1.0,3.250041698121251,39.00050037745501,0.3848278996399866,0.03325550523102689,0.09980920442401248,0,0,11.158733977936208,1,0
miku-random-v2,narrow_multi_obstacle,16,B0,B0-TimeBlind,0,0,0,1.0992246470085683,10.62656006408663,,17.0,0.2692307953343924,0.8753086765051906,10.503704118062288,1.4511812504688044,0.008654045193559237,0.44117736572294874,0,1,27.579822984989733,1,1
miku-random-v2,narrow_multi_obstacle,16,B1,B1-TimeAwareGreedy,0,0,0,1.1439351955496166,1.8081754182910346,,17.0,0.2692307953343924,0.8755462744405625,10.50655529328675,1.4511812504688044,0.011545953498780992,0.44117736572294874,0,1,28.637276001973078,1,1
miku-random-v2,narrow_multi_obstacle,16,B2,B2-IterativePVD,0,0,0,1.1439351955496166,1.8081754182910346,,17.0,0.2692307953343924,0.8755462744405625,10.50655529328675,1.4511812504688044,0.011545953498780992,0.44117736572294874,0,1,85.79783499590121,3,1
miku-random-v2,narrow_multi_obstacle,16,MIKU,MIKU,1,1,0,0.20657687757118626,,12.0,12.0,1.0,3.2500009184537078,39.00001102144449,0.3904179053130358,0.005043608590370583,0.1012590317870299,0,0,11.420825991081074,1,0
miku-random-v2,narrow_multi_obstacle,17,B0,B0-TimeBlind,0,0,0,0.2968076709241425,,,17.0,0.4615384871794872,1.5006739104826607,18.00808692579193,1.054649365027479,0.12442134401276624,0.273534518073495,0,1,10.823124001035467,1,1
miku-random-v2,narrow_multi_obstacle,17,B1,B1-TimeAwareGreedy,0,0,0,0.29546223269814403,,,17.0,0.4615384871794872,1.501112930726886,18.013355168722633,1.054649365027479,0.16757840701661858,0.273534518073495,0,1,10.983816988300532,1,1
miku-random-v2,narrow_multi_obstacle,17,B2,B2-IterativePVD,0,0,0,0.29546223269814403,,,17.0,0.4615384871794872,1.501112930726886,18.013355168722633,1.054649365027479,0.16757840701661858,0.273534518073495,0,1,32.76312802336179,3,1
miku-random-v2,narrow_multi_obstacle,17,MIKU,MIKU,0,0,0,0.2324272997984088,12.750201733254539,,17.0,0.4615384871794872,1.5010739604106842,18.01288752492821,1.054649365027479,0.08318135435985241,0.273534518073495,0,1,11.891959991771728,1,0
miku-random-v2,narrow_multi_obstacle,18,B0,B0-TimeBlind,0,0,0,0.5977322641426628,9.314686831013416,,17.0,0.2692307958360795,0.8753323955741917,10.5039887468903,1.6974720582808835,0.010488818948434283,0.5352151364890289,0,1,17.019619001075625,1,1
miku-random-v2,narrow_multi_obstacle,18,B1,B1-TimeAwareGreedy,0,0,0,0.6751073685862676,1.822189879032284,,17.0,0.2692307958360795,0.8755761726875487,10.506914072250584,1.6974720582808835,0.013890527738293605,0.5352151364890289,0,1,17.199246998643503,1,1
miku-random-v2,narrow_multi_obstacle,18,B2,B2-IterativePVD,0,0,0,0.6751073685862676,1.822189879032284,,17.0,0.2692307958360795,0.8755761726875487,10.506914072250584,1.6974720582808835,0.013890527738293605,0.5352151364890289,0,1,52.045734017156065,3,1
miku-random-v2,narrow_multi_obstacle,18,MIKU,MIKU,1,1,0,0.2042322707199269,,12.0,12.0,1.0,3.250005513210216,39.00006615852259,0.49625014829936037,0.015536574021246334,0.1287077484333898,0,0,11.803057015640661,1,0
miku-random-v2,narrow_multi_obstacle,19,B0,B0-TimeBlind,0,0,0,1.5468887321096034,10.625188278454866,,17.0,0.2564102832534647,0.8336534613739799,10.003841536487759,1.2001558339106086,0.00757203990080702,0.35346186788058004,0,1,15.318463003495708,1,1
miku-random-v2,narrow_multi_obstacle,19,B1,B1-TimeAwareGreedy,0,0,0,1.5790425498253549,1.9259617125031532,,17.0,0.2564102832534647,0.8338987080120814,10.006784496144977,1.2001558339106086,0.010135312688849893,0.35346186788058004,0,1,15.36793599370867,1,1
miku-random-v2,narrow_multi_obstacle,19,B2,B2-IterativePVD,0,0,0,1.5790425498253549,1.9259617125031532,,17.0,0.2564102832534647,0.8338987080120814,10.006784496144977,1.2001558339106086,0.010135312688849893,0.35346186788058004,0,1,46.02424200857058,3,1
miku-random-v2,narrow_multi_obstacle,19,MIKU,MIKU,1,1,0,0.2222105483055805,,12.0,12.0,1.0,3.250000083333333,39.000001,0.24277701633016452,0.0,0.06296679860029554,0,0,10.826988989720121,1,0
miku-random-v2,narrow_multi_obstacle,20,B0,B0-TimeBlind,0,0,0,1.6104817664802964,,,17.0,0.24358976924367914,0.7916681929978662,9.500018315974394,2.4017888687873485,0.0,0.8440400464458085,0,1,72.50365801155567,1,1
miku-random-v2,narrow_multi_obstacle,20,B1,B1-TimeAwareGreedy,0,0,0,1.6104817664802964,,,17.0,0.24358976924367914,0.7916681929978662,9.500018315974394,2.4017888687873485,0.0,0.8440400464458085,0,1,72.51657600863837,1,1
miku-random-v2,narrow_multi_obstacle,20,B2,B2-IterativePVD,0,0,0,1.6104817664802964,,,17.0,0.24358976924367914,0.7916681929978662,9.500018315974394,2.4017888687873485,0.0,0.8440400464458085,0,1,217.91993197984993,3,1
miku-random-v2,narrow_multi_obstacle,20,MIKU,MIKU,1,1,0,0.24232848666979812,,12.0,12.0,1.0,3.2500018545596077,39.00002225471529,0.6775790020710281,0.011250203792524923,0.17573731321007913,0,0,11.296923010377213,1,0
miku-random-v2,narrow_multi_obstacle,21,B0,B0-TimeBlind,0,0,0,1.4935083249753225,2.2379968425902117,,17.0,0.2692307958039816,0.8753864010993779,10.504636813192535,1.6984582833824655,0.011342769173721219,0.5356028880268435,0,1,17.18029400217347,1,1
miku-random-v2,narrow_multi_obstacle,21,B1,B1-TimeAwareGreedy,0,0,0,1.524502605743349,1.6907377021850283,,17.0,0.2692307958039816,0.8756470811738636,10.507764974086363,1.6984582833824655,0.0147468140669723,0.5356028880268435,0,1,17.414149013347924,1,1
miku-random-v2,narrow_multi_obstacle,21,B2,B2-IterativePVD,0,0,0,1.524502605743349,1.6907377021850283,,17.0,0.2692307958039816,0.8756470811738636,10.507764974086363,1.6984582833824655,0.0147468140669723,0.5356028880268435,0,1,52.54252298618667,3,1
miku-random-v2,narrow_multi_obstacle,21,MIKU,MIKU,0,0,0,1.5143963828243465,1.6933889331781002,,17.0,0.2692307958039816,0.8755593033545294,10.506711640254352,1.6984582833824655,0.013695283804422986,0.5356028880268435,0,1,18.480961996829137,1,0
miku-random-v2,narrow_multi_obstacle,22,B0,B0-TimeBlind,0,0,0,0.6807328108118634,4.449560417064039,,17.0,0.2692307952413121,0.8752431967877566,10.50291836145308,1.5037102191563732,0.007940733363585653,0.4609645721894012,0,1,34.026071021799,1,1
miku-random-v2,narrow_multi_obstacle,22,B1,B1-TimeAwareGreedy,0,0,0,0.7552868199007299,1.771622692220676,,17.0,0.2692307952413121,0.8754576569348623,10.505491883218347,1.5037102191563732,0.010934921618983719,0.4609645721894012,0,1,34.62171897990629,1,1
miku-random-v2,narrow_multi_obstacle,22,B2,B2-IterativePVD,0,0,0,0.7552868199007299,1.771622692220676,,17.0,0.2692307952413121,0.8754576569348623,10.505491883218347,1.5037102191563732,0.010934921618983719,0.4609645721894012,0,1,103.546774975257,3,1
miku-random-v2,narrow_multi_obstacle,22,MIKU,MIKU,0,0,0,0.20923595474262668,,,17.0,0.4615384871794872,1.5007741600998143,18.009289921197773,0.9211132178085242,0.031153259452364853,0.23890049952082265,0,1,11.829091992694885,1,0
miku-random-v2,narrow_multi_obstacle,23,B0,B0-TimeBlind,0,0,0,1.167732946947165,,,17.0,0.25641028313734177,0.8336247775881674,10.003497331058009,1.3101726612984765,0.007932407849101843,0.39368776924513843,0,1,15.554042009171098,1,1
miku-random-v2,narrow_multi_obstacle,23,B1,B1-TimeAwareGreedy,0,0,0,1.2111229234813992,1.8605042969153598,,17.0,0.25641028313734177,0.8338603590763934,10.00632430891672,1.3101726612984765,0.01074754508393245,0.39368776924513843,0,1,15.845716989133507,1,1
miku-random-v2,narrow_multi_obstacle,23,B2,B2-IterativePVD,0,0,0,1.2111229234813992,1.8605042969153598,,17.0,0.25641028313734177,0.8338603590763934,10.00632430891672,1.3101726612984765,0.01074754508393245,0.39368776924513843,0,1,47.435065993340686,3,1
miku-random-v2,narrow_multi_obstacle,23,MIKU,MIKU,1,1,0,0.1917766483240917,,12.0,12.0,1.0,3.250008317297441,39.00009980756929,0.29460913660256705,0.020996683599000664,0.07641000968976525,0,0,11.190014018211514,1,0
miku-random-v2,narrow_multi_obstacle,24,B0,B0-TimeBlind,0,0,0,0.9940382267880598,9.825038056370397,,17.0,0.2564102824165504,0.8336023981196367,10.00322877743564,1.4333239466838985,0.008458263634709366,0.4394761723501743,0,1,31.15018500830047,1,1
miku-random-v2,narrow_multi_obstacle,24,B1,B1-TimeAwareGreedy,0,0,0,1.0454753422178502,2.1969125243197856,,17.0,0.2564102824165504,0.8338319473481927,10.005983368178311,1.4333239466838985,0.011553348878302566,0.4394761723501743,0,1,31.38271300122142,1,1
miku-random-v2,narrow_multi_obstacle,24,B2,B2-IterativePVD,0,0,0,1.0454753422178502,2.1969125243197856,,17.0,0.2564102824165504,0.8338319473481927,10.005983368178311,1.4333239466838985,0.011553348878302566,0.4394761723501743,0,1,94.85147398663685,3,1
miku-random-v2,narrow_multi_obstacle,24,MIKU,MIKU,1,1,0,0.1765350876496492,,12.0,12.0,1.0,3.2500000833333327,39.00000099999999,0.34974110769279265,0.0,0.09070907214851362,0,0,11.137854977278039,1,0
miku-random-v2,narrow_multi_obstacle,25,B0,B0-TimeBlind,0,0,0,0.295312063082155,,,17.0,0.47435900000000003,1.542012107511548,18.504145290138577,1.0050839419273532,0.03982423600260927,0.26067919897846575,0,1,10.704003012506291,1,1
miku-random-v2,narrow_multi_obstacle,25,B1,B1-TimeAwareGreedy,0,0,0,0.2928531348960534,35.37504985438897,,17.0,0.47435900000000003,1.5423574645591491,18.50828957470979,1.0050839419273532,0.058481585943996356,0.26067919897846575,0,1,10.611405014060438,1,1
miku-random-v2,narrow_multi_obstacle,25,B2,B2-IterativePVD,0,0,0,0.2928531348960534,35.37504985438897,,17.0,0.47435900000000003,1.5423574645591491,18.50828957470979,1.0050839419273532,0.058481585943996356,0.26067919897846575,0,1,31.775384006323293,3,1
miku-random-v2,narrow_multi_obstacle,25,MIKU,MIKU,1,1,0,0.18337217273730078,,12.0,12.0,1.0,3.2500004462505134,39.00000535500616,0.5098255631223797,0.0016746211714800032,0.13222867650142642,0,0,11.373058980097994,1,0
miku-random-v2,narrow_multi_obstacle,26,B0,B0-TimeBlind,0,0,0,1.0204516299842237,1.5665804675858743,,17.0,0.2692307953404441,0.8751894479653807,10.502273375584569,1.9943087756103992,0.009347764374710297,0.6536598164451214,0,1,22.072628024034202,1,1
miku-random-v2,narrow_multi_obstacle,26,B1,B1-TimeAwareGreedy,0,0,0,1.0746559503633628,1.5665804675858743,,17.0,0.2692307953404441,0.8753816644517517,10.50457997342102,1.9943087756103992,0.013368411141014704,0.6536598164451214,0,1,22.11502200225368,1,1
miku-random-v2,narrow_multi_obstacle,26,B2,B2-IterativePVD,0,0,0,1.0746559503633628,1.5665804675858743,,17.0,0.2692307953404441,0.8753816644517517,10.50457997342102,1.9943087756103992,0.013368411141014704,0.6536598164451214,0,1,66.74732800456695,3,1
miku-random-v2,narrow_multi_obstacle,26,MIKU,MIKU,1,1,0,0.24046261141127837,,12.0,12.0,1.0,3.2500356810477427,39.00042817257291,0.6142977829314817,0.03966167123584211,0.1593246566870374,0,0,11.397041991585866,1,0
miku-random-v2,narrow_multi_obstacle,27,B0,B0-TimeBlind,0,0,0,1.3558710163312484,16.458628801187302,,17.0,0.2692307950096067,0.8753116767149471,10.503740120579366,2.329999044673416,0.014202235553744042,0.79336807484586,0,1,31.172888004221022,1,1
miku-random-v2,narrow_multi_obstacle,27,B1,B1-TimeAwareGreedy,0,0,0,1.392205580184288,1.8373159789463769,,17.0,0.2692307950096067,0.8755507889828463,10.506609467794156,2.329999044673416,0.018913112285484104,0.79336807484586,0,1,31.526311009656638,1,1
miku-random-v2,narrow_multi_obstacle,27,B2,B2-IterativePVD,0,0,0,1.392205580184288,1.8373159789463769,,17.0,0.2692307950096067,0.8755507889828463,10.506609467794156,2.329999044673416,0.018913112285484104,0.79336807484586,0,1,94.9436970113311,3,1
miku-random-v2,narrow_multi_obstacle,27,MIKU,MIKU,1,1,0,0.24409017261194066,,12.0,12.0,1.0,3.2500033866013336,39.000040639216,0.7376344632539813,0.015155932794029364,0.19131333513461046,0,0,11.619994009379297,1,0
miku-random-v2,narrow_multi_obstacle,28,B0,B0-TimeBlind,0,0,0,1.1658021366361504,1.8054384858712649,,17.0,0.25641028269724336,0.8336230800556669,10.003476960668003,1.330912106099663,0.008088523250298832,0.40126147978876747,0,1,21.50025698938407,1,1
miku-random-v2,narrow_multi_obstacle,28,B1,B1-TimeAwareGreedy,0,0,0,1.209180233107364,1.7613229499164178,,17.0,0.25641028269724336,0.8338593596909437,10.006312316291325,1.330912106099663,0.010949036338751524,0.40126147978876747,0,1,21.549495024373755,1,1
miku-random-v2,narrow_multi_obstacle,28,B2,B2-IterativePVD,0,0,0,1.209180233107364,1.7613229499164178,,17.0,0.25641028269724336,0.8338593596909437,10.006312316291325,1.330912106099663,0.010949036338751524,0.40126147978876747,0,1,65.15820501954295,3,1
miku-random-v2,narrow_multi_obstacle,28,MIKU,MIKU,1,1,0,0.2320058698424241,,12.0,12.0,1.0,3.2500008145629344,39.00000977475521,0.30400374048412554,0.004272418450302562,0.0788466000205872,0,0,11.56088599236682,1,0
miku-random-v2,narrow_multi_obstacle,29,B0,B0-TimeBlind,0,0,0,1.4232807721024356,11.266090671996817,,17.0,0.26923079501897856,0.8752476321319361,10.502971585583234,2.194827089265055,0.011921644660429538,0.7358229971371711,0,1,44.053709018044174,1,1
miku-random-v2,narrow_multi_obstacle,29,B1,B1-TimeAwareGreedy,0,0,0,1.4601823020900988,1.3801376418567417,,17.0,0.26923079501897856,0.8754643365326288,10.505572038391545,2.194827089265055,0.01636158740932097,0.7358229971371711,0,1,44.30411302018911,1,1
miku-random-v2,narrow_multi_obstacle,29,B2,B2-IterativePVD,0,0,0,1.4601823020900988,1.3801376418567417,,17.0,0.26923079501897856,0.8754643365326288,10.505572038391545,2.194827089265055,0.01636158740932097,0.7358229971371711,0,1,137.97745399642736,3,1
miku-random-v2,narrow_multi_obstacle,29,MIKU,MIKU,1,1,0,0.22880477848350922,,12.0,12.0,1.0,3.2500000833333327,39.00000099999999,0.688603600303154,0.0,0.178596659893799,0,0,11.474629980511963,1,0
miku-random-v2,narrow_multi_obstacle,30,B0,B0-TimeBlind,0,0,0,0.27776309141858413,,,17.0,0.4615384871794872,1.5002419333756123,18.002903200507347,1.0498240814123554,0.040693393252222605,0.2722830295010853,0,1,10.595986997941509,1,1
miku-random-v2,narrow_multi_obstacle,30,B1,B1-TimeAwareGreedy,0,0,0,0.2682221318644359,,,17.0,0.4615384871794872,1.5004728521217252,18.0056742254607,1.0498240814123554,0.05976794204770732,0.2722830295010853,0,1,10.721833998104557,1,1
miku-random-v2,narrow_multi_obstacle,30,B2,B2-IterativePVD,0,0,0,0.2682221318644359,,,17.0,0.4615384871794872,1.5004728521217252,18.0056742254607,1.0498240814123554,0.05976794204770732,0.2722830295010853,0,1,32.33096899930388,3,1
miku-random-v2,narrow_multi_obstacle,30,MIKU,MIKU,1,1,0,0.2380259362049295,,12.0,12.0,1.0,3.250000083333332,39.00000099999998,0.542486229953537,0.0,0.14069956745141243,0,0,11.179930996149778,1,0
miku-random-v2,narrow_multi_obstacle,31,B0,B0-TimeBlind,0,0,0,1.9379013767010265,,,17.0,0.25641028239724395,0.8333390424074208,10.00006850888905,2.0526080171563996,0.0,0.6850915253468679,0,1,24.131235986715183,1,1
miku-random-v2,narrow_multi_obstacle,31,B1,B1-TimeAwareGreedy,0,0,0,1.9379013767010265,,,17.0,0.25641028239724395,0.8333390424074208,10.00006850888905,2.0526080171563996,0.0,0.6850915253468679,0,1,24.093315994832665,1,1
miku-random-v2,narrow_multi_obstacle,31,B2,B2-IterativePVD,0,0,0,1.9379013767010265,,,17.0,0.25641028239724395,0.8333390424074208,10.00006850888905,2.0526080171563996,0.0,0.6850915253468679,0,1,72.47542799450457,3,1
miku-random-v2,narrow_multi_obstacle,31,MIKU,MIKU,0,0,0,0.2342613410106588,,,17.0,0.44871797489618515,1.4588351488463658,17.50602178615639,1.1448064083859004,0.09584610578192145,0.3001674063795583,0,1,15.638077020412311,1,0
miku-random-v2,narrow_multi_obstacle,32,B0,B0-TimeBlind,0,0,0,0.274049443909655,,,17.0,0.6538461794871794,2.125800228490221,25.509602741882652,1.0558045709637016,0.19207465878409732,0.27383413300674214,0,1,10.258836002321914,1,1
miku-random-v2,narrow_multi_obstacle,32,B1,B1-TimeAwareGreedy,0,0,0,0.26722985372311464,,,17.0,0.6538461794871794,2.126251145267874,25.51501374321449,1.0558045709637016,0.1943036142286088,0.27383413300674214,0,1,10.177090996876359,1,1
miku-random-v2,narrow_multi_obstacle,32,B2,B2-IterativePVD,0,0,0,0.26722985372311464,,,17.0,0.6538461794871794,2.126251145267874,25.51501374321449,1.0558045709637016,0.1943036142286088,0.27383413300674214,0,1,30.970641993917525,3,1
miku-random-v2,narrow_multi_obstacle,32,MIKU,MIKU,1,1,0,0.20445149778100413,,12.0,12.0,1.0,3.2500119813691293,39.00014377642955,0.7296588093122869,0.029793218756010747,0.18924476454650252,0,0,11.19192800251767,1,0
miku-random-v2,narrow_multi_obstacle,33,B0,B0-TimeBlind,0,0,0,1.6646017156281518,,,17.0,0.24358976929728668,0.7916683943483819,9.500020732180582,2.1680894699541433,0.0,0.7428588179615487,0,1,51.447865000227466,1,1
miku-random-v2,narrow_multi_obstacle,33,B1,B1-TimeAwareGreedy,0,0,0,1.6646017156281518,,,17.0,0.24358976929728668,0.7916683943483819,9.500020732180582,2.1680894699541433,0.0,0.7428588179615487,0,1,51.35171499568969,1,1
miku-random-v2,narrow_multi_obstacle,33,B2,B2-IterativePVD,0,0,0,1.6646017156281518,,,17.0,0.24358976929728668,0.7916683943483819,9.500020732180582,2.1680894699541433,0.0,0.7428588179615487,0,1,159.60896501201205,3,1
miku-random-v2,narrow_multi_obstacle,33,MIKU,MIKU,0,0,0,1.6646017156281518,,,17.0,0.24358976929728668,0.7916683943483819,9.500020732180582,2.1680894699541433,0.0,0.7428588179615487,0,1,52.89791198447347,1,0
miku-random-v2,narrow_multi_obstacle,34,B0,B0-TimeBlind,0,0,0,0.2833197496471487,,,17.0,0.47435899998973124,1.5420380070013524,18.50445608401623,1.246766084416599,0.08301895769585145,0.3282445904580073,0,1,13.854346005246043,1,1
miku-random-v2,narrow_multi_obstacle,34,B1,B1-TimeAwareGreedy,0,0,0,0.27731199339946255,3.120440840032627,,17.0,0.47435899998973124,1.5423931177296268,18.508717412755523,1.246766084416599,0.1405079592397337,0.3282445904580073,0,1,13.826475013047457,1,1
miku-random-v2,narrow_multi_obstacle,34,B2,B2-IterativePVD,0,0,0,0.27731199339946255,3.120440840032627,,17.0,0.47435899998973124,1.5423931177296268,18.508717412755523,1.246766084416599,0.1405079592397337,0.3282445904580073,0,1,41.3754949986469,3,1
miku-random-v2,narrow_multi_obstacle,34,MIKU,MIKU,1,1,0,0.2206775842573232,,12.0,12.0,1.0,3.2500025974598725,39.00003116951847,0.7110909936669013,0.005713947900817391,0.1844290042828004,0,0,10.983789019519463,1,0
miku-random-v2,narrow_multi_obstacle,35,B0,B0-TimeBlind,0,0,0,0.49255132717398387,1.3610059331276718,,17.0,0.28205130815317264,0.9169702573534221,11.003643088241065,2.259275935537733,0.012724831766009734,0.7541834684565838,0,1,22.711784986313432,1,1
miku-random-v2,narrow_multi_obstacle,35,B1,B1-TimeAwareGreedy,0,0,0,0.5838098004603959,1.3610059331276718,,17.0,0.28205130815317264,0.9171998832217992,11.00639859866159,2.259275935537733,0.01694200513805288,0.7541834684565838,0,1,22.677408007439226,1,1
miku-random-v2,narrow_multi_obstacle,35,B2,B2-IterativePVD,0,0,0,0.5838098004603959,1.3610059331276718,,17.0,0.28205130815317264,0.9171998832217992,11.00639859866159,2.259275935537733,0.01694200513805288,0.7541834684565838,0,1,68.79234401276335,3,1
miku-random-v2,narrow_multi_obstacle,35,MIKU,MIKU,0,0,0,0.5588740438033056,1.3610059331276718,,17.0,0.28205130815317264,0.917130466939143,11.005565603269716,2.259275935537733,0.015786295801003443,0.7541834684565838,0,1,24.000740988412872,1,0
miku-random-v2,narrow_multi_obstacle,36,B0,B0-TimeBlind,0,0,0,1.5124304895423255,6.703552606538979,,17.0,0.24358976974305713,0.7919997449906013,9.503996939887216,1.5521375097561014,0.010872460948306822,0.4906726000484782,0,1,26.088088983669877,1,1
miku-random-v2,narrow_multi_obstacle,36,B1,B1-TimeAwareGreedy,0,0,0,1.5449822726217906,1.6425347758789013,,17.0,0.24358976974305713,0.7922574888137582,9.5070898657651,1.5521375097561014,0.014529852413130448,0.4906726000484782,0,1,26.091179985087365,1,1
miku-random-v2,narrow_multi_obstacle,36,B2,B2-IterativePVD,0,0,0,1.5449822726217906,1.6425347758789013,,17.0,0.24358976974305713,0.7922574888137582,9.5070898657651,1.5521375097561014,0.014529852413130448,0.4906726000484782,0,1,78.58417698298581,3,1
miku-random-v2,narrow_multi_obstacle,36,MIKU,MIKU,1,1,0,0.15993638256127807,,12.0,12.0,1.0,3.2500027700860543,39.000033241032654,0.36606048986888334,0.0070970224206493,0.09494167730319268,0,0,11.223061010241508,1,0
miku-random-v2,narrow_multi_obstacle,37,B0,B0-TimeBlind,0,0,0,0.29394462229674523,,,17.0,0.44871797435897437,1.4583859633211242,17.500631559853492,0.8921213284334673,0.011213749749333191,0.23138114498345763,0,1,10.088795010233298,1,1
miku-random-v2,narrow_multi_obstacle,37,B1,B1-TimeAwareGreedy,0,0,0,0.29394462229674523,,,17.0,0.44871797435897437,1.4583859633211242,17.500631559853492,0.8921213284334673,0.011213749749333191,0.23138114498345763,0,1,10.16261099721305,1,1
miku-random-v2,narrow_multi_obstacle,37,B2,B2-IterativePVD,0,0,0,0.29394462229674523,,,17.0,0.44871797435897437,1.4583859633211242,17.500631559853492,0.8921213284334673,0.011213749749333191,0.23138114498345763,0,1,30.724628013558686,3,1
miku-random-v2,narrow_multi_obstacle,37,MIKU,MIKU,1,1,0,0.200726587016957,,12.0,12.0,1.0,3.250025389636354,39.000304675636244,0.37270400432076106,0.016573481021595074,0.09666474336113447,0,0,11.06278898078017,1,0
miku-random-v2,narrow_multi_obstacle,38,B0,B0-TimeBlind,0,0,0,0.2955476776974333,,,17.0,0.679487205128205,2.20889821571928,26.506778588631356,0.5482123191059585,0.13909322335744476,0.142184689510317,0,1,10.058985993964598,1,1
miku-random-v2,narrow_multi_obstacle,38,B1,B1-TimeAwareGreedy,0,0,0,0.29404060141020705,1.1240479534349643,,17.0,0.679487205128205,2.2093221180030067,26.51186541603608,0.5482123191059585,0.18550598950632727,0.142184689510317,0,1,10.169099987251684,1,1
miku-random-v2,narrow_multi_obstacle,38,B2,B2-IterativePVD,0,0,0,0.29404060141020705,1.1240479534349643,,17.0,0.679487205128205,2.2093221180030067,26.51186541603608,0.5482123191059585,0.18550598950632727,0.142184689510317,0,1,30.3797310043592,3,1
miku-random-v2,narrow_multi_obstacle,38,MIKU,MIKU,1,1,0,0.17259993930760742,,12.0,12.0,1.0,3.2500000833333327,39.00000099999999,0.24622550276205962,0.0,0.06386120019528126,0,0,11.02304202504456,1,0
miku-random-v2,narrow_multi_obstacle,39,B0,B0-TimeBlind,0,0,0,1.6014359005572367,,,17.0,0.2692307953368264,0.8750039467495606,10.500047360994728,1.4504009493570924,0.0,0.4408870889907632,0,1,26.67202998418361,1,1
miku-random-v2,narrow_multi_obstacle,39,B1,B1-TimeAwareGreedy,0,0,0,1.6014359005572367,,,17.0,0.2692307953368264,0.8750039467495606,10.500047360994728,1.4504009493570924,0.0,0.4408870889907632,0,1,27.527827012818307,1,1
miku-random-v2,narrow_multi_obstacle,39,B2,B2-IterativePVD,0,0,0,1.6014359005572367,,,17.0,0.2692307953368264,0.8750039467495606,10.500047360994728,1.4504009493570924,0.0,0.4408870889907632,0,1,80.37295998656191,3,1
miku-random-v2,narrow_multi_obstacle,39,MIKU,MIKU,1,1,0,0.22381531150911949,,12.0,12.0,1.0,3.2500077828151497,39.000093393781796,0.3900680719771177,0.014378761595902793,0.10116829879451152,0,0,11.660775024211034,1,0
miku-random-v2,narrow_multi_obstacle,40,B0,B0-TimeBlind,0,0,0,0.8934143754927003,1.3973045924265284,,17.0,0.2564102820712346,0.8335251599199008,10.00230191903881,2.5411818261494443,0.012891931465218295,0.8942681955899905,0,1,39.247177017387,1,1
miku-random-v2,narrow_multi_obstacle,40,B1,B1-TimeAwareGreedy,0,0,0,0.9546841444320662,1.3973045924265284,,17.0,0.2564102820712346,0.8337249808740482,10.004699770488578,2.5411818261494443,0.01846374158322262,0.8942681955899905,0,1,37.75816201232374,1,1
miku-random-v2,narrow_multi_obstacle,40,B2,B2-IterativePVD,0,0,0,0.9546841444320662,1.3973045924265284,,17.0,0.2564102820712346,0.8337249808740482,10.004699770488578,2.5411818261494443,0.01846374158322262,0.8942681955899905,0,1,114.50838699238375,3,1
miku-random-v2,narrow_multi_obstacle,40,MIKU,MIKU,1,1,0,0.18745759314813948,,12.0,12.0,1.0,3.250298851760931,39.00358622113117,0.767192837707547,0.31424610959988647,0.19897961359577596,0,0,12.22447500913404,1,0
miku-random-v2,narrow_multi_obstacle,41,B0,B0-TimeBlind,0,0,0,0.5994860256654777,,,17.0,0.26923079508386333,0.8752078393741746,10.502494072490094,2.0424852043038526,0.01008650355896019,0.6734139521984983,0,1,36.68141600792296,1,1
miku-random-v2,narrow_multi_obstacle,41,B1,B1-TimeAwareGreedy,0,0,0,0.6858113402672666,1.5133618787315593,,17.0,0.26923079508386333,0.8754089861737421,10.504907834084905,2.0424852043038526,0.01419299173695121,0.6734139521984983,0,1,36.70054199756123,1,1
miku-random-v2,narrow_multi_obstacle,41,B2,B2-IterativePVD,0,0,0,0.6858113402672666,1.5133618787315593,,17.0,0.26923079508386333,0.8754089861737421,10.504907834084905,2.0424852043038526,0.01419299173695121,0.6734139521984983,0,1,110.39071099366993,3,1
miku-random-v2,narrow_multi_obstacle,41,MIKU,MIKU,1,1,0,0.24119144282151161,,12.0,12.0,1.0,3.2500000833333327,39.00000099999999,0.6326630746574926,0.0,0.16408789022050982,0,0,11.248399008763954,1,0
miku-random-v2,narrow_multi_obstacle,42,B0,B0-TimeBlind,0,0,0,1.1936977730159737,3.156001166444979,,17.0,0.25641028206347916,0.8336592265147775,10.00391071817733,2.5083031852719646,0.01664922740972189,0.8796138817565723,0,1,62.82352999551222,1,1
miku-random-v2,narrow_multi_obstacle,42,B1,B1-TimeAwareGreedy,0,0,0,1.2345183131677175,1.3716891986503001,,17.0,0.25641028206347916,0.8339094294699798,10.006913153639758,2.5083031852719646,0.02215495336211722,0.8796138817565723,0,1,63.00860000192188,1,1
miku-random-v2,narrow_multi_obstacle,42,B2,B2-IterativePVD,0,0,0,1.2345183131677175,1.3716891986503001,,17.0,0.25641028206347916,0.8339094294699798,10.006913153639758,2.5083031852719646,0.02215495336211722,0.8796138817565723,0,1,191.10740700853057,3,1
miku-random-v2,narrow_multi_obstacle,42,MIKU,MIKU,0,0,0,1.2232374317962003,1.3800373851745704,,17.0,0.25641028206347916,0.8338367041005957,10.006040449207148,2.5083031852719646,0.020705937941691618,0.8796138817565723,0,1,65.86243800120428,1,0
miku-random-v2,narrow_multi_obstacle,43,B0,B0-TimeBlind,0,0,0,1.4203852195151967,2.745907037499475,,17.0,0.28205130797532324,0.9170224905110399,11.004269886132478,2.2414343036283793,0.013755158882657393,0.7468096352865876,0,1,28.675503010163084,1,1
miku-random-v2,narrow_multi_obstacle,43,B1,B1-TimeAwareGreedy,0,0,0,1.453432266796103,1.376360730188146,,17.0,0.28205130797532324,0.9172695436750624,11.007234524100749,2.2414343036283793,0.017942945804617087,0.7468096352865876,0,1,28.496418002760038,1,1
miku-random-v2,narrow_multi_obstacle,43,B2,B2-IterativePVD,0,0,0,1.453432266796103,1.376360730188146,,17.0,0.28205130797532324,0.9172695436750624,11.007234524100749,2.2414343036283793,0.017942945804617087,0.7468096352865876,0,1,86.29980101250112,3,1
miku-random-v2,narrow_multi_obstacle,43,MIKU,MIKU,0,0,0,1.4444807241678455,1.376360730188146,,17.0,0.28205130797532324,0.9172000942884915,11.006401131461898,2.2414343036283793,0.01687096728594166,0.7468096352865876,0,1,30.188128992449492,1,0
miku-random-v2,narrow_multi_obstacle,44,B0,B0-TimeBlind,0,0,0,1.4407423728217248,7.861965728944662,,17.0,0.25641028241594793,0.8335847629322618,10.003017155187141,1.6423336525747139,0.009390967346801301,0.5198614332392735,0,1,28.260405990295112,1,1
miku-random-v2,narrow_multi_obstacle,44,B1,B1-TimeAwareGreedy,0,0,0,1.4773310987513875,1.5735503368571344,,17.0,0.25641028241594793,0.833807666109351,10.005691993312212,1.6423336525747139,0.012949365024171954,0.5198614332392735,0,1,28.405243007000536,1,1
miku-random-v2,narrow_multi_obstacle,44,B2,B2-IterativePVD,0,0,0,1.4773310987513875,1.5735503368571344,,17.0,0.25641028241594793,0.833807666109351,10.005691993312212,1.6423336525747139,0.012949365024171954,0.5198614332392735,0,1,85.63970300019719,3,1
miku-random-v2,narrow_multi_obstacle,44,MIKU,MIKU,1,1,0,0.21056139405171215,,12.0,12.0,1.0,3.2500000833333327,39.00000099999999,0.4384520248069207,0.0,0.11371719102225829,0,0,10.86055298219435,1,0
miku-random-v2,narrow_multi_obstacle,45,B0,B0-TimeBlind,0,0,0,0.27764224127994774,,,17.0,0.4615384869752012,1.5003588329000628,18.004305994800752,1.0875335673022017,0.04598896971344549,0.2823535398705383,0,1,12.79800699558109,1,1
miku-random-v2,narrow_multi_obstacle,45,B1,B1-TimeAwareGreedy,0,0,0,0.26645080965084333,,,17.0,0.4615384869752012,1.5007881263134635,18.00945751576156,1.0875335673022017,0.07411716422860207,0.2823535398705383,0,1,13.116772985085845,1,1
miku-random-v2,narrow_multi_obstacle,45,B2,B2-IterativePVD,0,0,0,0.26645080965084333,,,17.0,0.4615384869752012,1.5007881263134635,18.00945751576156,1.0875335673022017,0.07411716422860207,0.2823535398705383,0,1,39.161223015980795,3,1
miku-random-v2,narrow_multi_obstacle,45,MIKU,MIKU,1,1,0,0.2623243557408632,,12.0,12.0,1.0,3.2500000833333327,39.00000099999999,0.5773747012626267,0.0,0.1497482631623369,0,0,11.085098987678066,1,0
miku-random-v2,narrow_multi_obstacle,46,B0,B0-TimeBlind,0,0,0,1.4577919366692376,4.898389332167716,,17.0,0.2564102822808272,0.8336710655876297,10.004052787051556,2.15086266695689,0.014410114466218916,0.7262979079555865,0,1,27.011856000171974,1,1
miku-random-v2,narrow_multi_obstacle,46,B1,B1-TimeAwareGreedy,0,0,0,1.4911468033537751,1.3884461942818858,,17.0,0.2564102822808272,0.833923979085057,10.007087749020684,2.15086266695689,0.019115889974172275,0.7262979079555865,0,1,27.154551004059613,1,1
miku-random-v2,narrow_multi_obstacle,46,B2,B2-IterativePVD,0,0,0,1.4911468033537751,1.3884461942818858,,17.0,0.2564102822808272,0.833923979085057,10.007087749020684,2.15086266695689,0.019115889974172275,0.7262979079555865,0,1,81.87624497804791,3,1
miku-random-v2,narrow_multi_obstacle,46,MIKU,MIKU,1,1,0,0.2193137058730379,,12.0,12.0,1.0,3.2500102693945263,39.00012323273432,0.6329541644822105,0.03572968040018228,0.16416338745927014,0,0,11.343685997417197,1,0
miku-random-v2,narrow_multi_obstacle,47,B0,B0-TimeBlind,0,0,0,1.738658910073847,,,17.0,0.2435897692696153,0.7916682591825825,9.50001911019099,2.1801048251050292,0.0,0.7479056710189893,0,1,71.70182900154032,1,1
miku-random-v2,narrow_multi_obstacle,47,B1,B1-TimeAwareGreedy,0,0,0,1.738658910073847,,,17.0,0.2435897692696153,0.7916682591825825,9.50001911019099,2.1801048251050292,0.0,0.7479056710189893,0,1,71.69875499675982,1,1
miku-random-v2,narrow_multi_obstacle,47,B2,B2-IterativePVD,0,0,0,1.738658910073847,,,17.0,0.2435897692696153,0.7916682591825825,9.50001911019099,2.1801048251050292,0.0,0.7479056710189893,0,1,217.90674101794139,3,1
miku-random-v2,narrow_multi_obstacle,47,MIKU,MIKU,0,0,0,1.738658910073847,,,17.0,0.2435897692696153,0.7916682591825825,9.50001911019099,2.1801048251050292,0.0,0.7479056710189893,0,1,73.01572998403572,1,0
miku-random-v2,narrow_multi_obstacle,48,B0,B0-TimeBlind,1,1,0,0.30733559884746153,,12.0,12.0,1.0,3.250000083333332,39.00000099999998,0.5647114797127214,0.0,0.14646392211139317,0,0,10.033055004896596,1,1
miku-random-v2,narrow_multi_obstacle,48,B1,B1-TimeAwareGreedy,1,1,0,0.30733559884746153,,12.0,12.0,1.0,3.250000083333332,39.00000099999998,0.5647114797127214,0.0,0.14646392211139317,0,0,9.899122000206262,1,1
miku-random-v2,narrow_multi_obstacle,48,B2,B2-IterativePVD,1,1,0,0.30733559884746153,,12.0,12.0,1.0,3.250000083333332,39.00000099999998,0.5647114797127214,0.0,0.14646392211139317,0,0,29.715783981373534,3,1
miku-random-v2,narrow_multi_obstacle,48,MIKU,MIKU,1,1,0,0.30733559884746153,,12.0,12.0,1.0,3.250000083333332,39.00000099999998,0.5647114797127214,0.0,0.14646392211139317,0,0,11.041944002499804,1,0
miku-random-v2,narrow_multi_obstacle,49,B0,B0-TimeBlind,0,0,0,0.29276289919938353,,,17.0,0.47435900000000003,1.5421180210294256,18.505416252353108,0.8581150237369999,0.033330971764618855,0.2225612485562123,0,1,10.263973992550746,1,1
miku-random-v2,narrow_multi_obstacle,49,B1,B1-TimeAwareGreedy,0,0,0,0.29025764616620947,20.67542580600384,,17.0,0.47435900000000003,1.5425095137324452,18.510114164789343,0.8581150237369999,0.04788931297702246,0.2225612485562123,0,1,10.373035009251907,1,1
miku-random-v2,narrow_multi_obstacle,49,B2,B2-IterativePVD,0,0,0,0.29025764616620947,20.67542580600384,,17.0,0.47435900000000003,1.5425095137324452,18.510114164789343,0.8581150237369999,0.04788931297702246,0.2225612485562123,0,1,31.223475001752377,3,1
miku-random-v2,narrow_multi_obstacle,49,MIKU,MIKU,1,1,0,0.21908714764225956,,12.0,12.0,1.0,3.2500000833333327,39.00000099999999,0.36285664493197994,0.0,0.09411072607915665,0,0,10.815818997798488,1,0
miku-random-v2,narrow_multi_obstacle,50,B0,B0-TimeBlind,0,0,0,0.593323379810272,2.0564666107740575,,17.0,0.2692307963003948,0.8752313825239154,10.502776590286985,1.2518692841762318,0.006270463056664859,0.36816432181131553,0,1,14.792670001043007,1,1
miku-random-v2,narrow_multi_obstacle,50,B1,B1-TimeAwareGreedy,0,0,0,0.6791587570029316,1.9828968918734613,,17.0,0.2692307963003948,0.8754384463653878,10.505261356384654,1.2518692841762318,0.008735999956386185,0.36816432181131553,0,1,14.99724600580521,1,1
miku-random-v2,narrow_multi_obstacle,50,B2,B2-IterativePVD,0,0,0,0.6791587570029316,1.9828968918734613,,17.0,0.2692307963003948,0.8754384463653878,10.505261356384654,1.2518692841762318,0.008735999956386185,0.36816432181131553,0,1,45.20846699597314,3,1
miku-random-v2,narrow_multi_obstacle,50,MIKU,MIKU,1,1,0,0.15675801993709704,,12.0,12.0,1.0,3.250017470794411,39.000209649532934,0.29804693957126077,0.017531245205922485,0.07730164041506199,0,0,11.136234999867156,1,0
miku-random-v2,narrow_multi_obstacle,51,B0,B0-TimeBlind,0,0,0,1.3912113993861708,1.9699411521199108,,17.0,0.2564102833957283,0.8335766258703842,10.00291951044461,1.1955766420944813,0.006526603656596013,0.3518206654903868,0,1,14.292880980065092,1,1
miku-random-v2,narrow_multi_obstacle,51,B1,B1-TimeAwareGreedy,0,0,0,1.429642019746239,1.9699411521199108,,17.0,0.2564102833957283,0.8337936802274496,10.005524162729396,1.1955766420944813,0.009079415626191639,0.3518206654903868,0,1,14.740839978912845,1,1
miku-random-v2,narrow_multi_obstacle,51,B2,B2-IterativePVD,0,0,0,1.429642019746239,1.9699411521199108,,17.0,0.2564102833957283,0.8337936802274496,10.005524162729396,1.1955766420944813,0.009079415626191639,0.3518206654903868,0,1,44.08886798773892,3,1
miku-random-v2,narrow_multi_obstacle,51,MIKU,MIKU,0,0,0,1.4154646215870816,1.9699411521199108,,17.0,0.2564102833957283,0.8337086736267508,10.00450408352101,1.1955766420944813,0.008175083038397505,0.3518206654903868,0,1,15.804882015800104,1,0
miku-random-v2,narrow_multi_obstacle,52,B0,B0-TimeBlind,0,0,0,1.106291875380554,,,17.0,0.2564102820584791,0.8336517983194781,10.003821579833737,2.4442961673237558,0.01592891737474597,0.8513646617003219,0,1,25.510131992632523,1,1
miku-random-v2,narrow_multi_obstacle,52,B1,B1-TimeAwareGreedy,0,0,0,1.150669579589894,1.3562075165569507,,17.0,0.2564102820584791,0.8338982960556582,10.006779552667899,2.4442961673237558,0.02128900648435053,0.8513646617003219,0,1,25.96361399628222,1,1
miku-random-v2,narrow_multi_obstacle,52,B2,B2-IterativePVD,0,0,0,1.150669579589894,1.3562075165569507,,17.0,0.2564102820584791,0.8338982960556582,10.006779552667899,2.4442961673237558,0.02128900648435053,0.8513646617003219,0,1,78.51466498686932,3,1
miku-random-v2,narrow_multi_obstacle,52,MIKU,MIKU,1,1,0,0.1924352832432834,,12.0,12.0,1.0,3.25000591347778,39.00007096173336,0.7344938313749703,0.005251031852555015,0.19049877888875386,0,0,11.054984002839774,1,0
miku-random-v2,narrow_multi_obstacle,53,B0,B0-TimeBlind,0,0,0,1.8993837879820434,,,17.0,0.2692307951902681,0.8750031743587053,10.500038092304464,1.813500089378688,0.0,0.5809380563660465,0,1,30.556523997802287,1,1
miku-random-v2,narrow_multi_obstacle,53,B1,B1-TimeAwareGreedy,0,0,0,1.8993837879820434,,,17.0,0.2692307951902681,0.8750031743587053,10.500038092304464,1.813500089378688,0.0,0.5809380563660465,0,1,30.413718981435522,1,1
miku-random-v2,narrow_multi_obstacle,53,B2,B2-IterativePVD,0,0,0,1.8993837879820434,,,17.0,0.2692307951902681,0.8750031743587053,10.500038092304464,1.813500089378688,0.0,0.5809380563660465,0,1,91.77589698811062,3,1
miku-random-v2,narrow_multi_obstacle,53,MIKU,MIKU,1,1,0,0.2168717420235058,,12.0,12.0,1.0,3.2500077455611915,39.0000929467343,0.5435636326047725,0.029913914079699594,0.1409790032760094,0,0,11.750047007808462,1,0
miku-random-v2,narrow_multi_obstacle,54,B0,B0-TimeBlind,0,0,0,0.29630401928259736,,,17.0,0.44871797435897437,1.4588826552528407,17.50659186303409,0.8721132338467527,0.032446446676973814,0.22619183307389915,0,1,10.364762012613937,1,1
miku-random-v2,narrow_multi_obstacle,54,B1,B1-TimeAwareGreedy,0,0,0,0.2951780591514588,,,17.0,0.44871797435897437,1.4593004540664622,17.511605448797546,0.8721132338467527,0.04272585662469715,0.22619183307389915,0,1,10.37051499588415,1,1
miku-random-v2,narrow_multi_obstacle,54,B2,B2-IterativePVD,0,0,0,0.2951780591514588,,,17.0,0.44871797435897437,1.4593004540664622,17.511605448797546,0.8721132338467527,0.04272585662469715,0.22619183307389915,0,1,31.61054098745808,3,1
miku-random-v2,narrow_multi_obstacle,54,MIKU,MIKU,1,1,0,0.20140809604996535,,12.0,12.0,1.0,3.250000083333332,39.00000099999998,0.3526959097340391,0.0,0.0914754314515735,0,0,11.128197016660124,1,0
miku-random-v2,narrow_multi_obstacle,55,B0,B0-TimeBlind,0,0,0,0.2862965538408646,13.106779057662905,,17.0,0.47435900000000003,1.5422172061493196,18.506606473791834,1.079952849568412,0.07613614191251801,0.2800972456292131,0,1,10.890208999626338,1,1
miku-random-v2,narrow_multi_obstacle,55,B1,B1-TimeAwareGreedy,0,0,0,0.2821507352119162,6.2508643749990105,,17.0,0.47435900000000003,1.5426486531789687,18.511783838147625,1.079952849568412,0.11170316235268864,0.2800972456292131,0,1,10.791659995447844,1,1
miku-random-v2,narrow_multi_obstacle,55,B2,B2-IterativePVD,0,0,0,0.2821507352119162,6.2508643749990105,,17.0,0.47435900000000003,1.5426486531789687,18.511783838147625,1.079952849568412,0.11170316235268864,0.2800972456292131,0,1,32.052907976321876,3,1
miku-random-v2,narrow_multi_obstacle,55,MIKU,MIKU,0,0,0,0.22262561685331253,4.525666793438935,,17.0,0.47435900000000003,1.5423252843540725,18.50790341224887,1.079952849568412,0.06306129112315191,0.2800972456292131,0,1,11.894565977854654,1,0
miku-random-v2,narrow_multi_obstacle,56,B0,B0-TimeBlind,0,0,0,1.3338863024188858,4.011648164338727,,17.0,0.2564102823574234,0.8337141781571272,10.004570137885526,1.9847615760683597,0.014107589259429957,0.657318085587122,0,1,28.289745008805767,1,1
miku-random-v2,narrow_multi_obstacle,56,B1,B1-TimeAwareGreedy,0,0,0,1.3688575828408596,1.4689029403252105,,17.0,0.2564102823574234,0.8339808066056656,10.007769679267987,1.9847615760683597,0.018440876834434464,0.657318085587122,0,1,28.04589000879787,1,1
miku-random-v2,narrow_multi_obstacle,56,B2,B2-IterativePVD,0,0,0,1.3688575828408596,1.4689029403252105,,17.0,0.2564102823574234,0.8339808066056656,10.007769679267987,1.9847615760683597,0.018440876834434464,0.657318085587122,0,1,87.14423101628199,3,1
miku-random-v2,narrow_multi_obstacle,56,MIKU,MIKU,1,1,0,0.1867513548142279,,12.0,12.0,1.0,3.250084185888788,39.00101023066546,0.572276543056955,0.13525760445032128,0.14842600166567865,0,0,12.743922998197377,1,0
miku-random-v2,narrow_multi_obstacle,57,B0,B0-TimeBlind,0,0,0,0.2838102037135671,,,17.0,0.679487205128205,2.2091289356909347,26.509547228291215,0.7605099089707728,0.18496987484363278,0.197246325023956,0,1,11.697642010403797,1,1
miku-random-v2,narrow_multi_obstacle,57,B1,B1-TimeAwareGreedy,0,0,0,0.2838102037135671,1.4761726614746475,,17.0,0.679487205128205,2.209478167939582,26.513738015274985,0.7605099089707728,0.18496987484363503,0.197246325023956,0,1,11.26478100195527,1,1
miku-random-v2,narrow_multi_obstacle,57,B2,B2-IterativePVD,0,0,0,0.2838102037135671,1.4761726614746475,,17.0,0.679487205128205,2.209478167939582,26.513738015274985,0.7605099089707728,0.18496987484363503,0.197246325023956,0,1,32.50053498777561,3,1
miku-random-v2,narrow_multi_obstacle,57,MIKU,MIKU,1,1,0,0.22829938479728873,,12.0,12.0,1.0,3.25000788926064,39.00009467112768,0.45852309262693064,0.015027121496926431,0.11892283570893962,0,0,11.984105018200353,1,0
miku-random-v2,narrow_multi_obstacle,58,B0,B0-TimeBlind,0,0,0,0.2868077020739536,,,17.0,0.4743590001906063,1.541977257609403,18.503727091312836,1.2362533119487176,0.049513350922421116,0.32508884013784756,0,1,14.155793993268162,1,1
miku-random-v2,narrow_multi_obstacle,58,B1,B1-TimeAwareGreedy,0,0,0,0.27702431059046545,,,17.0,0.4743590001906063,1.5424488433688228,18.509386120425873,1.2362533119487176,0.08207690460072044,0.32508884013784756,0,1,14.080647000810131,1,1
miku-random-v2,narrow_multi_obstacle,58,B2,B2-IterativePVD,0,0,0,0.27702431059046545,,,17.0,0.4743590001906063,1.5424488433688228,18.509386120425873,1.2362533119487176,0.08207690460072044,0.32508884013784756,0,1,42.131202993914485,3,1
miku-random-v2,narrow_multi_obstacle,58,MIKU,MIKU,1,1,0,0.18665142645639943,,12.0,12.0,1.0,3.2500011414708925,39.00001369765071,0.7036373838974493,0.003500597925144032,0.18249583139728692,0,0,11.195902014151216,1,0
miku-random-v2,narrow_multi_obstacle,59,B0,B0-TimeBlind,0,0,0,0.2754877614632651,,,17.0,0.44871797437032757,1.458693311745656,17.50431974094787,1.0676960224044378,0.05256032798699503,0.27751447185463696,0,1,12.426345987478271,1,1
miku-random-v2,narrow_multi_obstacle,59,B1,B1-TimeAwareGreedy,0,0,0,0.26534317365505394,,,17.0,0.44871797437032757,1.4589990931734587,17.507989118081504,1.0676960224044378,0.07578365955336447,0.27751447185463696,0,1,12.706780020380393,1,1
miku-random-v2,narrow_multi_obstacle,59,B2,B2-IterativePVD,0,0,0,0.26534317365505394,,,17.0,0.44871797437032757,1.4589990931734587,17.507989118081504,1.0676960224044378,0.07578365955336447,0.27751447185463696,0,1,39.168349001556635,3,1
miku-random-v2,narrow_multi_obstacle,59,MIKU,MIKU,1,1,0,0.19767715960309284,,12.0,12.0,1.0,3.250001044589163,39.000012535069956,0.5425263970151657,0.003435886310812935,0.14070998520560585,0,0,11.711266997735947,1,0
miku-random-v2,narrow_multi_obstacle,60,B0,B0-TimeBlind,0,0,0,0.7461032200328,5.538602396045732,,17.0,0.2820513082862255,0.9169613372584964,11.003536047101957,1.3839378001087879,0.007554793157925448,0.4119244007853697,0,1,23.775043984642252,1,1
miku-random-v2,narrow_multi_obstacle,60,B1,B1-TimeAwareGreedy,0,0,0,0.8110253263908296,1.7549428815924908,,17.0,0.2820513082862255,0.9171883209692592,11.00625985163111,1.3839378001087879,0.010092666299486545,0.4119244007853697,0,1,23.84852201794274,1,1
miku-random-v2,narrow_multi_obstacle,60,B2,B2-IterativePVD,0,0,0,0.8110253263908296,1.7549428815924908,,17.0,0.2820513082862255,0.9171883209692592,11.00625985163111,1.3839378001087879,0.010092666299486545,0.4119244007853697,0,1,71.47797898505814,3,1
miku-random-v2,narrow_multi_obstacle,60,MIKU,MIKU,1,1,0,0.2163005296941929,,12.0,12.0,1.0,3.2500004135904437,39.000004963085324,0.39155244316695115,0.003250873205015456,0.10155328623348174,0,0,11.446421995060518,1,0
miku-random-v2,narrow_multi_obstacle,61,B0,B0-TimeBlind,0,0,0,0.9821345244144479,1.6659162330166293,,17.0,0.25641028255565557,0.8335581401586581,10.002697681903898,1.6957940022560862,0.00916356081507193,0.5410799286720304,0,1,24.209102004533634,1,1
miku-random-v2,narrow_multi_obstacle,61,B1,B1-TimeAwareGreedy,0,0,0,1.0365229136045984,1.6659162330166293,,17.0,0.25641028255565557,0.833770248754189,10.005242985050268,1.6957940022560862,0.012848199142022197,0.5410799286720304,0,1,24.24239501124248,1,1
miku-random-v2,narrow_multi_obstacle,61,B2,B2-IterativePVD,0,0,0,1.0365229136045984,1.6659162330166293,,17.0,0.25641028255565557,0.833770248754189,10.005242985050268,1.6957940022560862,0.012848199142022197,0.5410799286720304,0,1,72.62439499027096,3,1
miku-random-v2,narrow_multi_obstacle,61,MIKU,MIKU,0,0,0,1.0191437413841367,1.6659162330166293,,17.0,0.25641028255565557,0.8336971404342259,10.004365685210711,1.6957940022560862,0.011709778250713223,0.5410799286720304,0,1,25.772979977773502,1,0
miku-random-v2,narrow_multi_obstacle,62,B0,B0-TimeBlind,0,0,0,0.29151526603109046,,,17.0,0.6666666923076923,2.1669421365528394,26.003305638634075,0.9085399285556998,0.019407409881069624,0.2356394833666881,0,1,10.176259005675092,1,1
miku-random-v2,narrow_multi_obstacle,62,B1,B1-TimeAwareGreedy,0,0,0,0.28622950918870593,,,17.0,0.6666666923076923,2.1672755187325,26.00730622479,0.9085399285556998,0.029945870865710975,0.2356394833666881,0,1,10.56630100356415,1,1
miku-random-v2,narrow_multi_obstacle,62,B2,B2-IterativePVD,0,0,0,0.28622950918870593,,,17.0,0.6666666923076923,2.1672755187325,26.00730622479,0.9085399285556998,0.029945870865710975,0.2356394833666881,0,1,31.57437199843116,3,1
miku-random-v2,narrow_multi_obstacle,62,MIKU,MIKU,1,1,0,0.2357016473459279,,12.0,12.0,1.0,3.2500000833333327,39.00000099999999,0.5944736395580531,0.0,0.15418305447905659,0,0,11.185052979271859,1,0
miku-random-v2,narrow_multi_obstacle,63,B0,B0-TimeBlind,0,0,0,1.6992088380530992,,,17.0,0.2692307956178524,0.875006376616318,10.500076519395815,1.284841226190917,0.0,0.3800139148264238,0,1,19.26589201320894,1,1
miku-random-v2,narrow_multi_obstacle,63,B1,B1-TimeAwareGreedy,0,0,0,1.6992088380530992,,,17.0,0.2692307956178524,0.875006376616318,10.500076519395815,1.284841226190917,0.0,0.3800139148264238,0,1,19.4257480034139,1,1
miku-random-v2,narrow_multi_obstacle,63,B2,B2-IterativePVD,0,0,0,1.6992088380530992,,,17.0,0.2692307956178524,0.875006376616318,10.500076519395815,1.284841226190917,0.0,0.3800139148264238,0,1,57.46299898601137,3,1
miku-random-v2,narrow_multi_obstacle,63,MIKU,MIKU,1,1,0,0.19154606792682904,,12.0,12.0,1.0,3.250000083333333,39.000001,0.3137786065372445,0.0,0.08138181538574621,0,0,10.909093980444595,1,0
miku-random-v2,narrow_multi_obstacle,64,B0,B0-TimeBlind,0,0,0,0.2896955539202203,1.4369512056175548,,17.0,0.6538461794871794,2.125316067700252,25.50379281240302,0.800473346494424,0.021105807183316835,0.20761126714222236,0,1,10.343779984395951,1,1
miku-random-v2,narrow_multi_obstacle,64,B1,B1-TimeAwareGreedy,0,0,0,0.2831095489961985,1.4369512056175548,,17.0,0.6538461794871794,2.1256632013303074,25.50795841596369,0.800473346494424,0.037988767113283,0.20761126714222236,0,1,10.41105599142611,1,1
miku-random-v2,narrow_multi_obstacle,64,B2,B2-IterativePVD,0,0,0,0.2831095489961985,1.4369512056175548,,17.0,0.6538461794871794,2.1256632013303074,25.50795841596369,0.800473346494424,0.037988767113283,0.20761126714222236,0,1,31.612757011316717,3,1
miku-random-v2,narrow_multi_obstacle,64,MIKU,MIKU,1,1,0,0.1820304540599822,,12.0,12.0,1.0,3.250001854381459,39.00002225257751,0.4743275848429466,0.0038047055549260606,0.12302189868196065,0,0,11.411620012950152,1,0
miku-random-v2,narrow_multi_obstacle,65,B0,B0-TimeBlind,0,0,0,1.4231333743319328,4.820183025487877,,17.0,0.2692307954570993,0.8753962374362017,10.50475484923442,1.9860259746037916,0.013550769233626294,0.6502363132921908,0,1,21.37086700531654,1,1
miku-random-v2,narrow_multi_obstacle,65,B1,B1-TimeAwareGreedy,0,0,0,1.4552725177053745,1.5986961035400118,,17.0,0.2692307954570993,0.8756604415333058,10.50792529839967,1.9860259746037916,0.01755509021073583,0.6502363132921908,0,1,21.276489016599953,1,1
miku-random-v2,narrow_multi_obstacle,65,B2,B2-IterativePVD,0,0,0,1.4552725177053745,1.5986961035400118,,17.0,0.2692307954570993,0.8756604415333058,10.50792529839967,1.9860259746037916,0.01755509021073583,0.6502363132921908,0,1,63.745041989022866,3,1
miku-random-v2,narrow_multi_obstacle,65,MIKU,MIKU,0,0,0,1.4449234995605937,1.717317358150338,,17.0,0.2692307954570993,0.8755726725666536,10.506872070799844,1.9860259746037916,0.016333971431807908,0.6502363132921908,0,1,22.633285989286378,1,0
miku-random-v2,narrow_multi_obstacle,66,B0,B0-TimeBlind,0,0,0,1.521558394133189,1.839701556103324,,17.0,0.25641028250974585,0.8336891054662724,10.00426926559527,1.4253407198816492,0.009679108913171941,0.4364461788614037,0,1,25.818238005740568,1,1
miku-random-v2,narrow_multi_obstacle,66,B1,B1-TimeAwareGreedy,0,0,0,1.5530127084584775,1.839701556103324,,17.0,0.25641028250974585,0.8339479203956861,10.007375044748233,1.4253407198816492,0.012756330905411263,0.4364461788614037,0,1,25.926740985596552,1,1
miku-random-v2,narrow_multi_obstacle,66,B2,B2-IterativePVD,0,0,0,1.5530127084584775,1.839701556103324,,17.0,0.25641028250974585,0.8339479203956861,10.007375044748233,1.4253407198816492,0.012756330905411263,0.4364461788614037,0,1,78.10183201218024,3,1
miku-random-v2,narrow_multi_obstacle,66,MIKU,MIKU,0,0,0,1.5413574933376972,1.839701556103324,,17.0,0.25641028250974585,0.83384846767011,10.00618161204132,1.4253407198816492,0.01167014882494129,0.4364461788614037,0,1,27.28935400955379,1,0
miku-random-v2,narrow_multi_obstacle,67,B0,B0-TimeBlind,0,0,0,0.2847857246009373,,,17.0,0.4615384871794872,1.5005252604727926,18.00630312567351,0.8957832116694819,0.06045091740099474,0.23233089330685577,0,1,10.558278008829802,1,1
miku-random-v2,narrow_multi_obstacle,67,B1,B1-TimeAwareGreedy,0,0,0,0.279489668967869,5.285482785857137,,17.0,0.4615384871794872,1.5009423129089956,18.011307754907946,0.8957832116694819,0.08426662443182359,0.23233089330685577,0,1,10.441077989526093,1,1
miku-random-v2,narrow_multi_obstacle,67,B2,B2-IterativePVD,0,0,0,0.279489668967869,5.285482785857137,,17.0,0.4615384871794872,1.5009423129089956,18.011307754907946,0.8957832116694819,0.08426662443182359,0.23233089330685577,0,1,31.09633200801909,3,1
miku-random-v2,narrow_multi_obstacle,67,MIKU,MIKU,1,1,0,0.2230578137540009,,12.0,12.0,1.0,3.250000083333332,39.00000099999998,0.3884453602106223,0.0,0.10074743125716777,0,0,10.90708197443746,1,0
miku-random-v2,narrow_multi_obstacle,68,B0,B0-TimeBlind,0,0,0,1.5300492322886372,,,17.0,0.26923079523084464,0.8750037959345294,10.500045551214352,1.5518221683399753,0.0,0.47943855475332264,0,1,29.78568198159337,1,1
miku-random-v2,narrow_multi_obstacle,68,B1,B1-TimeAwareGreedy,0,0,0,1.5300492322886372,,,17.0,0.26923079523084464,0.8750037959345294,10.500045551214352,1.5518221683399753,0.0,0.47943855475332264,0,1,30.292070005089045,1,1
miku-random-v2,narrow_multi_obstacle,68,B2,B2-IterativePVD,0,0,0,1.5300492322886372,,,17.0,0.26923079523084464,0.8750037959345294,10.500045551214352,1.5518221683399753,0.0,0.47943855475332264,0,1,89.69105998403393,3,1
miku-random-v2,narrow_multi_obstacle,68,MIKU,MIKU,1,1,0,0.242879155896355,,12.0,12.0,1.0,3.2500000833333327,39.00000099999999,0.43502464892668136,0.0,0.11282826467313613,0,0,10.897433006903157,1,0
miku-random-v2,narrow_multi_obstacle,69,B0,B0-TimeBlind,0,0,0,0.2978754330603084,,,17.0,0.487179512666314,1.5840040405167557,19.00804848620107,1.1492626879567567,0.19906548264417995,0.2984184867383156,0,1,13.553511002101004,1,1
miku-random-v2,narrow_multi_obstacle,69,B1,B1-TimeAwareGreedy,0,0,0,0.2973732346147442,,,17.0,0.487179512666314,1.58445911177934,19.01350934135208,1.1492626879567567,0.26928287391454314,0.2984184867383156,0,1,13.440934009850025,1,1
miku-random-v2,narrow_multi_obstacle,69,B2,B2-IterativePVD,0,0,0,0.2973732346147442,,,17.0,0.487179512666314,1.58445911177934,19.01350934135208,1.1492626879567567,0.26928287391454314,0.2984184867383156,0,1,40.627208014484495,3,1
miku-random-v2,narrow_multi_obstacle,69,MIKU,MIKU,1,1,0,0.24329602277016615,,12.0,12.0,1.0,3.2500000833333327,39.00000099999999,0.6627255186016303,0.0,0.17188490445960414,0,0,11.164793017087504,1,0
miku-random-v2,narrow_multi_obstacle,70,B0,B0-TimeBlind,0,0,0,0.29682151575200694,16.343879808353854,,17.0,0.4871795133521832,1.5838891494982825,19.00666979397939,1.3206070948788944,0.14875367178255894,0.3493263814743919,0,1,19.725360005395487,1,1
miku-random-v2,narrow_multi_obstacle,70,B1,B1-TimeAwareGreedy,0,0,0,0.29355983074803305,3.61241093407363,,17.0,0.4871795133521832,1.5843266591610459,19.01191990993255,1.3206070948788944,0.20525290234478658,0.3493263814743919,0,1,19.42842800053768,1,1
miku-random-v2,narrow_multi_obstacle,70,B2,B2-IterativePVD,0,0,0,0.29355983074803305,3.61241093407363,,17.0,0.4871795133521832,1.5843266591610459,19.01191990993255,1.3206070948788944,0.20525290234478658,0.3493263814743919,0,1,57.567896001273766,3,1
miku-random-v2,narrow_multi_obstacle,70,MIKU,MIKU,0,0,0,0.24280355465995648,2.7745332393766953,,17.0,0.4871795133521832,1.5842013684953649,19.010416421944377,1.3206070948788944,0.10731493899273081,0.3493263814743919,0,1,20.77020099386573,1,0
miku-random-v2,narrow_multi_obstacle,71,B0,B0-TimeBlind,0,0,0,1.4890278897770248,1.7946853492423802,,17.0,0.2564102825568128,0.8336964971601105,10.004357965921326,1.4710618485651894,0.010084928914564884,0.45395156386669594,0,1,22.759696992579848,1,1
miku-random-v2,narrow_multi_obstacle,71,B1,B1-TimeAwareGreedy,0,0,0,1.5209664021966662,1.7677003581886424,,17.0,0.2564102825568128,0.8339573643394909,10.00748837207389,1.4710618485651894,0.013262001628859262,0.45395156386669594,0,1,22.851835004985332,1,1
miku-random-v2,narrow_multi_obstacle,71,B2,B2-IterativePVD,0,0,0,1.5209664021966662,1.7677003581886424,,17.0,0.2564102825568128,0.8339573643394909,10.00748837207389,1.4710618485651894,0.013262001628859262,0.45395156386669594,0,1,69.21013098326512,3,1
miku-random-v2,narrow_multi_obstacle,71,MIKU,MIKU,0,0,0,1.5092952649458684,1.7677003581886424,,17.0,0.2564102825568128,0.8338585532382946,10.006302638859536,1.4710618485651894,0.012156560226321481,0.45395156386669594,0,1,24.20452400110662,1,0
miku-random-v2,narrow_multi_obstacle,72,B0,B0-TimeBlind,0,0,0,0.2990888277150696,4.515546557222595,,17.0,0.47435900000000003,1.542457325883782,18.509487910605383,0.8926537292018487,0.062096504176497265,0.23151922877930112,0,1,10.177151998504996,1,1
miku-random-v2,narrow_multi_obstacle,72,B1,B1-TimeAwareGreedy,0,0,0,0.2988775529469918,4.515546557222595,,17.0,0.47435900000000003,1.5429541225928955,18.515449471114746,0.8926537292018487,0.08115711389014695,0.23151922877930112,0,1,10.433152987388894,1,1
miku-random-v2,narrow_multi_obstacle,72,B2,B2-IterativePVD,0,0,0,0.2988775529469918,4.515546557222595,,17.0,0.47435900000000003,1.5429541225928955,18.515449471114746,0.8926537292018487,0.08115711389014695,0.23151922877930112,0,1,31.477886019274592,3,1
miku-random-v2,narrow_multi_obstacle,72,MIKU,MIKU,0,0,0,0.2331592038941983,4.515546557222595,,17.0,0.47435900000000003,1.542664246982511,18.51197096379013,0.8926537292018487,0.0459296766836825,0.23151922877930112,0,1,11.225017020478845,1,0
miku-random-v2,narrow_multi_obstacle,73,B0,B0-TimeBlind,0,0,0,1.2710606533403592,1.5336626069369481,,17.0,0.24358976942736313,0.791915787796884,9.502989453562607,1.7555527553484473,0.010701040458428308,0.5713985821759024,0,1,38.69601699989289,1,1
miku-random-v2,narrow_multi_obstacle,73,B1,B1-TimeAwareGreedy,0,0,0,1.3126227619204316,1.5273638651705284,,17.0,0.24358976942736313,0.7921441863828647,9.505730236594376,1.7555527553484473,0.014853615076606807,0.5713985821759024,0,1,38.67816098500043,1,1
miku-random-v2,narrow_multi_obstacle,73,B2,B2-IterativePVD,0,0,0,1.3126227619204316,1.5273638651705284,,17.0,0.24358976942736313,0.7921441863828647,9.505730236594376,1.7555527553484473,0.014853615076606807,0.5713985821759024,0,1,116.03280698182061,3,1
miku-random-v2,narrow_multi_obstacle,73,MIKU,MIKU,1,1,0,0.1861484392901862,,12.0,12.0,1.0,3.2500089831814756,39.00010779817771,0.44709109830218013,0.017994640297536557,0.11595782652016699,0,0,11.438991001341492,1,0
miku-random-v2,narrow_multi_obstacle,74,B0,B0-TimeBlind,0,0,0,1.32807360302939,5.425287902650117,,17.0,0.2564102822018079,0.833582698877701,10.002992386532412,2.032284550224006,0.011692719515045698,0.6767111001271175,0,1,33.97997099091299,1,1
miku-random-v2,narrow_multi_obstacle,74,B1,B1-TimeAwareGreedy,0,0,0,1.3676758991704314,1.725124856967072,,17.0,0.2564102822018079,0.833805643537291,10.005667722447493,2.032284550224006,0.01612238756331408,0.6767111001271175,0,1,34.2452309851069,1,1
miku-random-v2,narrow_multi_obstacle,74,B2,B2-IterativePVD,0,0,0,1.3676758991704314,1.725124856967072,,17.0,0.2564102822018079,0.833805643537291,10.005667722447493,2.032284550224006,0.01612238756331408,0.6767111001271175,0,1,98.84945800877176,3,1
miku-random-v2,narrow_multi_obstacle,74,MIKU,MIKU,1,1,0,0.2201353057920088,,12.0,12.0,1.0,3.2500001504337193,39.00000180520463,0.5897130709191231,0.0009232205461143941,0.1529483504232955,0,0,11.271615978330374,1,0
miku-random-v2,narrow_multi_obstacle,75,B0,B0-TimeBlind,0,0,0,1.7915985955144202,,,17.0,0.25641028256653786,0.8333390445623827,10.000068534748593,1.8242179544220503,0.0,0.5918518771952765,0,1,22.247373999562114,1,1
miku-random-v2,narrow_multi_obstacle,75,B1,B1-TimeAwareGreedy,0,0,0,1.7915985955144202,,,17.0,0.25641028256653786,0.8333390445623827,10.000068534748593,1.8242179544220503,0.0,0.5918518771952765,0,1,22.16523900278844,1,1
miku-random-v2,narrow_multi_obstacle,75,B2,B2-IterativePVD,0,0,0,1.7915985955144202,,,17.0,0.25641028256653786,0.8333390445623827,10.000068534748593,1.8242179544220503,0.0,0.5918518771952765,0,1,66.71539999661036,3,1
miku-random-v2,narrow_multi_obstacle,75,MIKU,MIKU,1,1,0,0.21378989546673943,,12.0,12.0,1.0,3.2500027319844667,39.0000327838136,0.5109393333839225,0.005628253738386107,0.13251754465214852,0,0,11.265143024502322,1,0
miku-random-v2,narrow_multi_obstacle,76,B0,B0-TimeBlind,0,0,0,0.9907147924089699,5.069926475607486,,17.0,0.2564102820641753,0.8336432545673796,10.003719054808556,2.5177843204962063,0.01629636404973293,0.8838315392595044,0,1,52.805496990913525,1,1
miku-random-v2,narrow_multi_obstacle,76,B1,B1-TimeAwareGreedy,0,0,0,1.0402535227028755,1.4784079806345523,,17.0,0.2564102820641753,0.8338881379552631,10.006657655463156,2.5177843204962063,0.021822487250541225,0.8838315392595044,0,1,53.665530984289944,1,1
miku-random-v2,narrow_multi_obstacle,76,B2,B2-IterativePVD,0,0,0,1.0402535227028755,1.4784079806345523,,17.0,0.2564102820641753,0.8338881379552631,10.006657655463156,2.5177843204962063,0.021822487250541225,0.8838315392595044,0,1,159.32114000315778,3,1
miku-random-v2,narrow_multi_obstacle,76,MIKU,MIKU,1,1,0,0.22730119692854212,,12.0,12.0,1.0,3.250001271310443,39.000015255725316,0.7593350452315906,0.009619556669218205,0.1969416116310411,0,0,11.63106199237518,1,0
miku-random-v2,narrow_multi_obstacle,77,B0,B0-TimeBlind,0,0,0,0.5593373820049946,5.0564896085906,,17.0,0.2692307955559093,0.8752252377903998,10.502702853484799,1.823882323769593,0.009288092088373692,0.5850015810503949,0,1,20.331981999333948,1,1
miku-random-v2,narrow_multi_obstacle,77,B1,B1-TimeAwareGreedy,0,0,0,0.6497480613840122,1.564713851731459,,17.0,0.2692307955559093,0.8754319889292429,10.505183867150915,1.823882323769593,0.012946683053719911,0.5850015810503949,0,1,19.697521987836808,1,1
miku-random-v2,narrow_multi_obstacle,77,B2,B2-IterativePVD,0,0,0,0.6497480613840122,1.564713851731459,,17.0,0.2692307955559093,0.8754319889292429,10.505183867150915,1.823882323769593,0.012946683053719911,0.5850015810503949,0,1,59.48336698929779,3,1
miku-random-v2,narrow_multi_obstacle,77,MIKU,MIKU,1,1,0,0.21242526270136497,,12.0,12.0,1.0,3.250000806891,39.000009682691996,0.5476507605262831,0.002891099253959294,0.14203904332665307,0,0,11.244352994253859,1,0
miku-random-v2,narrow_multi_obstacle,78,B0,B0-TimeBlind,0,0,0,0.28335235723713864,,,17.0,0.47435899963513295,1.542033755899406,18.50440507079287,1.1984404255514463,0.07049310037642902,0.3138222792819227,0,1,12.625256000319496,1,1
miku-random-v2,narrow_multi_obstacle,78,B1,B1-TimeAwareGreedy,0,0,0,0.2768248165115959,136.88009913458959,,17.0,0.47435899963513295,1.5423652322559838,18.508382787071806,1.1984404255514463,0.10631970252504556,0.3138222792819227,0,1,12.73470200248994,1,1
miku-random-v2,narrow_multi_obstacle,78,B2,B2-IterativePVD,0,0,0,0.2768248165115959,136.88009913458959,,17.0,0.47435899963513295,1.5423652322559838,18.508382787071806,1.1984404255514463,0.10631970252504556,0.3138222792819227,0,1,38.23066299082711,3,1
miku-random-v2,narrow_multi_obstacle,78,MIKU,MIKU,1,1,0,0.22176950077808288,,12.0,12.0,1.0,3.2500013110245534,39.00001573229464,0.6767516640592702,0.004549543095475366,0.1755227343065735,0,0,10.967164009343833,1,0
miku-random-v2,narrow_multi_obstacle,79,B0,B0-TimeBlind,0,0,0,1.1985652938083677,1.6956185156732273,,17.0,0.2564102828213976,0.8335492334538085,10.002590801445702,1.744428367827972,0.009191595261728781,0.5600599502481891,0,1,18.313437001779675,1,1
miku-random-v2,narrow_multi_obstacle,79,B1,B1-TimeAwareGreedy,0,0,0,1.244046280749869,1.6956185156732273,,17.0,0.2564102828213976,0.8337566987283633,10.00508038474036,1.744428367827972,0.012987430645796943,0.5600599502481891,0,1,18.288588005816564,1,1
miku-random-v2,narrow_multi_obstacle,79,B2,B2-IterativePVD,0,0,0,1.244046280749869,1.6956185156732273,,17.0,0.2564102828213976,0.8337566987283633,10.00508038474036,1.744428367827972,0.012987430645796943,0.5600599502481891,0,1,54.699185013305396,3,1
miku-random-v2,narrow_multi_obstacle,79,MIKU,MIKU,0,0,0,1.230123453743575,1.6956185156732273,,17.0,0.2564102828213976,0.8336882772267317,10.00425932672078,1.744428367827972,0.011870383821926211,0.5600599502481891,0,1,19.510771991917863,1,0
miku-random-v2,narrow_multi_obstacle,80,B0,B0-TimeBlind,0,0,0,0.2843500567420052,15.851787229326883,,17.0,0.47435900000000003,1.5420796916838124,18.504956300205748,0.7263002289374323,0.01398011572991631,0.18837368104223165,0,1,10.115978977410123,1,1
miku-random-v2,narrow_multi_obstacle,80,B1,B1-TimeAwareGreedy,0,0,0,0.27893907937749707,15.851787229326883,,17.0,0.47435900000000003,1.5424306886539816,18.50916826384778,0.7263002289374323,0.018242944979859756,0.18837368104223165,0,1,10.232183005427942,1,1
miku-random-v2,narrow_multi_obstacle,80,B2,B2-IterativePVD,0,0,0,0.27893907937749707,15.851787229326883,,17.0,0.47435900000000003,1.5424306886539816,18.50916826384778,0.7263002289374323,0.018242944979859756,0.18837368104223165,0,1,30.908518994692713,3,1
miku-random-v2,narrow_multi_obstacle,80,MIKU,MIKU,1,1,0,0.1595629121339044,,12.0,12.0,1.0,3.2500190540185714,39.00022864822286,0.23104185013237438,0.01678945269746463,0.059923158565162664,0,0,11.123784992378205,1,0
miku-random-v2,narrow_multi_obstacle,81,B0,B0-TimeBlind,0,0,0,1.0444296138048645,1.6357531168174957,,17.0,0.2564102823684213,0.8335667786149349,10.002801343379218,1.7705903693041343,0.009803161387554968,0.5704087749810495,0,1,30.22854297887534,1,1
miku-random-v2,narrow_multi_obstacle,81,B1,B1-TimeAwareGreedy,0,0,0,1.0952163921067095,1.6357531168174957,,17.0,0.2564102823684213,0.8337829079740349,10.005394895688418,1.7705903693041343,0.013657179479483831,0.5704087749810495,0,1,30.625945975771174,1,1
miku-random-v2,narrow_multi_obstacle,81,B2,B2-IterativePVD,0,0,0,1.0952163921067095,1.6357531168174957,,17.0,0.2564102823684213,0.8337829079740349,10.005394895688418,1.7705903693041343,0.013657179479483831,0.5704087749810495,0,1,91.45666399854235,3,1
miku-random-v2,narrow_multi_obstacle,81,MIKU,MIKU,1,1,0,0.21986151253240882,,12.0,12.0,1.0,3.2500226300997146,39.00027156119658,0.4899486809108178,0.031744860559119736,0.12707339591544542,0,0,11.53010199777782,1,0
miku-random-v2,narrow_multi_obstacle,82,B0,B0-TimeBlind,0,0,0,0.8794906806855929,9.531592042061055,,17.0,0.26923079605609085,0.8752679921694476,10.503215906033372,1.3775068397785868,0.00750938229234278,0.41403686137155843,0,1,15.709264989709482,1,1
miku-random-v2,narrow_multi_obstacle,82,B1,B1-TimeAwareGreedy,0,0,0,0.9373215826450014,1.8698380985496477,,17.0,0.26923079605609085,0.8754892679338169,10.505871215205802,1.3775068397785868,0.010237774538943353,0.41403686137155843,0,1,15.858647995628417,1,1
miku-random-v2,narrow_multi_obstacle,82,B2,B2-IterativePVD,0,0,0,0.9373215826450014,1.8698380985496477,,17.0,0.26923079605609085,0.8754892679338169,10.505871215205802,1.3775068397785868,0.010237774538943353,0.41403686137155843,0,1,47.77500400086865,3,1
miku-random-v2,narrow_multi_obstacle,82,MIKU,MIKU,0,0,0,0.17937930976595023,1.4371239821802095,,17.0,0.6666666923076923,2.167280764733395,26.00736917680074,0.671344904412087,0.0797935602497419,0.1741204337469507,0,1,11.541095009306446,1,0
miku-random-v2,narrow_multi_obstacle,83,B0,B0-TimeBlind,0,0,0,1.9763531495964666,,,17.0,0.25641028208786554,0.8333358955350625,10.00003074642075,2.4879957815106746,0.0,0.8706031671538956,0,1,45.79476802609861,1,1
miku-random-v2,narrow_multi_obstacle,83,B1,B1-TimeAwareGreedy,0,0,0,1.9763531495964666,,,17.0,0.25641028208786554,0.8333358955350625,10.00003074642075,2.4879957815106746,0.0,0.8706031671538956,0,1,45.75853399001062,1,1
miku-random-v2,narrow_multi_obstacle,83,B2,B2-IterativePVD,0,0,0,1.9763531495964666,,,17.0,0.25641028208786554,0.8333358955350625,10.00003074642075,2.4879957815106746,0.0,0.8706031671538956,0,1,137.92778499191627,3,1
miku-random-v2,narrow_multi_obstacle,83,MIKU,MIKU,1,1,0,0.2454296586085738,,12.0,12.0,1.0,3.250003513763533,39.0000421651624,0.7492812700085818,0.016050099902513774,0.19433405820936592,0,0,11.563076986931264,1,0
miku-random-v2,narrow_multi_obstacle,84,B0,B0-TimeBlind,0,0,0,1.5920754597341504,,,17.0,0.2692307959920247,0.8750090086941937,10.500108104330325,1.225718319578837,0.0,0.35888056161904197,0,1,14.847881015157327,1,1
miku-random-v2,narrow_multi_obstacle,84,B1,B1-TimeAwareGreedy,0,0,0,1.5920754597341504,,,17.0,0.2692307959920247,0.8750090086941937,10.500108104330325,1.225718319578837,0.0,0.35888056161904197,0,1,14.801073004491627,1,1
miku-random-v2,narrow_multi_obstacle,84,B2,B2-IterativePVD,0,0,0,1.5920754597341504,,,17.0,0.2692307959920247,0.8750090086941937,10.500108104330325,1.225718319578837,0.0,0.35888056161904197,0,1,44.6833010064438,3,1
miku-random-v2,narrow_multi_obstacle,84,MIKU,MIKU,1,1,0,0.19506882761452027,,12.0,12.0,1.0,3.2500002877036107,39.00000345244333,0.285508689944413,0.0015265832499791404,0.07404971216014299,0,0,11.0161550110206,1,0
miku-random-v2,narrow_multi_obstacle,85,B0,B0-TimeBlind,0,0,0,0.559387667140873,10.417394149962602,,17.0,0.2820513078377639,0.9168607498932241,11.002328998718689,2.216142751198334,0.01005998443445224,0.7364618996577399,0,1,51.706512982491404,1,1
miku-random-v2,narrow_multi_obstacle,85,B1,B1-TimeAwareGreedy,0,0,0,0.651829925341312,1.3743519967709632,,17.0,0.2820513078377639,0.917051686362193,11.004620236346316,2.216142751198334,0.014209610094151826,0.7364618996577399,0,1,51.64586799219251,1,1
miku-random-v2,narrow_multi_obstacle,85,B2,B2-IterativePVD,0,0,0,0.651829925341312,1.3743519967709632,,17.0,0.2820513078377639,0.917051686362193,11.004620236346316,2.216142751198334,0.014209610094151826,0.7364618996577399,0,1,154.7743779956363,3,1
miku-random-v2,narrow_multi_obstacle,85,MIKU,MIKU,0,0,0,0.2296116943838058,,,17.0,0.47435900479861065,1.542738151026418,18.512857812317016,1.2829991711595652,0.14522254412360572,0.3392567937873249,0,1,20.052278006915003,1,0
miku-random-v2,narrow_multi_obstacle,86,B0,B0-TimeBlind,0,0,0,1.3815117586068246,9.430729554479612,,17.0,0.24358976996603118,0.7919748127042349,9.503697752450819,1.4903823187723915,0.009966811164689615,0.4665837869139758,0,1,21.045692992629483,1,1
miku-random-v2,narrow_multi_obstacle,86,B1,B1-TimeAwareGreedy,0,0,0,1.4179411920078888,1.758846282383567,,17.0,0.24358976996603118,0.792223380986465,9.506680571837581,1.4903823187723915,0.013465233207248697,0.4665837869139758,0,1,21.311618998879567,1,1
miku-random-v2,narrow_multi_obstacle,86,B2,B2-IterativePVD,0,0,0,1.4179411920078888,1.758846282383567,,17.0,0.24358976996603118,0.792223380986465,9.506680571837581,1.4903823187723915,0.013465233207248697,0.4665837869139758,0,1,63.9725310029462,3,1
miku-random-v2,narrow_multi_obstacle,86,MIKU,MIKU,1,1,0,0.16490273411988965,,12.0,12.0,1.0,3.2500000833333327,39.00000099999999,0.34029815175095407,0.0,0.08825994119713548,0,0,10.87434298824519,1,0
miku-random-v2,narrow_multi_obstacle,87,B0,B0-TimeBlind,0,0,0,1.5900760988807638,,,17.0,0.2820513082840114,0.9166720068643324,11.000064082371988,1.4282355791762844,0.0,0.4283202676783089,0,1,23.3211129962001,1,1
miku-random-v2,narrow_multi_obstacle,87,B1,B1-TimeAwareGreedy,0,0,0,1.5900760988807638,,,17.0,0.2820513082840114,0.9166720068643324,11.000064082371988,1.4282355791762844,0.0,0.4283202676783089,0,1,24.00334001868032,1,1
miku-random-v2,narrow_multi_obstacle,87,B2,B2-IterativePVD,0,0,0,1.5900760988807638,,,17.0,0.2820513082840114,0.9166720068643324,11.000064082371988,1.4282355791762844,0.0,0.4283202676783089,0,1,74.65357199544087,3,1
miku-random-v2,narrow_multi_obstacle,87,MIKU,MIKU,1,1,0,0.21158654989641001,,12.0,12.0,1.0,3.250000633414215,39.00000760097058,0.4123791009314677,0.002481150265948413,0.10695490120013029,0,0,11.407687998143956,1,0
miku-random-v2,narrow_multi_obstacle,88,B0,B0-TimeBlind,0,0,0,1.7317365128175888,,,17.0,0.2307692566136975,0.750002910876319,9.000034930515827,1.657087324516121,0.0,0.5388585218096749,0,1,34.50588398845866,1,1
miku-random-v2,narrow_multi_obstacle,88,B1,B1-TimeAwareGreedy,0,0,0,1.7317365128175888,,,17.0,0.2307692566136975,0.750002910876319,9.000034930515827,1.657087324516121,0.0,0.5388585218096749,0,1,34.47279200190678,1,1
miku-random-v2,narrow_multi_obstacle,88,B2,B2-IterativePVD,0,0,0,1.7317365128175888,,,17.0,0.2307692566136975,0.750002910876319,9.000034930515827,1.657087324516121,0.0,0.5388585218096749,0,1,103.46891300287098,3,1
miku-random-v2,narrow_multi_obstacle,88,MIKU,MIKU,0,0,0,1.7317365128175888,,,17.0,0.2307692566136975,0.750002910876319,9.000034930515827,1.657087324516121,0.0,0.5388585218096749,0,1,35.788070992566645,1,0
miku-random-v2,narrow_multi_obstacle,89,B0,B0-TimeBlind,0,0,0,1.502316062707123,1.3130899681244343,,17.0,0.26923079488342744,0.8753218055521432,10.503861666625719,2.403845942530006,0.01496133042854,0.8242251203193274,0,1,65.11380197480321,1,1
miku-random-v2,narrow_multi_obstacle,89,B1,B1-TimeAwareGreedy,0,0,0,1.5348422858213893,1.3130899681244343,,17.0,0.26923079488342744,0.8755645497265698,10.506774596718838,2.403845942530006,0.019837522976789337,0.8242251203193274,0,1,65.32020997838117,1,1
miku-random-v2,narrow_multi_obstacle,89,B2,B2-IterativePVD,0,0,0,1.5348422858213893,1.3130899681244343,,17.0,0.26923079488342744,0.8755645497265698,10.506774596718838,2.403845942530006,0.019837522976789337,0.8242251203193274,0,1,196.41997301368974,3,1
miku-random-v2,narrow_multi_obstacle,89,MIKU,MIKU,0,0,0,1.5264897342785086,1.3130899681244343,,17.0,0.26923079488342744,0.8754993139036613,10.505991766843936,2.403845942530006,0.01865263154350914,0.8242251203193274,0,1,66.8299610260874,1,0
miku-random-v2,narrow_multi_obstacle,90,B0,B0-TimeBlind,0,0,0,0.30225062905067923,,,17.0,0.48717951282051286,1.5833334166666668,19.000001,0.9719623130412841,0.0,0.2520887526219921,0,1,10.10643201880157,1,1
miku-random-v2,narrow_multi_obstacle,90,B1,B1-TimeAwareGreedy,0,0,0,0.30225062905067923,,,17.0,0.48717951282051286,1.5833334166666668,19.000001,0.9719623130412841,0.0,0.2520887526219921,0,1,9.927571984007955,1,1
miku-random-v2,narrow_multi_obstacle,90,B2,B2-IterativePVD,0,0,0,0.30225062905067923,,,17.0,0.48717951282051286,1.5833334166666668,19.000001,0.9719623130412841,0.0,0.2520887526219921,0,1,29.827603982994333,3,1
miku-random-v2,narrow_multi_obstacle,90,MIKU,MIKU,1,1,0,0.1970961687358601,,12.0,12.0,1.0,3.2500000833333327,39.00000099999999,0.4887834068901351,0.0,0.12677116971758207,0,0,11.015251016942784,1,0
miku-random-v2,narrow_multi_obstacle,91,B0,B0-TimeBlind,0,0,0,0.5607692287465271,1.8238996585898648,,17.0,0.28205130865854416,0.9168593771481581,11.002312525777898,1.4834245197807956,0.006502962838266276,0.4485047589224144,0,1,17.33211998362094,1,1
miku-random-v2,narrow_multi_obstacle,91,B1,B1-TimeAwareGreedy,0,0,0,0.651712586328238,1.7480508416944447,,17.0,0.28205130865854416,0.9170472300738667,11.0045667608864,1.4834245197807956,0.009238715578835485,0.4485047589224144,0,1,17.52070599468425,1,1
miku-random-v2,narrow_multi_obstacle,91,B2,B2-IterativePVD,0,0,0,0.651712586328238,1.7480508416944447,,17.0,0.28205130865854416,0.9170472300738667,11.0045667608864,1.4834245197807956,0.009238715578835485,0.4485047589224144,0,1,52.78789400472306,3,1
miku-random-v2,narrow_multi_obstacle,91,MIKU,MIKU,1,1,0,0.2003150693568545,,12.0,12.0,1.0,3.250006288090432,39.00007545708518,0.4373326447433665,0.013019020102555146,0.11342686790978251,0,0,11.610863992245868,1,0
miku-random-v2,narrow_multi_obstacle,92,B0,B0-TimeBlind,0,0,0,0.7093995858930578,3.0164725804843333,,17.0,0.269230795732078,0.8752759639386607,10.503311567263928,1.4793736102752362,0.00827265023894075,0.45174361753909403,0,1,17.54124299623072,1,1
miku-random-v2,narrow_multi_obstacle,92,B1,B1-TimeAwareGreedy,0,0,0,0.77925016047591,1.8434238766588276,,17.0,0.269230795732078,0.8755009493860942,10.50601139263313,1.4793736102752362,0.011219924944344376,0.45174361753909403,0,1,17.79953602817841,1,1
miku-random-v2,narrow_multi_obstacle,92,B2,B2-IterativePVD,0,0,0,0.77925016047591,1.8434238766588276,,17.0,0.269230795732078,0.8755009493860942,10.50601139263313,1.4793736102752362,0.011219924944344376,0.45174361753909403,0,1,53.42040097457357,3,1
miku-random-v2,narrow_multi_obstacle,92,MIKU,MIKU,1,1,0,0.2086931106266543,,12.0,12.0,1.0,3.2500473322980667,39.0005679875768,0.40295551960247183,0.11523024472785683,0.10451079526044077,0,0,12.977361999219283,1,0
miku-random-v2,narrow_multi_obstacle,93,B0,B0-TimeBlind,0,0,0,0.27239139215548536,,,17.0,0.4615384871794872,1.500622003188423,18.007464038261077,0.7579043331310363,0.011518158119056958,0.19657054124658332,0,1,10.207431012531742,1,1
miku-random-v2,narrow_multi_obstacle,93,B1,B1-TimeAwareGreedy,0,0,0,0.2634616984881383,,,17.0,0.4615384871794872,1.5009977107407515,18.011972528889018,0.7579043331310363,0.016594440821719077,0.19657054124658332,0,1,10.500446980586275,1,1
miku-random-v2,narrow_multi_obstacle,93,B2,B2-IterativePVD,0,0,0,0.2634616984881383,,,17.0,0.4615384871794872,1.5009977107407515,18.011972528889018,0.7579043331310363,0.016594440821719077,0.19657054124658332,0,1,31.373896985314786,3,1
miku-random-v2,narrow_multi_obstacle,93,MIKU,MIKU,1,1,0,0.16028643284786992,,12.0,12.0,1.0,3.250000083333332,39.00000099999998,0.25056648167213624,0.0,0.06498707919688126,0,0,10.910466982750222,1,0
miku-random-v2,narrow_multi_obstacle,94,B0,B0-TimeBlind,0,0,0,1.0723534046426022,1.9174874356684226,,17.0,0.2564102830405716,0.8337324225148762,10.004789070178514,1.2790307230173161,0.00909438624321062,0.382183138961107,0,1,16.426185989985242,1,1
miku-random-v2,narrow_multi_obstacle,94,B1,B1-TimeAwareGreedy,0,0,0,1.1150294404887453,1.843566279203151,,17.0,0.2564102830405716,0.8340032302892908,10.00803876347149,1.2790307230173161,0.01183821035948123,0.382183138961107,0,1,16.896714980248362,1,1
miku-random-v2,narrow_multi_obstacle,94,B2,B2-IterativePVD,0,0,0,1.1150294404887453,1.843566279203151,,17.0,0.2564102830405716,0.8340032302892908,10.00803876347149,1.2790307230173161,0.01183821035948123,0.382183138961107,0,1,51.101574004860595,3,1
miku-random-v2,narrow_multi_obstacle,94,MIKU,MIKU,0,0,0,1.0982964614904998,1.843566279203151,,17.0,0.2564102830405716,0.833893224413805,10.00671869296566,1.2790307230173161,0.010807861324317615,0.382183138961107,0,1,18.19808001164347,1,0
miku-random-v2,narrow_multi_obstacle,95,B0,B0-TimeBlind,0,0,0,0.28788559402323466,3.1601389546661274,,17.0,0.47435900000000003,1.54192281000397,18.503073720047638,0.8006198239287543,0.021760261966560432,0.2076492576210291,0,1,10.04832299076952,1,1
miku-random-v2,narrow_multi_obstacle,95,B1,B1-TimeAwareGreedy,0,0,0,0.28250555638517727,3.1601389546661274,,17.0,0.47435900000000003,1.5422185480684787,18.506622576821744,0.8006198239287543,0.03533007376839977,0.2076492576210291,0,1,10.235741006908938,1,1
miku-random-v2,narrow_multi_obstacle,95,B2,B2-IterativePVD,0,0,0,0.28250555638517727,3.1601389546661274,,17.0,0.47435900000000003,1.5422185480684787,18.506622576821744,0.8006198239287543,0.03533007376839977,0.2076492576210291,0,1,31.15475398954004,3,1
miku-random-v2,narrow_multi_obstacle,95,MIKU,MIKU,1,1,0,0.22372910641488875,,12.0,12.0,1.0,3.250000190632536,39.00000228759043,0.30536144512371816,0.0016324376621296582,0.0791987351439678,0,0,11.538459017174318,1,0
miku-random-v2,narrow_multi_obstacle,96,B0,B0-TimeBlind,0,0,0,1.8145709573513626,,,17.0,0.269230795142193,0.8750050219781401,10.500060263737682,2.258403971760359,0.0,0.7626120799056334,0,1,23.247625009389594,1,1
miku-random-v2,narrow_multi_obstacle,96,B1,B1-TimeAwareGreedy,0,0,0,1.8145709573513626,,,17.0,0.269230795142193,0.8750050219781401,10.500060263737682,2.258403971760359,0.0,0.7626120799056334,0,1,23.16366200102493,1,1
miku-random-v2,narrow_multi_obstacle,96,B2,B2-IterativePVD,0,0,0,1.8145709573513626,,,17.0,0.269230795142193,0.8750050219781401,10.500060263737682,2.258403971760359,0.0,0.7626120799056334,0,1,69.79451401275583,3,1
miku-random-v2,narrow_multi_obstacle,96,MIKU,MIKU,1,1,0,0.2466421392566578,,12.0,12.0,1.0,3.2500144280075176,39.00017313609021,0.7117110975823757,0.027979534767196067,0.18458983482164995,0,0,11.362371005816385,1,0
miku-random-v2,narrow_multi_obstacle,97,B0,B0-TimeBlind,0,0,0,0.28623922751642183,,,17.0,0.47435900000000003,1.5420563018177873,18.504675621813448,1.049106374276329,0.04445736744539078,0.2720968845299906,0,1,10.556993016507477,1,1
miku-random-v2,narrow_multi_obstacle,97,B1,B1-TimeAwareGreedy,0,0,0,0.280776232660369,,,17.0,0.47435900000000003,1.5424093516942328,18.508912220330792,1.049106374276329,0.06395219224356327,0.2720968845299906,0,1,10.71792101720348,1,1
miku-random-v2,narrow_multi_obstacle,97,B2,B2-IterativePVD,0,0,0,0.280776232660369,,,17.0,0.47435900000000003,1.5424093516942328,18.508912220330792,1.049106374276329,0.06395219224356327,0.2720968845299906,0,1,32.0527010189835,3,1
miku-random-v2,narrow_multi_obstacle,97,MIKU,MIKU,1,1,0,0.2591727588653958,,12.0,12.0,1.0,3.2500000833333327,39.00000099999999,0.5538479954713666,0.0,0.14364636205295522,0,0,11.030120018403977,1,0
miku-random-v2,narrow_multi_obstacle,98,B0,B0-TimeBlind,0,0,0,0.27462872886545564,,,17.0,0.679487205128205,2.209113944010697,26.509367328128363,0.8252856590282134,0.04628930498340782,0.21404660401938203,0,1,10.460169985890388,1,1
miku-random-v2,narrow_multi_obstacle,98,B1,B1-TimeAwareGreedy,0,0,0,0.2684925940455385,1.4892211964400854,,17.0,0.679487205128205,2.2096042320506144,26.51525078460737,0.8252856590282134,0.06590693166421359,0.21404660401938203,0,1,11.456417007138953,1,1
miku-random-v2,narrow_multi_obstacle,98,B2,B2-IterativePVD,0,0,0,0.2684925940455385,1.4892211964400854,,17.0,0.679487205128205,2.2096042320506144,26.51525078460737,0.8252856590282134,0.06590693166421359,0.21404660401938203,0,1,34.1882559878286,3,1
miku-random-v2,narrow_multi_obstacle,98,MIKU,MIKU,1,1,0,0.19626026723817547,,12.0,12.0,1.0,3.250000083333333,39.000001,0.5232988426843889,0.0,0.13572311470437146,0,0,11.24827700550668,1,0
miku-random-v2,narrow_multi_obstacle,99,B0,B0-TimeBlind,0,0,0,0.2882234656234023,,,17.0,0.44871797435897437,1.4586409094592259,17.50369091351071,0.8273211541376855,0.017848386120074656,0.2145745313023204,0,1,9.935376001521945,1,1
miku-random-v2,narrow_multi_obstacle,99,B1,B1-TimeAwareGreedy,0,0,0,0.283355412725207,,,17.0,0.44871797435897437,1.4589551836545862,17.507462203855034,0.8273211541376855,0.02624244463981775,0.2145745313023204,0,1,10.480831988388672,1,1
miku-random-v2,narrow_multi_obstacle,99,B2,B2-IterativePVD,0,0,0,0.283355412725207,,,17.0,0.44871797435897437,1.4589551836545862,17.507462203855034,0.8273211541376855,0.02624244463981775,0.2145745313023204,0,1,31.49876100360416,3,1
miku-random-v2,narrow_multi_obstacle,99,MIKU,MIKU,1,1,0,0.20271963757560907,,12.0,12.0,1.0,3.2500000833333327,39.00000099999999,0.30790383002496124,0.0,0.07985812967999054,0,0,10.958041995763779,1,0
miku-random-v2,interleaved_dynamic,0,B0,B0-TimeBlind,1,1,0,0.11482207158677071,0.1866471759699204,14.0,14.0,1.0,3.1428572142857143,44.000001,2.336452877965746,0.0,0.7751455794308353,0,0,9.822779014939442,1,1
miku-random-v2,interleaved_dynamic,0,B1,B1-TimeAwareGreedy,1,1,0,0.11482207158677071,0.1866471759699204,14.0,14.0,1.0,3.1428572142857143,44.000001,2.336452877965746,0.0,0.7751455794308353,0,0,9.570239984896034,1,1
miku-random-v2,interleaved_dynamic,0,B2,B2-IterativePVD,1,1,0,0.11482207158677071,0.1866471759699204,14.0,14.0,1.0,3.1428572142857143,44.000001,2.336452877965746,0.0,0.7751455794308353,0,0,28.00685600959696,3,1
miku-random-v2,interleaved_dynamic,0,MIKU,MIKU,1,1,0,0.1248728048939419,0.21863604345901824,14.0,14.0,1.0,3.1428572142857143,44.000001,2.35280560185957,0.0,0.7815251030355544,0,0,10.691884002881125,1,0
miku-random-v2,interleaved_dynamic,1,B0,B0-TimeBlind,1,1,0,0.15000000000000258,0.49040354270403236,14.0,14.0,1.0,3.1428572142857143,44.000001,3.6773076042813746,0.0,1.276044350300102,0,0,32.614758994895965,1,1
miku-random-v2,interleaved_dynamic,1,B1,B1-TimeAwareGreedy,1,1,0,0.1517037192278381,0.4930452007539884,14.0,14.0,1.0,3.1431442518527413,44.004019525938375,3.6782204117463646,0.11563555720039086,1.276363794722394,0,0,55.93210199731402,1,1
miku-random-v2,interleaved_dynamic,1,B2,B2-IterativePVD,1,1,0,0.1517037192278381,0.4930452007539884,14.0,14.0,1.0,3.1431442518527413,44.004019525938375,3.6782204117463646,0.11563555720039086,1.276363794722394,0,0,122.09696500212885,3,1
miku-random-v2,interleaved_dynamic,1,MIKU,MIKU,1,1,0,0.20035346061503967,0.5331995735171242,14.0,14.0,1.0,3.142857681089939,44.000007535259144,3.693493624880519,0.0,1.2843455504718495,0,0,44.9922860134393,1,0
miku-random-v2,interleaved_dynamic,2,B0,B0-TimeBlind,1,1,0,0.060603227620548566,0.15997255878134561,14.0,14.0,1.0,3.1428572142857143,44.000001,2.0480895822091028,0.0,0.6430083526206535,0,0,8.522526011802256,1,1
miku-random-v2,interleaved_dynamic,2,B1,B1-TimeAwareGreedy,0,0,0,0.10738107905955152,0.31964143686399843,,19.0,0.3636363863637714,1.1428582216232428,16.0000151027254,2.007824968847377,0.0,0.5645797767468879,0,1,13.47982999868691,1,1
miku-random-v2,interleaved_dynamic,2,B2,B2-IterativePVD,1,1,0,0.060603227620548566,0.15997255878134561,14.0,14.0,1.0,3.1428572142857143,44.000001,2.0480895822091028,0.0,0.6430083526206535,0,0,30.747343989787623,3,0
miku-random-v2,interleaved_dynamic,2,MIKU,MIKU,1,1,0,0.1429116936230979,0.33486149910580487,14.0,14.0,1.0,3.1428572142857143,44.000001,2.0681207639701267,0.0,0.6492527211003388,0,0,9.492150013102219,1,0
miku-random-v2,interleaved_dynamic,3,B0,B0-TimeBlind,1,1,0,0.10309826319042657,0.2214779579227364,14.0,14.0,1.0,3.1428572142857143,44.000001,2.5256760377326244,0.0,0.815378419189851,0,0,9.263868007110432,1,1
miku-random-v2,interleaved_dynamic,3,B1,B1-TimeAwareGreedy,1,1,0,0.17851778827387824,0.41118521830155835,14.0,14.0,1.0,3.143165873921047,44.00432223489466,2.598350753813102,0.07919527092924834,0.8325365742727114,0,0,10.578146000625566,1,1
miku-random-v2,interleaved_dynamic,3,B2,B2-IterativePVD,1,1,0,0.17851778827387824,0.41118521830155835,14.0,14.0,1.0,3.143165873921047,44.00432223489466,2.598350753813102,0.07919527092924834,0.8325365742727114,0,0,29.774468013783917,3,0
miku-random-v2,interleaved_dynamic,3,MIKU,MIKU,1,1,0,0.13300449071384174,0.26661293528337,14.0,14.0,1.0,3.1428572142857143,44.000001,2.5385575746154214,0.0,0.8203220366484972,0,0,10.34349700785242,1,0
miku-random-v2,interleaved_dynamic,4,B0,B0-TimeBlind,1,1,0,0.06033875795976029,0.05233672359952689,14.0,14.0,1.0,3.1428572142857143,44.000001,1.4660858786305881,0.0,0.45313056953212283,0,0,9.32293399819173,1,1
miku-random-v2,interleaved_dynamic,4,B1,B1-TimeAwareGreedy,0,0,0,1.7635474866415897,1.4108496704436584,,19.0,0.284090932653155,0.8928646417254755,12.500104984156657,2.186955727837688,0.0,0.65048811851521,0,1,17.089010012568906,1,1
miku-random-v2,interleaved_dynamic,4,B2,B2-IterativePVD,1,1,0,0.06033875795976029,0.05233672359952689,14.0,14.0,1.0,3.1428572142857143,44.000001,1.4660858786305881,0.0,0.45313056953212283,0,0,37.78346598846838,3,0
miku-random-v2,interleaved_dynamic,4,MIKU,MIKU,1,1,0,0.1404431845825609,0.1739274637500346,14.0,14.0,1.0,3.1428572142857143,44.000001,1.5691862352585326,0.0,0.49073058153206855,0,0,9.280463011236861,1,0
miku-random-v2,interleaved_dynamic,5,B0,B0-TimeBlind,1,1,0,0.15008166346835725,0.4927692012228212,14.0,14.0,1.0,3.1428572142857143,44.000001,3.450915924178706,0.0,1.2147069455104307,0,0,68.28291999408975,1,1
miku-random-v2,interleaved_dynamic,5,B1,B1-TimeAwareGreedy,1,1,0,0.15008166346835725,0.4927692012228212,14.0,14.0,1.0,3.1428572142857143,44.000001,3.450915924178706,0.0,1.2147069455104307,0,0,68.15587900928222,1,1
miku-random-v2,interleaved_dynamic,5,B2,B2-IterativePVD,1,1,0,0.15008166346835725,0.4927692012228212,14.0,14.0,1.0,3.1428572142857143,44.000001,3.450915924178706,0.0,1.2147069455104307,0,0,207.45330501813442,3,1
miku-random-v2,interleaved_dynamic,5,MIKU,MIKU,1,1,0,0.19983961446432802,0.5369454095684402,14.0,14.0,1.0,3.1428580224972342,44.00001231496128,3.4680696384034873,0.0,1.2231630730832816,0,0,41.070105973631144,1,0
miku-random-v2,interleaved_dynamic,6,B0,B0-TimeBlind,1,1,0,0.15000000000000258,0.5419920169970335,14.0,14.0,1.0,3.1428572142857143,44.000001,2.988688021018721,0.0,0.9829481746356058,0,0,37.65442199073732,1,1
miku-random-v2,interleaved_dynamic,6,B1,B1-TimeAwareGreedy,0,0,0,0.14982660293574712,0.5691871538158773,,19.0,0.43181820451792896,1.3571429308182965,19.00000103145615,2.9907808510819076,0.0,0.9558681668360227,0,1,35.208596993470564,1,1
miku-random-v2,interleaved_dynamic,6,B2,B2-IterativePVD,1,1,0,0.15000000000000258,0.5419920169970335,14.0,14.0,1.0,3.1428572142857143,44.000001,2.988688021018721,0.0,0.9829481746356058,0,0,110.9785010048654,3,0
miku-random-v2,interleaved_dynamic,6,MIKU,MIKU,1,1,0,0.20274255060944713,0.5952886379965762,14.0,14.0,1.0,3.1428572142857143,44.000001,3.002207735509441,0.0,0.9885715153966498,0,0,25.37426500930451,1,0
miku-random-v2,interleaved_dynamic,7,B0,B0-TimeBlind,1,1,0,0.0482902193419521,0.06492485802219469,14.0,14.0,1.0,3.1428572142857143,44.000001,1.8989420141543725,0.0,0.6257891956918661,0,0,9.897523996187374,1,1
miku-random-v2,interleaved_dynamic,7,B1,B1-TimeAwareGreedy,1,1,0,0.15252882636747453,0.19939440554589283,14.0,14.0,1.0,3.14324954228774,44.00549359202836,2.150202214101145,0.07442015229409926,0.71160444252507,0,0,10.298590990714729,1,1
miku-random-v2,interleaved_dynamic,7,B2,B2-IterativePVD,1,1,0,0.15252882636747453,0.19939440554589283,14.0,14.0,1.0,3.14324954228774,44.00549359202836,2.150202214101145,0.07442015229409926,0.71160444252507,0,0,31.271517014829442,3,0
miku-random-v2,interleaved_dynamic,7,MIKU,MIKU,1,1,0,0.13786546859992777,0.19287003920253984,14.0,14.0,1.0,3.1428572142857143,44.000001,1.9986925809387475,0.0,0.6615109301491144,0,0,10.032694990513846,1,0
miku-random-v2,interleaved_dynamic,8,B0,B0-TimeBlind,1,1,0,0.15000000000000258,0.5174736452575541,14.0,14.0,1.0,3.1428572142857143,44.000001,3.249112542396207,0.0,1.097943300595893,0,0,26.07942497706972,1,1
miku-random-v2,interleaved_dynamic,8,B1,B1-TimeAwareGreedy,1,1,0,0.15000000000000258,0.5174736452575541,14.0,14.0,1.0,3.1428572142857143,44.000001,3.249112542396207,0.0,1.097943300595893,0,0,26.257564983097836,1,1
miku-random-v2,interleaved_dynamic,8,B2,B2-IterativePVD,1,1,0,0.15000000000000258,0.5174736452575541,14.0,14.0,1.0,3.1428572142857143,44.000001,3.249112542396207,0.0,1.097943300595893,0,0,78.65837999270298,3,1
miku-random-v2,interleaved_dynamic,8,MIKU,MIKU,1,1,0,0.20034432408559377,0.5632335730263309,14.0,14.0,1.0,3.142857213583016,44.00000099016222,3.2638285275263694,0.0,1.1049069556299753,0,0,27.064480003900826,1,0
miku-random-v2,interleaved_dynamic,9,B0,B0-TimeBlind,1,1,0,0.14999999999999725,0.5035596499954706,14.0,14.0,1.0,3.1428572142857143,44.000001,3.419146736503822,0.0,1.1962499739015402,0,0,75.70838701212779,1,1
miku-random-v2,interleaved_dynamic,9,B1,B1-TimeAwareGreedy,1,1,0,0.14999999999999725,0.5035596499954706,14.0,14.0,1.0,3.1428572142857143,44.000001,3.419146736503822,0.0,1.1962499739015402,0,0,76.16499799769372,1,1
miku-random-v2,interleaved_dynamic,9,B2,B2-IterativePVD,1,1,0,0.14999999999999725,0.5035596499954706,14.0,14.0,1.0,3.1428572142857143,44.000001,3.419146736503822,0.0,1.1962499739015402,0,0,226.7790969926864,3,1
miku-random-v2,interleaved_dynamic,9,MIKU,MIKU,1,1,0,0.20378879022265872,0.5529388229610492,14.0,14.0,1.0,3.1428572142857147,44.000001000000005,3.437803002005149,0.0,1.2046970575941813,0,0,28.5213710158132,1,0
miku-random-v2,interleaved_dynamic,10,B0,B0-TimeBlind,1,1,0,0.07728846101600108,0.2090411686186244,14.0,14.0,1.0,3.1428572142857143,44.000001,2.086690787913673,0.0,0.6686437043341795,0,0,9.208643983583897,1,1
miku-random-v2,interleaved_dynamic,10,B1,B1-TimeAwareGreedy,1,1,0,0.07728846101600108,0.2090411686186244,14.0,14.0,1.0,3.1428572142857143,44.000001,2.086690787913673,0.0,0.6686437043341795,0,0,8.997233991976827,1,1
miku-random-v2,interleaved_dynamic,10,B2,B2-IterativePVD,1,1,0,0.07728846101600108,0.2090411686186244,14.0,14.0,1.0,3.1428572142857143,44.000001,2.086690787913673,0.0,0.6686437043341795,0,0,27.113652002299204,3,1
miku-random-v2,interleaved_dynamic,10,MIKU,MIKU,1,1,0,0.1051037470451188,0.24863606450556186,14.0,14.0,1.0,3.1428572142857143,44.000001,2.0981584531908672,0.0,0.6730645114378887,0,0,10.196533025009558,1,0
miku-random-v2,interleaved_dynamic,11,B0,B0-TimeBlind,0,1,1,0.0035852422609938817,0.08508451790677084,14.0,19.0,1.0,3.1428572142857143,44.000001,2.126017034958758,0.0,0.6858027454264997,0,0,8.809870982076973,1,1
miku-random-v2,interleaved_dynamic,11,B1,B1-TimeAwareGreedy,1,1,0,0.21646708406716694,0.4841849346722502,14.0,14.0,1.0,3.1435251766181684,44.009352472654356,2.330549482736086,0.10615393887697833,0.7463548481388279,0,0,10.046380019048229,1,1
miku-random-v2,interleaved_dynamic,11,B2,B2-IterativePVD,1,1,0,0.21646708406716694,0.4841849346722502,14.0,14.0,1.0,3.1435251766181684,44.009352472654356,2.330549482736086,0.10615393887697833,0.7463548481388279,0,0,29.974127013701946,3,0
miku-random-v2,interleaved_dynamic,11,MIKU,MIKU,1,1,0,0.0925993049926251,0.22184123889182378,14.0,14.0,1.0,3.1428572142857143,44.000001,2.187417327838322,0.0,0.7067674707506137,0,0,10.451014008140191,1,0
miku-random-v2,interleaved_dynamic,12,B0,B0-TimeBlind,1,1,0,0.05840006489098393,0.05527850007106674,14.0,14.0,1.0,3.1428572142857143,44.000001,1.5639968969537685,0.0,0.48938961553771004,0,0,9.081140015041456,1,1
miku-random-v2,interleaved_dynamic,12,B1,B1-TimeAwareGreedy,1,1,0,0.05840006489098393,0.05527850007106674,14.0,14.0,1.0,3.1428572142857143,44.000001,1.5639968969537685,0.0,0.48938961553771004,0,0,8.959074999438599,1,1
miku-random-v2,interleaved_dynamic,12,B2,B2-IterativePVD,1,1,0,0.05840006489098393,0.05527850007106674,14.0,14.0,1.0,3.1428572142857143,44.000001,1.5639968969537685,0.0,0.48938961553771004,0,0,32.81839200644754,3,0
miku-random-v2,interleaved_dynamic,12,MIKU,MIKU,1,1,0,0.1505394762383001,0.1782081028359226,14.0,14.0,1.0,3.1428572142857143,44.000001,1.6627708127426017,0.0,0.5252582745380223,0,0,10.19269399694167,1,0
miku-random-v2,interleaved_dynamic,13,B0,B0-TimeBlind,1,1,0,0.1422749183607765,0.5003549320755397,14.0,14.0,1.0,3.1428572142857143,44.000001,3.948226213629977,0.0,1.3949671499880916,0,0,33.272797998506576,1,1
miku-random-v2,interleaved_dynamic,13,B1,B1-TimeAwareGreedy,1,1,0,0.1422749183607765,0.5003549320755397,14.0,14.0,1.0,3.1428572142857143,44.000001,3.948226213629977,0.0,1.3949671499880916,0,0,32.68562100129202,1,1
miku-random-v2,interleaved_dynamic,13,B2,B2-IterativePVD,1,1,0,0.1422749183607765,0.5003549320755397,14.0,14.0,1.0,3.1428572142857143,44.000001,3.948226213629977,0.0,1.3949671499880916,0,0,98.2701719913166,3,1
miku-random-v2,interleaved_dynamic,13,MIKU,MIKU,1,1,0,0.20277722125252262,0.5444362475076113,14.0,14.0,1.0,3.1428572142857147,44.000001000000005,3.9678240712197916,0.0,1.4049415579174094,0,0,33.51552301319316,1,0
miku-random-v2,interleaved_dynamic,14,B0,B0-TimeBlind,1,1,0,0.11051182316588248,0.226172804998338,14.0,14.0,1.0,3.1428572142857143,44.000001,2.5285591738850317,0.0,0.8184084272733241,0,0,8.962975989561528,1,1
miku-random-v2,interleaved_dynamic,14,B1,B1-TimeAwareGreedy,0,0,0,0.12488176135739856,0.25529701200706634,,19.0,0.40909093181818185,1.2857143571428573,18.000001,2.518473670335717,0.0,0.7567040538333386,0,1,16.706437978427857,1,1
miku-random-v2,interleaved_dynamic,14,B2,B2-IterativePVD,1,1,0,0.11051182316588248,0.226172804998338,14.0,14.0,1.0,3.1428572142857143,44.000001,2.5285591738850317,0.0,0.8184084272733241,0,0,34.543738001957536,3,0
miku-random-v2,interleaved_dynamic,14,MIKU,MIKU,1,1,0,0.14040936459624903,0.27317407776813496,14.0,14.0,1.0,3.1428572142857143,44.000001,2.5414407107678345,0.0,0.8233570181964754,0,0,9.773590019904077,1,0
miku-random-v2,interleaved_dynamic,15,B0,B0-TimeBlind,1,1,0,0.11346912111284635,0.3257225182147845,14.0,14.0,1.0,3.1428572142857143,44.000001,2.9774039764630444,0.0,0.9997336449929829,0,0,12.762188009219244,1,1
miku-random-v2,interleaved_dynamic,15,B1,B1-TimeAwareGreedy,1,1,0,0.11346912111284635,0.3257225182147845,14.0,14.0,1.0,3.1428572142857143,44.000001,2.9774039764630444,0.0,0.9997336449929829,0,0,12.901002017315477,1,1
miku-random-v2,interleaved_dynamic,15,B2,B2-IterativePVD,1,1,0,0.11346912111284635,0.3257225182147845,14.0,14.0,1.0,3.1428572142857143,44.000001,2.9774039764630444,0.0,0.9997336449929829,0,0,38.75282299122773,3,1
miku-random-v2,interleaved_dynamic,15,MIKU,MIKU,1,1,0,0.20316162048329323,0.5552113006805848,14.0,14.0,1.0,3.1428572142857143,44.000001,3.0025268740515636,0.0,1.0052340956985961,0,0,14.122363005299121,1,0
miku-random-v2,interleaved_dynamic,16,B0,B0-TimeBlind,1,1,0,0.13559798155030375,0.5239130926635372,14.0,14.0,1.0,3.1428597434491112,44.000036408287556,3.800961509507696,0.0,1.3467892663285659,0,0,34.409298008540645,1,1
miku-random-v2,interleaved_dynamic,16,B1,B1-TimeAwareGreedy,1,1,0,0.15371163604210605,0.525157933127498,14.0,14.0,1.0,3.1429735646288606,44.00162990480405,3.8016602389697196,0.08203473256876688,1.3484290827709895,0,0,52.33810897334479,1,1
miku-random-v2,interleaved_dynamic,16,B2,B2-IterativePVD,1,1,0,0.15371163604210605,0.525157933127498,14.0,14.0,1.0,3.1429735646288606,44.00162990480405,3.8016602389697196,0.08203473256876688,1.3484290827709895,0,0,124.69214899465442,3,0
miku-random-v2,interleaved_dynamic,16,MIKU,MIKU,1,1,0,0.20215694136593576,0.5593737478188897,14.0,14.0,1.0,3.1428572142857223,44.00000100000011,3.8178694877960164,0.0,1.3564139975523706,0,0,27.194492024136707,1,0
miku-random-v2,interleaved_dynamic,17,B0,B0-TimeBlind,1,1,0,0.12664046382032593,0.5691712928228918,14.0,14.0,1.0,3.1428572142857143,44.000001,2.3233965766361466,0.0,0.7436450924667907,0,0,11.830984003609046,1,1
miku-random-v2,interleaved_dynamic,17,B1,B1-TimeAwareGreedy,1,1,0,0.12664046382032593,0.5691712928228918,14.0,14.0,1.0,3.1428572142857143,44.000001,2.3233965766361466,0.0,0.7436450924667907,0,0,11.764240014599636,1,1
miku-random-v2,interleaved_dynamic,17,B2,B2-IterativePVD,1,1,0,0.12664046382032593,0.5691712928228918,14.0,14.0,1.0,3.1428572142857143,44.000001,2.3233965766361466,0.0,0.7436450924667907,0,0,35.5318280053325,3,1
miku-random-v2,interleaved_dynamic,17,MIKU,MIKU,1,1,0,0.20132908298747287,0.7857393297339121,14.0,14.0,1.0,3.1428572142857143,44.000001,2.32877763199827,0.0,0.7443927137544749,0,0,13.667163002537563,1,0
miku-random-v2,interleaved_dynamic,18,B0,B0-TimeBlind,1,1,0,0.036763008950744795,0.1138688758950756,14.0,14.0,1.0,3.1428572142857143,44.000001,2.2588162339633167,0.0,0.7302739347222982,0,0,8.397580997552723,1,1
miku-random-v2,interleaved_dynamic,18,B1,B1-TimeAwareGreedy,1,1,0,0.19406125310230835,0.5421803348923688,14.0,14.0,1.0,3.1438305112015286,44.0136271568214,2.377768292584432,0.2048473098704824,0.7590540534906942,0,0,11.018277000403032,1,1
miku-random-v2,interleaved_dynamic,18,B2,B2-IterativePVD,1,1,0,0.19406125310230835,0.5421803348923688,14.0,14.0,1.0,3.1438305112015286,44.0136271568214,2.377768292584432,0.2048473098704824,0.7590540534906942,0,0,27.712009992683306,3,0
miku-random-v2,interleaved_dynamic,18,MIKU,MIKU,1,1,0,0.1328198349501915,0.2652231450402692,14.0,14.0,1.0,3.1428572142857143,44.000001,2.3007406344968024,0.0,0.7442183882246584,0,0,9.817434998694807,1,0
miku-random-v2,interleaved_dynamic,19,B0,B0-TimeBlind,1,1,0,0.1509357981084777,0.4421882852170517,14.0,14.0,1.0,3.1428572142857147,44.000001000000005,4.0,0.0,1.5485390039483036,0,0,27.30022999458015,1,1
miku-random-v2,interleaved_dynamic,19,B1,B1-TimeAwareGreedy,0,0,0,0.15093579810831353,0.4482754252453735,,19.0,0.40909093181818185,1.2857143571428635,18.00000100000009,4.000000000000001,0.0,1.533103833196006,0,1,25.46742299455218,1,1
miku-random-v2,interleaved_dynamic,19,B2,B2-IterativePVD,1,1,0,0.1509357981084777,0.4421882852170517,14.0,14.0,1.0,3.1428572142857147,44.000001000000005,4.0,0.0,1.5485390039483036,0,0,80.26711698039435,3,0
miku-random-v2,interleaved_dynamic,19,MIKU,MIKU,1,1,0,0.20070280304631555,0.4860615045448805,14.0,14.0,1.0,3.1428572142857143,44.000001,4.0,0.0,1.561735126192132,0,0,23.329212999669835,1,0
miku-random-v2,interleaved_dynamic,20,B0,B0-TimeBlind,0,1,1,0.010481199105139893,0.06255960374441968,14.0,19.0,1.0,3.1428572142857143,44.000001,1.6802435573945511,0.0,0.5252811639406519,0,0,8.177297015208751,1,1
miku-random-v2,interleaved_dynamic,20,B1,B1-TimeAwareGreedy,0,1,1,0.010481199105139893,0.06255960374441968,14.0,19.0,1.0,3.1428572142857143,44.000001,1.6802435573945511,0.0,0.5252811639406519,0,0,8.207670005504042,1,1
miku-random-v2,interleaved_dynamic,20,B2,B2-IterativePVD,0,1,1,0.010481199105139893,0.06255960374441968,14.0,19.0,1.0,3.1428572142857143,44.000001,1.6802435573945511,0.0,0.5252811639406519,0,0,27.010182995582,3,0
miku-random-v2,interleaved_dynamic,20,MIKU,MIKU,1,1,0,0.08617284155434035,0.18844200415392975,14.0,14.0,1.0,3.1428572142857143,44.000001,1.758641641889633,0.0,0.5534142260769254,0,0,10.029027005657554,1,0
miku-random-v2,interleaved_dynamic,21,B0,B0-TimeBlind,1,1,0,0.09153256401338251,0.1709150493469591,14.0,14.0,1.0,3.1428572142857143,44.000001,2.8937050421609474,0.0,0.9891243050454933,0,0,10.765305982204154,1,1
miku-random-v2,interleaved_dynamic,21,B1,B1-TimeAwareGreedy,1,1,0,0.1653801385305069,0.5268669314072505,14.0,14.0,1.0,3.143787201381534,44.01302081934147,2.9702747527371467,0.1797071418507167,1.0013382874695649,0,0,25.188364001223817,1,1
miku-random-v2,interleaved_dynamic,21,B2,B2-IterativePVD,1,1,0,0.1653801385305069,0.5268669314072505,14.0,14.0,1.0,3.143787201381534,44.01302081934147,2.9702747527371467,0.1797071418507167,1.0013382874695649,0,0,46.87088300124742,3,0
miku-random-v2,interleaved_dynamic,21,MIKU,MIKU,1,1,0,0.20699227207275225,0.36079188109933374,14.0,14.0,1.0,3.1428572142857143,44.000001,2.940368566815521,0.0,1.002137400799142,0,0,12.445772998034954,1,0
miku-random-v2,interleaved_dynamic,22,B0,B0-TimeBlind,1,1,0,0.10864197226189469,0.19707538395058474,14.0,14.0,1.0,3.1428572142857143,44.000001,2.099661472070935,0.0,0.6787369947365627,0,0,9.256591001758352,1,1
miku-random-v2,interleaved_dynamic,22,B1,B1-TimeAwareGreedy,1,1,0,0.16633449883046672,0.2603845534455615,14.0,14.0,1.0,3.143289644596202,44.00605502434683,2.2028472690277896,0.09437877246951862,0.7093578890422991,0,0,10.34834299935028,1,1
miku-random-v2,interleaved_dynamic,22,B2,B2-IterativePVD,1,1,0,0.16633449883046672,0.2603845534455615,14.0,14.0,1.0,3.143289644596202,44.00605502434683,2.2028472690277896,0.09437877246951862,0.7093578890422991,0,0,29.07575000426732,3,0
miku-random-v2,interleaved_dynamic,22,MIKU,MIKU,1,1,0,0.12411358414863015,0.23239346629378616,14.0,14.0,1.0,3.1428572142857143,44.000001,2.112543008953737,0.0,0.6836833596386539,0,0,10.423651023302227,1,0
miku-random-v2,interleaved_dynamic,23,B0,B0-TimeBlind,1,1,0,0.1500000000000008,0.5396903392312641,14.0,14.0,1.0,3.1428572142857143,44.000001,3.0895089455382494,0.0,0.9992057554874394,0,0,23.39809198747389,1,1
miku-random-v2,interleaved_dynamic,23,B1,B1-TimeAwareGreedy,1,1,0,0.1500000000000008,0.5396903392312641,14.0,14.0,1.0,3.1428572142857143,44.000001,3.0895089455382494,0.0,0.9992057554874394,0,0,23.06907798629254,1,1
miku-random-v2,interleaved_dynamic,23,B2,B2-IterativePVD,1,1,0,0.1500000000000008,0.5396903392312641,14.0,14.0,1.0,3.1428572142857143,44.000001,3.0895089455382494,0.0,0.9992057554874394,0,0,69.45732299936935,3,1
miku-random-v2,interleaved_dynamic,23,MIKU,MIKU,1,1,0,0.20157856888831072,0.5914359172233772,14.0,14.0,1.0,3.1428572142857143,44.000001,3.101638078112119,0.0,1.0048898717505754,0,0,31.495197996264324,1,0
miku-random-v2,interleaved_dynamic,24,B0,B0-TimeBlind,0,1,1,0.00033695810579414953,0.06219852962822553,14.0,19.0,1.0,3.1428572142857143,44.000001,2.081036383047254,0.0,0.6586096846071289,0,0,9.069564985111356,1,1
miku-random-v2,interleaved_dynamic,24,B1,B1-TimeAwareGreedy,0,1,1,0.00033695810579414953,0.06219852962822553,14.0,19.0,1.0,3.1428572142857143,44.000001,2.081036383047254,0.0,0.6586096846071289,0,0,9.156576998066157,1,1
miku-random-v2,interleaved_dynamic,24,B2,B2-IterativePVD,0,1,1,0.00033695810579414953,0.06219852962822553,14.0,19.0,1.0,3.1428572142857143,44.000001,2.081036383047254,0.0,0.6586096846071289,0,0,32.65856800135225,3,0
miku-random-v2,interleaved_dynamic,24,MIKU,MIKU,1,1,0,0.08916670031641116,0.1880327123595704,14.0,14.0,1.0,3.1428572142857143,44.000001,2.1714524466940257,0.0,0.690443560474982,0,0,10.431914997752756,1,0
miku-random-v2,interleaved_dynamic,25,B0,B0-TimeBlind,1,1,0,0.08470355626526858,0.12672998265886942,14.0,14.0,1.0,3.1428572142857143,44.000001,2.8651601747607316,0.0,0.9414358411171142,0,0,10.02110302215442,1,1
miku-random-v2,interleaved_dynamic,25,B1,B1-TimeAwareGreedy,1,1,0,0.16605408266289037,0.5406187745647437,14.0,14.0,1.0,3.1438522011433614,44.01393081600706,2.9701430616104276,0.18473836104560384,0.957552953454924,0,0,18.833790003554896,1,1
miku-random-v2,interleaved_dynamic,25,B2,B2-IterativePVD,1,1,0,0.16605408266289037,0.5406187745647437,14.0,14.0,1.0,3.1438522011433614,44.01393081600706,2.9701430616104276,0.18473836104560384,0.957552953454924,0,0,39.06992598786019,3,0
miku-random-v2,interleaved_dynamic,25,MIKU,MIKU,1,1,0,0.18962507216190266,0.2862902933133277,14.0,14.0,1.0,3.1428572142857143,44.000001,2.9155376277384777,0.0,0.9563070715532049,0,0,11.01461800863035,1,0
miku-random-v2,interleaved_dynamic,26,B0,B0-TimeBlind,1,1,0,0.08550432322398288,0.13934468631986194,14.0,14.0,1.0,3.1428572142857143,44.000001,2.5581747037142666,0.0,0.8664199742574099,0,0,10.191631998168305,1,1
miku-random-v2,interleaved_dynamic,26,B1,B1-TimeAwareGreedy,1,1,0,0.08550432322398288,0.13934468631986194,14.0,14.0,1.0,3.1428572142857143,44.000001,2.5581747037142666,0.0,0.8664199742574099,0,0,10.25085401488468,1,1
miku-random-v2,interleaved_dynamic,26,B2,B2-IterativePVD,1,1,0,0.08550432322398288,0.13934468631986194,14.0,14.0,1.0,3.1428572142857143,44.000001,2.5581747037142666,0.0,0.8664199742574099,0,0,30.867897003190592,3,1
miku-random-v2,interleaved_dynamic,26,MIKU,MIKU,1,1,0,0.19154001096215417,0.3076239155589548,14.0,14.0,1.0,3.1428572142857143,44.000001,2.6060455439280115,0.0,0.8813170579610838,0,0,11.42735400935635,1,0
miku-random-v2,interleaved_dynamic,27,B0,B0-TimeBlind,1,1,0,0.07315127544725131,0.17066143249889448,14.0,14.0,1.0,3.1428572142857143,44.000001,3.230018773634946,0.0,1.105879615032348,0,0,10.973555006785318,1,1
miku-random-v2,interleaved_dynamic,27,B1,B1-TimeAwareGreedy,1,1,0,0.07315127544725131,0.17066143249889448,14.0,14.0,1.0,3.1428572142857143,44.000001,3.230018773634946,0.0,1.105879615032348,0,0,11.0522220202256,1,1
miku-random-v2,interleaved_dynamic,27,B2,B2-IterativePVD,1,1,0,0.07315127544725131,0.17066143249889448,14.0,14.0,1.0,3.1428572142857143,44.000001,3.230018773634946,0.0,1.105879615032348,0,0,33.224019018234685,3,1
miku-random-v2,interleaved_dynamic,27,MIKU,MIKU,1,1,0,0.19000255297841603,0.3611949933531474,14.0,14.0,1.0,3.1428572142857143,44.000001,3.2816424537700337,0.0,1.1196655124612207,0,0,12.795327987987548,1,0
miku-random-v2,interleaved_dynamic,28,B0,B0-TimeBlind,1,1,0,0.0869631442421076,0.19885243989923393,14.0,14.0,1.0,3.1428572142857143,44.000001,2.0792165450220153,0.0,0.6592299218920786,0,0,9.508960996754467,1,1
miku-random-v2,interleaved_dynamic,28,B1,B1-TimeAwareGreedy,1,1,0,0.0869631442421076,0.19885243989923393,14.0,14.0,1.0,3.1428572142857143,44.000001,2.0792165450220153,0.0,0.6592299218920786,0,0,9.57057302002795,1,1
miku-random-v2,interleaved_dynamic,28,B2,B2-IterativePVD,1,1,0,0.0869631442421076,0.19885243989923393,14.0,14.0,1.0,3.1428572142857143,44.000001,2.0792165450220153,0.0,0.6592299218920786,0,0,28.852773015387356,3,1
miku-random-v2,interleaved_dynamic,28,MIKU,MIKU,1,1,0,0.10621777687915145,0.23458516097618395,14.0,14.0,1.0,3.1428572142857143,44.000001,2.0906842102992056,0.0,0.6636326936397214,0,0,10.006914002588019,1,0
miku-random-v2,interleaved_dynamic,29,B0,B0-TimeBlind,1,1,0,0.1484742649024109,0.5371176944654323,14.0,14.0,1.0,3.1428572142857143,44.000001,2.806286477611641,0.0,0.9484240704248881,0,0,23.45973497722298,1,1
miku-random-v2,interleaved_dynamic,29,B1,B1-TimeAwareGreedy,1,1,0,0.15324531125861762,0.5451767380910006,14.0,14.0,1.0,3.1432028903340443,44.00484046467662,2.807359487746953,0.1429223192547802,0.9485362424890216,0,0,56.31523099145852,1,1
miku-random-v2,interleaved_dynamic,29,B2,B2-IterativePVD,1,1,0,0.15324531125861762,0.5451767380910006,14.0,14.0,1.0,3.1432028903340443,44.00484046467662,2.807359487746953,0.1429223192547802,0.9485362424890216,0,0,103.60832998412661,3,1
miku-random-v2,interleaved_dynamic,29,MIKU,MIKU,1,1,0,0.20002562641036165,0.5880930223228514,14.0,14.0,1.0,3.1428572142857143,44.000001,2.820225673587446,0.0,0.9551486795037784,0,0,39.454140001907945,1,0
miku-random-v2,interleaved_dynamic,30,B0,B0-TimeBlind,1,1,0,0.09301304488406115,0.16744548096298567,14.0,14.0,1.0,3.1428572142857143,44.000001,1.915066180248303,0.0,0.6252346742718308,0,0,8.885223011020571,1,1
miku-random-v2,interleaved_dynamic,30,B1,B1-TimeAwareGreedy,1,1,0,0.09937369025701104,0.17574669344702376,14.0,14.0,1.0,3.1428889278665593,44.00044499013183,1.979832824783576,0.0196293642118617,0.6473911880837692,0,0,9.520068007986993,1,1
miku-random-v2,interleaved_dynamic,30,B2,B2-IterativePVD,1,1,0,0.09937369025701104,0.17574669344702376,14.0,14.0,1.0,3.1428889278665593,44.00044499013183,1.979832824783576,0.0196293642118617,0.6473911880837692,0,0,28.889381006592885,3,0
miku-random-v2,interleaved_dynamic,30,MIKU,MIKU,1,1,0,0.09301304488406115,0.19187936631936425,14.0,14.0,1.0,3.1428572142857143,44.000001,1.9314189041421266,0.0,0.6315723545956948,0,0,9.584954008460045,1,0
miku-random-v2,interleaved_dynamic,31,B0,B0-TimeBlind,1,1,0,0.08098000891148559,0.17641485488887862,14.0,14.0,1.0,3.1428572142857143,44.000001,2.862475863205271,0.0,0.934664647019252,0,0,10.657462989911437,1,1
miku-random-v2,interleaved_dynamic,31,B1,B1-TimeAwareGreedy,1,1,0,0.08098000891148559,0.17641485488887862,14.0,14.0,1.0,3.1428572142857143,44.000001,2.862475863205271,0.0,0.934664647019252,0,0,10.670920979464427,1,1
miku-random-v2,interleaved_dynamic,31,B2,B2-IterativePVD,1,1,0,0.08098000891148559,0.17641485488887862,14.0,14.0,1.0,3.1428572142857143,44.000001,2.862475863205271,0.0,0.934664647019252,0,0,32.026384986238554,3,1
miku-random-v2,interleaved_dynamic,31,MIKU,MIKU,1,1,0,0.18249727359723633,0.36642837089001584,14.0,14.0,1.0,3.1428572142857143,44.000001,2.895634751985111,0.0,0.9440649221106652,0,0,11.023967002984136,1,0
miku-random-v2,interleaved_dynamic,32,B0,B0-TimeBlind,1,1,0,0.11704426598273826,0.2847815536490706,14.0,14.0,1.0,3.1428572142857143,44.000001,2.661673774132554,0.0,0.8590364617751577,0,0,10.240948991850019,1,1
miku-random-v2,interleaved_dynamic,32,B1,B1-TimeAwareGreedy,1,1,0,0.11704426598273826,0.2847815536490706,14.0,14.0,1.0,3.1428572142857143,44.000001,2.661673774132554,0.0,0.8590364617751577,0,0,10.26329500018619,1,1
miku-random-v2,interleaved_dynamic,32,B2,B2-IterativePVD,1,1,0,0.11704426598273826,0.2847815536490706,14.0,14.0,1.0,3.1428572142857143,44.000001,2.661673774132554,0.0,0.8590364617751577,0,0,30.899569974280894,3,1
miku-random-v2,interleaved_dynamic,32,MIKU,MIKU,1,1,0,0.208321302787654,0.5544590749305476,14.0,14.0,1.0,3.1428572142857143,44.000001,2.6799353096990735,0.0,0.8634375993196735,0,0,11.192405014298856,1,0
miku-random-v2,interleaved_dynamic,33,B0,B0-TimeBlind,1,1,0,0.10072734518492293,0.18566727620346,14.0,14.0,1.0,3.1428572142857143,44.000001,3.109212281526791,0.0,1.0371855183036778,0,0,9.730279998620972,1,1
miku-random-v2,interleaved_dynamic,33,B1,B1-TimeAwareGreedy,0,0,0,0.10281156741413958,0.19173195921112496,,19.0,0.37500002272727273,1.1785715000000003,16.500001000000005,3.1146653676874125,0.0,0.9899253446033287,0,1,23.960709979292005,1,1
miku-random-v2,interleaved_dynamic,33,B2,B2-IterativePVD,1,1,0,0.10072734518492293,0.18566727620346,14.0,14.0,1.0,3.1428572142857143,44.000001,3.109212281526791,0.0,1.0371855183036778,0,0,44.185511011164635,3,0
miku-random-v2,interleaved_dynamic,33,MIKU,MIKU,1,1,0,0.11631497578739307,0.2180816317177377,14.0,14.0,1.0,3.1428572142857143,44.000001,3.127707123910709,0.0,1.04452411172818,0,0,10.493750014575198,1,0
miku-random-v2,interleaved_dynamic,34,B0,B0-TimeBlind,1,1,0,0.15000000000000435,0.46485639321413885,14.0,14.0,1.0,3.1428572142857143,44.000001,4.0,0.0,1.4437908135046107,0,0,39.267742016818374,1,1
miku-random-v2,interleaved_dynamic,34,B1,B1-TimeAwareGreedy,0,0,0,0.14999999999992797,0.4785631249868166,,19.0,0.3977272954545455,1.2500000714285744,17.50000100000004,3.9999999999999996,0.0,1.426948750852411,0,1,39.99061300419271,1,1
miku-random-v2,interleaved_dynamic,34,B2,B2-IterativePVD,1,1,0,0.15000000000000435,0.46485639321413885,14.0,14.0,1.0,3.1428572142857143,44.000001,4.0,0.0,1.4437908135046107,0,0,118.43358000623994,3,0
miku-random-v2,interleaved_dynamic,34,MIKU,MIKU,1,1,0,0.20031945332063517,0.5075686822548938,14.0,14.0,1.0,3.1428580204214565,44.00001228590039,4.000000014782418,0.0,1.4536165149122884,0,0,29.44236801704392,1,0
miku-random-v2,interleaved_dynamic,35,B0,B0-TimeBlind,1,1,0,0.13263935187295117,0.16585327362191396,14.0,14.0,1.0,3.1428572142857143,44.000001,2.185326695842998,0.0,0.7359072666486035,0,0,10.258366994094104,1,1
miku-random-v2,interleaved_dynamic,35,B1,B1-TimeAwareGreedy,1,1,0,0.24107272171281727,0.31786846858929485,14.0,14.0,1.0,3.1436373801824047,44.010923322553666,2.4568389998406723,0.13168688964740335,0.8230410919340496,0,0,10.619492997648194,1,1
miku-random-v2,interleaved_dynamic,35,B2,B2-IterativePVD,1,1,0,0.24107272171281727,0.31786846858929485,14.0,14.0,1.0,3.1436373801824047,44.010923322553666,2.4568389998406723,0.13168688964740335,0.8230410919340496,0,0,31.266791018424556,3,0
miku-random-v2,interleaved_dynamic,35,MIKU,MIKU,1,1,0,0.13263935187295117,0.19007502567971274,14.0,14.0,1.0,3.1428572142857143,44.000001,2.205479934904563,0.0,0.7438333994908486,0,0,10.217042989097536,1,0
miku-random-v2,interleaved_dynamic,36,B0,B0-TimeBlind,1,1,0,0.1499523025698175,0.4866816377611163,14.0,14.0,1.0,3.142857211251813,44.00000095752539,3.6617475708829956,0.0,1.2849511108594514,0,0,33.354693005094305,1,1
miku-random-v2,interleaved_dynamic,36,B1,B1-TimeAwareGreedy,1,1,0,0.15214832063250094,0.4944333147669825,14.0,14.0,1.0,3.143134770790887,44.00388679107242,3.6632303985098558,0.12704848481584435,1.2846377182453859,0,0,39.6816190041136,1,1
miku-random-v2,interleaved_dynamic,36,B2,B2-IterativePVD,1,1,0,0.1499523025698175,0.4866816377611163,14.0,14.0,1.0,3.142857211251813,44.00000095752539,3.6617475708829956,0.0,1.2849511108594514,0,0,110.01557600684464,3,0
miku-random-v2,interleaved_dynamic,36,MIKU,MIKU,1,1,0,0.20005771341362655,0.5294492250708828,14.0,14.0,1.0,3.1428572190962094,44.00000106734693,3.678956553913283,0.0,1.2936084116648412,0,0,40.70627599139698,1,0
miku-random-v2,interleaved_dynamic,37,B0,B0-TimeBlind,1,1,0,0.09627107511567183,0.25157988434008155,14.0,14.0,1.0,3.1428572142857143,44.000001,3.125103361401318,0.0,1.0868285500708548,0,0,11.488665011711419,1,1
miku-random-v2,interleaved_dynamic,37,B1,B1-TimeAwareGreedy,1,1,0,0.15594751309352894,0.5027206309352633,14.0,14.0,1.0,3.14326249357573,44.00567491006022,3.1749839611949255,0.15017555914117936,1.101166621595055,0,0,18.521034013247117,1,1
miku-random-v2,interleaved_dynamic,37,B2,B2-IterativePVD,1,1,0,0.15594751309352894,0.5027206309352633,14.0,14.0,1.0,3.14326249357573,44.00567491006022,3.1749839611949255,0.15017555914117936,1.101166621595055,0,0,41.65726201608777,3,0
miku-random-v2,interleaved_dynamic,37,MIKU,MIKU,1,1,0,0.19123601364492424,0.48355651297520785,14.0,14.0,1.0,3.1428572142857143,44.000001,3.1617650891071096,0.0,1.0973412716940036,0,0,14.228569983970374,1,0
miku-random-v2,interleaved_dynamic,38,B0,B0-TimeBlind,1,1,0,0.1390947266806783,0.5647114728112631,14.0,14.0,1.0,3.1428572142857143,44.000001,2.759989265537641,0.0,0.9129735879842203,0,0,13.388900988502428,1,1
miku-random-v2,interleaved_dynamic,38,B1,B1-TimeAwareGreedy,1,1,0,0.1531547786834905,0.548155731169292,14.0,14.0,1.0,3.1429155707014798,44.00081798982072,2.7587932301014195,0.06020341320666984,0.9081172975180488,0,0,20.164058019872755,1,1
miku-random-v2,interleaved_dynamic,38,B2,B2-IterativePVD,1,1,0,0.1531547786834905,0.548155731169292,14.0,14.0,1.0,3.1429155707014798,44.00081798982072,2.7587932301014195,0.06020341320666984,0.9081172975180488,0,0,47.220748994732276,3,0
miku-random-v2,interleaved_dynamic,38,MIKU,MIKU,1,1,0,0.20484010699368413,0.6080961463013379,14.0,14.0,1.0,3.1428572142857143,44.000001,2.769853886652705,0.0,0.9145234177886827,0,0,20.626954996259883,1,0
miku-random-v2,interleaved_dynamic,39,B0,B0-TimeBlind,1,1,0,0.048641967593815755,0.09686843277792671,14.0,14.0,1.0,3.1428572142857143,44.000001,3.0241188523026303,0.0,1.0241967042482334,0,0,10.530327999731526,1,1
miku-random-v2,interleaved_dynamic,39,B1,B1-TimeAwareGreedy,1,1,0,0.19184364260763043,0.47462575488006425,14.0,14.0,1.0,3.143752758362645,44.01253861707703,3.216557198797894,0.2085363815304665,1.0707096984719935,0,0,16.31839299807325,1,1
miku-random-v2,interleaved_dynamic,39,B2,B2-IterativePVD,1,1,0,0.19184364260763043,0.47462575488006425,14.0,14.0,1.0,3.143752758362645,44.01253861707703,3.216557198797894,0.2085363815304665,1.0707096984719935,0,0,37.73682899191044,3,0
miku-random-v2,interleaved_dynamic,39,MIKU,MIKU,1,1,0,0.16356263572654636,0.2410292542560788,14.0,14.0,1.0,3.1428572142857143,44.000001,3.104318784215065,0.0,1.0498248934485261,0,0,11.523466993821785,1,0
miku-random-v2,interleaved_dynamic,40,B0,B0-TimeBlind,1,1,0,0.06930102885145828,0.1599320133410379,14.0,14.0,1.0,3.1428572142857143,44.000001,3.3583114625098736,0.0,1.1425168925591571,0,0,11.260705010499805,1,1
miku-random-v2,interleaved_dynamic,40,B1,B1-TimeAwareGreedy,1,1,0,0.06930102885145828,0.1599320133410379,14.0,14.0,1.0,3.1428572142857143,44.000001,3.3583114625098736,0.0,1.1425168925591571,0,0,11.279855010798201,1,1
miku-random-v2,interleaved_dynamic,40,B2,B2-IterativePVD,1,1,0,0.06930102885145828,0.1599320133410379,14.0,14.0,1.0,3.1428572142857143,44.000001,3.3583114625098736,0.0,1.1425168925591571,0,0,34.15030601900071,3,1
miku-random-v2,interleaved_dynamic,40,MIKU,MIKU,1,1,0,0.18341868573495265,0.34276129513434883,14.0,14.0,1.0,3.1428572142857143,44.000001,3.4129575223208173,0.0,1.157034255263222,0,0,13.001293991692364,1,0
miku-random-v2,interleaved_dynamic,41,B0,B0-TimeBlind,1,1,0,0.14901086669521296,0.4402015368286919,14.0,14.0,1.0,3.1428572142857143,44.000001,4.0,0.0,1.5264372747276589,0,0,16.573728993535042,1,1
miku-random-v2,interleaved_dynamic,41,B1,B1-TimeAwareGreedy,1,1,0,0.15015017612451098,0.45311010075629093,14.0,14.0,1.0,3.143879849526761,44.01431789337465,3.99999995350766,0.2185744730964799,1.5326998091389987,0,0,54.33433500002138,1,1
miku-random-v2,interleaved_dynamic,41,B2,B2-IterativePVD,1,1,0,0.15015017612451098,0.45311010075629093,14.0,14.0,1.0,3.143879849526761,44.01431789337465,3.99999995350766,0.2185744730964799,1.5326998091389987,0,0,88.1997540127486,3,1
miku-random-v2,interleaved_dynamic,41,MIKU,MIKU,1,1,0,0.20909598136141716,0.49012134635219906,14.0,14.0,1.0,3.1428572142857143,44.000001,4.0,0.0,1.5426821826824153,0,0,22.492671007057652,1,0
miku-random-v2,interleaved_dynamic,42,B0,B0-TimeBlind,1,1,0,0.09698291905841358,0.23087673941594034,14.0,14.0,1.0,3.1428572142857143,44.000001,2.9847577248639228,0.0,0.9919128728872904,0,0,10.912283003563061,1,1
miku-random-v2,interleaved_dynamic,42,B1,B1-TimeAwareGreedy,0,0,0,0.10545006956336873,0.2649531199295217,,19.0,0.44318184090909085,1.392857214285714,19.500000999999997,2.9781555207161516,0.0,0.9488828630120977,0,1,19.465998018858954,1,1
miku-random-v2,interleaved_dynamic,42,B2,B2-IterativePVD,1,1,0,0.09698291905841358,0.23087673941594034,14.0,14.0,1.0,3.1428572142857143,44.000001,2.9847577248639228,0.0,0.9919128728872904,0,0,41.66522098239511,3,0
miku-random-v2,interleaved_dynamic,42,MIKU,MIKU,1,1,0,0.1956361113962269,0.46285061631102603,14.0,14.0,1.0,3.1428572142857143,44.000001,3.016340731135516,0.0,0.9996058150679697,0,0,12.737507000565529,1,0
miku-random-v2,interleaved_dynamic,43,B0,B0-TimeBlind,1,1,0,0.06551541747461953,0.054005073240926724,14.0,14.0,1.0,3.1428572142857143,44.000001,1.615176016262974,0.0,0.5018811177909737,0,0,8.38113299687393,1,1
miku-random-v2,interleaved_dynamic,43,B1,B1-TimeAwareGreedy,0,0,0,1.9595518097281488,1.4303049914674133,,19.0,0.28409093253963713,0.8928644637976031,12.500102493166443,2.359952666633369,0.0,0.7150019739047463,0,1,17.069740017177537,1,1
miku-random-v2,interleaved_dynamic,43,B2,B2-IterativePVD,1,1,0,0.06551541747461953,0.054005073240926724,14.0,14.0,1.0,3.1428572142857143,44.000001,1.615176016262974,0.0,0.5018811177909737,0,0,35.842501994920895,3,0
miku-random-v2,interleaved_dynamic,43,MIKU,MIKU,1,1,0,0.14963506093358103,0.17627339347002674,14.0,14.0,1.0,3.1428572142857143,44.000001,1.7158236080149964,0.0,0.5383629980935193,0,0,9.292339003877714,1,0
miku-random-v2,interleaved_dynamic,44,B0,B0-TimeBlind,1,1,0,0.12805497424711243,0.16569108465903887,14.0,14.0,1.0,3.1428572142857143,44.000001,2.5542006689610632,0.0,0.8531428855855552,0,0,8.397346013225615,1,1
miku-random-v2,interleaved_dynamic,44,B1,B1-TimeAwareGreedy,1,1,0,0.12805497424711243,0.16569108465903887,14.0,14.0,1.0,3.1428572142857143,44.000001,2.5542006689610632,0.0,0.8531428855855552,0,0,8.436881995294243,1,1
miku-random-v2,interleaved_dynamic,44,B2,B2-IterativePVD,1,1,0,0.12805497424711243,0.16569108465903887,14.0,14.0,1.0,3.1428572142857143,44.000001,2.5542006689610632,0.0,0.8531428855855552,0,0,25.643314991611987,3,1
miku-random-v2,interleaved_dynamic,44,MIKU,MIKU,1,1,0,0.1281312426781365,0.19004160507887766,14.0,14.0,1.0,3.1428572142857143,44.000001,2.5739193010394437,0.0,0.8610435282659198,0,0,10.252790991216898,1,0
miku-random-v2,interleaved_dynamic,45,B0,B0-TimeBlind,1,1,0,0.025722855079948648,0.0470067441243605,14.0,14.0,1.0,3.1428572142857143,44.000001,1.7775338510498437,0.0,0.548422679005903,0,0,10.878792993025854,1,1
miku-random-v2,interleaved_dynamic,45,B1,B1-TimeAwareGreedy,0,0,0,1.994928265881022,1.3295330627209951,,19.0,0.2840909319282143,0.8928587209195143,12.5000220928732,2.7377911532469956,0.0,0.8600337899349644,0,1,62.55275500006974,1,1
miku-random-v2,interleaved_dynamic,45,B2,B2-IterativePVD,1,1,0,0.025722855079948648,0.0470067441243605,14.0,14.0,1.0,3.1428572142857143,44.000001,1.7775338510498437,0.0,0.548422679005903,0,0,83.87421400402673,3,0
miku-random-v2,interleaved_dynamic,45,MIKU,MIKU,1,1,0,0.1605029311166064,0.16526849499276833,14.0,14.0,1.0,3.1428572142857143,44.000001,1.9026779256325668,0.0,0.6019553250737575,0,0,10.12438497855328,1,0
miku-random-v2,interleaved_dynamic,46,B0,B0-TimeBlind,1,1,0,0.14994148778224536,0.5451474492790452,14.0,14.0,1.0,3.1428572066450644,44.0000008930309,2.961549690928503,0.0,0.9616789247496295,0,0,22.87775097647682,1,1
miku-random-v2,interleaved_dynamic,46,B1,B1-TimeAwareGreedy,1,1,0,0.14994148778224536,0.5451474492790452,14.0,14.0,1.0,3.1428572066450644,44.0000008930309,2.961549690928503,0.0,0.9616789247496295,0,0,22.839345008833334,1,1
miku-random-v2,interleaved_dynamic,46,B2,B2-IterativePVD,1,1,0,0.14994148778224536,0.5451474492790452,14.0,14.0,1.0,3.1428572066450644,44.0000008930309,2.961549690928503,0.0,0.9616789247496295,0,0,68.92667198553681,3,1
miku-random-v2,interleaved_dynamic,46,MIKU,MIKU,1,1,0,0.20003001339504012,0.59539187274236,14.0,14.0,1.0,3.14285721379674,44.00000099315436,2.9730196215812636,0.0,0.9669737153654189,0,0,19.60923700244166,1,0
miku-random-v2,interleaved_dynamic,47,B0,B0-TimeBlind,1,1,0,0.05129002616686374,0.14126517252060672,14.0,14.0,1.0,3.1428572142857143,44.000001,2.2485285426605,0.0,0.7258582304458474,0,0,9.172387974103913,1,1
miku-random-v2,interleaved_dynamic,47,B1,B1-TimeAwareGreedy,1,1,0,0.05129002616686374,0.14126517252060672,14.0,14.0,1.0,3.1428572142857143,44.000001,2.2485285426605,0.0,0.7258582304458474,0,0,9.11237599211745,1,1
miku-random-v2,interleaved_dynamic,47,B2,B2-IterativePVD,1,1,0,0.05129002616686374,0.14126517252060672,14.0,14.0,1.0,3.1428572142857143,44.000001,2.2485285426605,0.0,0.7258582304458474,0,0,27.56595698883757,3,1
miku-random-v2,interleaved_dynamic,47,MIKU,MIKU,1,1,0,0.1458793624642429,0.30750603767067775,14.0,14.0,1.0,3.1428572142857143,44.000001,2.281126780634363,0.0,0.7358472779387913,0,0,9.513541008345783,1,0
miku-random-v2,interleaved_dynamic,48,B0,B0-TimeBlind,1,1,0,0.07138114603206525,0.06493634844454861,14.0,14.0,1.0,3.1428572142857143,44.000001,2.6203337827662536,0.0,0.8616081933698573,0,0,10.77696299762465,1,1
miku-random-v2,interleaved_dynamic,48,B1,B1-TimeAwareGreedy,1,1,0,0.15462038994622132,0.19280007322224943,14.0,14.0,1.0,3.1430794365884216,44.0031121122379,2.83897443930414,0.0681967778080884,0.9330639390057424,0,0,10.601543996017426,1,1
miku-random-v2,interleaved_dynamic,48,B2,B2-IterativePVD,1,1,0,0.15462038994622132,0.19280007322224943,14.0,14.0,1.0,3.1430794365884216,44.0031121122379,2.83897443930414,0.0681967778080884,0.9330639390057424,0,0,31.717812991701066,3,0
miku-random-v2,interleaved_dynamic,48,MIKU,MIKU,1,1,0,0.1628040189643079,0.19248492509745585,14.0,14.0,1.0,3.1428572142857143,44.000001,2.729305970468154,0.0,0.8991744706750012,0,0,10.990914015565068,1,0
miku-random-v2,interleaved_dynamic,49,B0,B0-TimeBlind,1,1,0,0.07626833865246502,0.1359350715784432,14.0,14.0,1.0,3.1428572142857143,44.000001,3.309755761609129,0.0,1.1192644855112455,0,0,11.388771003112197,1,1
miku-random-v2,interleaved_dynamic,49,B1,B1-TimeAwareGreedy,1,1,0,0.07626833865246502,0.1359350715784432,14.0,14.0,1.0,3.1428572142857143,44.000001,3.309755761609129,0.0,1.1192644855112455,0,0,11.504308000439778,1,1
miku-random-v2,interleaved_dynamic,49,B2,B2-IterativePVD,1,1,0,0.07626833865246502,0.1359350715784432,14.0,14.0,1.0,3.1428572142857143,44.000001,3.309755761609129,0.0,1.1192644855112455,0,0,34.29014497669414,3,1
miku-random-v2,interleaved_dynamic,49,MIKU,MIKU,1,1,0,0.19095001447565865,0.30271627871964835,14.0,14.0,1.0,3.1428572142857143,44.000001,3.369907255114435,0.0,1.1362408256499683,0,0,12.754367984598503,1,0
miku-random-v2,interleaved_dynamic,50,B0,B0-TimeBlind,1,1,0,0.14999999999999902,0.5829997977098386,14.0,14.0,1.0,3.1428572142857143,44.000001,2.686763361044076,0.0,0.8700065731530601,0,0,21.06686300248839,1,1
miku-random-v2,interleaved_dynamic,50,B1,B1-TimeAwareGreedy,0,0,0,0.14999999999999725,0.6018174300841121,,19.0,0.3977272954545455,1.2500000714285717,17.500001000000005,2.6822461332244747,0.0,0.8327185486539158,0,1,22.110991994850338,1,1
miku-random-v2,interleaved_dynamic,50,B2,B2-IterativePVD,1,1,0,0.14999999999999902,0.5829997977098386,14.0,14.0,1.0,3.1428572142857143,44.000001,2.686763361044076,0.0,0.8700065731530601,0,0,65.18838097690605,3,0
miku-random-v2,interleaved_dynamic,50,MIKU,MIKU,1,1,0,0.20044470284609917,0.6122301049160892,14.0,14.0,1.0,3.1428572137973907,44.00000099316347,2.6937703428168156,0.0,0.8718626624113928,0,0,19.889430986950174,1,0
miku-random-v2,interleaved_dynamic,51,B0,B0-TimeBlind,1,1,0,0.07163901030673735,0.1850618898468598,14.0,14.0,1.0,3.1428572142857143,44.000001,2.478115558815497,0.0,0.802213596124759,0,0,9.314622002420947,1,1
miku-random-v2,interleaved_dynamic,51,B1,B1-TimeAwareGreedy,1,1,0,0.07163901030673735,0.1850618898468598,14.0,14.0,1.0,3.1428572142857143,44.000001,2.478115558815497,0.0,0.802213596124759,0,0,9.387842001160607,1,1
miku-random-v2,interleaved_dynamic,51,B2,B2-IterativePVD,1,1,0,0.07163901030673735,0.1850618898468598,14.0,14.0,1.0,3.1428572142857143,44.000001,2.478115558815497,0.0,0.802213596124759,0,0,28.32378598395735,3,1
miku-random-v2,interleaved_dynamic,51,MIKU,MIKU,1,1,0,0.1568859600378599,0.3788215020619814,14.0,14.0,1.0,3.1428572142857143,44.000001,2.505052172868828,0.0,0.8097260123671366,0,0,10.53709100233391,1,0
miku-random-v2,interleaved_dynamic,52,B0,B0-TimeBlind,0,1,1,0.011872824612242816,0.06540457180080186,14.0,19.0,1.0,3.1428572142857143,44.000001,2.077970378353354,0.0,0.6819137950860261,0,0,9.210280986735597,1,1
miku-random-v2,interleaved_dynamic,52,B1,B1-TimeAwareGreedy,1,1,0,0.20800836446278803,0.36606975230369515,14.0,14.0,1.0,3.143938277818344,44.015135889456815,2.429547796519942,0.1492793164705679,0.7942994338530405,0,0,10.14951299293898,1,1
miku-random-v2,interleaved_dynamic,52,B2,B2-IterativePVD,1,1,0,0.20800836446278803,0.36606975230369515,14.0,14.0,1.0,3.143938277818344,44.015135889456815,2.429547796519942,0.1492793164705679,0.7942994338530405,0,0,29.319671011762694,3,0
miku-random-v2,interleaved_dynamic,52,MIKU,MIKU,1,1,0,0.09348788509343414,0.19341519281418082,14.0,14.0,1.0,3.1428572142857143,44.000001,2.1772450992635246,0.0,0.7171567830309141,0,0,9.895513008814305,1,0
miku-random-v2,interleaved_dynamic,53,B0,B0-TimeBlind,1,1,0,0.07956855500436569,0.15212723037245043,14.0,14.0,1.0,3.1428572142857143,44.000001,3.242021876195877,0.0,1.134336867937134,0,0,11.128518002806231,1,1
miku-random-v2,interleaved_dynamic,53,B1,B1-TimeAwareGreedy,1,1,0,0.13652916535429147,0.26458761180508544,14.0,14.0,1.0,3.1428680983632407,44.00015337708537,3.2853595420907786,0.021580952663606417,1.1444754726131483,0,0,12.37494297674857,1,1
miku-random-v2,interleaved_dynamic,53,B2,B2-IterativePVD,1,1,0,0.13652916535429147,0.26458761180508544,14.0,14.0,1.0,3.1428680983632407,44.00015337708537,3.2853595420907786,0.021580952663606417,1.1444754726131483,0,0,34.79422000236809,3,0
miku-random-v2,interleaved_dynamic,53,MIKU,MIKU,1,1,0,0.19881131805293098,0.331533962845145,14.0,14.0,1.0,3.1428572142857143,44.000001,3.3055127811523315,0.0,1.1524944309984197,0,0,12.772426998708397,1,0
miku-random-v2,interleaved_dynamic,54,B0,B0-TimeBlind,1,1,0,0.10618752664598102,0.2642052891118734,14.0,14.0,1.0,3.1428572142857143,44.000001,2.441187575181286,0.0,0.8136185559831408,0,0,12.321417016210034,1,1
miku-random-v2,interleaved_dynamic,54,B1,B1-TimeAwareGreedy,1,1,0,0.10618752664598102,0.2642052891118734,14.0,14.0,1.0,3.1428572142857143,44.000001,2.441187575181286,0.0,0.8136185559831408,0,0,12.448791996575892,1,1
miku-random-v2,interleaved_dynamic,54,B2,B2-IterativePVD,1,1,0,0.10618752664598102,0.2642052891118734,14.0,14.0,1.0,3.1428572142857143,44.000001,2.441187575181286,0.0,0.8136185559831408,0,0,37.30634102248587,3,1
miku-random-v2,interleaved_dynamic,54,MIKU,MIKU,1,1,0,0.20072511825855843,0.5191055236905149,14.0,14.0,1.0,3.1428572142857143,44.000001,2.461940807780708,0.0,0.8192292391666885,0,0,12.359584012301639,1,0
miku-random-v2,interleaved_dynamic,55,B0,B0-TimeBlind,1,1,0,0.1384605977878226,0.5665736694353091,14.0,14.0,1.0,3.1428572142857143,44.000001,2.8552182225174993,0.0,0.9244273943436169,0,0,15.588732989272103,1,1
miku-random-v2,interleaved_dynamic,55,B1,B1-TimeAwareGreedy,1,1,0,0.1384605977878226,0.5665736694353091,14.0,14.0,1.0,3.1428572142857143,44.000001,2.8552182225174993,0.0,0.9244273943436169,0,0,15.685838006902486,1,1
miku-random-v2,interleaved_dynamic,55,B2,B2-IterativePVD,1,1,0,0.1384605977878226,0.5665736694353091,14.0,14.0,1.0,3.1428572142857143,44.000001,2.8552182225174993,0.0,0.9244273943436169,0,0,46.956407983088866,3,1
miku-random-v2,interleaved_dynamic,55,MIKU,MIKU,1,1,0,0.20020446442421325,0.6020144947479391,14.0,14.0,1.0,3.1428572142857143,44.000001,2.8645213322614325,0.0,0.9262278228734883,0,0,22.00812700903043,1,0
miku-random-v2,interleaved_dynamic,56,B0,B0-TimeBlind,0,1,1,0.018295028035203664,0.05051042555560451,14.0,19.0,1.0,3.1428572142857143,44.000001,1.4288743659856888,0.0,0.4374696868758784,0,0,8.723355014808476,1,1
miku-random-v2,interleaved_dynamic,56,B1,B1-TimeAwareGreedy,0,0,0,1.981305727038409,1.4756427773203598,,19.0,0.28409093214522707,0.8928611999521516,12.500056799330123,2.2151389658534084,0.0,0.6608190757524173,0,1,28.2016709970776,1,1
miku-random-v2,interleaved_dynamic,56,B2,B2-IterativePVD,0,1,1,0.018295028035203664,0.05051042555560451,14.0,19.0,1.0,3.1428572142857143,44.000001,1.4288743659856888,0.0,0.4374696868758784,0,0,47.39138900185935,3,0
miku-random-v2,interleaved_dynamic,56,MIKU,MIKU,1,1,0,0.10724544281578607,0.1712537022181934,14.0,14.0,1.0,3.1428572142857143,44.000001,1.5349328409014207,0.0,0.47615668643173675,0,0,8.958286984125152,1,0
miku-random-v2,interleaved_dynamic,57,B0,B0-TimeBlind,1,1,0,0.1500000000000008,0.5228749733814526,14.0,14.0,1.0,3.1428572142857143,44.000001,3.3326745374808087,0.0,1.0918267710473446,0,0,19.34622199041769,1,1
miku-random-v2,interleaved_dynamic,57,B1,B1-TimeAwareGreedy,1,1,0,0.17444899434161815,0.575894767528185,14.0,14.0,1.0,3.1440305057481774,44.016427080474486,3.344607198790405,0.12204601600816839,1.0945970333236792,0,0,27.739565004594624,1,1
miku-random-v2,interleaved_dynamic,57,B2,B2-IterativePVD,1,1,0,0.17444899434161815,0.575894767528185,14.0,14.0,1.0,3.1440305057481774,44.016427080474486,3.344607198790405,0.12204601600816839,1.0945970333236792,0,0,68.02115001482889,3,0
miku-random-v2,interleaved_dynamic,57,MIKU,MIKU,1,1,0,0.2035135126837937,0.5740233402179968,14.0,14.0,1.0,3.1428572142857143,44.000001,3.3467261550733594,0.0,1.0984668217550566,0,0,27.17684200615622,1,0
miku-random-v2,interleaved_dynamic,58,B0,B0-TimeBlind,1,1,0,0.13927680808351497,0.42054686088120363,14.0,14.0,1.0,3.1428572142857143,44.000001,2.2337050125095512,0.0,0.7313215692827716,0,0,11.015220981789753,1,1
miku-random-v2,interleaved_dynamic,58,B1,B1-TimeAwareGreedy,1,1,0,0.17097067560572796,0.7376673005974478,14.0,14.0,1.0,3.1432676180776156,44.00574665308662,2.232455750688412,0.12073779674679357,0.7233293507032516,0,0,15.15449900762178,1,1
miku-random-v2,interleaved_dynamic,58,B2,B2-IterativePVD,1,1,0,0.17097067560572796,0.7376673005974478,14.0,14.0,1.0,3.1432676180776156,44.00574665308662,2.232455750688412,0.12073779674679357,0.7233293507032516,0,0,36.994619003962725,3,0
miku-random-v2,interleaved_dynamic,58,MIKU,MIKU,1,1,0,0.18162677499291513,0.547026075391645,14.0,14.0,1.0,3.1428572142857143,44.000001,2.2433040561641935,0.0,0.7349760747296488,0,0,12.178084987681359,1,0
miku-random-v2,interleaved_dynamic,59,B0,B0-TimeBlind,1,1,0,0.0369458512914449,0.07844856827309778,14.0,14.0,1.0,3.1428572142857143,44.000001,1.4760971288579727,0.0,0.4326800925131251,0,0,8.289410994620994,1,1
miku-random-v2,interleaved_dynamic,59,B1,B1-TimeAwareGreedy,0,0,0,1.9279508739719788,1.4300033479846348,,19.0,0.2954545691071964,0.9285789124749411,13.000104774649175,2.1748203678044513,0.0,0.6403367311416476,0,1,17.17352299601771,1,1
miku-random-v2,interleaved_dynamic,59,B2,B2-IterativePVD,1,1,0,0.0369458512914449,0.07844856827309778,14.0,14.0,1.0,3.1428572142857143,44.000001,1.4760971288579727,0.0,0.4326800925131251,0,0,35.19236602005549,3,0
miku-random-v2,interleaved_dynamic,59,MIKU,MIKU,1,1,0,0.09767520822714924,0.20970767934429627,14.0,14.0,1.0,3.1428572142857143,44.000001,1.511061507878153,0.0,0.44493072207124296,0,0,8.957427024142817,1,0
miku-random-v2,interleaved_dynamic,60,B0,B0-TimeBlind,1,1,0,0.12653734566634617,0.1921674772514329,14.0,14.0,1.0,3.1428572142857143,44.000001,2.2581822043406303,0.0,0.756069837772036,0,0,10.468773019965738,1,1
miku-random-v2,interleaved_dynamic,60,B1,B1-TimeAwareGreedy,1,1,0,0.18766835653502661,0.347788188904701,14.0,14.0,1.0,3.143281070843121,44.0059349918037,2.3922292871399344,0.08267641788043086,0.7955102575176225,0,0,10.995010990882292,1,1
miku-random-v2,interleaved_dynamic,60,B2,B2-IterativePVD,1,1,0,0.18766835653502661,0.347788188904701,14.0,14.0,1.0,3.143281070843121,44.0059349918037,2.3922292871399344,0.08267641788043086,0.7955102575176225,0,0,32.24336201674305,3,0
miku-random-v2,interleaved_dynamic,60,MIKU,MIKU,1,1,0,0.13893954839069042,0.22625169955336166,14.0,14.0,1.0,3.1428572142857143,44.000001,2.2745349282344516,0.0,0.7624705845502001,0,0,11.075351008912548,1,0
miku-random-v2,interleaved_dynamic,61,B0,B0-TimeBlind,1,1,0,0.01864263174076819,0.08276311095563603,14.0,14.0,1.0,3.1428572142857143,44.000001,2.2694971992098685,0.0,0.7640960008138755,0,0,9.613409987650812,1,1
miku-random-v2,interleaved_dynamic,61,B1,B1-TimeAwareGreedy,0,0,0,0.018701187607896696,0.09649048022448085,,19.0,0.4204545681818182,1.321428642857143,18.500001,2.288692033761431,0.0,0.7015719782619513,0,1,13.78824599669315,1,1
miku-random-v2,interleaved_dynamic,61,B2,B2-IterativePVD,1,1,0,0.01864263174076819,0.08276311095563603,14.0,14.0,1.0,3.1428572142857143,44.000001,2.2694971992098685,0.0,0.7640960008138755,0,0,34.15136499097571,3,0
miku-random-v2,interleaved_dynamic,61,MIKU,MIKU,1,1,0,0.11474168799223229,0.21959433575224382,14.0,14.0,1.0,3.1428572142857143,44.000001,2.352802815745203,0.0,0.7924257327271131,0,0,10.905592993367463,1,0
miku-random-v2,interleaved_dynamic,62,B0,B0-TimeBlind,1,1,0,0.15000000000000258,0.5206097840879057,14.0,14.0,1.0,3.1428572142857143,44.000001,3.1971774441461513,0.0,1.077670849610046,0,0,24.197357008233666,1,1
miku-random-v2,interleaved_dynamic,62,B1,B1-TimeAwareGreedy,1,1,0,0.17534232414827994,0.5592273293626714,14.0,14.0,1.0,3.1440652073769435,44.01691290327721,3.2067631870415014,0.2352317503478883,1.0796487897922025,0,0,32.1373539918568,1,1
miku-random-v2,interleaved_dynamic,62,B2,B2-IterativePVD,1,1,0,0.17534232414827994,0.5592273293626714,14.0,14.0,1.0,3.1440652073769435,44.01691290327721,3.2067631870415014,0.2352317503478883,1.0796487897922025,0,0,80.00559100764804,3,0
miku-random-v2,interleaved_dynamic,62,MIKU,MIKU,1,1,0,0.20107128043555678,0.5684575901314352,14.0,14.0,1.0,3.1428572142857143,44.000001,3.2113323596255667,0.0,1.0847240754311456,0,0,49.83067998546176,1,0
miku-random-v2,interleaved_dynamic,63,B0,B0-TimeBlind,1,1,0,0.08570672464019813,0.0889634336534014,14.0,14.0,1.0,3.1428572142857143,44.000001,2.089924258314172,0.0,0.6881592786321137,0,0,10.367605980718508,1,1
miku-random-v2,interleaved_dynamic,63,B1,B1-TimeAwareGreedy,1,1,0,0.17629063527941038,0.3238890611947665,14.0,14.0,1.0,3.143251397733323,44.00551956826652,2.238246354773962,0.08403098948166197,0.7340664763670011,0,0,10.139289021026343,1,1
miku-random-v2,interleaved_dynamic,63,B2,B2-IterativePVD,1,1,0,0.17629063527941038,0.3238890611947665,14.0,14.0,1.0,3.143251397733323,44.00551956826652,2.238246354773962,0.08403098948166197,0.7340664763670011,0,0,30.98544801468961,3,0
miku-random-v2,interleaved_dynamic,63,MIKU,MIKU,1,1,0,0.18345176615545344,0.22814772082932322,14.0,14.0,1.0,3.1428572142857143,44.000001,2.1541229648164766,0.0,0.7097130461223558,0,0,10.150036017876118,1,0
miku-random-v2,interleaved_dynamic,64,B0,B0-TimeBlind,1,1,0,0.1501243464836457,0.5114301463942729,14.0,14.0,1.0,3.142857210657963,44.00000094921148,3.4148476704128763,0.0,1.1515598817501103,0,0,29.850110004190356,1,1
miku-random-v2,interleaved_dynamic,64,B1,B1-TimeAwareGreedy,0,0,0,0.15101679878321217,0.5346549326934463,,19.0,0.44318184096018615,1.3928590193885633,19.500026271439886,3.4181348704950665,0.0,1.130047427966415,0,1,52.6517859834712,1,1
miku-random-v2,interleaved_dynamic,64,B2,B2-IterativePVD,1,1,0,0.1501243464836457,0.5114301463942729,14.0,14.0,1.0,3.142857210657963,44.00000094921148,3.4148476704128763,0.0,1.1515598817501103,0,0,112.5200710084755,3,0
miku-random-v2,interleaved_dynamic,64,MIKU,MIKU,1,1,0,0.19998639751417047,0.5568238343129844,14.0,14.0,1.0,3.1428572197551032,44.00000107657144,3.4293982687645532,0.0,1.1584085526758459,0,0,41.35636999853887,1,0
miku-random-v2,interleaved_dynamic,65,B0,B0-TimeBlind,1,1,0,0.14069200513161192,0.34054866229052916,14.0,14.0,1.0,3.1428572142857143,44.000001,2.913524255592325,0.0,0.9353923843808808,0,0,10.238357994239777,1,1
miku-random-v2,interleaved_dynamic,65,B1,B1-TimeAwareGreedy,0,0,0,0.14955932428213767,0.38338939726417587,,19.0,0.44318184090909085,1.392857214285714,19.500000999999997,2.9020812319005653,0.0,0.8906952490338708,0,1,12.348969001322985,1,1
miku-random-v2,interleaved_dynamic,65,B2,B2-IterativePVD,1,1,0,0.14069200513161192,0.34054866229052916,14.0,14.0,1.0,3.1428572142857143,44.000001,2.913524255592325,0.0,0.9353923843808808,0,0,33.19133500917815,3,0
miku-random-v2,interleaved_dynamic,65,MIKU,MIKU,1,1,0,0.18146528478230145,0.43571543157278064,14.0,14.0,1.0,3.1428572142857143,44.000001,2.924991920869513,0.0,0.9398160474915497,0,0,11.605381994741037,1,0
miku-random-v2,interleaved_dynamic,66,B0,B0-TimeBlind,1,1,0,0.1496784138323445,0.5065345852603688,14.0,14.0,1.0,3.142857207290498,44.00000090206697,3.389971197462335,0.0,1.168180759829397,0,0,48.08534900075756,1,1
miku-random-v2,interleaved_dynamic,66,B1,B1-TimeAwareGreedy,0,0,0,0.1499133381786169,0.5236538617271894,,19.0,0.40909093180266753,1.2857143582448143,18.0000010154274,3.390099603336078,0.0,1.1465932184999703,0,1,60.542534018168226,1,1
miku-random-v2,interleaved_dynamic,66,B2,B2-IterativePVD,1,1,0,0.1496784138323445,0.5065345852603688,14.0,14.0,1.0,3.142857207290498,44.00000090206697,3.389971197462335,0.0,1.168180759829397,0,0,157.87069400539622,3,0
miku-random-v2,interleaved_dynamic,66,MIKU,MIKU,1,1,0,0.199658614727616,0.5524842289933973,14.0,14.0,1.0,3.142857209649425,44.000000935091954,3.4051681849442623,0.0,1.1758900834803963,0,0,70.2378959977068,1,0
miku-random-v2,interleaved_dynamic,67,B0,B0-TimeBlind,1,1,0,0.08532280235529278,0.11499389509924546,14.0,14.0,1.0,3.1428572142857143,44.000001,2.9763759369025236,0.0,0.9927526993323387,0,0,9.672128973761573,1,1
miku-random-v2,interleaved_dynamic,67,B1,B1-TimeAwareGreedy,0,0,0,0.09182186756962361,0.13068809966811643,,19.0,0.3977272954545455,1.2500000714285717,17.500001000000005,2.975737096937404,0.0,0.9427698246214695,0,1,12.279237998882309,1,1
miku-random-v2,interleaved_dynamic,67,B2,B2-IterativePVD,1,1,0,0.08532280235529278,0.11499389509924546,14.0,14.0,1.0,3.1428572142857143,44.000001,2.9763759369025236,0.0,0.9927526993323387,0,0,31.93734202068299,3,0
miku-random-v2,interleaved_dynamic,67,MIKU,MIKU,1,1,0,0.19439902181221116,0.26860700019696376,14.0,14.0,1.0,3.1428572142857143,44.000001,3.0365707653116623,0.0,1.0114973863503391,0,0,11.818589002359658,1,0
miku-random-v2,interleaved_dynamic,68,B0,B0-TimeBlind,1,1,0,0.1563410904209067,0.21469764821116236,14.0,14.0,1.0,3.1428572142857143,44.000001,3.625707744224861,0.0,1.2687786894408257,0,0,17.192956991493702,1,1
miku-random-v2,interleaved_dynamic,68,B1,B1-TimeAwareGreedy,1,1,0,0.1563410904209067,0.21469764821116236,14.0,14.0,1.0,3.1428572142857143,44.000001,3.625707744224861,0.0,1.2687786894408257,0,0,17.112179019022733,1,1
miku-random-v2,interleaved_dynamic,68,B2,B2-IterativePVD,1,1,0,0.1563410904209067,0.21469764821116236,14.0,14.0,1.0,3.1428572142857143,44.000001,3.625707744224861,0.0,1.2687786894408257,0,0,51.55158299021423,3,1
miku-random-v2,interleaved_dynamic,68,MIKU,MIKU,1,1,0,0.20479877088009749,0.21532409031946567,14.0,14.0,1.0,3.1428572142857143,44.000001,3.644929398218041,0.0,1.2783188184496548,0,0,15.294544980861247,1,0
miku-random-v2,interleaved_dynamic,69,B0,B0-TimeBlind,1,1,0,0.08495500997569505,0.18810675505269614,14.0,14.0,1.0,3.1428572142857143,44.000001,2.2959137983240177,0.0,0.7449383397884547,0,0,9.261551982490346,1,1
miku-random-v2,interleaved_dynamic,69,B1,B1-TimeAwareGreedy,1,1,0,0.201620974468269,0.43138891261300677,14.0,14.0,1.0,3.1439024727450553,44.014634618430776,2.4601354314975694,0.1572591484562432,0.7903858296664474,0,0,11.079139017965645,1,1
miku-random-v2,interleaved_dynamic,69,B2,B2-IterativePVD,1,1,0,0.201620974468269,0.43138891261300677,14.0,14.0,1.0,3.1439024727450553,44.014634618430776,2.4601354314975694,0.1572591484562432,0.7903858296664474,0,0,29.85923399683088,3,0
miku-random-v2,interleaved_dynamic,69,MIKU,MIKU,1,1,0,0.09847780385371399,0.22038064816994138,14.0,14.0,1.0,3.1428572142857143,44.000001,2.3102259220211274,0.0,0.7505090175909079,0,0,10.16405998962,1,0
miku-random-v2,interleaved_dynamic,70,B0,B0-TimeBlind,1,1,0,0.07434626380514647,0.2249670798428898,14.0,14.0,1.0,3.1428572142857143,44.000001,1.9939289796774984,0.0,0.6391611735793309,0,0,9.360171010484919,1,1
miku-random-v2,interleaved_dynamic,70,B1,B1-TimeAwareGreedy,1,1,0,0.14953044211358227,0.38461130478933364,14.0,14.0,1.0,3.1430897225108825,44.003256115152354,2.053759998145152,0.08493859562274145,0.6557888058332659,0,0,9.377693000715226,1,1
miku-random-v2,interleaved_dynamic,70,B2,B2-IterativePVD,1,1,0,0.14953044211358227,0.38461130478933364,14.0,14.0,1.0,3.1430897225108825,44.003256115152354,2.053759998145152,0.08493859562274145,0.6557888058332659,0,0,28.372107015457004,3,0
miku-random-v2,interleaved_dynamic,70,MIKU,MIKU,1,1,0,0.10969109109843368,0.2702450892318279,14.0,14.0,1.0,3.1428572142857143,44.000001,2.0043990856102485,0.0,0.6431556839589679,0,0,10.29055900289677,1,0
miku-random-v2,interleaved_dynamic,71,B0,B0-TimeBlind,1,1,0,0.08574305465184828,0.05093939429853442,14.0,14.0,1.0,3.1428572142857143,44.000001,2.6237754647099405,0.0,0.8621921571252474,0,0,10.293901985278353,1,1
miku-random-v2,interleaved_dynamic,71,B1,B1-TimeAwareGreedy,1,1,0,0.16798428206208132,0.25489315456512746,14.0,14.0,1.0,3.144284804769352,44.019987266770926,3.141189073723718,0.09237105015916443,1.027865331981888,0,0,11.680265015456825,1,1
miku-random-v2,interleaved_dynamic,71,B2,B2-IterativePVD,1,1,0,0.16798428206208132,0.25489315456512746,14.0,14.0,1.0,3.144284804769352,44.019987266770926,3.141189073723718,0.09237105015916443,1.027865331981888,0,0,32.24000500631519,3,0
miku-random-v2,interleaved_dynamic,71,MIKU,MIKU,1,1,0,0.18406067643875357,0.17212381383580364,14.0,14.0,1.0,3.1428572142857143,44.000001,2.7781342350592118,0.0,0.9171593527980628,0,0,10.434305004309863,1,0
miku-random-v2,interleaved_dynamic,72,B0,B0-TimeBlind,1,1,0,0.10138661516960479,0.14316134976066575,14.0,14.0,1.0,3.1428572142857143,44.000001,1.4904179219550027,0.0,0.47156249893669394,0,0,9.80452200747095,1,1
miku-random-v2,interleaved_dynamic,72,B1,B1-TimeAwareGreedy,0,0,0,2.0732117744595207,1.3775054179210564,,19.0,0.2500000228532169,0.7857162390930374,11.000027347302524,2.5519701201543383,0.0,0.8125297805987222,0,1,42.72355500143021,1,1
miku-random-v2,interleaved_dynamic,72,B2,B2-IterativePVD,1,1,0,0.10138661516960479,0.14316134976066575,14.0,14.0,1.0,3.1428572142857143,44.000001,1.4904179219550027,0.0,0.47156249893669394,0,0,63.34291701205075,3,0
miku-random-v2,interleaved_dynamic,72,MIKU,MIKU,1,1,0,0.10138661516960479,0.158677229373302,14.0,14.0,1.0,3.1428572142857143,44.000001,1.5114772776458136,0.0,0.47984045711700957,0,0,10.567872988758609,1,0
miku-random-v2,interleaved_dynamic,73,B0,B0-TimeBlind,1,1,0,0.056406612038335746,0.09366433351643554,14.0,14.0,1.0,3.1428572142857143,44.000001,2.6530812845848195,0.0,0.8802101048106481,0,0,9.821434010518715,1,1
miku-random-v2,interleaved_dynamic,73,B1,B1-TimeAwareGreedy,1,1,0,0.1537851422848179,0.3186954019783748,14.0,14.0,1.0,3.1434800185954157,44.00872026033582,2.8240292398411357,0.10368149132674175,0.9272186579863135,0,0,11.282344989012927,1,1
miku-random-v2,interleaved_dynamic,73,B2,B2-IterativePVD,1,1,0,0.1537851422848179,0.3186954019783748,14.0,14.0,1.0,3.1434800185954157,44.00872026033582,2.8240292398411357,0.10368149132674175,0.9272186579863135,0,0,30.961322016082704,3,0
miku-random-v2,interleaved_dynamic,73,MIKU,MIKU,1,1,0,0.15726623183150518,0.23554083461797062,14.0,14.0,1.0,3.1428572142857143,44.000001,2.722769239525084,0.0,0.9032724366125459,0,0,10.743902996182442,1,0
miku-random-v2,interleaved_dynamic,74,B0,B0-TimeBlind,1,1,0,0.1500240336859537,0.5381112704939979,14.0,14.0,1.0,3.1428572142857143,44.000001,2.8209152058049694,0.0,0.9442269477031366,0,0,16.27762900898233,1,1
miku-random-v2,interleaved_dynamic,74,B1,B1-TimeAwareGreedy,1,1,0,0.1500240336859537,0.5381112704939979,14.0,14.0,1.0,3.1428572142857143,44.000001,2.8209152058049694,0.0,0.9442269477031366,0,0,16.34317298885435,1,1
miku-random-v2,interleaved_dynamic,74,B2,B2-IterativePVD,1,1,0,0.1500240336859537,0.5381112704939979,14.0,14.0,1.0,3.1428572142857143,44.000001,2.8209152058049694,0.0,0.9442269477031366,0,0,48.90708898892626,3,1
miku-random-v2,interleaved_dynamic,74,MIKU,MIKU,1,1,0,0.20001802589617945,0.5892533010104054,14.0,14.0,1.0,3.1428572142857143,44.000001,2.834148915137771,0.0,0.9503315186107723,0,0,20.641226990846917,1,0
miku-random-v2,interleaved_dynamic,75,B0,B0-TimeBlind,1,1,0,0.057246930932419976,0.11060398389000185,14.0,14.0,1.0,3.1428572142857143,44.000001,3.1250236288460473,0.0,1.0353988706500938,0,0,9.99873797991313,1,1
miku-random-v2,interleaved_dynamic,75,B1,B1-TimeAwareGreedy,1,1,0,0.18378100386883864,0.45855440128031383,14.0,14.0,1.0,3.143387759912201,44.00742863877081,3.258250954532633,0.1167699763267855,1.064481493221178,0,0,12.999889004277065,1,1
miku-random-v2,interleaved_dynamic,75,B2,B2-IterativePVD,1,1,0,0.18378100386883864,0.45855440128031383,14.0,14.0,1.0,3.143387759912201,44.00742863877081,3.258250954532633,0.1167699763267855,1.064481493221178,0,0,34.512491984060034,3,0
miku-random-v2,interleaved_dynamic,75,MIKU,MIKU,1,1,0,0.17883059497834972,0.2614777309212403,14.0,14.0,1.0,3.1428572142857143,44.000001,3.18683250965147,0.0,1.0546874945546818,0,0,11.479673004942015,1,0
miku-random-v2,interleaved_dynamic,76,B0,B0-TimeBlind,1,1,0,0.13464051395119028,0.21349338442826274,14.0,14.0,1.0,3.1428572142857143,44.000001,3.1336068287029626,0.0,1.0784314120822034,0,0,10.144375992240384,1,1
miku-random-v2,interleaved_dynamic,76,B1,B1-TimeAwareGreedy,1,1,0,0.18272968863629588,0.5028953355432356,14.0,14.0,1.0,3.1439810788191394,44.015735103467954,3.260181049308754,0.2037333112001395,1.1100071067276283,0,0,19.156182010192424,1,1
miku-random-v2,interleaved_dynamic,76,B2,B2-IterativePVD,1,1,0,0.18272968863629588,0.5028953355432356,14.0,14.0,1.0,3.1439810788191394,44.015735103467954,3.260181049308754,0.2037333112001395,1.1100071067276283,0,0,38.510326005052775,3,0
miku-random-v2,interleaved_dynamic,76,MIKU,MIKU,1,1,0,0.1605647824092228,0.2576099937937174,14.0,14.0,1.0,3.1428572142857143,44.000001,3.153760067764521,0.0,1.0864208000399491,0,0,11.948700994253159,1,0
miku-random-v2,interleaved_dynamic,77,B0,B0-TimeBlind,1,1,0,0.06461006090101641,0.13242974519251768,14.0,14.0,1.0,3.1428572142857143,44.000001,2.2686994794767856,0.0,0.7196097177697772,0,0,9.78845200734213,1,1
miku-random-v2,interleaved_dynamic,77,B1,B1-TimeAwareGreedy,1,1,0,0.12536603228002013,0.28496144540155,14.0,14.0,1.0,3.1429992226485046,44.00198911707906,2.3189500993427083,0.046723650380220395,0.7334000861837214,0,0,9.928165003657341,1,1
miku-random-v2,interleaved_dynamic,77,B2,B2-IterativePVD,1,1,0,0.12536603228002013,0.28496144540155,14.0,14.0,1.0,3.1429992226485046,44.00198911707906,2.3189500993427083,0.046723650380220395,0.7334000861837214,0,0,29.54062700155191,3,0
miku-random-v2,interleaved_dynamic,77,MIKU,MIKU,1,1,0,0.1639256905771847,0.29296462276120844,14.0,14.0,1.0,3.1428572142857143,44.000001,2.3001562749150573,0.0,0.7296348485211902,0,0,10.38996601710096,1,0
miku-random-v2,interleaved_dynamic,78,B0,B0-TimeBlind,1,1,0,0.08371124897028892,0.04298883947978579,14.0,14.0,1.0,3.1428572142857143,44.000001,1.893977019409549,0.0,0.6120823729202048,0,0,9.850923001067713,1,1
miku-random-v2,interleaved_dynamic,78,B1,B1-TimeAwareGreedy,0,0,0,1.897976647253896,1.209864051102064,,19.0,0.26136365919089427,0.8214305866102061,11.500028212542885,3.0795590607184393,0.0,1.015783297596491,0,1,38.69764899718575,1,1
miku-random-v2,interleaved_dynamic,78,B2,B2-IterativePVD,1,1,0,0.08371124897028892,0.04298883947978579,14.0,14.0,1.0,3.1428572142857143,44.000001,1.893977019409549,0.0,0.6120823729202048,0,0,58.568375010509044,3,0
miku-random-v2,interleaved_dynamic,78,MIKU,MIKU,1,1,0,0.18327827400045482,0.16117169453641886,14.0,14.0,1.0,3.1428572142857143,44.000001,2.0822466108020747,0.0,0.68244203166858,0,0,10.495046997675672,1,0
miku-random-v2,interleaved_dynamic,79,B0,B0-TimeBlind,1,1,0,0.15000000000000435,0.46603762891435796,14.0,14.0,1.0,3.1428572142857143,44.000001,4.0,0.0,1.4432607855432613,0,0,83.27430300414562,1,1
miku-random-v2,interleaved_dynamic,79,B1,B1-TimeAwareGreedy,1,1,0,0.15000000000000435,0.46603762891435796,14.0,14.0,1.0,3.1428572142857143,44.000001,4.0,0.0,1.4432607855432613,0,0,85.78602800844237,1,1
miku-random-v2,interleaved_dynamic,79,B2,B2-IterativePVD,1,1,0,0.15000000000000435,0.46603762891435796,14.0,14.0,1.0,3.1428572142857143,44.000001,4.0,0.0,1.4432607855432613,0,0,253.54089500615373,3,1
miku-random-v2,interleaved_dynamic,79,MIKU,MIKU,1,1,0,0.19979810575879364,0.5062641535333143,14.0,14.0,1.0,3.142857360146022,44.00000304204431,4.00000001246201,0.0,1.4531013479656856,0,0,50.93622801359743,1,0
miku-random-v2,interleaved_dynamic,80,B0,B0-TimeBlind,1,1,0,0.06099823717240094,0.09328494872887479,14.0,14.0,1.0,3.1428572142857143,44.000001,2.1906333480586904,0.0,0.7499944830280435,0,0,9.776824997970834,1,1
miku-random-v2,interleaved_dynamic,80,B1,B1-TimeAwareGreedy,1,1,0,0.08761531172007046,0.1265694539181701,14.0,14.0,1.0,3.1430722610325392,44.00301165445555,2.2955807921874665,0.08484975792849601,0.7827812973692104,0,0,10.451251990161836,1,1
miku-random-v2,interleaved_dynamic,80,B2,B2-IterativePVD,1,1,0,0.08761531172007046,0.1265694539181701,14.0,14.0,1.0,3.1430722610325392,44.00301165445555,2.2955807921874665,0.08484975792849601,0.7827812973692104,0,0,30.423373013036326,3,0
miku-random-v2,interleaved_dynamic,80,MIKU,MIKU,1,1,0,0.160233776884658,0.23592858228265454,14.0,14.0,1.0,3.1428572142857143,44.000001,2.266410023722551,0.0,0.7755130175219774,0,0,10.880925983656198,1,0
miku-random-v2,interleaved_dynamic,81,B0,B0-TimeBlind,1,1,0,0.15352088399977418,0.4635514546107731,14.0,14.0,1.0,3.1428572142857143,44.000001,3.270494341251389,0.0,1.068953347997007,0,0,12.775232986314222,1,1
miku-random-v2,interleaved_dynamic,81,B1,B1-TimeAwareGreedy,1,1,0,0.15352088399977418,0.4635514546107731,14.0,14.0,1.0,3.1428572142857143,44.000001,3.270494341251389,0.0,1.068953347997007,0,0,12.858934001997113,1,1
miku-random-v2,interleaved_dynamic,81,B2,B2-IterativePVD,1,1,0,0.15352088399977418,0.4635514546107731,14.0,14.0,1.0,3.1428572142857143,44.000001,3.270494341251389,0.0,1.068953347997007,0,0,38.592487981077284,3,1
miku-random-v2,interleaved_dynamic,81,MIKU,MIKU,1,1,0,0.20265404467731096,0.5348141272498805,14.0,14.0,1.0,3.1428572142857143,44.000001,3.2839447803612116,0.0,1.074891657208335,0,0,17.06165398354642,1,0
miku-random-v2,interleaved_dynamic,82,B0,B0-TimeBlind,1,1,0,0.052613174455070855,0.07650940664842455,14.0,14.0,1.0,3.1428572142857143,44.000001,2.400331737647359,0.0,0.797188410509544,0,0,9.720694011775777,1,1
miku-random-v2,interleaved_dynamic,82,B1,B1-TimeAwareGreedy,1,1,0,0.052613174455070855,0.07650940664842455,14.0,14.0,1.0,3.1428572142857143,44.000001,2.400331737647359,0.0,0.797188410509544,0,0,9.858622011961415,1,1
miku-random-v2,interleaved_dynamic,82,B2,B2-IterativePVD,1,1,0,0.052613174455070855,0.07650940664842455,14.0,14.0,1.0,3.1428572142857143,44.000001,2.400331737647359,0.0,0.797188410509544,0,0,29.50690797297284,3,1
miku-random-v2,interleaved_dynamic,82,MIKU,MIKU,1,1,0,0.14918795066863122,0.20989254966412535,14.0,14.0,1.0,3.1428572142857143,44.000001,2.4886510129022144,0.0,0.8274309544260543,0,0,10.529837978538126,1,0
miku-random-v2,interleaved_dynamic,83,B0,B0-TimeBlind,1,1,0,0.0661081776896091,0.13947977218200053,14.0,14.0,1.0,3.1428572142857143,44.000001,3.6525094104081797,0.0,1.2991982116500562,0,0,11.464139999588951,1,1
miku-random-v2,interleaved_dynamic,83,B1,B1-TimeAwareGreedy,1,1,0,0.0661081776896091,0.13947977218200053,14.0,14.0,1.0,3.1428572142857143,44.000001,3.6525094104081797,0.0,1.2991982116500562,0,0,11.629321990767494,1,1
miku-random-v2,interleaved_dynamic,83,B2,B2-IterativePVD,1,1,0,0.0661081776896091,0.13947977218200053,14.0,14.0,1.0,3.1428572142857143,44.000001,3.6525094104081797,0.0,1.2991982116500562,0,0,34.86134498962201,3,1
miku-random-v2,interleaved_dynamic,83,MIKU,MIKU,1,1,0,0.1925733417651457,0.30262320965671696,14.0,14.0,1.0,3.1428572142857143,44.000001,3.7294181660090695,0.0,1.3294598507398054,0,0,13.94867300405167,1,0
miku-random-v2,interleaved_dynamic,84,B0,B0-TimeBlind,1,1,0,0.10139589660270894,0.17756504059380232,14.0,14.0,1.0,3.1428572142857143,44.000001,2.8914882576026524,0.0,0.9774052850749848,0,0,10.92509101727046,1,1
miku-random-v2,interleaved_dynamic,84,B1,B1-TimeAwareGreedy,1,1,0,0.10139589660270894,0.17756504059380232,14.0,14.0,1.0,3.1428572142857143,44.000001,2.8914882576026524,0.0,0.9774052850749848,0,0,10.866482014534995,1,1
miku-random-v2,interleaved_dynamic,84,B2,B2-IterativePVD,1,1,0,0.10139589660270894,0.17756504059380232,14.0,14.0,1.0,3.1428572142857143,44.000001,2.8914882576026524,0.0,0.9774052850749848,0,0,33.16654500667937,3,1
miku-random-v2,interleaved_dynamic,84,MIKU,MIKU,1,1,0,0.21071674578467448,0.37117034891842804,14.0,14.0,1.0,3.1428572142857143,44.000001,2.932098200011987,0.0,0.9890200219530183,0,0,12.55229499656707,1,0
miku-random-v2,interleaved_dynamic,85,B0,B0-TimeBlind,1,1,0,0.07711834118960881,0.04469788837147048,14.0,14.0,1.0,3.1428572142857143,44.000001,1.3390923863404967,0.0,0.419445657978115,0,0,9.918741008732468,1,1
miku-random-v2,interleaved_dynamic,85,B1,B1-TimeAwareGreedy,1,1,0,0.427367144684371,0.473750184241227,14.0,14.0,1.0,3.147418495964451,44.06385894350231,0.7911294565339152,0.879903440549644,0.19001160357767394,0,0,7.953421998536214,1,1
miku-random-v2,interleaved_dynamic,85,B2,B2-IterativePVD,1,1,0,0.427367144684371,0.473750184241227,14.0,14.0,1.0,3.147418495964451,44.06385894350231,0.7911294565339152,0.879903440549644,0.19001160357767394,0,0,23.86146000935696,3,1
miku-random-v2,interleaved_dynamic,85,MIKU,MIKU,1,1,0,0.16728083804625693,0.1636408145618065,14.0,14.0,1.0,3.1428572142857143,44.000001,1.4938701731841522,0.0,0.47722912823615127,0,0,10.413476993562654,1,0
miku-random-v2,interleaved_dynamic,86,B0,B0-TimeBlind,1,1,0,0.13136242380497143,0.499448570147405,14.0,14.0,1.0,3.1428572142857143,44.000001,3.022353426174705,0.0,1.0011675860685334,0,0,13.382381992414594,1,1
miku-random-v2,interleaved_dynamic,86,B1,B1-TimeAwareGreedy,0,0,0,0.12886910485007716,0.4923652500820553,,19.0,0.3977272954545455,1.2500000714285717,17.500001000000005,3.0168024692234896,0.0,0.9690304748627953,0,1,13.471930986270308,1,1
miku-random-v2,interleaved_dynamic,86,B2,B2-IterativePVD,1,1,0,0.13136242380497143,0.499448570147405,14.0,14.0,1.0,3.1428572142857143,44.000001,3.022353426174705,0.0,1.0011675860685334,0,0,39.82463400461711,3,0
miku-random-v2,interleaved_dynamic,86,MIKU,MIKU,1,1,0,0.2021450305807917,0.5739326568841049,14.0,14.0,1.0,3.1428572142857143,44.000001,3.0395300529862483,0.0,1.0063260414691182,0,0,16.422027023509145,1,0
miku-random-v2,interleaved_dynamic,87,B0,B0-TimeBlind,1,1,0,0.09026850499705863,0.09397224429869665,14.0,14.0,1.0,3.1428572142857143,44.000001,2.816708808585009,0.0,0.9431830414593083,0,0,10.417243000119925,1,1
miku-random-v2,interleaved_dynamic,87,B1,B1-TimeAwareGreedy,1,1,0,0.09026850499705863,0.09397224429869665,14.0,14.0,1.0,3.1428572142857143,44.000001,2.816708808585009,0.0,0.9431830414593083,0,0,10.48913798877038,1,1
miku-random-v2,interleaved_dynamic,87,B2,B2-IterativePVD,1,1,0,0.09026850499705863,0.09397224429869665,14.0,14.0,1.0,3.1428572142857143,44.000001,2.816708808585009,0.0,0.9431830414593083,0,0,31.648725998820737,3,1
miku-random-v2,interleaved_dynamic,87,MIKU,MIKU,1,1,0,0.20382318159616272,0.2362760252674632,14.0,14.0,1.0,3.1428572142857143,44.000001,2.8930694669151236,0.0,0.9677862381948887,0,0,10.761382000055164,1,0
miku-random-v2,interleaved_dynamic,88,B0,B0-TimeBlind,1,1,0,0.0780379612521778,0.10712368282177995,14.0,14.0,1.0,3.1428572142857143,44.000001,2.6468971801800345,0.0,0.8768818804484317,0,0,9.572193026542664,1,1
miku-random-v2,interleaved_dynamic,88,B1,B1-TimeAwareGreedy,0,0,0,0.08595815120921851,0.1274648281239419,,19.0,0.40909093181818185,1.2857143571428573,18.000001,2.6502682611652517,0.0,0.8187900598217098,0,1,15.074993018060923,1,1
miku-random-v2,interleaved_dynamic,88,B2,B2-IterativePVD,1,1,0,0.0780379612521778,0.10712368282177995,14.0,14.0,1.0,3.1428572142857143,44.000001,2.6468971801800345,0.0,0.8768818804484317,0,0,34.5655030105263,3,0
miku-random-v2,interleaved_dynamic,88,MIKU,MIKU,1,1,0,0.17920289942728906,0.25604594834170763,14.0,14.0,1.0,3.1428572142857143,44.000001,2.7044874451090144,0.0,0.8958169197019593,0,0,10.603623988572508,1,0
miku-random-v2,interleaved_dynamic,89,B0,B0-TimeBlind,1,1,0,0.143273555864979,0.4489374621921781,14.0,14.0,1.0,3.1428572142857143,44.000001,3.1205743778385107,0.0,1.0607992272697382,0,0,13.89784799539484,1,1
miku-random-v2,interleaved_dynamic,89,B1,B1-TimeAwareGreedy,1,1,0,0.143273555864979,0.4489374621921781,14.0,14.0,1.0,3.1428572142857143,44.000001,3.1205743778385107,0.0,1.0607992272697382,0,0,13.858692982466891,1,1
miku-random-v2,interleaved_dynamic,89,B2,B2-IterativePVD,1,1,0,0.143273555864979,0.4489374621921781,14.0,14.0,1.0,3.1428572142857143,44.000001,3.1205743778385107,0.0,1.0607992272697382,0,0,41.712531994562596,3,1
miku-random-v2,interleaved_dynamic,89,MIKU,MIKU,1,1,0,0.21250506059123858,0.5479494437347853,14.0,14.0,1.0,3.1428572142857143,44.000001,3.14557040336471,0.0,1.0718107417379574,0,0,15.947727020829916,1,0
miku-random-v2,interleaved_dynamic,90,B0,B0-TimeBlind,1,1,0,0.08642953934455311,0.08801066422498062,14.0,14.0,1.0,3.1428572142857143,44.000001,2.1571138436465023,0.0,0.7349912893999914,0,0,9.777022991329432,1,1
miku-random-v2,interleaved_dynamic,90,B1,B1-TimeAwareGreedy,1,1,0,0.08642953934455311,0.08801066422498062,14.0,14.0,1.0,3.1428572142857143,44.000001,2.1571138436465023,0.0,0.7349912893999914,0,0,9.74726999993436,1,1
miku-random-v2,interleaved_dynamic,90,B2,B2-IterativePVD,1,1,0,0.08642953934455311,0.08801066422498062,14.0,14.0,1.0,3.1428572142857143,44.000001,2.1571138436465023,0.0,0.7349912893999914,0,0,29.567530000349507,3,1
miku-random-v2,interleaved_dynamic,90,MIKU,MIKU,1,1,0,0.18582090575843108,0.22779746763215677,14.0,14.0,1.0,3.1428572142857143,44.000001,2.236753687278998,0.0,0.7619295242804976,0,0,10.380695981439203,1,0
miku-random-v2,interleaved_dynamic,91,B0,B0-TimeBlind,1,1,0,0.06562676338080964,0.07695634548190487,14.0,14.0,1.0,3.1428572142857143,44.000001,2.3601729208742,0.0,0.7746225808906438,0,0,9.23180699464865,1,1
miku-random-v2,interleaved_dynamic,91,B1,B1-TimeAwareGreedy,0,0,0,0.06562676338080964,0.08925948931620172,,19.0,0.3636363863636364,1.1428572142857143,16.000001,2.380660629134834,0.0,0.7150129609576004,0,1,15.166632976615801,1,1
miku-random-v2,interleaved_dynamic,91,B2,B2-IterativePVD,1,1,0,0.06562676338080964,0.07695634548190487,14.0,14.0,1.0,3.1428572142857143,44.000001,2.3601729208742,0.0,0.7746225808906438,0,0,33.692254015477374,3,0
miku-random-v2,interleaved_dynamic,91,MIKU,MIKU,1,1,0,0.16215669714666722,0.21025860849470895,14.0,14.0,1.0,3.1428572142857143,44.000001,2.4409557068281447,0.0,0.8025923284612467,0,0,9.967682999558747,1,0
miku-random-v2,interleaved_dynamic,92,B0,B0-TimeBlind,1,1,0,0.1144052275988312,0.18276585014964333,14.0,14.0,1.0,3.1428572142857143,44.000001,2.307652597841475,0.0,0.7432556603432701,0,0,9.617659001378343,1,1
miku-random-v2,interleaved_dynamic,92,B1,B1-TimeAwareGreedy,1,1,0,0.16311102499592844,0.388567207827006,14.0,14.0,1.0,3.144298547608092,44.020179666513286,2.4918704550641273,0.10922746343298541,0.7947412794951625,0,0,10.999989986885339,1,1
miku-random-v2,interleaved_dynamic,92,B2,B2-IterativePVD,1,1,0,0.16311102499592844,0.388567207827006,14.0,14.0,1.0,3.144298547608092,44.020179666513286,2.4918704550641273,0.10922746343298541,0.7947412794951625,0,0,30.40964200044982,3,0
miku-random-v2,interleaved_dynamic,92,MIKU,MIKU,1,1,0,0.12120190121399083,0.21300958591117183,14.0,14.0,1.0,3.1428572142857143,44.000001,2.321964721538589,0.0,0.7488093615611013,0,0,10.260326002025977,1,0
miku-random-v2,interleaved_dynamic,93,B0,B0-TimeBlind,1,1,0,0.14151276487509803,0.4994527016115542,14.0,14.0,1.0,3.1428572142857143,44.000001,3.3742905556671716,0.0,1.1263222083917124,0,0,17.12793900514953,1,1
miku-random-v2,interleaved_dynamic,93,B1,B1-TimeAwareGreedy,1,1,0,0.14151276487509803,0.4994527016115542,14.0,14.0,1.0,3.1428572142857143,44.000001,3.3742905556671716,0.0,1.1263222083917124,0,0,17.116246977820992,1,1
miku-random-v2,interleaved_dynamic,93,B2,B2-IterativePVD,1,1,0,0.14151276487509803,0.4994527016115542,14.0,14.0,1.0,3.1428572142857143,44.000001,3.3742905556671716,0.0,1.1263222083917124,0,0,51.63006202201359,3,1
miku-random-v2,interleaved_dynamic,93,MIKU,MIKU,1,1,0,0.20237831080229263,0.5598292094950247,14.0,14.0,1.0,3.1428572142857143,44.000001,3.3921035912931363,0.0,1.1347965068122288,0,0,19.012018979992718,1,0
miku-random-v2,interleaved_dynamic,94,B0,B0-TimeBlind,1,1,0,0.13511670635021608,0.6027177600118316,14.0,14.0,1.0,3.1428572142857143,44.000001,2.8061177634840107,0.0,0.8928023178072773,0,0,13.209737982833758,1,1
miku-random-v2,interleaved_dynamic,94,B1,B1-TimeAwareGreedy,1,1,0,0.13511670635021608,0.6027177600118316,14.0,14.0,1.0,3.1428572142857143,44.000001,2.8061177634840107,0.0,0.8928023178072773,0,0,13.257366983452812,1,1
miku-random-v2,interleaved_dynamic,94,B2,B2-IterativePVD,1,1,0,0.13511670635021608,0.6027177600118316,14.0,14.0,1.0,3.1428572142857143,44.000001,2.8061177634840107,0.0,0.8928023178072773,0,0,40.27954299817793,3,1
miku-random-v2,interleaved_dynamic,94,MIKU,MIKU,1,1,0,0.20154358939922773,0.6384136173794975,14.0,14.0,1.0,3.1428572142857143,44.000001,2.8146595301515447,0.0,0.8935557553382042,0,0,18.965455994475633,1,0
miku-random-v2,interleaved_dynamic,95,B0,B0-TimeBlind,1,1,0,0.05839470193360975,0.15951448097859908,14.0,14.0,1.0,3.1428572142857143,44.000001,2.3253098890519506,0.0,0.7383628299231565,0,0,8.791357977315784,1,1
miku-random-v2,interleaved_dynamic,95,B1,B1-TimeAwareGreedy,1,1,0,0.05839470193360975,0.15951448097859908,14.0,14.0,1.0,3.1428572142857143,44.000001,2.3253098890519506,0.0,0.7383628299231565,0,0,8.844444993883371,1,1
miku-random-v2,interleaved_dynamic,95,B2,B2-IterativePVD,1,1,0,0.05839470193360975,0.15951448097859908,14.0,14.0,1.0,3.1428572142857143,44.000001,2.3253098890519506,0.0,0.7383628299231565,0,0,27.07447999273427,3,1
miku-random-v2,interleaved_dynamic,95,MIKU,MIKU,1,1,0,0.1425308869604099,0.3356145284840203,14.0,14.0,1.0,3.1428572142857143,44.000001,2.350355660502136,0.0,0.7461589241837782,0,0,10.384544002590701,1,0
miku-random-v2,interleaved_dynamic,96,B0,B0-TimeBlind,1,1,0,0.15000000000000258,0.48342936717568386,14.0,14.0,1.0,3.1428572142857143,44.000001,3.725721446524582,0.0,1.3089019347940074,0,0,67.74075501016341,1,1
miku-random-v2,interleaved_dynamic,96,B1,B1-TimeAwareGreedy,1,1,0,0.15000000000000258,0.48342936717568386,14.0,14.0,1.0,3.1428689363606597,44.000165109049235,3.725721446524582,0.025798224111446354,1.3089019347940074,0,0,68.4493989974726,1,1
miku-random-v2,interleaved_dynamic,96,B2,B2-IterativePVD,1,1,0,0.15000000000000258,0.48342936717568386,14.0,14.0,1.0,3.1428689363606597,44.000165109049235,3.725721446524582,0.025798224111446354,1.3089019347940074,0,0,202.96359702479094,3,1
miku-random-v2,interleaved_dynamic,96,MIKU,MIKU,1,1,0,0.19973083213132137,0.5256614962423295,14.0,14.0,1.0,3.142857222279195,44.00000111190873,3.742830933797768,0.0,1.3175543778390082,0,0,41.307172999950126,1,0
miku-random-v2,interleaved_dynamic,97,B0,B0-TimeBlind,1,1,0,0.1400181490758295,0.46809337330575573,14.0,14.0,1.0,3.142857214285715,44.00000100000001,4.0,0.0,1.5632597094419063,0,0,37.18948701862246,1,1
miku-random-v2,interleaved_dynamic,97,B1,B1-TimeAwareGreedy,1,1,0,0.16045753473270072,0.47043632964416643,14.0,14.0,1.0,3.1433598870026875,44.007038418037624,4.0,0.17290056535494444,1.566032681760961,0,0,30.49679400282912,1,1
miku-random-v2,interleaved_dynamic,97,B2,B2-IterativePVD,1,1,0,0.16045753473270072,0.47043632964416643,14.0,14.0,1.0,3.1433598870026875,44.007038418037624,4.0,0.17290056535494444,1.566032681760961,0,0,105.8062539959792,3,0
miku-random-v2,interleaved_dynamic,97,MIKU,MIKU,1,1,0,0.20032559939846356,0.5035785595559894,14.0,14.0,1.0,3.142859979847142,44.00003971785999,4.000000002037618,0.0,1.576730808189409,0,0,34.539915999630466,1,0
miku-random-v2,interleaved_dynamic,98,B0,B0-TimeBlind,1,1,0,0.1319976464191761,0.5250809621322515,14.0,14.0,1.0,3.1428572142857143,44.000001,2.6272612061845306,0.0,0.8482868641789024,0,0,12.30389898410067,1,1
miku-random-v2,interleaved_dynamic,98,B1,B1-TimeAwareGreedy,1,1,0,0.1319976464191761,0.5250809621322515,14.0,14.0,1.0,3.1428572142857143,44.000001,2.6272612061845306,0.0,0.8482868641789024,0,0,12.401782005326822,1,1
miku-random-v2,interleaved_dynamic,98,B2,B2-IterativePVD,1,1,0,0.1319976464191761,0.5250809621322515,14.0,14.0,1.0,3.1428572142857143,44.000001,2.6272612061845306,0.0,0.8482868641789024,0,0,37.099421984748915,3,1
miku-random-v2,interleaved_dynamic,98,MIKU,MIKU,1,1,0,0.20592576339369364,0.6852197262300254,14.0,14.0,1.0,3.1428572142857143,44.000001,2.6367907829670227,0.0,0.8500559669416002,0,0,13.97598601761274,1,0
miku-random-v2,interleaved_dynamic,99,B0,B0-TimeBlind,0,1,1,0.0047302528289274726,0.04879137604455881,14.0,19.0,1.0,3.1428572142857143,44.000001,1.793409838808439,0.0,0.5586553665660448,0,0,9.004236984765157,1,1
miku-random-v2,interleaved_dynamic,99,B1,B1-TimeAwareGreedy,1,1,0,0.19278395592301883,0.2890961337519522,14.0,14.0,1.0,3.143701236930394,44.01181731702552,2.267601010763932,0.08162478825623774,0.7222606848883765,0,0,9.719781985040754,1,1
miku-random-v2,interleaved_dynamic,99,B2,B2-IterativePVD,1,1,0,0.19278395592301883,0.2890961337519522,14.0,14.0,1.0,3.143701236930394,44.01181731702552,2.267601010763932,0.08162478825623774,0.7222606848883765,0,0,29.082987020956352,3,0
miku-random-v2,interleaved_dynamic,99,MIKU,MIKU,1,1,0,0.09625079733960762,0.16886903213810775,14.0,14.0,1.0,3.1428572142857143,44.000001,1.9186561590796085,0.0,0.604258367887634,0,0,10.078154999064282,1,0
miku-random-v2,prediction_noise,0,B0,B0-TimeBlind,1,1,0,8.762306108123585,4.2787400179326776,10.0,10.0,1.0,4.098962716418638,40.98962716418638,1.1988044271704432,0.019573426560855228,0.3346211426261835,0,0,3.6117100098636,1,1
miku-random-v2,prediction_noise,0,B1,B1-TimeAwareGreedy,1,1,0,8.762306108123585,4.2787400179326776,10.0,10.0,1.0,4.098962716418638,40.98962716418638,1.1988044271704432,0.019573426560855228,0.3346211426261835,0,0,3.6460600094869733,1,1
miku-random-v2,prediction_noise,0,B2,B2-IterativePVD,1,1,0,8.762306108123585,4.2787400179326776,10.0,10.0,1.0,4.098962716418638,40.98962716418638,1.1988044271704432,0.019573426560855228,0.3346211426261835,0,0,11.03834601235576,3,1
miku-random-v2,prediction_noise,0,MIKU,MIKU,1,1,0,8.762306108123585,4.2787400179326776,10.0,10.0,1.0,4.098962716418638,40.98962716418638,1.1988044271704432,0.019573426560855228,0.3346211426261835,0,0,3.8388149987440556,1,0
miku-random-v2,prediction_noise,1,B0,B0-TimeBlind,0,0,0,14.08511438677099,4.848547660355902,,15.0,0.25368248689527895,1.0479858462880218,10.479858462880218,4.0,0.0,3.9999999999999964,0,1,21.046540001407266,1,1
miku-random-v2,prediction_noise,1,B1,B1-TimeAwareGreedy,0,0,0,14.08511438677099,4.848547660355902,,15.0,0.25368248689527895,1.0479858462880218,10.479858462880218,4.0,0.0,3.9999999999999964,0,1,21.204977005254477,1,1
miku-random-v2,prediction_noise,1,B2,B2-IterativePVD,0,0,0,14.08511438677099,4.848547660355902,,15.0,0.25368248689527895,1.0479858462880218,10.479858462880218,4.0,0.0,3.9999999999999964,0,1,42.6537609891966,2,1
miku-random-v2,prediction_noise,1,MIKU,MIKU,0,0,0,14.08511438677099,4.848547660355902,,15.0,0.25368248689527895,1.0479858462880218,10.479858462880218,4.0,0.0,3.9999999999999964,0,1,21.454781002830714,2,1
miku-random-v2,prediction_noise,2,B0,B0-TimeBlind,0,0,0,12.11855273920569,3.02186889308035,,15.0,0.2187845296504906,0.9218647686940361,9.218647686940361,4.0,0.0,3.9999999999999964,0,1,19.302439992316067,1,1
miku-random-v2,prediction_noise,2,B1,B1-TimeAwareGreedy,0,0,0,12.11855273920569,3.02186889308035,,15.0,0.2187845296504906,0.9218647686940361,9.218647686940361,4.0,0.0,3.9999999999999964,0,1,19.08286300022155,1,1
miku-random-v2,prediction_noise,2,B2,B2-IterativePVD,0,0,0,12.11855273920569,3.02186889308035,,15.0,0.2187845296504906,0.9218647686940361,9.218647686940361,4.0,0.0,3.9999999999999964,0,1,38.59238201403059,2,1
miku-random-v2,prediction_noise,2,MIKU,MIKU,0,0,0,12.11855273920569,3.02186889308035,,15.0,0.2187845296504906,0.9218647686940361,9.218647686940361,4.0,0.0,3.9999999999999964,0,1,20.557947020279244,2,1
miku-random-v2,prediction_noise,3,B0,B0-TimeBlind,1,1,0,2.9139782714219233,2.0303995394325827,10.0,10.0,1.0,4.08269838256455,40.826983825645506,1.4658125855540776,0.014465376394786943,0.4526380999679981,0,0,5.9203200216870755,1,1
miku-random-v2,prediction_noise,3,B1,B1-TimeAwareGreedy,1,1,0,2.9139782714219233,2.0303995394325827,10.0,10.0,1.0,4.08269838256455,40.826983825645506,1.4658125855540776,0.014465376394786943,0.4526380999679981,0,0,5.898628005525097,1,1
miku-random-v2,prediction_noise,3,B2,B2-IterativePVD,1,1,0,2.9139782714219233,2.0303995394325827,10.0,10.0,1.0,4.08269838256455,40.826983825645506,1.4658125855540776,0.014465376394786943,0.4526380999679981,0,0,18.333482992602512,3,1
miku-random-v2,prediction_noise,3,MIKU,MIKU,0,0,0,8.680235313377462,2.7062488973117285,,15.0,0.2087407351146422,0.8385248901212181,8.385248901212181,4.0,0.0,3.9999999999999964,0,1,14.968086004955694,2,1
miku-random-v2,prediction_noise,4,B0,B0-TimeBlind,0,0,0,8.599552096379615,2.1306128777246687,,15.0,0.23323560717347672,0.9665090583785745,9.665090583785744,4.0,0.0,3.9999999999999964,0,1,29.389038012595847,1,1
miku-random-v2,prediction_noise,4,B1,B1-TimeAwareGreedy,0,0,0,8.599552096379615,2.1306128777246687,,15.0,0.23323560717347672,0.9665090583785745,9.665090583785744,4.0,0.0,3.9999999999999964,0,1,30.04358400357887,1,1
miku-random-v2,prediction_noise,4,B2,B2-IterativePVD,0,0,0,8.599552096379615,2.1306128777246687,,15.0,0.23323560717347672,0.9665090583785745,9.665090583785744,4.0,0.0,3.9999999999999964,0,1,59.542809991398826,2,1
miku-random-v2,prediction_noise,4,MIKU,MIKU,0,0,0,8.599552096379615,2.1306128777246687,,15.0,0.23323560717347672,0.9665090583785745,9.665090583785744,4.0,0.0,3.9999999999999964,0,1,36.641333979787305,2,1
miku-random-v2,prediction_noise,5,B0,B0-TimeBlind,0,0,0,6.8825694506283,2.0361091976683987,,15.0,0.23247848814799912,0.9567281952815655,9.567281952815655,4.0,0.0,3.9999999999999964,0,1,33.50844798842445,1,1
miku-random-v2,prediction_noise,5,B1,B1-TimeAwareGreedy,0,0,0,6.8825694506283,2.0361091976683987,,15.0,0.23247848814799912,0.9567281952815655,9.567281952815655,4.0,0.0,3.9999999999999964,0,1,33.52118699694984,1,1
miku-random-v2,prediction_noise,5,B2,B2-IterativePVD,0,0,0,6.8825694506283,2.0361091976683987,,15.0,0.23247848814799912,0.9567281952815655,9.567281952815655,4.0,0.0,3.9999999999999964,0,1,66.9507349957712,2,1
miku-random-v2,prediction_noise,5,MIKU,MIKU,0,0,0,6.8825694506283,2.0361091976683987,,15.0,0.23247848814799912,0.9567281952815655,9.567281952815655,4.0,0.0,3.9999999999999964,0,1,44.56809698604047,2,1
miku-random-v2,prediction_noise,6,B0,B0-TimeBlind,0,0,0,11.179995886752128,2.5928322195400746,,15.0,0.2071858362445066,0.8577898122020006,8.577898122020006,4.0,0.0,3.9999999999999964,0,1,29.097277991240844,1,1
miku-random-v2,prediction_noise,6,B1,B1-TimeAwareGreedy,0,0,0,11.179995886752128,2.5928322195400746,,15.0,0.2071858362445066,0.8577898122020006,8.577898122020006,4.0,0.0,3.9999999999999964,0,1,28.342777979560196,1,1
miku-random-v2,prediction_noise,6,B2,B2-IterativePVD,0,0,0,11.179995886752128,2.5928322195400746,,15.0,0.2071858362445066,0.8577898122020006,8.577898122020006,4.0,0.0,3.9999999999999964,0,1,56.52236100286245,2,1
miku-random-v2,prediction_noise,6,MIKU,MIKU,0,0,0,11.179995886752128,2.5928322195400746,,15.0,0.2071858362445066,0.8577898122020006,8.577898122020006,4.0,0.0,3.9999999999999964,0,1,25.544622010784224,2,1
miku-random-v2,prediction_noise,7,B0,B0-TimeBlind,0,0,0,9.622183831209616,2.4361391825558725,,15.0,0.2909313713462415,1.195607060879174,11.95607060879174,4.0,0.0,4.000000000000014,0,1,20.03993999096565,1,1
miku-random-v2,prediction_noise,7,B1,B1-TimeAwareGreedy,0,0,0,9.622183831209616,2.4361391825558725,,15.0,0.2909313713462415,1.195607060879174,11.95607060879174,4.0,0.0,4.000000000000014,0,1,43.3176209917292,1,1
miku-random-v2,prediction_noise,7,B2,B2-IterativePVD,0,0,0,9.622183831209616,2.4361391825558725,,15.0,0.2909313713462415,1.195607060879174,11.95607060879174,4.0,0.0,4.000000000000014,0,1,86.2035539757926,2,1
miku-random-v2,prediction_noise,7,MIKU,MIKU,0,0,0,9.622183831209616,2.4361391825558725,,15.0,0.2909313713462415,1.195607060879174,11.95607060879174,4.0,0.0,4.000000000000014,0,1,42.452881985809654,2,1
miku-random-v2,prediction_noise,8,B0,B0-TimeBlind,0,0,0,1.6357508196552182,0.9085042670252201,,15.0,0.703358341765273,2.8835599119276365,28.835599119276367,4.00000000000002,0.02087726226287957,2.3693847262938172,0,1,10.414535994641483,1,1
miku-random-v2,prediction_noise,8,B1,B1-TimeAwareGreedy,0,0,0,1.6357508196552182,0.9085042670252201,,15.0,0.703358341765273,2.8835599119276365,28.835599119276367,4.00000000000002,0.02087726226287957,2.3693847262938172,0,1,10.445685009472072,1,1
miku-random-v2,prediction_noise,8,B2,B2-IterativePVD,0,0,0,1.6357508196552182,0.9085042670252201,,15.0,0.703358341765273,2.8835599119276365,28.835599119276367,4.00000000000002,0.02087726226287957,2.3693847262938172,0,1,31.02277999278158,3,1
miku-random-v2,prediction_noise,8,MIKU,MIKU,0,0,0,3.2217774857844113,1.2686253830987082,,15.0,0.30857482302135497,1.2649343457429327,12.649343457429326,4.0,0.0,3.9999999999999964,0,1,288.38401701068506,2,1
miku-random-v2,prediction_noise,9,B0,B0-TimeBlind,0,0,0,9.648534800532,3.675511740859861,,15.0,0.16451184434479055,0.6898374282109648,6.898374282109648,4.0,0.0,3.9999999999999964,0,1,19.892626005457714,1,1
miku-random-v2,prediction_noise,9,B1,B1-TimeAwareGreedy,0,0,0,9.648534800532,3.675511740859861,,15.0,0.16451184434479055,0.6898374282109648,6.898374282109648,4.0,0.0,3.9999999999999964,0,1,19.88739799708128,1,1
miku-random-v2,prediction_noise,9,B2,B2-IterativePVD,0,0,0,9.648534800532,3.675511740859861,,15.0,0.16451184434479055,0.6898374282109648,6.898374282109648,4.0,0.0,3.9999999999999964,0,1,44.990508002229035,2,1
miku-random-v2,prediction_noise,9,MIKU,MIKU,0,0,0,9.648534800532,3.675511740859861,,15.0,0.16451184434479055,0.6898374282109648,6.898374282109648,4.0,0.0,3.9999999999999964,0,1,20.767112000612542,2,1
miku-random-v2,prediction_noise,10,B0,B0-TimeBlind,0,0,0,2.0388293043583374,1.4555079200414838,,15.0,0.9029345212645996,3.6947965674317422,36.94796567431742,2.0518932539804764,0.010035762714536045,0.741679690952671,0,1,16.86140600941144,1,1
miku-random-v2,prediction_noise,10,B1,B1-TimeAwareGreedy,0,0,0,2.0388293043583374,1.4555079200414838,,15.0,0.9029345212645996,3.6947965674317422,36.94796567431742,2.0518932539804764,0.010035762714536045,0.741679690952671,0,1,16.99444599216804,1,1
miku-random-v2,prediction_noise,10,B2,B2-IterativePVD,0,0,0,2.0388293043583374,1.4555079200414838,,15.0,0.9029345212645996,3.6947965674317422,36.94796567431742,2.0518932539804764,0.010035762714536045,0.741679690952671,0,1,49.74787900573574,3,1
miku-random-v2,prediction_noise,10,MIKU,MIKU,0,0,0,7.026617078523252,2.092247817155996,,15.0,0.1872169025619331,0.7603474344883422,7.603474344883422,4.0,0.0,4.000000000000005,0,1,17.455680994316936,2,1
miku-random-v2,prediction_noise,11,B0,B0-TimeBlind,0,0,0,1.3890932989028464,1.480560919167289,,15.0,0.8099796638014718,3.3164311565894757,33.16431156589476,1.5186517499326644,0.003020380472364417,0.4922869808958503,0,1,7.325551006942987,1,1
miku-random-v2,prediction_noise,11,B1,B1-TimeAwareGreedy,0,0,0,1.3890932989028464,1.480560919167289,,15.0,0.8099796638014718,3.3164311565894757,33.16431156589476,1.5186517499326644,0.003020380472364417,0.4922869808958503,0,1,7.339895993936807,1,1
miku-random-v2,prediction_noise,11,B2,B2-IterativePVD,0,0,0,1.3890932989028464,1.480560919167289,,15.0,0.8099796638014718,3.3164311565894757,33.16431156589476,1.5186517499326644,0.003020380472364417,0.4922869808958503,0,1,22.102161980001256,3,1
miku-random-v2,prediction_noise,11,MIKU,MIKU,0,0,0,9.050497320014173,2.5107692636157175,,15.0,0.15559537200666407,0.633454689413053,6.33454689413053,4.0,0.0,4.000000000000005,0,1,17.563706991495565,2,1
miku-random-v2,prediction_noise,12,B0,B0-TimeBlind,0,0,0,12.002082432426569,2.9431503894426805,,15.0,0.30026990587608765,1.2528448493831423,12.528448493831423,4.0,0.0,3.9999999999999964,0,1,19.223337003495544,1,1
miku-random-v2,prediction_noise,12,B1,B1-TimeAwareGreedy,0,0,0,12.002082432426569,2.9431503894426805,,15.0,0.30026990587608765,1.2528448493831423,12.528448493831423,4.0,0.0,3.9999999999999964,0,1,19.8386560077779,1,1
miku-random-v2,prediction_noise,12,B2,B2-IterativePVD,0,0,0,12.002082432426569,2.9431503894426805,,15.0,0.30026990587608765,1.2528448493831423,12.528448493831423,4.0,0.0,3.9999999999999964,0,1,38.676378986565396,2,1
miku-random-v2,prediction_noise,12,MIKU,MIKU,0,0,0,12.002082432426569,2.9431503894426805,,15.0,0.30026990587608765,1.2528448493831423,12.528448493831423,4.0,0.0,3.9999999999999964,0,1,19.323038985021412,2,1
miku-random-v2,prediction_noise,13,B0,B0-TimeBlind,0,0,0,12.435701794338971,2.8315145786952276,,15.0,0.2686531187730888,1.105732399097477,11.057323990974771,4.0,0.0,3.9999999999999964,0,1,22.53460098290816,1,1
miku-random-v2,prediction_noise,13,B1,B1-TimeAwareGreedy,0,0,0,12.435701794338971,2.8315145786952276,,15.0,0.2686531187730888,1.105732399097477,11.057323990974771,4.0,0.0,3.9999999999999964,0,1,22.78300898615271,1,1
miku-random-v2,prediction_noise,13,B2,B2-IterativePVD,0,0,0,12.435701794338971,2.8315145786952276,,15.0,0.2686531187730888,1.105732399097477,11.057323990974771,4.0,0.0,3.9999999999999964,0,1,45.587621978484094,2,1
miku-random-v2,prediction_noise,13,MIKU,MIKU,0,0,0,12.435701794338971,2.8315145786952276,,15.0,0.2686531187730888,1.105732399097477,11.057323990974771,4.0,0.0,3.9999999999999964,0,1,23.12892398913391,2,1
miku-random-v2,prediction_noise,14,B0,B0-TimeBlind,1,1,0,2.8965505062772348,2.0870418175662286,10.0,10.0,1.0,4.096015242571115,40.96015242571115,1.3777785541816185,0.024151524386636484,0.3845780209322291,0,0,3.7363420124165714,1,1
miku-random-v2,prediction_noise,14,B1,B1-TimeAwareGreedy,1,1,0,2.8965505062772348,2.0870418175662286,10.0,10.0,1.0,4.096015242571115,40.96015242571115,1.3777785541816185,0.024151524386636484,0.3845780209322291,0,0,3.724081994732842,1,1
miku-random-v2,prediction_noise,14,B2,B2-IterativePVD,1,1,0,2.8965505062772348,2.0870418175662286,10.0,10.0,1.0,4.096015242571115,40.96015242571115,1.3777785541816185,0.024151524386636484,0.3845780209322291,0,0,11.518012994201854,3,1
miku-random-v2,prediction_noise,14,MIKU,MIKU,0,0,0,8.849205198642869,2.83319384286139,,15.0,0.22426983796259684,0.9154974305618296,9.154974305618296,4.0,0.0,3.9999999999999964,0,1,7.928758015623316,2,1
miku-random-v2,prediction_noise,15,B0,B0-TimeBlind,1,1,0,3.965667343622858,2.7394449042198423,10.0,10.0,1.0,4.097414758768855,40.974147587688556,1.1137366104137663,0.009881953262997867,0.3108762436262918,0,0,3.852262016152963,1,1
miku-random-v2,prediction_noise,15,B1,B1-TimeAwareGreedy,1,1,0,3.965667343622858,2.7394449042198423,10.0,10.0,1.0,4.097414758768855,40.974147587688556,1.1137366104137663,0.009881953262997867,0.3108762436262918,0,0,3.7612190062645823,1,1
miku-random-v2,prediction_noise,15,B2,B2-IterativePVD,1,1,0,3.965667343622858,2.7394449042198423,10.0,10.0,1.0,4.097414758768855,40.974147587688556,1.1137366104137663,0.009881953262997867,0.3108762436262918,0,0,11.491896002553403,3,1
miku-random-v2,prediction_noise,15,MIKU,MIKU,1,1,0,3.965667343622858,2.7394449042198423,10.0,10.0,1.0,4.097414758768855,40.974147587688556,1.1137366104137663,0.009881953262997867,0.3108762436262918,0,0,4.073910997249186,1,0
miku-random-v2,prediction_noise,16,B0,B0-TimeBlind,0,0,0,7.176644578551747,2.1804563349283512,,15.0,0.2719730983751407,1.1312995074417214,11.312995074417213,4.0,0.0,3.9999999999999964,0,1,19.575051992433146,1,1
miku-random-v2,prediction_noise,16,B1,B1-TimeAwareGreedy,0,0,0,7.176644578551747,2.1804563349283512,,15.0,0.2719730983751407,1.1312995074417214,11.312995074417213,4.0,0.0,3.9999999999999964,0,1,24.8721829848364,1,1
miku-random-v2,prediction_noise,16,B2,B2-IterativePVD,0,0,0,7.176644578551747,2.1804563349283512,,15.0,0.2719730983751407,1.1312995074417214,11.312995074417213,4.0,0.0,3.9999999999999964,0,1,50.042137008858845,2,1
miku-random-v2,prediction_noise,16,MIKU,MIKU,0,0,0,7.176644578551747,2.1804563349283512,,15.0,0.2719730983751407,1.1312995074417214,11.312995074417213,4.0,0.0,3.9999999999999964,0,1,30.885437998222187,2,1
miku-random-v2,prediction_noise,17,B0,B0-TimeBlind,1,1,0,3.085310261691813,2.1707777300406277,10.0,10.0,1.0,4.077853674426073,40.778536744260734,1.3492031466237564,0.02185048266388854,0.3766017945259157,0,0,3.667669981950894,1,1
miku-random-v2,prediction_noise,17,B1,B1-TimeAwareGreedy,1,1,0,3.085310261691813,2.1707777300406277,10.0,10.0,1.0,4.077853674426073,40.778536744260734,1.3492031466237564,0.02185048266388854,0.3766017945259157,0,0,3.713413985678926,1,1
miku-random-v2,prediction_noise,17,B2,B2-IterativePVD,1,1,0,3.085310261691813,2.1707777300406277,10.0,10.0,1.0,4.077853674426073,40.778536744260734,1.3492031466237564,0.02185048266388854,0.3766017945259157,0,0,11.239219980780035,3,1
miku-random-v2,prediction_noise,17,MIKU,MIKU,1,1,0,3.085310261691813,2.1707777300406277,10.0,10.0,1.0,4.077853674426073,40.778536744260734,1.3492031466237564,0.02185048266388854,0.3766017945259157,0,0,3.9708040130790323,1,0
miku-random-v2,prediction_noise,18,B0,B0-TimeBlind,0,1,1,-1.8409851655744447,0.0,10.0,15.0,1.0,4.093723083025135,40.93723083025135,2.6419315599454896,0.04747647243391093,0.9328955604224183,1,0,21.69908201904036,1,1
miku-random-v2,prediction_noise,18,B1,B1-TimeAwareGreedy,0,1,1,-1.8409851655744447,0.0,10.0,15.0,1.0,4.093723083025135,40.93723083025135,2.6419315599454896,0.04747647243391093,0.9328955604224183,1,0,21.758070011856034,1,1
miku-random-v2,prediction_noise,18,B2,B2-IterativePVD,0,1,1,-1.8409851655744447,0.0,10.0,15.0,1.0,4.093723083025135,40.93723083025135,2.6419315599454896,0.04747647243391093,0.9328955604224183,1,0,65.7232059747912,3,1
miku-random-v2,prediction_noise,18,MIKU,MIKU,0,0,0,5.267258816657709,1.6224290935505616,,15.0,0.292738178057327,1.1938915307477338,11.938915307477338,4.0,0.0,4.000000000000014,0,1,30.849539005430415,2,1
miku-random-v2,prediction_noise,19,B0,B0-TimeBlind,1,1,0,3.2250474606451505,2.262818404586392,10.0,10.0,1.0,4.0710362852167155,40.71036285216716,1.3161989674125643,0.12459739751346334,0.36738936928893456,0,0,3.826647996902466,1,1
miku-random-v2,prediction_noise,19,B1,B1-TimeAwareGreedy,1,1,0,3.2250474606451505,2.262818404586392,10.0,10.0,1.0,4.0710362852167155,40.71036285216716,1.3161989674125643,0.12459739751346334,0.36738936928893456,0,0,3.842854988761246,1,1
miku-random-v2,prediction_noise,19,B2,B2-IterativePVD,1,1,0,3.2250474606451505,2.262818404586392,10.0,10.0,1.0,4.0710362852167155,40.71036285216716,1.3161989674125643,0.12459739751346334,0.36738936928893456,0,0,11.715339991496876,3,1
miku-random-v2,prediction_noise,19,MIKU,MIKU,0,0,0,12.052437160967987,3.1895673061524827,,15.0,0.21880256672023649,0.8681176295416666,8.681176295416666,4.0,0.0,3.9999999999999964,0,1,8.243029995355755,2,1
miku-random-v2,prediction_noise,20,B0,B0-TimeBlind,0,0,0,10.881679089896316,2.787543095505188,,15.0,0.24380117509160523,1.0180581934115438,10.180581934115438,4.0,0.0,3.9999999999999964,0,1,20.04682397819124,1,1
miku-random-v2,prediction_noise,20,B1,B1-TimeAwareGreedy,0,0,0,10.881679089896316,2.787543095505188,,15.0,0.24380117509160523,1.0180581934115438,10.180581934115438,4.0,0.0,3.9999999999999964,0,1,19.931513001210988,1,1
miku-random-v2,prediction_noise,20,B2,B2-IterativePVD,0,0,0,10.881679089896316,2.787543095505188,,15.0,0.24380117509160523,1.0180581934115438,10.180581934115438,4.0,0.0,3.9999999999999964,0,1,40.79704900505021,2,1
miku-random-v2,prediction_noise,20,MIKU,MIKU,0,0,0,10.881679089896316,2.787543095505188,,15.0,0.24380117509160523,1.0180581934115438,10.180581934115438,4.0,0.0,3.9999999999999964,0,1,18.818241980625317,2,1
miku-random-v2,prediction_noise,21,B0,B0-TimeBlind,0,0,0,17.212945559442733,5.486420817430306,,15.0,0.1797114920827189,0.751242756694341,7.51242756694341,4.0,0.0,4.000000000000005,0,1,20.486873982008547,1,1
miku-random-v2,prediction_noise,21,B1,B1-TimeAwareGreedy,0,0,0,17.212945559442733,5.486420817430306,,15.0,0.1797114920827189,0.751242756694341,7.51242756694341,4.0,0.0,4.000000000000005,0,1,20.62126199598424,1,1
miku-random-v2,prediction_noise,21,B2,B2-IterativePVD,0,0,0,17.212945559442733,5.486420817430306,,15.0,0.1797114920827189,0.751242756694341,7.51242756694341,4.0,0.0,4.000000000000005,0,1,40.85417301394045,2,1
miku-random-v2,prediction_noise,21,MIKU,MIKU,0,0,0,17.212945559442733,5.486420817430306,,15.0,0.1797114920827189,0.751242756694341,7.51242756694341,4.0,0.0,4.000000000000005,0,1,20.570695982314646,2,1
miku-random-v2,prediction_noise,22,B0,B0-TimeBlind,1,1,0,1.1114857252031989,1.0470610358255013,10.0,10.0,1.0,4.097470602166236,40.974706021662364,2.5431242724343446,0.014660030951182488,0.8946895909185576,0,0,23.297631996683776,1,1
miku-random-v2,prediction_noise,22,B1,B1-TimeAwareGreedy,1,1,0,1.1114857252031989,1.0470610358255013,10.0,10.0,1.0,4.097470602166236,40.974706021662364,2.5431242724343446,0.014660030951182488,0.8946895909185576,0,0,23.329046001890674,1,1
miku-random-v2,prediction_noise,22,B2,B2-IterativePVD,1,1,0,1.1114857252031989,1.0470610358255013,10.0,10.0,1.0,4.097470602166236,40.974706021662364,2.5431242724343446,0.014660030951182488,0.8946895909185576,0,0,69.97121899621561,3,1
miku-random-v2,prediction_noise,22,MIKU,MIKU,0,0,0,7.773966587942008,2.009612281392971,,15.0,0.2769439221501906,1.1329343848628768,11.329343848628769,4.0,0.0,3.9999999999999964,0,1,19.521312991855666,2,1
miku-random-v2,prediction_noise,23,B0,B0-TimeBlind,0,0,1,-0.3211973101350618,0.0,,15.0,0.9338080855429468,3.8212875621807947,38.212875621807946,2.2288667852560935,0.00013442408514201896,0.7804505326474422,2,1,54.30142299155705,1,1
miku-random-v2,prediction_noise,23,B1,B1-TimeAwareGreedy,0,0,1,-0.3211973101350618,0.0,,15.0,0.9338080855429468,3.8212875621807947,38.212875621807946,2.2288667852560935,0.00013442408514201896,0.7804505326474422,2,1,54.16226101806387,1,1
miku-random-v2,prediction_noise,23,B2,B2-IterativePVD,0,0,1,-0.3211973101350618,0.0,,15.0,0.9338080855429468,3.8212875621807947,38.212875621807946,2.2288667852560935,0.00013442408514201896,0.7804505326474422,2,1,163.98133800248615,3,1
miku-random-v2,prediction_noise,23,MIKU,MIKU,0,0,0,6.861438633776059,1.8953772567670473,,15.0,0.22696978400573714,0.9232505217335124,9.232505217335124,4.0,0.0,3.9999999999999964,0,1,36.32201298023574,2,1
miku-random-v2,prediction_noise,24,B0,B0-TimeBlind,1,1,0,10.535447153234697,4.607388842976455,10.0,10.0,1.0,4.095714688844948,40.95714688844948,1.3341052032979133,0.00207245037751191,0.3723875199265823,0,0,3.480153012787923,1,1
miku-random-v2,prediction_noise,24,B1,B1-TimeAwareGreedy,1,1,0,10.535447153234697,4.607388842976455,10.0,10.0,1.0,4.095714688844948,40.95714688844948,1.3341052032979133,0.00207245037751191,0.3723875199265823,0,0,3.515946998959407,1,1
miku-random-v2,prediction_noise,24,B2,B2-IterativePVD,1,1,0,10.535447153234697,4.607388842976455,10.0,10.0,1.0,4.095714688844948,40.95714688844948,1.3341052032979133,0.00207245037751191,0.3723875199265823,0,0,10.574996005743742,3,1
miku-random-v2,prediction_noise,24,MIKU,MIKU,1,1,0,10.535447153234697,4.607388842976455,10.0,10.0,1.0,4.095714688844948,40.95714688844948,1.3341052032979133,0.00207245037751191,0.3723875199265823,0,0,3.7880410091020167,1,0
miku-random-v2,prediction_noise,25,B0,B0-TimeBlind,0,1,1,-1.1556206544109653,0.0,10.0,15.0,1.0,4.092162619922935,40.92162619922935,2.1006787786386214,0.011656003893532888,0.6968749162567432,1,0,6.689731002552435,1,1
miku-random-v2,prediction_noise,25,B1,B1-TimeAwareGreedy,0,0,0,3.304639951489687,1.3487469156420706,,15.0,0.4024390488976839,1.6421697932749848,16.421697932749847,3.9130694988960855,0.00986167917138289,1.4836428919364097,0,1,26.368712016846985,1,1
miku-random-v2,prediction_noise,25,B2,B2-IterativePVD,0,1,1,-1.1556206544109653,0.0,10.0,15.0,1.0,4.092162619922935,40.92162619922935,2.1006787786386214,0.011656003893532888,0.6968749162567432,1,0,39.93223002180457,3,0
miku-random-v2,prediction_noise,25,MIKU,MIKU,0,0,0,6.01852707817323,1.763642815873189,,15.0,0.2701423913890833,1.0997422992198551,10.997422992198551,4.0,0.0,3.9999999999999964,0,1,18.430958996759728,2,1
miku-random-v2,prediction_noise,26,B0,B0-TimeBlind,0,1,1,-0.2122204867875057,0.0,10.0,15.0,1.0,4.0995160364111936,40.99516036411193,1.8024778789398543,0.008760114611760426,0.5031239406018476,1,0,3.8914640026632696,1,1
miku-random-v2,prediction_noise,26,B1,B1-TimeAwareGreedy,0,1,1,-0.2122204867875057,0.0,10.0,15.0,1.0,4.0995160364111936,40.99516036411193,1.8024778789398543,0.008760114611760426,0.5031239406018476,1,0,3.865227015921846,1,1
miku-random-v2,prediction_noise,26,B2,B2-IterativePVD,0,1,1,-0.2122204867875057,0.0,10.0,15.0,1.0,4.0995160364111936,40.99516036411193,1.8024778789398543,0.008760114611760426,0.5031239406018476,1,0,11.781406996306032,3,1
miku-random-v2,prediction_noise,26,MIKU,MIKU,0,0,0,11.078834809914945,2.5784575536769365,,15.0,0.3011651874446535,1.2342914819345883,12.342914819345882,4.0,0.0,4.000000000000014,0,1,10.757471027318388,2,1
miku-random-v2,prediction_noise,27,B0,B0-TimeBlind,0,1,1,-0.28779432132254157,0.0,10.0,15.0,1.0,4.0701678194664535,40.70167819466453,2.0523640708845727,0.011983792834265908,0.7321761070642526,1,0,7.11379200220108,1,1
miku-random-v2,prediction_noise,27,B1,B1-TimeAwareGreedy,0,1,1,-0.28779432132254157,0.0,10.0,15.0,1.0,4.0701678194664535,40.70167819466453,2.0523640708845727,0.011983792834265908,0.7321761070642526,1,0,7.162844005506486,1,1
miku-random-v2,prediction_noise,27,B2,B2-IterativePVD,0,1,1,-0.28779432132254157,0.0,10.0,15.0,1.0,4.0701678194664535,40.70167819466453,2.0523640708845727,0.011983792834265908,0.7321761070642526,1,0,21.624449989758432,3,1
miku-random-v2,prediction_noise,27,MIKU,MIKU,0,0,0,7.763772259295014,2.1194170886890085,,15.0,0.21054428617092938,0.8333992016247688,8.333992016247688,4.0,0.0,3.9999999999999964,0,1,60.109016980277374,2,1
miku-random-v2,prediction_noise,28,B0,B0-TimeBlind,0,0,0,8.929380169544714,2.3029457852887125,,15.0,0.30496444322459687,1.2607101045819715,12.607101045819716,4.0,0.0,3.9999999999999964,0,1,31.789264001417905,1,1
miku-random-v2,prediction_noise,28,B1,B1-TimeAwareGreedy,0,0,0,8.929380169544714,2.3029457852887125,,15.0,0.30496444322459687,1.2607101045819715,12.607101045819716,4.0,0.0,3.9999999999999964,0,1,22.6177699805703,1,1
miku-random-v2,prediction_noise,28,B2,B2-IterativePVD,0,0,0,8.929380169544714,2.3029457852887125,,15.0,0.30496444322459687,1.2607101045819715,12.607101045819716,4.0,0.0,3.9999999999999964,0,1,45.27427497669123,2,1
miku-random-v2,prediction_noise,28,MIKU,MIKU,0,0,0,8.929380169544714,2.3029457852887125,,15.0,0.30496444322459687,1.2607101045819715,12.607101045819716,4.0,0.0,3.9999999999999964,0,1,33.47686500637792,2,1
miku-random-v2,prediction_noise,29,B0,B0-TimeBlind,0,0,0,16.27686759204291,4.592659329224525,,15.0,0.2279504035388123,0.9527625277309808,9.527625277309808,4.0,0.0,3.9999999999999964,0,1,19.528586009982973,1,1
miku-random-v2,prediction_noise,29,B1,B1-TimeAwareGreedy,0,0,0,16.27686759204291,4.592659329224525,,15.0,0.2279504035388123,0.9527625277309808,9.527625277309808,4.0,0.0,3.9999999999999964,0,1,19.49802099261433,1,1
miku-random-v2,prediction_noise,29,B2,B2-IterativePVD,0,0,0,16.27686759204291,4.592659329224525,,15.0,0.2279504035388123,0.9527625277309808,9.527625277309808,4.0,0.0,3.9999999999999964,0,1,39.03506699134596,2,1
miku-random-v2,prediction_noise,29,MIKU,MIKU,0,0,0,16.27686759204291,4.592659329224525,,15.0,0.2279504035388123,0.9527625277309808,9.527625277309808,4.0,0.0,3.9999999999999964,0,1,19.746245990972966,2,1
miku-random-v2,prediction_noise,30,B0,B0-TimeBlind,0,0,0,13.44775027348877,3.0101098092353435,,15.0,0.2526955153979458,1.0400792189861712,10.400792189861711,4.0,0.0,3.9999999999999964,0,1,23.376359982648864,1,1
miku-random-v2,prediction_noise,30,B1,B1-TimeAwareGreedy,0,0,0,13.44775027348877,3.0101098092353435,,15.0,0.2526955153979458,1.0400792189861712,10.400792189861711,4.0,0.0,3.9999999999999964,0,1,23.35971698630601,1,1
miku-random-v2,prediction_noise,30,B2,B2-IterativePVD,0,0,0,13.44775027348877,3.0101098092353435,,15.0,0.2526955153979458,1.0400792189861712,10.400792189861711,4.0,0.0,3.9999999999999964,0,1,46.967224014224485,2,1
miku-random-v2,prediction_noise,30,MIKU,MIKU,0,0,0,13.44775027348877,3.0101098092353435,,15.0,0.2526955153979458,1.0400792189861712,10.400792189861711,4.0,0.0,3.9999999999999964,0,1,20.552722009597346,2,1
miku-random-v2,prediction_noise,31,B0,B0-TimeBlind,0,0,0,13.351858591458118,4.2883670232933335,,15.0,0.20833763384202278,0.8552487317667714,8.552487317667714,4.0,0.0,3.9999999999999964,0,1,12.472067028284073,1,1
miku-random-v2,prediction_noise,31,B1,B1-TimeAwareGreedy,0,0,0,13.351858591458118,4.2883670232933335,,15.0,0.20833763384202278,0.8552487317667714,8.552487317667714,4.0,0.0,3.9999999999999964,0,1,13.14248499693349,1,1
miku-random-v2,prediction_noise,31,B2,B2-IterativePVD,0,0,0,13.351858591458118,4.2883670232933335,,15.0,0.20833763384202278,0.8552487317667714,8.552487317667714,4.0,0.0,3.9999999999999964,0,1,26.47126800729893,2,1
miku-random-v2,prediction_noise,31,MIKU,MIKU,0,0,0,13.351858591458118,4.2883670232933335,,15.0,0.20833763384202278,0.8552487317667714,8.552487317667714,4.0,0.0,3.9999999999999964,0,1,12.839714996516705,2,1
miku-random-v2,prediction_noise,32,B0,B0-TimeBlind,1,1,0,3.706581908578368,2.735383813995566,10.0,10.0,1.0,4.093089391017678,40.93089391017678,1.048381292141759,0.01307476497869067,0.2926336756300603,0,0,3.920550982002169,1,1
miku-random-v2,prediction_noise,32,B1,B1-TimeAwareGreedy,1,1,0,3.706581908578368,2.735383813995566,10.0,10.0,1.0,4.093089391017678,40.93089391017678,1.048381292141759,0.01307476497869067,0.2926336756300603,0,0,3.9640439790673554,1,1
miku-random-v2,prediction_noise,32,B2,B2-IterativePVD,1,1,0,3.706581908578368,2.735383813995566,10.0,10.0,1.0,4.093089391017678,40.93089391017678,1.048381292141759,0.01307476497869067,0.2926336756300603,0,0,11.781393986893818,3,1
miku-random-v2,prediction_noise,32,MIKU,MIKU,1,1,0,3.706581908578368,2.735383813995566,10.0,10.0,1.0,4.093089391017678,40.93089391017678,1.048381292141759,0.01307476497869067,0.2926336756300603,0,0,4.1626169986557215,1,0
miku-random-v2,prediction_noise,33,B0,B0-TimeBlind,0,0,0,6.659915186939189,1.891886675445101,,15.0,0.2042222976350299,0.8479088477682104,8.479088477682104,4.0,0.0,3.9999999999999964,0,1,41.892292007105425,1,1
miku-random-v2,prediction_noise,33,B1,B1-TimeAwareGreedy,0,0,0,6.659915186939189,1.891886675445101,,15.0,0.2042222976350299,0.8479088477682104,8.479088477682104,4.0,0.0,3.9999999999999964,0,1,31.009889993583784,1,1
miku-random-v2,prediction_noise,33,B2,B2-IterativePVD,0,0,0,6.659915186939189,1.891886675445101,,15.0,0.2042222976350299,0.8479088477682104,8.479088477682104,4.0,0.0,3.9999999999999964,0,1,61.924451001686975,2,1
miku-random-v2,prediction_noise,33,MIKU,MIKU,0,0,0,6.659915186939189,1.891886675445101,,15.0,0.2042222976350299,0.8479088477682104,8.479088477682104,4.0,0.0,3.9999999999999964,0,1,37.57811800460331,2,1
miku-random-v2,prediction_noise,34,B0,B0-TimeBlind,0,0,0,13.395044878484223,4.249641371383364,,15.0,0.2017318316121947,0.8490354904872237,8.490354904872238,4.0,0.0,3.9999999999999964,0,1,19.2464740248397,1,1
miku-random-v2,prediction_noise,34,B1,B1-TimeAwareGreedy,0,0,0,13.395044878484223,4.249641371383364,,15.0,0.2017318316121947,0.8490354904872237,8.490354904872238,4.0,0.0,3.9999999999999964,0,1,19.453668006462976,1,1
miku-random-v2,prediction_noise,34,B2,B2-IterativePVD,0,0,0,13.395044878484223,4.249641371383364,,15.0,0.2017318316121947,0.8490354904872237,8.490354904872238,4.0,0.0,3.9999999999999964,0,1,38.84062898578122,2,1
miku-random-v2,prediction_noise,34,MIKU,MIKU,0,0,0,13.395044878484223,4.249641371383364,,15.0,0.2017318316121947,0.8490354904872237,8.490354904872238,4.0,0.0,3.9999999999999964,0,1,19.589500996517017,2,1
miku-random-v2,prediction_noise,35,B0,B0-TimeBlind,0,0,0,8.080977415056639,2.6724452926829376,,15.0,0.2820568779663837,1.179755588111377,11.797555881113771,4.0,0.0,4.000000000000014,0,1,16.732354008127004,1,1
miku-random-v2,prediction_noise,35,B1,B1-TimeAwareGreedy,0,0,0,8.080977415056639,2.6724452926829376,,15.0,0.2820568779663837,1.179755588111377,11.797555881113771,4.0,0.0,4.000000000000014,0,1,16.763474006438628,1,1
miku-random-v2,prediction_noise,35,B2,B2-IterativePVD,0,0,0,8.080977415056639,2.6724452926829376,,15.0,0.2820568779663837,1.179755588111377,11.797555881113771,4.0,0.0,4.000000000000014,0,1,33.41044101398438,2,1
miku-random-v2,prediction_noise,35,MIKU,MIKU,0,0,0,8.080977415056639,2.6724452926829376,,15.0,0.2820568779663837,1.179755588111377,11.797555881113771,4.0,0.0,4.000000000000014,0,1,32.21342002507299,2,1
miku-random-v2,prediction_noise,36,B0,B0-TimeBlind,1,1,0,6.198846942851351,2.9995773061036966,10.0,10.0,1.0,4.093669791820383,40.936697918203826,1.462566247445556,0.004399184778024769,0.4082447293273066,0,0,3.6305840185377747,1,1
miku-random-v2,prediction_noise,36,B1,B1-TimeAwareGreedy,1,1,0,6.198846942851351,2.9995773061036966,10.0,10.0,1.0,4.093669791820383,40.936697918203826,1.462566247445556,0.004399184778024769,0.4082447293273066,0,0,3.6494319792836905,1,1
miku-random-v2,prediction_noise,36,B2,B2-IterativePVD,1,1,0,6.198846942851351,2.9995773061036966,10.0,10.0,1.0,4.093669791820383,40.936697918203826,1.462566247445556,0.004399184778024769,0.4082447293273066,0,0,11.233591998461634,3,1
miku-random-v2,prediction_noise,36,MIKU,MIKU,1,1,0,6.198846942851351,2.9995773061036966,10.0,10.0,1.0,4.093669791820383,40.936697918203826,1.462566247445556,0.004399184778024769,0.4082447293273066,0,0,3.910931001883,1,0
miku-random-v2,prediction_noise,37,B0,B0-TimeBlind,0,0,0,13.237364826524198,3.4309413458535727,,15.0,0.25596374525406396,1.056601288934268,10.56601288934268,4.0,0.0,3.9999999999999964,0,1,21.422788995550945,1,1
miku-random-v2,prediction_noise,37,B1,B1-TimeAwareGreedy,0,0,0,13.237364826524198,3.4309413458535727,,15.0,0.25596374525406396,1.056601288934268,10.56601288934268,4.0,0.0,3.9999999999999964,0,1,21.473689004778862,1,1
miku-random-v2,prediction_noise,37,B2,B2-IterativePVD,0,0,0,13.237364826524198,3.4309413458535727,,15.0,0.25596374525406396,1.056601288934268,10.56601288934268,4.0,0.0,3.9999999999999964,0,1,42.881501984084025,2,1
miku-random-v2,prediction_noise,37,MIKU,MIKU,0,0,0,13.237364826524198,3.4309413458535727,,15.0,0.25596374525406396,1.056601288934268,10.56601288934268,4.0,0.0,3.9999999999999964,0,1,21.46704201004468,2,1
miku-random-v2,prediction_noise,38,B0,B0-TimeBlind,0,1,1,-0.187296963544469,0.0,10.0,15.0,1.0,4.0986832124789,40.986832124789,1.0336815696865382,0.026576394183438778,0.28853055604461125,1,0,3.95173899596557,1,1
miku-random-v2,prediction_noise,38,B1,B1-TimeAwareGreedy,0,1,1,-0.187296963544469,0.0,10.0,15.0,1.0,4.0986832124789,40.986832124789,1.0336815696865382,0.026576394183438778,0.28853055604461125,1,0,3.9943739830050617,1,1
miku-random-v2,prediction_noise,38,B2,B2-IterativePVD,0,1,1,-0.187296963544469,0.0,10.0,15.0,1.0,4.0986832124789,40.986832124789,1.0336815696865382,0.026576394183438778,0.28853055604461125,1,0,11.879703000886366,3,1
miku-random-v2,prediction_noise,38,MIKU,MIKU,0,0,0,9.231274254756796,2.745319035472503,,15.0,0.16937993147582767,0.693089104024659,6.930891040246589,4.0,0.0,3.9999999999999964,0,1,18.342152994591743,2,1
miku-random-v2,prediction_noise,39,B0,B0-TimeBlind,0,0,0,11.069777546375107,2.4489009118916347,,15.0,0.2935212881680882,1.2066807200919651,12.066807200919651,4.0,0.0,4.000000000000014,0,1,31.94104298017919,1,1
miku-random-v2,prediction_noise,39,B1,B1-TimeAwareGreedy,0,0,0,11.069777546375107,2.4489009118916347,,15.0,0.2935212881680882,1.2066807200919651,12.066807200919651,4.0,0.0,4.000000000000014,0,1,32.02640300150961,1,1
miku-random-v2,prediction_noise,39,B2,B2-IterativePVD,0,0,0,11.069777546375107,2.4489009118916347,,15.0,0.2935212881680882,1.2066807200919651,12.066807200919651,4.0,0.0,4.000000000000014,0,1,65.28476200764999,2,1
miku-random-v2,prediction_noise,39,MIKU,MIKU,0,0,0,11.069777546375107,2.4489009118916347,,15.0,0.2935212881680882,1.2066807200919651,12.066807200919651,4.0,0.0,4.000000000000014,0,1,30.378146009752527,2,1
miku-random-v2,prediction_noise,40,B0,B0-TimeBlind,0,0,0,9.6406987407698,2.6156265953030875,,15.0,0.2723068267402745,1.1256403649620013,11.256403649620013,4.0,0.0,3.9999999999999964,0,1,21.569611999439076,1,1
miku-random-v2,prediction_noise,40,B1,B1-TimeAwareGreedy,0,0,0,9.6406987407698,2.6156265953030875,,15.0,0.2723068267402745,1.1256403649620013,11.256403649620013,4.0,0.0,3.9999999999999964,0,1,21.362117026001215,1,1
miku-random-v2,prediction_noise,40,B2,B2-IterativePVD,0,0,0,9.6406987407698,2.6156265953030875,,15.0,0.2723068267402745,1.1256403649620013,11.256403649620013,4.0,0.0,3.9999999999999964,0,1,43.24620301485993,2,1
miku-random-v2,prediction_noise,40,MIKU,MIKU,0,0,0,9.6406987407698,2.6156265953030875,,15.0,0.2723068267402745,1.1256403649620013,11.256403649620013,4.0,0.0,3.9999999999999964,0,1,22.469421004643664,2,1
miku-random-v2,prediction_noise,41,B0,B0-TimeBlind,0,0,0,11.610658419915689,2.7723170083889856,,15.0,0.24369001718813635,1.0011400265301762,10.011400265301763,4.0,0.0,3.9999999999999964,0,1,18.709905009018257,1,1
miku-random-v2,prediction_noise,41,B1,B1-TimeAwareGreedy,0,0,0,11.610658419915689,2.7723170083889856,,15.0,0.24369001718813635,1.0011400265301762,10.011400265301763,4.0,0.0,3.9999999999999964,0,1,18.563594989245757,1,1
miku-random-v2,prediction_noise,41,B2,B2-IterativePVD,0,0,0,11.610658419915689,2.7723170083889856,,15.0,0.24369001718813635,1.0011400265301762,10.011400265301763,4.0,0.0,3.9999999999999964,0,1,37.40624099737033,2,1
miku-random-v2,prediction_noise,41,MIKU,MIKU,0,0,0,11.610658419915689,2.7723170083889856,,15.0,0.24369001718813635,1.0011400265301762,10.011400265301763,4.0,0.0,3.9999999999999964,0,1,26.88050299184397,2,1
miku-random-v2,prediction_noise,42,B0,B0-TimeBlind,0,0,0,9.608571798072653,2.4389111814580686,,15.0,0.2901323538403408,1.208519065736682,12.08519065736682,4.0,0.0,4.000000000000014,0,1,19.76737700169906,1,1
miku-random-v2,prediction_noise,42,B1,B1-TimeAwareGreedy,0,0,0,9.608571798072653,2.4389111814580686,,15.0,0.2901323538403408,1.208519065736682,12.08519065736682,4.0,0.0,4.000000000000014,0,1,19.724092009710148,1,1
miku-random-v2,prediction_noise,42,B2,B2-IterativePVD,0,0,0,9.608571798072653,2.4389111814580686,,15.0,0.2901323538403408,1.208519065736682,12.08519065736682,4.0,0.0,4.000000000000014,0,1,39.97663498739712,2,1
miku-random-v2,prediction_noise,42,MIKU,MIKU,0,0,0,9.608571798072653,2.4389111814580686,,15.0,0.2901323538403408,1.208519065736682,12.08519065736682,4.0,0.0,4.000000000000014,0,1,20.41458399617113,2,1
miku-random-v2,prediction_noise,43,B0,B0-TimeBlind,1,1,0,1.4516519277717705,1.4888104688318125,10.0,10.0,1.0,4.097920924281266,40.97920924281266,1.3565566462165066,0.008400312077062148,0.3786543698920487,0,0,3.8598419923800975,1,1
miku-random-v2,prediction_noise,43,B1,B1-TimeAwareGreedy,1,1,0,1.4516519277717705,1.4888104688318125,10.0,10.0,1.0,4.097920924281266,40.97920924281266,1.3565566462165066,0.008400312077062148,0.3786543698920487,0,0,3.8477109919767827,1,1
miku-random-v2,prediction_noise,43,B2,B2-IterativePVD,1,1,0,1.4516519277717705,1.4888104688318125,10.0,10.0,1.0,4.097920924281266,40.97920924281266,1.3565566462165066,0.008400312077062148,0.3786543698920487,0,0,11.789142998168245,3,1
miku-random-v2,prediction_noise,43,MIKU,MIKU,0,0,0,8.741709822565662,2.607450752571622,,15.0,0.22032758073661438,0.9012608943977156,9.012608943977156,4.0,0.0,3.9999999999999964,0,1,9.400096023455262,2,1
miku-random-v2,prediction_noise,44,B0,B0-TimeBlind,0,1,1,-1.4888635741879879,0.0,10.0,15.0,1.0,4.091926346621425,40.91926346621425,1.2255486896375998,0.007418367604541496,0.3890964529542861,1,0,7.855804986320436,1,1
miku-random-v2,prediction_noise,44,B1,B1-TimeAwareGreedy,0,1,1,-1.4888635741879879,0.0,10.0,15.0,1.0,4.091926346621425,40.91926346621425,1.2255486896375998,0.007418367604541496,0.3890964529542861,1,0,7.9263879742939025,1,1
miku-random-v2,prediction_noise,44,B2,B2-IterativePVD,0,1,1,-1.4888635741879879,0.0,10.0,15.0,1.0,4.091926346621425,40.91926346621425,1.2255486896375998,0.007418367604541496,0.3890964529542861,1,0,23.846639989642426,3,1
miku-random-v2,prediction_noise,44,MIKU,MIKU,0,0,0,8.189250608888994,2.327871098624055,,15.0,0.16390761915462548,0.6639429498405912,6.639429498405912,4.0,0.0,3.9999999999999964,0,1,14.386720984475687,2,1
miku-random-v2,prediction_noise,45,B0,B0-TimeBlind,1,1,0,8.956061977710196,3.9289377687909925,10.0,10.0,1.0,4.0975242071457725,40.97524207145772,1.376579399130612,0.02625539874490574,0.38424330192030465,0,0,3.644066979177296,1,1
miku-random-v2,prediction_noise,45,B1,B1-TimeAwareGreedy,1,1,0,8.956061977710196,3.9289377687909925,10.0,10.0,1.0,4.0975242071457725,40.97524207145772,1.376579399130612,0.02625539874490574,0.38424330192030465,0,0,3.6172610125504434,1,1
miku-random-v2,prediction_noise,45,B2,B2-IterativePVD,1,1,0,8.956061977710196,3.9289377687909925,10.0,10.0,1.0,4.0975242071457725,40.97524207145772,1.376579399130612,0.02625539874490574,0.38424330192030465,0,0,10.903729009442031,3,1
miku-random-v2,prediction_noise,45,MIKU,MIKU,1,1,0,8.956061977710196,3.9289377687909925,10.0,10.0,1.0,4.0975242071457725,40.97524207145772,1.376579399130612,0.02625539874490574,0.38424330192030465,0,0,3.8929840084165335,1,0
miku-random-v2,prediction_noise,46,B0,B0-TimeBlind,0,0,0,9.965471504363647,3.0556117189963197,,15.0,0.1585785270721165,0.6538150355131073,6.538150355131073,4.0,0.0,3.9999999999999964,0,1,33.47378401667811,1,1
miku-random-v2,prediction_noise,46,B1,B1-TimeAwareGreedy,0,0,0,9.965471504363647,3.0556117189963197,,15.0,0.1585785270721165,0.6538150355131073,6.538150355131073,4.0,0.0,3.9999999999999964,0,1,33.45759099465795,1,1
miku-random-v2,prediction_noise,46,B2,B2-IterativePVD,0,0,0,9.965471504363647,3.0556117189963197,,15.0,0.1585785270721165,0.6538150355131073,6.538150355131073,4.0,0.0,3.9999999999999964,0,1,66.8483390181791,2,1
miku-random-v2,prediction_noise,46,MIKU,MIKU,0,0,0,9.965471504363647,3.0556117189963197,,15.0,0.1585785270721165,0.6538150355131073,6.538150355131073,4.0,0.0,3.9999999999999964,0,1,28.670803003478795,2,1
miku-random-v2,prediction_noise,47,B0,B0-TimeBlind,0,0,0,8.49460997401298,2.1993776991932186,,15.0,0.2536385570393309,1.056849730394208,10.56849730394208,4.0,0.0,3.9999999999999964,0,1,18.28946199384518,1,1
miku-random-v2,prediction_noise,47,B1,B1-TimeAwareGreedy,0,0,0,8.49460997401298,2.1993776991932186,,15.0,0.2536385570393309,1.056849730394208,10.56849730394208,4.0,0.0,3.9999999999999964,0,1,18.344597017858177,1,1
miku-random-v2,prediction_noise,47,B2,B2-IterativePVD,0,0,0,8.49460997401298,2.1993776991932186,,15.0,0.2536385570393309,1.056849730394208,10.56849730394208,4.0,0.0,3.9999999999999964,0,1,36.73775799688883,2,1
miku-random-v2,prediction_noise,47,MIKU,MIKU,0,0,0,8.49460997401298,2.1993776991932186,,15.0,0.2536385570393309,1.056849730394208,10.56849730394208,4.0,0.0,3.9999999999999964,0,1,27.935963997151703,2,1
miku-random-v2,prediction_noise,48,B0,B0-TimeBlind,0,0,0,13.630347844655155,3.5127137672035236,,15.0,0.19068200137588923,0.7961726884464189,7.961726884464189,4.0,0.0,4.000000000000005,0,1,20.786731009138748,1,1
miku-random-v2,prediction_noise,48,B1,B1-TimeAwareGreedy,0,0,0,13.630347844655155,3.5127137672035236,,15.0,0.19068200137588923,0.7961726884464189,7.961726884464189,4.0,0.0,4.000000000000005,0,1,20.944899995811284,1,1
miku-random-v2,prediction_noise,48,B2,B2-IterativePVD,0,0,0,13.630347844655155,3.5127137672035236,,15.0,0.19068200137588923,0.7961726884464189,7.961726884464189,4.0,0.0,4.000000000000005,0,1,41.5747550141532,2,1
miku-random-v2,prediction_noise,48,MIKU,MIKU,0,0,0,13.630347844655155,3.5127137672035236,,15.0,0.19068200137588923,0.7961726884464189,7.961726884464189,4.0,0.0,4.000000000000005,0,1,20.97281298483722,2,1
miku-random-v2,prediction_noise,49,B0,B0-TimeBlind,0,0,0,8.18149486744393,2.1573261664654693,,15.0,0.28981221201685986,1.1953231228421284,11.953231228421284,4.0,0.0,4.000000000000014,0,1,34.454186010407284,1,1
miku-random-v2,prediction_noise,49,B1,B1-TimeAwareGreedy,0,0,0,8.18149486744393,2.1573261664654693,,15.0,0.28981221201685986,1.1953231228421284,11.953231228421284,4.0,0.0,4.000000000000014,0,1,34.48787200613879,1,1
miku-random-v2,prediction_noise,49,B2,B2-IterativePVD,0,0,0,8.18149486744393,2.1573261664654693,,15.0,0.28981221201685986,1.1953231228421284,11.953231228421284,4.0,0.0,4.000000000000014,0,1,68.82199400570244,2,1
miku-random-v2,prediction_noise,49,MIKU,MIKU,0,0,0,8.18149486744393,2.1573261664654693,,15.0,0.28981221201685986,1.1953231228421284,11.953231228421284,4.0,0.0,4.000000000000014,0,1,33.14512700308114,2,1
miku-random-v2,prediction_noise,50,B0,B0-TimeBlind,0,0,0,14.659654762025832,13.61413614003186,,15.0,0.167451798266233,0.6882508615966187,6.882508615966187,4.0,0.0,3.9999999999999964,0,1,18.917714012786746,1,1
miku-random-v2,prediction_noise,50,B1,B1-TimeAwareGreedy,0,0,0,14.659654762025832,13.61413614003186,,15.0,0.167451798266233,0.6882508615966187,6.882508615966187,4.0,0.0,3.9999999999999964,0,1,18.928178993519396,1,1
miku-random-v2,prediction_noise,50,B2,B2-IterativePVD,0,0,0,14.659654762025832,13.61413614003186,,15.0,0.167451798266233,0.6882508615966187,6.882508615966187,4.0,0.0,3.9999999999999964,0,1,37.80848300084472,2,1
miku-random-v2,prediction_noise,50,MIKU,MIKU,0,0,0,14.659654762025832,13.61413614003186,,15.0,0.167451798266233,0.6882508615966187,6.882508615966187,4.0,0.0,3.9999999999999964,0,1,19.05533199897036,2,1
miku-random-v2,prediction_noise,51,B0,B0-TimeBlind,1,1,0,9.757250229564495,4.662428056071836,10.0,10.0,1.0,4.096798154082402,40.96798154082402,1.1974958063201193,0.0003358242318334343,0.3342558685295301,0,0,3.5033790045417845,1,1
miku-random-v2,prediction_noise,51,B1,B1-TimeAwareGreedy,1,1,0,9.757250229564495,4.662428056071836,10.0,10.0,1.0,4.096798154082402,40.96798154082402,1.1974958063201193,0.0003358242318334343,0.3342558685295301,0,0,3.6422899866010994,1,1
miku-random-v2,prediction_noise,51,B2,B2-IterativePVD,1,1,0,9.757250229564495,4.662428056071836,10.0,10.0,1.0,4.096798154082402,40.96798154082402,1.1974958063201193,0.0003358242318334343,0.3342558685295301,0,0,10.777476010844111,3,1
miku-random-v2,prediction_noise,51,MIKU,MIKU,1,1,0,9.757250229564495,4.662428056071836,10.0,10.0,1.0,4.096798154082402,40.96798154082402,1.1974958063201193,0.0003358242318334343,0.3342558685295301,0,0,3.944405005313456,1,0
miku-random-v2,prediction_noise,52,B0,B0-TimeBlind,0,1,1,-0.9762601549292382,0.0,10.0,15.0,1.0,4.086678276528941,40.86678276528941,1.3454399042099872,0.011005860371025182,0.3923973007772047,1,0,6.007290008710697,1,1
miku-random-v2,prediction_noise,52,B1,B1-TimeAwareGreedy,0,1,1,-0.9762601549292382,0.0,10.0,15.0,1.0,4.086678276528941,40.86678276528941,1.3454399042099872,0.011005860371025182,0.3923973007772047,1,0,6.031753990100697,1,1
miku-random-v2,prediction_noise,52,B2,B2-IterativePVD,0,1,1,-0.9762601549292382,0.0,10.0,15.0,1.0,4.086678276528941,40.86678276528941,1.3454399042099872,0.011005860371025182,0.3923973007772047,1,0,18.28052700147964,3,1
miku-random-v2,prediction_noise,52,MIKU,MIKU,0,0,0,11.412109879053801,2.7337928963020395,,15.0,0.20655180466190512,0.8335345561458567,8.335345561458567,4.0,0.0,3.9999999999999964,0,1,13.267029979033396,2,1
miku-random-v2,prediction_noise,53,B0,B0-TimeBlind,0,0,0,9.11658291134713,2.1537204469089968,,15.0,0.28448170704791653,1.1679366447114314,11.679366447114315,4.0,0.0,4.000000000000014,0,1,47.648867999669164,1,1
miku-random-v2,prediction_noise,53,B1,B1-TimeAwareGreedy,0,0,0,9.11658291134713,2.1537204469089968,,15.0,0.28448170704791653,1.1679366447114314,11.679366447114315,4.0,0.0,4.000000000000014,0,1,47.49921802431345,1,1
miku-random-v2,prediction_noise,53,B2,B2-IterativePVD,0,0,0,9.11658291134713,2.1537204469089968,,15.0,0.28448170704791653,1.1679366447114314,11.679366447114315,4.0,0.0,4.000000000000014,0,1,98.35888398811221,2,1
miku-random-v2,prediction_noise,53,MIKU,MIKU,0,0,0,9.11658291134713,2.1537204469089968,,15.0,0.28448170704791653,1.1679366447114314,11.679366447114315,4.0,0.0,4.000000000000014,0,1,59.456448012497276,2,1
miku-random-v2,prediction_noise,54,B0,B0-TimeBlind,1,1,0,6.2718361118325685,3.7543452391727294,10.0,10.0,1.0,4.084206701692912,40.84206701692912,1.0888566423312127,0.0032561432582427943,0.30393152173539756,0,0,3.8114509952720255,1,1
miku-random-v2,prediction_noise,54,B1,B1-TimeAwareGreedy,1,1,0,6.2718361118325685,3.7543452391727294,10.0,10.0,1.0,4.084206701692912,40.84206701692912,1.0888566423312127,0.0032561432582427943,0.30393152173539756,0,0,3.7881070165894926,1,1
miku-random-v2,prediction_noise,54,B2,B2-IterativePVD,1,1,0,6.2718361118325685,3.7543452391727294,10.0,10.0,1.0,4.084206701692912,40.84206701692912,1.0888566423312127,0.0032561432582427943,0.30393152173539756,0,0,11.427499004639685,3,1
miku-random-v2,prediction_noise,54,MIKU,MIKU,1,1,0,6.2718361118325685,3.7543452391727294,10.0,10.0,1.0,4.084206701692912,40.84206701692912,1.0888566423312127,0.0032561432582427943,0.30393152173539756,0,0,4.037677979795262,1,0
miku-random-v2,prediction_noise,55,B0,B0-TimeBlind,1,1,0,4.556902408755763,2.3225647226460304,10.0,10.0,1.0,4.0893153865632,40.893153865632,1.7713442918636482,0.03368156314283337,0.4944336519731498,0,0,3.6270400159992278,1,1
miku-random-v2,prediction_noise,55,B1,B1-TimeAwareGreedy,1,1,0,4.556902408755763,2.3225647226460304,10.0,10.0,1.0,4.0893153865632,40.893153865632,1.7713442918636482,0.03368156314283337,0.4944336519731498,0,0,3.620550996856764,1,1
miku-random-v2,prediction_noise,55,B2,B2-IterativePVD,1,1,0,4.556902408755763,2.3225647226460304,10.0,10.0,1.0,4.0893153865632,40.893153865632,1.7713442918636482,0.03368156314283337,0.4944336519731498,0,0,11.244850989896804,3,1
miku-random-v2,prediction_noise,55,MIKU,MIKU,1,1,0,4.556902408755763,2.3225647226460304,10.0,10.0,1.0,4.0893153865632,40.893153865632,1.7713442918636482,0.03368156314283337,0.4944336519731498,0,0,3.9319970237556845,1,0
miku-random-v2,prediction_noise,56,B0,B0-TimeBlind,0,0,0,17.647567292125373,8.625635290589619,,15.0,0.14891586729624554,0.6215325549472255,6.215325549472255,4.0,0.0,4.000000000000005,0,1,20.716286002425477,1,1
miku-random-v2,prediction_noise,56,B1,B1-TimeAwareGreedy,0,0,0,17.647567292125373,8.625635290589619,,15.0,0.14891586729624554,0.6215325549472255,6.215325549472255,4.0,0.0,4.000000000000005,0,1,20.842472004005685,1,1
miku-random-v2,prediction_noise,56,B2,B2-IterativePVD,0,0,0,17.647567292125373,8.625635290589619,,15.0,0.14891586729624554,0.6215325549472255,6.215325549472255,4.0,0.0,4.000000000000005,0,1,40.857729996787384,2,1
miku-random-v2,prediction_noise,56,MIKU,MIKU,0,0,0,17.647567292125373,8.625635290589619,,15.0,0.14891586729624554,0.6215325549472255,6.215325549472255,4.0,0.0,4.000000000000005,0,1,20.43242400395684,2,1
miku-random-v2,prediction_noise,57,B0,B0-TimeBlind,0,0,0,11.59693200413453,4.628478257940676,,15.0,0.15716568764168762,0.646261244904428,6.462612449044281,4.0,0.0,4.000000000000005,0,1,18.741173000307754,1,1
miku-random-v2,prediction_noise,57,B1,B1-TimeAwareGreedy,0,0,0,11.59693200413453,4.628478257940676,,15.0,0.15716568764168762,0.646261244904428,6.462612449044281,4.0,0.0,4.000000000000005,0,1,18.83291400736198,1,1
miku-random-v2,prediction_noise,57,B2,B2-IterativePVD,0,0,0,11.59693200413453,4.628478257940676,,15.0,0.15716568764168762,0.646261244904428,6.462612449044281,4.0,0.0,4.000000000000005,0,1,37.55172999808565,2,1
miku-random-v2,prediction_noise,57,MIKU,MIKU,0,0,0,11.59693200413453,4.628478257940676,,15.0,0.15716568764168762,0.646261244904428,6.462612449044281,4.0,0.0,4.000000000000005,0,1,18.76919300411828,2,1
miku-random-v2,prediction_noise,58,B0,B0-TimeBlind,1,1,0,7.578613907999347,3.4080412467443506,10.0,10.0,1.0,4.093590097425616,40.93590097425616,1.4508197564651033,0.024283943562311543,0.4049659424421106,0,0,3.591459011659026,1,1
miku-random-v2,prediction_noise,58,B1,B1-TimeAwareGreedy,1,1,0,7.578613907999347,3.4080412467443506,10.0,10.0,1.0,4.093590097425616,40.93590097425616,1.4508197564651033,0.024283943562311543,0.4049659424421106,0,0,3.609494015108794,1,1
miku-random-v2,prediction_noise,58,B2,B2-IterativePVD,1,1,0,7.578613907999347,3.4080412467443506,10.0,10.0,1.0,4.093590097425616,40.93590097425616,1.4508197564651033,0.024283943562311543,0.4049659424421106,0,0,10.911608987953514,3,1
miku-random-v2,prediction_noise,58,MIKU,MIKU,1,1,0,7.578613907999347,3.4080412467443506,10.0,10.0,1.0,4.093590097425616,40.93590097425616,1.4508197564651033,0.024283943562311543,0.4049659424421106,0,0,3.8474219909403473,1,0
miku-random-v2,prediction_noise,59,B0,B0-TimeBlind,1,1,0,9.477918049049403,5.165776670505213,10.0,10.0,1.0,4.090218442218743,40.902184422187425,0.9166737017764943,0.0074250684172381684,0.25587026086313525,0,0,3.665205993456766,1,1
miku-random-v2,prediction_noise,59,B1,B1-TimeAwareGreedy,1,1,0,9.477918049049403,5.165776670505213,10.0,10.0,1.0,4.090218442218743,40.902184422187425,0.9166737017764943,0.0074250684172381684,0.25587026086313525,0,0,3.6798530200030655,1,1
miku-random-v2,prediction_noise,59,B2,B2-IterativePVD,1,1,0,9.477918049049403,5.165776670505213,10.0,10.0,1.0,4.090218442218743,40.902184422187425,0.9166737017764943,0.0074250684172381684,0.25587026086313525,0,0,11.219785985304043,3,1
miku-random-v2,prediction_noise,59,MIKU,MIKU,1,1,0,9.477918049049403,5.165776670505213,10.0,10.0,1.0,4.090218442218743,40.902184422187425,0.9166737017764943,0.0074250684172381684,0.25587026086313525,0,0,3.9697430038359016,1,0
miku-random-v2,prediction_noise,60,B0,B0-TimeBlind,0,0,0,10.116182159808439,2.8160597989025122,,15.0,0.2745746223630635,1.1331219205053804,11.331219205053804,4.0,0.0,3.9999999999999964,0,1,21.390655980212614,1,1
miku-random-v2,prediction_noise,60,B1,B1-TimeAwareGreedy,0,0,0,10.116182159808439,2.8160597989025122,,15.0,0.2745746223630635,1.1331219205053804,11.331219205053804,4.0,0.0,3.9999999999999964,0,1,21.559648972470313,1,1
miku-random-v2,prediction_noise,60,B2,B2-IterativePVD,0,0,0,10.116182159808439,2.8160597989025122,,15.0,0.2745746223630635,1.1331219205053804,11.331219205053804,4.0,0.0,3.9999999999999964,0,1,42.85595199326053,2,1
miku-random-v2,prediction_noise,60,MIKU,MIKU,0,0,0,10.116182159808439,2.8160597989025122,,15.0,0.2745746223630635,1.1331219205053804,11.331219205053804,4.0,0.0,3.9999999999999964,0,1,20.70581301813945,2,1
miku-random-v2,prediction_noise,61,B0,B0-TimeBlind,1,1,0,0.5281312544613499,0.9478806187156036,10.0,10.0,1.0,4.096995003958002,40.96995003958001,1.876385116997448,0.008985458900248771,0.6085390574820772,0,0,6.626543996389955,1,1
miku-random-v2,prediction_noise,61,B1,B1-TimeAwareGreedy,1,1,0,0.5281312544613499,0.9478806187156036,10.0,10.0,1.0,4.096995003958002,40.96995003958001,1.876385116997448,0.008985458900248771,0.6085390574820772,0,0,6.645593995926902,1,1
miku-random-v2,prediction_noise,61,B2,B2-IterativePVD,1,1,0,0.5281312544613499,0.9478806187156036,10.0,10.0,1.0,4.096995003958002,40.96995003958001,1.876385116997448,0.008985458900248771,0.6085390574820772,0,0,19.958046992542222,3,1
miku-random-v2,prediction_noise,61,MIKU,MIKU,0,0,0,9.453869374202466,2.337134223963604,,15.0,0.23844624898089573,0.9746214444880834,9.746214444880835,4.0,0.0,3.9999999999999964,0,1,17.49476999975741,2,1
miku-random-v2,prediction_noise,62,B0,B0-TimeBlind,0,0,0,1.3662992279203978,1.2548820624445782,,15.0,0.7746264805641471,3.1728041623252077,31.728041623252075,2.087448154738674,0.018666716298097026,0.7051053781608303,0,1,20.170959003735334,1,1
miku-random-v2,prediction_noise,62,B1,B1-TimeAwareGreedy,0,0,0,1.3662992279203978,1.2548820624445782,,15.0,0.7746264805641471,3.1728041623252077,31.728041623252075,2.087448154738674,0.018666716298097026,0.7051053781608303,0,1,20.09016799274832,1,1
miku-random-v2,prediction_noise,62,B2,B2-IterativePVD,0,0,0,1.3662992279203978,1.2548820624445782,,15.0,0.7746264805641471,3.1728041623252077,31.728041623252075,2.087448154738674,0.018666716298097026,0.7051053781608303,0,1,60.27561199152842,3,1
miku-random-v2,prediction_noise,62,MIKU,MIKU,0,0,0,8.816301060664031,2.2410726830728387,,15.0,0.1954730944972226,0.7982542424061467,7.982542424061467,4.0,0.0,4.000000000000005,0,1,23.367412999505177,2,1
miku-random-v2,prediction_noise,63,B0,B0-TimeBlind,1,1,0,14.429052356646974,8.597094563547836,10.0,10.0,1.0,4.087909555053519,40.8790955505352,0.8882364515861702,0.007475359805690288,0.2479325981917716,0,0,3.5066110140178353,1,1
miku-random-v2,prediction_noise,63,B1,B1-TimeAwareGreedy,1,1,0,14.429052356646974,8.597094563547836,10.0,10.0,1.0,4.087909555053519,40.8790955505352,0.8882364515861702,0.007475359805690288,0.2479325981917716,0,0,3.5002939985133708,1,1
miku-random-v2,prediction_noise,63,B2,B2-IterativePVD,1,1,0,14.429052356646974,8.597094563547836,10.0,10.0,1.0,4.087909555053519,40.8790955505352,0.8882364515861702,0.007475359805690288,0.2479325981917716,0,0,10.689168004319072,3,1
miku-random-v2,prediction_noise,63,MIKU,MIKU,1,1,0,14.429052356646974,8.597094563547836,10.0,10.0,1.0,4.087909555053519,40.8790955505352,0.8882364515861702,0.007475359805690288,0.2479325981917716,0,0,3.8216999964788556,1,0
miku-random-v2,prediction_noise,64,B0,B0-TimeBlind,1,1,0,4.363230723193092,2.540420776386035,10.0,10.0,1.0,4.0888682610887255,40.88868261088725,1.4095972219110566,0.0017921641935447449,0.3934595354738309,0,0,3.794930991716683,1,1
miku-random-v2,prediction_noise,64,B1,B1-TimeAwareGreedy,1,1,0,4.363230723193092,2.540420776386035,10.0,10.0,1.0,4.0888682610887255,40.88868261088725,1.4095972219110566,0.0017921641935447449,0.3934595354738309,0,0,3.7949130055494606,1,1
miku-random-v2,prediction_noise,64,B2,B2-IterativePVD,1,1,0,4.363230723193092,2.540420776386035,10.0,10.0,1.0,4.0888682610887255,40.88868261088725,1.4095972219110566,0.0017921641935447449,0.3934595354738309,0,0,11.43651400343515,3,1
miku-random-v2,prediction_noise,64,MIKU,MIKU,0,0,0,11.727657189311664,3.2563693537772087,,15.0,0.23104083033580286,0.9361354401079456,9.361354401079456,4.0,0.0,3.9999999999999964,0,1,12.077982974005863,2,1
miku-random-v2,prediction_noise,65,B0,B0-TimeBlind,0,0,0,7.258657737026244,1.9221758784670133,,15.0,0.24483796245990008,1.0090096481406579,10.09009648140658,4.0,0.0,3.9999999999999964,0,1,35.18461302155629,1,1
miku-random-v2,prediction_noise,65,B1,B1-TimeAwareGreedy,0,0,0,7.258657737026244,1.9221758784670133,,15.0,0.24483796245990008,1.0090096481406579,10.09009648140658,4.0,0.0,3.9999999999999964,0,1,35.25610099313781,1,1
miku-random-v2,prediction_noise,65,B2,B2-IterativePVD,0,0,0,7.258657737026244,1.9221758784670133,,15.0,0.24483796245990008,1.0090096481406579,10.09009648140658,4.0,0.0,3.9999999999999964,0,1,70.42329999967478,2,1
miku-random-v2,prediction_noise,65,MIKU,MIKU,0,0,0,7.258657737026244,1.9221758784670133,,15.0,0.24483796245990008,1.0090096481406579,10.09009648140658,4.0,0.0,3.9999999999999964,0,1,41.46998198120855,2,1
miku-random-v2,prediction_noise,66,B0,B0-TimeBlind,0,0,0,6.599967340958132,1.936950356488891,,15.0,0.2404792077228196,0.9939574166535394,9.939574166535394,4.0,0.0,3.9999999999999964,0,1,33.82623000652529,1,1
miku-random-v2,prediction_noise,66,B1,B1-TimeAwareGreedy,0,0,0,6.599967340958132,1.936950356488891,,15.0,0.2404792077228196,0.9939574166535394,9.939574166535394,4.0,0.0,3.9999999999999964,0,1,33.780144003685564,1,1
miku-random-v2,prediction_noise,66,B2,B2-IterativePVD,0,0,0,6.599967340958132,1.936950356488891,,15.0,0.2404792077228196,0.9939574166535394,9.939574166535394,4.0,0.0,3.9999999999999964,0,1,67.89431697688997,2,1
miku-random-v2,prediction_noise,66,MIKU,MIKU,0,0,0,6.599967340958132,1.936950356488891,,15.0,0.2404792077228196,0.9939574166535394,9.939574166535394,4.0,0.0,3.9999999999999964,0,1,36.059378006029874,2,1
miku-random-v2,prediction_noise,67,B0,B0-TimeBlind,0,0,0,0.9379226097883597,0.9604901595577124,,15.0,0.8142639802309919,3.331298887990156,33.31298887990156,2.4767725866129933,0.004600449652620766,0.889499555008239,0,1,11.44645400927402,1,1
miku-random-v2,prediction_noise,67,B1,B1-TimeAwareGreedy,0,0,0,0.9379226097883597,0.9604901595577124,,15.0,0.8142639802309919,3.331298887990156,33.31298887990156,2.4767725866129933,0.004600449652620766,0.889499555008239,0,1,11.465780000435188,1,1
miku-random-v2,prediction_noise,67,B2,B2-IterativePVD,0,0,0,0.9379226097883597,0.9604901595577124,,15.0,0.8142639802309919,3.331298887990156,33.31298887990156,2.4767725866129933,0.004600449652620766,0.889499555008239,0,1,34.498745983000845,3,1
miku-random-v2,prediction_noise,67,MIKU,MIKU,0,0,0,6.753821981579573,1.8826943314856988,,15.0,0.21635501035541393,0.8798710393924406,8.798710393924406,4.0,0.0,3.9999999999999964,0,1,44.08498198608868,2,1
miku-random-v2,prediction_noise,68,B0,B0-TimeBlind,0,0,0,12.663836211016793,3.0806127745733805,,15.0,0.17778110417358692,0.7478241017191822,7.478241017191822,4.0,0.0,4.000000000000005,0,1,25.776202994165942,1,1
miku-random-v2,prediction_noise,68,B1,B1-TimeAwareGreedy,0,0,0,12.663836211016793,3.0806127745733805,,15.0,0.17778110417358692,0.7478241017191822,7.478241017191822,4.0,0.0,4.000000000000005,0,1,25.658805010607466,1,1
miku-random-v2,prediction_noise,68,B2,B2-IterativePVD,0,0,0,12.663836211016793,3.0806127745733805,,15.0,0.17778110417358692,0.7478241017191822,7.478241017191822,4.0,0.0,4.000000000000005,0,1,51.62828601896763,2,1
miku-random-v2,prediction_noise,68,MIKU,MIKU,0,0,0,12.663836211016793,3.0806127745733805,,15.0,0.17778110417358692,0.7478241017191822,7.478241017191822,4.0,0.0,4.000000000000005,0,1,26.000017998740077,2,1
miku-random-v2,prediction_noise,69,B0,B0-TimeBlind,0,1,1,-0.35648952935139633,0.0,10.0,15.0,1.0,4.080561411290929,40.80561411290929,2.0279660933329318,0.030544431775697763,0.5958057782875616,1,0,5.67597898771055,1,1
miku-random-v2,prediction_noise,69,B1,B1-TimeAwareGreedy,0,1,1,-0.35648952935139633,0.0,10.0,15.0,1.0,4.080561411290929,40.80561411290929,2.0279660933329318,0.030544431775697763,0.5958057782875616,1,0,5.702366994228214,1,1
miku-random-v2,prediction_noise,69,B2,B2-IterativePVD,0,1,1,-0.35648952935139633,0.0,10.0,15.0,1.0,4.080561411290929,40.80561411290929,2.0279660933329318,0.030544431775697763,0.5958057782875616,1,0,17.145468009402975,3,1
miku-random-v2,prediction_noise,69,MIKU,MIKU,0,0,0,10.666984472080529,2.395835786952324,,15.0,0.32322699077124667,1.30577362572417,13.0577362572417,4.0,0.0,3.9999999999999964,0,1,17.955168994376436,2,1
miku-random-v2,prediction_noise,70,B0,B0-TimeBlind,1,1,0,0.6566802044199145,1.0597159028120755,10.0,10.0,1.0,4.09959833664311,40.9959833664311,2.7412677471472775,0.00699199580045764,1.0015831573197866,0,0,10.161826008697972,1,1
miku-random-v2,prediction_noise,70,B1,B1-TimeAwareGreedy,1,1,0,0.6566802044199145,1.0597159028120755,10.0,10.0,1.0,4.09959833664311,40.9959833664311,2.7412677471472775,0.00699199580045764,1.0015831573197866,0,0,10.151030000997707,1,1
miku-random-v2,prediction_noise,70,B2,B2-IterativePVD,1,1,0,0.6566802044199145,1.0597159028120755,10.0,10.0,1.0,4.09959833664311,40.9959833664311,2.7412677471472775,0.00699199580045764,1.0015831573197866,0,0,30.584252992412075,3,1
miku-random-v2,prediction_noise,70,MIKU,MIKU,0,0,0,7.482290492193378,1.9539400969050362,,15.0,0.2639589928206354,1.0818285136618033,10.818285136618034,4.0,0.0,3.9999999999999964,0,1,15.01157198799774,2,1
miku-random-v2,prediction_noise,71,B0,B0-TimeBlind,1,1,0,0.31931334849892856,0.7312491542576396,10.0,10.0,1.0,4.07053733440893,40.705373344089296,1.6426222561187922,0.015403295687993205,0.49152183231073554,0,0,6.129660992883146,1,1
miku-random-v2,prediction_noise,71,B1,B1-TimeAwareGreedy,1,1,0,0.31931334849892856,0.7312491542576396,10.0,10.0,1.0,4.07053733440893,40.705373344089296,1.6426222561187922,0.015403295687993205,0.49152183231073554,0,0,6.1778810049872845,1,1
miku-random-v2,prediction_noise,71,B2,B2-IterativePVD,1,1,0,0.31931334849892856,0.7312491542576396,10.0,10.0,1.0,4.07053733440893,40.705373344089296,1.6426222561187922,0.015403295687993205,0.49152183231073554,0,0,18.518683995353058,3,1
miku-random-v2,prediction_noise,71,MIKU,MIKU,0,0,0,9.25598881161248,2.3893192653067623,,15.0,0.24984991429997544,0.9949217774243904,9.949217774243904,4.0,0.0,3.9999999999999964,0,1,12.7819930203259,2,1
miku-random-v2,prediction_noise,72,B0,B0-TimeBlind,1,1,0,2.3845636866292423,1.9452403432936531,10.0,10.0,1.0,4.086313920692048,40.86313920692048,1.3001733232726524,0.019975815829436055,0.36291614644134484,0,0,3.719683998497203,1,1
miku-random-v2,prediction_noise,72,B1,B1-TimeAwareGreedy,0,0,0,5.42682993963253,2.470705868331311,,15.0,0.5609756345057749,2.286339956248216,22.86339956248216,2.147433621979708,0.018225456158496457,0.6576423950837733,0,1,7.246090011904016,1,1
miku-random-v2,prediction_noise,72,B2,B2-IterativePVD,1,1,0,2.3845636866292423,1.9452403432936531,10.0,10.0,1.0,4.086313920692048,40.86313920692048,1.3001733232726524,0.019975815829436055,0.36291614644134484,0,0,14.959191990783438,3,0
miku-random-v2,prediction_noise,72,MIKU,MIKU,0,0,0,9.96612413964464,2.901952970388733,,15.0,0.21322123867324744,0.860502487251481,8.60502487251481,4.0,0.0,3.9999999999999964,0,1,7.848986977478489,2,1
miku-random-v2,prediction_noise,73,B0,B0-TimeBlind,0,0,0,0.5427135175965807,1.231799839140074,,15.0,0.9055850138346455,3.6896356324174997,36.896356324174995,1.3571253775522139,0.013672790504548124,0.4088083847628502,0,1,9.786334005184472,1,1
miku-random-v2,prediction_noise,73,B1,B1-TimeAwareGreedy,0,0,0,0.5427135175965807,1.231799839140074,,15.0,0.9055850138346455,3.6896356324174997,36.896356324174995,1.3571253775522139,0.013672790504548124,0.4088083847628502,0,1,9.669825987657532,1,1
miku-random-v2,prediction_noise,73,B2,B2-IterativePVD,0,0,0,0.5427135175965807,1.231799839140074,,15.0,0.9055850138346455,3.6896356324174997,36.896356324174995,1.3571253775522139,0.013672790504548124,0.4088083847628502,0,1,29.257793008582667,3,1
miku-random-v2,prediction_noise,73,MIKU,MIKU,0,0,0,11.837982509998291,3.170561912700422,,15.0,0.18139453627178212,0.720442070637895,7.20442070637895,4.0,0.0,3.9999999999999964,0,1,16.815363022033125,2,1
miku-random-v2,prediction_noise,74,B0,B0-TimeBlind,0,1,1,-1.3814940947160537,0.0,10.0,15.0,1.0,4.086448191322578,40.86448191322578,1.1761288829195036,0.010293957030833368,0.35751163578424355,1,0,7.310803019208834,1,1
miku-random-v2,prediction_noise,74,B1,B1-TimeAwareGreedy,0,1,1,-1.3814940947160537,0.0,10.0,15.0,1.0,4.086448191322578,40.86448191322578,1.1761288829195036,0.010293957030833368,0.35751163578424355,1,0,7.290231995284557,1,1
miku-random-v2,prediction_noise,74,B2,B2-IterativePVD,0,1,1,-1.3814940947160537,0.0,10.0,15.0,1.0,4.086448191322578,40.86448191322578,1.1761288829195036,0.010293957030833368,0.35751163578424355,1,0,22.09763301652856,3,1
miku-random-v2,prediction_noise,74,MIKU,MIKU,0,0,0,9.76209629666015,3.16426607506374,,15.0,0.17089260322589958,0.6870998109381445,6.870998109381445,4.0,0.0,3.9999999999999964,0,1,17.065844003809616,2,1
miku-random-v2,prediction_noise,75,B0,B0-TimeBlind,0,1,1,-1.9583551282575773,0.0,10.0,15.0,1.0,4.09008450999015,40.900845099901495,1.5658531421837834,0.01559048417926709,0.4370751022824137,1,0,3.9334759931080043,1,1
miku-random-v2,prediction_noise,75,B1,B1-TimeAwareGreedy,0,1,1,-1.9583551282575773,0.0,10.0,15.0,1.0,4.09008450999015,40.900845099901495,1.5658531421837834,0.01559048417926709,0.4370751022824137,1,0,3.9344640099443495,1,1
miku-random-v2,prediction_noise,75,B2,B2-IterativePVD,0,1,1,-1.9583551282575773,0.0,10.0,15.0,1.0,4.09008450999015,40.900845099901495,1.5658531421837834,0.01559048417926709,0.4370751022824137,1,0,11.899376986548305,3,1
miku-random-v2,prediction_noise,75,MIKU,MIKU,0,0,0,10.63697759295863,2.449195311621296,,15.0,0.25829727824594867,1.0490957021326301,10.490957021326302,4.0,0.0,3.9999999999999964,0,1,12.429723981767893,2,1
miku-random-v2,prediction_noise,76,B0,B0-TimeBlind,0,0,0,2.6166437880096254,1.4354986810697588,,15.0,0.8679557124172462,3.558096666333852,35.58096666333852,2.807042317985669,0.003885171505918844,0.9572775664717489,0,1,7.933966990094632,1,1
miku-random-v2,prediction_noise,76,B1,B1-TimeAwareGreedy,0,0,0,2.6166437880096254,1.4354986810697588,,15.0,0.8679557124172462,3.558096666333852,35.58096666333852,2.807042317985669,0.003885171505918844,0.9572775664717489,0,1,7.930871011922136,1,1
miku-random-v2,prediction_noise,76,B2,B2-IterativePVD,0,0,0,2.6166437880096254,1.4354986810697588,,15.0,0.8679557124172462,3.558096666333852,35.58096666333852,2.807042317985669,0.003885171505918844,0.9572775664717489,0,1,24.103710980853066,3,1
miku-random-v2,prediction_noise,76,MIKU,MIKU,0,0,0,9.83849108968759,2.255316291229413,,15.0,0.3002474079428952,1.2304922526963804,12.304922526963804,4.0,0.0,4.000000000000014,0,1,31.430989009095356,2,1
miku-random-v2,prediction_noise,77,B0,B0-TimeBlind,0,0,0,7.366712150967995,2.1517957692605143,,15.0,0.22914426518814032,0.9460282470767034,9.460282470767034,4.0,0.0,3.9999999999999964,0,1,33.204147999640554,1,1
miku-random-v2,prediction_noise,77,B1,B1-TimeAwareGreedy,0,0,0,7.366712150967995,2.1517957692605143,,15.0,0.22914426518814032,0.9460282470767034,9.460282470767034,4.0,0.0,3.9999999999999964,0,1,33.20323600200936,1,1
miku-random-v2,prediction_noise,77,B2,B2-IterativePVD,0,0,0,7.366712150967995,2.1517957692605143,,15.0,0.22914426518814032,0.9460282470767034,9.460282470767034,4.0,0.0,3.9999999999999964,0,1,66.42352099879645,2,1
miku-random-v2,prediction_noise,77,MIKU,MIKU,0,0,0,7.366712150967995,2.1517957692605143,,15.0,0.22914426518814032,0.9460282470767034,9.460282470767034,4.0,0.0,3.9999999999999964,0,1,34.10184700624086,2,1
miku-random-v2,prediction_noise,78,B0,B0-TimeBlind,0,0,0,11.740420672910389,2.7235287961080026,,15.0,0.2404902579782322,0.9949085963558935,9.949085963558934,4.0,0.0,3.9999999999999964,0,1,32.04019999247976,1,1
miku-random-v2,prediction_noise,78,B1,B1-TimeAwareGreedy,0,0,0,11.740420672910389,2.7235287961080026,,15.0,0.2404902579782322,0.9949085963558935,9.949085963558934,4.0,0.0,3.9999999999999964,0,1,32.44425301090814,1,1
miku-random-v2,prediction_noise,78,B2,B2-IterativePVD,0,0,0,11.740420672910389,2.7235287961080026,,15.0,0.2404902579782322,0.9949085963558935,9.949085963558934,4.0,0.0,3.9999999999999964,0,1,66.86107200221159,2,1
miku-random-v2,prediction_noise,78,MIKU,MIKU,0,0,0,11.740420672910389,2.7235287961080026,,15.0,0.2404902579782322,0.9949085963558935,9.949085963558934,4.0,0.0,3.9999999999999964,0,1,29.938683001091704,2,1
miku-random-v2,prediction_noise,79,B0,B0-TimeBlind,0,0,0,10.215742213837396,2.7203758748194047,,15.0,0.22806133071445822,0.9421615383378136,9.421615383378136,4.0,0.0,3.9999999999999964,0,1,33.505586005048826,1,1
miku-random-v2,prediction_noise,79,B1,B1-TimeAwareGreedy,0,0,0,10.215742213837396,2.7203758748194047,,15.0,0.22806133071445822,0.9421615383378136,9.421615383378136,4.0,0.0,3.9999999999999964,0,1,32.93555701384321,1,1
miku-random-v2,prediction_noise,79,B2,B2-IterativePVD,0,0,0,10.215742213837396,2.7203758748194047,,15.0,0.22806133071445822,0.9421615383378136,9.421615383378136,4.0,0.0,3.9999999999999964,0,1,65.914086997509,2,1
miku-random-v2,prediction_noise,79,MIKU,MIKU,0,0,0,10.215742213837396,2.7203758748194047,,15.0,0.22806133071445822,0.9421615383378136,9.421615383378136,4.0,0.0,3.9999999999999964,0,1,33.027981990017,2,1
miku-random-v2,prediction_noise,80,B0,B0-TimeBlind,0,1,1,-1.089437321011511,0.0,10.0,15.0,1.0,4.086852979419032,40.868529794190316,1.6607256488477278,0.005443353265743681,0.5388188452079696,1,0,7.709797995630652,1,1
miku-random-v2,prediction_noise,80,B1,B1-TimeAwareGreedy,0,1,1,-1.089437321011511,0.0,10.0,15.0,1.0,4.086852979419032,40.868529794190316,1.6607256488477278,0.005443353265743681,0.5388188452079696,1,0,7.715419022133574,1,1
miku-random-v2,prediction_noise,80,B2,B2-IterativePVD,0,1,1,-1.089437321011511,0.0,10.0,15.0,1.0,4.086852979419032,40.868529794190316,1.6607256488477278,0.005443353265743681,0.5388188452079696,1,0,24.94313000352122,3,1
miku-random-v2,prediction_noise,80,MIKU,MIKU,0,0,0,9.14343279800046,2.329688574759853,,15.0,0.21004362969949852,0.8480302888267289,8.480302888267289,4.0,0.0,3.9999999999999964,0,1,13.87456597876735,2,1
miku-random-v2,prediction_noise,81,B0,B0-TimeBlind,1,1,0,3.079403259318113,2.5205638382082056,10.0,10.0,1.0,4.09399879001783,40.939987900178295,1.108437937708544,0.004777069267304098,0.3093972301401584,0,0,3.8318809820339084,1,1
miku-random-v2,prediction_noise,81,B1,B1-TimeAwareGreedy,1,1,0,3.079403259318113,2.5205638382082056,10.0,10.0,1.0,4.09399879001783,40.939987900178295,1.108437937708544,0.004777069267304098,0.3093972301401584,0,0,3.8038849888835102,1,1
miku-random-v2,prediction_noise,81,B2,B2-IterativePVD,1,1,0,3.079403259318113,2.5205638382082056,10.0,10.0,1.0,4.09399879001783,40.939987900178295,1.108437937708544,0.004777069267304098,0.3093972301401584,0,0,11.573177005629987,3,1
miku-random-v2,prediction_noise,81,MIKU,MIKU,1,1,0,3.079403259318113,2.5205638382082056,10.0,10.0,1.0,4.09399879001783,40.939987900178295,1.108437937708544,0.004777069267304098,0.3093972301401584,0,0,4.104106017621234,1,0
miku-random-v2,prediction_noise,82,B0,B0-TimeBlind,1,1,0,7.914983154357645,3.7495779935870313,10.0,10.0,1.0,4.084172129947721,40.84172129947721,1.3154628638392443,0.002298875242278391,0.3671839013967466,0,0,3.5488689900375903,1,1
miku-random-v2,prediction_noise,82,B1,B1-TimeAwareGreedy,1,1,0,7.914983154357645,3.7495779935870313,10.0,10.0,1.0,4.084172129947721,40.84172129947721,1.3154628638392443,0.002298875242278391,0.3671839013967466,0,0,3.573687019525096,1,1
miku-random-v2,prediction_noise,82,B2,B2-IterativePVD,1,1,0,7.914983154357645,3.7495779935870313,10.0,10.0,1.0,4.084172129947721,40.84172129947721,1.3154628638392443,0.002298875242278391,0.3671839013967466,0,0,10.802819015225396,3,1
miku-random-v2,prediction_noise,82,MIKU,MIKU,1,1,0,7.914983154357645,3.7495779935870313,10.0,10.0,1.0,4.084172129947721,40.84172129947721,1.3154628638392443,0.002298875242278391,0.3671839013967466,0,0,3.8492899911943823,1,0
miku-random-v2,prediction_noise,83,B0,B0-TimeBlind,1,1,0,3.7988020930694972,2.8222994261253898,10.0,10.0,1.0,4.088650532401579,40.88650532401579,0.9970009646607542,0.009422469104362598,0.27829193355729126,0,0,3.8879009953234345,1,1
miku-random-v2,prediction_noise,83,B1,B1-TimeAwareGreedy,1,1,0,3.7988020930694972,2.8222994261253898,10.0,10.0,1.0,4.088650532401579,40.88650532401579,0.9970009646607542,0.009422469104362598,0.27829193355729126,0,0,3.9000019896775484,1,1
miku-random-v2,prediction_noise,83,B2,B2-IterativePVD,1,1,0,3.7988020930694972,2.8222994261253898,10.0,10.0,1.0,4.088650532401579,40.88650532401579,0.9970009646607542,0.009422469104362598,0.27829193355729126,0,0,11.72503997804597,3,1
miku-random-v2,prediction_noise,83,MIKU,MIKU,0,0,0,10.857258239529513,3.5695208201223303,,15.0,0.16601937619876986,0.6693229928158846,6.693229928158846,4.0,0.0,3.9999999999999964,0,1,8.064728986937553,2,1
miku-random-v2,prediction_noise,84,B0,B0-TimeBlind,1,1,0,0.23210181461559198,0.5522439271588684,10.0,10.0,1.0,4.083294902896506,40.83294902896507,2.2661291457664716,0.03139149064032471,0.7655460706260894,0,0,15.40904599823989,1,1
miku-random-v2,prediction_noise,84,B1,B1-TimeAwareGreedy,1,1,0,0.23210181461559198,0.5522439271588684,10.0,10.0,1.0,4.083294902896506,40.83294902896507,2.2661291457664716,0.03139149064032471,0.7655460706260894,0,0,15.31329398858361,1,1
miku-random-v2,prediction_noise,84,B2,B2-IterativePVD,1,1,0,0.23210181461559198,0.5522439271588684,10.0,10.0,1.0,4.083294902896506,40.83294902896507,2.2661291457664716,0.03139149064032471,0.7655460706260894,0,0,46.14302402478643,3,1
miku-random-v2,prediction_noise,84,MIKU,MIKU,0,0,0,7.1876328517918795,2.2924323577900507,,15.0,0.2774828224825866,1.1209465425797887,11.209465425797887,4.0,0.0,3.9999999999999964,0,1,13.809132011374459,2,1
miku-random-v2,prediction_noise,85,B0,B0-TimeBlind,0,0,0,14.75333847631872,5.632983777270093,,15.0,0.16094383925913147,0.6688517026475631,6.6885170264756315,4.0,0.0,3.9999999999999964,0,1,21.232226979918778,1,1
miku-random-v2,prediction_noise,85,B1,B1-TimeAwareGreedy,0,0,0,14.75333847631872,5.632983777270093,,15.0,0.16094383925913147,0.6688517026475631,6.6885170264756315,4.0,0.0,3.9999999999999964,0,1,21.290395001415163,1,1
miku-random-v2,prediction_noise,85,B2,B2-IterativePVD,0,0,0,14.75333847631872,5.632983777270093,,15.0,0.16094383925913147,0.6688517026475631,6.6885170264756315,4.0,0.0,3.9999999999999964,0,1,42.276754014892504,2,1
miku-random-v2,prediction_noise,85,MIKU,MIKU,0,0,0,14.75333847631872,5.632983777270093,,15.0,0.16094383925913147,0.6688517026475631,6.6885170264756315,4.0,0.0,3.9999999999999964,0,1,21.382986014941707,2,1
miku-random-v2,prediction_noise,86,B0,B0-TimeBlind,0,0,0,9.509089484396855,2.559780402740471,,15.0,0.23347394578414887,0.9573109906603736,9.573109906603737,4.0,0.0,3.9999999999999964,0,1,13.156006985809654,1,1
miku-random-v2,prediction_noise,86,B1,B1-TimeAwareGreedy,0,0,0,9.509089484396855,2.559780402740471,,15.0,0.23347394578414887,0.9573109906603736,9.573109906603737,4.0,0.0,3.9999999999999964,0,1,13.154693995602429,1,1
miku-random-v2,prediction_noise,86,B2,B2-IterativePVD,0,0,0,9.509089484396855,2.559780402740471,,15.0,0.23347394578414887,0.9573109906603736,9.573109906603737,4.0,0.0,3.9999999999999964,0,1,26.412201987113804,2,1
miku-random-v2,prediction_noise,86,MIKU,MIKU,0,0,0,9.509089484396855,2.559780402740471,,15.0,0.23347394578414887,0.9573109906603736,9.573109906603737,4.0,0.0,3.9999999999999964,0,1,37.36963900155388,2,1
miku-random-v2,prediction_noise,87,B0,B0-TimeBlind,0,1,1,-0.7610322018536095,0.0,10.0,15.0,1.0,4.093947636806878,40.93947636806878,1.960856733031058,0.034485370743157856,0.6123976277103977,1,0,12.784267019014806,1,1
miku-random-v2,prediction_noise,87,B1,B1-TimeAwareGreedy,0,1,1,-0.7610322018536095,0.0,10.0,15.0,1.0,4.093947636806878,40.93947636806878,1.960856733031058,0.034485370743157856,0.6123976277103977,1,0,12.850778992287815,1,1
miku-random-v2,prediction_noise,87,B2,B2-IterativePVD,0,1,1,-0.7610322018536095,0.0,10.0,15.0,1.0,4.093947636806878,40.93947636806878,1.960856733031058,0.034485370743157856,0.6123976277103977,1,0,38.59764998196624,3,1
miku-random-v2,prediction_noise,87,MIKU,MIKU,0,0,0,11.550795298101761,2.504235512455522,,15.0,0.26954224866287696,1.0990361767659338,10.990361767659337,4.0,0.0,3.9999999999999964,0,1,12.265048018889502,2,1
miku-random-v2,prediction_noise,88,B0,B0-TimeBlind,1,1,0,12.06834710805306,6.072932722358144,10.0,10.0,1.0,4.092060439105961,40.92060439105961,1.008746205389251,0.0028449415242414577,0.2815703714608437,0,0,3.620561008574441,1,1
miku-random-v2,prediction_noise,88,B1,B1-TimeAwareGreedy,1,1,0,12.06834710805306,6.072932722358144,10.0,10.0,1.0,4.092060439105961,40.92060439105961,1.008746205389251,0.0028449415242414577,0.2815703714608437,0,0,3.575516981072724,1,1
miku-random-v2,prediction_noise,88,B2,B2-IterativePVD,1,1,0,12.06834710805306,6.072932722358144,10.0,10.0,1.0,4.092060439105961,40.92060439105961,1.008746205389251,0.0028449415242414577,0.2815703714608437,0,0,10.922896006377414,3,1
miku-random-v2,prediction_noise,88,MIKU,MIKU,1,1,0,12.06834710805306,6.072932722358144,10.0,10.0,1.0,4.092060439105961,40.92060439105961,1.008746205389251,0.0028449415242414577,0.2815703714608437,0,0,3.851882996968925,1,0
miku-random-v2,prediction_noise,89,B0,B0-TimeBlind,1,1,0,2.801954247389723,3.24935088054431,10.0,10.0,1.0,4.093219786274472,40.932197862744715,0.7767480728083288,0.003402287749396604,0.21681295277623538,0,0,3.984117996878922,1,1
miku-random-v2,prediction_noise,89,B1,B1-TimeAwareGreedy,1,1,0,2.801954247389723,3.24935088054431,10.0,10.0,1.0,4.093219786274472,40.932197862744715,0.7767480728083288,0.003402287749396604,0.21681295277623538,0,0,3.9636139990761876,1,1
miku-random-v2,prediction_noise,89,B2,B2-IterativePVD,1,1,0,2.801954247389723,3.24935088054431,10.0,10.0,1.0,4.093219786274472,40.932197862744715,0.7767480728083288,0.003402287749396604,0.21681295277623538,0,0,12.09097498212941,3,1
miku-random-v2,prediction_noise,89,MIKU,MIKU,0,0,0,14.779058874620102,4.2806002904208835,,15.0,0.13481221562071954,0.545948401357847,5.45948401357847,4.0,0.0,3.9999999999999964,0,1,14.249575993744656,2,1
miku-random-v2,prediction_noise,90,B0,B0-TimeBlind,0,1,1,-0.07674474443203172,0.0,10.0,15.0,1.0,4.096986557495146,40.96986557495146,2.5356058337148606,0.010900936644009632,0.8752868576482654,1,0,8.956325997132808,1,1
miku-random-v2,prediction_noise,90,B1,B1-TimeAwareGreedy,0,1,1,-0.07674474443203172,0.0,10.0,15.0,1.0,4.096986557495146,40.96986557495146,2.5356058337148606,0.010900936644009632,0.8752868576482654,1,0,8.972332027042285,1,1
miku-random-v2,prediction_noise,90,B2,B2-IterativePVD,0,1,1,-0.07674474443203172,0.0,10.0,15.0,1.0,4.096986557495146,40.96986557495146,2.5356058337148606,0.010900936644009632,0.8752868576482654,1,0,26.726560987299308,3,1
miku-random-v2,prediction_noise,90,MIKU,MIKU,0,0,0,10.493264301328356,2.3422958550335573,,15.0,0.28111594735537104,1.1495585811194466,11.495585811194466,4.0,0.0,3.9999999999999964,0,1,56.044172000838444,2,1
miku-random-v2,prediction_noise,91,B0,B0-TimeBlind,0,0,0,16.372180413761566,4.467479267479026,,15.0,0.2070838749152367,0.8526247554837336,8.526247554837337,4.0,0.0,3.9999999999999964,0,1,17.893461015773937,1,1
miku-random-v2,prediction_noise,91,B1,B1-TimeAwareGreedy,0,0,0,16.372180413761566,4.467479267479026,,15.0,0.2070838749152367,0.8526247554837336,8.526247554837337,4.0,0.0,3.9999999999999964,0,1,17.88325299276039,1,1
miku-random-v2,prediction_noise,91,B2,B2-IterativePVD,0,0,0,16.372180413761566,4.467479267479026,,15.0,0.2070838749152367,0.8526247554837336,8.526247554837337,4.0,0.0,3.9999999999999964,0,1,35.58804601198062,2,1
miku-random-v2,prediction_noise,91,MIKU,MIKU,0,0,0,16.372180413761566,4.467479267479026,,15.0,0.2070838749152367,0.8526247554837336,8.526247554837337,4.0,0.0,3.9999999999999964,0,1,18.03253701655194,2,1
miku-random-v2,prediction_noise,92,B0,B0-TimeBlind,1,1,0,1.256627023906189,1.175946377071436,10.0,10.0,1.0,4.08643612499463,40.8643612499463,2.2236896912154775,0.02215828440392813,0.7151718175194619,0,0,12.281806004466489,1,1
miku-random-v2,prediction_noise,92,B1,B1-TimeAwareGreedy,0,0,0,5.631226768201534,1.8667456608992623,,15.0,0.48780490312409697,1.98644906398346,19.8644906398346,3.5314483546937545,0.01966851013679885,1.2474497305561982,0,1,19.149417988955975,1,1
miku-random-v2,prediction_noise,92,B2,B2-IterativePVD,1,1,0,1.256627023906189,1.175946377071436,10.0,10.0,1.0,4.08643612499463,40.8643612499463,2.2236896912154775,0.02215828440392813,0.7151718175194619,0,0,43.88635998475365,3,0
miku-random-v2,prediction_noise,92,MIKU,MIKU,0,0,0,9.740791284458096,2.486063518281538,,15.0,0.29805372051114204,1.2084446012834806,12.084446012834807,4.0,0.0,4.000000000000014,0,1,32.247230992652476,2,1
miku-random-v2,prediction_noise,93,B0,B0-TimeBlind,0,0,0,12.982048446867102,3.3453852703537454,,15.0,0.22594936008574568,0.9312448956003851,9.312448956003852,4.0,0.0,3.9999999999999964,0,1,22.1437560103368,1,1
miku-random-v2,prediction_noise,93,B1,B1-TimeAwareGreedy,0,0,0,12.982048446867102,3.3453852703537454,,15.0,0.22594936008574568,0.9312448956003851,9.312448956003852,4.0,0.0,3.9999999999999964,0,1,22.14458101661876,1,1
miku-random-v2,prediction_noise,93,B2,B2-IterativePVD,0,0,0,12.982048446867102,3.3453852703537454,,15.0,0.22594936008574568,0.9312448956003851,9.312448956003852,4.0,0.0,3.9999999999999964,0,1,44.40276499371976,2,1
miku-random-v2,prediction_noise,93,MIKU,MIKU,0,0,0,12.982048446867102,3.3453852703537454,,15.0,0.22594936008574568,0.9312448956003851,9.312448956003852,4.0,0.0,3.9999999999999964,0,1,22.579535987460986,2,1
miku-random-v2,prediction_noise,94,B0,B0-TimeBlind,0,0,0,12.02343974691945,3.0376534157545514,,15.0,0.1780793526903867,0.7532444285938378,7.532444285938378,4.0,0.0,4.000000000000005,0,1,20.992982987081632,1,1
miku-random-v2,prediction_noise,94,B1,B1-TimeAwareGreedy,0,0,0,12.02343974691945,3.0376534157545514,,15.0,0.1780793526903867,0.7532444285938378,7.532444285938378,4.0,0.0,4.000000000000005,0,1,21.05875700362958,1,1
miku-random-v2,prediction_noise,94,B2,B2-IterativePVD,0,0,0,12.02343974691945,3.0376534157545514,,15.0,0.1780793526903867,0.7532444285938378,7.532444285938378,4.0,0.0,4.000000000000005,0,1,41.71862700604834,2,1
miku-random-v2,prediction_noise,94,MIKU,MIKU,0,0,0,12.02343974691945,3.0376534157545514,,15.0,0.1780793526903867,0.7532444285938378,7.532444285938378,4.0,0.0,4.000000000000005,0,1,24.958786991192028,2,1
miku-random-v2,prediction_noise,95,B0,B0-TimeBlind,1,1,0,0.5766892039876472,0.9705870458181919,10.0,10.0,1.0,4.091011965865821,40.91011965865821,1.5660456474447217,0.0008029833604527735,0.43712883609329906,0,0,3.5873149754479527,1,1
miku-random-v2,prediction_noise,95,B1,B1-TimeAwareGreedy,1,1,0,0.5766892039876472,0.9705870458181919,10.0,10.0,1.0,4.091131959086485,40.91131959086485,1.5660456474447217,0.06434273098814611,0.43712883609329906,0,0,3.6746579862665385,1,1
miku-random-v2,prediction_noise,95,B2,B2-IterativePVD,1,1,0,0.5766892039876472,0.9705870458181919,10.0,10.0,1.0,4.091131959086485,40.91131959086485,1.5660456474447217,0.06434273098814611,0.43712883609329906,0,0,11.023931991076097,3,1
miku-random-v2,prediction_noise,95,MIKU,MIKU,0,0,0,4.087248688225592,1.9676844870215526,,15.0,0.6707317321620073,2.741989029968358,27.41989029968358,2.1742195555174453,0.06840664995169171,0.6445152800023757,0,1,11.543598986463621,2,0
miku-random-v2,prediction_noise,96,B0,B0-TimeBlind,1,1,0,4.753737053382563,2.4753357385730728,10.0,10.0,1.0,4.082199374634933,40.82199374634933,1.6063457870885574,0.013837865656067455,0.44837777584523364,0,0,3.6860860127490014,1,1
miku-random-v2,prediction_noise,96,B1,B1-TimeAwareGreedy,1,1,0,4.753737053382563,2.4753357385730728,10.0,10.0,1.0,4.082199374634933,40.82199374634933,1.6063457870885574,0.013837865656067455,0.44837777584523364,0,0,3.686370007926598,1,1
miku-random-v2,prediction_noise,96,B2,B2-IterativePVD,1,1,0,4.753737053382563,2.4753357385730728,10.0,10.0,1.0,4.082199374634933,40.82199374634933,1.6063457870885574,0.013837865656067455,0.44837777584523364,0,0,11.246216017752886,3,1
miku-random-v2,prediction_noise,96,MIKU,MIKU,1,1,0,4.753737053382563,2.4753357385730728,10.0,10.0,1.0,4.082199374634933,40.82199374634933,1.6063457870885574,0.013837865656067455,0.44837777584523364,0,0,4.069552000146359,1,0
miku-random-v2,prediction_noise,97,B0,B0-TimeBlind,0,0,0,9.116923927850197,2.1506178099474536,,15.0,0.3001014418651641,1.2383419492755108,12.383419492755108,4.0,0.0,4.000000000000014,0,1,32.94647598522715,1,1
miku-random-v2,prediction_noise,97,B1,B1-TimeAwareGreedy,0,0,0,9.116923927850197,2.1506178099474536,,15.0,0.3001014418651641,1.2383419492755108,12.383419492755108,4.0,0.0,4.000000000000014,0,1,32.94064599322155,1,1
miku-random-v2,prediction_noise,97,B2,B2-IterativePVD,0,0,0,9.116923927850197,2.1506178099474536,,15.0,0.3001014418651641,1.2383419492755108,12.383419492755108,4.0,0.0,4.000000000000014,0,1,66.03685999289155,2,1
miku-random-v2,prediction_noise,97,MIKU,MIKU,0,0,0,9.116923927850197,2.1506178099474536,,15.0,0.3001014418651641,1.2383419492755108,12.383419492755108,4.0,0.0,4.000000000000014,0,1,32.67775598214939,2,1
miku-random-v2,prediction_noise,98,B0,B0-TimeBlind,0,0,0,6.637614659599189,1.8934634573153697,,15.0,0.3171703207133353,1.320598653008755,13.20598653008755,4.0,0.0,3.9999999999999964,0,1,18.061333015793934,1,1
miku-random-v2,prediction_noise,98,B1,B1-TimeAwareGreedy,0,0,0,6.637614659599189,1.8934634573153697,,15.0,0.3171703207133353,1.320598653008755,13.20598653008755,4.0,0.0,3.9999999999999964,0,1,18.052205996355042,1,1
miku-random-v2,prediction_noise,98,B2,B2-IterativePVD,0,0,0,6.637614659599189,1.8934634573153697,,15.0,0.3171703207133353,1.320598653008755,13.20598653008755,4.0,0.0,3.9999999999999964,0,1,36.154194007394835,2,1
miku-random-v2,prediction_noise,98,MIKU,MIKU,0,0,0,6.637614659599189,1.8934634573153697,,15.0,0.3171703207133353,1.320598653008755,13.20598653008755,4.0,0.0,3.9999999999999964,0,1,22.90481299860403,2,1
miku-random-v2,prediction_noise,99,B0,B0-TimeBlind,1,1,0,0.650365161964725,1.1715363104165417,10.0,10.0,1.0,4.090710952677253,40.90710952677253,1.2389267027535287,0.011773354028788608,0.3458204353515553,0,0,3.857959993183613,1,1
miku-random-v2,prediction_noise,99,B1,B1-TimeAwareGreedy,0,0,0,5.439757617760765,2.3559340318357203,,15.0,0.5243902692887897,2.1407205107973626,21.407205107973628,2.1927540550257545,0.010545127722121815,0.6838095275392103,0,1,9.996164008043706,1,1
miku-random-v2,prediction_noise,99,B2,B2-IterativePVD,1,1,0,0.650365161964725,1.1715363104165417,10.0,10.0,1.0,4.090710952677253,40.90710952677253,1.2389267027535287,0.011773354028788608,0.3458204353515553,0,0,17.85229699453339,3,0
miku-random-v2,prediction_noise,99,MIKU,MIKU,0,0,0,10.847879724900716,4.198820360479347,,15.0,0.20244883988192217,0.8207439971393946,8.207439971393946,4.0,0.0,3.9999999999999964,0,1,13.63783999113366,2,1
miku-random-v2,delayed_crossing,0,B0,B0-TimeBlind,1,1,0,0.018982781497839607,0.1014998870936161,9.0,9.0,1.0,3.666666666666712,33.000000000000405,4.0,0.0,2.074995470766506,0,0,6.6274189739488065,1,1
miku-random-v2,delayed_crossing,0,B1,B1-TimeAwareGreedy,0,0,0,0.2107640532380926,0.6166687500012837,,14.0,0.6812411834494211,2.4990033915770917,22.491030524193825,3.9999999999999996,0.23945368715540097,1.9261043116722538,0,1,38.7693349912297,1,1
miku-random-v2,delayed_crossing,0,B2,B2-IterativePVD,1,1,0,0.018982781497839607,0.1014998870936161,9.0,9.0,1.0,3.666666666666712,33.000000000000405,4.0,0.0,2.074995470766506,0,0,96.01724398089573,3,0
miku-random-v2,delayed_crossing,0,MIKU,MIKU,1,1,0,0.08926040507104017,0.2366119466375305,9.0,9.0,1.0,3.6666666666667975,33.00000000000118,3.9999999999999996,0.0,2.158539816329276,0,0,9.559580008499324,1,0
miku-random-v2,delayed_crossing,1,B0,B0-TimeBlind,1,1,0,0.14338413492436958,0.5319532319659583,9.0,9.0,1.0,3.6666667777777775,33.000001,3.9999999999999996,0.0,1.7092195066660507,0,0,9.698336012661457,1,1
miku-random-v2,delayed_crossing,1,B1,B1-TimeAwareGreedy,1,1,0,0.14338413492436958,0.5319532319659583,9.0,9.0,1.0,3.6666667777777775,33.000001,3.9999999999999996,0.0,1.7092195066660507,0,0,9.719622001284733,1,1
miku-random-v2,delayed_crossing,1,B2,B2-IterativePVD,1,1,0,0.14338413492436958,0.5319532319659583,9.0,9.0,1.0,3.6666667777777775,33.000001,3.9999999999999996,0.0,1.7092195066660507,0,0,29.711916024098173,3,1
miku-random-v2,delayed_crossing,1,MIKU,MIKU,1,1,0,0.21360217910787538,0.5874024088671992,9.0,9.0,1.0,3.6666667777777775,33.000001,3.9999999999999996,0.0,1.7202089261721822,0,0,8.529204002115875,1,0
miku-random-v2,delayed_crossing,2,B0,B0-TimeBlind,1,1,0,0.15472537370311074,0.4309563069433517,9.0,9.0,1.0,3.6666667777777775,33.000001,3.2534531163406957,0.0,1.33055483596317,0,0,6.447327003115788,1,1
miku-random-v2,delayed_crossing,2,B1,B1-TimeAwareGreedy,1,1,0,0.15472537370311074,0.4309563069433517,9.0,9.0,1.0,3.6666667777777775,33.000001,3.2534531163406957,0.0,1.33055483596317,0,0,6.469022016972303,1,1
miku-random-v2,delayed_crossing,2,B2,B2-IterativePVD,1,1,0,0.15472537370311074,0.4309563069433517,9.0,9.0,1.0,3.6666667777777775,33.000001,3.2534531163406957,0.0,1.33055483596317,0,0,19.610542978625745,3,1
miku-random-v2,delayed_crossing,2,MIKU,MIKU,1,1,0,0.20002289400910508,0.557042627420317,9.0,9.0,1.0,3.6666667777777775,33.000001,3.2627106229172247,0.0,1.3353606068181039,0,0,6.641151994699612,1,0
miku-random-v2,delayed_crossing,3,B0,B0-TimeBlind,1,1,0,0.03025725989974859,0.09116290171003831,9.0,9.0,1.0,3.6666666666666665,33.0,3.3710031202861717,0.0,1.4335015102846664,0,0,7.603457983350381,1,1
miku-random-v2,delayed_crossing,3,B1,B1-TimeAwareGreedy,0,0,0,0.1731656985962765,0.6657043995275866,,14.0,0.5606060909089318,2.056907750062805,18.512169750565246,3.194222165834094,0.048092937193103445,1.2404333545032773,0,1,21.36537100886926,1,1
miku-random-v2,delayed_crossing,3,B2,B2-IterativePVD,1,1,0,0.03025725989974859,0.09116290171003831,9.0,9.0,1.0,3.6666666666666665,33.0,3.3710031202861717,0.0,1.4335015102846664,0,0,35.800447018118575,3,0
miku-random-v2,delayed_crossing,3,MIKU,MIKU,1,1,0,0.10000482274489242,0.22275180325963106,9.0,9.0,1.0,3.6666666666666665,33.0,3.4376225254217347,0.0,1.4687483761374867,0,0,12.714882992440835,1,0
miku-random-v2,delayed_crossing,4,B0,B0-TimeBlind,1,1,0,0.13411139596039745,0.39129788009152217,9.0,9.0,0.9999999999999987,3.666666666773623,33.00000000096261,4.000000000000209,0.0,2.939077375943296,0,0,27.679916005581617,1,1
miku-random-v2,delayed_crossing,4,B1,B1-TimeAwareGreedy,0,0,0,2.0285452278976295,1.0072175070807685,,14.0,0.3765402956634443,1.3806477507659625,12.425829756893663,4.0,0.0,4.216370213557854,0,1,914.7246849897783,1,1
miku-random-v2,delayed_crossing,4,B2,B2-IterativePVD,0,0,0,2.0285452278976295,1.0072175070807685,,14.0,0.3765402956634443,1.3806477507659625,12.425829756893663,4.0,0.0,4.216370213557854,0,1,1841.3000109721906,2,1
miku-random-v2,delayed_crossing,4,MIKU,MIKU,1,1,0,0.20154684284950747,0.42788752071855857,9.0,9.0,0.9999999999999968,3.666666666784457,33.000000001060116,4.00000000000023,0.0,3.0059707656572394,0,0,23.80121999885887,1,0
miku-random-v2,delayed_crossing,5,B0,B0-TimeBlind,1,1,0,0.15208673547411644,0.47667309642696665,9.0,9.0,1.0,3.6666667777777775,33.000001,3.9999999999999996,0.0,1.7092229006110689,0,0,18.11389601789415,1,1
miku-random-v2,delayed_crossing,5,B1,B1-TimeAwareGreedy,1,1,0,0.15208673547411644,0.47667309642696665,9.0,9.0,1.0,3.6666667777777775,33.000001,3.9999999999999996,0.0,1.7092229006110689,0,0,17.92683597886935,1,1
miku-random-v2,delayed_crossing,5,B2,B2-IterativePVD,1,1,0,0.15208673547411644,0.47667309642696665,9.0,9.0,1.0,3.6666667777777775,33.000001,3.9999999999999996,0.0,1.7092229006110689,0,0,54.63811900699511,3,1
miku-random-v2,delayed_crossing,5,MIKU,MIKU,1,1,0,0.2018180826771272,0.5214780173799433,9.0,9.0,1.0,3.6666667777777775,33.000001,3.9999999999999996,0.0,1.7169177021120532,0,0,19.66237201122567,1,0
miku-random-v2,delayed_crossing,6,B0,B0-TimeBlind,1,1,0,0.076708021005511,0.24241425949245785,9.0,9.0,1.0,3.6666666666666665,33.0,3.867684089494092,0.0,1.6731284369958404,0,0,12.395636993460357,1,1
miku-random-v2,delayed_crossing,6,B1,B1-TimeAwareGreedy,1,1,0,0.076708021005511,0.24241425949245785,9.0,9.0,1.0,3.6666666666666665,33.0,3.867684089494092,0.0,1.6731284369958404,0,0,12.414134020218626,1,1
miku-random-v2,delayed_crossing,6,B2,B2-IterativePVD,1,1,0,0.12232222318437887,0.42869452747464387,9.0,9.0,1.0,3.6669798158886007,33.00281834299741,3.8317147867704207,0.03758286804071396,1.6501003308810767,0,0,35.90048701153137,3,0
miku-random-v2,delayed_crossing,6,MIKU,MIKU,1,1,0,0.14158564892905595,0.4384650110182951,9.0,9.0,1.0,3.6666666666666665,33.0,3.901078958964021,0.0,1.6939579392903565,0,0,15.446548000909388,1,0
miku-random-v2,delayed_crossing,7,B0,B0-TimeBlind,1,1,0,0.12360174105658546,0.5177164466746828,9.0,9.0,1.0,3.6666667777777775,33.000001,3.6838306717431557,0.0,1.5503107857961407,0,0,9.954894980182871,1,1
miku-random-v2,delayed_crossing,7,B1,B1-TimeAwareGreedy,1,1,0,0.12360174105658546,0.5177164466746828,9.0,9.0,1.0,3.6666667777777775,33.000001,3.6838306717431557,0.0,1.5503107857961407,0,0,10.043435991974548,1,1
miku-random-v2,delayed_crossing,7,B2,B2-IterativePVD,1,1,0,0.12360174105658546,0.5177164466746828,9.0,9.0,1.0,3.6666667777777775,33.000001,3.6838306717431557,0.0,1.5503107857961407,0,0,30.11599901947193,3,1
miku-random-v2,delayed_crossing,7,MIKU,MIKU,1,1,0,0.19640956769121945,0.6192829768496668,9.0,9.0,1.0,3.6666667777777775,33.000001,3.7045694751239946,0.0,1.5615605919331514,0,0,10.503247991437092,1,0
miku-random-v2,delayed_crossing,8,B0,B0-TimeBlind,1,1,0,0.054605962141706765,0.05356461897927658,9.0,9.0,0.999999999999995,3.666666666669531,33.00000000002578,4.000000000000009,0.0,2.3527810355381638,0,0,19.220672984374687,1,1
miku-random-v2,delayed_crossing,8,B1,B1-TimeAwareGreedy,0,0,0,0.1724080229934897,0.5549063752131449,,14.0,0.5000000303256373,1.8348418048389301,16.51357624355037,3.9999999779881,0.05403208843716866,1.693996615338606,0,1,48.0616909917444,1,1
miku-random-v2,delayed_crossing,8,B2,B2-IterativePVD,1,1,0,0.06869839592985483,0.20472648542189675,9.0,9.0,1.0,3.666937956421905,33.002441607797145,3.9999999999999996,0.03807640151762472,1.94054930036861,0,0,82.30019800248556,3,0
miku-random-v2,delayed_crossing,8,MIKU,MIKU,1,1,0,0.11260663080876965,0.17207328017975368,9.0,9.0,0.9999999999999429,3.666666666707757,33.000000000369816,4.000000000000094,0.0,2.6493501115930913,0,0,35.42073100106791,1,0
miku-random-v2,delayed_crossing,9,B0,B0-TimeBlind,0,0,0,0.09155359015253886,0.31207509690790974,,14.0,0.7102321633542922,2.6041845989658223,23.4376613906924,3.8465428879665775,0.0,1.681188172140978,0,1,135.71664097253233,1,1
miku-random-v2,delayed_crossing,9,B1,B1-TimeAwareGreedy,0,0,0,0.11486176352730311,0.311930707322764,,14.0,0.6733134400340581,2.468879402296863,22.21991462067177,3.846665163551375,0.059082233866561154,1.681133286856853,0,1,45.546899986220524,1,1
miku-random-v2,delayed_crossing,9,B2,B2-IterativePVD,1,1,0,0.08164935389215655,0.14471787346437917,9.0,9.0,0.9999999999648598,3.666695873799808,33.00026286419827,4.000000000031258,0.0351808720162751,3.3304742467888637,0,0,245.5425059888512,3,0
miku-random-v2,delayed_crossing,9,MIKU,MIKU,1,1,0,0.13035194320589372,,8.3,8.3,1.0,3.975815091378241,32.9992652584394,1.9831724150919487,0.0,0.541863828901178,0,0,115.42415502481163,1,0
miku-random-v2,delayed_crossing,10,B0,B0-TimeBlind,1,1,0,0.1357296815633426,0.37021364354944086,9.0,9.0,1.0,3.6666666666666665,33.0,2.9290930241498945,0.0,1.215170609495165,0,0,5.423367023468018,1,1
miku-random-v2,delayed_crossing,10,B1,B1-TimeAwareGreedy,1,1,0,0.1357296815633426,0.37021364354944086,9.0,9.0,1.0,3.6666666666666665,33.0,2.9290930241498945,0.0,1.215170609495165,0,0,5.386068020015955,1,1
miku-random-v2,delayed_crossing,10,B2,B2-IterativePVD,1,1,0,0.1357296815633426,0.37021364354944086,9.0,9.0,1.0,3.6666666666666665,33.0,2.9290930241498945,0.0,1.215170609495165,0,0,16.199385980144143,3,1
miku-random-v2,delayed_crossing,10,MIKU,MIKU,1,1,0,0.16976671088293546,0.4608846737155625,9.0,9.0,1.0,3.6666666666666665,33.0,2.936850678037866,0.0,1.2193842598412827,0,0,5.266977997962385,1,0
miku-random-v2,delayed_crossing,11,B0,B0-TimeBlind,1,1,0,0.1499999999999333,0.44131323692375424,9.0,9.0,1.0,3.6666667777777806,33.000001000000026,4.0,0.0,2.198456794699853,0,0,18.580392992589623,1,1
miku-random-v2,delayed_crossing,11,B1,B1-TimeAwareGreedy,1,1,0,0.1499999999999333,0.44131323692375424,9.0,9.0,1.0,3.6666667777777806,33.000001000000026,4.0,0.0,2.198456794699853,0,0,18.790829984936863,1,1
miku-random-v2,delayed_crossing,11,B2,B2-IterativePVD,1,1,0,0.1499999999999333,0.44131323692375424,9.0,9.0,1.0,3.6666667777777806,33.000001000000026,4.0,0.0,2.198456794699853,0,0,56.24860999523662,3,1
miku-random-v2,delayed_crossing,11,MIKU,MIKU,1,1,0,0.2085777591854847,0.48425346597602786,9.0,9.0,1.0,3.666666777777808,33.000001000000275,4.0,0.0,2.220593011948649,0,0,16.488352994201705,1,0
miku-random-v2,delayed_crossing,12,B0,B0-TimeBlind,0,0,0,1.203608366761101,0.7758239110465421,,14.0,0.33924031976729974,1.2438811724800989,11.19493055232089,4.0,0.0,4.216370213557836,0,1,500.14505299623124,1,1
miku-random-v2,delayed_crossing,12,B1,B1-TimeAwareGreedy,0,0,0,1.203608366761101,0.7758239110465421,,14.0,0.33924031976729974,1.2438811724800989,11.19493055232089,4.0,0.0,4.216370213557836,0,1,475.44738100259565,1,1
miku-random-v2,delayed_crossing,12,B2,B2-IterativePVD,0,0,0,1.203608366761101,0.7758239110465421,,14.0,0.33924031976729974,1.2438811724800989,11.19493055232089,4.0,0.0,4.216370213557836,0,1,952.0247610053048,2,1
miku-random-v2,delayed_crossing,12,MIKU,MIKU,0,0,0,1.203608366761101,0.7758239110465421,,14.0,0.33924031976729974,1.2438811724800989,11.19493055232089,4.0,0.0,4.216370213557836,0,1,490.8413359953556,2,1
miku-random-v2,delayed_crossing,13,B0,B0-TimeBlind,0,0,1,-0.038767454031423565,0.0,,14.0,0.3602465821745361,1.3209041346399657,11.888137211759691,4.0,0.0,4.216370213557854,1,1,31.7368519899901,1,1
miku-random-v2,delayed_crossing,13,B1,B1-TimeAwareGreedy,0,0,1,-0.038767454031423565,0.0,,14.0,0.3602465821745361,1.3209041346399657,11.888137211759691,4.0,0.0,4.216370213557854,1,1,29.14773701922968,1,1
miku-random-v2,delayed_crossing,13,B2,B2-IterativePVD,0,0,1,-0.038767454031423565,0.0,,14.0,0.3602465821745361,1.3209041346399657,11.888137211759691,4.0,0.0,4.216370213557854,1,1,58.58876102138311,2,1
miku-random-v2,delayed_crossing,13,MIKU,MIKU,0,0,1,-0.038767454031423565,0.0,,14.0,0.3602465821745361,1.3209041346399657,11.888137211759691,4.0,0.0,4.216370213557854,1,1,31.819179974263534,2,1
miku-random-v2,delayed_crossing,14,B0,B0-TimeBlind,1,1,0,0.1287508960646949,0.4172919082347981,9.0,9.0,1.0,3.6666666666666665,33.0,3.815217509610052,0.0,1.647787663849037,0,0,8.735102019272745,1,1
miku-random-v2,delayed_crossing,14,B1,B1-TimeAwareGreedy,0,0,0,0.155147865169035,0.5279206165314806,,14.0,0.5000000303030303,1.8347900246226903,16.51311022160421,3.7629796932400517,0.04735129883891064,1.5463152893247627,0,1,46.76363701582886,1,1
miku-random-v2,delayed_crossing,14,B2,B2-IterativePVD,1,1,0,0.1287508960646949,0.4172919082347981,9.0,9.0,1.0,3.6666666666666665,33.0,3.815217509610052,0.0,1.647787663849037,0,0,64.296878001187,3,0
miku-random-v2,delayed_crossing,14,MIKU,MIKU,1,1,0,0.16465077382647678,0.5121796329628387,9.0,9.0,1.0,3.6666666666666665,33.0,3.8313638857299566,0.0,1.656471723335928,0,0,10.605930991005152,1,0
miku-random-v2,delayed_crossing,15,B0,B0-TimeBlind,1,1,0,0.0494867739322844,0.08699172533195897,9.0,9.0,0.9999999999999856,3.666666666689159,33.000000000202434,4.000000000000051,0.0,2.6712034112617578,0,0,25.94406300340779,1,1
miku-random-v2,delayed_crossing,15,B1,B1-TimeAwareGreedy,1,1,0,0.09758384884784377,0.16947698186760302,9.0,9.0,0.9999999996915002,3.666883007113901,33.00194706402511,4.000000000391154,0.13821709553778927,3.6816749971576677,0,0,38.32021099515259,1,1
miku-random-v2,delayed_crossing,15,B2,B2-IterativePVD,1,1,0,0.07212510737861377,0.1012448292300723,9.0,9.0,0.9999999999999933,3.66672083007706,33.00048747069354,4.000000000000029,0.01709804949898205,2.5405852855767783,0,0,84.39971299958415,3,0
miku-random-v2,delayed_crossing,15,MIKU,MIKU,1,1,0,0.09605341521596555,,7.300000000000001,7.300000000000001,1.0,4.520500499871005,32.99965364905834,2.5155782329604746,0.0,0.7934525450259283,0,0,56.4114970038645,1,0
miku-random-v2,delayed_crossing,16,B0,B0-TimeBlind,1,1,0,0.03253043485878937,0.0564240273818343,9.0,9.0,0.9999999999999991,3.666666666667074,33.000000000003666,4.000000000000002,0.0,2.257588258869544,0,0,13.711842999327928,1,1
miku-random-v2,delayed_crossing,16,B1,B1-TimeAwareGreedy,0,0,0,0.15119719140908908,0.5399304334778717,,14.0,0.6641645321260602,2.436085856885663,21.92477271197097,3.9999999999999996,0.21538312001624044,1.8021833575009671,0,1,17.532402998767793,1,1
miku-random-v2,delayed_crossing,16,B2,B2-IterativePVD,1,1,0,0.03253043485878937,0.0564240273818343,9.0,9.0,0.9999999999999991,3.666666666667074,33.000000000003666,4.000000000000002,0.0,2.257588258869544,0,0,49.168306024512276,3,0
miku-random-v2,delayed_crossing,16,MIKU,MIKU,1,1,0,0.0933412522172632,0.17568072510703667,9.0,9.0,0.9999999999999933,3.666666666670645,33.000000000035804,4.000000000000012,0.0,2.4796496782017585,0,0,46.5538669959642,1,0
miku-random-v2,delayed_crossing,17,B0,B0-TimeBlind,1,1,0,0.0960402265165548,0.21835693086923308,9.0,9.0,1.0,3.6666666666666665,33.0,3.9999999999999996,0.0,1.8067258564275888,0,0,15.518365980824456,1,1
miku-random-v2,delayed_crossing,17,B1,B1-TimeAwareGreedy,1,1,0,0.1813984590232966,0.3343944151047725,9.0,9.0,1.0,3.667609391670934,33.008484525038405,3.9999999999999996,0.2662655856660778,2.003021531488437,0,0,8.195856993552297,1,1
miku-random-v2,delayed_crossing,17,B2,B2-IterativePVD,1,1,0,0.1813984590232966,0.3343944151047725,9.0,9.0,1.0,3.667609391670934,33.008484525038405,3.9999999999999996,0.2662655856660778,2.003021531488437,0,0,39.31841300800443,3,0
miku-random-v2,delayed_crossing,17,MIKU,MIKU,1,1,0,0.18660569908719912,0.4076408774152482,9.0,9.0,1.0,3.6666666666666674,33.00000000000001,3.9999999999999996,0.0,1.8349426401005615,0,0,16.671244986355305,1,0
miku-random-v2,delayed_crossing,18,B0,B0-TimeBlind,0,0,0,0.11574039266646645,0.6054672347054635,,14.0,0.5209063079483109,1.909989795810528,17.189908162294753,3.9145624452674843,0.0,1.5701374334216118,0,1,15.169491991400719,1,1
miku-random-v2,delayed_crossing,18,B1,B1-TimeAwareGreedy,0,0,0,0.11574039266646645,0.6054672347054635,,14.0,0.5209063079483109,1.909989795810528,17.189908162294753,3.9145624452674843,0.0,1.5701374334216118,0,1,15.124095982173458,1,1
miku-random-v2,delayed_crossing,18,B2,B2-IterativePVD,0,0,0,0.11574039266646645,0.6054672347054635,,14.0,0.5209063079483109,1.909989795810528,17.189908162294753,3.9145624452674843,0.0,1.5701374334216118,0,1,45.652647997485474,3,1
miku-random-v2,delayed_crossing,18,MIKU,MIKU,1,1,0,0.12332964795795198,,9.0,9.0,1.0,3.6666667777777775,33.000001,1.9242075872749327,0.0,0.5716825218296526,0,0,26.93103300407529,1,0
miku-random-v2,delayed_crossing,19,B0,B0-TimeBlind,0,0,0,0.08222387254450014,0.23251854320342927,,14.0,0.5722276318177307,2.09816798333177,18.88351184998593,3.9999999999999996,0.0,1.837648149179755,0,1,19.62422701762989,1,1
miku-random-v2,delayed_crossing,19,B1,B1-TimeAwareGreedy,0,0,0,0.10298214433083366,0.2706100034603631,,14.0,0.5323004434715362,1.9518083116298461,17.566274804668616,3.999999998626632,0.020111768163216564,1.8169167763838086,0,1,27.96761499485001,1,1
miku-random-v2,delayed_crossing,19,B2,B2-IterativePVD,0,0,0,0.08937210739331468,0.2211880098060668,,14.0,0.6044440267276374,2.21637473084874,19.947372577638657,3.9999999999999996,0.01512747786098065,1.843164818413737,0,1,71.53191498946398,3,0
miku-random-v2,delayed_crossing,19,MIKU,MIKU,1,1,0,0.0634016216853619,,9.0,9.0,1.0,3.6666667777777775,33.000001,1.7623813456905946,0.0,0.48152482670925484,0,0,34.541054017608985,1,0
miku-random-v2,delayed_crossing,20,B0,B0-TimeBlind,0,0,0,0.07174269214792998,0.16816508944572614,,14.0,0.6526674405501384,2.393113948683927,21.538025538155342,3.780129258963296,0.0,1.6508125705295031,0,1,23.94464600365609,1,1
miku-random-v2,delayed_crossing,20,B1,B1-TimeAwareGreedy,0,0,0,0.07359019131744081,0.16931675378474642,,14.0,0.6349110756803851,2.3280282002561283,20.952253802305155,3.7792059168839134,0.03596066529924025,1.6499025931426927,0,1,22.574277012608945,1,1
miku-random-v2,delayed_crossing,20,B2,B2-IterativePVD,0,0,0,0.06311184662308492,0.16753222451410874,,14.0,0.6707350733127146,2.459374734155463,22.13437260739917,3.7806308797808774,0.006599876369332044,1.651346828576271,0,1,74.0298499877099,3,0
miku-random-v2,delayed_crossing,20,MIKU,MIKU,1,1,0,0.07796551708222776,,9.0,9.0,1.0,3.6666667777777775,33.000001,1.4861398688003684,0.0,0.3895699439352867,0,0,35.128852003253996,1,0
miku-random-v2,delayed_crossing,21,B0,B0-TimeBlind,1,1,0,0.12742168710406554,0.6265251223601417,9.0,9.0,1.0,3.6666667777777775,33.000001,3.328633332078456,0.0,1.3764379998963763,0,0,9.07578898477368,1,1
miku-random-v2,delayed_crossing,21,B1,B1-TimeAwareGreedy,1,1,0,0.12742168710406554,0.6265251223601417,9.0,9.0,1.0,3.6666667777777775,33.000001,3.328633332078456,0.0,1.3764379998963763,0,0,9.157975000562146,1,1
miku-random-v2,delayed_crossing,21,B2,B2-IterativePVD,1,1,0,0.12742168710406554,0.6265251223601417,9.0,9.0,1.0,3.6666667777777775,33.000001,3.328633332078456,0.0,1.3764379998963763,0,0,27.234979992499575,3,1
miku-random-v2,delayed_crossing,21,MIKU,MIKU,1,1,0,0.2012958927725996,0.6292117909212603,9.0,9.0,1.0,3.6666667777777775,33.000001,3.3328092647883776,0.0,1.3791021717047809,0,0,10.064742004033178,1,0
miku-random-v2,delayed_crossing,22,B0,B0-TimeBlind,0,0,0,0.05426491124202603,0.14721957620554976,,14.0,0.703595433141411,2.579849921518532,23.218649293666786,3.9634673390404305,0.0,1.662548139047799,0,1,27.206369006307796,1,1
miku-random-v2,delayed_crossing,22,B1,B1-TimeAwareGreedy,0,0,0,0.18138417662765038,0.6027434707783411,,14.0,0.5158345709282104,1.8922583176493188,17.03032485884387,3.867796058415555,0.05318990389040116,1.5511239738399645,0,1,14.541401993483305,1,1
miku-random-v2,delayed_crossing,22,B2,B2-IterativePVD,0,0,0,0.07049148057212717,0.2767116549257137,,14.0,0.7388715960096928,2.7092539751983877,24.38328577678549,3.966427527625989,0.014280420905622888,1.6650237126852803,0,1,104.96911700465716,3,0
miku-random-v2,delayed_crossing,22,MIKU,MIKU,0,0,0,0.12755350091550496,0.34336645632860396,,14.0,0.6843185926772438,2.5091769714588277,22.58259274312945,3.9720700048005386,0.0,1.6672554101644201,0,1,42.53765201428905,2,0
miku-random-v2,delayed_crossing,23,B0,B0-TimeBlind,0,0,0,0.0685993178354495,0.18937243859897457,,14.0,0.643945508313425,2.3611335304826544,21.25020177434389,3.9434469278143216,0.0,1.7515351039800666,0,1,18.888902006438002,1,1
miku-random-v2,delayed_crossing,23,B1,B1-TimeAwareGreedy,0,0,0,0.16258771370854244,0.5604240241279712,,14.0,0.5417806706488905,1.9868480771619528,17.881632694457576,3.932170431660849,0.135810657917413,1.7408700125176866,0,1,22.88321399828419,1,1
miku-random-v2,delayed_crossing,23,B2,B2-IterativePVD,0,0,0,0.0685993178354495,0.18937243859897457,,14.0,0.643945508313425,2.3611335304826544,21.25020177434389,3.9434469278143216,0.0,1.7515351039800666,0,1,61.46158400224522,3,0
miku-random-v2,delayed_crossing,23,MIKU,MIKU,1,1,0,0.06268999674496167,,7.300000000000001,7.300000000000001,1.0,4.520472761506193,32.999451158995214,2.497466687047662,0.0,0.9132431927292337,0,0,32.37125699524768,1,0
miku-random-v2,delayed_crossing,24,B0,B0-TimeBlind,1,1,0,0.05130945545782513,0.14007636574321922,9.0,9.0,0.9999999999999998,3.6666666666669263,33.00000000000234,4.000000000000001,0.0,2.2745978931227713,0,0,15.507344010984525,1,1
miku-random-v2,delayed_crossing,24,B1,B1-TimeAwareGreedy,1,1,0,0.18952865994049395,0.2872895619183346,9.0,9.0,0.9999999999940709,3.6671938412108265,33.00474457089744,4.0000000000096065,0.22878524926719018,3.2827643075668855,0,0,67.94584501767531,1,1
miku-random-v2,delayed_crossing,24,B2,B2-IterativePVD,1,1,0,0.05130945545782513,0.14007636574321922,9.0,9.0,0.9999999999999998,3.6666666666669263,33.00000000000234,4.000000000000001,0.0,2.2745978931227713,0,0,99.7204480227083,3,0
miku-random-v2,delayed_crossing,24,MIKU,MIKU,1,1,0,0.13189850326281108,0.28891853712365906,9.0,9.0,0.9999999999999993,3.6666666666678003,33.0000000000102,4.0000000000000036,0.0,2.3583542514222176,0,0,487.623185996199,1,0
miku-random-v2,delayed_crossing,25,B0,B0-TimeBlind,1,1,0,0.13564850965522973,0.557631182811019,9.0,9.0,1.0,3.6666667777777775,33.000001,3.361003798461684,0.0,1.4146564132682342,0,0,11.212320998311043,1,1
miku-random-v2,delayed_crossing,25,B1,B1-TimeAwareGreedy,1,1,0,0.13564850965522973,0.557631182811019,9.0,9.0,1.0,3.6666667777777775,33.000001,3.361003798461684,0.0,1.4146564132682342,0,0,11.222998989978805,1,1
miku-random-v2,delayed_crossing,25,B2,B2-IterativePVD,1,1,0,0.13564850965522973,0.557631182811019,9.0,9.0,1.0,3.6666667777777775,33.000001,3.361003798461684,0.0,1.4146564132682342,0,0,33.721645013429224,3,1
miku-random-v2,delayed_crossing,25,MIKU,MIKU,1,1,0,0.20022415098044827,0.5613507435563388,9.0,9.0,1.0,3.6666667777777775,33.000001,3.364058868989086,0.0,1.4174280379862794,0,0,11.693942011334002,1,0
miku-random-v2,delayed_crossing,26,B0,B0-TimeBlind,1,1,0,0.10860603311441501,0.24190254013166826,9.0,9.0,1.0,3.6666666666666665,33.0,3.600867804789931,0.0,1.5762997241696473,0,0,13.182780996430665,1,1
miku-random-v2,delayed_crossing,26,B1,B1-TimeAwareGreedy,0,0,0,0.16176514570868017,0.5609480835174631,,14.0,0.48484851515151517,1.779367898253338,16.014311084280042,3.4428405188650983,0.04156468989193642,1.398681883899724,0,1,28.846198023529723,1,1
miku-random-v2,delayed_crossing,26,B2,B2-IterativePVD,1,1,0,0.10860603311441501,0.24190254013166826,9.0,9.0,1.0,3.6666666666666665,33.0,3.600867804789931,0.0,1.5762997241696473,0,0,50.17975298687816,3,0
miku-random-v2,delayed_crossing,26,MIKU,MIKU,1,1,0,0.12392073982679451,0.2851081859759822,9.0,9.0,1.0,3.6666666666666674,33.00000000000001,3.617523752586265,0.0,1.5856023796910557,0,0,12.43941200664267,1,0
miku-random-v2,delayed_crossing,27,B0,B0-TimeBlind,0,0,0,0.1256939457361113,0.4645784217481684,,14.0,0.617224901244539,2.2631579712364545,20.368421741128092,4.000000000000005,0.0,2.3705919589484297,0,1,38.27462097979151,1,1
miku-random-v2,delayed_crossing,27,B1,B1-TimeAwareGreedy,0,0,0,0.16260402394096185,0.4441402339862315,,14.0,0.5039285872997386,1.8481287881337671,16.633159093203904,4.000000000000007,0.03321054586539655,2.323568461975958,0,1,44.1683630051557,1,1
miku-random-v2,delayed_crossing,27,B2,B2-IterativePVD,0,0,0,0.1256939457361113,0.4645784217481684,,14.0,0.617224901244539,2.2631579712364545,20.368421741128092,4.000000000000005,0.0,2.3705919589484297,0,1,120.68297000951134,3,0
miku-random-v2,delayed_crossing,27,MIKU,MIKU,0,0,0,0.19763976651011636,0.4932369457096662,,14.0,0.5987088417968648,2.195265753262875,19.757391779365875,4.000000000000007,0.0,2.391089187115709,0,1,998.5473580018152,2,0
miku-random-v2,delayed_crossing,28,B0,B0-TimeBlind,1,1,0,0.08531052617150037,0.20818315900103826,9.0,9.0,1.0,3.6666666666666665,33.0,3.9431543956688726,0.0,1.6985541904732457,0,0,12.501910998253152,1,1
miku-random-v2,delayed_crossing,28,B1,B1-TimeAwareGreedy,1,1,0,0.14396270120059595,0.26454252960302665,9.0,9.0,0.9999999999999981,3.6673381591247574,33.006043432122816,4.0000000000000036,0.2854364429478559,2.207691748341726,0,0,32.72893399116583,1,1
miku-random-v2,delayed_crossing,28,B2,B2-IterativePVD,1,1,0,0.08531052617150037,0.20818315900103826,9.0,9.0,1.0,3.6666666666666665,33.0,3.9431543956688726,0.0,1.6985541904732457,0,0,58.63329500425607,3,0
miku-random-v2,delayed_crossing,28,MIKU,MIKU,1,1,0,0.08816902192443758,0.2407735445504777,9.0,9.0,1.0,3.6666666666666674,33.00000000000001,3.961709472457065,0.0,1.7085127149125783,0,0,145.21722198696807,1,0
miku-random-v2,delayed_crossing,29,B0,B0-TimeBlind,0,0,0,0.15127691345729316,0.42239313619206237,,14.0,0.6273263087619124,2.30019646551528,20.70176818963752,4.0000000000000435,0.0,2.600175947910783,0,1,43.59949199715629,1,1
miku-random-v2,delayed_crossing,29,B1,B1-TimeAwareGreedy,0,0,0,0.163620931050446,0.42201836145114824,,14.0,0.5775255989130862,2.1177128539074292,19.05941568516686,4.000000000000049,0.0765359643215494,2.597373330767087,0,1,42.61890199268237,1,1
miku-random-v2,delayed_crossing,29,B2,B2-IterativePVD,0,0,0,0.15127691345729316,0.42239313619206237,,14.0,0.6273263087619124,2.30019646551528,20.70176818963752,4.0000000000000435,0.0,2.600175947910783,0,1,131.67467401945032,3,0
miku-random-v2,delayed_crossing,29,MIKU,MIKU,1,1,0,0.08749949135696644,,7.4,7.4,1.0,4.459365239579635,32.9993027728893,2.429880446291814,0.0,0.6885671706751803,0,0,47.863755986327305,1,0
miku-random-v2,delayed_crossing,30,B0,B0-TimeBlind,0,0,0,0.08100531304603766,0.19176791771576518,,14.0,0.6973479769642024,2.5569425822021454,23.01248323981931,3.9999999999999996,0.0,1.814195896730007,0,1,23.051020980346948,1,1
miku-random-v2,delayed_crossing,30,B1,B1-TimeAwareGreedy,0,0,0,0.17590959876307805,0.5582539005576397,,14.0,0.5309077254732305,1.9474162494198606,17.526746244778746,4.000000003417919,0.05551457311929319,1.7175923010296568,0,1,36.89671799656935,1,1
miku-random-v2,delayed_crossing,30,B2,B2-IterativePVD,0,0,0,0.08318417612289479,0.33761266139578755,,14.0,0.714182832324556,2.6186816444985292,23.568134800486764,3.9999999999999996,0.006091018214152986,1.8159257938670945,0,1,87.25339599186555,3,0
miku-random-v2,delayed_crossing,30,MIKU,MIKU,0,0,0,0.1532491887387843,0.43081426560772407,,14.0,0.6782655429337084,2.486973657423665,22.382762916812986,3.9999999999999996,0.0,1.8201666178683487,0,1,46.4900299848523,2,0
miku-random-v2,delayed_crossing,31,B0,B0-TimeBlind,1,1,0,0.1396077502178315,0.5084541778129333,9.0,9.0,1.0,3.6666667777777775,33.000001,3.9999999999999996,0.0,1.8516041187951815,0,0,9.348560008220375,1,1
miku-random-v2,delayed_crossing,31,B1,B1-TimeAwareGreedy,1,1,0,0.1396077502178315,0.5084541778129333,9.0,9.0,1.0,3.6666667777777775,33.000001,3.9999999999999996,0.0,1.8516041187951815,0,0,9.421296010259539,1,1
miku-random-v2,delayed_crossing,31,B2,B2-IterativePVD,1,1,0,0.1396077502178315,0.5084541778129333,9.0,9.0,1.0,3.6666667777777775,33.000001,3.9999999999999996,0.0,1.8516041187951815,0,0,28.38403100031428,3,1
miku-random-v2,delayed_crossing,31,MIKU,MIKU,1,1,0,0.2089311359586325,0.5584653077414126,9.0,9.0,1.0,3.666666820194816,33.00000138175334,4.000000011587544,0.0,1.8654440405957946,0,0,19.920199003536254,1,0
miku-random-v2,delayed_crossing,32,B0,B0-TimeBlind,1,1,0,0.1538184238728545,0.6004337575100144,9.0,9.0,1.0,3.6666667777777775,33.000001,3.1868169054620488,0.0,1.3064877067521006,0,0,6.711955997161567,1,1
miku-random-v2,delayed_crossing,32,B1,B1-TimeAwareGreedy,1,1,0,0.1538184238728545,0.6004337575100144,9.0,9.0,1.0,3.6666667777777775,33.000001,3.1868169054620488,0.0,1.3064877067521006,0,0,6.716319010592997,1,1
miku-random-v2,delayed_crossing,32,B2,B2-IterativePVD,1,1,0,0.1538184238728545,0.6004337575100144,9.0,9.0,1.0,3.6666667777777775,33.000001,3.1868169054620488,0.0,1.3064877067521006,0,0,20.40221798233688,3,1
miku-random-v2,delayed_crossing,32,MIKU,MIKU,1,1,0,0.19307182245567142,0.7249627115336899,9.0,9.0,1.0,3.6666667777777775,33.000001,3.1944074736878214,0.0,1.310498743278393,0,0,7.058207003865391,1,0
miku-random-v2,delayed_crossing,33,B0,B0-TimeBlind,1,1,0,0.13432881468173113,0.4396309215383665,9.0,9.0,1.0,3.6666667777777784,33.000001000000005,3.7498401842185585,0.0,1.567724165652743,0,0,10.566618002485484,1,1
miku-random-v2,delayed_crossing,33,B1,B1-TimeAwareGreedy,1,1,0,0.13432881468173113,0.4396309215383665,9.0,9.0,1.0,3.6666667777777784,33.000001000000005,3.7498401842185585,0.0,1.567724165652743,0,0,10.577007982647046,1,1
miku-random-v2,delayed_crossing,33,B2,B2-IterativePVD,1,1,0,0.13432881468173113,0.4396309215383665,9.0,9.0,1.0,3.6666667777777784,33.000001000000005,3.7498401842185585,0.0,1.567724165652743,0,0,74.41948400810361,3,0
miku-random-v2,delayed_crossing,33,MIKU,MIKU,1,1,0,0.17054671626961573,0.5453898519905577,9.0,9.0,1.0,3.6666668555044057,33.00000169953965,3.763037408311644,0.0,1.5747929958248985,0,0,12.79948599403724,1,0
miku-random-v2,delayed_crossing,34,B0,B0-TimeBlind,1,1,0,0.11826586072737043,0.5072943533947495,9.0,9.0,1.0,3.6666667777777797,33.00000100000002,3.9999999999999996,0.0,2.007243223485265,0,0,18.921493989182636,1,1
miku-random-v2,delayed_crossing,34,B1,B1-TimeAwareGreedy,0,0,0,0.1499904840625903,0.4648375245970536,,14.0,0.4545454848857146,1.668273973126321,15.014465758136888,4.000000003421962,0.053458101833074784,1.9430193873710184,0,1,30.354361020727083,1,1
miku-random-v2,delayed_crossing,34,B2,B2-IterativePVD,1,1,0,0.11826586072737043,0.5072943533947495,9.0,9.0,1.0,3.6666667777777797,33.00000100000002,3.9999999999999996,0.0,2.007243223485265,0,0,68.22140200529248,3,0
miku-random-v2,delayed_crossing,34,MIKU,MIKU,1,1,0,0.1871396223416752,0.5486244614421558,9.0,9.0,1.0,3.6666667763387597,33.000000987048836,4.000000082245904,0.0,2.02836388417015,0,0,25.98566497908905,1,0
miku-random-v2,delayed_crossing,35,B0,B0-TimeBlind,1,1,0,0.15074168100961463,0.6706008110554278,9.0,9.0,1.0,3.6666667777777775,33.000001,3.3059565384315746,0.0,1.3590944087769428,0,0,7.806804991560057,1,1
miku-random-v2,delayed_crossing,35,B1,B1-TimeAwareGreedy,1,1,0,0.15074168100961463,0.6706008110554278,9.0,9.0,1.0,3.6666667777777775,33.000001,3.3059565384315746,0.0,1.3590944087769428,0,0,7.9022839781828225,1,1
miku-random-v2,delayed_crossing,35,B2,B2-IterativePVD,1,1,0,0.15074168100961463,0.6706008110554278,9.0,9.0,1.0,3.6666667777777775,33.000001,3.3059565384315746,0.0,1.3590944087769428,0,0,23.55663597700186,3,1
miku-random-v2,delayed_crossing,35,MIKU,MIKU,1,1,0,0.20055393675263103,0.6989351935295042,9.0,9.0,1.0,3.6666667777777775,33.000001,3.314461010747123,0.0,1.3635946335934197,0,0,8.773704001214355,1,0
miku-random-v2,delayed_crossing,36,B0,B0-TimeBlind,1,1,0,0.1347427649749994,0.4963677636809384,9.0,9.0,1.0,3.6666667777777775,33.000001,3.9999999999999996,0.0,1.9357163917575115,0,0,12.385782989440486,1,1
miku-random-v2,delayed_crossing,36,B1,B1-TimeAwareGreedy,1,1,0,0.1347427649749994,0.4963677636809384,9.0,9.0,1.0,3.6666667777777775,33.000001,3.9999999999999996,0.0,1.9357163917575115,0,0,12.365298985969275,1,1
miku-random-v2,delayed_crossing,36,B2,B2-IterativePVD,1,1,0,0.1347427649749994,0.4963677636809384,9.0,9.0,1.0,3.6666667777777775,33.000001,3.9999999999999996,0.0,1.9357163917575115,0,0,36.67333797784522,3,1
miku-random-v2,delayed_crossing,36,MIKU,MIKU,1,1,0,0.20598384915203427,0.54234364841879,9.0,9.0,1.0,3.6666667777777775,33.000001,3.9999999999999996,0.0,1.9522649592449017,0,0,21.316318976460025,1,0
miku-random-v2,delayed_crossing,37,B0,B0-TimeBlind,0,0,0,0.14919446811310988,0.3275972695995923,,14.0,0.734320262482409,2.692508488432777,24.232576395894995,4.00000000041541,0.0,3.84481148552448,0,1,172.55096501321532,1,1
miku-random-v2,delayed_crossing,37,B1,B1-TimeAwareGreedy,0,0,0,0.15208320999180838,0.32758230065468164,,14.0,0.6035974139936107,2.2140401857037517,19.926361671333765,4.000000000535389,0.21988985095753452,3.844137472957205,0,1,143.10171001125127,1,1
miku-random-v2,delayed_crossing,37,B2,B2-IterativePVD,0,0,0,0.14919446811310988,0.3275972695995923,,14.0,0.734320262482409,2.692508488432777,24.232576395894995,4.00000000041541,0.0,3.84481148552448,0,1,482.59787398274057,3,0
miku-random-v2,delayed_crossing,37,MIKU,MIKU,0,0,0,0.2015770659762972,0.3603574209769436,,14.0,0.709965295997793,2.603207317367141,23.428865856304267,4.000000000580247,0.0,3.9916947955028834,0,1,363.7454540003091,2,0
miku-random-v2,delayed_crossing,38,B0,B0-TimeBlind,1,1,0,0.1342239269004515,0.5263401159468456,9.0,9.0,1.0,3.6666667777777775,33.000001,3.55279979086064,0.0,1.460424370598875,0,0,8.714119991054758,1,1
miku-random-v2,delayed_crossing,38,B1,B1-TimeAwareGreedy,1,1,0,0.1342239269004515,0.5263401159468456,9.0,9.0,1.0,3.6666667777777775,33.000001,3.55279979086064,0.0,1.460424370598875,0,0,8.528886013664305,1,1
miku-random-v2,delayed_crossing,38,B2,B2-IterativePVD,1,1,0,0.1342239269004515,0.5263401159468456,9.0,9.0,1.0,3.6666667777777775,33.000001,3.55279979086064,0.0,1.460424370598875,0,0,26.61869500298053,3,1
miku-random-v2,delayed_crossing,38,MIKU,MIKU,1,1,0,0.2023327422951841,0.5884169412900836,9.0,9.0,1.0,3.6666667777777784,33.000001000000005,3.5657053651571675,0.0,1.4675888434521807,0,0,8.436189003987238,1,0
miku-random-v2,delayed_crossing,39,B0,B0-TimeBlind,1,1,0,0.07127731906878765,0.15437238288180485,9.0,9.0,1.0,3.6666666666666665,33.0,3.8550903889559387,0.0,1.7153812877474395,0,0,13.663954974617809,1,1
miku-random-v2,delayed_crossing,39,B1,B1-TimeAwareGreedy,1,1,0,0.07127731906878765,0.15437238288180485,9.0,9.0,1.0,3.6666666666666665,33.0,3.8550903889559387,0.0,1.7153812877474395,0,0,13.699186994927004,1,1
miku-random-v2,delayed_crossing,39,B2,B2-IterativePVD,1,1,0,0.07127731906878765,0.15437238288180485,9.0,9.0,1.0,3.6666666666666665,33.0,3.8550903889559387,0.0,1.7153812877474395,0,0,32.634296017931774,3,0
miku-random-v2,delayed_crossing,39,MIKU,MIKU,1,1,0,0.07127731906878765,0.1709480612445756,9.0,9.0,1.0,3.6666666666666674,33.00000000000001,3.878096792743172,0.0,1.729772574584558,0,0,18.277063994901255,1,0
miku-random-v2,delayed_crossing,40,B0,B0-TimeBlind,0,0,0,0.09008647237138766,0.4334949328569026,,14.0,0.5053200028102318,1.8528400103044593,16.675560092740135,3.9999999999999996,0.0,1.8953303207066203,0,1,23.39906300767325,1,1
miku-random-v2,delayed_crossing,40,B1,B1-TimeAwareGreedy,0,0,0,0.1526435494253614,0.5118372894453049,,14.0,0.46331274931190214,1.6988904722968374,15.290014250671536,3.9999999999999996,0.013838090296316271,1.859685699404299,0,1,18.9287559769582,1,1
miku-random-v2,delayed_crossing,40,B2,B2-IterativePVD,0,0,0,0.1335900431507991,0.43313065805916184,,14.0,0.6428363813104645,2.358101508182427,21.22291357364184,3.9999999999999996,0.05751295037989425,1.950074833265818,0,1,87.34293698216788,3,0
miku-random-v2,delayed_crossing,40,MIKU,MIKU,1,1,0,0.09892087649266701,,7.300000000000001,7.300000000000001,1.0,4.520456291953538,32.99933093126083,2.476031588433885,0.0,0.7042051608447029,0,0,40.77525500906631,1,0
miku-random-v2,delayed_crossing,41,B0,B0-TimeBlind,1,1,0,0.12406191796201435,0.4809080046024558,9.0,9.0,1.0,3.6666667777777775,33.000001,3.1437762626203662,0.0,1.319441646116575,0,0,6.883680995088071,1,1
miku-random-v2,delayed_crossing,41,B1,B1-TimeAwareGreedy,1,1,0,0.12406191796201435,0.4809080046024558,9.0,9.0,1.0,3.6666667777777775,33.000001,3.1437762626203662,0.0,1.319441646116575,0,0,6.868024007417262,1,1
miku-random-v2,delayed_crossing,41,B2,B2-IterativePVD,1,1,0,0.12406191796201435,0.4809080046024558,9.0,9.0,1.0,3.6666667777777775,33.000001,3.1437762626203662,0.0,1.319441646116575,0,0,20.781002996955067,3,1
miku-random-v2,delayed_crossing,41,MIKU,MIKU,1,1,0,0.20524661141439282,0.6815572058746071,9.0,9.0,1.0,3.6666666666666665,33.0,3.1517432926368363,0.0,1.3250155430441943,0,0,7.950344996061176,1,0
miku-random-v2,delayed_crossing,42,B0,B0-TimeBlind,1,1,0,0.11629375727276285,0.3382258855222975,9.0,9.0,1.0,3.666666666666714,33.000000000000426,4.0,0.0,2.152253512920034,0,0,8.62479000352323,1,1
miku-random-v2,delayed_crossing,42,B1,B1-TimeAwareGreedy,1,1,0,0.11312153627194599,0.22672124205534774,9.0,9.0,0.9999999999999991,3.667687819933226,33.00919037939904,4.000000000000005,0.23865173172433032,2.38443561773317,0,0,70.02524400013499,1,1
miku-random-v2,delayed_crossing,42,B2,B2-IterativePVD,1,1,0,0.11629375727276285,0.3382258855222975,9.0,9.0,1.0,3.666666666666714,33.000000000000426,4.0,0.0,2.152253512920034,0,0,87.74516198900528,3,0
miku-random-v2,delayed_crossing,42,MIKU,MIKU,1,1,0,0.20044736896728102,0.575224523713442,9.0,9.0,1.0,3.666670680249064,33.000036122241575,4.000000101383169,0.0,2.1887423002864397,0,0,12.684798013651744,1,0
miku-random-v2,delayed_crossing,43,B0,B0-TimeBlind,1,1,0,0.1499999999999937,0.46513639728506817,9.0,9.0,1.0,3.6666667777777775,33.000001,3.9999999999999996,0.0,1.9951923290091402,0,0,15.826509014004841,1,1
miku-random-v2,delayed_crossing,43,B1,B1-TimeAwareGreedy,1,1,0,0.1499999999999937,0.46513639728506817,9.0,9.0,1.0,3.6666667777777775,33.000001,3.9999999999999996,0.0,1.9951923290091402,0,0,15.880174993071705,1,1
miku-random-v2,delayed_crossing,43,B2,B2-IterativePVD,1,1,0,0.1499999999999937,0.46513639728506817,9.0,9.0,1.0,3.6666667777777775,33.000001,3.9999999999999996,0.0,1.9951923290091402,0,0,47.97909999615513,3,1
miku-random-v2,delayed_crossing,43,MIKU,MIKU,1,1,0,0.2103326964983414,0.5131087927894611,9.0,9.0,1.0,3.6666667777777775,33.000001,3.9999999999999996,0.0,2.010723762116666,0,0,13.64466900122352,1,0
miku-random-v2,delayed_crossing,44,B0,B0-TimeBlind,1,1,0,0.15067619937542187,0.44312477053007876,9.0,9.0,1.0,3.6666666666666665,33.0,3.209485609428176,0.0,1.3306248503051428,0,0,6.282130983890966,1,1
miku-random-v2,delayed_crossing,44,B1,B1-TimeAwareGreedy,0,0,0,0.15536416997613528,0.6139449951763014,,14.0,0.5757576060595516,2.1124274343542297,19.01184690918807,3.17098816405028,0.05312500537176356,1.2003843308747455,0,1,27.391604002332315,1,1
miku-random-v2,delayed_crossing,44,B2,B2-IterativePVD,1,1,0,0.15067619937542187,0.44312477053007876,9.0,9.0,1.0,3.6666666666666665,33.0,3.209485609428176,0.0,1.3306248503051428,0,0,39.94096297537908,3,0
miku-random-v2,delayed_crossing,44,MIKU,MIKU,1,1,0,0.18352401570665153,0.5488296528364667,9.0,9.0,1.0,3.6666666666666665,33.0,3.219049186486303,0.0,1.3353947403980508,0,0,6.646400986937806,1,0
miku-random-v2,delayed_crossing,45,B0,B0-TimeBlind,0,0,0,0.13283509231915874,0.5930435452518861,,14.0,0.5113071627537771,1.8748024310870077,16.87322187978307,3.990777541974786,0.0,1.6138202866390907,0,1,15.607716981321573,1,1
miku-random-v2,delayed_crossing,45,B1,B1-TimeAwareGreedy,0,0,0,0.13283509231915874,0.5930435452518861,,14.0,0.5113071627537771,1.8748024310870077,16.87322187978307,3.990777541974786,0.0,1.6138202866390907,0,1,15.638982004020363,1,1
miku-random-v2,delayed_crossing,45,B2,B2-IterativePVD,0,0,0,0.13283509231915874,0.5930435452518861,,14.0,0.5113071627537771,1.8748024310870077,16.87322187978307,3.990777541974786,0.0,1.6138202866390907,0,1,47.19504702370614,3,1
miku-random-v2,delayed_crossing,45,MIKU,MIKU,1,1,0,0.12155002461331788,,9.0,9.0,1.0,3.6666667777777775,33.000001,1.9288553647537543,0.0,0.573289722734204,0,0,21.89390399144031,1,0
miku-random-v2,delayed_crossing,46,B0,B0-TimeBlind,0,0,0,0.060453396421279705,0.1277269480171585,,14.0,0.7138227484165095,2.6173500775273,23.5561506977457,3.554679403078347,0.0,1.4807632698088096,0,1,29.40463399863802,1,1
miku-random-v2,delayed_crossing,46,B1,B1-TimeAwareGreedy,0,0,0,0.17504008345258232,0.5094558868486823,,14.0,0.5506044348588998,2.0195520268470983,18.175968241623885,3.4955410062053054,0.0365102825795022,1.4150661365941424,0,1,17.435797984944656,1,1
miku-random-v2,delayed_crossing,46,B2,B2-IterativePVD,1,1,0,0.07470689005415765,0.13529574378737091,9.0,9.0,0.9999999884707407,3.666697575448639,33.00027817903775,4.000000005395402,0.045811555508300045,4.465819321465817,0,0,123.38536500465125,3,0
miku-random-v2,delayed_crossing,46,MIKU,MIKU,0,0,0,0.13552612097031694,0.3064841624901834,,14.0,0.6939357735743712,2.5444311697727695,22.899880527954927,3.563812978176814,0.0,1.4855703696324742,0,1,43.15253399545327,2,0
miku-random-v2,delayed_crossing,47,B0,B0-TimeBlind,1,1,0,0.050404738927066525,0.1558638722510358,9.0,9.0,1.0,3.6666666666666674,33.00000000000001,3.9999999999999996,0.0,1.9027219273047622,0,0,27.209753985516727,1,1
miku-random-v2,delayed_crossing,47,B1,B1-TimeAwareGreedy,0,0,0,0.1676891469263602,0.5206382545538882,,14.0,0.5757576060566878,2.1124818340177014,19.01233650615931,4.000000005642309,0.07097719082721025,1.7684150504586647,0,1,20.14526800485328,1,1
miku-random-v2,delayed_crossing,47,B2,B2-IterativePVD,1,1,0,0.050404738927066525,0.1558638722510358,9.0,9.0,1.0,3.6666666666666674,33.00000000000001,3.9999999999999996,0.0,1.9027219273047622,0,0,75.14630898367614,3,0
miku-random-v2,delayed_crossing,47,MIKU,MIKU,1,1,0,0.11604226496083621,0.31319759765507926,9.0,9.0,0.9999999999993623,3.6666676678801173,33.000009010921055,4.000000001340089,0.0,1.9422461216505946,0,0,79.80791799491271,1,0
miku-random-v2,delayed_crossing,48,B0,B0-TimeBlind,0,0,0,0.10087193925154672,0.2409433969040929,,14.0,0.724324053928333,2.655854864404006,23.902693779636053,3.9999999999999996,0.0,1.9512536049670346,0,1,76.45329198567197,1,1
miku-random-v2,delayed_crossing,48,B1,B1-TimeAwareGreedy,0,0,0,0.1602426280974329,0.6121092042022049,,14.0,0.6391641154471094,2.3438519849909634,21.09466786491867,3.9999999999999996,0.1123586519823371,1.9447285399551841,0,1,39.71777998958714,1,1
miku-random-v2,delayed_crossing,48,B2,B2-IterativePVD,1,1,0,0.046278704469413956,0.043871140165495856,9.0,9.0,0.9999999974157393,3.666679582678858,33.00011624410972,4.000000002108563,0.016737149419786403,4.412427743913851,0,0,230.79930897802114,3,0
miku-random-v2,delayed_crossing,48,MIKU,MIKU,1,1,0,0.116140844893877,,5.6000000000000005,5.6000000000000005,1.0,5.8927486094416635,32.99939221287332,4.000000093229193,0.0,1.8489953809300006,0,0,61.72203298774548,1,0
miku-random-v2,delayed_crossing,49,B0,B0-TimeBlind,1,1,0,0.14317302426203224,0.45402009741347754,9.0,9.0,1.0,3.6666667777777775,33.000001,3.0535332951972394,0.0,1.2704807025833733,0,0,6.402899016393349,1,1
miku-random-v2,delayed_crossing,49,B1,B1-TimeAwareGreedy,1,1,0,0.14317302426203224,0.45402009741347754,9.0,9.0,1.0,3.6666667777777775,33.000001,3.0535332951972394,0.0,1.2704807025833733,0,0,6.3611940131522715,1,1
miku-random-v2,delayed_crossing,49,B2,B2-IterativePVD,1,1,0,0.14317302426203224,0.45402009741347754,9.0,9.0,1.0,3.6666667777777775,33.000001,3.0535332951972394,0.0,1.2704807025833733,0,0,19.269054988399148,3,1
miku-random-v2,delayed_crossing,49,MIKU,MIKU,1,1,0,0.18284198054015305,0.5865231557936659,9.0,9.0,1.0,3.6666667777777775,33.000001,3.0620377675127877,0.0,1.27499422116137,0,0,6.72758900327608,1,0
miku-random-v2,delayed_crossing,50,B0,B0-TimeBlind,0,0,0,0.14464617739115965,0.7150960086852046,,14.0,0.464818733372741,1.7043385160594047,15.339046644534642,3.9999999983384367,0.0,1.6510104409131086,0,1,35.3519220079761,1,1
miku-random-v2,delayed_crossing,50,B1,B1-TimeAwareGreedy,0,0,0,0.14464617739115965,0.7150960086852046,,14.0,0.464818733372741,1.7043385160594047,15.339046644534642,3.9999999983384367,0.0,1.6510104409131086,0,1,35.29015800449997,1,1
miku-random-v2,delayed_crossing,50,B2,B2-IterativePVD,0,0,0,0.14464617739115965,0.7150960086852046,,14.0,0.464818733372741,1.7043385160594047,15.339046644534642,3.9999999983384367,0.0,1.6510104409131086,0,1,106.8997609836515,3,1
miku-random-v2,delayed_crossing,50,MIKU,MIKU,1,1,0,0.3540398205443287,,9.0,9.0,1.0,3.6666667777777775,33.000001,1.8151702323203636,0.0,0.5340883793617064,0,0,34.946489991853014,1,0
miku-random-v2,delayed_crossing,51,B0,B0-TimeBlind,1,1,0,0.12395472345405606,0.507816248934336,9.0,9.0,1.0,3.6666667777777797,33.00000100000002,3.9999999999999996,0.0,2.0162389834610726,0,0,18.05332800722681,1,1
miku-random-v2,delayed_crossing,51,B1,B1-TimeAwareGreedy,1,1,0,0.12395472345405606,0.507816248934336,9.0,9.0,1.0,3.6666667777777797,33.00000100000002,3.9999999999999996,0.0,2.0162389834610726,0,0,18.119901011232287,1,1
miku-random-v2,delayed_crossing,51,B2,B2-IterativePVD,1,1,0,0.12395472345405606,0.507816248934336,9.0,9.0,1.0,3.6666667777777797,33.00000100000002,3.9999999999999996,0.0,2.0162389834610726,0,0,54.684275994077325,3,1
miku-random-v2,delayed_crossing,51,MIKU,MIKU,1,1,0,0.19728473981112674,0.5485126320148892,9.0,9.0,1.0,3.666666777777783,33.00000100000005,3.9999999999999996,0.0,2.0367471771274537,0,0,25.735706993145868,1,0
miku-random-v2,delayed_crossing,52,B0,B0-TimeBlind,0,1,1,0.005089361921335467,0.04634067371941231,9.0,14.0,0.999999999999261,3.6666666673109654,33.00000000579869,4.00000000000099,0.0,3.0343301317542672,0,0,70.317546982551,1,1
miku-random-v2,delayed_crossing,52,B1,B1-TimeAwareGreedy,0,0,0,0.1259731070185287,0.36918428866000164,,14.0,0.6977055394519703,2.5583731575336413,23.02535841780277,4.000000001288268,0.07797974170522651,1.8719830063088772,0,1,57.79832400730811,1,1
miku-random-v2,delayed_crossing,52,B2,B2-IterativePVD,1,1,0,0.02275672403744533,0.07203721978457306,9.0,9.0,1.0,3.6669874531220006,33.002887078098006,4.000000005399976,0.04780417214134185,2.1501667783138276,0,0,175.86401902372018,3,0
miku-random-v2,delayed_crossing,52,MIKU,MIKU,1,1,0,0.1090932446250914,,6.300000000000001,6.300000000000001,1.0,5.237965556700708,32.99918300721446,3.218413704129964,0.0,1.0823174841706138,0,0,77.65069301240146,1,0
miku-random-v2,delayed_crossing,53,B0,B0-TimeBlind,1,1,0,0.10269991198688028,0.28865980028126054,9.0,9.0,1.0,3.6666666666666683,33.000000000000014,3.9999999999999996,0.0,1.9144594833230326,0,0,18.82795599522069,1,1
miku-random-v2,delayed_crossing,53,B1,B1-TimeAwareGreedy,1,1,0,0.10269991198688028,0.28865980028126054,9.0,9.0,1.0,3.6666666666666683,33.000000000000014,3.9999999999999996,0.0,1.9144594833230326,0,0,18.809719011187553,1,1
miku-random-v2,delayed_crossing,53,B2,B2-IterativePVD,1,1,0,0.10269991198688028,0.28865980028126054,9.0,9.0,1.0,3.6666666666666683,33.000000000000014,3.9999999999999996,0.0,1.9144594833230326,0,0,56.51474301703274,3,1
miku-random-v2,delayed_crossing,53,MIKU,MIKU,1,1,0,0.17810461155195464,0.5184554219554598,9.0,9.0,1.0,3.6666666666666683,33.000000000000014,3.9999999999999996,0.0,1.943653448681424,0,0,26.028017018688843,1,0
miku-random-v2,delayed_crossing,54,B0,B0-TimeBlind,1,1,0,0.04293844257371101,0.1124450350056454,9.0,9.0,0.9999999999994238,3.6666678035315194,33.000010231783676,4.000000001513725,0.0,1.9478920520696748,0,0,64.22918100724928,1,1
miku-random-v2,delayed_crossing,54,B1,B1-TimeAwareGreedy,1,1,0,0.09766281046863079,0.1584942695143674,9.0,9.0,0.9999999999999725,3.6672673344537037,33.005406010083334,4.00000000000005,0.24889223464598037,2.5704394363040484,0,0,19.417139003053308,1,1
miku-random-v2,delayed_crossing,54,B2,B2-IterativePVD,1,1,0,0.07007757946426545,0.13291153419358573,9.0,9.0,1.0,3.666699828245394,33.00029845420855,3.9999999999999996,0.012614697294820624,1.9154518112470054,0,0,113.62496900255792,3,0
miku-random-v2,delayed_crossing,54,MIKU,MIKU,1,1,0,0.11860377454503916,0.2515348001212323,9.0,9.0,1.0,3.6666666666666745,33.00000000000007,3.9999999999999996,0.0,2.0055670570982165,0,0,14.670392003608868,1,0
miku-random-v2,delayed_crossing,55,B0,B0-TimeBlind,1,1,0,0.08802000835958003,0.2636148424064365,9.0,9.0,1.0,3.6666666666666665,33.0,3.4792977304956376,0.0,1.487128524173349,0,0,7.950868020998314,1,1
miku-random-v2,delayed_crossing,55,B1,B1-TimeAwareGreedy,0,0,0,0.15210462414209625,0.5536263730790077,,14.0,0.48484851515151517,1.7792892434395082,16.013603190955575,3.437656272115491,0.04408110381462497,1.3739879679468683,0,1,29.728960973443463,1,1
miku-random-v2,delayed_crossing,55,B2,B2-IterativePVD,1,1,0,0.08802000835958003,0.2636148424064365,9.0,9.0,1.0,3.6666666666666665,33.0,3.4792977304956376,0.0,1.487128524173349,0,0,47.018525016028434,3,0
miku-random-v2,delayed_crossing,55,MIKU,MIKU,1,1,0,0.15713578747132548,0.4623371059113189,9.0,9.0,1.0,3.6666666666666665,33.0,3.5086863630610154,0.0,1.5032436645976088,0,0,8.148427004925907,1,0
miku-random-v2,delayed_crossing,56,B0,B0-TimeBlind,1,1,0,0.1138702243849271,0.29002457387826064,9.0,9.0,0.9999999999944869,3.666669953264149,33.00002957937734,4.000000008606783,0.0,2.1579266535966215,0,0,15.311253984691575,1,1
miku-random-v2,delayed_crossing,56,B1,B1-TimeAwareGreedy,0,0,0,0.1508436260039212,0.45381222197672333,,14.0,0.5000000303030301,1.834855120149678,16.513696081347103,4.000000000000006,0.06027504541378491,2.044786550976249,0,1,67.42809398565441,1,1
miku-random-v2,delayed_crossing,56,B2,B2-IterativePVD,1,1,0,0.1138702243849271,0.29002457387826064,9.0,9.0,0.9999999999944869,3.666669953264149,33.00002957937734,4.000000008606783,0.0,2.1579266535966215,0,0,99.18646101141348,3,0
miku-random-v2,delayed_crossing,56,MIKU,MIKU,1,1,0,0.19135584861172347,0.5148501102208752,9.0,9.0,1.0,3.6666666666667944,33.00000000000115,4.0,0.0,2.198219217494544,0,0,14.059640001505613,1,0
miku-random-v2,delayed_crossing,57,B0,B0-TimeBlind,0,0,0,0.054700154107140506,0.16855894960111767,,14.0,0.6133158614361951,2.248824825266107,20.239423427394964,3.75570192618112,0.0,1.533192978544029,0,1,23.876868974184617,1,1
miku-random-v2,delayed_crossing,57,B1,B1-TimeAwareGreedy,0,0,0,0.07506475098782282,0.1864992034457374,,14.0,0.5950655825441059,2.1819091016382948,19.63718191474465,3.7442306475523095,0.002324445796687134,1.5200744444983025,0,1,21.2764969910495,1,1
miku-random-v2,delayed_crossing,57,B2,B2-IterativePVD,0,0,0,0.054700154107140506,0.16855894960111767,,14.0,0.6133158614361951,2.248824825266107,20.239423427394964,3.75570192618112,0.0,1.533192978544029,0,1,70.32218601671048,3,0
miku-random-v2,delayed_crossing,57,MIKU,MIKU,1,1,0,0.06488633586662562,,9.0,9.0,1.0,3.6666667777777775,33.000001,1.8409997211752427,0.0,0.5317984519449226,0,0,32.26026802440174,1,0
miku-random-v2,delayed_crossing,58,B0,B0-TimeBlind,0,0,0,0.1403533542518835,0.5675448058548339,,14.0,0.5294522204244992,1.9413248083322816,17.471923274990534,4.000000000000069,0.0,2.6863775633776132,0,1,39.95187199325301,1,1
miku-random-v2,delayed_crossing,58,B1,B1-TimeAwareGreedy,0,0,0,0.1403533542518835,0.5675448058548339,,14.0,0.5294522204244992,1.9413248083322816,17.471923274990534,4.000000000000069,0.0,2.6863775633776132,0,1,39.82075600652024,1,1
miku-random-v2,delayed_crossing,58,B2,B2-IterativePVD,0,0,0,0.1403533542518835,0.5675448058548339,,14.0,0.5294522204244992,1.9413248083322816,17.471923274990534,4.000000000000069,0.0,2.6863775633776132,0,1,119.20911501511,3,1
miku-random-v2,delayed_crossing,58,MIKU,MIKU,1,1,0,0.31304268221463505,,9.0,9.0,1.0,3.6666667777777775,33.000001,1.7730526185728246,0.0,0.5196298507219573,0,0,60.96625799546018,1,0
miku-random-v2,delayed_crossing,59,B0,B0-TimeBlind,0,0,0,0.14527489958350123,0.40993008048212454,,14.0,0.645565566784999,2.3670737451443955,21.30366370629956,4.000000000000199,0.0,2.7274819186745196,0,1,49.78628800017759,1,1
miku-random-v2,delayed_crossing,59,B1,B1-TimeAwareGreedy,0,0,0,0.15552631054103427,0.40706125852968966,,14.0,0.566125088694258,2.0761373334183304,18.685236000764974,4.000000000000232,0.11116687675740683,2.719148665064471,0,1,61.045604990795255,1,1
miku-random-v2,delayed_crossing,59,B2,B2-IterativePVD,0,0,0,0.14527489958350123,0.40993008048212454,,14.0,0.645565566784999,2.3670737451443955,21.30366370629956,4.000000000000199,0.0,2.7274819186745196,0,1,160.64508698764257,3,0
miku-random-v2,delayed_crossing,59,MIKU,MIKU,1,1,0,0.0895020141663696,,5.300000000000001,5.300000000000001,1.0,6.22627336620925,32.99924884090903,4.000000067950772,0.0,2.272893996939247,0,0,60.85391598753631,1,0
miku-random-v2,delayed_crossing,60,B0,B0-TimeBlind,0,0,0,0.04339028772454619,0.14102641346305061,,14.0,0.5752648672535623,2.1093045132631207,18.98374061936809,3.0595887015355974,0.0,1.2138459352874107,0,1,13.845834997482598,1,1
miku-random-v2,delayed_crossing,60,B1,B1-TimeAwareGreedy,0,0,0,0.13441181265301344,0.6617735260882076,,14.0,0.5009817838719899,1.837185202072356,16.534666818651203,2.968524370760147,0.02087495029805302,1.1256561116711659,0,1,24.98238399857655,1,1
miku-random-v2,delayed_crossing,60,B2,B2-IterativePVD,0,0,0,0.04983236322091675,0.11388118253816575,,14.0,0.6325037693591025,2.319301083055178,20.8737097474966,3.0946088084991112,0.020258338421186475,1.2520455931876848,0,1,66.68856900068931,3,0
miku-random-v2,delayed_crossing,60,MIKU,MIKU,1,1,0,0.09699949828906584,,6.5,6.5,1.0,5.076852882997492,32.9995437394837,3.1828220161995318,0.0,1.3514178191859798,0,0,27.492579974932596,1,0
miku-random-v2,delayed_crossing,61,B0,B0-TimeBlind,0,0,0,0.8624495033351267,0.6567277515053438,,14.0,0.36336262634216576,1.3323296299212746,11.99096666929147,4.0,0.0,4.216370213557854,0,1,70.7686499808915,1,1
miku-random-v2,delayed_crossing,61,B1,B1-TimeAwareGreedy,0,0,0,0.8624495033351267,0.6567277515053438,,14.0,0.36336262634216576,1.3323296299212746,11.99096666929147,4.0,0.0,4.216370213557854,0,1,71.18163499399088,1,1
miku-random-v2,delayed_crossing,61,B2,B2-IterativePVD,0,0,0,0.8624495033351267,0.6567277515053438,,14.0,0.36336262634216576,1.3323296299212746,11.99096666929147,4.0,0.0,4.216370213557854,0,1,145.1469119929243,2,1
miku-random-v2,delayed_crossing,61,MIKU,MIKU,0,0,0,0.8624495033351267,0.6567277515053438,,14.0,0.36336262634216576,1.3323296299212746,11.99096666929147,4.0,0.0,4.216370213557854,0,1,66.00211700424552,2,1
miku-random-v2,delayed_crossing,62,B0,B0-TimeBlind,1,1,0,0.12201279665437291,0.3569842556851332,9.0,9.0,1.0,3.6666666666666896,33.000000000000206,4.0,0.0,2.081633455485474,0,0,9.735466010170057,1,1
miku-random-v2,delayed_crossing,62,B1,B1-TimeAwareGreedy,0,0,0,0.15012496661456654,0.4531980495140757,,14.0,0.4090909394380894,1.5019404377577559,13.517463939819804,4.000000000130476,0.03360891345412565,1.982460419756396,0,1,101.51238899561577,1,1
miku-random-v2,delayed_crossing,62,B2,B2-IterativePVD,1,1,0,0.12201279665437291,0.3569842556851332,9.0,9.0,1.0,3.6666666666666896,33.000000000000206,4.0,0.0,2.081633455485474,0,0,121.00952400942333,3,0
miku-random-v2,delayed_crossing,62,MIKU,MIKU,1,1,0,0.20505926197463833,0.5729111641294238,9.0,9.0,1.0,3.666666666666837,33.000000000001535,4.0,0.0,2.116253866287234,0,0,12.79042600071989,1,0
miku-random-v2,delayed_crossing,63,B0,B0-TimeBlind,0,0,0,0.09679305110907324,0.24848397708266523,,14.0,0.4804431122869975,1.761624745052381,15.854622705471428,3.703087677774439,0.0,1.589656790196065,0,1,16.071605001343414,1,1
miku-random-v2,delayed_crossing,63,B1,B1-TimeAwareGreedy,0,0,0,0.1330668716734462,0.5140229310805055,,14.0,0.44983796880068067,1.6494288178840426,14.844859360956384,3.683486213983275,0.00494340717192239,1.5638166094927985,0,1,15.259673993568867,1,1
miku-random-v2,delayed_crossing,63,B2,B2-IterativePVD,0,0,0,0.07872377359307961,0.20542461417192273,,14.0,0.5172754310460002,1.8967229241555137,17.070506317399623,3.719954287199059,0.010224138866768056,1.6141580207850201,0,1,57.40220099687576,3,0
miku-random-v2,delayed_crossing,63,MIKU,MIKU,1,1,0,0.08342084339289468,,9.0,9.0,1.0,3.6666667777777784,33.000001000000005,1.4235182721059234,0.0,0.3772885706450615,0,0,29.911613004514948,1,0
miku-random-v2,delayed_crossing,64,B0,B0-TimeBlind,1,1,0,0.136591454353491,0.5427851670935262,9.0,9.0,1.0,3.6666667777777775,33.000001,3.720552217676665,0.0,1.5256174980879238,0,0,9.137928980635479,1,1
miku-random-v2,delayed_crossing,64,B1,B1-TimeAwareGreedy,1,1,0,0.136591454353491,0.5427851670935262,9.0,9.0,1.0,3.6666667777777775,33.000001,3.720552217676665,0.0,1.5256174980879238,0,0,9.150145982857794,1,1
miku-random-v2,delayed_crossing,64,B2,B2-IterativePVD,1,1,0,0.136591454353491,0.5427851670935262,9.0,9.0,1.0,3.6666667777777775,33.000001,3.720552217676665,0.0,1.5256174980879238,0,0,27.336953004123643,3,1
miku-random-v2,delayed_crossing,64,MIKU,MIKU,1,1,0,0.20830823271555987,0.6050142126212886,9.0,9.0,1.0,3.6666667777777775,33.000001,3.7366615353727726,0.0,1.5340160244172332,0,0,8.846176002407447,1,0
miku-random-v2,delayed_crossing,65,B0,B0-TimeBlind,1,1,0,0.04316324715151776,0.03798628710337857,9.0,9.0,1.0,3.6666666666666683,33.000000000000014,3.9872227358044188,0.0,1.8133802183665393,0,0,12.239892996149138,1,1
miku-random-v2,delayed_crossing,65,B1,B1-TimeAwareGreedy,0,0,0,0.10559262481328836,0.22994012971742925,,14.0,0.6483036606246172,2.3779264154244792,21.401337738820313,3.0908984148061367,0.22897459898438624,1.2588150888333176,0,1,19.832204998238012,1,1
miku-random-v2,delayed_crossing,65,B2,B2-IterativePVD,1,1,0,0.04316324715151776,0.03798628710337857,9.0,9.0,1.0,3.6666666666666683,33.000000000000014,3.9872227358044188,0.0,1.8133802183665393,0,0,39.85770000144839,3,0
miku-random-v2,delayed_crossing,65,MIKU,MIKU,1,1,0,0.10555046019572867,0.15083828530037388,9.0,9.0,0.9999999999999987,3.666666666666865,33.00000000000178,4.000000000000001,0.0,2.032415811556889,0,0,282.84702499513514,1,0
miku-random-v2,delayed_crossing,66,B0,B0-TimeBlind,1,1,0,0.04211031067742699,0.08616704526531774,9.0,9.0,0.9999999999958556,3.6666666769753777,33.0000000927784,4.0000000000110445,0.0,3.557454212426756,0,0,19.30421800352633,1,1
miku-random-v2,delayed_crossing,66,B1,B1-TimeAwareGreedy,0,0,0,0.16384257947096578,0.4218704577670095,,14.0,0.6611303099148331,2.424629288590434,21.821663597313908,4.000000000000046,0.16460645823934938,2.6092127894477133,0,1,47.478927008342,1,1
miku-random-v2,delayed_crossing,66,B2,B2-IterativePVD,1,1,0,0.09069823538239241,0.22319701117372384,9.0,9.0,0.9999999999982876,3.666753929024391,33.00078536121952,4.000000000005454,0.021961875475148537,3.2318584303922404,0,0,92.92795101646334,3,0
miku-random-v2,delayed_crossing,66,MIKU,MIKU,1,1,0,0.13069904527646403,,5.800000000000001,5.800000000000001,1.0,5.689515028712269,32.999187166531165,3.9585006075545675,0.0,2.0485963535515133,0,0,40.491413994459435,1,0
miku-random-v2,delayed_crossing,67,B0,B0-TimeBlind,1,1,0,0.14999999999999902,0.4948281463789912,9.0,9.0,1.0,3.6666667777777775,33.000001,3.9219348953699567,0.0,1.656899987296198,0,0,10.52763097686693,1,1
miku-random-v2,delayed_crossing,67,B1,B1-TimeAwareGreedy,1,1,0,0.14999999999999902,0.4948281463789912,9.0,9.0,1.0,3.6666667777777775,33.000001,3.9219348953699567,0.0,1.656899987296198,0,0,10.519837989704683,1,1
miku-random-v2,delayed_crossing,67,B2,B2-IterativePVD,1,1,0,0.14999999999999902,0.4948281463789912,9.0,9.0,1.0,3.6666667777777775,33.000001,3.9219348953699567,0.0,1.656899987296198,0,0,31.886826996924356,3,1
miku-random-v2,delayed_crossing,67,MIKU,MIKU,1,1,0,0.21007482367926392,0.5503383463825189,9.0,9.0,1.0,3.6666667777777775,33.000001,3.9373100145523554,0.0,1.6655050908084468,0,0,9.749637974891812,1,0
miku-random-v2,delayed_crossing,68,B0,B0-TimeBlind,1,1,0,0.06123829856605889,0.09887785290754851,9.0,9.0,0.9999999999999998,3.6666666666668086,33.00000000000128,4.0,0.0,2.0885133632292097,0,0,11.08667699736543,1,1
miku-random-v2,delayed_crossing,68,B1,B1-TimeAwareGreedy,0,0,0,0.1729883205265279,0.6214192969774591,,14.0,0.7215919191212713,2.6468184000405874,23.821365600365286,4.000000002787011,0.22704414164119277,1.9340401277814476,0,1,82.51502900384367,1,1
miku-random-v2,delayed_crossing,68,B2,B2-IterativePVD,1,1,0,0.09176745414790143,0.24524999343914297,9.0,9.0,1.0,3.666708314492902,33.000374830436115,3.9999999999999996,0.014761500707745769,2.0400068462988985,0,0,118.4627219918184,3,0
miku-random-v2,delayed_crossing,68,MIKU,MIKU,1,1,0,0.1314418552520445,0.2329712613461183,9.0,9.0,0.9999999999999996,3.666666666666846,33.00000000000161,4.000000000000001,0.0,2.174333396984182,0,0,11.340642988216132,1,0
miku-random-v2,delayed_crossing,69,B0,B0-TimeBlind,1,1,0,0.12616342287135773,0.2871649243377413,9.0,9.0,1.0,3.6666666666666665,33.0,3.1534263604766277,0.0,1.3449311933305605,0,0,7.853557006455958,1,1
miku-random-v2,delayed_crossing,69,B1,B1-TimeAwareGreedy,0,0,0,0.16232783817792415,0.6170708983159405,,14.0,0.5303030606065381,1.945843592816961,17.51259233535265,3.067677181488721,0.04334393225916783,1.1839159453865717,0,1,20.404856011737138,1,1
miku-random-v2,delayed_crossing,69,B2,B2-IterativePVD,1,1,0,0.12616342287135773,0.2871649243377413,9.0,9.0,1.0,3.6666666666666665,33.0,3.1534263604766277,0.0,1.3449311933305605,0,0,34.60987901780754,3,0
miku-random-v2,delayed_crossing,69,MIKU,MIKU,1,1,0,0.14976928144993484,0.3436252058151276,9.0,9.0,1.0,3.6666666666666665,33.0,3.1649299594487372,0.0,1.350832492561466,0,0,7.014803995843977,1,0
miku-random-v2,delayed_crossing,70,B0,B0-TimeBlind,0,0,0,0.1513505239441142,0.3910248543009878,,14.0,0.5429859717447948,1.9909485637674393,17.918537073906954,4.000000000000405,0.0,2.832072887443188,0,1,30.45910198125057,1,1
miku-random-v2,delayed_crossing,70,B1,B1-TimeAwareGreedy,0,0,0,0.15556329400561397,0.38368706205090974,,14.0,0.41912261417751545,1.5374262872187106,13.836836584968395,4.000000000000541,0.028561139254821153,2.7913805390651016,0,1,55.18065800424665,1,1
miku-random-v2,delayed_crossing,70,B2,B2-IterativePVD,0,0,0,0.1513505239441142,0.3910248543009878,,14.0,0.5429859717447948,1.9909485637674393,17.918537073906954,4.000000000000405,0.0,2.832072887443188,0,1,115.97534202155657,3,0
miku-random-v2,delayed_crossing,70,MIKU,MIKU,0,0,0,0.19982205271990514,0.42141901690493844,,14.0,0.540105822768838,1.9803880177978348,17.823492160180514,4.00000000000053,0.0,2.8792664103426264,0,1,89.32018399355002,2,0
miku-random-v2,delayed_crossing,71,B0,B0-TimeBlind,1,1,0,0.14802157506990327,0.5153753432258636,9.0,9.0,1.0,3.6666667777777775,33.000001,3.9999999999999996,0.0,1.6827636960984065,0,0,11.661597003694624,1,1
miku-random-v2,delayed_crossing,71,B1,B1-TimeAwareGreedy,1,1,0,0.14802157506990327,0.5153753432258636,9.0,9.0,1.0,3.6666667777777775,33.000001,3.9999999999999996,0.0,1.6827636960984065,0,0,11.493681988213211,1,1
miku-random-v2,delayed_crossing,71,B2,B2-IterativePVD,1,1,0,0.14802157506990327,0.5153753432258636,9.0,9.0,1.0,3.6666667777777775,33.000001,3.9999999999999996,0.0,1.6827636960984065,0,0,34.386455983622,3,1
miku-random-v2,delayed_crossing,71,MIKU,MIKU,1,1,0,0.21361310891229926,0.5723554483691947,9.0,9.0,1.0,3.6666667777777775,33.000001,3.9999999999999996,0.0,1.6926906103156896,0,0,10.18705900060013,1,0
miku-random-v2,delayed_crossing,72,B0,B0-TimeBlind,1,1,0,0.13262638217334918,0.47453529982112613,9.0,9.0,1.0,3.6666667751229554,33.0000009761066,4.000000168468347,0.0,2.164942272635223,0,0,39.39519001869485,1,1
miku-random-v2,delayed_crossing,72,B1,B1-TimeAwareGreedy,0,0,0,0.15002408306494042,0.4451220216808477,,14.0,0.500000030293444,1.8348234116942583,16.513410705248326,4.000000002136894,0.06334422553718462,2.108433178431079,0,1,145.53634100593626,1,1
miku-random-v2,delayed_crossing,72,B2,B2-IterativePVD,1,1,0,0.13262638217334918,0.47453529982112613,9.0,9.0,1.0,3.6666667751229554,33.0000009761066,4.000000168468347,0.0,2.164942272635223,0,0,229.12470597657375,3,0
miku-random-v2,delayed_crossing,72,MIKU,MIKU,1,1,0,0.20401752187069735,0.511651725918245,9.0,9.0,1.0,3.6666667777777997,33.000001000000196,4.0,0.0,2.188982431303955,0,0,58.59818201861344,1,0
miku-random-v2,delayed_crossing,73,B0,B0-TimeBlind,1,1,0,0.13311327344263107,0.41081654105881604,9.0,9.0,0.9999999999999938,3.666666666795568,33.00000000116011,4.000000000000229,0.0,2.898391376710497,0,0,28.4361380035989,1,1
miku-random-v2,delayed_crossing,73,B1,B1-TimeAwareGreedy,0,0,0,1.9712695792154613,0.9928368030494742,,14.0,0.3159791707518502,1.1585902927567842,10.427312634811058,4.0,0.0,4.216370213557836,0,1,918.979936017422,1,1
miku-random-v2,delayed_crossing,73,B2,B2-IterativePVD,0,0,0,1.9712695792154613,0.9928368030494742,,14.0,0.3159791707518502,1.1585902927567842,10.427312634811058,4.0,0.0,4.216370213557836,0,1,1840.8359400054906,2,1
miku-random-v2,delayed_crossing,73,MIKU,MIKU,1,1,0,0.21042780959218357,0.45554448327284197,9.0,9.0,0.9999999999999876,3.666666666841783,33.00000000157605,4.00000000000028,0.0,2.9874515363897807,0,0,14.051014004508033,1,0
miku-random-v2,delayed_crossing,74,B0,B0-TimeBlind,1,1,0,0.1499999992438572,0.3766426998764454,9.0,9.0,0.9999999999999791,3.666666668213241,33.00000001391917,4.000000000002368,0.0,3.082396512183058,0,0,30.306136002764106,1,1
miku-random-v2,delayed_crossing,74,B1,B1-TimeAwareGreedy,0,0,0,0.15000554784459696,0.36546614491213547,,14.0,0.4090909393936593,1.5019478737529506,13.517530863776555,4.0000000000269225,0.038684885048296744,3.0051969167845463,0,1,141.68788699316792,1,1
miku-random-v2,delayed_crossing,74,B2,B2-IterativePVD,1,1,0,0.1499999992438572,0.3766426998764454,9.0,9.0,0.9999999999999791,3.666666668213241,33.00000001391917,4.000000000002368,0.0,3.082396512183058,0,0,202.96861801762134,3,0
miku-random-v2,delayed_crossing,74,MIKU,MIKU,1,1,0,0.2125497534282741,0.4097091526275468,9.0,9.0,0.9999999999999591,3.666666668739844,33.000000018658596,4.000000000002862,0.0,3.1656062917367396,0,0,27.016692998586223,1,0
miku-random-v2,delayed_crossing,75,B0,B0-TimeBlind,1,1,0,0.10577878282426345,0.34487404817135725,9.0,9.0,1.0,3.666666665619101,32.99999999057191,3.3374975522361345,0.0,1.4066609821504925,0,0,8.998870995128527,1,1
miku-random-v2,delayed_crossing,75,B1,B1-TimeAwareGreedy,1,1,0,0.10577878282426345,0.34487404817135725,9.0,9.0,1.0,3.666666665619101,32.99999999057191,3.3374975522361345,0.0,1.4066609821504925,0,0,8.997243974590674,1,1
miku-random-v2,delayed_crossing,75,B2,B2-IterativePVD,1,1,0,0.10577878282426345,0.34487404817135725,9.0,9.0,1.0,3.666666665619101,32.99999999057191,3.3374975522361345,0.0,1.4066609821504925,0,0,28.298299002926797,3,0
miku-random-v2,delayed_crossing,75,MIKU,MIKU,1,1,0,0.14166180547894064,0.4205618453646946,9.0,9.0,1.0,3.6666666666666665,33.0,3.349140413014197,0.0,1.4127896450662547,0,0,6.9849719875492156,1,0
miku-random-v2,delayed_crossing,76,B0,B0-TimeBlind,0,0,0,0.13916893832729527,0.38630051030150786,,14.0,0.6967251539388375,2.5546588981555223,22.9919300833997,4.000000000000315,0.0,2.9323693684547476,0,1,45.7068289979361,1,1
miku-random-v2,delayed_crossing,76,B1,B1-TimeAwareGreedy,0,0,0,0.150171310924876,0.3862094070073973,,14.0,0.6602857730916528,2.421102542098552,21.78992287888697,4.000000000000339,0.05178736332135573,2.9318685909613826,0,1,36.6795799927786,1,1
miku-random-v2,delayed_crossing,76,B2,B2-IterativePVD,0,0,0,0.13916893832729527,0.38630051030150786,,14.0,0.6967251539388375,2.5546588981555223,22.9919300833997,4.000000000000315,0.0,2.9323693684547476,0,1,128.16205600393005,3,0
miku-random-v2,delayed_crossing,76,MIKU,MIKU,1,1,0,0.1401463408703838,,7.300000000000001,7.300000000000001,1.0,4.5204618172225635,32.99937126572472,2.5047916579495326,0.0,0.6976938749351597,0,0,62.414871994405985,1,0
miku-random-v2,delayed_crossing,77,B0,B0-TimeBlind,0,0,0,1.1986154277347745,,,14.0,0.32659365792407435,1.1975100790549393,10.777590711494454,4.0,0.0,4.216370213557836,0,1,475.11472000041977,1,1
miku-random-v2,delayed_crossing,77,B1,B1-TimeAwareGreedy,0,0,0,1.1986154277347745,,,14.0,0.32659365792407435,1.1975100790549393,10.777590711494454,4.0,0.0,4.216370213557836,0,1,467.8725929989014,1,1
miku-random-v2,delayed_crossing,77,B2,B2-IterativePVD,0,0,0,1.1986154277347745,,,14.0,0.32659365792407435,1.1975100790549393,10.777590711494454,4.0,0.0,4.216370213557836,0,1,938.0478989914991,2,1
miku-random-v2,delayed_crossing,77,MIKU,MIKU,1,1,0,0.474475242061845,,9.0,9.0,1.0,3.6666667777777775,33.000001,1.866853954373772,0.0,0.5518804453313312,0,0,238.71291798423044,1,0
miku-random-v2,delayed_crossing,78,B0,B0-TimeBlind,0,0,0,0.06532565497583065,0.3029436572557749,,14.0,0.60530776712062,2.219461812775851,19.97515631498266,4.0,0.0,2.0214804557637556,0,1,20.873488974757493,1,1
miku-random-v2,delayed_crossing,78,B1,B1-TimeAwareGreedy,0,0,0,0.16701810028489128,0.4913758294365916,,14.0,0.4394367571805797,1.612079883561879,14.508718952056912,3.9999999999999996,0.038957921620548355,1.939624136438904,0,1,36.882017011521384,1,1
miku-random-v2,delayed_crossing,78,B2,B2-IterativePVD,0,0,0,0.12465336806851063,0.488190446715644,,14.0,0.6745991375789971,2.473892159871143,22.26502943884029,3.9999999999999996,0.03764215086845778,2.0255873815269787,0,1,85.80979800899513,3,0
miku-random-v2,delayed_crossing,78,MIKU,MIKU,0,0,0,0.13766162535029344,0.5839133049645554,,14.0,0.5860998725276207,2.149032865935015,19.341295793415135,4.0,0.0,2.032954741205716,0,1,56.95453699445352,2,0
miku-random-v2,delayed_crossing,79,B0,B0-TimeBlind,0,0,0,0.07348255865463568,0.28291425306445833,,14.0,0.6394252291042419,2.34455917338229,21.10103256044061,3.776107621960741,0.0,1.5642072563900546,0,1,18.257966003147885,1,1
miku-random-v2,delayed_crossing,79,B1,B1-TimeAwareGreedy,0,0,0,0.1532119285690302,0.663822679516862,,14.0,0.5267912630523406,1.9319371713301063,17.387434541970958,3.6975914441110356,0.03264926877742155,1.4752652454216555,0,1,15.266700007487088,1,1
miku-random-v2,delayed_crossing,79,B2,B2-IterativePVD,0,0,0,0.06268626670465773,0.14062791224004728,,14.0,0.6756974571970937,2.4775988163564673,22.298389347208204,3.7861102744638115,0.010936935088796201,1.574932023347789,0,1,58.15345500013791,3,0
miku-random-v2,delayed_crossing,79,MIKU,MIKU,1,1,0,0.06479793015191815,,5.300000000000001,5.300000000000001,1.0,6.226258788701138,32.999171580116034,4.000000042339371,0.0,2.3428744088371953,0,0,36.16652300115675,1,0
miku-random-v2,delayed_crossing,80,B0,B0-TimeBlind,1,1,0,0.12454693591429128,0.5136351632670003,9.0,9.0,1.0,3.6666667777777775,33.000001,3.9999999999999996,0.0,1.826035903236949,0,0,8.750923007028177,1,1
miku-random-v2,delayed_crossing,80,B1,B1-TimeAwareGreedy,0,0,0,0.1499813442931459,0.49361838359656424,,14.0,0.5000000303021588,1.8348553691557967,16.51369832240217,4.000000000043137,0.06354900376158067,1.7647966275058282,0,1,76.32936799200252,1,1
miku-random-v2,delayed_crossing,80,B2,B2-IterativePVD,1,1,0,0.12454693591429128,0.5136351632670003,9.0,9.0,1.0,3.6666667777777775,33.000001,3.9999999999999996,0.0,1.826035903236949,0,0,94.96263400069438,3,0
miku-random-v2,delayed_crossing,80,MIKU,MIKU,1,1,0,0.19355638590526886,0.5641315475357522,9.0,9.0,1.0,3.6666667777777775,33.000001,3.9999999999999996,0.0,1.8396276527052187,0,0,11.71894499566406,1,0
miku-random-v2,delayed_crossing,81,B0,B0-TimeBlind,1,1,0,0.13676408577601393,0.48470009481968684,9.0,9.0,1.0,3.6666667777777775,33.000001,3.9999999999999996,0.0,1.7608173720003206,0,0,10.540212999330834,1,1
miku-random-v2,delayed_crossing,81,B1,B1-TimeAwareGreedy,1,1,0,0.13676408577601393,0.48470009481968684,9.0,9.0,1.0,3.6666667777777775,33.000001,3.9999999999999996,0.0,1.7608173720003206,0,0,10.561163013335317,1,1
miku-random-v2,delayed_crossing,81,B2,B2-IterativePVD,1,1,0,0.13676408577601393,0.48470009481968684,9.0,9.0,1.0,3.6666667777777775,33.000001,3.9999999999999996,0.0,1.7608173720003206,0,0,31.882650015177205,3,1
miku-random-v2,delayed_crossing,81,MIKU,MIKU,1,1,0,0.19993417139431127,0.5377071340295984,9.0,9.0,1.0,3.6666667777777775,33.000001,3.9999999999999996,0.0,1.7716076566265992,0,0,10.077212995383888,1,0
miku-random-v2,delayed_crossing,82,B0,B0-TimeBlind,1,1,0,0.1059223248275291,0.25441115932291963,9.0,9.0,0.9999999999999984,3.666666666676357,33.00000000008721,4.000000000000021,0.0,2.549256916309305,0,0,52.81275499146432,1,1
miku-random-v2,delayed_crossing,82,B1,B1-TimeAwareGreedy,1,1,0,0.1450129016084316,0.18104844093991915,9.0,9.0,0.9999999995330556,3.668168892071039,33.01352002863935,4.000000000752184,0.33167655413079206,4.003632010626377,0,0,41.11557602300309,1,1
miku-random-v2,delayed_crossing,82,B2,B2-IterativePVD,1,1,0,0.10840931401987404,0.33077725847917583,9.0,9.0,0.9999999999999991,3.6666888307051426,33.00019947634628,4.000000000000018,0.010407143875571186,2.5152344841250653,0,0,131.16170800640248,3,0
miku-random-v2,delayed_crossing,82,MIKU,MIKU,1,1,0,0.18655928469823604,0.45126726307647547,9.0,9.0,0.9999999999999972,3.666666666680449,33.00000000012404,4.000000000000031,0.0,2.6344349623481236,0,0,11.486108996905386,1,0
miku-random-v2,delayed_crossing,83,B0,B0-TimeBlind,0,0,0,0.280975820394604,0.3757017017674248,,14.0,0.36376894716495933,1.3338194729381843,12.004375256443659,4.0,0.0,4.216370213557854,0,1,44.84213999239728,1,1
miku-random-v2,delayed_crossing,83,B1,B1-TimeAwareGreedy,0,0,0,0.280975820394604,0.3757017017674248,,14.0,0.36376894716495933,1.3338194729381843,12.004375256443659,4.0,0.0,4.216370213557854,0,1,33.22617500089109,1,1
miku-random-v2,delayed_crossing,83,B2,B2-IterativePVD,0,0,0,0.280975820394604,0.3757017017674248,,14.0,0.36376894716495933,1.3338194729381843,12.004375256443659,4.0,0.0,4.216370213557854,0,1,66.58409102237783,2,1
miku-random-v2,delayed_crossing,83,MIKU,MIKU,0,0,0,0.280975820394604,0.3757017017674248,,14.0,0.36376894716495933,1.3338194729381843,12.004375256443659,4.0,0.0,4.216370213557854,0,1,43.87449601199478,2,1
miku-random-v2,delayed_crossing,84,B0,B0-TimeBlind,1,1,0,0.0455697800685253,0.08810766264660878,9.0,9.0,0.999999999999989,3.666666666685028,33.00000000016525,4.000000000000042,0.0,2.608947108640837,0,0,72.50833199941553,1,1
miku-random-v2,delayed_crossing,84,B1,B1-TimeAwareGreedy,0,0,0,0.15266253003834848,0.5065439022446461,,14.0,0.7060067316028528,2.5892381442921764,23.303143298629585,4.000000000000002,0.17372652307456393,2.2069399437668995,0,1,61.07172800693661,1,1
miku-random-v2,delayed_crossing,84,B2,B2-IterativePVD,1,1,0,0.1108071940656763,0.22695465267043752,9.0,9.0,0.9999999999999982,3.6667677015063274,33.000909313556946,4.000000000000008,0.022944236584423613,2.4900737200156504,0,0,145.55133401881903,3,0
miku-random-v2,delayed_crossing,84,MIKU,MIKU,1,1,0,0.08640301190307209,,5.800000000000001,5.800000000000001,1.0,5.689554217151901,32.99941445948103,3.9778838664252096,0.0,1.9809088026874224,0,0,100.91300299973227,1,0
miku-random-v2,delayed_crossing,85,B0,B0-TimeBlind,1,1,0,0.14420552729002523,0.43287373957845277,9.0,9.0,1.0,3.6666666666666674,33.00000000000001,3.9999999999999996,0.0,1.9564921227119338,0,0,41.95794800762087,1,1
miku-random-v2,delayed_crossing,85,B1,B1-TimeAwareGreedy,0,0,0,0.1524210420338279,0.478481203590364,,14.0,0.48484851515151506,1.7792872710296481,16.013585439266834,4.0,0.050462578391417955,1.8471726102758717,0,1,33.1429340003524,1,1
miku-random-v2,delayed_crossing,85,B2,B2-IterativePVD,1,1,0,0.14420552729002523,0.43287373957845277,9.0,9.0,1.0,3.6666666666666674,33.00000000000001,3.9999999999999996,0.0,1.9564921227119338,0,0,116.71076199854724,3,0
miku-random-v2,delayed_crossing,85,MIKU,MIKU,1,1,0,0.17797277773006576,0.5396886088291706,9.0,9.0,1.0,3.666666666666669,33.00000000000002,3.9999999999999996,0.0,1.970539551318154,0,0,41.09869000967592,1,0
miku-random-v2,delayed_crossing,86,B0,B0-TimeBlind,1,1,0,0.13710261127019632,0.4872217630919594,9.0,9.0,1.0,3.6666667777777775,33.000001,3.9999999999999996,0.0,1.7984605059102627,0,0,11.827317997813225,1,1
miku-random-v2,delayed_crossing,86,B1,B1-TimeAwareGreedy,1,1,0,0.13710261127019632,0.4872217630919594,9.0,9.0,1.0,3.6666667777777775,33.000001,3.9999999999999996,0.0,1.7984605059102627,0,0,11.720949987648055,1,1
miku-random-v2,delayed_crossing,86,B2,B2-IterativePVD,1,1,0,0.13710261127019632,0.4872217630919594,9.0,9.0,1.0,3.6666667777777775,33.000001,3.9999999999999996,0.0,1.7984605059102627,0,0,35.18882201751694,3,1
miku-random-v2,delayed_crossing,86,MIKU,MIKU,1,1,0,0.20270512097337548,0.5398877011905616,9.0,9.0,1.0,3.6666667777777784,33.000001000000005,3.9999999999999996,0.0,1.8112367236247704,0,0,10.797626018757,1,0
miku-random-v2,delayed_crossing,87,B0,B0-TimeBlind,1,1,0,0.1403313048111914,0.4793956167982135,9.0,9.0,1.0,3.666666776691712,33.00000099022541,4.0000000381036145,0.0,1.737084620958205,0,0,15.735644003143534,1,1
miku-random-v2,delayed_crossing,87,B1,B1-TimeAwareGreedy,1,1,0,0.1403313048111914,0.4793956167982135,9.0,9.0,1.0,3.666666776691712,33.00000099022541,4.0000000381036145,0.0,1.737084620958205,0,0,15.649498003767803,1,1
miku-random-v2,delayed_crossing,87,B2,B2-IterativePVD,1,1,0,0.1403313048111914,0.4793956167982135,9.0,9.0,1.0,3.666666776691712,33.00000099022541,4.0000000381036145,0.0,1.737084620958205,0,0,46.97017601574771,3,1
miku-random-v2,delayed_crossing,87,MIKU,MIKU,1,1,0,0.2011118171280168,0.5316224941747287,9.0,9.0,1.0,3.6666667777777775,33.000001,3.9999999999999996,0.0,1.7470619181110398,0,0,16.1709499952849,1,0
miku-random-v2,delayed_crossing,88,B0,B0-TimeBlind,1,1,0,0.15012203287789985,0.4178652850140467,9.0,9.0,1.0,3.666666777782403,33.00000100004163,4.000000000000019,0.0,2.5907231127399344,0,0,76.77746200351976,1,1
miku-random-v2,delayed_crossing,88,B1,B1-TimeAwareGreedy,1,1,0,0.15012203287789985,0.4178652850140467,9.0,9.0,1.0,3.666666777782403,33.00000100004163,4.000000000000019,0.0,2.5907231127399344,0,0,77.16580497799441,1,1
miku-random-v2,delayed_crossing,88,B2,B2-IterativePVD,1,1,0,0.15012203287789985,0.4178652850140467,9.0,9.0,1.0,3.666666777782403,33.00000100004163,4.000000000000019,0.0,2.5907231127399344,0,0,231.3517369912006,3,1
miku-random-v2,delayed_crossing,88,MIKU,MIKU,1,1,0,0.1995755037817883,0.4500095527686339,9.0,9.0,1.0,3.6666666666729455,33.00000000005651,4.00000000000002,0.0,2.6244846603916527,0,0,70.45303398626857,1,0
miku-random-v2,delayed_crossing,89,B0,B0-TimeBlind,1,1,0,0.05644732074445358,0.06595223336284223,9.0,9.0,1.0,3.6666666666666665,33.0,3.4420787746879005,0.0,1.4864245218741385,0,0,6.272441009059548,1,1
miku-random-v2,delayed_crossing,89,B1,B1-TimeAwareGreedy,0,0,0,0.15300085881259706,0.5970632383666417,,14.0,0.48484851515151506,1.7792975887701543,16.01367829893139,3.095469387691898,0.04417940474671441,1.1876011658800592,0,1,16.918551991693676,1,1
miku-random-v2,delayed_crossing,89,B2,B2-IterativePVD,1,1,0,0.05644732074445358,0.06595223336284223,9.0,9.0,1.0,3.6666666666666665,33.0,3.4420787746879005,0.0,1.4864245218741385,0,0,33.08997000567615,3,0
miku-random-v2,delayed_crossing,89,MIKU,MIKU,1,1,0,0.11880650863819131,0.1887163427519206,9.0,9.0,1.0,3.6666666666666665,33.0,3.543621665072245,0.0,1.5439373907750074,0,0,12.324759009061381,1,0
miku-random-v2,delayed_crossing,90,B0,B0-TimeBlind,0,0,0,0.10091147830821724,0.3375809551697945,,14.0,0.5706723317737348,2.0924689802432717,18.832220822189445,3.7972207561073805,0.0,1.681895910192424,0,1,34.47536699241027,1,1
miku-random-v2,delayed_crossing,90,B1,B1-TimeAwareGreedy,0,0,0,0.10091147830821724,0.3375809551697945,,14.0,0.5706723317737348,2.0924689802432717,18.832220822189445,3.7972207561073805,0.0,1.681895910192424,0,1,34.29980401415378,1,1
miku-random-v2,delayed_crossing,90,B2,B2-IterativePVD,0,0,0,0.09198459764826572,0.3280557767641293,,14.0,0.6402881061877947,2.3480229446968943,21.132206502272048,3.8026451158260075,0.02869477056585328,1.6868724165930937,0,1,129.63606201810762,3,0
miku-random-v2,delayed_crossing,90,MIKU,MIKU,1,1,0,0.12596650332932668,,9.0,9.0,1.0,3.6666667777777775,33.000001,1.4013432933948209,0.0,0.4023589926627251,0,0,36.86798000126146,1,0
miku-random-v2,delayed_crossing,91,B0,B0-TimeBlind,1,1,0,0.10528796105266296,0.3357458202137228,9.0,9.0,1.0,3.6666667777777775,33.000001,3.163716461825654,0.0,1.28985805743397,0,0,6.40609601396136,1,1
miku-random-v2,delayed_crossing,91,B1,B1-TimeAwareGreedy,1,1,0,0.10528796105266296,0.3357458202137228,9.0,9.0,1.0,3.6666667777777775,33.000001,3.163716461825654,0.0,1.28985805743397,0,0,6.350909010507166,1,1
miku-random-v2,delayed_crossing,91,B2,B2-IterativePVD,1,1,0,0.10528796105266296,0.3357458202137228,9.0,9.0,1.0,3.6666667777777775,33.000001,3.163716461825654,0.0,1.28985805743397,0,0,19.364606007002294,3,1
miku-random-v2,delayed_crossing,91,MIKU,MIKU,1,1,0,0.1858332744038492,0.6515189789701035,9.0,9.0,1.0,3.6666667777777775,33.000001,3.1709548657353532,0.0,1.2946824381360256,0,0,6.767607002984732,1,0
miku-random-v2,delayed_crossing,92,B0,B0-TimeBlind,0,0,0,0.13426577271808607,0.38126947609754797,,14.0,0.5605093490726777,2.055200953270739,18.49680857943665,4.000000000003337,0.0,3.008906797145593,0,1,35.26865801541135,1,1
miku-random-v2,delayed_crossing,92,B1,B1-TimeAwareGreedy,0,0,0,0.1522896206679918,0.3759908724823881,,14.0,0.45143076984190694,1.6557449375564515,14.901704438008064,4.000000000000675,0.03413481289148151,2.9647337991094163,0,1,73.1934730138164,1,1
miku-random-v2,delayed_crossing,92,B2,B2-IterativePVD,0,0,0,0.14392195105366706,0.382074356865351,,14.0,0.6065268944962545,2.224086950938541,20.01678255844687,4.000000000003037,0.02790958951977825,3.0132495000218533,0,1,144.07804000074975,3,0
miku-random-v2,delayed_crossing,92,MIKU,MIKU,0,0,0,0.20052234649905126,0.4095208614646489,,14.0,0.5376400323445317,1.9713467941465699,17.74212114731913,4.000000000004168,0.0,3.0558411729517334,0,1,124.31768799433485,2,0
miku-random-v2,delayed_crossing,93,B0,B0-TimeBlind,0,0,0,0.08014010858879844,0.20756533476807568,,14.0,0.6087985163227692,2.2322671937146925,20.090404743432234,3.9999999904325043,0.0,1.8100253341936536,0,1,22.819746023742482,1,1
miku-random-v2,delayed_crossing,93,B1,B1-TimeAwareGreedy,0,0,0,0.08615877037908747,0.21026857424973824,,14.0,0.5918023390389847,2.169962490638108,19.52966241574297,3.9999999911126625,0.02814003041895371,1.8085201747232622,0,1,24.26746700075455,1,1
miku-random-v2,delayed_crossing,93,B2,B2-IterativePVD,0,0,0,0.09591843952008348,0.3615325539657529,,14.0,0.6261361251692455,2.295877606954265,20.662898462588384,3.999999990544824,0.010684322397894538,1.8111390696336525,0,1,72.41846900433302,3,0
miku-random-v2,delayed_crossing,93,MIKU,MIKU,1,1,0,0.08950124453114139,,9.0,9.0,1.0,3.6666667777777775,33.000001,1.5365831613702545,0.0,0.43054433072643516,0,0,27.037774998461828,1,0
miku-random-v2,delayed_crossing,94,B0,B0-TimeBlind,0,1,1,0.013834174565376944,0.07753428653995775,9.0,14.0,1.0,3.666666666666669,33.00000000000002,3.9999999999999996,0.0,1.8988733706454144,0,0,10.172317997785285,1,1
miku-random-v2,delayed_crossing,94,B1,B1-TimeAwareGreedy,0,0,0,0.17565790654219582,0.48211005535003537,,14.0,0.6944952560966311,2.5474770143348953,22.927293129014057,3.9999999955198984,0.24084054717150455,1.7327381187505404,0,1,45.47729800106026,1,1
miku-random-v2,delayed_crossing,94,B2,B2-IterativePVD,0,1,1,0.013834174565376944,0.07753428653995775,9.0,14.0,1.0,3.666666666666669,33.00000000000002,3.9999999999999996,0.0,1.8988733706454144,0,0,72.9970590036828,3,0
miku-random-v2,delayed_crossing,94,MIKU,MIKU,1,1,0,0.08201366311217662,0.20440308130762683,9.0,9.0,1.0,3.6666666666666785,33.00000000000011,3.9999999999999996,0.0,1.98255692059045,0,0,12.45778999873437,1,0
miku-random-v2,delayed_crossing,95,B0,B0-TimeBlind,1,1,0,0.12312236393765603,0.3768214812932677,9.0,9.0,1.0,3.6666667777777775,33.000001,3.2298504782581112,0.0,1.3362183143800967,0,0,7.574708986794576,1,1
miku-random-v2,delayed_crossing,95,B1,B1-TimeAwareGreedy,0,0,0,0.15689887835358365,0.602692893907718,,14.0,0.560606090909091,2.05701474672484,18.513132720523558,3.1985996889748716,0.055114660220839336,1.213950549693136,0,1,14.38125898130238,1,1
miku-random-v2,delayed_crossing,95,B2,B2-IterativePVD,1,1,0,0.12312236393765603,0.3768214812932677,9.0,9.0,1.0,3.6666667777777775,33.000001,3.2298504782581112,0.0,1.3362183143800967,0,0,29.96466899639927,3,0
miku-random-v2,delayed_crossing,95,MIKU,MIKU,1,1,0,0.20993260175532555,0.656218437897133,9.0,9.0,1.0,3.6666666666666665,33.0,3.24102184847358,0.0,1.3439033950362018,0,0,6.9783590151928365,1,0
miku-random-v2,delayed_crossing,96,B0,B0-TimeBlind,1,1,0,0.10562307698836008,0.27800532657846594,9.0,9.0,1.0,3.6666666666666665,33.0,3.5802951985861,0.0,1.5324897473593044,0,0,11.5372349973768,1,1
miku-random-v2,delayed_crossing,96,B1,B1-TimeAwareGreedy,0,0,0,0.15897212756726906,0.5667477266316614,,14.0,0.5151515454511961,1.8903891499552783,17.013502349597506,3.4770548780038695,0.04904281732329601,1.3865326558197855,0,1,16.688314004568383,1,1
miku-random-v2,delayed_crossing,96,B2,B2-IterativePVD,1,1,0,0.10562307698836008,0.27800532657846594,9.0,9.0,1.0,3.6666666666666665,33.0,3.5802951985861,0.0,1.5324897473593044,0,0,40.33597797388211,3,0
miku-random-v2,delayed_crossing,96,MIKU,MIKU,1,1,0,0.1311764894699965,0.3317166135284859,9.0,9.0,1.0,3.6666666666666665,33.0,3.5954734884981665,0.0,1.5405059290370506,0,0,9.501419001026079,1,0
miku-random-v2,delayed_crossing,97,B0,B0-TimeBlind,1,1,0,0.11337495960536738,0.49268491225603667,9.0,9.0,1.0,3.6666667777777775,33.000001,3.9999999999999996,0.0,1.7445198601941252,0,0,9.027941996464506,1,1
miku-random-v2,delayed_crossing,97,B1,B1-TimeAwareGreedy,0,0,0,0.15011168663633123,0.5044770624285949,,14.0,0.45454548494816804,1.6682875125298187,15.014587612768368,4.000000001922052,0.04741695788487147,1.6714602329311163,0,1,96.23456498957239,1,1
miku-random-v2,delayed_crossing,97,B2,B2-IterativePVD,1,1,0,0.11337495960536738,0.49268491225603667,9.0,9.0,1.0,3.6666667777777775,33.000001,3.9999999999999996,0.0,1.7445198601941252,0,0,115.67459898651578,3,0
miku-random-v2,delayed_crossing,97,MIKU,MIKU,1,1,0,0.1822813261695178,0.595286047996359,9.0,9.0,1.0,3.6666667777777775,33.000001,3.9999999999999996,0.0,1.7581196860470638,0,0,10.22560297860764,1,0
miku-random-v2,delayed_crossing,98,B0,B0-TimeBlind,0,0,0,0.15042655808864167,0.3505107820170359,,14.0,0.6249007578497241,2.2913027972897235,20.621725175607512,4.000000000009686,0.0,3.463562805254188,0,1,67.99896198208444,1,1
miku-random-v2,delayed_crossing,98,B1,B1-TimeAwareGreedy,0,0,0,0.15409777131726665,0.3498297010716446,,14.0,0.5260222688640328,1.929232128720912,17.363089158488208,4.000000000012038,0.16480966980457398,3.4589740289633077,0,1,65.78160298522562,1,1
miku-random-v2,delayed_crossing,98,B2,B2-IterativePVD,0,0,0,0.15042655808864167,0.3505107820170359,,14.0,0.6249007578497241,2.2913027972897235,20.621725175607512,4.000000000009686,0.0,3.463562805254188,0,1,205.5299789935816,3,0
miku-random-v2,delayed_crossing,98,MIKU,MIKU,0,0,0,0.20032003483120708,0.38042535441422515,,14.0,0.6210041729166,2.2770157977316625,20.493142179584964,4.000000000208764,0.0,3.553069186697516,0,1,159.66259301058017,2,0
miku-random-v2,delayed_crossing,99,B0,B0-TimeBlind,1,1,0,0.14445240939757206,0.47115581497242814,9.0,9.0,1.0,3.666666777777798,33.00000100000018,4.0,0.0,2.1660306474857167,0,0,18.01037698169239,1,1
miku-random-v2,delayed_crossing,99,B1,B1-TimeAwareGreedy,1,1,0,0.14445240939757206,0.47115581497242814,9.0,9.0,1.0,3.666666777777798,33.00000100000018,4.0,0.0,2.1660306474857167,0,0,17.91422301903367,1,1
miku-random-v2,delayed_crossing,99,B2,B2-IterativePVD,1,1,0,0.14445240939757206,0.47115581497242814,9.0,9.0,1.0,3.666666777777798,33.00000100000018,4.0,0.0,2.1660306474857167,0,0,54.27762001636438,3,1
miku-random-v2,delayed_crossing,99,MIKU,MIKU,1,1,0,0.2109349622010664,0.5075819277245588,9.0,9.0,1.0,3.666666777777798,33.00000100000018,4.0,0.0,2.1894608915082547,0,0,28.900478006107733,1,0
