case_kind,seed,group_index,interval_count,repeats,runtime_ms
vehicle_cut_in,34,0,1,500,0.00430321809835732
vehicle_cut_in,40,0,1,500,0.004092490067705512
vehicle_cut_in,42,0,1,500,0.004051469964906573
vehicle_cut_in,44,0,1,500,0.004095940152183175
vehicle_cut_in,112,0,1,500,0.00395946204662323
vehicle_cut_in,135,0,1,500,0.003924945835024118
vehicle_cut_in,146,0,1,500,0.004001701949164271
vehicle_cut_in,165,0,1,500,0.004047484137117863
vehicle_cut_in,178,0,1,500,0.003925441997125745
vehicle_cut_in,201,0,1,500,0.004000157816335559
vehicle_cut_in,220,0,1,500,0.004093684023246169
vehicle_cut_in,221,0,1,500,0.004306023940443993
vehicle_cut_in,225,0,1,500,0.00426382408477366
vehicle_cut_in,243,0,1,500,0.004050063900649548
vehicle_cut_in,252,0,1,500,0.004224011907353997
vehicle_cut_in,281,0,1,500,0.004037325968965888
vehicle_cut_in,308,0,1,500,0.00415233988314867
vehicle_cut_in,342,0,1,500,0.0040305000729858875
vehicle_cut_in,400,0,1,500,0.004028310067951679
vehicle_cut_in,420,0,1,500,0.003916745772585273
vehicle_cut_in,427,0,1,500,0.004002666100859642
vehicle_cut_in,429,0,1,500,0.00399691192433238
vehicle_cut_in,456,0,1,500,0.004091297974810004
vehicle_cut_in,463,0,1,500,0.00400122394785285
vehicle_cut_in,475,0,1,500,0.004047855967655778
vehicle_cut_in,479,0,1,500,0.003969673998653889
parked_and_oncoming,0,0,1,500,0.00404741195961833
parked_and_oncoming,0,1,1,500,0.004019050160422921
parked_and_oncoming,1,0,1,500,0.004061310086399317
parked_and_oncoming,1,1,1,500,0.004135295981541276
parked_and_oncoming,2,0,1,500,0.004130572080612183
parked_and_oncoming,2,1,1,500,0.004019030136987567
parked_and_oncoming,3,0,1,500,0.004007563926279545
parked_and_oncoming,3,1,1,500,0.004012830089777708
parked_and_oncoming,4,0,2,500,0.005271226167678833
parked_and_oncoming,5,0,1,500,0.004032153869047761
parked_and_oncoming,5,1,1,500,0.004154926165938377
parked_and_oncoming,6,0,1,500,0.004009207943454385
parked_and_oncoming,6,1,1,500,0.0040353278163820505
parked_and_oncoming,7,0,1,500,0.004031919874250889
parked_and_oncoming,7,1,1,500,0.003970358055084944
parked_and_oncoming,8,0,1,500,0.004010489908978343
parked_and_oncoming,9,0,1,500,0.00396726792678237
parked_and_oncoming,9,1,1,500,0.004026120062917471
parked_and_oncoming,10,0,1,500,0.003969813929870725
parked_and_oncoming,10,1,1,500,0.0039834140334278345
parked_and_oncoming,11,0,2,500,0.005226209992542863
parked_and_oncoming,12,0,2,500,0.005104758078232408
parked_and_oncoming,13,0,1,500,0.004029136151075363
parked_and_oncoming,13,1,1,500,0.00396461202763021
parked_and_oncoming,14,0,1,500,0.0039861619006842375
parked_and_oncoming,14,1,1,500,0.00401110015809536
parked_and_oncoming,15,0,1,500,0.004043480148538947
parked_and_oncoming,15,1,1,500,0.003978182096034288
parked_and_oncoming,16,0,1,500,0.003934520063921809
parked_and_oncoming,16,1,1,500,0.003911711974069476
parked_and_oncoming,17,0,1,500,0.003978234017267823
parked_and_oncoming,17,1,1,500,0.00389533000998199
parked_and_oncoming,18,0,1,500,0.003943586023524404
parked_and_oncoming,18,1,1,500,0.004072299925610423
parked_and_oncoming,19,0,1,500,0.003933578031137586
parked_and_oncoming,19,1,1,500,0.003972081933170557
parked_and_oncoming,20,0,1,500,0.00392418191768229
parked_and_oncoming,20,1,1,500,0.003975485917180777
parked_and_oncoming,21,0,1,500,0.003958005923777819
parked_and_oncoming,22,0,1,500,0.004001238150522113
parked_and_oncoming,23,0,1,500,0.004032407887279987
parked_and_oncoming,23,1,1,500,0.003944977885112166
parked_and_oncoming,24,0,1,500,0.004005898023024201
parked_and_oncoming,24,1,1,500,0.00410691206343472
parked_and_oncoming,25,0,1,500,0.004084808053448796
parked_and_oncoming,25,1,1,500,0.003991174045950174
parked_and_oncoming,26,0,1,500,0.003995716106146574
parked_and_oncoming,26,1,1,500,0.004016658058390021
parked_and_oncoming,27,0,1,500,0.004035246092826128
parked_and_oncoming,28,0,1,500,0.0039054700173437595
parked_and_oncoming,28,1,1,500,0.004123813938349485
parked_and_oncoming,29,0,2,500,0.00515954801812768
parked_and_oncoming,30,0,1,500,0.0039633940905332565
parked_and_oncoming,30,1,1,500,0.004022237844765186
parked_and_oncoming,31,0,2,500,0.005152928177267313
parked_and_oncoming,32,0,1,500,0.003922137897461653
parked_and_oncoming,32,1,1,500,0.004008210031315684
parked_and_oncoming,33,0,2,500,0.005160801811143756
parked_and_oncoming,34,0,1,500,0.003994814120233059
parked_and_oncoming,34,1,1,500,0.00403000577352941
parked_and_oncoming,35,0,1,500,0.0038783359341323376
parked_and_oncoming,35,1,1,500,0.00397569197230041
parked_and_oncoming,36,0,1,500,0.004029494011774659
parked_and_oncoming,36,1,1,500,0.003991842037066817
parked_and_oncoming,37,0,1,500,0.004051803844049573
parked_and_oncoming,37,1,1,500,0.004040607949718833
parked_and_oncoming,38,0,1,500,0.003956181928515434
parked_and_oncoming,38,1,1,500,0.004037646111100912
parked_and_oncoming,39,0,1,500,0.004005271941423416
parked_and_oncoming,40,0,2,500,0.005234815878793597
parked_and_oncoming,41,0,1,500,0.004003720125183463
parked_and_oncoming,41,1,1,500,0.004026756156235933
parked_and_oncoming,42,0,1,500,0.004019476007670164
parked_and_oncoming,42,1,1,500,0.003995985956862569
parked_and_oncoming,43,0,2,500,0.005163687979802489
parked_and_oncoming,44,0,1,500,0.004033813951537013
parked_and_oncoming,44,1,1,500,0.0040212878957390785
parked_and_oncoming,45,0,1,500,0.004118310054764152
parked_and_oncoming,45,1,1,500,0.004001406021416187
parked_and_oncoming,46,0,1,500,0.004036484053358436
parked_and_oncoming,46,1,1,500,0.003986581927165389
parked_and_oncoming,47,0,1,500,0.004034532001242042
parked_and_oncoming,47,1,1,500,0.004040600033476949
parked_and_oncoming,48,0,1,500,0.0041878498159348965
parked_and_oncoming,48,1,1,500,0.00405126204714179
parked_and_oncoming,49,0,1,500,0.003981683868914843
parked_and_oncoming,50,0,1,500,0.004056149860844016
parked_and_oncoming,50,1,1,500,0.004061251878738403
parked_and_oncoming,51,0,1,500,0.004026517970487475
parked_and_oncoming,51,1,1,500,0.004072583978995681
parked_and_oncoming,52,0,1,500,0.004062890075147152
parked_and_oncoming,52,1,1,500,0.0040452079847455025
parked_and_oncoming,53,0,1,500,0.004136173985898495
parked_and_oncoming,53,1,1,500,0.004052093951031566
parked_and_oncoming,54,0,1,500,0.004040814004838467
parked_and_oncoming,54,1,1,500,0.004030915908515453
parked_and_oncoming,55,0,1,500,0.004057940095663071
parked_and_oncoming,55,1,1,500,0.00393595383502543
parked_and_oncoming,56,0,1,500,0.0039363878313452005
parked_and_oncoming,56,1,1,500,0.0038898400962352753
parked_and_oncoming,57,0,1,500,0.004220504080876708
parked_and_oncoming,57,1,1,500,0.004008454037830234
parked_and_oncoming,58,0,1,500,0.004038203973323107
parked_and_oncoming,58,1,1,500,0.0039517320692539215
parked_and_oncoming,59,0,1,500,0.003931056009605527
parked_and_oncoming,59,1,1,500,0.003988810116425157
parked_and_oncoming,60,0,1,500,0.003953248029574752
parked_and_oncoming,61,0,1,500,0.004038868006318808
parked_and_oncoming,61,1,1,500,0.004045986104756594
parked_and_oncoming,62,0,1,500,0.003984373994171619
parked_and_oncoming,62,1,1,500,0.004100973950698972
parked_and_oncoming,63,0,1,500,0.004058802034705877
parked_and_oncoming,63,1,1,500,0.004041865933686495
parked_and_oncoming,64,0,1,500,0.003948006080463529
parked_and_oncoming,65,0,2,500,0.0051407660357654095
parked_and_oncoming,66,0,1,500,0.00395465805195272
parked_and_oncoming,66,1,1,500,0.00397447613067925
parked_and_oncoming,67,0,1,500,0.003996116109192371
parked_and_oncoming,67,1,1,500,0.003975295927375555
parked_and_oncoming,68,0,1,500,0.003980670124292374
parked_and_oncoming,68,1,1,500,0.003970074001699686
parked_and_oncoming,69,0,1,500,0.0039037298411130905
parked_and_oncoming,69,1,1,500,0.00408025411888957
parked_and_oncoming,70,0,1,500,0.0040577061008661985
parked_and_oncoming,70,1,1,500,0.004024903988465667
parked_and_oncoming,71,0,1,500,0.004117740085348487
parked_and_oncoming,71,1,1,500,0.004094540141522884
parked_and_oncoming,72,0,1,500,0.004128545988351107
parked_and_oncoming,73,0,1,500,0.004013046156615019
parked_and_oncoming,73,1,1,500,0.003948285942897201
parked_and_oncoming,74,0,1,500,0.004159556003287435
parked_and_oncoming,75,0,1,500,0.0042477420065552
parked_and_oncoming,76,0,1,500,0.004039637977257371
parked_and_oncoming,76,1,1,500,0.004058044170960784
parked_and_oncoming,77,0,1,500,0.004003094043582678
parked_and_oncoming,77,1,1,500,0.004099851939827204
parked_and_oncoming,78,0,1,500,0.0040454259142279625
parked_and_oncoming,78,1,1,500,0.004083151929080486
parked_and_oncoming,79,0,1,500,0.004078014055266976
parked_and_oncoming,79,1,1,500,0.0040089760441333055
parked_and_oncoming,80,0,1,500,0.004188251914456487
parked_and_oncoming,80,1,1,500,0.003983819857239723
parked_and_oncoming,81,0,1,500,0.003991916077211499
parked_and_oncoming,81,1,1,500,0.00400405190885067
parked_and_oncoming,82,0,1,500,0.0040628681890666485
parked_and_oncoming,82,1,1,500,0.004148966167122126
parked_and_oncoming,83,0,1,500,0.004004719899967313
parked_and_oncoming,83,1,1,500,0.0038769261445850134
parked_and_oncoming,84,0,1,500,0.004105512052774429
parked_and_oncoming,84,1,1,500,0.003960789879783988
parked_and_oncoming,85,0,1,500,0.004023717949166894
parked_and_oncoming,85,1,1,500,0.003959299996495247
parked_and_oncoming,86,0,1,500,0.00400122394785285
parked_and_oncoming,86,1,1,500,0.003935891902074218
parked_and_oncoming,87,0,1,500,0.0039418761152774096
parked_and_oncoming,87,1,1,500,0.003998663974925876
parked_and_oncoming,88,0,1,500,0.00397496996447444
parked_and_oncoming,89,0,1,500,0.0040564280934631824
parked_and_oncoming,89,1,1,500,0.0040080000180751085
parked_and_oncoming,90,0,1,500,0.004065284039825201
parked_and_oncoming,90,1,1,500,0.004129163920879364
parked_and_oncoming,91,0,1,500,0.0040247258730232716
parked_and_oncoming,91,1,1,500,0.003993004094809294
parked_and_oncoming,92,0,1,500,0.0040123360231518745
parked_and_oncoming,92,1,1,500,0.0040157020557671785
parked_and_oncoming,93,0,1,500,0.004088683985173702
parked_and_oncoming,93,1,1,500,0.004004231886938214
parked_and_oncoming,94,0,1,500,0.004050432005897164
parked_and_oncoming,94,1,1,500,0.004053054144605994
parked_and_oncoming,95,0,1,500,0.004067762056365609
parked_and_oncoming,95,1,1,500,0.004000558052212
parked_and_oncoming,96,0,1,500,0.004117436008527875
parked_and_oncoming,96,1,1,500,0.004077562130987644
parked_and_oncoming,97,0,2,500,0.005198479862883687
parked_and_oncoming,98,0,1,500,0.003965423908084631
parked_and_oncoming,98,1,1,500,0.004018417792394757
parked_and_oncoming,99,0,1,500,0.0041339939925819635
parked_and_oncoming,100,0,1,500,0.004096584161743522
parked_and_oncoming,101,0,1,500,0.00405664392746985
parked_and_oncoming,101,1,1,500,0.004096395801752806
parked_and_oncoming,102,0,1,500,0.004004565998911858
parked_and_oncoming,103,0,1,500,0.003989895805716515
parked_and_oncoming,103,1,1,500,0.0039815399795770645
parked_and_oncoming,104,0,1,500,0.004072163952514529
parked_and_oncoming,104,1,1,500,0.004078912083059549
parked_and_oncoming,105,0,1,500,0.004106288077309728
parked_and_oncoming,105,1,1,500,0.0040044819470494986
parked_and_oncoming,106,0,1,500,0.0042043260764330626
parked_and_oncoming,106,1,1,500,0.004169742111116648
parked_and_oncoming,107,0,1,500,0.004033032106235623
parked_and_oncoming,107,1,1,500,0.003992892103269696
parked_and_oncoming,108,0,1,500,0.004104547901079059
parked_and_oncoming,108,1,1,500,0.00405132002197206
parked_and_oncoming,109,0,1,500,0.0039505078457295895
parked_and_oncoming,109,1,1,500,0.003971341997385025
parked_and_oncoming,110,0,1,500,0.003923819866031408
parked_and_oncoming,111,0,1,500,0.0039390260353684425
parked_and_oncoming,111,1,1,500,0.004085013875737786
parked_and_oncoming,112,0,1,500,0.004023256013169885
parked_and_oncoming,112,1,1,500,0.0039942460134625435
parked_and_oncoming,113,0,1,500,0.003976934123784304
parked_and_oncoming,113,1,1,500,0.0039970241487026215
parked_and_oncoming,114,0,1,500,0.004056017845869064
parked_and_oncoming,114,1,1,500,0.004065620014443994
parked_and_oncoming,115,0,1,500,0.004038861952722073
parked_and_oncoming,115,1,1,500,0.003963208058848977
parked_and_oncoming,116,0,1,500,0.003974974155426025
parked_and_oncoming,116,1,1,500,0.0040297918021678925
parked_and_oncoming,117,0,1,500,0.003937223926186562
parked_and_oncoming,117,1,1,500,0.004017163999378681
parked_and_oncoming,118,0,1,500,0.004036763915792108
parked_and_oncoming,118,1,1,500,0.004138296004384756
parked_and_oncoming,119,0,1,500,0.004208178026601672
parked_and_oncoming,119,1,1,500,0.004035836085677147
parked_and_oncoming,120,0,1,500,0.004160657990723848
parked_and_oncoming,120,1,1,500,0.004015967948362231
parked_and_oncoming,121,0,1,500,0.0041482781525701284
parked_and_oncoming,121,1,1,500,0.004143361933529377
parked_and_oncoming,122,0,1,500,0.004036035854369402
parked_and_oncoming,122,1,1,500,0.003958531888201833
parked_and_oncoming,123,0,1,500,0.003939948044717312
parked_and_oncoming,123,1,1,500,0.004009897820651531
parked_and_oncoming,124,0,1,500,0.003942119888961315
parked_and_oncoming,124,1,1,500,0.0040863920003175735
parked_and_oncoming,125,0,1,500,0.0039597200229763985
parked_and_oncoming,125,1,1,500,0.004036561818793416
parked_and_oncoming,126,0,1,500,0.004042718093842268
parked_and_oncoming,126,1,1,500,0.00411311793141067
parked_and_oncoming,127,0,1,500,0.00404443615116179
parked_and_oncoming,127,1,1,500,0.003932262072339654
parked_and_oncoming,128,0,1,500,0.003920709947124124
parked_and_oncoming,128,1,1,500,0.0039698441978544
parked_and_oncoming,129,0,2,500,0.005291157867759466
parked_and_oncoming,130,0,1,500,0.004015362123027444
parked_and_oncoming,130,1,1,500,0.004003773909062147
parked_and_oncoming,131,0,1,500,0.004021947970613837
parked_and_oncoming,131,1,1,500,0.003957537934184074
parked_and_oncoming,132,0,1,500,0.003957107895985246
parked_and_oncoming,133,0,2,500,0.005179405910894275
parked_and_oncoming,134,0,2,500,0.005144848022609949
parked_and_oncoming,135,0,1,500,0.00404698820784688
parked_and_oncoming,135,1,1,500,0.003997247898951173
parked_and_oncoming,136,0,2,500,0.00517622590996325
parked_and_oncoming,137,0,1,500,0.0038962680846452713
parked_and_oncoming,137,1,1,500,0.004073342075571418
parked_and_oncoming,138,0,1,500,0.004108994035050273
parked_and_oncoming,138,1,1,500,0.003989672055467963
parked_and_oncoming,139,0,1,500,0.004137022187933326
parked_and_oncoming,139,1,1,500,0.0041006740648299456
parked_and_oncoming,140,0,1,500,0.004080693935975432
parked_and_oncoming,140,1,1,500,0.004137773998081684
parked_and_oncoming,141,0,1,500,0.0040633659809827805
parked_and_oncoming,141,1,1,500,0.004078686004504561
parked_and_oncoming,142,0,1,500,0.003958632005378604
parked_and_oncoming,142,1,1,500,0.004015597980469465
parked_and_oncoming,143,0,1,500,0.003988679964095354
parked_and_oncoming,143,1,1,500,0.004038959974423051
parked_and_oncoming,144,0,1,500,0.00397726590745151
parked_and_oncoming,144,1,1,500,0.004080665996298194
parked_and_oncoming,145,0,1,500,0.004055091878399253
parked_and_oncoming,145,1,1,500,0.0040418480057269335
parked_and_oncoming,146,0,1,500,0.00401599588803947
parked_and_oncoming,147,0,2,500,0.005250059999525547
parked_and_oncoming,148,0,1,500,0.004145676037296653
parked_and_oncoming,149,0,1,500,0.004111065994948149
parked_and_oncoming,149,1,1,500,0.004044592147693038
parked_and_oncoming,150,0,1,500,0.004067832138389349
parked_and_oncoming,150,1,1,500,0.004037606064230204
parked_and_oncoming,151,0,1,500,0.004144736099988222
parked_and_oncoming,152,0,1,500,0.004289363976567984
parked_and_oncoming,152,1,1,500,0.00406105793081224
parked_and_oncoming,153,0,1,500,0.003987338161095977
parked_and_oncoming,153,1,1,500,0.003965218085795641
parked_and_oncoming,154,0,2,500,0.005178767954930663
parked_and_oncoming,155,0,1,500,0.0039849779568612576
parked_and_oncoming,155,1,1,500,0.003914213972166181
parked_and_oncoming,156,0,1,500,0.004027241840958595
parked_and_oncoming,156,1,1,500,0.004028717987239361
parked_and_oncoming,157,0,2,500,0.005437144078314304
parked_and_oncoming,158,0,1,500,0.004101722035557032
parked_and_oncoming,158,1,1,500,0.004217979963868856
parked_and_oncoming,159,0,1,500,0.004025677917525172
parked_and_oncoming,159,1,1,500,0.0042201378382742405
parked_and_oncoming,160,0,1,500,0.004063991829752922
parked_and_oncoming,160,1,1,500,0.004108804045245051
parked_and_oncoming,161,0,1,500,0.004006101982668042
parked_and_oncoming,162,0,1,500,0.004069640068337321
parked_and_oncoming,163,0,1,500,0.004003003938123584
parked_and_oncoming,164,0,1,500,0.004036742029711604
parked_and_oncoming,164,1,1,500,0.004068801878020167
parked_and_oncoming,165,0,1,500,0.003999510081484914
parked_and_oncoming,165,1,1,500,0.0039643761701881886
parked_and_oncoming,166,0,2,500,0.005168467992916703
parked_and_oncoming,167,0,1,500,0.003931997809559107
parked_and_oncoming,167,1,1,500,0.004016735823825002
parked_and_oncoming,168,0,1,500,0.0040268441662192345
parked_and_oncoming,168,1,1,500,0.003957774024456739
parked_and_oncoming,169,0,1,500,0.003999741980805993
parked_and_oncoming,170,0,1,500,0.00405835616402328
parked_and_oncoming,171,0,1,500,0.003918047994375229
parked_and_oncoming,171,1,1,500,0.004006932023912668
parked_and_oncoming,172,0,1,500,0.003983799833804369
parked_and_oncoming,172,1,1,500,0.0040180140640586615
parked_and_oncoming,173,0,1,500,0.004018975887447596
parked_and_oncoming,173,1,1,500,0.004130587913095951
parked_and_oncoming,174,0,1,500,0.003987517906352878
parked_and_oncoming,174,1,1,500,0.004016034072265029
parked_and_oncoming,175,0,1,500,0.003978734137490392
parked_and_oncoming,175,1,1,500,0.003980051958933473
parked_and_oncoming,176,0,1,500,0.004037871956825256
parked_and_oncoming,176,1,1,500,0.004053346114233136
parked_and_oncoming,177,0,1,500,0.003932130057364702
parked_and_oncoming,177,1,1,500,0.0039754759054630995
parked_and_oncoming,178,0,1,500,0.003995470004156232
parked_and_oncoming,178,1,1,500,0.003971148049458861
parked_and_oncoming,179,0,1,500,0.0041769398376345634
parked_and_oncoming,179,1,1,500,0.00408374797552824
parked_and_oncoming,180,0,1,500,0.004070427967235446
parked_and_oncoming,180,1,1,500,0.00406930991448462
parked_and_oncoming,181,0,1,500,0.004055785946547985
parked_and_oncoming,182,0,1,500,0.003981444053351879
parked_and_oncoming,182,1,1,500,0.00404547993093729
parked_and_oncoming,183,0,1,500,0.004050947958603501
parked_and_oncoming,183,1,1,500,0.004046953981742263
parked_and_oncoming,184,0,1,500,0.004187325946986675
parked_and_oncoming,185,0,1,500,0.004181494005024433
parked_and_oncoming,185,1,1,500,0.004139753989875317
parked_and_oncoming,186,0,1,500,0.004087228095158935
parked_and_oncoming,186,1,1,500,0.0040390940848737955
parked_and_oncoming,187,0,1,500,0.004010458011180162
parked_and_oncoming,187,1,1,500,0.00393716199323535
parked_and_oncoming,188,0,1,500,0.003979714121669531
parked_and_oncoming,189,0,1,500,0.0039060821291059256
parked_and_oncoming,189,1,1,500,0.003964449977502227
parked_and_oncoming,190,0,1,500,0.004036105936393142
parked_and_oncoming,190,1,1,500,0.004038899904116988
parked_and_oncoming,191,0,1,500,0.003953848034143448
parked_and_oncoming,191,1,1,500,0.003955847816541791
parked_and_oncoming,192,0,2,500,0.005195354111492634
parked_and_oncoming,193,0,1,500,0.004008923890069127
parked_and_oncoming,193,1,1,500,0.004058545920997858
parked_and_oncoming,194,0,1,500,0.004120999947190285
parked_and_oncoming,194,1,1,500,0.004055087920278311
parked_and_oncoming,195,0,1,500,0.003944878000766039
parked_and_oncoming,195,1,1,500,0.003903159871697426
parked_and_oncoming,196,0,1,500,0.004021914210170507
parked_and_oncoming,196,1,1,500,0.004080889979377389
parked_and_oncoming,197,0,1,500,0.004152062116190791
parked_and_oncoming,197,1,1,500,0.003990598022937775
parked_and_oncoming,198,0,1,500,0.004003087989985943
parked_and_oncoming,198,1,1,500,0.00406899000518024
parked_and_oncoming,199,0,1,500,0.004044508095830679
parked_and_oncoming,199,1,1,500,0.004003539914265275
parked_and_oncoming,200,0,1,500,0.004058039980009198
parked_and_oncoming,200,1,1,500,0.0041298281867057085
parked_and_oncoming,201,0,1,500,0.004054782213643193
parked_and_oncoming,201,1,1,500,0.003943535964936018
parked_and_oncoming,202,0,1,500,0.004075373988598585
parked_and_oncoming,202,1,1,500,0.004010622156783938
parked_and_oncoming,203,0,1,500,0.003996945917606354
parked_and_oncoming,203,1,1,500,0.004078518133610487
parked_and_oncoming,204,0,1,500,0.0039713080041110516
parked_and_oncoming,204,1,1,500,0.003985665971413255
parked_and_oncoming,205,0,1,500,0.004024697933346033
parked_and_oncoming,205,1,1,500,0.004019811982288957
parked_and_oncoming,206,0,1,500,0.00411288789473474
parked_and_oncoming,206,1,1,500,0.003939328016713262
parked_and_oncoming,207,0,1,500,0.004006183939054608
parked_and_oncoming,207,1,1,500,0.004110370064154267
parked_and_oncoming,208,0,1,500,0.004061175975948572
parked_and_oncoming,208,1,1,500,0.004120207857340574
parked_and_oncoming,209,0,1,500,0.004016174003481865
parked_and_oncoming,210,0,1,500,0.00393273402005434
parked_and_oncoming,210,1,1,500,0.004035474034026265
parked_and_oncoming,211,0,1,500,0.004077595891430974
parked_and_oncoming,211,1,1,500,0.004045228008180857
parked_and_oncoming,212,0,1,500,0.003937526140362024
parked_and_oncoming,213,0,1,500,0.003955409862101078
parked_and_oncoming,213,1,1,500,0.003995863953605294
parked_and_oncoming,214,0,1,500,0.004051618045195937
parked_and_oncoming,214,1,1,500,0.004094006028026342
parked_and_oncoming,215,0,1,500,0.003958148183301091
parked_and_oncoming,215,1,1,500,0.003935502143576741
parked_and_oncoming,216,0,1,500,0.0040350561030209064
parked_and_oncoming,216,1,1,500,0.004061006009578705
parked_and_oncoming,217,0,1,500,0.004021303961053491
parked_and_oncoming,217,1,1,500,0.003967451862990856
parked_and_oncoming,218,0,1,500,0.0039366919081658125
parked_and_oncoming,219,0,1,500,0.0040032099932432175
parked_and_oncoming,220,0,2,500,0.005231017945334315
parked_and_oncoming,221,0,1,500,0.004003013949841261
parked_and_oncoming,221,1,1,500,0.003928293939679861
parked_and_oncoming,222,0,1,500,0.004296413855627179
parked_and_oncoming,223,0,1,500,0.004120049998164177
parked_and_oncoming,223,1,1,500,0.004118407843634486
parked_and_oncoming,224,0,1,500,0.00402867398224771
parked_and_oncoming,224,1,1,500,0.004014875972643495
parked_and_oncoming,225,0,1,500,0.004132640082389116
parked_and_oncoming,226,0,1,500,0.004065129905939102
parked_and_oncoming,226,1,1,500,0.004018791951239109
parked_and_oncoming,227,0,1,500,0.004209117963910103
parked_and_oncoming,227,1,1,500,0.004029935924336314
parked_and_oncoming,228,0,1,500,0.004048932110890746
parked_and_oncoming,228,1,1,500,0.004380531841889024
parked_and_oncoming,229,0,1,500,0.004295292077586055
parked_and_oncoming,229,1,1,500,0.004222060088068247
parked_and_oncoming,230,0,2,500,0.005226236069574952
parked_and_oncoming,231,0,1,500,0.004076119977980852
parked_and_oncoming,231,1,1,500,0.004040863830596209
parked_and_oncoming,232,0,1,500,0.004039864055812359
parked_and_oncoming,232,1,1,500,0.004123407881706953
parked_and_oncoming,233,0,1,500,0.004086866043508053
parked_and_oncoming,233,1,1,500,0.004143628058955073
parked_and_oncoming,234,0,1,500,0.004149838117882609
parked_and_oncoming,235,0,1,500,0.004156671930104494
parked_and_oncoming,235,1,1,500,0.004072095965966582
parked_and_oncoming,236,0,1,500,0.0040981038473546505
parked_and_oncoming,236,1,1,500,0.004026950104162097
parked_and_oncoming,237,0,1,500,0.004045411944389343
parked_and_oncoming,237,1,1,500,0.004078479949384928
parked_and_oncoming,238,0,1,500,0.0040220399387180805
parked_and_oncoming,238,1,1,500,0.0040087278466671705
parked_and_oncoming,239,0,1,500,0.004016779828816652
parked_and_oncoming,239,1,1,500,0.004031436052173376
parked_and_oncoming,240,0,1,500,0.004035383928567171
parked_and_oncoming,241,0,1,500,0.003980978159233928
parked_and_oncoming,241,1,1,500,0.003955459920689464
parked_and_oncoming,242,0,1,500,0.003944967873394489
parked_and_oncoming,243,0,1,500,0.0040267298463732
parked_and_oncoming,243,1,1,500,0.004104168154299259
parked_and_oncoming,244,0,1,500,0.00403167400509119
parked_and_oncoming,244,1,1,500,0.004090252099558711
parked_and_oncoming,245,0,1,500,0.004050845978781581
parked_and_oncoming,245,1,1,500,0.004219193942844868
parked_and_oncoming,246,0,1,500,0.004191491985693574
parked_and_oncoming,246,1,1,500,0.0040299659594893456
parked_and_oncoming,247,0,1,500,0.004134737886488438
parked_and_oncoming,248,0,1,500,0.004220942035317421
parked_and_oncoming,248,1,1,500,0.004169425927102566
parked_and_oncoming,249,0,1,500,0.004084116080775857
parked_and_oncoming,249,1,1,500,0.004207315854728222
parked_and_oncoming,250,0,1,500,0.004100289894267917
parked_and_oncoming,250,1,1,500,0.004124619998037815
parked_and_oncoming,251,0,2,500,0.005256769945845008
parked_and_oncoming,252,0,1,500,0.004038544138893485
parked_and_oncoming,253,0,1,500,0.0040903640910983086
parked_and_oncoming,253,1,1,500,0.0040437940042465925
parked_and_oncoming,254,0,1,500,0.00402506603859365
parked_and_oncoming,254,1,1,500,0.004086985951289535
parked_and_oncoming,255,0,1,500,0.004164289915934205
parked_and_oncoming,256,0,1,500,0.004026774084195495
parked_and_oncoming,256,1,1,500,0.004064296139404178
parked_and_oncoming,257,0,1,500,0.004067844012752175
parked_and_oncoming,257,1,1,500,0.004040291998535395
parked_and_oncoming,258,0,1,500,0.004073266172781587
parked_and_oncoming,258,1,1,500,0.004148608073592186
parked_and_oncoming,259,0,1,500,0.004013350000604987
parked_and_oncoming,260,0,1,500,0.004033013945445418
parked_and_oncoming,260,1,1,500,0.004038453800603747
parked_and_oncoming,261,0,1,500,0.004097297787666321
parked_and_oncoming,261,1,1,500,0.004087497945874929
parked_and_oncoming,262,0,1,500,0.004178536124527454
parked_and_oncoming,262,1,1,500,0.004080244107171893
parked_and_oncoming,263,0,1,500,0.003922765841707587
parked_and_oncoming,263,1,1,500,0.004049686016514897
parked_and_oncoming,264,0,2,500,0.005209453869611025
parked_and_oncoming,265,0,1,500,0.003966837888583541
parked_and_oncoming,266,0,1,500,0.004086419939994812
parked_and_oncoming,266,1,1,500,0.004037734121084213
parked_and_oncoming,267,0,1,500,0.0041008819825947285
parked_and_oncoming,267,1,1,500,0.004111754009500146
parked_and_oncoming,268,0,1,500,0.003954328130930662
parked_and_oncoming,268,1,1,500,0.003964282106608152
parked_and_oncoming,269,0,1,500,0.003979475935921073
parked_and_oncoming,269,1,1,500,0.004023207817226648
parked_and_oncoming,270,0,1,500,0.0040519339963793755
parked_and_oncoming,270,1,1,500,0.0040500040631741285
parked_and_oncoming,271,0,2,500,0.005158185958862305
parked_and_oncoming,272,0,1,500,0.004052998032420874
parked_and_oncoming,272,1,1,500,0.0040347459726035595
parked_and_oncoming,273,0,1,500,0.003942837938666344
parked_and_oncoming,274,0,1,500,0.003913002088665962
parked_and_oncoming,274,1,1,500,0.004019218031316996
parked_and_oncoming,275,0,1,500,0.00398033787496388
parked_and_oncoming,275,1,1,500,0.00398198002949357
parked_and_oncoming,276,0,1,500,0.003997673979029059
parked_and_oncoming,276,1,1,500,0.003961018053814769
parked_and_oncoming,277,0,1,500,0.003975586034357548
parked_and_oncoming,278,0,2,500,0.005264889914542437
parked_and_oncoming,279,0,1,500,0.004088566172868013
parked_and_oncoming,279,1,1,500,0.004209499806165695
parked_and_oncoming,280,0,1,500,0.004121530102565885
parked_and_oncoming,280,1,1,500,0.0040860301814973354
parked_and_oncoming,281,0,1,500,0.004059694008901715
parked_and_oncoming,281,1,1,500,0.004066247958689928
parked_and_oncoming,282,0,1,500,0.0040368379559367895
parked_and_oncoming,282,1,1,500,0.004030841868370771
parked_and_oncoming,283,0,1,500,0.0039023938588798046
parked_and_oncoming,283,1,1,500,0.0040987038519233465
parked_and_oncoming,284,0,1,500,0.00410368200391531
parked_and_oncoming,284,1,1,500,0.004007390001788735
parked_and_oncoming,285,0,1,500,0.00400693598203361
parked_and_oncoming,285,1,1,500,0.004040325991809368
parked_and_oncoming,286,0,1,500,0.003927447833120823
parked_and_oncoming,286,1,1,500,0.003983343951404095
parked_and_oncoming,287,0,1,500,0.003932852065190673
parked_and_oncoming,287,1,1,500,0.004008735995739698
parked_and_oncoming,288,0,1,500,0.004091935930773616
parked_and_oncoming,288,1,1,500,0.00403464213013649
parked_and_oncoming,289,0,1,500,0.004091970156878233
parked_and_oncoming,289,1,1,500,0.004019472049549222
parked_and_oncoming,290,0,1,500,0.004009801894426346
parked_and_oncoming,290,1,1,500,0.004114912124350667
parked_and_oncoming,291,0,1,500,0.004034390207380056
parked_and_oncoming,291,1,1,500,0.00395719800144434
parked_and_oncoming,292,0,2,500,0.005219970131292939
parked_and_oncoming,293,0,1,500,0.004019957967102528
parked_and_oncoming,293,1,1,500,0.004029004136100411
parked_and_oncoming,294,0,1,500,0.0039482139982283115
parked_and_oncoming,294,1,1,500,0.004137752112001181
parked_and_oncoming,295,0,2,500,0.005169446114450693
parked_and_oncoming,296,0,1,500,0.004007325973361731
parked_and_oncoming,297,0,1,500,0.0040461341850459576
parked_and_oncoming,298,0,1,500,0.003998416010290384
parked_and_oncoming,299,0,1,500,0.0041144241113215685
parked_and_oncoming,299,1,1,500,0.004201577976346016
parked_and_oncoming,300,0,2,500,0.005372327985242009
parked_and_oncoming,301,0,1,500,0.00405398802831769
parked_and_oncoming,301,1,1,500,0.004064129898324609
parked_and_oncoming,302,0,1,500,0.004031782038509846
parked_and_oncoming,302,1,1,500,0.004076370038092136
parked_and_oncoming,303,0,1,500,0.004210064187645912
parked_and_oncoming,303,1,1,500,0.004219861933961511
parked_and_oncoming,304,0,1,500,0.004175859969109297
parked_and_oncoming,304,1,1,500,0.004053969867527485
parked_and_oncoming,305,0,1,500,0.004033875884488225
parked_and_oncoming,305,1,1,500,0.003998539876192808
parked_and_oncoming,306,0,1,500,0.0040461181197315454
parked_and_oncoming,306,1,1,500,0.004013723926618695
parked_and_oncoming,307,0,1,500,0.0040824878960847855
parked_and_oncoming,307,1,1,500,0.004044479923322797
parked_and_oncoming,308,0,1,500,0.00402131793089211
parked_and_oncoming,308,1,1,500,0.004090897971764207
parked_and_oncoming,309,0,1,500,0.004119805991649628
parked_and_oncoming,309,1,1,500,0.0040513901039958
parked_and_oncoming,310,0,1,500,0.003980621928349137
parked_and_oncoming,310,1,1,500,0.004096789984032512
parked_and_oncoming,311,0,2,500,0.005307838087901473
parked_and_oncoming,312,0,1,500,0.004054727964103222
parked_and_oncoming,312,1,1,500,0.00417573400773108
parked_and_oncoming,313,0,1,500,0.004085476044565439
parked_and_oncoming,313,1,1,500,0.004130212124437094
parked_and_oncoming,314,0,1,500,0.004561658017337322
parked_and_oncoming,314,1,1,500,0.0041840579360723495
parked_and_oncoming,315,0,1,500,0.0040877219289541245
parked_and_oncoming,316,0,1,500,0.004134513903409243
parked_and_oncoming,316,1,1,500,0.004141990095376968
parked_and_oncoming,317,0,1,500,0.004125846084207296
parked_and_oncoming,317,1,1,500,0.004112990107387304
parked_and_oncoming,318,0,1,500,0.004053042037412524
parked_and_oncoming,319,0,1,500,0.004056544043123722
parked_and_oncoming,319,1,1,500,0.004101827973499894
parked_and_oncoming,320,0,1,500,0.004101491998881102
parked_and_oncoming,321,0,1,500,0.00403566611930728
parked_and_oncoming,321,1,1,500,0.004046176094561815
parked_and_oncoming,322,0,1,500,0.003995348000898957
parked_and_oncoming,322,1,1,500,0.00402963999658823
parked_and_oncoming,323,0,1,500,0.004040747880935669
parked_and_oncoming,323,1,1,500,0.003971550147980452
parked_and_oncoming,324,0,1,500,0.00400627008639276
parked_and_oncoming,324,1,1,500,0.0040142221841961145
parked_and_oncoming,325,0,1,500,0.003915306180715561
parked_and_oncoming,325,1,1,500,0.003933232044801116
parked_and_oncoming,326,0,1,500,0.003915105946362019
parked_and_oncoming,326,1,1,500,0.004006637958809733
parked_and_oncoming,327,0,2,500,0.005190321942791343
parked_and_oncoming,328,0,1,500,0.003973284037783742
parked_and_oncoming,329,0,1,500,0.0039525339379906654
parked_and_oncoming,329,1,1,500,0.0040416179690510035
parked_and_oncoming,330,0,1,500,0.00409955601207912
parked_and_oncoming,330,1,1,500,0.004082127939909697
parked_and_oncoming,331,0,1,500,0.0040878120344132185
parked_and_oncoming,332,0,1,500,0.003999635810032487
parked_and_oncoming,332,1,1,500,0.004029041854664683
parked_and_oncoming,333,0,1,500,0.004018229898065329
parked_and_oncoming,333,1,1,500,0.004115347983315587
parked_and_oncoming,334,0,1,500,0.004054773831740022
parked_and_oncoming,334,1,1,500,0.003972290083765984
parked_and_oncoming,335,0,1,500,0.004057154059410095
parked_and_oncoming,336,0,1,500,0.004017345840111375
parked_and_oncoming,337,0,1,500,0.0039024120196700096
parked_and_oncoming,338,0,1,500,0.004027194110676646
parked_and_oncoming,338,1,1,500,0.004041500156745315
parked_and_oncoming,339,0,1,500,0.004073093878105283
parked_and_oncoming,340,0,1,500,0.004076919984072447
parked_and_oncoming,340,1,1,500,0.004063090076670051
parked_and_oncoming,341,0,1,500,0.004059165949001908
parked_and_oncoming,341,1,1,500,0.004062696127220988
parked_and_oncoming,342,0,1,500,0.0040233980398625135
parked_and_oncoming,342,1,1,500,0.00403947988525033
parked_and_oncoming,343,0,1,500,0.003951698075979948
parked_and_oncoming,343,1,1,500,0.004086476052179933
parked_and_oncoming,344,0,1,500,0.003972189966589212
parked_and_oncoming,345,0,1,500,0.0040587137918919325
parked_and_oncoming,345,1,1,500,0.004041365813463926
parked_and_oncoming,346,0,1,500,0.003971929894760251
parked_and_oncoming,346,1,1,500,0.00396846211515367
parked_and_oncoming,347,0,2,500,0.005195484030991793
parked_and_oncoming,348,0,1,500,0.004039655905216932
parked_and_oncoming,349,0,1,500,0.004011373966932297
parked_and_oncoming,349,1,1,500,0.004085570108145475
parked_and_oncoming,350,0,1,500,0.004143380094319582
parked_and_oncoming,350,1,1,500,0.004095745971426368
parked_and_oncoming,351,0,2,500,0.005224872147664428
parked_and_oncoming,352,0,1,500,0.004007050069049001
parked_and_oncoming,352,1,1,500,0.00403369776904583
parked_and_oncoming,353,0,2,500,0.005135452141985297
parked_and_oncoming,354,0,2,500,0.005133824190124869
parked_and_oncoming,355,0,1,500,0.004018967971205711
parked_and_oncoming,355,1,1,500,0.00404029805213213
parked_and_oncoming,356,0,1,500,0.003983058035373688
parked_and_oncoming,356,1,1,500,0.00403740000911057
parked_and_oncoming,357,0,1,500,0.003996184095740318
parked_and_oncoming,357,1,1,500,0.004088488174602389
parked_and_oncoming,358,0,1,500,0.004163825884461403
parked_and_oncoming,358,1,1,500,0.0038991160690784454
parked_and_oncoming,359,0,2,500,0.005271665984764695
parked_and_oncoming,360,0,1,500,0.004027014132589102
parked_and_oncoming,360,1,1,500,0.004021807806566358
parked_and_oncoming,361,0,1,500,0.004121998092159629
parked_and_oncoming,361,1,1,500,0.004135366063565016
parked_and_oncoming,362,0,1,500,0.004049659939482808
parked_and_oncoming,362,1,1,500,0.004002021858468652
parked_and_oncoming,363,0,1,500,0.003976257983595133
parked_and_oncoming,364,0,1,500,0.003919546026736498
parked_and_oncoming,364,1,1,500,0.0041153039783239365
parked_and_oncoming,365,0,1,500,0.00402449001558125
parked_and_oncoming,365,1,1,500,0.00396145205013454
parked_and_oncoming,366,0,1,500,0.004034416051581502
parked_and_oncoming,366,1,1,500,0.004019170068204403
parked_and_oncoming,367,0,1,500,0.004110415931791067
parked_and_oncoming,367,1,1,500,0.003963848110288382
parked_and_oncoming,368,0,1,500,0.004017269937321544
parked_and_oncoming,368,1,1,500,0.0039947498589754105
parked_and_oncoming,369,0,1,500,0.004044327884912491
parked_and_oncoming,369,1,1,500,0.004019140033051372
parked_and_oncoming,370,0,1,500,0.004084649961441755
parked_and_oncoming,370,1,1,500,0.004010867793112993
parked_and_oncoming,371,0,1,500,0.003914348082616925
parked_and_oncoming,371,1,1,500,0.0039192738477140665
parked_and_oncoming,372,0,2,500,0.005127948010340333
parked_and_oncoming,373,0,1,500,0.00406818394549191
parked_and_oncoming,374,0,1,500,0.00399272795766592
parked_and_oncoming,374,1,1,500,0.004002437926828861
parked_and_oncoming,375,0,1,500,0.004062203923240304
parked_and_oncoming,375,1,1,500,0.004025303991511464
parked_and_oncoming,376,0,1,500,0.0040769618935883045
parked_and_oncoming,376,1,1,500,0.004001314053311944
parked_and_oncoming,377,0,1,500,0.004054629942402244
parked_and_oncoming,377,1,1,500,0.004067413974553347
parked_and_oncoming,378,0,1,500,0.0039710840210318565
parked_and_oncoming,378,1,1,500,0.003958320012316108
parked_and_oncoming,379,0,1,500,0.0040343638975173235
parked_and_oncoming,379,1,1,500,0.004119975958019495
parked_and_oncoming,380,0,2,500,0.005308531923219562
parked_and_oncoming,381,0,1,500,0.004140215925872326
parked_and_oncoming,381,1,1,500,0.004090856062248349
parked_and_oncoming,382,0,1,500,0.004056575940921903
parked_and_oncoming,382,1,1,500,0.004154819995164871
parked_and_oncoming,383,0,1,500,0.004134268034249544
parked_and_oncoming,383,1,1,500,0.004131515976041555
parked_and_oncoming,384,0,1,500,0.0042410860769450665
parked_and_oncoming,384,1,1,500,0.004185461904853582
parked_and_oncoming,385,0,1,500,0.0041511941235512495
parked_and_oncoming,385,1,1,500,0.004034338053315878
parked_and_oncoming,386,0,1,500,0.0041599939577281475
parked_and_oncoming,386,1,1,500,0.004095226060599089
parked_and_oncoming,387,0,1,500,0.004026259994134307
parked_and_oncoming,387,1,1,500,0.003962458111345768
parked_and_oncoming,388,0,1,500,0.004000233951956034
parked_and_oncoming,388,1,1,500,0.003909535938873887
parked_and_oncoming,389,0,1,500,0.003970159916207194
parked_and_oncoming,389,1,1,500,0.003966740099713206
parked_and_oncoming,390,0,1,500,0.004111667862161994
parked_and_oncoming,390,1,1,500,0.00402301992289722
parked_and_oncoming,391,0,1,500,0.00401877798140049
parked_and_oncoming,391,1,1,500,0.003999330103397369
parked_and_oncoming,392,0,1,500,0.00399145414121449
parked_and_oncoming,392,1,1,500,0.00408393400721252
parked_and_oncoming,393,0,1,500,0.004039468010887504
parked_and_oncoming,393,1,1,500,0.004044845933094621
parked_and_oncoming,394,0,1,500,0.00403979211114347
parked_and_oncoming,394,1,1,500,0.003994498169049621
parked_and_oncoming,395,0,1,500,0.003988532116636634
parked_and_oncoming,396,0,1,500,0.003927289973944426
parked_and_oncoming,396,1,1,500,0.004084291867911816
parked_and_oncoming,397,0,1,500,0.003955470165237784
parked_and_oncoming,397,1,1,500,0.003981181886047125
parked_and_oncoming,398,0,1,500,0.003986010095104575
parked_and_oncoming,398,1,1,500,0.003981068031862378
parked_and_oncoming,399,0,2,500,0.005173773970454931
parked_and_oncoming,400,0,1,500,0.004018987994641066
parked_and_oncoming,400,1,1,500,0.003994238097220659
parked_and_oncoming,401,0,1,500,0.003939787857234478
parked_and_oncoming,401,1,1,500,0.003998973872512579
parked_and_oncoming,402,0,1,500,0.004193820059299469
parked_and_oncoming,402,1,1,500,0.00405533192679286
parked_and_oncoming,403,0,1,500,0.004062153864651918
parked_and_oncoming,403,1,1,500,0.004156389972195029
parked_and_oncoming,404,0,1,500,0.0040494841523468494
parked_and_oncoming,405,0,1,500,0.003927039913833141
parked_and_oncoming,405,1,1,500,0.00404054787941277
parked_and_oncoming,406,0,2,500,0.005123344017192721
parked_and_oncoming,407,0,1,500,0.004025305854156613
parked_and_oncoming,407,1,1,500,0.004126032115891576
parked_and_oncoming,408,0,1,500,0.003972772043198347
parked_and_oncoming,408,1,1,500,0.004000658169388771
parked_and_oncoming,409,0,2,500,0.005086884135380387
parked_and_oncoming,410,0,1,500,0.003988735843449831
parked_and_oncoming,411,0,2,500,0.005182370077818632
parked_and_oncoming,412,0,1,500,0.003998090047389269
parked_and_oncoming,412,1,1,500,0.00391059392131865
parked_and_oncoming,413,0,1,500,0.0040405020117759705
parked_and_oncoming,413,1,1,500,0.003954712068662047
parked_and_oncoming,414,0,1,500,0.004058529855683446
parked_and_oncoming,414,1,1,500,0.0040479598101228476
parked_and_oncoming,415,0,2,500,0.005098632071167231
parked_and_oncoming,416,0,1,500,0.004009012132883072
parked_and_oncoming,416,1,1,500,0.003988390089944005
parked_and_oncoming,417,0,1,500,0.004048459930345416
parked_and_oncoming,417,1,1,500,0.004123407881706953
parked_and_oncoming,418,0,1,500,0.0040441821329295635
parked_and_oncoming,418,1,1,500,0.003956260159611702
parked_and_oncoming,419,0,1,500,0.00405504391528666
parked_and_oncoming,419,1,1,500,0.0038959099911153316
parked_and_oncoming,420,0,1,500,0.003981778165325522
parked_and_oncoming,420,1,1,500,0.004053330048918724
parked_and_oncoming,421,0,1,500,0.004120521945878863
parked_and_oncoming,421,1,1,500,0.004136197967454791
parked_and_oncoming,422,0,1,500,0.0040367599576711655
parked_and_oncoming,422,1,1,500,0.004104189807549119
parked_and_oncoming,423,0,2,500,0.005257671931758523
parked_and_oncoming,424,0,2,500,0.005265170009806752
parked_and_oncoming,425,0,1,500,0.0041247098706662655
parked_and_oncoming,425,1,1,500,0.004025625996291637
parked_and_oncoming,426,0,1,500,0.004072148120030761
parked_and_oncoming,426,1,1,500,0.0039275940507650375
parked_and_oncoming,427,0,1,500,0.004048126051202416
parked_and_oncoming,427,1,1,500,0.003962931921705604
parked_and_oncoming,428,0,1,500,0.004112540045753121
parked_and_oncoming,428,1,1,500,0.0040251819882541895
parked_and_oncoming,429,0,1,500,0.004027047893032432
parked_and_oncoming,429,1,1,500,0.0040044880006462336
parked_and_oncoming,430,0,1,500,0.004111349815502763
parked_and_oncoming,430,1,1,500,0.004022419918328524
parked_and_oncoming,431,0,1,500,0.004029983887448907
parked_and_oncoming,432,0,2,500,0.005192624172195792
parked_and_oncoming,433,0,1,500,0.003952051978558302
parked_and_oncoming,433,1,1,500,0.004094422096386552
parked_and_oncoming,434,0,2,500,0.005199763923883438
parked_and_oncoming,435,0,1,500,0.004093082156032324
parked_and_oncoming,435,1,1,500,0.003968000179156661
parked_and_oncoming,436,0,1,500,0.004055856028571725
parked_and_oncoming,436,1,1,500,0.0040168119594454765
parked_and_oncoming,437,0,1,500,0.004039447987452149
parked_and_oncoming,437,1,1,500,0.003923031967133284
parked_and_oncoming,438,0,1,500,0.004033280070871115
parked_and_oncoming,438,1,1,500,0.004042461980134249
parked_and_oncoming,439,0,1,500,0.004084727959707379
parked_and_oncoming,439,1,1,500,0.004028820199891925
parked_and_oncoming,440,0,1,500,0.003963460214436054
parked_and_oncoming,440,1,1,500,0.004057978047057986
parked_and_oncoming,441,0,1,500,0.004052625969052315
parked_and_oncoming,441,1,1,500,0.004074558150023222
parked_and_oncoming,442,0,1,500,0.0041416119784116745
parked_and_oncoming,442,1,1,500,0.004111340036615729
parked_and_oncoming,443,0,1,500,0.004045695997774601
parked_and_oncoming,443,1,1,500,0.004082720028236508
parked_and_oncoming,444,0,1,500,0.004046309972181916
parked_and_oncoming,444,1,1,500,0.004008652176707983
parked_and_oncoming,445,0,1,500,0.004043085966259241
parked_and_oncoming,445,1,1,500,0.004108237801119685
parked_and_oncoming,446,0,1,500,0.004121128004044294
parked_and_oncoming,447,0,1,500,0.0040535160806030035
parked_and_oncoming,448,0,1,500,0.004165254067629576
parked_and_oncoming,448,1,1,500,0.004134387942031026
parked_and_oncoming,449,0,1,500,0.004162552068009973
parked_and_oncoming,449,1,1,500,0.0041224099695682526
parked_and_oncoming,450,0,1,500,0.004001993918791413
parked_and_oncoming,451,0,1,500,0.004040610045194626
parked_and_oncoming,451,1,1,500,0.004144624108448625
parked_and_oncoming,452,0,1,500,0.004027506103739142
parked_and_oncoming,453,0,1,500,0.004089097958058119
parked_and_oncoming,453,1,1,500,0.0041951381135731936
parked_and_oncoming,454,0,1,500,0.00433093192987144
parked_and_oncoming,454,1,1,500,0.004014572128653526
parked_and_oncoming,455,0,1,500,0.004004142014309764
parked_and_oncoming,455,1,1,500,0.003965542186051607
parked_and_oncoming,456,0,1,500,0.0039926699828356504
parked_and_oncoming,456,1,1,500,0.004094660049304366
parked_and_oncoming,457,0,2,500,0.005194627912715077
parked_and_oncoming,458,0,1,500,0.0041548439767211676
parked_and_oncoming,459,0,1,500,0.003941736184060574
parked_and_oncoming,459,1,1,500,0.003932210151106119
parked_and_oncoming,460,0,1,500,0.003943982068449259
parked_and_oncoming,460,1,1,500,0.004016333958134055
parked_and_oncoming,461,0,1,500,0.0039868459571152925
parked_and_oncoming,461,1,1,500,0.003972524078562856
parked_and_oncoming,462,0,1,500,0.004062796011567116
parked_and_oncoming,463,0,1,500,0.003969745943322778
parked_and_oncoming,463,1,1,500,0.004046698100864887
parked_and_oncoming,464,0,2,500,0.00520153995603323
parked_and_oncoming,465,0,1,500,0.003918729955330491
parked_and_oncoming,465,1,1,500,0.003983396105468273
parked_and_oncoming,466,0,1,500,0.0040379660204052925
parked_and_oncoming,466,1,1,500,0.0039417140651494265
parked_and_oncoming,467,0,1,500,0.003897045971825719
parked_and_oncoming,467,1,1,500,0.004083686042577028
parked_and_oncoming,468,0,1,500,0.004127278225496411
parked_and_oncoming,468,1,1,500,0.004121806006878614
parked_and_oncoming,469,0,1,500,0.004203941905871034
parked_and_oncoming,469,1,1,500,0.004196282010525465
parked_and_oncoming,470,0,1,500,0.004263774026185274
parked_and_oncoming,470,1,1,500,0.004195375833660364
parked_and_oncoming,471,0,1,500,0.004234021995216608
parked_and_oncoming,472,0,1,500,0.004270088160410523
parked_and_oncoming,472,1,1,500,0.004239054163917899
parked_and_oncoming,473,0,1,500,0.004167282022535801
parked_and_oncoming,473,1,1,500,0.004232380073517561
parked_and_oncoming,474,0,1,500,0.004230538150295615
parked_and_oncoming,474,1,1,500,0.004171833861619234
parked_and_oncoming,475,0,1,500,0.00399316381663084
parked_and_oncoming,475,1,1,500,0.004164445912465453
parked_and_oncoming,476,0,1,500,0.004084920044988394
parked_and_oncoming,477,0,1,500,0.004150603897869587
parked_and_oncoming,477,1,1,500,0.004176960093900561
parked_and_oncoming,478,0,1,500,0.004192915977910161
parked_and_oncoming,478,1,1,500,0.004170926054939628
parked_and_oncoming,479,0,1,500,0.004123463993892074
parked_and_oncoming,479,1,1,500,0.003995475824922323
parked_and_oncoming,480,0,1,500,0.004129166016355157
parked_and_oncoming,481,0,1,500,0.0039923000149428844
parked_and_oncoming,481,1,1,500,0.004080889979377389
parked_and_oncoming,482,0,1,500,0.004206123994663358
parked_and_oncoming,482,1,1,500,0.0039938041009008884
parked_and_oncoming,483,0,1,500,0.004003572044894099
parked_and_oncoming,483,1,1,500,0.004186212085187435
parked_and_oncoming,484,0,1,500,0.004132022149860859
parked_and_oncoming,484,1,1,500,0.004077245946973562
parked_and_oncoming,485,0,1,500,0.004188786027953029
parked_and_oncoming,485,1,1,500,0.004115768009796739
parked_and_oncoming,486,0,1,500,0.004094231873750687
parked_and_oncoming,486,1,1,500,0.003967992030084133
parked_and_oncoming,487,0,1,500,0.0039752020966261625
parked_and_oncoming,488,0,1,500,0.004035753896459937
parked_and_oncoming,489,0,1,500,0.004026690032333136
parked_and_oncoming,490,0,1,500,0.0040368998888880014
parked_and_oncoming,491,0,1,500,0.0039575600530952215
parked_and_oncoming,491,1,1,500,0.003942057956010103
parked_and_oncoming,492,0,1,500,0.004069525981321931
parked_and_oncoming,492,1,1,500,0.00399669399484992
parked_and_oncoming,493,0,1,500,0.003966603893786669
parked_and_oncoming,494,0,1,500,0.003995876060798764
parked_and_oncoming,494,1,1,500,0.004034647950902581
parked_and_oncoming,495,0,1,500,0.004099641926586628
parked_and_oncoming,495,1,1,500,0.004116692114621401
parked_and_oncoming,496,0,1,500,0.00401391601189971
parked_and_oncoming,496,1,1,500,0.004000952001661062
parked_and_oncoming,497,0,1,500,0.004074170021340251
parked_and_oncoming,498,0,1,500,0.004088905872777104
parked_and_oncoming,498,1,1,500,0.00397942797280848
parked_and_oncoming,499,0,1,500,0.004008436109870672
parked_and_oncoming,499,1,1,500,0.004026433918625116
narrow_multi_obstacle,0,0,1,500,0.004106773994863033
narrow_multi_obstacle,0,1,1,500,0.004048662027344108
narrow_multi_obstacle,0,2,2,500,0.005182401975616813
narrow_multi_obstacle,0,3,1,500,0.003912277985364199
narrow_multi_obstacle,0,4,1,500,0.003945098025724292
narrow_multi_obstacle,1,0,2,500,0.005159463966265321
narrow_multi_obstacle,1,1,2,500,0.005191863980144262
narrow_multi_obstacle,1,2,1,500,0.00399992405436933
narrow_multi_obstacle,1,3,1,500,0.00398985599167645
narrow_multi_obstacle,2,0,2,500,0.00520535814575851
narrow_multi_obstacle,2,1,2,500,0.005140904104337096
narrow_multi_obstacle,2,2,2,500,0.005122278118506074
narrow_multi_obstacle,3,0,1,500,0.004026809940114617
narrow_multi_obstacle,3,1,1,500,0.004001440014690161
narrow_multi_obstacle,3,2,1,500,0.004020863911136985
narrow_multi_obstacle,3,3,1,500,0.003985085990279913
narrow_multi_obstacle,3,4,1,500,0.003947222139686346
narrow_multi_obstacle,3,5,1,500,0.003986078081652522
narrow_multi_obstacle,4,0,2,500,0.00514483405277133
narrow_multi_obstacle,4,1,2,500,0.005129456054419279
narrow_multi_obstacle,4,2,1,500,0.003940555965527892
narrow_multi_obstacle,4,3,1,500,0.003993890015408397
narrow_multi_obstacle,5,0,2,500,0.005211133975535631
narrow_multi_obstacle,5,1,2,500,0.0052130999974906445
narrow_multi_obstacle,5,2,2,500,0.005141805857419968
narrow_multi_obstacle,6,0,1,500,0.004008191870525479
narrow_multi_obstacle,6,1,1,500,0.003961409907788038
narrow_multi_obstacle,6,2,2,500,0.0051373320166021585
narrow_multi_obstacle,6,3,2,500,0.005164118018001318
narrow_multi_obstacle,7,0,1,500,0.003971085883677006
narrow_multi_obstacle,7,1,1,500,0.0039978360291570425
narrow_multi_obstacle,7,2,1,500,0.003890718100592494
narrow_multi_obstacle,7,3,1,500,0.0039249619003385305
narrow_multi_obstacle,7,4,1,500,0.004110055975615978
narrow_multi_obstacle,7,5,1,500,0.004073506221175194
narrow_multi_obstacle,8,0,2,500,0.005283950129523873
narrow_multi_obstacle,8,1,1,500,0.004095718031749129
narrow_multi_obstacle,8,2,1,500,0.004082727944478393
narrow_multi_obstacle,8,3,2,500,0.005351352039724588
narrow_multi_obstacle,9,0,1,500,0.004125887993723154
narrow_multi_obstacle,9,1,1,500,0.00411240616813302
narrow_multi_obstacle,9,2,2,500,0.005273081827908754
narrow_multi_obstacle,9,3,1,500,0.004496081965044141
narrow_multi_obstacle,9,4,1,500,0.004011406097561121
narrow_multi_obstacle,10,0,1,500,0.0041132220067083836
narrow_multi_obstacle,10,1,1,500,0.004133732058107853
narrow_multi_obstacle,10,2,2,500,0.005155706079676747
narrow_multi_obstacle,10,3,1,500,0.00411419989541173
narrow_multi_obstacle,10,4,1,500,0.003938697976991534
narrow_multi_obstacle,11,0,1,500,0.003934868145734072
narrow_multi_obstacle,11,1,1,500,0.004048957955092192
narrow_multi_obstacle,11,2,1,500,0.0040244359988719225
narrow_multi_obstacle,11,3,1,500,0.003982411930337548
narrow_multi_obstacle,11,4,2,500,0.005141938105225563
narrow_multi_obstacle,12,0,2,500,0.005186039954423904
narrow_multi_obstacle,12,1,2,500,0.0052124978974461555
narrow_multi_obstacle,12,2,1,500,0.00395081820897758
narrow_multi_obstacle,12,3,1,500,0.004017458064481616
narrow_multi_obstacle,13,0,1,500,0.0039366979617625475
narrow_multi_obstacle,13,1,1,500,0.003998481901362538
narrow_multi_obstacle,13,2,2,500,0.005157724022865295
narrow_multi_obstacle,13,3,2,500,0.005155974067747593
narrow_multi_obstacle,14,0,2,500,0.005140538094565272
narrow_multi_obstacle,14,1,2,500,0.005253724055364728
narrow_multi_obstacle,14,2,2,500,0.00517051387578249
narrow_multi_obstacle,15,0,2,500,0.005160844186320901
narrow_multi_obstacle,15,1,2,500,0.005148862022906542
narrow_multi_obstacle,15,2,2,500,0.005233063828200102
narrow_multi_obstacle,16,0,2,500,0.0051109581254422665
narrow_multi_obstacle,16,1,2,500,0.005145415896549821
narrow_multi_obstacle,16,2,2,500,0.005264393985271454
narrow_multi_obstacle,17,0,1,500,0.004089195979759097
narrow_multi_obstacle,17,1,1,500,0.004026643931865692
narrow_multi_obstacle,17,2,2,500,0.0053401479963213205
narrow_multi_obstacle,17,3,2,500,0.005200498038902879
narrow_multi_obstacle,18,0,1,500,0.004126172047108412
narrow_multi_obstacle,18,1,1,500,0.004116526106372476
narrow_multi_obstacle,18,2,2,500,0.0052119221072643995
narrow_multi_obstacle,18,3,2,500,0.005173437995836139
narrow_multi_obstacle,19,0,2,500,0.005180164007470012
narrow_multi_obstacle,19,1,2,500,0.005160090047866106
narrow_multi_obstacle,19,2,2,500,0.005230051930993795
narrow_multi_obstacle,20,0,2,500,0.005282538011670113
narrow_multi_obstacle,20,1,1,500,0.004054179880768061
narrow_multi_obstacle,20,2,1,500,0.004045829875394702
narrow_multi_obstacle,20,3,2,500,0.0051837279461324215
narrow_multi_obstacle,21,0,2,500,0.005208238027989864
narrow_multi_obstacle,21,1,2,500,0.005152266006916761
narrow_multi_obstacle,21,2,1,500,0.004042410058900714
narrow_multi_obstacle,21,3,1,500,0.00397983193397522
narrow_multi_obstacle,22,0,1,500,0.004034901969134808
narrow_multi_obstacle,22,1,1,500,0.00405289395712316
narrow_multi_obstacle,22,2,1,500,0.004121920093894005
narrow_multi_obstacle,22,3,1,500,0.003965561976656318
narrow_multi_obstacle,22,4,1,500,0.003960819914937019
narrow_multi_obstacle,22,5,1,500,0.003943315939977765
narrow_multi_obstacle,23,0,1,500,0.003966915886849165
narrow_multi_obstacle,23,1,1,500,0.0038996438961476088
narrow_multi_obstacle,23,2,1,500,0.004005179973319173
narrow_multi_obstacle,23,3,1,500,0.0039740679785609245
narrow_multi_obstacle,23,4,2,500,0.005209062015637755
narrow_multi_obstacle,24,0,1,500,0.004071490140631795
narrow_multi_obstacle,24,1,1,500,0.004040747880935669
narrow_multi_obstacle,24,2,1,500,0.004015645943582058
narrow_multi_obstacle,24,3,1,500,0.003982546040788293
narrow_multi_obstacle,24,4,2,500,0.005156175931915641
narrow_multi_obstacle,25,0,2,500,0.005080541828647256
narrow_multi_obstacle,25,1,2,500,0.0051075739320367575
narrow_multi_obstacle,25,2,1,500,0.0039207658264786005
narrow_multi_obstacle,25,3,1,500,0.003967350115999579
narrow_multi_obstacle,26,0,1,500,0.004054842051118612
narrow_multi_obstacle,26,1,1,500,0.004033448174595833
narrow_multi_obstacle,26,2,2,500,0.005128018092364073
narrow_multi_obstacle,26,3,2,500,0.00519585981965065
narrow_multi_obstacle,27,0,1,500,0.004061276093125343
narrow_multi_obstacle,27,1,1,500,0.0040843000169843435
narrow_multi_obstacle,27,2,1,500,0.004070456139743328
narrow_multi_obstacle,27,3,1,500,0.004094375995919108
narrow_multi_obstacle,27,4,2,500,0.0054458382073789835
narrow_multi_obstacle,28,0,2,500,0.005203119944781065
narrow_multi_obstacle,28,1,2,500,0.005172972101718187
narrow_multi_obstacle,28,2,2,500,0.005270665977150202
narrow_multi_obstacle,29,0,2,500,0.005321935983374715
narrow_multi_obstacle,29,1,1,500,0.004077996127307415
narrow_multi_obstacle,29,2,1,500,0.00408135587349534
narrow_multi_obstacle,29,3,2,500,0.005284690065309405
narrow_multi_obstacle,30,0,1,500,0.004086004104465246
narrow_multi_obstacle,30,1,1,500,0.0041687400080263615
narrow_multi_obstacle,30,2,1,500,0.004020307911559939
narrow_multi_obstacle,30,3,1,500,0.004013806115835905
narrow_multi_obstacle,30,4,2,500,0.005310419946908951
narrow_multi_obstacle,31,0,2,500,0.005291943904012442
narrow_multi_obstacle,31,1,2,500,0.0052325178403407335
narrow_multi_obstacle,31,2,2,500,0.0052933720871806145
narrow_multi_obstacle,32,0,2,500,0.005087935831397772
narrow_multi_obstacle,32,1,2,500,0.0051372540183365345
narrow_multi_obstacle,32,2,2,500,0.005116946063935757
narrow_multi_obstacle,33,0,2,500,0.005138491978868842
narrow_multi_obstacle,33,1,2,500,0.005162160145118833
narrow_multi_obstacle,33,2,2,500,0.005269726039841771
narrow_multi_obstacle,34,0,1,500,0.004034525947645307
narrow_multi_obstacle,34,1,1,500,0.0040720379911363125
narrow_multi_obstacle,34,2,1,500,0.003990618046373129
narrow_multi_obstacle,34,3,1,500,0.004046732094138861
narrow_multi_obstacle,34,4,1,500,0.004132826114073396
narrow_multi_obstacle,34,5,1,500,0.004073705989867449
narrow_multi_obstacle,35,0,1,500,0.004049092065542936
narrow_multi_obstacle,35,1,1,500,0.004046523943543434
narrow_multi_obstacle,35,2,1,500,0.003983000060543418
narrow_multi_obstacle,35,3,1,500,0.004076668061316013
narrow_multi_obstacle,35,4,1,500,0.004077814053744078
narrow_multi_obstacle,35,5,1,500,0.0040011180099099874
narrow_multi_obstacle,36,0,2,500,0.005240516038611531
narrow_multi_obstacle,36,1,2,500,0.00520534603856504
narrow_multi_obstacle,36,2,2,500,0.0052211100701242685
narrow_multi_obstacle,37,0,2,500,0.005213862052187324
narrow_multi_obstacle,37,1,2,500,0.005204644054174423
narrow_multi_obstacle,37,2,2,500,0.005155653925612569
narrow_multi_obstacle,38,0,2,500,0.005247640190646052
narrow_multi_obstacle,38,1,2,500,0.005247690016403794
narrow_multi_obstacle,38,2,2,500,0.005315559916198254
narrow_multi_obstacle,39,0,2,500,0.005302726058289409
narrow_multi_obstacle,39,1,1,500,0.004090101923793554
narrow_multi_obstacle,39,2,1,500,0.004340603947639465
narrow_multi_obstacle,39,3,1,500,0.004246999975293875
narrow_multi_obstacle,39,4,1,500,0.0040898979641497135
narrow_multi_obstacle,40,0,1,500,0.004063225816935301
narrow_multi_obstacle,40,1,1,500,0.004176668124273419
narrow_multi_obstacle,40,2,2,500,0.005267167929559946
narrow_multi_obstacle,40,3,1,500,0.004117546137422323
narrow_multi_obstacle,40,4,1,500,0.004172584041953087
narrow_multi_obstacle,41,0,1,500,0.004098400007933378
narrow_multi_obstacle,41,1,1,500,0.004099488025531173
narrow_multi_obstacle,41,2,1,500,0.004025656031444669
narrow_multi_obstacle,41,3,1,500,0.003998348023742437
narrow_multi_obstacle,41,4,2,500,0.005149311851710081
narrow_multi_obstacle,42,0,1,500,0.004073109943419695
narrow_multi_obstacle,42,1,1,500,0.004100895952433348
narrow_multi_obstacle,42,2,2,500,0.005161395994946361
narrow_multi_obstacle,42,3,2,500,0.005257328040897846
narrow_multi_obstacle,43,0,2,500,0.005318252136930823
narrow_multi_obstacle,43,1,2,500,0.00518251396715641
narrow_multi_obstacle,43,2,2,500,0.005269635934382677
narrow_multi_obstacle,44,0,2,500,0.005182818043977022
narrow_multi_obstacle,44,1,2,500,0.005160043947398663
narrow_multi_obstacle,44,2,1,500,0.00399217801168561
narrow_multi_obstacle,44,3,1,500,0.00407369202002883
narrow_multi_obstacle,45,0,2,500,0.005198044003918767
narrow_multi_obstacle,45,1,2,500,0.00523030199110508
narrow_multi_obstacle,45,2,2,500,0.005176946055144072
narrow_multi_obstacle,46,0,2,500,0.005190853960812092
narrow_multi_obstacle,46,1,2,500,0.0051654798444360495
narrow_multi_obstacle,46,2,1,500,0.004019442014396191
narrow_multi_obstacle,46,3,1,500,0.003975265892222524
narrow_multi_obstacle,47,0,2,500,0.005142926005646586
narrow_multi_obstacle,47,1,2,500,0.0051836438942700624
narrow_multi_obstacle,47,2,2,500,0.005158205982297659
narrow_multi_obstacle,48,0,1,500,0.004042051965370774
narrow_multi_obstacle,48,1,1,500,0.004015410086140037
narrow_multi_obstacle,48,2,2,500,0.00519637786783278
narrow_multi_obstacle,48,3,2,500,0.005121853901073337
narrow_multi_obstacle,49,0,2,500,0.0051986658945679665
narrow_multi_obstacle,49,1,1,500,0.004137755837291479
narrow_multi_obstacle,49,2,1,500,0.004081165883690119
narrow_multi_obstacle,49,3,2,500,0.00527121196500957
narrow_multi_obstacle,50,0,1,500,0.004080107901245356
narrow_multi_obstacle,50,1,1,500,0.004037076141685247
narrow_multi_obstacle,50,2,1,500,0.004073680145666003
narrow_multi_obstacle,50,3,1,500,0.004059158032760024
narrow_multi_obstacle,50,4,2,500,0.005148976109921932
narrow_multi_obstacle,51,0,2,500,0.0051090780179947615
narrow_multi_obstacle,51,1,2,500,0.005129599943757057
narrow_multi_obstacle,51,2,1,500,0.0039452360942959785
narrow_multi_obstacle,51,3,1,500,0.003941983915865421
narrow_multi_obstacle,52,0,1,500,0.00395147199742496
narrow_multi_obstacle,52,1,1,500,0.004006366012617946
narrow_multi_obstacle,52,2,2,500,0.005243411986157298
narrow_multi_obstacle,52,3,2,500,0.005168415838852525
narrow_multi_obstacle,53,0,2,500,0.005220204126089811
narrow_multi_obstacle,53,1,1,500,0.00400318787433207
narrow_multi_obstacle,53,2,1,500,0.004095051903277636
narrow_multi_obstacle,53,3,1,500,0.004029407864436507
narrow_multi_obstacle,53,4,1,500,0.004109296016395092
narrow_multi_obstacle,54,0,2,500,0.005148066207766533
narrow_multi_obstacle,54,1,2,500,0.005151518154889345
narrow_multi_obstacle,54,2,2,500,0.005204012151807547
narrow_multi_obstacle,55,0,2,500,0.005180171923711896
narrow_multi_obstacle,55,1,1,500,0.003975471947342157
narrow_multi_obstacle,55,2,1,500,0.00391537812538445
narrow_multi_obstacle,55,3,1,500,0.003977010026574135
narrow_multi_obstacle,55,4,1,500,0.003979539964348078
narrow_multi_obstacle,56,0,2,500,0.005183937959372997
narrow_multi_obstacle,56,1,2,500,0.005153024103492498
narrow_multi_obstacle,56,2,2,500,0.005227797897532582
narrow_multi_obstacle,57,0,1,500,0.003957039909437299
narrow_multi_obstacle,57,1,1,500,0.003981876187026501
narrow_multi_obstacle,57,2,2,500,0.005223892163485289
narrow_multi_obstacle,57,3,2,500,0.005259871948510408
narrow_multi_obstacle,58,0,2,500,0.0051682740449905396
narrow_multi_obstacle,58,1,1,500,0.004057111917063594
narrow_multi_obstacle,58,2,1,500,0.004052647855132818
narrow_multi_obstacle,58,3,2,500,0.005184601992368698
narrow_multi_obstacle,59,0,2,500,0.00526262610219419
narrow_multi_obstacle,59,1,2,500,0.005223451880738139
narrow_multi_obstacle,59,2,2,500,0.005246641812846065
narrow_multi_obstacle,60,0,1,500,0.004049633862450719
narrow_multi_obstacle,60,1,1,500,0.004008332034572959
narrow_multi_obstacle,60,2,2,500,0.005275137955322862
narrow_multi_obstacle,60,3,2,500,0.0052293159533292055
narrow_multi_obstacle,61,0,1,500,0.004166279919445515
narrow_multi_obstacle,61,1,1,500,0.004091481911018491
narrow_multi_obstacle,61,2,2,500,0.005281897960230708
narrow_multi_obstacle,61,3,2,500,0.005284925922751427
narrow_multi_obstacle,62,0,1,500,0.004123020218685269
narrow_multi_obstacle,62,1,1,500,0.004008091986179352
narrow_multi_obstacle,62,2,2,500,0.005122551927343011
narrow_multi_obstacle,62,3,1,500,0.003977372078225017
narrow_multi_obstacle,62,4,1,500,0.0040292260237038136
narrow_multi_obstacle,63,0,2,500,0.005185085814446211
narrow_multi_obstacle,63,1,1,500,0.004053556127473712
narrow_multi_obstacle,63,2,1,500,0.003999976208433509
narrow_multi_obstacle,63,3,1,500,0.004082367988303304
narrow_multi_obstacle,63,4,1,500,0.004119614139199257
narrow_multi_obstacle,64,0,1,500,0.004011661978438497
narrow_multi_obstacle,64,1,1,500,0.003998117987066507
narrow_multi_obstacle,64,2,2,500,0.005176586098968983
narrow_multi_obstacle,64,3,2,500,0.00522797810845077
narrow_multi_obstacle,65,0,1,500,0.004023286048322916
narrow_multi_obstacle,65,1,1,500,0.003944596042856574
narrow_multi_obstacle,65,2,1,500,0.003950179787352681
narrow_multi_obstacle,65,3,1,500,0.003970379941165447
narrow_multi_obstacle,65,4,1,500,0.004112250171601772
narrow_multi_obstacle,65,5,1,500,0.004020068095996976
narrow_multi_obstacle,66,0,2,500,0.0051774620078504086
narrow_multi_obstacle,66,1,2,500,0.0051344819366931915
narrow_multi_obstacle,66,2,1,500,0.004036755999550223
narrow_multi_obstacle,66,3,1,500,0.003978346008807421
narrow_multi_obstacle,67,0,1,500,0.003972798120230436
narrow_multi_obstacle,67,1,1,500,0.003977787913754582
narrow_multi_obstacle,67,2,1,500,0.0039534540846943855
narrow_multi_obstacle,67,3,1,500,0.0039914080407470465
narrow_multi_obstacle,67,4,2,500,0.005140956025570631
narrow_multi_obstacle,68,0,2,500,0.005094341933727264
narrow_multi_obstacle,68,1,1,500,0.004064256092533469
narrow_multi_obstacle,68,2,1,500,0.004001665860414505
narrow_multi_obstacle,68,3,2,500,0.0052050219383090734
narrow_multi_obstacle,69,0,2,500,0.005207280162721872
narrow_multi_obstacle,69,1,2,500,0.005547174019739032
narrow_multi_obstacle,69,2,2,500,0.005287115927785635
narrow_multi_obstacle,70,0,1,500,0.004061233950778842
narrow_multi_obstacle,70,1,1,500,0.003995928214862943
narrow_multi_obstacle,70,2,1,500,0.0039606180507689714
narrow_multi_obstacle,70,3,1,500,0.003959954017773271
narrow_multi_obstacle,70,4,1,500,0.003965287934988737
narrow_multi_obstacle,70,5,1,500,0.003985893912613392
narrow_multi_obstacle,71,0,2,500,0.00516334199346602
narrow_multi_obstacle,71,1,2,500,0.005178750026971102
narrow_multi_obstacle,71,2,1,500,0.004037865903228521
narrow_multi_obstacle,71,3,1,500,0.00401459401473403
narrow_multi_obstacle,72,0,1,500,0.004045704146847129
narrow_multi_obstacle,72,1,1,500,0.004042485961690545
narrow_multi_obstacle,72,2,1,500,0.00391728593967855
narrow_multi_obstacle,72,3,1,500,0.004020228050649166
narrow_multi_obstacle,72,4,1,500,0.003952021943405271
narrow_multi_obstacle,72,5,1,500,0.003917413996532559
narrow_multi_obstacle,73,0,2,500,0.005219395970925689
narrow_multi_obstacle,73,1,1,500,0.004080385901033878
narrow_multi_obstacle,73,2,1,500,0.003951533930376172
narrow_multi_obstacle,73,3,2,500,0.005262969993054867
narrow_multi_obstacle,74,0,2,500,0.005217774072661996
narrow_multi_obstacle,74,1,2,500,0.005216238088905811
narrow_multi_obstacle,74,2,2,500,0.005127306096255779
narrow_multi_obstacle,75,0,2,500,0.005153989885002375
narrow_multi_obstacle,75,1,2,500,0.0051885361317545176
narrow_multi_obstacle,75,2,1,500,0.003982426133006811
narrow_multi_obstacle,75,3,1,500,0.004121328005567193
narrow_multi_obstacle,76,0,1,500,0.0040967639070004225
narrow_multi_obstacle,76,1,1,500,0.004077231977134943
narrow_multi_obstacle,76,2,1,500,0.004071887815371156
narrow_multi_obstacle,76,3,1,500,0.004112355876713991
narrow_multi_obstacle,76,4,1,500,0.004076724173501134
narrow_multi_obstacle,76,5,1,500,0.004000265849754214
narrow_multi_obstacle,77,0,1,500,0.004037759965285659
narrow_multi_obstacle,77,1,1,500,0.0040085099171847105
narrow_multi_obstacle,77,2,1,500,0.004041122039780021
narrow_multi_obstacle,77,3,1,500,0.0041260861326009035
narrow_multi_obstacle,77,4,2,500,0.005302808014675975
narrow_multi_obstacle,78,0,1,500,0.004128943895921111
narrow_multi_obstacle,78,1,1,500,0.00410253182053566
narrow_multi_obstacle,78,2,1,500,0.004052408039569855
narrow_multi_obstacle,78,3,1,500,0.0040857079438865185
narrow_multi_obstacle,78,4,1,500,0.004046565853059292
narrow_multi_obstacle,78,5,1,500,0.004095963900908828
narrow_multi_obstacle,79,0,1,500,0.00405267789028585
narrow_multi_obstacle,79,1,1,500,0.004131933907046914
narrow_multi_obstacle,79,2,2,500,0.005211859941482544
narrow_multi_obstacle,79,3,2,500,0.005180128151550889
narrow_multi_obstacle,80,0,1,500,0.0039663719944655895
narrow_multi_obstacle,80,1,1,500,0.0039504580199718475
narrow_multi_obstacle,80,2,1,500,0.00413848995231092
narrow_multi_obstacle,80,3,1,500,0.004041688051074743
narrow_multi_obstacle,80,4,2,500,0.005065467907115817
narrow_multi_obstacle,81,0,1,500,0.00400971807539463
narrow_multi_obstacle,81,1,1,500,0.004018279956653714
narrow_multi_obstacle,81,2,2,500,0.005305747967213392
narrow_multi_obstacle,81,3,2,500,0.005232388153672218
narrow_multi_obstacle,82,0,1,500,0.004038222134113312
narrow_multi_obstacle,82,1,1,500,0.004089831840246916
narrow_multi_obstacle,82,2,2,500,0.005115628009662032
narrow_multi_obstacle,82,3,1,500,0.004035547841340303
narrow_multi_obstacle,82,4,1,500,0.004033698001876473
narrow_multi_obstacle,83,0,2,500,0.0051506741438061
narrow_multi_obstacle,83,1,2,500,0.00519525189884007
narrow_multi_obstacle,83,2,2,500,0.005148253869265318
narrow_multi_obstacle,84,0,2,500,0.005140724126249552
narrow_multi_obstacle,84,1,2,500,0.005206672009080648
narrow_multi_obstacle,84,2,2,500,0.0051953361835330725
narrow_multi_obstacle,85,0,1,500,0.0039716120809316635
narrow_multi_obstacle,85,1,1,500,0.003936178050935268
narrow_multi_obstacle,85,2,1,500,0.003980468027293682
narrow_multi_obstacle,85,3,1,500,0.004009336000308394
narrow_multi_obstacle,85,4,2,500,0.005175186088308692
narrow_multi_obstacle,86,0,2,500,0.005122594069689512
narrow_multi_obstacle,86,1,1,500,0.004017469938844442
narrow_multi_obstacle,86,2,1,500,0.0040730859618633986
narrow_multi_obstacle,86,3,1,500,0.004102739971131086
narrow_multi_obstacle,86,4,1,500,0.004149125888943672
narrow_multi_obstacle,87,0,2,500,0.005213604075834155
narrow_multi_obstacle,87,1,1,500,0.004096043994650245
narrow_multi_obstacle,87,2,1,500,0.004067048197612166
narrow_multi_obstacle,87,3,2,500,0.005227080080658197
narrow_multi_obstacle,88,0,2,500,0.005205776076763868
narrow_multi_obstacle,88,1,2,500,0.005202343920245767
narrow_multi_obstacle,88,2,1,500,0.004130785819143057
narrow_multi_obstacle,88,3,1,500,0.0040974358562380075
narrow_multi_obstacle,89,0,2,500,0.005310027860105038
narrow_multi_obstacle,89,1,2,500,0.005205322057008743
narrow_multi_obstacle,89,2,1,500,0.004088880028575659
narrow_multi_obstacle,89,3,1,500,0.003955102059990168
narrow_multi_obstacle,90,0,2,500,0.005246555898338556
narrow_multi_obstacle,90,1,2,500,0.005250545917078853
narrow_multi_obstacle,90,2,2,500,0.005265502026304603
narrow_multi_obstacle,91,0,1,500,0.004059634171426296
narrow_multi_obstacle,91,1,1,500,0.004135375842452049
narrow_multi_obstacle,91,2,2,500,0.005247659981250763
narrow_multi_obstacle,91,3,1,500,0.0040397681295871735
narrow_multi_obstacle,91,4,1,500,0.004125367850065231
narrow_multi_obstacle,92,0,1,500,0.004084677901118994
narrow_multi_obstacle,92,1,1,500,0.004101447993889451
narrow_multi_obstacle,92,2,2,500,0.005199327832087874
narrow_multi_obstacle,92,3,2,500,0.0052382119465619326
narrow_multi_obstacle,93,0,1,500,0.004125076113268733
narrow_multi_obstacle,93,1,1,500,0.004101919941604137
narrow_multi_obstacle,93,2,1,500,0.004072889918461442
narrow_multi_obstacle,93,3,1,500,0.004063937813043594
narrow_multi_obstacle,93,4,2,500,0.005221046041697264
narrow_multi_obstacle,94,0,1,500,0.004173344001173973
narrow_multi_obstacle,94,1,1,500,0.004081053892150521
narrow_multi_obstacle,94,2,2,500,0.0052110240794718266
narrow_multi_obstacle,94,3,2,500,0.005281053949147463
narrow_multi_obstacle,95,0,1,500,0.004096690099686384
narrow_multi_obstacle,95,1,1,500,0.004205388016998768
narrow_multi_obstacle,95,2,2,500,0.0052252900786697865
narrow_multi_obstacle,95,3,2,500,0.005271924193948507
narrow_multi_obstacle,96,0,2,500,0.00526871788315475
narrow_multi_obstacle,96,1,1,500,0.0040738999377936125
narrow_multi_obstacle,96,2,1,500,0.004150596214458346
narrow_multi_obstacle,96,3,1,500,0.0039216578006744385
narrow_multi_obstacle,96,4,1,500,0.004082513973116875
narrow_multi_obstacle,97,0,1,500,0.003906736150383949
narrow_multi_obstacle,97,1,1,500,0.004053090000525117
narrow_multi_obstacle,97,2,2,500,0.005151374032720923
narrow_multi_obstacle,97,3,1,500,0.003943676128983498
narrow_multi_obstacle,97,4,1,500,0.003907351987436414
narrow_multi_obstacle,98,0,2,500,0.0051752119325101376
narrow_multi_obstacle,98,1,2,500,0.005156971979886293
narrow_multi_obstacle,98,2,1,500,0.0039976900443434715
narrow_multi_obstacle,98,3,1,500,0.004089413909241557
narrow_multi_obstacle,99,0,1,500,0.0039982181042432785
narrow_multi_obstacle,99,1,1,500,0.003948924131691456
narrow_multi_obstacle,99,2,2,500,0.005268611945211887
narrow_multi_obstacle,99,3,2,500,0.005232397932559252
narrow_multi_obstacle,100,0,1,500,0.004076633835211396
narrow_multi_obstacle,100,1,1,500,0.004159131785854697
narrow_multi_obstacle,100,2,2,500,0.005235780030488968
narrow_multi_obstacle,100,3,2,500,0.005202177911996841
narrow_multi_obstacle,101,0,2,500,0.005498997867107391
narrow_multi_obstacle,101,1,2,500,0.005471711978316307
narrow_multi_obstacle,101,2,2,500,0.005338546121492982
narrow_multi_obstacle,102,0,1,500,0.004342203959822655
narrow_multi_obstacle,102,1,1,500,0.004124252125620842
narrow_multi_obstacle,102,2,1,500,0.004187138052657247
narrow_multi_obstacle,102,3,1,500,0.004230214050039649
narrow_multi_obstacle,102,4,1,500,0.00434013782069087
narrow_multi_obstacle,102,5,1,500,0.0041848840191960335
narrow_multi_obstacle,103,0,1,500,0.004077926045283675
narrow_multi_obstacle,103,1,1,500,0.00414113188162446
narrow_multi_obstacle,103,2,2,500,0.0053867679089307785
narrow_multi_obstacle,103,3,2,500,0.005367178004235029
narrow_multi_obstacle,104,0,2,500,0.0052972640842199326
narrow_multi_obstacle,104,1,1,500,0.004146690014749765
narrow_multi_obstacle,104,2,1,500,0.004058876074850559
narrow_multi_obstacle,104,3,1,500,0.004083020146936178
narrow_multi_obstacle,104,4,1,500,0.004038534127175808
narrow_multi_obstacle,105,0,2,500,0.005359926028177142
narrow_multi_obstacle,105,1,2,500,0.005367078119888902
narrow_multi_obstacle,105,2,2,500,0.005283694015815854
narrow_multi_obstacle,106,0,2,500,0.0052106440998613834
narrow_multi_obstacle,106,1,1,500,0.004004379967227578
narrow_multi_obstacle,106,2,1,500,0.004001154098659754
narrow_multi_obstacle,106,3,2,500,0.005230318056419492
narrow_multi_obstacle,107,0,1,500,0.004055802011862397
narrow_multi_obstacle,107,1,1,500,0.004021442029625177
narrow_multi_obstacle,107,2,1,500,0.004085734020918608
narrow_multi_obstacle,107,3,1,500,0.004072695970535278
narrow_multi_obstacle,107,4,2,500,0.005180849926546216
narrow_multi_obstacle,108,0,2,500,0.005235417978838086
narrow_multi_obstacle,108,1,1,500,0.004129341803491116
narrow_multi_obstacle,108,2,1,500,0.003946683835238218
narrow_multi_obstacle,108,3,2,500,0.005186306079849601
narrow_multi_obstacle,109,0,2,500,0.0053197359666228294
narrow_multi_obstacle,109,1,2,500,0.005186931928619742
narrow_multi_obstacle,109,2,2,500,0.005248927976936102
narrow_multi_obstacle,110,0,2,500,0.00523359002545476
narrow_multi_obstacle,110,1,1,500,0.004006748087704182
narrow_multi_obstacle,110,2,1,500,0.004105294123291969
narrow_multi_obstacle,110,3,1,500,0.004116332158446312
narrow_multi_obstacle,110,4,1,500,0.004043386084958911
narrow_multi_obstacle,111,0,1,500,0.004060580162331462
narrow_multi_obstacle,111,1,1,500,0.004195460118353367
narrow_multi_obstacle,111,2,2,500,0.005264366045594215
narrow_multi_obstacle,111,3,1,500,0.0040967699605971575
narrow_multi_obstacle,111,4,1,500,0.0039905100129544735
narrow_multi_obstacle,112,0,2,500,0.005110969999805093
narrow_multi_obstacle,112,1,2,500,0.005194628145545721
narrow_multi_obstacle,112,2,2,500,0.00520820589736104
narrow_multi_obstacle,113,0,1,500,0.004168747924268246
narrow_multi_obstacle,113,1,1,500,0.004165282007306814
narrow_multi_obstacle,113,2,2,500,0.005424589850008488
narrow_multi_obstacle,113,3,1,500,0.004260777961462736
narrow_multi_obstacle,113,4,1,500,0.003990087890997529
narrow_multi_obstacle,114,0,1,500,0.004040983971208334
narrow_multi_obstacle,114,1,1,500,0.004050574032589793
narrow_multi_obstacle,114,2,2,500,0.0051923280116170645
narrow_multi_obstacle,114,3,2,500,0.005265376064926386
narrow_multi_obstacle,115,0,1,500,0.004130813991650939
narrow_multi_obstacle,115,1,1,500,0.0040215179324150085
narrow_multi_obstacle,115,2,1,500,0.004052419913932681
narrow_multi_obstacle,115,3,1,500,0.004024696070700884
narrow_multi_obstacle,115,4,1,500,0.00402402994222939
narrow_multi_obstacle,115,5,1,500,0.004046901827678084
narrow_multi_obstacle,116,0,2,500,0.0051888718735426664
narrow_multi_obstacle,116,1,1,500,0.004014474106952548
narrow_multi_obstacle,116,2,1,500,0.0040098740719258785
narrow_multi_obstacle,116,3,1,500,0.004051585914567113
narrow_multi_obstacle,116,4,1,500,0.003971666097640991
narrow_multi_obstacle,117,0,2,500,0.005158636020496488
narrow_multi_obstacle,117,1,1,500,0.0040911720134317875
narrow_multi_obstacle,117,2,1,500,0.004151734057813883
narrow_multi_obstacle,117,3,1,500,0.0040084440261125565
narrow_multi_obstacle,117,4,1,500,0.004209302132949233
narrow_multi_obstacle,118,0,2,500,0.005211756099015474
narrow_multi_obstacle,118,1,1,500,0.004313022131100297
narrow_multi_obstacle,118,2,1,500,0.0041579140815883875
narrow_multi_obstacle,118,3,1,500,0.003933897940441966
narrow_multi_obstacle,118,4,1,500,0.004059447906911373
narrow_multi_obstacle,119,0,1,500,0.004043224034830928
narrow_multi_obstacle,119,1,1,500,0.00395770207978785
narrow_multi_obstacle,119,2,1,500,0.003994958009570837
narrow_multi_obstacle,119,3,1,500,0.004004724090918899
narrow_multi_obstacle,119,4,1,500,0.003911308012902737
narrow_multi_obstacle,119,5,1,500,0.004084940068423748
narrow_multi_obstacle,120,0,2,500,0.005664190044626594
narrow_multi_obstacle,120,1,1,500,0.004037636099383235
narrow_multi_obstacle,120,2,1,500,0.004026241833344102
narrow_multi_obstacle,120,3,2,500,0.005198517814278603
narrow_multi_obstacle,121,0,1,500,0.0040306339506059885
narrow_multi_obstacle,121,1,1,500,0.003980856155976653
narrow_multi_obstacle,121,2,1,500,0.0039967738557606936
narrow_multi_obstacle,121,3,1,500,0.004017488099634647
narrow_multi_obstacle,121,4,2,500,0.005181633867323399
narrow_multi_obstacle,122,0,2,500,0.005143617978319526
narrow_multi_obstacle,122,1,2,500,0.0052103339694440365
narrow_multi_obstacle,122,2,1,500,0.0040212220046669245
narrow_multi_obstacle,122,3,1,500,0.003945691976696253
narrow_multi_obstacle,123,0,2,500,0.005221283994615078
narrow_multi_obstacle,123,1,2,500,0.005245442036539316
narrow_multi_obstacle,123,2,1,500,0.004012360004708171
narrow_multi_obstacle,123,3,1,500,0.004040366038680077
narrow_multi_obstacle,124,0,2,500,0.005182600114494562
narrow_multi_obstacle,124,1,2,500,0.005283969920128584
narrow_multi_obstacle,124,2,2,500,0.005222114035859704
narrow_multi_obstacle,125,0,2,500,0.005299269920215011
narrow_multi_obstacle,125,1,2,500,0.00522444793023169
narrow_multi_obstacle,125,2,1,500,0.004136974224820733
narrow_multi_obstacle,125,3,1,500,0.003964974079281092
narrow_multi_obstacle,126,0,2,500,0.00526363798417151
narrow_multi_obstacle,126,1,1,500,0.0040053618140518665
narrow_multi_obstacle,126,2,1,500,0.004047187976539135
narrow_multi_obstacle,126,3,1,500,0.00408724183216691
narrow_multi_obstacle,126,4,1,500,0.0041444499511271715
narrow_multi_obstacle,127,0,2,500,0.005282529862597585
narrow_multi_obstacle,127,1,1,500,0.004094260046258569
narrow_multi_obstacle,127,2,1,500,0.004056371981278062
narrow_multi_obstacle,127,3,2,500,0.005302947945892811
narrow_multi_obstacle,128,0,1,500,0.004155003931373358
narrow_multi_obstacle,128,1,1,500,0.0041463959496468306
narrow_multi_obstacle,128,2,2,500,0.005261701997369528
narrow_multi_obstacle,128,3,1,500,0.004005261929705739
narrow_multi_obstacle,128,4,1,500,0.004054958000779152
narrow_multi_obstacle,129,0,1,500,0.0040313799399882555
narrow_multi_obstacle,129,1,1,500,0.004024813883006573
narrow_multi_obstacle,129,2,1,500,0.004059268161654472
narrow_multi_obstacle,129,3,1,500,0.004089492140337825
narrow_multi_obstacle,129,4,2,500,0.005326567916199565
narrow_multi_obstacle,130,0,2,500,0.005367619916796684
narrow_multi_obstacle,130,1,2,500,0.005214835982769728
narrow_multi_obstacle,130,2,1,500,0.0041176320519298315
narrow_multi_obstacle,130,3,1,500,0.004102599807083607
narrow_multi_obstacle,131,0,1,500,0.00414367183111608
narrow_multi_obstacle,131,1,1,500,0.004092813935130835
narrow_multi_obstacle,131,2,2,500,0.005261291982606053
narrow_multi_obstacle,131,3,1,500,0.0039036241360008717
narrow_multi_obstacle,131,4,1,500,0.004071017960086465
narrow_multi_obstacle,132,0,2,500,0.00515897199511528
narrow_multi_obstacle,132,1,2,500,0.005197226069867611
narrow_multi_obstacle,132,2,1,500,0.004022412002086639
narrow_multi_obstacle,132,3,1,500,0.003952995873987675
narrow_multi_obstacle,133,0,2,500,0.005199915962293744
narrow_multi_obstacle,133,1,2,500,0.0052698401268571615
narrow_multi_obstacle,133,2,1,500,0.003942748066037893
narrow_multi_obstacle,133,3,1,500,0.0040059881284832954
narrow_multi_obstacle,134,0,2,500,0.00521365599706769
narrow_multi_obstacle,134,1,2,500,0.005302376113831997
narrow_multi_obstacle,134,2,2,500,0.005293572088703513
narrow_multi_obstacle,135,0,2,500,0.005297051975503564
narrow_multi_obstacle,135,1,1,500,0.004126552026718855
narrow_multi_obstacle,135,2,1,500,0.004062657942995429
narrow_multi_obstacle,135,3,1,500,0.0041242060251533985
narrow_multi_obstacle,135,4,1,500,0.004099366022273898
narrow_multi_obstacle,136,0,2,500,0.0052419500425457954
narrow_multi_obstacle,136,1,1,500,0.004149315878748894
narrow_multi_obstacle,136,2,1,500,0.004145012004300952
narrow_multi_obstacle,136,3,2,500,0.005335764028131962
narrow_multi_obstacle,137,0,1,500,0.004169377963989973
narrow_multi_obstacle,137,1,1,500,0.004072634037584066
narrow_multi_obstacle,137,2,2,500,0.005274200113490224
narrow_multi_obstacle,137,3,1,500,0.004073030082508922
narrow_multi_obstacle,137,4,1,500,0.004076453857123852
narrow_multi_obstacle,138,0,2,500,0.0052682580426335335
narrow_multi_obstacle,138,1,2,500,0.005255437921732664
narrow_multi_obstacle,138,2,2,500,0.005330407992005348
narrow_multi_obstacle,139,0,1,500,0.004113110015168786
narrow_multi_obstacle,139,1,1,500,0.003934834152460098
narrow_multi_obstacle,139,2,2,500,0.005278541939333081
narrow_multi_obstacle,139,3,2,500,0.005212435964494944
narrow_multi_obstacle,140,0,1,500,0.003986113937571645
narrow_multi_obstacle,140,1,1,500,0.0040487018413841724
narrow_multi_obstacle,140,2,2,500,0.005188286071643233
narrow_multi_obstacle,140,3,1,500,0.004006377886980772
narrow_multi_obstacle,140,4,1,500,0.0039915419183671474
narrow_multi_obstacle,141,0,2,500,0.005223583895713091
narrow_multi_obstacle,141,1,2,500,0.0051525800954550505
narrow_multi_obstacle,141,2,1,500,0.003992442041635513
narrow_multi_obstacle,141,3,1,500,0.004027423914521933
narrow_multi_obstacle,142,0,1,500,0.004068257985636592
narrow_multi_obstacle,142,1,1,500,0.00404351600445807
narrow_multi_obstacle,142,2,2,500,0.005209699971601367
narrow_multi_obstacle,142,3,2,500,0.005110443802550435
narrow_multi_obstacle,143,0,1,500,0.00391221814788878
narrow_multi_obstacle,143,1,1,500,0.004001162014901638
narrow_multi_obstacle,143,2,2,500,0.00531298597343266
narrow_multi_obstacle,143,3,2,500,0.005104202078655362
narrow_multi_obstacle,144,0,2,500,0.005138284061104059
narrow_multi_obstacle,144,1,1,500,0.004005452152341604
narrow_multi_obstacle,144,2,1,500,0.00410482008010149
narrow_multi_obstacle,144,3,1,500,0.004019747953861952
narrow_multi_obstacle,144,4,1,500,0.003942342009395361
narrow_multi_obstacle,145,0,1,500,0.003986900206655264
narrow_multi_obstacle,145,1,1,500,0.004129389999434352
narrow_multi_obstacle,145,2,1,500,0.004016489954665303
narrow_multi_obstacle,145,3,1,500,0.0040120279882103205
narrow_multi_obstacle,145,4,2,500,0.005220651859417558
narrow_multi_obstacle,146,0,2,500,0.005260088015347719
narrow_multi_obstacle,146,1,2,500,0.0052871000953018665
narrow_multi_obstacle,146,2,1,500,0.004127554129809141
narrow_multi_obstacle,146,3,1,500,0.004049316048622131
narrow_multi_obstacle,147,0,2,500,0.005222453968599439
narrow_multi_obstacle,147,1,1,500,0.004062923835590482
narrow_multi_obstacle,147,2,1,500,0.004003485897555947
narrow_multi_obstacle,147,3,1,500,0.004023520043119788
narrow_multi_obstacle,147,4,1,500,0.00411969400011003
narrow_multi_obstacle,148,0,2,500,0.00532497582025826
narrow_multi_obstacle,148,1,2,500,0.005262380000203848
narrow_multi_obstacle,148,2,1,500,0.0040333878714591265
narrow_multi_obstacle,148,3,1,500,0.004047936061397195
narrow_multi_obstacle,149,0,1,500,0.00401137606240809
narrow_multi_obstacle,149,1,1,500,0.003956479951739311
narrow_multi_obstacle,149,2,1,500,0.003949607955291867
narrow_multi_obstacle,149,3,1,500,0.004009914118796587
narrow_multi_obstacle,149,4,1,500,0.004025747999548912
narrow_multi_obstacle,149,5,1,500,0.003951022168621421
narrow_multi_obstacle,150,0,2,500,0.005154099781066179
narrow_multi_obstacle,150,1,2,500,0.0051572059746831656
narrow_multi_obstacle,150,2,1,500,0.003927876008674502
narrow_multi_obstacle,150,3,1,500,0.00406303396448493
narrow_multi_obstacle,151,0,2,500,0.005181784043088555
narrow_multi_obstacle,151,1,2,500,0.005191556178033352
narrow_multi_obstacle,151,2,2,500,0.005249697947874665
narrow_multi_obstacle,152,0,1,500,0.003952415892854333
narrow_multi_obstacle,152,1,1,500,0.0039649540558457375
narrow_multi_obstacle,152,2,2,500,0.005205882014706731
narrow_multi_obstacle,152,3,2,500,0.005158614134415984
narrow_multi_obstacle,153,0,2,500,0.00518202199600637
narrow_multi_obstacle,153,1,1,500,0.003998483996838331
narrow_multi_obstacle,153,2,1,500,0.004115409916266799
narrow_multi_obstacle,153,3,2,500,0.005264708073809743
narrow_multi_obstacle,154,0,1,500,0.004116181982681155
narrow_multi_obstacle,154,1,1,500,0.004055795958265662
narrow_multi_obstacle,154,2,1,500,0.003952587954699993
narrow_multi_obstacle,154,3,1,500,0.0040236779022961855
narrow_multi_obstacle,154,4,1,500,0.004094027914106846
narrow_multi_obstacle,154,5,1,500,0.004020688124001026
narrow_multi_obstacle,155,0,1,500,0.004055130062624812
narrow_multi_obstacle,155,1,1,500,0.004045638022944331
narrow_multi_obstacle,155,2,2,500,0.005330462008714676
narrow_multi_obstacle,155,3,2,500,0.005233200034126639
narrow_multi_obstacle,156,0,1,500,0.004059599945321679
narrow_multi_obstacle,156,1,1,500,0.004036861937493086
narrow_multi_obstacle,156,2,2,500,0.005303221987560391
narrow_multi_obstacle,156,3,2,500,0.005330616142600775
narrow_multi_obstacle,157,0,1,500,0.004043033812195063
narrow_multi_obstacle,157,1,1,500,0.004121995996683836
narrow_multi_obstacle,157,2,1,500,0.0042205138597637415
narrow_multi_obstacle,157,3,1,500,0.004208872094750404
narrow_multi_obstacle,157,4,2,500,0.00516322604380548
narrow_multi_obstacle,158,0,1,500,0.004008219810202718
narrow_multi_obstacle,158,1,1,500,0.003949692007154226
narrow_multi_obstacle,158,2,1,500,0.003969813929870725
narrow_multi_obstacle,158,3,1,500,0.004000731976702809
narrow_multi_obstacle,158,4,2,500,0.005161260021850467
narrow_multi_obstacle,159,0,2,500,0.005160324042662978
narrow_multi_obstacle,159,1,2,500,0.005269064102321863
narrow_multi_obstacle,159,2,1,500,0.004028553841635585
narrow_multi_obstacle,159,3,1,500,0.004007752053439617
narrow_multi_obstacle,160,0,2,500,0.005124667892232537
narrow_multi_obstacle,160,1,1,500,0.003987845964729786
narrow_multi_obstacle,160,2,1,500,0.004001017892733216
narrow_multi_obstacle,160,3,2,500,0.005247438093647361
narrow_multi_obstacle,161,0,1,500,0.0039728861302137375
narrow_multi_obstacle,161,1,1,500,0.0039515800308436155
narrow_multi_obstacle,161,2,2,500,0.005139611894264817
narrow_multi_obstacle,161,3,1,500,0.004021947970613837
narrow_multi_obstacle,161,4,1,500,0.004047016147524118
narrow_multi_obstacle,162,0,1,500,0.003982421942055225
narrow_multi_obstacle,162,1,1,500,0.004041554173454642
narrow_multi_obstacle,162,2,2,500,0.005251799942925572
narrow_multi_obstacle,162,3,1,500,0.00412231613881886
narrow_multi_obstacle,162,4,1,500,0.003984494134783745
narrow_multi_obstacle,163,0,1,500,0.0041389858815819025
narrow_multi_obstacle,163,1,1,500,0.004048811970278621
narrow_multi_obstacle,163,2,1,500,0.004000004148110747
narrow_multi_obstacle,163,3,1,500,0.004121787846088409
narrow_multi_obstacle,163,4,2,500,0.005169176030904055
narrow_multi_obstacle,164,0,2,500,0.005140645895153284
narrow_multi_obstacle,164,1,1,500,0.003922522068023682
narrow_multi_obstacle,164,2,1,500,0.003934141946956515
narrow_multi_obstacle,164,3,1,500,0.0040511940605938435
narrow_multi_obstacle,164,4,1,500,0.00405902205966413
narrow_multi_obstacle,165,0,1,500,0.003959336085245013
narrow_multi_obstacle,165,1,1,500,0.003950424026697874
narrow_multi_obstacle,165,2,2,500,0.005155688151717186
narrow_multi_obstacle,165,3,1,500,0.004027603892609477
narrow_multi_obstacle,165,4,1,500,0.003953719977289438
narrow_multi_obstacle,166,0,2,500,0.005188013892620802
narrow_multi_obstacle,166,1,2,500,0.0051589240320026875
narrow_multi_obstacle,166,2,2,500,0.005146987969055772
narrow_multi_obstacle,167,0,2,500,0.005197542021051049
narrow_multi_obstacle,167,1,2,500,0.005115503910928965
narrow_multi_obstacle,167,2,1,500,0.003980268025770783
narrow_multi_obstacle,167,3,1,500,0.003988587995991111
narrow_multi_obstacle,168,0,1,500,0.003922696225345135
narrow_multi_obstacle,168,1,1,500,0.003949963953346014
narrow_multi_obstacle,168,2,2,500,0.005216202000156045
narrow_multi_obstacle,168,3,2,500,0.005159691907465458
narrow_multi_obstacle,169,0,1,500,0.00408755405806005
narrow_multi_obstacle,169,1,1,500,0.003983360016718507
narrow_multi_obstacle,169,2,2,500,0.00519765610806644
narrow_multi_obstacle,169,3,2,500,0.005253253970295191
narrow_multi_obstacle,170,0,2,500,0.005351096158847213
narrow_multi_obstacle,170,1,2,500,0.00532888388261199
narrow_multi_obstacle,170,2,2,500,0.005313473986461759
narrow_multi_obstacle,171,0,1,500,0.004103634040802717
narrow_multi_obstacle,171,1,1,500,0.004071912029758096
narrow_multi_obstacle,171,2,2,500,0.005351304076611996
narrow_multi_obstacle,171,3,2,500,0.005332590080797672
narrow_multi_obstacle,172,0,2,500,0.005243747960776091
narrow_multi_obstacle,172,1,2,500,0.005261874059215188
narrow_multi_obstacle,172,2,2,500,0.00519157387316227
narrow_multi_obstacle,173,0,2,500,0.005269187968224287
narrow_multi_obstacle,173,1,1,500,0.004092206014320254
narrow_multi_obstacle,173,2,1,500,0.0040269719902426004
narrow_multi_obstacle,173,3,1,500,0.004046245943754911
narrow_multi_obstacle,173,4,1,500,0.004020102089270949
narrow_multi_obstacle,174,0,1,500,0.004060851875692606
narrow_multi_obstacle,174,1,1,500,0.004039235878735781
narrow_multi_obstacle,174,2,2,500,0.005198522005230188
narrow_multi_obstacle,174,3,1,500,0.004071871982887387
narrow_multi_obstacle,174,4,1,500,0.004118794109672308
narrow_multi_obstacle,175,0,2,500,0.00537126581184566
narrow_multi_obstacle,175,1,1,500,0.004298015963286161
narrow_multi_obstacle,175,2,1,500,0.004052866017445922
narrow_multi_obstacle,175,3,2,500,0.005142820067703724
narrow_multi_obstacle,176,0,2,500,0.005197443999350071
narrow_multi_obstacle,176,1,1,500,0.004032566212117672
narrow_multi_obstacle,176,2,1,500,0.004047288093715906
narrow_multi_obstacle,176,3,2,500,0.005195900099352002
narrow_multi_obstacle,177,0,1,500,0.004128150176256895
narrow_multi_obstacle,177,1,1,500,0.004030751995742321
narrow_multi_obstacle,177,2,2,500,0.005220612045377493
narrow_multi_obstacle,177,3,2,500,0.005201512016355991
narrow_multi_obstacle,178,0,2,500,0.005174604011699557
narrow_multi_obstacle,178,1,1,500,0.003985757939517498
narrow_multi_obstacle,178,2,1,500,0.004024595953524113
narrow_multi_obstacle,178,3,1,500,0.0040020861197263
narrow_multi_obstacle,178,4,1,500,0.004025277914479375
narrow_multi_obstacle,179,0,2,500,0.005247191991657019
narrow_multi_obstacle,179,1,2,500,0.005166680086404085
narrow_multi_obstacle,179,2,2,500,0.005146209849044681
narrow_multi_obstacle,180,0,1,500,0.0040312260389328
narrow_multi_obstacle,180,1,1,500,0.004038358107209206
narrow_multi_obstacle,180,2,1,500,0.003945646109059453
narrow_multi_obstacle,180,3,1,500,0.004039613995701075
narrow_multi_obstacle,180,4,1,500,0.003970162011682987
narrow_multi_obstacle,180,5,1,500,0.003909541992470622
narrow_multi_obstacle,181,0,1,500,0.0039041379932314157
narrow_multi_obstacle,181,1,1,500,0.003946161828935146
narrow_multi_obstacle,181,2,2,500,0.005256253993138671
narrow_multi_obstacle,181,3,2,500,0.005353542044758797
narrow_multi_obstacle,182,0,2,500,0.005517251789569855
narrow_multi_obstacle,182,1,2,500,0.005259905941784382
narrow_multi_obstacle,182,2,1,500,0.004080195911228657
narrow_multi_obstacle,182,3,1,500,0.004103465937077999
narrow_multi_obstacle,183,0,1,500,0.004046303918585181
narrow_multi_obstacle,183,1,1,500,0.004164285957813263
narrow_multi_obstacle,183,2,1,500,0.004044820088893175
narrow_multi_obstacle,183,3,1,500,0.004096766002476215
narrow_multi_obstacle,183,4,2,500,0.005237153964117169
narrow_multi_obstacle,184,0,1,500,0.004136986099183559
narrow_multi_obstacle,184,1,1,500,0.0040213679894804955
narrow_multi_obstacle,184,2,2,500,0.005190639989450574
narrow_multi_obstacle,184,3,2,500,0.005248668137937784
narrow_multi_obstacle,185,0,1,500,0.004089930094778538
narrow_multi_obstacle,185,1,1,500,0.004136900184676051
narrow_multi_obstacle,185,2,1,500,0.004104585852473974
narrow_multi_obstacle,185,3,1,500,0.004088832065463066
narrow_multi_obstacle,185,4,1,500,0.0040375241078436375
narrow_multi_obstacle,185,5,1,500,0.004056174075230956
narrow_multi_obstacle,186,0,1,500,0.004002179950475693
narrow_multi_obstacle,186,1,1,500,0.004081707913428545
narrow_multi_obstacle,186,2,2,500,0.0051980160642415285
narrow_multi_obstacle,186,3,2,500,0.005150595912709832
narrow_multi_obstacle,187,0,2,500,0.005209536058828235
narrow_multi_obstacle,187,1,2,500,0.005115850130096078
narrow_multi_obstacle,187,2,2,500,0.005221495870500803
narrow_multi_obstacle,188,0,2,500,0.005171070108190179
narrow_multi_obstacle,188,1,1,500,0.004032802069559693
narrow_multi_obstacle,188,2,1,500,0.004023017827421427
narrow_multi_obstacle,188,3,1,500,0.004018889972940087
narrow_multi_obstacle,188,4,1,500,0.0039704120717942715
narrow_multi_obstacle,189,0,1,500,0.004047119989991188
narrow_multi_obstacle,189,1,1,500,0.003952055936679244
narrow_multi_obstacle,189,2,2,500,0.005212576128542423
narrow_multi_obstacle,189,3,2,500,0.005199466133490205
narrow_multi_obstacle,190,0,2,500,0.005196535959839821
narrow_multi_obstacle,190,1,1,500,0.0039926799945533276
narrow_multi_obstacle,190,2,1,500,0.0038852281868457794
narrow_multi_obstacle,190,3,2,500,0.005115156061947346
narrow_multi_obstacle,191,0,2,500,0.005177575862035155
narrow_multi_obstacle,191,1,1,500,0.004095319891348481
narrow_multi_obstacle,191,2,1,500,0.00419334601610899
narrow_multi_obstacle,191,3,1,500,0.004085952183231711
narrow_multi_obstacle,191,4,1,500,0.004108848050236702
narrow_multi_obstacle,192,0,1,500,0.004038888029754162
narrow_multi_obstacle,192,1,1,500,0.004007366020232439
narrow_multi_obstacle,192,2,2,500,0.005184546113014221
narrow_multi_obstacle,192,3,2,500,0.005290416069328785
narrow_multi_obstacle,193,0,2,500,0.005244434112682939
narrow_multi_obstacle,193,1,2,500,0.0053143680561333895
narrow_multi_obstacle,193,2,2,500,0.0055134540889412165
narrow_multi_obstacle,194,0,2,500,0.005190812051296234
narrow_multi_obstacle,194,1,1,500,0.003914935979992151
narrow_multi_obstacle,194,2,1,500,0.003911480074748397
narrow_multi_obstacle,194,3,1,500,0.00410447409376502
narrow_multi_obstacle,194,4,1,500,0.004032291937619448
narrow_multi_obstacle,195,0,1,500,0.0040771078784018755
narrow_multi_obstacle,195,1,1,500,0.0039860960096120834
narrow_multi_obstacle,195,2,2,500,0.005188888171687722
narrow_multi_obstacle,195,3,2,500,0.005203765816986561
narrow_multi_obstacle,196,0,2,500,0.005173129960894585
narrow_multi_obstacle,196,1,2,500,0.005121123977005482
narrow_multi_obstacle,196,2,2,500,0.005168345989659429
narrow_multi_obstacle,197,0,2,500,0.005191005999222398
narrow_multi_obstacle,197,1,2,500,0.005171016091480851
narrow_multi_obstacle,197,2,2,500,0.005196786019951105
narrow_multi_obstacle,198,0,2,500,0.005162831861525774
narrow_multi_obstacle,198,1,2,500,0.005190198076888919
narrow_multi_obstacle,198,2,2,500,0.005233536008745432
narrow_multi_obstacle,199,0,1,500,0.004048873903229833
narrow_multi_obstacle,199,1,1,500,0.004050074145197868
narrow_multi_obstacle,199,2,1,500,0.004190085921436548
narrow_multi_obstacle,199,3,1,500,0.004151444183662534
narrow_multi_obstacle,199,4,1,500,0.004291628021746874
narrow_multi_obstacle,199,5,1,500,0.004222855903208256
narrow_multi_obstacle,200,0,2,500,0.005462233908474445
narrow_multi_obstacle,200,1,1,500,0.00431438977830112
narrow_multi_obstacle,200,2,1,500,0.004267473937943578
narrow_multi_obstacle,200,3,1,500,0.004262126050889492
narrow_multi_obstacle,200,4,1,500,0.00423597008921206
narrow_multi_obstacle,201,0,1,500,0.004278833977878094
narrow_multi_obstacle,201,1,1,500,0.004215849796310067
narrow_multi_obstacle,201,2,2,500,0.005275514209643006
narrow_multi_obstacle,201,3,1,500,0.00425470806658268
narrow_multi_obstacle,201,4,1,500,0.00411963602527976
narrow_multi_obstacle,202,0,2,500,0.005319160176441073
narrow_multi_obstacle,202,1,2,500,0.005392072023823857
narrow_multi_obstacle,202,2,1,500,0.004019798012450337
narrow_multi_obstacle,202,3,1,500,0.004153738031163812
narrow_multi_obstacle,203,0,1,500,0.004068651935085654
narrow_multi_obstacle,203,1,1,500,0.004049876006320119
narrow_multi_obstacle,203,2,1,500,0.004060100065544248
narrow_multi_obstacle,203,3,1,500,0.004238833906129003
narrow_multi_obstacle,203,4,2,500,0.005259910132735968
narrow_multi_obstacle,204,0,2,500,0.005239214049652219
narrow_multi_obstacle,204,1,1,500,0.00416497397236526
narrow_multi_obstacle,204,2,1,500,0.004072587937116623
narrow_multi_obstacle,204,3,1,500,0.004105996107682586
narrow_multi_obstacle,204,4,1,500,0.004203223856166005
narrow_multi_obstacle,205,0,1,500,0.004137595882639289
narrow_multi_obstacle,205,1,1,500,0.004204761935397983
narrow_multi_obstacle,205,2,1,500,0.004035194171592593
narrow_multi_obstacle,205,3,1,500,0.004234913969412446
narrow_multi_obstacle,205,4,2,500,0.005210669944062829
narrow_multi_obstacle,206,0,2,500,0.005248970119282603
narrow_multi_obstacle,206,1,1,500,0.003985186107456684
narrow_multi_obstacle,206,2,1,500,0.004055985948070884
narrow_multi_obstacle,206,3,2,500,0.005184197798371315
narrow_multi_obstacle,207,0,1,500,0.003997218096628785
narrow_multi_obstacle,207,1,1,500,0.003954824060201645
narrow_multi_obstacle,207,2,2,500,0.005178756080567837
narrow_multi_obstacle,207,3,1,500,0.004029739880934358
narrow_multi_obstacle,207,4,1,500,0.004048572154715657
narrow_multi_obstacle,208,0,1,500,0.004016567952930927
narrow_multi_obstacle,208,1,1,500,0.0040138899348676205
narrow_multi_obstacle,208,2,1,500,0.004018356092274189
narrow_multi_obstacle,208,3,1,500,0.003994056023657322
narrow_multi_obstacle,208,4,2,500,0.005146761890500784
narrow_multi_obstacle,209,0,1,500,0.003948680125176907
narrow_multi_obstacle,209,1,1,500,0.0039411080069839954
narrow_multi_obstacle,209,2,2,500,0.0051435199566185474
narrow_multi_obstacle,209,3,2,500,0.005085131851956248
narrow_multi_obstacle,210,0,2,500,0.005179960047826171
narrow_multi_obstacle,210,1,2,500,0.005164750153198838
narrow_multi_obstacle,210,2,2,500,0.0051592879462987185
narrow_multi_obstacle,211,0,2,500,0.005164183909073472
narrow_multi_obstacle,211,1,2,500,0.005135773913934827
narrow_multi_obstacle,211,2,2,500,0.005168837960809469
narrow_multi_obstacle,212,0,1,500,0.004022957989946008
narrow_multi_obstacle,212,1,1,500,0.004089338006451726
narrow_multi_obstacle,212,2,2,500,0.005178886000066996
narrow_multi_obstacle,212,3,1,500,0.004001271910965443
narrow_multi_obstacle,212,4,1,500,0.003975125961005688
narrow_multi_obstacle,213,0,1,500,0.004198478069156408
narrow_multi_obstacle,213,1,1,500,0.0041070422157645226
narrow_multi_obstacle,213,2,2,500,0.005199542036280036
narrow_multi_obstacle,213,3,2,500,0.00526214181445539
narrow_multi_obstacle,214,0,2,500,0.0052740920800715685
narrow_multi_obstacle,214,1,1,500,0.004038532031700015
narrow_multi_obstacle,214,2,1,500,0.004051336087286472
narrow_multi_obstacle,214,3,2,500,0.005165443988516927
narrow_multi_obstacle,215,0,1,500,0.0040688239969313145
narrow_multi_obstacle,215,1,1,500,0.004139073891565204
narrow_multi_obstacle,215,2,1,500,0.0041519280057400465
narrow_multi_obstacle,215,3,1,500,0.004142219899222255
narrow_multi_obstacle,215,4,2,500,0.005355016095563769
narrow_multi_obstacle,216,0,1,500,0.004248723853379488
narrow_multi_obstacle,216,1,1,500,0.0042045461013913155
narrow_multi_obstacle,216,2,2,500,0.005255904048681259
narrow_multi_obstacle,216,3,1,500,0.004015947924926877
narrow_multi_obstacle,216,4,1,500,0.004086540080606937
narrow_multi_obstacle,217,0,2,500,0.0051846441347151995
narrow_multi_obstacle,217,1,2,500,0.0052312558982521296
narrow_multi_obstacle,217,2,1,500,0.003984649898484349
narrow_multi_obstacle,217,3,1,500,0.004235731903463602
narrow_multi_obstacle,218,0,1,500,0.004174520028755069
narrow_multi_obstacle,218,1,1,500,0.003985035931691527
narrow_multi_obstacle,218,2,2,500,0.00534205581061542
narrow_multi_obstacle,218,3,2,500,0.005270273890346289
narrow_multi_obstacle,219,0,1,500,0.00419452809728682
narrow_multi_obstacle,219,1,1,500,0.004069305956363678
narrow_multi_obstacle,219,2,1,500,0.004229936050251126
narrow_multi_obstacle,219,3,1,500,0.004423873964697123
narrow_multi_obstacle,219,4,1,500,0.004102251958101988
narrow_multi_obstacle,219,5,1,500,0.0040112880524247885
narrow_multi_obstacle,220,0,2,500,0.0051693120039999485
narrow_multi_obstacle,220,1,2,500,0.005200593965128064
narrow_multi_obstacle,220,2,2,500,0.005257676122710109
narrow_multi_obstacle,221,0,1,500,0.004113868111744523
narrow_multi_obstacle,221,1,1,500,0.0042009379249066114
narrow_multi_obstacle,221,2,1,500,0.004065186018124223
narrow_multi_obstacle,221,3,1,500,0.004074419848620892
narrow_multi_obstacle,221,4,2,500,0.005258955992758274
narrow_multi_obstacle,222,0,2,500,0.00520298583433032
narrow_multi_obstacle,222,1,1,500,0.004083238076418638
narrow_multi_obstacle,222,2,1,500,0.004160339944064617
narrow_multi_obstacle,222,3,2,500,0.005344548029825091
narrow_multi_obstacle,223,0,2,500,0.005257972050458193
narrow_multi_obstacle,223,1,2,500,0.005278490018099546
narrow_multi_obstacle,223,2,2,500,0.005340376170352101
narrow_multi_obstacle,224,0,1,500,0.00428413413465023
narrow_multi_obstacle,224,1,1,500,0.00425129197537899
narrow_multi_obstacle,224,2,1,500,0.00415621604770422
narrow_multi_obstacle,224,3,1,500,0.004120370140299201
narrow_multi_obstacle,224,4,1,500,0.003905261866748333
narrow_multi_obstacle,224,5,1,500,0.0039444658905267715
narrow_multi_obstacle,225,0,1,500,0.004093801835551858
narrow_multi_obstacle,225,1,1,500,0.004039876163005829
narrow_multi_obstacle,225,2,2,500,0.005190183874219656
narrow_multi_obstacle,225,3,2,500,0.005169085925444961
narrow_multi_obstacle,226,0,1,500,0.0040546979289501905
narrow_multi_obstacle,226,1,1,500,0.004108799854293466
narrow_multi_obstacle,226,2,2,500,0.0052401539869606495
narrow_multi_obstacle,226,3,1,500,0.004055790137499571
narrow_multi_obstacle,226,4,1,500,0.004137251991778612
narrow_multi_obstacle,227,0,1,500,0.004033976001664996
narrow_multi_obstacle,227,1,1,500,0.0040525340009480715
narrow_multi_obstacle,227,2,2,500,0.005185442045331001
narrow_multi_obstacle,227,3,2,500,0.00511707179248333
narrow_multi_obstacle,228,0,1,500,0.004088450223207474
narrow_multi_obstacle,228,1,1,500,0.0038836118765175343
narrow_multi_obstacle,228,2,2,500,0.005100282141938806
narrow_multi_obstacle,228,3,2,500,0.00519191799685359
narrow_multi_obstacle,229,0,1,500,0.00398642010986805
narrow_multi_obstacle,229,1,1,500,0.003972898004576564
narrow_multi_obstacle,229,2,2,500,0.005170244025066495
narrow_multi_obstacle,229,3,1,500,0.003948339959606528
narrow_multi_obstacle,229,4,1,500,0.003989809891209006
narrow_multi_obstacle,230,0,2,500,0.0050821800250560045
narrow_multi_obstacle,230,1,2,500,0.005171411903575063
narrow_multi_obstacle,230,2,1,500,0.004009864060208201
narrow_multi_obstacle,230,3,1,500,0.004099456127732992
narrow_multi_obstacle,231,0,2,500,0.0052681779488921165
narrow_multi_obstacle,231,1,1,500,0.0039833898190408945
narrow_multi_obstacle,231,2,1,500,0.0040452741086483
narrow_multi_obstacle,231,3,2,500,0.005174597958102822
narrow_multi_obstacle,232,0,2,500,0.0052512779366225
narrow_multi_obstacle,232,1,1,500,0.004088197834789753
narrow_multi_obstacle,232,2,1,500,0.004049591952934861
narrow_multi_obstacle,232,3,2,500,0.005198698025196791
narrow_multi_obstacle,233,0,2,500,0.005317018134519458
narrow_multi_obstacle,233,1,2,500,0.0052130878902971745
narrow_multi_obstacle,233,2,2,500,0.005215881858021021
narrow_multi_obstacle,234,0,1,500,0.004038709914311767
narrow_multi_obstacle,234,1,1,500,0.004066718043759465
narrow_multi_obstacle,234,2,1,500,0.004102278035134077
narrow_multi_obstacle,234,3,1,500,0.004060495877638459
narrow_multi_obstacle,234,4,1,500,0.003948581870645285
narrow_multi_obstacle,234,5,1,500,0.004062213934957981
narrow_multi_obstacle,235,0,1,500,0.004095940152183175
narrow_multi_obstacle,235,1,1,500,0.004049442010000348
narrow_multi_obstacle,235,2,1,500,0.003902672091498971
narrow_multi_obstacle,235,3,1,500,0.003918488044291735
narrow_multi_obstacle,235,4,1,500,0.0038816339801996946
narrow_multi_obstacle,235,5,1,500,0.003972464008256793
narrow_multi_obstacle,236,0,2,500,0.005187245784327388
narrow_multi_obstacle,236,1,2,500,0.005125276045873761
narrow_multi_obstacle,236,2,1,500,0.003867903957143426
narrow_multi_obstacle,236,3,1,500,0.003895973786711693
narrow_multi_obstacle,237,0,1,500,0.003943332005292177
narrow_multi_obstacle,237,1,1,500,0.004020645981654525
narrow_multi_obstacle,237,2,1,500,0.0039704060181975365
narrow_multi_obstacle,237,3,1,500,0.004160016076639295
narrow_multi_obstacle,237,4,1,500,0.003916195826604962
narrow_multi_obstacle,237,5,1,500,0.004033295903354883
narrow_multi_obstacle,238,0,2,500,0.005194394150748849
narrow_multi_obstacle,238,1,1,500,0.0040012020617723465
narrow_multi_obstacle,238,2,1,500,0.003944446099922061
narrow_multi_obstacle,238,3,1,500,0.003996080020442605
narrow_multi_obstacle,238,4,1,500,0.004112598020583391
narrow_multi_obstacle,239,0,1,500,0.003919035894796252
narrow_multi_obstacle,239,1,1,500,0.004009731812402606
narrow_multi_obstacle,239,2,2,500,0.0055882378946989775
narrow_multi_obstacle,239,3,2,500,0.005199610022827983
narrow_multi_obstacle,240,0,2,500,0.005268004024401307
narrow_multi_obstacle,240,1,2,500,0.005213824100792408
narrow_multi_obstacle,240,2,2,500,0.005199164152145386
narrow_multi_obstacle,241,0,2,500,0.005233061965554953
narrow_multi_obstacle,241,1,2,500,0.0052597858011722565
narrow_multi_obstacle,241,2,1,500,0.004097490105777979
narrow_multi_obstacle,241,3,1,500,0.004044889938086271
narrow_multi_obstacle,242,0,1,500,0.004037909908220172
narrow_multi_obstacle,242,1,1,500,0.004120592027902603
narrow_multi_obstacle,242,2,1,500,0.004111323971301317
narrow_multi_obstacle,242,3,1,500,0.004046288086101413
narrow_multi_obstacle,242,4,2,500,0.005168598145246506
narrow_multi_obstacle,243,0,2,500,0.005279286066070199
narrow_multi_obstacle,243,1,1,500,0.004085605964064598
narrow_multi_obstacle,243,2,1,500,0.004001978086307645
narrow_multi_obstacle,243,3,2,500,0.0052732559852302074
narrow_multi_obstacle,244,0,1,500,0.00408133608289063
narrow_multi_obstacle,244,1,1,500,0.004105950007215142
narrow_multi_obstacle,244,2,2,500,0.005227121990174055
narrow_multi_obstacle,244,3,2,500,0.005234146025031805
narrow_multi_obstacle,245,0,1,500,0.004207346122711897
narrow_multi_obstacle,245,1,1,500,0.00401652604341507
narrow_multi_obstacle,245,2,1,500,0.004019445972517133
narrow_multi_obstacle,245,3,1,500,0.003985800081863999
narrow_multi_obstacle,245,4,1,500,0.003947928082197905
narrow_multi_obstacle,245,5,1,500,0.003958444111049175
narrow_multi_obstacle,246,0,1,500,0.003979772096499801
narrow_multi_obstacle,246,1,1,500,0.004108215915039182
narrow_multi_obstacle,246,2,2,500,0.005166683811694384
narrow_multi_obstacle,246,3,2,500,0.005202027969062328
narrow_multi_obstacle,247,0,2,500,0.005188776180148125
narrow_multi_obstacle,247,1,2,500,0.005124602001160383
narrow_multi_obstacle,247,2,1,500,0.003993959864601493
narrow_multi_obstacle,247,3,1,500,0.003971063997596502
narrow_multi_obstacle,248,0,2,500,0.005241212202236056
narrow_multi_obstacle,248,1,2,500,0.005185846006497741
narrow_multi_obstacle,248,2,1,500,0.00404219189658761
narrow_multi_obstacle,248,3,1,500,0.004076068056747317
narrow_multi_obstacle,249,0,1,500,0.00405318196862936
narrow_multi_obstacle,249,1,1,500,0.0038775738794356585
narrow_multi_obstacle,249,2,2,500,0.00518773403018713
narrow_multi_obstacle,249,3,2,500,0.005166562041267753
narrow_multi_obstacle,250,0,1,500,0.0039690260309726
narrow_multi_obstacle,250,1,1,500,0.0039801059756428
narrow_multi_obstacle,250,2,2,500,0.005274872062727809
narrow_multi_obstacle,250,3,1,500,0.003982916008681059
narrow_multi_obstacle,250,4,1,500,0.004046499961987138
narrow_multi_obstacle,251,0,2,500,0.0052423421293497086
narrow_multi_obstacle,251,1,2,500,0.005190745927393436
narrow_multi_obstacle,251,2,2,500,0.0051793260499835014
narrow_multi_obstacle,252,0,1,500,0.004021194064989686
narrow_multi_obstacle,252,1,1,500,0.004041051957756281
narrow_multi_obstacle,252,2,2,500,0.005224381806328893
narrow_multi_obstacle,252,3,1,500,0.004032796015962958
narrow_multi_obstacle,252,4,1,500,0.004134241957217455
narrow_multi_obstacle,253,0,1,500,0.004091037902981043
narrow_multi_obstacle,253,1,1,500,0.00406004604883492
narrow_multi_obstacle,253,2,2,500,0.005203260108828545
narrow_multi_obstacle,253,3,1,500,0.004008091986179352
narrow_multi_obstacle,253,4,1,500,0.004045946057885885
narrow_multi_obstacle,254,0,1,500,0.004076074110344052
narrow_multi_obstacle,254,1,1,500,0.004113657865673304
narrow_multi_obstacle,254,2,2,500,0.00528464000672102
narrow_multi_obstacle,254,3,1,500,0.0040532120037823915
narrow_multi_obstacle,254,4,1,500,0.004077219869941473
narrow_multi_obstacle,255,0,2,500,0.005292537854984403
narrow_multi_obstacle,255,1,1,500,0.004086437867954373
narrow_multi_obstacle,255,2,1,500,0.004172785906121135
narrow_multi_obstacle,255,3,1,500,0.0039590520318597555
narrow_multi_obstacle,255,4,1,500,0.003926747944205999
narrow_multi_obstacle,256,0,2,500,0.005112869897857308
narrow_multi_obstacle,256,1,2,500,0.0052496318239718676
narrow_multi_obstacle,256,2,2,500,0.005192134063690901
narrow_multi_obstacle,257,0,2,500,0.005217419937252998
narrow_multi_obstacle,257,1,2,500,0.005265481770038605
narrow_multi_obstacle,257,2,2,500,0.005195444216951728
narrow_multi_obstacle,258,0,2,500,0.005269397981464863
narrow_multi_obstacle,258,1,1,500,0.003937936155125499
narrow_multi_obstacle,258,2,1,500,0.004106123931705952
narrow_multi_obstacle,258,3,1,500,0.003977407934144139
narrow_multi_obstacle,258,4,1,500,0.004083266016095877
narrow_multi_obstacle,259,0,1,500,0.0039981340523809195
narrow_multi_obstacle,259,1,1,500,0.0040914821438491344
narrow_multi_obstacle,259,2,1,500,0.003958360059186816
narrow_multi_obstacle,259,3,1,500,0.004015948157757521
narrow_multi_obstacle,259,4,2,500,0.005186844151467085
narrow_multi_obstacle,260,0,1,500,0.00410617608577013
narrow_multi_obstacle,260,1,1,500,0.0040703879203647375
narrow_multi_obstacle,260,2,1,500,0.004025251837447286
narrow_multi_obstacle,260,3,1,500,0.004072114126756787
narrow_multi_obstacle,260,4,1,500,0.004020809894427657
narrow_multi_obstacle,260,5,1,500,0.004022183828055859
narrow_multi_obstacle,261,0,1,500,0.003986618015915155
narrow_multi_obstacle,261,1,1,500,0.004082069965079427
narrow_multi_obstacle,261,2,2,500,0.005177506012842059
narrow_multi_obstacle,261,3,2,500,0.005241332110017538
narrow_multi_obstacle,262,0,2,500,0.005194019991904497
narrow_multi_obstacle,262,1,1,500,0.004006000002846122
narrow_multi_obstacle,262,2,1,500,0.004089837893843651
narrow_multi_obstacle,262,3,1,500,0.004008610034361482
narrow_multi_obstacle,262,4,1,500,0.00404941407032311
narrow_multi_obstacle,263,0,1,500,0.004088499816134572
narrow_multi_obstacle,263,1,1,500,0.004082071827724576
narrow_multi_obstacle,263,2,1,500,0.0041076799388974905
narrow_multi_obstacle,263,3,1,500,0.004124445840716362
narrow_multi_obstacle,263,4,2,500,0.005300553981214762
narrow_multi_obstacle,264,0,1,500,0.004037782084196806
narrow_multi_obstacle,264,1,1,500,0.004040946019813418
narrow_multi_obstacle,264,2,2,500,0.005239770049229264
narrow_multi_obstacle,264,3,2,500,0.0052497119177132845
narrow_multi_obstacle,265,0,2,500,0.005208267830312252
narrow_multi_obstacle,265,1,1,500,0.004074699943885207
narrow_multi_obstacle,265,2,1,500,0.004136750008910894
narrow_multi_obstacle,265,3,2,500,0.005228260066360235
narrow_multi_obstacle,266,0,2,500,0.005254690069705248
narrow_multi_obstacle,266,1,1,500,0.004120584111660719
narrow_multi_obstacle,266,2,1,500,0.004086720058694482
narrow_multi_obstacle,266,3,1,500,0.0041416960302740335
narrow_multi_obstacle,266,4,1,500,0.004060995997861028
narrow_multi_obstacle,267,0,2,500,0.005385663826018572
narrow_multi_obstacle,267,1,1,500,0.004096305929124355
narrow_multi_obstacle,267,2,1,500,0.003987153992056847
narrow_multi_obstacle,267,3,2,500,0.005164315924048424
narrow_multi_obstacle,268,0,1,500,0.00400542002171278
narrow_multi_obstacle,268,1,1,500,0.004011298064142466
narrow_multi_obstacle,268,2,2,500,0.00515051418915391
narrow_multi_obstacle,268,3,1,500,0.004043613793328404
narrow_multi_obstacle,268,4,1,500,0.003982928115874529
narrow_multi_obstacle,269,0,2,500,0.005197877995669842
narrow_multi_obstacle,269,1,1,500,0.003958572167903185
narrow_multi_obstacle,269,2,1,500,0.004079247824847698
narrow_multi_obstacle,269,3,2,500,0.005339910043403506
narrow_multi_obstacle,270,0,1,500,0.004075812175869942
narrow_multi_obstacle,270,1,1,500,0.003914467990398407
narrow_multi_obstacle,270,2,2,500,0.00529509992338717
narrow_multi_obstacle,270,3,1,500,0.004141871817409992
narrow_multi_obstacle,270,4,1,500,0.004046358168125153
narrow_multi_obstacle,271,0,1,500,0.003872252069413662
narrow_multi_obstacle,271,1,1,500,0.004020147956907749
narrow_multi_obstacle,271,2,1,500,0.004049909999594092
narrow_multi_obstacle,271,3,1,500,0.003967138007283211
narrow_multi_obstacle,271,4,2,500,0.005142439855262637
narrow_multi_obstacle,272,0,2,500,0.005144170019775629
narrow_multi_obstacle,272,1,2,500,0.0051262639462947845
narrow_multi_obstacle,272,2,1,500,0.004302471876144409
narrow_multi_obstacle,272,3,1,500,0.0041425819508731365
narrow_multi_obstacle,273,0,1,500,0.0040815239772200584
narrow_multi_obstacle,273,1,1,500,0.004089277936145663
narrow_multi_obstacle,273,2,2,500,0.005238182144239545
narrow_multi_obstacle,273,3,1,500,0.003991189878433943
narrow_multi_obstacle,273,4,1,500,0.004019001964479685
narrow_multi_obstacle,274,0,2,500,0.005230617942288518
narrow_multi_obstacle,274,1,2,500,0.005184482084587216
narrow_multi_obstacle,274,2,1,500,0.004110313951969147
narrow_multi_obstacle,274,3,1,500,0.004084924003109336
narrow_multi_obstacle,275,0,1,500,0.004154954105615616
narrow_multi_obstacle,275,1,1,500,0.004177638096734881
narrow_multi_obstacle,275,2,2,500,0.00537531403824687
narrow_multi_obstacle,275,3,1,500,0.004089273978024721
narrow_multi_obstacle,275,4,1,500,0.003968296106904745
narrow_multi_obstacle,276,0,1,500,0.004072024021297693
narrow_multi_obstacle,276,1,1,500,0.004084649961441755
narrow_multi_obstacle,276,2,1,500,0.003984780050814152
narrow_multi_obstacle,276,3,1,500,0.004010634031146765
narrow_multi_obstacle,276,4,2,500,0.005202647997066379
narrow_multi_obstacle,277,0,2,500,0.005215477896854281
narrow_multi_obstacle,277,1,1,500,0.0040389618370682
narrow_multi_obstacle,277,2,1,500,0.004110496025532484
narrow_multi_obstacle,277,3,1,500,0.004018561914563179
narrow_multi_obstacle,277,4,1,500,0.0039793881587684155
narrow_multi_obstacle,278,0,2,500,0.0051512280479073524
narrow_multi_obstacle,278,1,1,500,0.00396024389192462
narrow_multi_obstacle,278,2,1,500,0.004081847844645381
narrow_multi_obstacle,278,3,2,500,0.0052356780506670475
narrow_multi_obstacle,279,0,2,500,0.005334538174793124
narrow_multi_obstacle,279,1,2,500,0.005247291876003146
narrow_multi_obstacle,279,2,2,500,0.0051997320260852575
narrow_multi_obstacle,280,0,1,500,0.003970704041421413
narrow_multi_obstacle,280,1,1,500,0.003986392170190811
narrow_multi_obstacle,280,2,2,500,0.005171187920495868
narrow_multi_obstacle,280,3,1,500,0.003986818017438054
narrow_multi_obstacle,280,4,1,500,0.0039192738477140665
narrow_multi_obstacle,281,0,2,500,0.005227179965004325
narrow_multi_obstacle,281,1,2,500,0.005132263991981745
narrow_multi_obstacle,281,2,2,500,0.005128979915753007
narrow_multi_obstacle,282,0,2,500,0.005228562047705054
narrow_multi_obstacle,282,1,1,500,0.0041315078269690275
narrow_multi_obstacle,282,2,1,500,0.004140264121815562
narrow_multi_obstacle,282,3,1,500,0.004030690062791109
narrow_multi_obstacle,282,4,1,500,0.004033038159832358
narrow_multi_obstacle,283,0,1,500,0.003990989876911044
narrow_multi_obstacle,283,1,1,500,0.003997687948867679
narrow_multi_obstacle,283,2,2,500,0.005235763965174556
narrow_multi_obstacle,283,3,2,500,0.005139259854331613
narrow_multi_obstacle,284,0,1,500,0.004149877931922674
narrow_multi_obstacle,284,1,1,500,0.004109874134883285
narrow_multi_obstacle,284,2,1,500,0.004071524133905768
narrow_multi_obstacle,284,3,1,500,0.004027022048830986
narrow_multi_obstacle,284,4,2,500,0.005209531867876649
narrow_multi_obstacle,285,0,2,500,0.0052084040362387896
narrow_multi_obstacle,285,1,1,500,0.00408042804338038
narrow_multi_obstacle,285,2,1,500,0.004072391893714666
narrow_multi_obstacle,285,3,2,500,0.005245761945843697
narrow_multi_obstacle,286,0,2,500,0.005246010143309832
narrow_multi_obstacle,286,1,1,500,0.004040474072098732
narrow_multi_obstacle,286,2,1,500,0.004077143967151642
narrow_multi_obstacle,286,3,1,500,0.004182784119620919
narrow_multi_obstacle,286,4,1,500,0.004146672086790204
narrow_multi_obstacle,287,0,2,500,0.005143000045791268
narrow_multi_obstacle,287,1,1,500,0.004036094062030315
narrow_multi_obstacle,287,2,1,500,0.003959250170737505
narrow_multi_obstacle,287,3,2,500,0.005160793894901872
narrow_multi_obstacle,288,0,2,500,0.005175172118470073
narrow_multi_obstacle,288,1,2,500,0.005153261823579669
narrow_multi_obstacle,288,2,2,500,0.005107779987156391
narrow_multi_obstacle,289,0,1,500,0.0038730318192392588
narrow_multi_obstacle,289,1,1,500,0.004031623946502805
narrow_multi_obstacle,289,2,1,500,0.004122607875615358
narrow_multi_obstacle,289,3,1,500,0.003965561976656318
narrow_multi_obstacle,289,4,2,500,0.005146421957761049
narrow_multi_obstacle,290,0,2,500,0.005133386002853513
narrow_multi_obstacle,290,1,2,500,0.005123930051922798
narrow_multi_obstacle,290,2,1,500,0.004000114044174552
narrow_multi_obstacle,290,3,1,500,0.004070084076374769
narrow_multi_obstacle,291,0,2,500,0.00513183418661356
narrow_multi_obstacle,291,1,2,500,0.005144078051671386
narrow_multi_obstacle,291,2,2,500,0.0051321901846677065
narrow_multi_obstacle,292,0,2,500,0.005146414041519165
narrow_multi_obstacle,292,1,2,500,0.0051129639614373446
narrow_multi_obstacle,292,2,1,500,0.0039517502300441265
narrow_multi_obstacle,292,3,1,500,0.004055194091051817
narrow_multi_obstacle,293,0,2,500,0.005296187940984964
narrow_multi_obstacle,293,1,2,500,0.005182414082810283
narrow_multi_obstacle,293,2,2,500,0.005211985902860761
narrow_multi_obstacle,294,0,2,500,0.005217691883444786
narrow_multi_obstacle,294,1,2,500,0.005215571960434318
narrow_multi_obstacle,294,2,2,500,0.005241306032985449
narrow_multi_obstacle,295,0,2,500,0.005204767920076847
narrow_multi_obstacle,295,1,2,500,0.005102365976199508
narrow_multi_obstacle,295,2,2,500,0.005210350034758449
narrow_multi_obstacle,296,0,2,500,0.005182000109925866
narrow_multi_obstacle,296,1,2,500,0.005261402111500502
narrow_multi_obstacle,296,2,1,500,0.0039908080361783504
narrow_multi_obstacle,296,3,1,500,0.004035552032291889
narrow_multi_obstacle,297,0,1,500,0.004107075976207852
narrow_multi_obstacle,297,1,1,500,0.004088893998414278
narrow_multi_obstacle,297,2,2,500,0.005133399972692132
narrow_multi_obstacle,297,3,2,500,0.00528253591619432
narrow_multi_obstacle,298,0,1,500,0.003973870072513819
narrow_multi_obstacle,298,1,1,500,0.004061798099428415
narrow_multi_obstacle,298,2,1,500,0.0041576900985091925
narrow_multi_obstacle,298,3,1,500,0.004046416142955422
narrow_multi_obstacle,298,4,2,500,0.0051289580296725035
narrow_multi_obstacle,299,0,1,500,0.004084531916305423
narrow_multi_obstacle,299,1,1,500,0.0038932079914957285
narrow_multi_obstacle,299,2,2,500,0.005157815990969539
narrow_multi_obstacle,299,3,2,500,0.0051665278151631355
narrow_multi_obstacle,300,0,2,500,0.005121840164065361
narrow_multi_obstacle,300,1,2,500,0.005181751912459731
narrow_multi_obstacle,300,2,2,500,0.005209141876548529
narrow_multi_obstacle,301,0,1,500,0.004052194068208337
narrow_multi_obstacle,301,1,1,500,0.004001530120149255
narrow_multi_obstacle,301,2,1,500,0.003951227990910411
narrow_multi_obstacle,301,3,1,500,0.004006090108305216
narrow_multi_obstacle,301,4,1,500,0.004061926156282425
narrow_multi_obstacle,301,5,1,500,0.004034476121887565
narrow_multi_obstacle,302,0,2,500,0.00513092614710331
narrow_multi_obstacle,302,1,2,500,0.005190727999433875
narrow_multi_obstacle,302,2,2,500,0.005210489965975285
narrow_multi_obstacle,303,0,2,500,0.00522099994122982
narrow_multi_obstacle,303,1,1,500,0.004093100083991885
narrow_multi_obstacle,303,2,1,500,0.004023117944598198
narrow_multi_obstacle,303,3,1,500,0.004148497944697738
narrow_multi_obstacle,303,4,1,500,0.004052877891808748
narrow_multi_obstacle,304,0,2,500,0.005326161859557033
narrow_multi_obstacle,304,1,2,500,0.00519996602088213
narrow_multi_obstacle,304,2,2,500,0.005235160002484918
narrow_multi_obstacle,305,0,1,500,0.004165943944826722
narrow_multi_obstacle,305,1,1,500,0.004059632075950503
narrow_multi_obstacle,305,2,1,500,0.004053171956911683
narrow_multi_obstacle,305,3,1,500,0.004034483805298805
narrow_multi_obstacle,305,4,1,500,0.004048751899972558
narrow_multi_obstacle,305,5,1,500,0.004236483946442604
narrow_multi_obstacle,306,0,1,500,0.004083380103111267
narrow_multi_obstacle,306,1,1,500,0.003972022095695138
narrow_multi_obstacle,306,2,1,500,0.0040984738152474165
narrow_multi_obstacle,306,3,1,500,0.004099586047232151
narrow_multi_obstacle,306,4,2,500,0.005357673857361078
narrow_multi_obstacle,307,0,1,500,0.004163897829130292
narrow_multi_obstacle,307,1,1,500,0.004024613881483674
narrow_multi_obstacle,307,2,2,500,0.005217246012762189
narrow_multi_obstacle,307,3,1,500,0.004164227982982993
narrow_multi_obstacle,307,4,1,500,0.004047210095450282
narrow_multi_obstacle,308,0,2,500,0.005244225962087512
narrow_multi_obstacle,308,1,1,500,0.004036380210891366
narrow_multi_obstacle,308,2,1,500,0.004073773976415396
narrow_multi_obstacle,308,3,1,500,0.00403995206579566
narrow_multi_obstacle,308,4,1,500,0.004027122166007757
narrow_multi_obstacle,309,0,2,500,0.005281553836539388
narrow_multi_obstacle,309,1,1,500,0.0039485900197178125
narrow_multi_obstacle,309,2,1,500,0.003944786032661796
narrow_multi_obstacle,309,3,1,500,0.004177381983026862
narrow_multi_obstacle,309,4,1,500,0.003987282048910856
narrow_multi_obstacle,310,0,1,500,0.0040561959613114595
narrow_multi_obstacle,310,1,1,500,0.004011757904663682
narrow_multi_obstacle,310,2,1,500,0.004006406059488654
narrow_multi_obstacle,310,3,1,500,0.004088452085852623
narrow_multi_obstacle,310,4,1,500,0.0041662538424134254
narrow_multi_obstacle,310,5,1,500,0.004101973958313465
narrow_multi_obstacle,311,0,2,500,0.0052072538528591394
narrow_multi_obstacle,311,1,1,500,0.004072941839694977
narrow_multi_obstacle,311,2,1,500,0.004095163894817233
narrow_multi_obstacle,311,3,1,500,0.004087491892278194
narrow_multi_obstacle,311,4,1,500,0.003998472122475505
narrow_multi_obstacle,312,0,2,500,0.005192040000110865
narrow_multi_obstacle,312,1,2,500,0.005160164088010788
narrow_multi_obstacle,312,2,2,500,0.005069286096841097
narrow_multi_obstacle,313,0,1,500,0.004024405963718891
narrow_multi_obstacle,313,1,1,500,0.003962823888286948
narrow_multi_obstacle,313,2,1,500,0.003920735791325569
narrow_multi_obstacle,313,3,1,500,0.004004715941846371
narrow_multi_obstacle,313,4,2,500,0.005227810004726052
narrow_multi_obstacle,314,0,2,500,0.005154809914529324
narrow_multi_obstacle,314,1,2,500,0.005153375910595059
narrow_multi_obstacle,314,2,2,500,0.005138209788128734
narrow_multi_obstacle,315,0,2,500,0.005146634066477418
narrow_multi_obstacle,315,1,1,500,0.004038678016513586
narrow_multi_obstacle,315,2,1,500,0.003953787963837385
narrow_multi_obstacle,315,3,2,500,0.005213795928284526
narrow_multi_obstacle,316,0,2,500,0.005170244025066495
narrow_multi_obstacle,316,1,2,500,0.005175880156457424
narrow_multi_obstacle,316,2,1,500,0.003967692144215107
narrow_multi_obstacle,316,3,1,500,0.004020404070615768
narrow_multi_obstacle,317,0,2,500,0.005142149981111288
narrow_multi_obstacle,317,1,1,500,0.003996901912614703
narrow_multi_obstacle,317,2,1,500,0.003914410015568137
narrow_multi_obstacle,317,3,2,500,0.0051734559237957
narrow_multi_obstacle,318,0,1,500,0.003904009936377406
narrow_multi_obstacle,318,1,1,500,0.00396686396561563
narrow_multi_obstacle,318,2,1,500,0.004005528055131435
narrow_multi_obstacle,318,3,1,500,0.004040056141093373
narrow_multi_obstacle,318,4,2,500,0.0052412080112844706
narrow_multi_obstacle,319,0,1,500,0.003993763821199536
narrow_multi_obstacle,319,1,1,500,0.004059460014104843
narrow_multi_obstacle,319,2,1,500,0.004091325914487243
narrow_multi_obstacle,319,3,1,500,0.004099668003618717
narrow_multi_obstacle,319,4,1,500,0.004116468131542206
narrow_multi_obstacle,319,5,1,500,0.003980045905336738
narrow_multi_obstacle,320,0,2,500,0.005100267939269543
narrow_multi_obstacle,320,1,2,500,0.005092615960165858
narrow_multi_obstacle,320,2,2,500,0.005160867935046554
narrow_multi_obstacle,321,0,2,500,0.005304218037053943
narrow_multi_obstacle,321,1,1,500,0.004058887949213386
narrow_multi_obstacle,321,2,1,500,0.003969460027292371
narrow_multi_obstacle,321,3,2,500,0.005097873974591494
narrow_multi_obstacle,322,0,1,500,0.003938290057703853
narrow_multi_obstacle,322,1,1,500,0.003939746180549264
narrow_multi_obstacle,322,2,2,500,0.005183004075661302
narrow_multi_obstacle,322,3,2,500,0.005110275931656361
narrow_multi_obstacle,323,0,1,500,0.004065338056534529
narrow_multi_obstacle,323,1,1,500,0.003979495959356427
narrow_multi_obstacle,323,2,1,500,0.0038973060436546803
narrow_multi_obstacle,323,3,1,500,0.004027905873954296
narrow_multi_obstacle,323,4,2,500,0.005170183954760432
narrow_multi_obstacle,324,0,2,500,0.005128702148795128
narrow_multi_obstacle,324,1,1,500,0.00404773186892271
narrow_multi_obstacle,324,2,1,500,0.004204575903713703
narrow_multi_obstacle,324,3,2,500,0.005358514143154025
narrow_multi_obstacle,325,0,1,500,0.00419202190823853
narrow_multi_obstacle,325,1,1,500,0.003984035924077034
narrow_multi_obstacle,325,2,1,500,0.004051719792187214
narrow_multi_obstacle,325,3,1,500,0.0041362137999385595
narrow_multi_obstacle,325,4,1,500,0.00408563413657248
narrow_multi_obstacle,325,5,1,500,0.003961710026487708
narrow_multi_obstacle,326,0,2,500,0.005256864009425044
narrow_multi_obstacle,326,1,2,500,0.005286613944917917
narrow_multi_obstacle,326,2,1,500,0.004050994059070945
narrow_multi_obstacle,326,3,1,500,0.004182233940809965
narrow_multi_obstacle,327,0,2,500,0.005275170085951686
narrow_multi_obstacle,327,1,2,500,0.005337561946362257
narrow_multi_obstacle,327,2,1,500,0.0040941499173641205
narrow_multi_obstacle,327,3,1,500,0.004029950127005577
narrow_multi_obstacle,328,0,1,500,0.004094154108315706
narrow_multi_obstacle,328,1,1,500,0.004087239969521761
narrow_multi_obstacle,328,2,1,500,0.004143155878409743
narrow_multi_obstacle,328,3,1,500,0.004089717986062169
narrow_multi_obstacle,328,4,2,500,0.005227568093687296
narrow_multi_obstacle,329,0,1,500,0.004101061960682273
narrow_multi_obstacle,329,1,1,500,0.0040635301265865564
narrow_multi_obstacle,329,2,2,500,0.005277049960568547
narrow_multi_obstacle,329,3,1,500,0.004117380129173398
narrow_multi_obstacle,329,4,1,500,0.004067666130140424
narrow_multi_obstacle,330,0,2,500,0.0051707979291677475
narrow_multi_obstacle,330,1,2,500,0.005180959822610021
narrow_multi_obstacle,330,2,2,500,0.005161660024896264
narrow_multi_obstacle,331,0,1,500,0.004114110022783279
narrow_multi_obstacle,331,1,1,500,0.0040442380122840405
narrow_multi_obstacle,331,2,1,500,0.0040835479740053415
narrow_multi_obstacle,331,3,1,500,0.004020990105345845
narrow_multi_obstacle,331,4,2,500,0.005187895847484469
narrow_multi_obstacle,332,0,2,500,0.0052205880638211966
narrow_multi_obstacle,332,1,2,500,0.005227698013186455
narrow_multi_obstacle,332,2,1,500,0.003942990209907293
narrow_multi_obstacle,332,3,1,500,0.0040526119992136955
narrow_multi_obstacle,333,0,2,500,0.005156632047146559
narrow_multi_obstacle,333,1,1,500,0.004078211961314082
narrow_multi_obstacle,333,2,1,500,0.004065039800480008
narrow_multi_obstacle,333,3,2,500,0.005253372015431523
narrow_multi_obstacle,334,0,2,500,0.005180413834750652
narrow_multi_obstacle,334,1,1,500,0.004126100102439523
narrow_multi_obstacle,334,2,1,500,0.004092772025614977
narrow_multi_obstacle,334,3,1,500,0.003982323920354247
narrow_multi_obstacle,334,4,1,500,0.004237310029566288
narrow_multi_obstacle,335,0,2,500,0.005156944040209055
narrow_multi_obstacle,335,1,2,500,0.0051679660100489855
narrow_multi_obstacle,335,2,2,500,0.005226090084761381
narrow_multi_obstacle,336,0,2,500,0.005159915890544653
narrow_multi_obstacle,336,1,1,500,0.004092482151463628
narrow_multi_obstacle,336,2,1,500,0.004025322152301669
narrow_multi_obstacle,336,3,1,500,0.004101332044228911
narrow_multi_obstacle,336,4,1,500,0.003983254078775644
narrow_multi_obstacle,337,0,1,500,0.004016548162326217
narrow_multi_obstacle,337,1,1,500,0.004063911968842149
narrow_multi_obstacle,337,2,2,500,0.005197454011067748
narrow_multi_obstacle,337,3,1,500,0.004073955817148089
narrow_multi_obstacle,337,4,1,500,0.004007904091849923
narrow_multi_obstacle,338,0,1,500,0.004018708132207394
narrow_multi_obstacle,338,1,1,500,0.003969487966969609
narrow_multi_obstacle,338,2,2,500,0.005115821957588196
narrow_multi_obstacle,338,3,1,500,0.004024130059406161
narrow_multi_obstacle,338,4,1,500,0.004102867795154452
narrow_multi_obstacle,339,0,1,500,0.004135523922741413
narrow_multi_obstacle,339,1,1,500,0.004242531955242157
narrow_multi_obstacle,339,2,2,500,0.005308775929734111
narrow_multi_obstacle,339,3,1,500,0.004000662127509713
narrow_multi_obstacle,339,4,1,500,0.004145079990848899
narrow_multi_obstacle,340,0,2,500,0.0052317960653454065
narrow_multi_obstacle,340,1,1,500,0.004184329882264137
narrow_multi_obstacle,340,2,1,500,0.004024034133180976
narrow_multi_obstacle,340,3,1,500,0.004059044178575277
narrow_multi_obstacle,340,4,1,500,0.003967436030507088
narrow_multi_obstacle,341,0,2,500,0.005219393875449896
narrow_multi_obstacle,341,1,1,500,0.0040504480712115765
narrow_multi_obstacle,341,2,1,500,0.004044082015752792
narrow_multi_obstacle,341,3,2,500,0.005214111879467964
narrow_multi_obstacle,342,0,1,500,0.004068461945280433
narrow_multi_obstacle,342,1,1,500,0.004092196002602577
narrow_multi_obstacle,342,2,1,500,0.0041179899126291275
narrow_multi_obstacle,342,3,1,500,0.004012967925518751
narrow_multi_obstacle,342,4,2,500,0.005115063861012459
narrow_multi_obstacle,343,0,2,500,0.005117826163768768
narrow_multi_obstacle,343,1,1,500,0.003956477856263518
narrow_multi_obstacle,343,2,1,500,0.003916346002370119
narrow_multi_obstacle,343,3,1,500,0.004026693990454078
narrow_multi_obstacle,343,4,1,500,0.0039942520670592785
narrow_multi_obstacle,344,0,2,500,0.0052884339820593596
narrow_multi_obstacle,344,1,2,500,0.005102763883769512
narrow_multi_obstacle,344,2,2,500,0.00520426407456398
narrow_multi_obstacle,345,0,1,500,0.003941308008506894
narrow_multi_obstacle,345,1,1,500,0.003962171962484717
narrow_multi_obstacle,345,2,1,500,0.0038947740104049444
narrow_multi_obstacle,345,3,1,500,0.004100081976503134
narrow_multi_obstacle,345,4,2,500,0.0053696539252996445
narrow_multi_obstacle,346,0,2,500,0.005341296084225178
narrow_multi_obstacle,346,1,1,500,0.004163686186075211
narrow_multi_obstacle,346,2,1,500,0.004033796023577452
narrow_multi_obstacle,346,3,1,500,0.003941060043871403
narrow_multi_obstacle,346,4,1,500,0.003993756137788296
narrow_multi_obstacle,347,0,2,500,0.005125007824972272
narrow_multi_obstacle,347,1,1,500,0.004046096000820398
narrow_multi_obstacle,347,2,1,500,0.004048112081363797
narrow_multi_obstacle,347,3,2,500,0.0050778500735759735
narrow_multi_obstacle,348,0,2,500,0.005269587971270084
narrow_multi_obstacle,348,1,2,500,0.005204460117965937
narrow_multi_obstacle,348,2,1,500,0.003996056038886309
narrow_multi_obstacle,348,3,1,500,0.004138007992878556
narrow_multi_obstacle,349,0,2,500,0.005553408060222864
narrow_multi_obstacle,349,1,1,500,0.00425823382101953
narrow_multi_obstacle,349,2,1,500,0.004067474044859409
narrow_multi_obstacle,349,3,2,500,0.00518297404050827
narrow_multi_obstacle,350,0,1,500,0.003957361914217472
narrow_multi_obstacle,350,1,1,500,0.004131956025958061
narrow_multi_obstacle,350,2,2,500,0.0052648200653493404
narrow_multi_obstacle,350,3,1,500,0.004051395924761891
narrow_multi_obstacle,350,4,1,500,0.004001198103651404
narrow_multi_obstacle,351,0,1,500,0.003972550155594945
narrow_multi_obstacle,351,1,1,500,0.004058924037963152
narrow_multi_obstacle,351,2,1,500,0.004083766136318445
narrow_multi_obstacle,351,3,1,500,0.004075088072568178
narrow_multi_obstacle,351,4,1,500,0.004002788104116917
narrow_multi_obstacle,351,5,1,500,0.00405080197378993
narrow_multi_obstacle,352,0,1,500,0.0040355259552598
narrow_multi_obstacle,352,1,1,500,0.004091662121936679
narrow_multi_obstacle,352,2,2,500,0.0051565400790423155
narrow_multi_obstacle,352,3,1,500,0.004001304041594267
narrow_multi_obstacle,352,4,1,500,0.004052580101415515
narrow_multi_obstacle,353,0,1,500,0.0038858798798173666
narrow_multi_obstacle,353,1,1,500,0.003999813925474882
narrow_multi_obstacle,353,2,2,500,0.005195773905143142
narrow_multi_obstacle,353,3,2,500,0.005187042057514191
narrow_multi_obstacle,354,0,2,500,0.005148374009877443
narrow_multi_obstacle,354,1,2,500,0.005201444029808044
narrow_multi_obstacle,354,2,2,500,0.005275963805615902
narrow_multi_obstacle,355,0,2,500,0.00518736382946372
narrow_multi_obstacle,355,1,1,500,0.003937806002795696
narrow_multi_obstacle,355,2,1,500,0.003960181958973408
narrow_multi_obstacle,355,3,1,500,0.00408692192286253
narrow_multi_obstacle,355,4,1,500,0.004026604117825627
narrow_multi_obstacle,356,0,1,500,0.003982303896918893
narrow_multi_obstacle,356,1,1,500,0.003960165893658996
narrow_multi_obstacle,356,2,1,500,0.004009388154372573
narrow_multi_obstacle,356,3,1,500,0.004056256031617522
narrow_multi_obstacle,356,4,2,500,0.00513812992721796
narrow_multi_obstacle,357,0,2,500,0.005108889890834689
narrow_multi_obstacle,357,1,1,500,0.0039950180798769
narrow_multi_obstacle,357,2,1,500,0.003946543904021382
narrow_multi_obstacle,357,3,1,500,0.00393566582351923
narrow_multi_obstacle,357,4,1,500,0.003941910108551383
narrow_multi_obstacle,358,0,2,500,0.005076281959190965
narrow_multi_obstacle,358,1,2,500,0.005163359921425581
narrow_multi_obstacle,358,2,2,500,0.005167052149772644
narrow_multi_obstacle,359,0,1,500,0.003985296003520489
narrow_multi_obstacle,359,1,1,500,0.003944352036342025
narrow_multi_obstacle,359,2,2,500,0.005258572055026889
narrow_multi_obstacle,359,3,1,500,0.0040754820220172405
narrow_multi_obstacle,359,4,1,500,0.004102021921426058
narrow_multi_obstacle,360,0,1,500,0.004075631964951754
narrow_multi_obstacle,360,1,1,500,0.004032622091472149
narrow_multi_obstacle,360,2,2,500,0.00524772796779871
narrow_multi_obstacle,360,3,2,500,0.005307309795171022
narrow_multi_obstacle,361,0,1,500,0.004034928046166897
narrow_multi_obstacle,361,1,1,500,0.004088090034201741
narrow_multi_obstacle,361,2,2,500,0.0052666738629341125
narrow_multi_obstacle,361,3,2,500,0.005305438069626689
narrow_multi_obstacle,362,0,2,500,0.005276766140013933
narrow_multi_obstacle,362,1,2,500,0.005248653935268521
narrow_multi_obstacle,362,2,1,500,0.0040319019462913275
narrow_multi_obstacle,362,3,1,500,0.004072905983775854
narrow_multi_obstacle,363,0,2,500,0.005126002011820674
narrow_multi_obstacle,363,1,2,500,0.005290837958455086
narrow_multi_obstacle,363,2,1,500,0.0040345999877899885
narrow_multi_obstacle,363,3,1,500,0.004052439937368035
narrow_multi_obstacle,364,0,1,500,0.003996068146079779
narrow_multi_obstacle,364,1,1,500,0.004020062042400241
narrow_multi_obstacle,364,2,1,500,0.004100797930732369
narrow_multi_obstacle,364,3,1,500,0.004092344082891941
narrow_multi_obstacle,364,4,2,500,0.0052212439477443695
narrow_multi_obstacle,365,0,2,500,0.0052370119374245405
narrow_multi_obstacle,365,1,1,500,0.004096667980775237
narrow_multi_obstacle,365,2,1,500,0.00396058801561594
narrow_multi_obstacle,365,3,1,500,0.004047163994982839
narrow_multi_obstacle,365,4,1,500,0.003880034200847149
narrow_multi_obstacle,366,0,2,500,0.005084889940917492
narrow_multi_obstacle,366,1,2,500,0.0051304560620337725
narrow_multi_obstacle,366,2,1,500,0.003952665952965617
narrow_multi_obstacle,366,3,1,500,0.003957782173529267
narrow_multi_obstacle,367,0,1,500,0.004015966085717082
narrow_multi_obstacle,367,1,1,500,0.00400482420809567
narrow_multi_obstacle,367,2,2,500,0.005215536104515195
narrow_multi_obstacle,367,3,2,500,0.005169480107724667
narrow_multi_obstacle,368,0,1,500,0.004040274070575833
narrow_multi_obstacle,368,1,1,500,0.003969175973907113
narrow_multi_obstacle,368,2,1,500,0.004027493996545672
narrow_multi_obstacle,368,3,1,500,0.003956337925046682
narrow_multi_obstacle,368,4,2,500,0.005172381876036525
narrow_multi_obstacle,369,0,2,500,0.005389181897044182
narrow_multi_obstacle,369,1,1,500,0.0042167839128524065
narrow_multi_obstacle,369,2,1,500,0.00417840201407671
narrow_multi_obstacle,369,3,2,500,0.0052112259436398745
narrow_multi_obstacle,370,0,1,500,0.003919980023056269
narrow_multi_obstacle,370,1,1,500,0.004037274047732353
narrow_multi_obstacle,370,2,2,500,0.005380966002121568
narrow_multi_obstacle,370,3,2,500,0.00516282394528389
narrow_multi_obstacle,371,0,1,500,0.004073698073625565
narrow_multi_obstacle,371,1,1,500,0.004282234003767371
narrow_multi_obstacle,371,2,1,500,0.004177154041826725
narrow_multi_obstacle,371,3,1,500,0.004139778204262257
narrow_multi_obstacle,371,4,1,500,0.004180524032562971
narrow_multi_obstacle,371,5,1,500,0.003975837957113981
narrow_multi_obstacle,372,0,2,500,0.005332778207957745
narrow_multi_obstacle,372,1,2,500,0.005257489858195186
narrow_multi_obstacle,372,2,1,500,0.004166390048339963
narrow_multi_obstacle,372,3,1,500,0.004040471976622939
narrow_multi_obstacle,373,0,1,500,0.0040794298984110355
narrow_multi_obstacle,373,1,1,500,0.003976143896579742
narrow_multi_obstacle,373,2,1,500,0.003999383887276053
narrow_multi_obstacle,373,3,1,500,0.004055659985169768
narrow_multi_obstacle,373,4,2,500,0.005381352035328746
narrow_multi_obstacle,374,0,1,500,0.004009191878139973
narrow_multi_obstacle,374,1,1,500,0.004233312094584107
narrow_multi_obstacle,374,2,1,500,0.004047455964609981
narrow_multi_obstacle,374,3,1,500,0.004040627973154187
narrow_multi_obstacle,374,4,1,500,0.004181140102446079
narrow_multi_obstacle,374,5,1,500,0.004043994005769491
narrow_multi_obstacle,375,0,1,500,0.0040108379907906055
narrow_multi_obstacle,375,1,1,500,0.004167552106082439
narrow_multi_obstacle,375,2,1,500,0.004100847989320755
narrow_multi_obstacle,375,3,1,500,0.004205590113997459
narrow_multi_obstacle,375,4,1,500,0.004167552106082439
narrow_multi_obstacle,375,5,1,500,0.004175232024863362
narrow_multi_obstacle,376,0,2,500,0.005180390086025
narrow_multi_obstacle,376,1,2,500,0.00516612408682704
narrow_multi_obstacle,376,2,2,500,0.005207492038607597
narrow_multi_obstacle,377,0,2,500,0.005310798063874245
narrow_multi_obstacle,377,1,2,500,0.005275874165818095
narrow_multi_obstacle,377,2,2,500,0.005298833828419447
narrow_multi_obstacle,378,0,1,500,0.004174828063696623
narrow_multi_obstacle,378,1,1,500,0.003970840014517307
narrow_multi_obstacle,378,2,2,500,0.005210897885262966
narrow_multi_obstacle,378,3,2,500,0.00530019192956388
narrow_multi_obstacle,379,0,1,500,0.0040761439595371485
narrow_multi_obstacle,379,1,1,500,0.0040563419461250305
narrow_multi_obstacle,379,2,2,500,0.005175350001081824
narrow_multi_obstacle,379,3,2,500,0.0051958998665213585
narrow_multi_obstacle,380,0,2,500,0.005248459987342358
narrow_multi_obstacle,380,1,2,500,0.00531116989441216
narrow_multi_obstacle,380,2,1,500,0.004073557909578085
narrow_multi_obstacle,380,3,1,500,0.004025762202218175
narrow_multi_obstacle,381,0,1,500,0.003995946142822504
narrow_multi_obstacle,381,1,1,500,0.004010260105133057
narrow_multi_obstacle,381,2,1,500,0.003918709931895137
narrow_multi_obstacle,381,3,1,500,0.003981691785156727
narrow_multi_obstacle,381,4,1,500,0.004053321899846196
narrow_multi_obstacle,381,5,1,500,0.004041621927171946
narrow_multi_obstacle,382,0,2,500,0.0055283920373767614
narrow_multi_obstacle,382,1,1,500,0.004171408014371991
narrow_multi_obstacle,382,2,1,500,0.004088057903572917
narrow_multi_obstacle,382,3,2,500,0.005298516014590859
narrow_multi_obstacle,383,0,1,500,0.0039957319386303425
narrow_multi_obstacle,383,1,1,500,0.0038910380098968744
narrow_multi_obstacle,383,2,1,500,0.003985023824498057
narrow_multi_obstacle,383,3,1,500,0.0039054120425134897
narrow_multi_obstacle,383,4,2,500,0.005151857854798436
narrow_multi_obstacle,384,0,1,500,0.004030168056488037
narrow_multi_obstacle,384,1,1,500,0.004050733987241983
narrow_multi_obstacle,384,2,2,500,0.005195949925109744
narrow_multi_obstacle,384,3,2,500,0.00514033786021173
narrow_multi_obstacle,385,0,2,500,0.005153225967660546
narrow_multi_obstacle,385,1,2,500,0.00513785588555038
narrow_multi_obstacle,385,2,2,500,0.005211489973589778
narrow_multi_obstacle,386,0,1,500,0.003909618128091097
narrow_multi_obstacle,386,1,1,500,0.004053288139402866
narrow_multi_obstacle,386,2,1,500,0.003939399961382151
narrow_multi_obstacle,386,3,1,500,0.00395442801527679
narrow_multi_obstacle,386,4,2,500,0.005125885829329491
narrow_multi_obstacle,387,0,2,500,0.005785781890153885
narrow_multi_obstacle,387,1,2,500,0.005192471900954843
narrow_multi_obstacle,387,2,2,500,0.0051773120649158955
narrow_multi_obstacle,388,0,2,500,0.005111690144985914
narrow_multi_obstacle,388,1,1,500,0.003990208031609654
narrow_multi_obstacle,388,2,1,500,0.003996482118964195
narrow_multi_obstacle,388,3,1,500,0.004006219794973731
narrow_multi_obstacle,388,4,1,500,0.004031251883134246
narrow_multi_obstacle,389,0,1,500,0.003962325863540173
narrow_multi_obstacle,389,1,1,500,0.003901693969964981
narrow_multi_obstacle,389,2,2,500,0.005225121974945068
narrow_multi_obstacle,389,3,2,500,0.005301063880324364
narrow_multi_obstacle,390,0,2,500,0.005267333937808871
narrow_multi_obstacle,390,1,2,500,0.0052589899860322475
narrow_multi_obstacle,390,2,1,500,0.004097491968423128
narrow_multi_obstacle,390,3,1,500,0.0040324958972632885
narrow_multi_obstacle,391,0,1,500,0.0041223440784960985
narrow_multi_obstacle,391,1,1,500,0.004014475969597697
narrow_multi_obstacle,391,2,1,500,0.004161938093602657
narrow_multi_obstacle,391,3,1,500,0.00410825596190989
narrow_multi_obstacle,391,4,1,500,0.0039911598432809114
narrow_multi_obstacle,391,5,1,500,0.0040638919454067945
narrow_multi_obstacle,392,0,2,500,0.005324547877535224
narrow_multi_obstacle,392,1,2,500,0.00523572601377964
narrow_multi_obstacle,392,2,1,500,0.0041870540007948875
narrow_multi_obstacle,392,3,1,500,0.004159016069024801
narrow_multi_obstacle,393,0,2,500,0.005260831909254193
narrow_multi_obstacle,393,1,1,500,0.004154627909883857
narrow_multi_obstacle,393,2,1,500,0.004085988039150834
narrow_multi_obstacle,393,3,2,500,0.0052840858697891235
narrow_multi_obstacle,394,0,1,500,0.004116561962291598
narrow_multi_obstacle,394,1,1,500,0.004072909941896796
narrow_multi_obstacle,394,2,1,500,0.004080018028616905
narrow_multi_obstacle,394,3,1,500,0.004085099790245295
narrow_multi_obstacle,394,4,2,500,0.005233180010691285
narrow_multi_obstacle,395,0,1,500,0.003920580027624965
narrow_multi_obstacle,395,1,1,500,0.004004480084404349
narrow_multi_obstacle,395,2,1,500,0.003957523964345455
narrow_multi_obstacle,395,3,1,500,0.004018728155642748
narrow_multi_obstacle,395,4,1,500,0.00394296390004456
narrow_multi_obstacle,395,5,1,500,0.003957075998187065
narrow_multi_obstacle,396,0,2,500,0.005156724015250802
narrow_multi_obstacle,396,1,1,500,0.0040624800603836775
narrow_multi_obstacle,396,2,1,500,0.003951211925595999
narrow_multi_obstacle,396,3,1,500,0.0039059538394212723
narrow_multi_obstacle,396,4,1,500,0.003902119817212224
narrow_multi_obstacle,397,0,2,500,0.005186737980693579
narrow_multi_obstacle,397,1,1,500,0.003977864049375057
narrow_multi_obstacle,397,2,1,500,0.003921560011804104
narrow_multi_obstacle,397,3,2,500,0.005112685961648822
narrow_multi_obstacle,398,0,1,500,0.003998995991423726
narrow_multi_obstacle,398,1,1,500,0.003987035946920514
narrow_multi_obstacle,398,2,1,500,0.003979893866926432
narrow_multi_obstacle,398,3,1,500,0.003955594031140208
narrow_multi_obstacle,398,4,1,500,0.003977116197347641
narrow_multi_obstacle,398,5,1,500,0.004061881918460131
narrow_multi_obstacle,399,0,1,500,0.0040022218599915504
narrow_multi_obstacle,399,1,1,500,0.004026259994134307
narrow_multi_obstacle,399,2,2,500,0.005072524072602391
narrow_multi_obstacle,399,3,2,500,0.005126385949552059
narrow_multi_obstacle,400,0,1,500,0.003981037996709347
narrow_multi_obstacle,400,1,1,500,0.003949185833334923
narrow_multi_obstacle,400,2,1,500,0.003981875954195857
narrow_multi_obstacle,400,3,1,500,0.004153144080191851
narrow_multi_obstacle,400,4,2,500,0.005255518015474081
narrow_multi_obstacle,401,0,2,500,0.005266963969916105
narrow_multi_obstacle,401,1,1,500,0.004080896032974124
narrow_multi_obstacle,401,2,1,500,0.00407839217223227
narrow_multi_obstacle,401,3,2,500,0.005264390027150512
narrow_multi_obstacle,402,0,1,500,0.004149361979216337
narrow_multi_obstacle,402,1,1,500,0.004147187806665897
narrow_multi_obstacle,402,2,2,500,0.005245879990980029
narrow_multi_obstacle,402,3,1,500,0.004067433997988701
narrow_multi_obstacle,402,4,1,500,0.004077852005138993
narrow_multi_obstacle,403,0,1,500,0.004064378095790744
narrow_multi_obstacle,403,1,1,500,0.0039591200184077024
narrow_multi_obstacle,403,2,2,500,0.00526131596416235
narrow_multi_obstacle,403,3,2,500,0.005230440059676766
narrow_multi_obstacle,404,0,2,500,0.005254085874184966
narrow_multi_obstacle,404,1,1,500,0.004090642090886831
narrow_multi_obstacle,404,2,1,500,0.004024043912068009
narrow_multi_obstacle,404,3,1,500,0.004218660062178969
narrow_multi_obstacle,404,4,1,500,0.004277567844837904
narrow_multi_obstacle,405,0,1,500,0.004245305899530649
narrow_multi_obstacle,405,1,1,500,0.00430879183113575
narrow_multi_obstacle,405,2,2,500,0.00541962799616158
narrow_multi_obstacle,405,3,1,500,0.0041689041536301374
narrow_multi_obstacle,405,4,1,500,0.00411947607062757
narrow_multi_obstacle,406,0,1,500,0.004212910076603293
narrow_multi_obstacle,406,1,1,500,0.004265781957656145
narrow_multi_obstacle,406,2,1,500,0.004143550060689449
narrow_multi_obstacle,406,3,1,500,0.004174024099484086
narrow_multi_obstacle,406,4,2,500,0.005281752208247781
narrow_multi_obstacle,407,0,2,500,0.005323906196281314
narrow_multi_obstacle,407,1,2,500,0.005407026037573814
narrow_multi_obstacle,407,2,1,500,0.004066479858011007
narrow_multi_obstacle,407,3,1,500,0.0040241999085992575
narrow_multi_obstacle,408,0,2,500,0.005408677970990539
narrow_multi_obstacle,408,1,2,500,0.005402422044426203
narrow_multi_obstacle,408,2,1,500,0.004070056136697531
narrow_multi_obstacle,408,3,1,500,0.004015434067696333
narrow_multi_obstacle,409,0,1,500,0.0041124660056084394
narrow_multi_obstacle,409,1,1,500,0.004102724138647318
narrow_multi_obstacle,409,2,2,500,0.005265111802145839
narrow_multi_obstacle,409,3,2,500,0.0052925641648471355
narrow_multi_obstacle,410,0,2,500,0.0051885240245610476
narrow_multi_obstacle,410,1,2,500,0.005294085945934057
narrow_multi_obstacle,410,2,2,500,0.005267794011160731
narrow_multi_obstacle,411,0,2,500,0.0051590800285339355
narrow_multi_obstacle,411,1,1,500,0.004021325847133994
narrow_multi_obstacle,411,2,1,500,0.003907591802999377
narrow_multi_obstacle,411,3,2,500,0.005094998050481081
narrow_multi_obstacle,412,0,2,500,0.005466320086270571
narrow_multi_obstacle,412,1,2,500,0.005237119970843196
narrow_multi_obstacle,412,2,1,500,0.004015424055978656
narrow_multi_obstacle,412,3,1,500,0.00397693389095366
narrow_multi_obstacle,413,0,1,500,0.004060972016304731
narrow_multi_obstacle,413,1,1,500,0.00417829817160964
narrow_multi_obstacle,413,2,2,500,0.005330970045179129
narrow_multi_obstacle,413,3,1,500,0.0040261580143123865
narrow_multi_obstacle,413,4,1,500,0.003982858033850789
narrow_multi_obstacle,414,0,1,500,0.003952596103772521
narrow_multi_obstacle,414,1,1,500,0.003933211788535118
narrow_multi_obstacle,414,2,1,500,0.003985239891335368
narrow_multi_obstacle,414,3,1,500,0.004020211985334754
narrow_multi_obstacle,414,4,2,500,0.0051943419966846704
narrow_multi_obstacle,415,0,1,500,0.003944113850593567
narrow_multi_obstacle,415,1,1,500,0.0039961920119822025
narrow_multi_obstacle,415,2,1,500,0.00396184204146266
narrow_multi_obstacle,415,3,1,500,0.00396495615132153
narrow_multi_obstacle,415,4,1,500,0.0040234660264104605
narrow_multi_obstacle,415,5,1,500,0.003959375899285078
narrow_multi_obstacle,416,0,1,500,0.004060124047100544
narrow_multi_obstacle,416,1,1,500,0.0039370120503008366
narrow_multi_obstacle,416,2,2,500,0.005067500052973628
narrow_multi_obstacle,416,3,2,500,0.005152234109118581
narrow_multi_obstacle,417,0,1,500,0.004017496015876532
narrow_multi_obstacle,417,1,1,500,0.004067444009706378
narrow_multi_obstacle,417,2,2,500,0.005279952194541693
narrow_multi_obstacle,417,3,2,500,0.0051406139973551035
narrow_multi_obstacle,418,0,1,500,0.0041675318498164415
narrow_multi_obstacle,418,1,1,500,0.0040358679834753275
narrow_multi_obstacle,418,2,2,500,0.0052175079472362995
narrow_multi_obstacle,418,3,1,500,0.004054524004459381
narrow_multi_obstacle,418,4,1,500,0.004016478080302477
narrow_multi_obstacle,419,0,2,500,0.005152852041646838
narrow_multi_obstacle,419,1,1,500,0.004016132093966007
narrow_multi_obstacle,419,2,1,500,0.004018161911517382
narrow_multi_obstacle,419,3,1,500,0.004034160170704126
narrow_multi_obstacle,419,4,1,500,0.004079479956999421
narrow_multi_obstacle,420,0,2,500,0.0051921820268034935
narrow_multi_obstacle,420,1,1,500,0.004046455956995487
narrow_multi_obstacle,420,2,1,500,0.004011211916804314
narrow_multi_obstacle,420,3,1,500,0.004078204045072198
narrow_multi_obstacle,420,4,1,500,0.004022856010124087
narrow_multi_obstacle,421,0,2,500,0.005157002015039325
narrow_multi_obstacle,421,1,2,500,0.005184857873246074
narrow_multi_obstacle,421,2,1,500,0.0039296140894293785
narrow_multi_obstacle,421,3,1,500,0.004014947917312384
narrow_multi_obstacle,422,0,2,500,0.0051120801363140345
narrow_multi_obstacle,422,1,2,500,0.005263372091576457
narrow_multi_obstacle,422,2,1,500,0.004215242108330131
narrow_multi_obstacle,422,3,1,500,0.004213301930576563
narrow_multi_obstacle,423,0,2,500,0.00538024608977139
narrow_multi_obstacle,423,1,1,500,0.004118063952773809
narrow_multi_obstacle,423,2,1,500,0.004001835826784372
narrow_multi_obstacle,423,3,2,500,0.005304849939420819
narrow_multi_obstacle,424,0,2,500,0.005232461960986257
narrow_multi_obstacle,424,1,2,500,0.005290189990773797
narrow_multi_obstacle,424,2,2,500,0.005245856009423733
narrow_multi_obstacle,425,0,2,500,0.005255655851215124
narrow_multi_obstacle,425,1,2,500,0.005149333970621228
narrow_multi_obstacle,425,2,1,500,0.003993244143202901
narrow_multi_obstacle,425,3,1,500,0.003964515868574381
narrow_multi_obstacle,426,0,1,500,0.00405345787294209
narrow_multi_obstacle,426,1,1,500,0.004008866148069501
narrow_multi_obstacle,426,2,1,500,0.00393172400072217
narrow_multi_obstacle,426,3,1,500,0.003928558202460408
narrow_multi_obstacle,426,4,1,500,0.00400218996219337
narrow_multi_obstacle,426,5,1,500,0.003950933925807476
narrow_multi_obstacle,427,0,2,500,0.005212316056713462
narrow_multi_obstacle,427,1,1,500,0.004043834051117301
narrow_multi_obstacle,427,2,1,500,0.004005646100267768
narrow_multi_obstacle,427,3,2,500,0.005197460064664483
narrow_multi_obstacle,428,0,2,500,0.005184287903830409
narrow_multi_obstacle,428,1,1,500,0.0039679359178990126
narrow_multi_obstacle,428,2,1,500,0.00397028005681932
narrow_multi_obstacle,428,3,2,500,0.005218981998041272
narrow_multi_obstacle,429,0,2,500,0.005150377983227372
narrow_multi_obstacle,429,1,2,500,0.005235051969066262
narrow_multi_obstacle,429,2,1,500,0.004024223890155554
narrow_multi_obstacle,429,3,1,500,0.004059382015839219
narrow_multi_obstacle,430,0,1,500,0.004298117943108082
narrow_multi_obstacle,430,1,1,500,0.00418489589355886
narrow_multi_obstacle,430,2,2,500,0.0051637019496411085
narrow_multi_obstacle,430,3,2,500,0.005325942067429423
narrow_multi_obstacle,431,0,2,500,0.00518137589097023
narrow_multi_obstacle,431,1,1,500,0.003964155912399292
narrow_multi_obstacle,431,2,1,500,0.004120561992749572
narrow_multi_obstacle,431,3,2,500,0.0051549437921494246
narrow_multi_obstacle,432,0,1,500,0.003996560117229819
narrow_multi_obstacle,432,1,1,500,0.003931994084268808
narrow_multi_obstacle,432,2,1,500,0.003944456111639738
narrow_multi_obstacle,432,3,1,500,0.004022954031825066
narrow_multi_obstacle,432,4,2,500,0.005150462035089731
narrow_multi_obstacle,433,0,1,500,0.004051061812788248
narrow_multi_obstacle,433,1,1,500,0.003941608127206564
narrow_multi_obstacle,433,2,2,500,0.0051514459773898125
narrow_multi_obstacle,433,3,1,500,0.0039643479976803064
narrow_multi_obstacle,433,4,1,500,0.00391019182279706
narrow_multi_obstacle,434,0,1,500,0.003960454137995839
narrow_multi_obstacle,434,1,1,500,0.004016706021502614
narrow_multi_obstacle,434,2,2,500,0.005143483867868781
narrow_multi_obstacle,434,3,1,500,0.004007786046713591
narrow_multi_obstacle,434,4,1,500,0.004102202132344246
narrow_multi_obstacle,435,0,1,500,0.003948439843952656
narrow_multi_obstacle,435,1,1,500,0.003916227957233787
narrow_multi_obstacle,435,2,2,500,0.005104620009660721
narrow_multi_obstacle,435,3,1,500,0.003954106010496616
narrow_multi_obstacle,435,4,1,500,0.003968411823734641
narrow_multi_obstacle,436,0,2,500,0.005141077795997262
narrow_multi_obstacle,436,1,1,500,0.004118690034374595
narrow_multi_obstacle,436,2,1,500,0.00414375402033329
narrow_multi_obstacle,436,3,2,500,0.005119921872392297
narrow_multi_obstacle,437,0,2,500,0.005246576154604554
narrow_multi_obstacle,437,1,2,500,0.005220396211370826
narrow_multi_obstacle,437,2,1,500,0.004012854071334004
narrow_multi_obstacle,437,3,1,500,0.003982126014307141
narrow_multi_obstacle,438,0,2,500,0.0052425900939852
narrow_multi_obstacle,438,1,1,500,0.004062115913257003
narrow_multi_obstacle,438,2,1,500,0.004097250057384372
narrow_multi_obstacle,438,3,2,500,0.005176514154300094
narrow_multi_obstacle,439,0,2,500,0.005278231808915734
narrow_multi_obstacle,439,1,2,500,0.005167358089238405
narrow_multi_obstacle,439,2,2,500,0.005149355856701732
narrow_multi_obstacle,440,0,1,500,0.0040655420161783695
narrow_multi_obstacle,440,1,1,500,0.003998129861429334
narrow_multi_obstacle,440,2,2,500,0.005134806036949158
narrow_multi_obstacle,440,3,2,500,0.005223158048465848
narrow_multi_obstacle,441,0,2,500,0.005260377889499068
narrow_multi_obstacle,441,1,2,500,0.00522734597325325
narrow_multi_obstacle,441,2,2,500,0.005168436095118523
narrow_multi_obstacle,442,0,2,500,0.005195306148380041
narrow_multi_obstacle,442,1,1,500,0.003987479954957962
narrow_multi_obstacle,442,2,1,500,0.0040069702081382275
narrow_multi_obstacle,442,3,2,500,0.005085877841338515
narrow_multi_obstacle,443,0,2,500,0.005130730103701353
narrow_multi_obstacle,443,1,2,500,0.005181381944566965
narrow_multi_obstacle,443,2,2,500,0.005162687972187996
narrow_multi_obstacle,444,0,1,500,0.00397535995580256
narrow_multi_obstacle,444,1,1,500,0.003957695793360472
narrow_multi_obstacle,444,2,2,500,0.005148611962795258
narrow_multi_obstacle,444,3,2,500,0.005137361818924546
narrow_multi_obstacle,445,0,2,500,0.005228911992162466
narrow_multi_obstacle,445,1,2,500,0.005163670051842928
narrow_multi_obstacle,445,2,2,500,0.0051861118990927935
narrow_multi_obstacle,446,0,1,500,0.003990703960880637
narrow_multi_obstacle,446,1,1,500,0.0038843518123030663
narrow_multi_obstacle,446,2,2,500,0.005113170016556978
narrow_multi_obstacle,446,3,2,500,0.005139782093465328
narrow_multi_obstacle,447,0,2,500,0.005385081982240081
narrow_multi_obstacle,447,1,2,500,0.005179984029382467
narrow_multi_obstacle,447,2,1,500,0.003978620050475001
narrow_multi_obstacle,447,3,1,500,0.003871345892548561
narrow_multi_obstacle,448,0,1,500,0.004010100150480866
narrow_multi_obstacle,448,1,1,500,0.003915945999324322
narrow_multi_obstacle,448,2,1,500,0.004034532001242042
narrow_multi_obstacle,448,3,1,500,0.003940700087696314
narrow_multi_obstacle,448,4,2,500,0.005350043997168541
narrow_multi_obstacle,449,0,2,500,0.005153025966137648
narrow_multi_obstacle,449,1,1,500,0.0039467099122703075
narrow_multi_obstacle,449,2,1,500,0.003996321931481361
narrow_multi_obstacle,449,3,2,500,0.005214477889239788
narrow_multi_obstacle,450,0,1,500,0.004014339996501803
narrow_multi_obstacle,450,1,1,500,0.004113152157515287
narrow_multi_obstacle,450,2,2,500,0.005201800027862191
narrow_multi_obstacle,450,3,1,500,0.004092899849638343
narrow_multi_obstacle,450,4,1,500,0.004053293960168958
narrow_multi_obstacle,451,0,1,500,0.0041646400932222605
narrow_multi_obstacle,451,1,1,500,0.00410121213644743
narrow_multi_obstacle,451,2,1,500,0.004020677879452705
narrow_multi_obstacle,451,3,1,500,0.004084649961441755
narrow_multi_obstacle,451,4,2,500,0.005332377972081304
narrow_multi_obstacle,452,0,2,500,0.005175330210477114
narrow_multi_obstacle,452,1,2,500,0.005297033814713359
narrow_multi_obstacle,452,2,2,500,0.005370567785575986
narrow_multi_obstacle,453,0,2,500,0.005415967898443341
narrow_multi_obstacle,453,1,2,500,0.005364476004615426
narrow_multi_obstacle,453,2,1,500,0.00413290411233902
narrow_multi_obstacle,453,3,1,500,0.004188064020127058
narrow_multi_obstacle,454,0,2,500,0.005185794085264206
narrow_multi_obstacle,454,1,2,500,0.0051789500284940004
narrow_multi_obstacle,454,2,2,500,0.005210013827309012
narrow_multi_obstacle,455,0,1,500,0.003991425968706608
narrow_multi_obstacle,455,1,1,500,0.004023127956315875
narrow_multi_obstacle,455,2,2,500,0.005240205908194184
narrow_multi_obstacle,455,3,2,500,0.005248331930488348
narrow_multi_obstacle,456,0,2,500,0.005137286148965359
narrow_multi_obstacle,456,1,2,500,0.005196177866309881
narrow_multi_obstacle,456,2,2,500,0.005221055820584297
narrow_multi_obstacle,457,0,1,500,0.004079087870195508
narrow_multi_obstacle,457,1,1,500,0.00400542002171278
narrow_multi_obstacle,457,2,2,500,0.005105158081278205
narrow_multi_obstacle,457,3,1,500,0.004012441961094737
narrow_multi_obstacle,457,4,1,500,0.004099101992323995
narrow_multi_obstacle,458,0,1,500,0.004010571865364909
narrow_multi_obstacle,458,1,1,500,0.003968626027926803
narrow_multi_obstacle,458,2,2,500,0.005130566190928221
narrow_multi_obstacle,458,3,1,500,0.004147487925365567
narrow_multi_obstacle,458,4,1,500,0.004010157892480493
narrow_multi_obstacle,459,0,2,500,0.005166108021512628
narrow_multi_obstacle,459,1,2,500,0.005184381967410445
narrow_multi_obstacle,459,2,1,500,0.004018102074041963
narrow_multi_obstacle,459,3,1,500,0.004091665847226977
narrow_multi_obstacle,460,0,1,500,0.00410389993339777
narrow_multi_obstacle,460,1,1,500,0.004020181950181723
narrow_multi_obstacle,460,2,2,500,0.005228969966992736
narrow_multi_obstacle,460,3,1,500,0.004229672020301223
narrow_multi_obstacle,460,4,1,500,0.004184135934337974
narrow_multi_obstacle,461,0,1,500,0.004181405995041132
narrow_multi_obstacle,461,1,1,500,0.0040763081051409245
narrow_multi_obstacle,461,2,2,500,0.005195422098040581
narrow_multi_obstacle,461,3,1,500,0.003998551983386278
narrow_multi_obstacle,461,4,1,500,0.004053157987073064
narrow_multi_obstacle,462,0,1,500,0.004099788144230843
narrow_multi_obstacle,462,1,1,500,0.003971481928601861
narrow_multi_obstacle,462,2,2,500,0.0052068959921598434
narrow_multi_obstacle,462,3,1,500,0.004113165894523263
narrow_multi_obstacle,462,4,1,500,0.004077766090631485
narrow_multi_obstacle,463,0,2,500,0.005248907953500748
narrow_multi_obstacle,463,1,1,500,0.004129010019823909
narrow_multi_obstacle,463,2,1,500,0.003998467931523919
narrow_multi_obstacle,463,3,1,500,0.0040693399496376514
narrow_multi_obstacle,463,4,1,500,0.004049635957926512
narrow_multi_obstacle,464,0,1,500,0.003933715866878629
narrow_multi_obstacle,464,1,1,500,0.00400599604472518
narrow_multi_obstacle,464,2,2,500,0.0051474180072546005
narrow_multi_obstacle,464,3,2,500,0.00513085606507957
narrow_multi_obstacle,465,0,1,500,0.0042082760483026505
narrow_multi_obstacle,465,1,1,500,0.004275934072211385
narrow_multi_obstacle,465,2,1,500,0.004326788010075688
narrow_multi_obstacle,465,3,1,500,0.00425571808591485
narrow_multi_obstacle,465,4,2,500,0.00521016214042902
narrow_multi_obstacle,466,0,1,500,0.004087198060005903
narrow_multi_obstacle,466,1,1,500,0.004199750022962689
narrow_multi_obstacle,466,2,1,500,0.004179624142125249
narrow_multi_obstacle,466,3,1,500,0.004122896119952202
narrow_multi_obstacle,466,4,2,500,0.005200115963816643
narrow_multi_obstacle,467,0,2,500,0.005148401949554682
narrow_multi_obstacle,467,1,1,500,0.003931751940399408
narrow_multi_obstacle,467,2,1,500,0.003963423892855644
narrow_multi_obstacle,467,3,1,500,0.004006061935797334
narrow_multi_obstacle,467,4,1,500,0.004024796187877655
narrow_multi_obstacle,468,0,2,500,0.005132785998284817
narrow_multi_obstacle,468,1,1,500,0.004045862006023526
narrow_multi_obstacle,468,2,1,500,0.004093461902812123
narrow_multi_obstacle,468,3,1,500,0.004007709911093116
narrow_multi_obstacle,468,4,1,500,0.004104141844436526
narrow_multi_obstacle,469,0,2,500,0.005203387932851911
narrow_multi_obstacle,469,1,2,500,0.005256565986201167
narrow_multi_obstacle,469,2,1,500,0.0039577779825776815
narrow_multi_obstacle,469,3,1,500,0.004036186030134559
narrow_multi_obstacle,470,0,2,500,0.005133175989612937
narrow_multi_obstacle,470,1,2,500,0.005167753901332617
narrow_multi_obstacle,470,2,1,500,0.004129845881834626
narrow_multi_obstacle,470,3,1,500,0.004072451964020729
narrow_multi_obstacle,471,0,2,500,0.005157537991181016
narrow_multi_obstacle,471,1,2,500,0.005089134210720658
narrow_multi_obstacle,471,2,2,500,0.005116466199979186
narrow_multi_obstacle,472,0,2,500,0.005179604049772024
narrow_multi_obstacle,472,1,2,500,0.0051781299989670515
narrow_multi_obstacle,472,2,2,500,0.005241248058155179
narrow_multi_obstacle,473,0,2,500,0.0052491179667413235
narrow_multi_obstacle,473,1,2,500,0.005295729963108897
narrow_multi_obstacle,473,2,1,500,0.004068621899932623
narrow_multi_obstacle,473,3,1,500,0.004135569790378213
narrow_multi_obstacle,474,0,1,500,0.0039821958635002375
narrow_multi_obstacle,474,1,1,500,0.0040114340372383595
narrow_multi_obstacle,474,2,1,500,0.003980370005592704
narrow_multi_obstacle,474,3,1,500,0.003966065822169185
narrow_multi_obstacle,474,4,2,500,0.005148777971044183
narrow_multi_obstacle,475,0,2,500,0.00509274797514081
narrow_multi_obstacle,475,1,1,500,0.003957807784900069
narrow_multi_obstacle,475,2,1,500,0.004004781832918525
narrow_multi_obstacle,475,3,1,500,0.003919105976819992
narrow_multi_obstacle,475,4,1,500,0.003949074074625969
narrow_multi_obstacle,476,0,1,500,0.003983070142567158
narrow_multi_obstacle,476,1,1,500,0.00402985792607069
narrow_multi_obstacle,476,2,2,500,0.005167267983779311
narrow_multi_obstacle,476,3,1,500,0.003957503940910101
narrow_multi_obstacle,476,4,1,500,0.004036306170746684
narrow_multi_obstacle,477,0,2,500,0.0050734279211610556
narrow_multi_obstacle,477,1,1,500,0.004096528049558401
narrow_multi_obstacle,477,2,1,500,0.00393874803557992
narrow_multi_obstacle,477,3,2,500,0.0051314260344952345
narrow_multi_obstacle,478,0,1,500,0.003946690121665597
narrow_multi_obstacle,478,1,1,500,0.003931262064725161
narrow_multi_obstacle,478,2,2,500,0.00514306197874248
narrow_multi_obstacle,478,3,2,500,0.005103120114654303
narrow_multi_obstacle,479,0,1,500,0.0039639160968363285
narrow_multi_obstacle,479,1,1,500,0.004010295961052179
narrow_multi_obstacle,479,2,2,500,0.0051286781672388315
narrow_multi_obstacle,479,3,1,500,0.004079654114320874
narrow_multi_obstacle,479,4,1,500,0.003966860007494688
narrow_multi_obstacle,480,0,2,500,0.005218425998464227
narrow_multi_obstacle,480,1,2,500,0.005223745945841074
narrow_multi_obstacle,480,2,2,500,0.005317344097420573
narrow_multi_obstacle,481,0,1,500,0.004099254030734301
narrow_multi_obstacle,481,1,1,500,0.003912630025297403
narrow_multi_obstacle,481,2,2,500,0.005180696025490761
narrow_multi_obstacle,481,3,2,500,0.005187629954889417
narrow_multi_obstacle,482,0,1,500,0.004006988136097789
narrow_multi_obstacle,482,1,1,500,0.004092328017577529
narrow_multi_obstacle,482,2,2,500,0.005169290117919445
narrow_multi_obstacle,482,3,1,500,0.0039651039987802505
narrow_multi_obstacle,482,4,1,500,0.004114968003705144
narrow_multi_obstacle,483,0,1,500,0.004038465907797217
narrow_multi_obstacle,483,1,1,500,0.004079153994098306
narrow_multi_obstacle,483,2,2,500,0.0052076459396630526
narrow_multi_obstacle,483,3,1,500,0.004065519897267222
narrow_multi_obstacle,483,4,1,500,0.003915273817256093
narrow_multi_obstacle,484,0,2,500,0.005145295988768339
narrow_multi_obstacle,484,1,2,500,0.005147620104253292
narrow_multi_obstacle,484,2,2,500,0.005186052061617374
narrow_multi_obstacle,485,0,2,500,0.005171244032680988
narrow_multi_obstacle,485,1,2,500,0.0051680379547178745
narrow_multi_obstacle,485,2,1,500,0.00399392400868237
narrow_multi_obstacle,485,3,1,500,0.003943488001823425
narrow_multi_obstacle,486,0,1,500,0.003874709829688072
narrow_multi_obstacle,486,1,1,500,0.003910935949534178
narrow_multi_obstacle,486,2,2,500,0.005127359880134463
narrow_multi_obstacle,486,3,2,500,0.005136996041983366
narrow_multi_obstacle,487,0,1,500,0.0039929181803017855
narrow_multi_obstacle,487,1,1,500,0.003973171813413501
narrow_multi_obstacle,487,2,2,500,0.005118644097819924
narrow_multi_obstacle,487,3,1,500,0.003996345913037658
narrow_multi_obstacle,487,4,1,500,0.004050842020660639
narrow_multi_obstacle,488,0,2,500,0.005230743903666735
narrow_multi_obstacle,488,1,1,500,0.004021079977974296
narrow_multi_obstacle,488,2,1,500,0.004049832001328468
narrow_multi_obstacle,488,3,2,500,0.00523713999427855
narrow_multi_obstacle,489,0,1,500,0.004075138131156564
narrow_multi_obstacle,489,1,1,500,0.004090468166396022
narrow_multi_obstacle,489,2,2,500,0.00519214803352952
narrow_multi_obstacle,489,3,2,500,0.005224897991865873
narrow_multi_obstacle,490,0,2,500,0.005175561876967549
narrow_multi_obstacle,490,1,2,500,0.005376135930418968
narrow_multi_obstacle,490,2,2,500,0.0051896239165216684
narrow_multi_obstacle,491,0,2,500,0.005273510003462434
narrow_multi_obstacle,491,1,2,500,0.005226033972576261
narrow_multi_obstacle,491,2,1,500,0.004075694130733609
narrow_multi_obstacle,491,3,1,500,0.004150473978370428
narrow_multi_obstacle,492,0,1,500,0.004067874047905207
narrow_multi_obstacle,492,1,1,500,0.004055714001879096
narrow_multi_obstacle,492,2,2,500,0.005728719988837838
narrow_multi_obstacle,492,3,2,500,0.005123956128954887
narrow_multi_obstacle,493,0,2,500,0.005142913898453116
narrow_multi_obstacle,493,1,2,500,0.00516254804097116
narrow_multi_obstacle,493,2,2,500,0.00512671610340476
narrow_multi_obstacle,494,0,1,500,0.003955786116421223
narrow_multi_obstacle,494,1,1,500,0.003973696148023009
narrow_multi_obstacle,494,2,2,500,0.005192503798753023
narrow_multi_obstacle,494,3,2,500,0.005159291904419661
narrow_multi_obstacle,495,0,1,500,0.003904154058545828
narrow_multi_obstacle,495,1,1,500,0.00390842417255044
narrow_multi_obstacle,495,2,2,500,0.005140824010595679
narrow_multi_obstacle,495,3,1,500,0.003946003969758749
narrow_multi_obstacle,495,4,1,500,0.003935240209102631
narrow_multi_obstacle,496,0,1,500,0.003973495913669467
narrow_multi_obstacle,496,1,1,500,0.003970320103690028
narrow_multi_obstacle,496,2,1,500,0.0039891020860522985
narrow_multi_obstacle,496,3,1,500,0.003963432041928172
narrow_multi_obstacle,496,4,2,500,0.0051513779908418655
narrow_multi_obstacle,497,0,2,500,0.005214316071942449
narrow_multi_obstacle,497,1,2,500,0.005154169863089919
narrow_multi_obstacle,497,2,1,500,0.004077566089108586
narrow_multi_obstacle,497,3,1,500,0.004052707925438881
narrow_multi_obstacle,498,0,2,500,0.00522151798941195
narrow_multi_obstacle,498,1,1,500,0.0039750400464981794
narrow_multi_obstacle,498,2,1,500,0.004009825875982642
narrow_multi_obstacle,498,3,1,500,0.003913394175469875
narrow_multi_obstacle,498,4,1,500,0.004038163926452398
narrow_multi_obstacle,499,0,1,500,0.004051072057336569
narrow_multi_obstacle,499,1,1,500,0.004063382046297193
narrow_multi_obstacle,499,2,1,500,0.0041147039737552404
narrow_multi_obstacle,499,3,1,500,0.004124823957681656
narrow_multi_obstacle,499,4,2,500,0.00528244418092072
prediction_noise,0,0,1,500,0.004011773969978094
prediction_noise,7,0,1,500,0.004026648122817278
prediction_noise,9,0,1,500,0.004081582184880972
prediction_noise,16,0,1,500,0.004085359862074256
prediction_noise,20,0,1,500,0.004121891921386123
prediction_noise,25,0,1,500,0.004034825833514333
prediction_noise,28,0,1,500,0.004111898131668568
prediction_noise,33,0,1,500,0.004057195968925953
prediction_noise,72,0,1,500,0.004149923799559474
prediction_noise,92,0,1,500,0.004121541976928711
prediction_noise,95,0,1,500,0.004078654106706381
prediction_noise,99,0,1,500,0.004086240194737911
prediction_noise,100,0,1,500,0.004083551932126284
prediction_noise,106,0,1,500,0.00389482406899333
prediction_noise,110,0,1,500,0.003989581950008869
prediction_noise,111,0,1,500,0.004039315972477198
prediction_noise,113,0,1,500,0.003974601859226823
prediction_noise,140,0,1,500,0.0040013541001826525
prediction_noise,144,0,1,500,0.0039501499850302935
prediction_noise,145,0,1,500,0.003970196004956961
prediction_noise,159,0,1,500,0.0040365299209952354
prediction_noise,168,0,1,500,0.0040157821495085955
prediction_noise,218,0,1,500,0.0039517078548669815
prediction_noise,223,0,1,500,0.003952358150854707
prediction_noise,229,0,1,500,0.003938728012144566
prediction_noise,277,0,1,500,0.0040681620594114065
prediction_noise,282,0,1,500,0.003986147930845618
prediction_noise,291,0,1,500,0.0039281880017369986
prediction_noise,293,0,1,500,0.0039396199863404036
prediction_noise,298,0,1,500,0.0038871942088007927
prediction_noise,304,0,1,500,0.003870391985401511
prediction_noise,309,0,1,500,0.003936273977160454
prediction_noise,315,0,1,500,0.003971781814470887
prediction_noise,336,0,1,500,0.003895917907357216
prediction_noise,342,0,1,500,0.0039229500107467175
prediction_noise,356,0,1,500,0.003991794073954225
prediction_noise,378,0,1,500,0.004058036021888256
prediction_noise,382,0,1,500,0.003914359956979752
prediction_noise,385,0,1,500,0.004086175933480263
prediction_noise,392,0,1,500,0.004031425807625055
prediction_noise,399,0,1,500,0.004059839993715286
prediction_noise,415,0,1,500,0.003977455897256732
prediction_noise,420,0,1,500,0.00407101190648973
prediction_noise,423,0,1,500,0.003967446042224765
prediction_noise,427,0,1,500,0.004048074129968882
prediction_noise,432,0,1,500,0.004064892185851932
prediction_noise,433,0,1,500,0.004113354021683335
prediction_noise,466,0,1,500,0.004096591845154762
prediction_noise,473,0,1,500,0.004115103976801038
prediction_noise,478,0,1,500,0.004201533971354365
prediction_noise,487,0,1,500,0.004016849910840392
