case_kind,seed,station_count,blocked_idx,repeats,runtime_ms,max_abs_error_m,solved,iterations,solver_ms
crossing_pedestrian,0,65,-1,5,0.055765600000000005,0,1,25,0.026986
crossing_pedestrian,1,65,-1,5,0.051463000000000002,0,1,25,0.025387
crossing_pedestrian,2,65,-1,5,0.051492599999999999,0,1,25,0.02538
crossing_pedestrian,3,65,-1,5,0.050819800000000005,0,1,25,0.025420999999999999
crossing_pedestrian,4,65,-1,5,0.050811799999999997,0,1,25,0.025489999999999999
crossing_pedestrian,5,65,-1,5,0.051487199999999997,0,1,25,0.024805000000000001
crossing_pedestrian,6,65,-1,5,0.051686600000000006,0,1,25,0.025092
crossing_pedestrian,7,65,-1,5,0.051746599999999997,0,1,25,0.026690999999999999
crossing_pedestrian,8,65,-1,5,0.053682399999999998,0,1,25,0.026376
crossing_pedestrian,9,65,-1,5,0.050153999999999997,0,1,25,0.025836999999999999
crossing_pedestrian,10,65,-1,5,0.0534064,0,1,25,0.026935000000000001
crossing_pedestrian,11,65,-1,5,0.050317399999999998,0,1,25,0.025437000000000001
crossing_pedestrian,12,65,-1,5,0.051635799999999996,0,1,25,0.025281000000000001
crossing_pedestrian,13,65,-1,5,0.050305599999999992,0,1,25,0.025388999999999998
crossing_pedestrian,14,65,-1,5,0.050886600000000004,0,1,25,0.027432000000000002
crossing_pedestrian,15,65,-1,5,0.052613399999999998,0,1,25,0.025197000000000001
crossing_pedestrian,16,65,-1,5,0.057199,0,1,25,0.027088999999999998
crossing_pedestrian,17,65,-1,5,0.051063999999999998,0,1,25,0.025257999999999999
crossing_pedestrian,18,65,-1,5,0.051134199999999998,0,1,25,0.025524999999999999
crossing_pedestrian,19,65,-1,5,0.050879199999999999,0,1,25,0.026738999999999999
crossing_pedestrian,20,65,-1,5,0.050361599999999992,0,1,25,0.025520000000000001
crossing_pedestrian,21,65,-1,5,0.0503312,0,1,25,0.025801000000000001
crossing_pedestrian,22,65,-1,5,0.051239599999999996,0,1,25,0.025492000000000001
crossing_pedestrian,23,65,-1,5,0.050365199999999999,0,1,25,0.025357000000000001
crossing_pedestrian,24,65,-1,5,0.051632999999999998,0,1,25,0.027491000000000002
crossing_pedestrian,25,65,-1,5,0.050941599999999997,0,1,25,0.025245
crossing_pedestrian,26,65,-1,5,0.050292800000000006,0,1,25,0.025447000000000001
crossing_pedestrian,27,65,-1,5,0.051037600000000002,0,1,25,0.025347000000000001
crossing_pedestrian,28,65,-1,5,0.051248599999999998,0,1,25,0.025125999999999999
crossing_pedestrian,29,65,-1,5,0.052853600000000001,0,1,25,0.027592999999999999
crossing_pedestrian,30,65,-1,5,0.052022199999999998,0,1,25,0.025503000000000001
crossing_pedestrian,31,65,-1,5,0.055015999999999995,0,1,25,0.037428000000000003
crossing_pedestrian,32,65,-1,5,0.052648799999999996,0,1,25,0.025326999999999999
crossing_pedestrian,33,65,-1,5,0.052903800000000001,0,1,25,0.026622
crossing_pedestrian,34,65,-1,5,0.0528864,0,1,25,0.026793999999999998
crossing_pedestrian,35,65,-1,5,0.052134199999999999,0,1,25,0.026535
crossing_pedestrian,36,65,-1,5,0.053833800000000001,0,1,25,0.027563000000000001
crossing_pedestrian,37,65,-1,5,0.053256199999999997,0,1,25,0.02656
crossing_pedestrian,38,65,-1,5,0.053354199999999997,0,1,25,0.027709999999999999
crossing_pedestrian,39,65,-1,5,0.050278000000000003,0,1,25,0.025298000000000001
crossing_pedestrian,40,65,-1,5,0.050234399999999998,0,1,25,0.025211999999999998
crossing_pedestrian,41,65,-1,5,0.050985199999999994,0,1,25,0.025433999999999998
crossing_pedestrian,42,65,-1,5,0.050408600000000005,0,1,25,0.025305000000000001
crossing_pedestrian,43,65,-1,5,0.050641400000000003,0,1,25,0.025270000000000001
crossing_pedestrian,44,65,-1,5,0.050341199999999996,0,1,25,0.025326000000000001
crossing_pedestrian,45,65,-1,5,0.050182000000000004,0,1,25,0.025538000000000002
crossing_pedestrian,46,65,-1,5,0.051980000000000005,0,1,25,0.026394000000000001
crossing_pedestrian,47,65,-1,5,0.050993999999999998,0,1,25,0.025288999999999999
crossing_pedestrian,48,65,-1,5,0.051001600000000001,0,1,25,0.025530000000000001
crossing_pedestrian,49,65,-1,5,0.050504400000000005,0,1,25,0.0258
crossing_pedestrian,50,65,-1,5,0.052333200000000003,0,1,25,0.026641999999999999
crossing_pedestrian,51,65,-1,5,0.051170400000000005,0,1,25,0.025347000000000001
crossing_pedestrian,52,65,-1,5,0.052456999999999997,0,1,25,0.02656
crossing_pedestrian,53,65,-1,5,0.053492600000000001,0,1,25,0.026643
crossing_pedestrian,54,65,-1,5,0.050265999999999998,0,1,25,0.025302000000000002
crossing_pedestrian,55,65,-1,5,0.050488200000000004,0,1,25,0.025190000000000001
crossing_pedestrian,56,65,-1,5,0.052312600000000001,0,1,25,0.025198000000000002
crossing_pedestrian,57,65,-1,5,0.050353800000000004,0,1,25,0.024974
crossing_pedestrian,58,65,-1,5,0.052666400000000002,0,1,25,0.027012000000000001
crossing_pedestrian,59,65,-1,5,0.051066399999999998,0,1,25,0.026136
crossing_pedestrian,60,65,-1,5,0.052763999999999998,0,1,25,0.02665
crossing_pedestrian,61,65,-1,5,0.050745799999999994,0,1,25,0.025506999999999998
crossing_pedestrian,62,65,-1,5,0.050396399999999994,0,1,25,0.025475999999999999
crossing_pedestrian,63,65,-1,5,0.052529400000000004,0,1,25,0.025066000000000001
crossing_pedestrian,64,65,-1,5,0.050242799999999997,0,1,25,0.025689
crossing_pedestrian,65,65,-1,5,0.050744599999999994,0,1,25,0.026956999999999998
crossing_pedestrian,66,65,-1,5,0.050152799999999997,0,1,25,0.025475000000000001
crossing_pedestrian,67,65,-1,5,0.050760600000000003,0,1,25,0.026748000000000001
crossing_pedestrian,68,65,-1,5,0.050081000000000001,0,1,25,0.02691
crossing_pedestrian,69,65,-1,5,0.050296799999999996,0,1,25,0.025141
crossing_pedestrian,70,65,-1,5,0.052064399999999997,0,1,25,0.028195000000000001
crossing_pedestrian,71,65,-1,5,0.050544800000000001,0,1,25,0.025975999999999999
crossing_pedestrian,72,65,-1,5,0.050388599999999992,0,1,25,0.025159999999999998
crossing_pedestrian,73,65,-1,5,0.050520799999999998,0,1,25,0.025226999999999999
crossing_pedestrian,74,65,-1,5,0.050054799999999997,0,1,25,0.025146000000000002
crossing_pedestrian,75,65,-1,5,0.051380000000000002,0,1,25,0.025222000000000001
crossing_pedestrian,76,65,-1,5,0.049823199999999998,0,1,25,0.024989999999999998
crossing_pedestrian,77,65,-1,5,0.0499958,0,1,25,0.025264999999999999
crossing_pedestrian,78,65,-1,5,0.0512822,0,1,25,0.025197000000000001
crossing_pedestrian,79,65,-1,5,0.050406600000000003,0,1,25,0.025284000000000001
crossing_pedestrian,80,65,-1,5,0.0519598,0,1,25,0.025724
crossing_pedestrian,81,65,-1,5,0.050211799999999994,0,1,25,0.025137
crossing_pedestrian,82,65,-1,5,0.050573,0,1,25,0.028561
crossing_pedestrian,83,65,-1,5,0.050286600000000001,0,1,25,0.025871000000000002
crossing_pedestrian,84,65,-1,5,0.050340200000000002,0,1,25,0.027163
crossing_pedestrian,85,65,-1,5,0.054088199999999996,0,1,25,0.025293
crossing_pedestrian,86,65,-1,5,0.050447600000000002,0,1,25,0.025479000000000002
crossing_pedestrian,87,65,-1,5,0.053862600000000004,0,1,25,0.028084999999999999
crossing_pedestrian,88,65,-1,5,0.050029000000000004,0,1,25,0.025242000000000001
crossing_pedestrian,89,65,-1,5,0.050263000000000002,0,1,25,0.025405
crossing_pedestrian,90,65,-1,5,0.050924999999999998,0,1,25,0.025211999999999998
crossing_pedestrian,91,65,-1,5,0.055264000000000001,0,1,25,0.029498
crossing_pedestrian,92,65,-1,5,0.051315800000000002,0,1,25,0.026827
crossing_pedestrian,93,65,-1,5,0.050359799999999996,0,1,25,0.025311
crossing_pedestrian,94,65,-1,5,0.050743799999999992,0,1,25,0.026634999999999999
crossing_pedestrian,95,65,-1,5,0.051232,0,1,25,0.025579999999999999
crossing_pedestrian,96,65,-1,5,0.049994200000000003,0,1,25,0.025441999999999999
crossing_pedestrian,97,65,-1,5,0.051660999999999999,0,1,25,0.025170999999999999
crossing_pedestrian,98,65,-1,5,0.051822400000000005,0,1,25,0.025135000000000001
crossing_pedestrian,99,65,-1,5,0.0498486,0,1,25,0.025544000000000001
crossing_pedestrian,100,65,-1,5,0.050039800000000002,0,1,25,0.025992999999999999
crossing_pedestrian,101,65,-1,5,0.050092400000000002,0,1,25,0.024882999999999999
crossing_pedestrian,102,65,-1,5,0.051029599999999994,0,1,25,0.025245
crossing_pedestrian,103,65,-1,5,0.050841600000000001,0,1,25,0.025082
crossing_pedestrian,104,65,-1,5,0.050465599999999999,0,1,25,0.027673
crossing_pedestrian,105,65,-1,5,0.049801999999999999,0,1,25,0.024954
crossing_pedestrian,106,65,-1,5,0.0499468,0,1,25,0.025378000000000001
crossing_pedestrian,107,65,-1,5,0.050505800000000003,0,1,25,0.025517999999999999
crossing_pedestrian,108,65,-1,5,0.051471199999999995,0,1,25,0.025302999999999999
crossing_pedestrian,109,65,-1,5,0.051041199999999995,0,1,25,0.025104000000000001
crossing_pedestrian,110,65,-1,5,0.052483800000000004,0,1,25,0.026858
crossing_pedestrian,111,65,-1,5,0.052950399999999995,0,1,25,0.026509000000000001
crossing_pedestrian,112,65,-1,5,0.053880999999999998,0,1,25,0.024962999999999999
crossing_pedestrian,113,65,-1,5,0.0498136,0,1,25,0.025294000000000001
crossing_pedestrian,114,65,-1,5,0.052659199999999996,0,1,25,0.026585999999999999
crossing_pedestrian,115,65,-1,5,0.0521398,0,1,25,0.025361999999999999
crossing_pedestrian,116,65,-1,5,0.050468400000000004,0,1,25,0.027344
crossing_pedestrian,117,65,-1,5,0.049770399999999999,0,1,25,0.025021999999999999
crossing_pedestrian,118,65,-1,5,0.049917599999999999,0,1,25,0.025156000000000001
crossing_pedestrian,119,65,-1,5,0.051172599999999999,0,1,25,0.025302000000000002
crossing_pedestrian,120,65,-1,5,0.049927600000000003,0,1,25,0.025319000000000001
crossing_pedestrian,121,65,-1,5,0.050184399999999997,0,1,25,0.026912999999999999
crossing_pedestrian,122,65,-1,5,0.049871199999999997,0,1,25,0.025260000000000001
crossing_pedestrian,123,65,-1,5,0.049850600000000002,0,1,25,0.025208999999999999
crossing_pedestrian,124,65,-1,5,0.051994200000000004,0,1,25,0.029135999999999999
crossing_pedestrian,125,65,-1,5,0.050438200000000002,0,1,25,0.025051
crossing_pedestrian,126,65,-1,5,0.051643799999999997,0,1,25,0.026381000000000002
crossing_pedestrian,127,65,-1,5,0.050045799999999994,0,1,25,0.025298000000000001
crossing_pedestrian,128,65,-1,5,0.0498006,0,1,25,0.025144
crossing_pedestrian,129,65,-1,5,0.050737600000000008,0,1,25,0.025337999999999999
crossing_pedestrian,130,65,-1,5,0.049754199999999998,0,1,25,0.025329000000000001
crossing_pedestrian,131,65,-1,5,0.050317599999999997,0,1,25,0.025219999999999999
crossing_pedestrian,132,65,-1,5,0.055930800000000003,0,1,25,0.031366999999999999
crossing_pedestrian,133,65,-1,5,0.049814600000000001,0,1,25,0.025087999999999999
crossing_pedestrian,134,65,-1,5,0.050857799999999995,0,1,25,0.025049999999999999
crossing_pedestrian,135,65,-1,5,0.049960400000000002,0,1,25,0.025343000000000001
crossing_pedestrian,136,65,-1,5,0.051796200000000001,0,1,25,0.027005999999999999
crossing_pedestrian,137,65,-1,5,0.050562399999999993,0,1,25,0.025368000000000002
crossing_pedestrian,138,65,-1,5,0.049821600000000001,0,1,25,0.025028000000000002
crossing_pedestrian,139,65,-1,5,0.050410200000000002,0,1,25,0.025007000000000001
crossing_pedestrian,140,65,-1,5,0.0497726,0,1,25,0.025041999999999998
crossing_pedestrian,141,65,-1,5,0.051245600000000002,0,1,25,0.025368999999999999
crossing_pedestrian,142,65,-1,5,0.050087400000000004,0,1,25,0.025172
crossing_pedestrian,143,65,-1,5,0.050131000000000002,0,1,25,0.025218000000000001
crossing_pedestrian,144,65,-1,5,0.0510918,0,1,25,0.024961000000000001
crossing_pedestrian,145,65,-1,5,0.049957600000000005,0,1,25,0.025378999999999999
crossing_pedestrian,146,65,-1,5,0.050775000000000001,0,1,25,0.025344999999999999
crossing_pedestrian,147,65,-1,5,0.049834000000000003,0,1,25,0.025019
crossing_pedestrian,148,65,-1,5,0.054134599999999998,0,1,25,0.028995
crossing_pedestrian,149,65,-1,5,0.052777200000000003,0,1,25,0.025228
crossing_pedestrian,150,65,-1,5,0.050242799999999997,0,1,25,0.025111999999999999
crossing_pedestrian,151,65,-1,5,0.051953199999999998,0,1,25,0.026696999999999999
crossing_pedestrian,152,65,-1,5,0.052961800000000003,0,1,25,0.027876999999999999
crossing_pedestrian,153,65,-1,5,0.050512199999999993,0,1,25,0.025344999999999999
crossing_pedestrian,154,65,-1,5,0.050124599999999998,0,1,25,0.026837
crossing_pedestrian,155,65,-1,5,0.049703399999999995,0,1,25,0.025179
crossing_pedestrian,156,65,-1,5,0.052393000000000002,0,1,25,0.026589000000000002
crossing_pedestrian,157,65,-1,5,0.049754,0,1,25,0.025100000000000001
crossing_pedestrian,158,65,-1,5,0.050416399999999993,0,1,25,0.02511
crossing_pedestrian,159,65,-1,5,0.050667399999999994,0,1,25,0.025437000000000001
crossing_pedestrian,160,65,-1,5,0.0500414,0,1,25,0.024798000000000001
crossing_pedestrian,161,65,-1,5,0.050966400000000002,0,1,25,0.025419000000000001
crossing_pedestrian,162,65,-1,5,0.050833399999999994,0,1,25,0.026193000000000001
crossing_pedestrian,163,65,-1,5,0.053970600000000001,0,1,25,0.026637000000000001
crossing_pedestrian,164,65,-1,5,0.0499128,0,1,25,0.025118999999999999
crossing_pedestrian,165,65,-1,5,0.050102400000000005,0,1,25,0.024979000000000001
crossing_pedestrian,166,65,-1,5,0.050207599999999998,0,1,25,0.025045999999999999
crossing_pedestrian,167,65,-1,5,0.050236800000000005,0,1,25,0.02528
crossing_pedestrian,168,65,-1,5,0.051363400000000003,0,1,25,0.025309999999999999
crossing_pedestrian,169,65,-1,5,0.049753599999999995,0,1,25,0.025044
crossing_pedestrian,170,65,-1,5,0.051781200000000006,0,1,25,0.026790000000000001
crossing_pedestrian,171,65,-1,5,0.050129199999999999,0,1,25,0.025076999999999999
crossing_pedestrian,172,65,-1,5,0.049612400000000001,0,1,25,0.025241
crossing_pedestrian,173,65,-1,5,0.051224800000000001,0,1,25,0.025194000000000001
crossing_pedestrian,174,65,-1,5,0.050921799999999996,0,1,25,0.025173999999999998
crossing_pedestrian,175,65,-1,5,0.050855399999999995,0,1,25,0.027489
crossing_pedestrian,176,65,-1,5,0.050219,0,1,25,0.025177000000000001
crossing_pedestrian,177,65,-1,5,0.050969200000000006,0,1,25,0.025922000000000001
crossing_pedestrian,178,65,-1,5,0.052079399999999998,0,1,25,0.029288999999999999
crossing_pedestrian,179,65,-1,5,0.051336000000000007,0,1,25,0.026578000000000001
crossing_pedestrian,180,65,-1,5,0.052084800000000001,0,1,25,0.026689999999999998
crossing_pedestrian,181,65,-1,5,0.050293400000000002,0,1,25,0.024933
crossing_pedestrian,182,65,-1,5,0.049962400000000004,0,1,25,0.025238
crossing_pedestrian,183,65,-1,5,0.050861199999999995,0,1,25,0.025076999999999999
crossing_pedestrian,184,65,-1,5,0.050202999999999998,0,1,25,0.025337999999999999
crossing_pedestrian,185,65,-1,5,0.050022999999999998,0,1,25,0.025122999999999999
crossing_pedestrian,186,65,-1,5,0.049754199999999998,0,1,25,0.0253
crossing_pedestrian,187,65,-1,5,0.050027200000000008,0,1,25,0.026086000000000002
crossing_pedestrian,188,65,-1,5,0.0507308,0,1,25,0.025176
crossing_pedestrian,189,65,-1,5,0.050285000000000003,0,1,25,0.025228
crossing_pedestrian,190,65,-1,5,0.051327400000000002,0,1,25,0.026858
crossing_pedestrian,191,65,-1,5,0.050147799999999999,0,1,25,0.025744
crossing_pedestrian,192,65,-1,5,0.049832399999999999,0,1,25,0.025224
crossing_pedestrian,193,65,-1,5,0.052854599999999995,0,1,25,0.026793999999999998
crossing_pedestrian,194,65,-1,5,0.049777200000000001,0,1,25,0.025056999999999999
crossing_pedestrian,195,65,-1,5,0.050859200000000007,0,1,25,0.026695
crossing_pedestrian,196,65,-1,5,0.052532599999999999,0,1,25,0.026699000000000001
crossing_pedestrian,197,65,-1,5,0.0524436,0,1,25,0.024986999999999999
crossing_pedestrian,198,65,-1,5,0.050141199999999997,0,1,25,0.025045000000000001
crossing_pedestrian,199,65,-1,5,0.049993200000000002,0,1,25,0.025361999999999999
crossing_pedestrian,200,65,-1,5,0.050632200000000002,0,1,25,0.025215999999999999
crossing_pedestrian,201,65,-1,5,0.0497364,0,1,25,0.025222999999999999
crossing_pedestrian,202,65,-1,5,0.050186399999999999,0,1,25,0.026908000000000001
crossing_pedestrian,203,65,-1,5,0.0517508,0,1,25,0.025166999999999998
crossing_pedestrian,204,65,-1,5,0.050327799999999999,0,1,25,0.025308000000000001
crossing_pedestrian,205,65,-1,5,0.051218399999999997,0,1,25,0.025054
crossing_pedestrian,206,65,-1,5,0.050287000000000005,0,1,25,0.025037
crossing_pedestrian,207,65,-1,5,0.050038600000000003,0,1,25,0.024965999999999999
crossing_pedestrian,208,65,-1,5,0.050011399999999998,0,1,25,0.024938999999999999
crossing_pedestrian,209,65,-1,5,0.049929399999999999,0,1,25,0.025078
crossing_pedestrian,210,65,-1,5,0.052020400000000001,0,1,25,0.026984000000000001
crossing_pedestrian,211,65,-1,5,0.050080199999999998,0,1,25,0.025617000000000001
crossing_pedestrian,212,65,-1,5,0.050002000000000005,0,1,25,0.025028999999999999
crossing_pedestrian,213,65,-1,5,0.051246199999999999,0,1,25,0.024910000000000002
crossing_pedestrian,214,65,-1,5,0.0500448,0,1,25,0.025159999999999998
crossing_pedestrian,215,65,-1,5,0.051737200000000004,0,1,25,0.025471000000000001
crossing_pedestrian,216,65,-1,5,0.050607400000000004,0,1,25,0.027091
crossing_pedestrian,217,65,-1,5,0.050783999999999996,0,1,25,0.025992999999999999
crossing_pedestrian,218,65,-1,5,0.049952800000000006,0,1,25,0.025197000000000001
crossing_pedestrian,219,65,-1,5,0.049954399999999996,0,1,25,0.025241
crossing_pedestrian,220,65,-1,5,0.050738999999999999,0,1,25,0.024905
crossing_pedestrian,221,65,-1,5,0.050544199999999997,0,1,25,0.025114999999999998
crossing_pedestrian,222,65,-1,5,0.051050600000000002,0,1,25,0.027843
crossing_pedestrian,223,65,-1,5,0.050174399999999994,0,1,25,0.025125999999999999
crossing_pedestrian,224,65,-1,5,0.050353000000000002,0,1,25,0.0253
crossing_pedestrian,225,65,-1,5,0.054327599999999997,0,1,25,0.029361000000000002
crossing_pedestrian,226,65,-1,5,0.049912999999999999,0,1,25,0.025038999999999999
crossing_pedestrian,227,65,-1,5,0.051336199999999999,0,1,25,0.025107999999999998
crossing_pedestrian,228,65,-1,5,0.050025200000000006,0,1,25,0.025072000000000001
crossing_pedestrian,229,65,-1,5,0.049941600000000003,0,1,25,0.025323999999999999
crossing_pedestrian,230,65,-1,5,0.049962600000000003,0,1,25,0.025222000000000001
crossing_pedestrian,231,65,-1,5,0.050043999999999998,0,1,25,0.026744
crossing_pedestrian,232,65,-1,5,0.052045799999999996,0,1,25,0.025273
crossing_pedestrian,233,65,-1,5,0.051900599999999998,0,1,25,0.025107000000000001
crossing_pedestrian,234,65,-1,5,0.052467799999999995,0,1,25,0.025495
crossing_pedestrian,235,65,-1,5,0.050084799999999999,0,1,25,0.025398
crossing_pedestrian,236,65,-1,5,0.050139799999999998,0,1,25,0.025675
crossing_pedestrian,237,65,-1,5,0.0509516,0,1,25,0.025191999999999999
crossing_pedestrian,238,65,-1,5,0.051825400000000001,0,1,25,0.028063999999999999
crossing_pedestrian,239,65,-1,5,0.052794199999999999,0,1,25,0.026547000000000001
crossing_pedestrian,240,65,-1,5,0.052757200000000004,0,1,25,0.026873999999999999
crossing_pedestrian,241,65,-1,5,0.053116799999999999,0,1,25,0.026786999999999998
crossing_pedestrian,242,65,-1,5,0.052753399999999992,0,1,25,0.027140999999999998
crossing_pedestrian,243,65,-1,5,0.052209199999999997,0,1,25,0.024948999999999999
crossing_pedestrian,244,65,-1,5,0.050974399999999996,0,1,25,0.025295000000000002
crossing_pedestrian,245,65,-1,5,0.050103200000000001,0,1,25,0.025472000000000002
crossing_pedestrian,246,65,-1,5,0.050362399999999995,0,1,25,0.025672
crossing_pedestrian,247,65,-1,5,0.050354200000000002,0,1,25,0.025115999999999999
crossing_pedestrian,248,65,-1,5,0.050045799999999994,0,1,25,0.025229999999999999
crossing_pedestrian,249,65,-1,5,0.051391200000000005,0,1,25,0.025076000000000001
crossing_pedestrian,250,65,-1,5,0.050178199999999992,0,1,25,0.025329000000000001
crossing_pedestrian,251,65,-1,5,0.050722400000000001,0,1,25,0.028818
crossing_pedestrian,252,65,-1,5,0.049740600000000003,0,1,25,0.024986000000000001
crossing_pedestrian,253,65,-1,5,0.052813200000000005,0,1,25,0.026685
crossing_pedestrian,254,65,-1,5,0.052743200000000004,0,1,25,0.026537999999999999
crossing_pedestrian,255,65,-1,5,0.052078199999999998,0,1,25,0.024865000000000002
crossing_pedestrian,256,65,-1,5,0.053373000000000004,0,1,25,0.027168000000000001
crossing_pedestrian,257,65,-1,5,0.050282400000000005,0,1,25,0.025499999999999998
crossing_pedestrian,258,65,-1,5,0.0498708,0,1,25,0.025184999999999999
crossing_pedestrian,259,65,-1,5,0.052772600000000003,0,1,25,0.02647
crossing_pedestrian,260,65,-1,5,0.052861000000000005,0,1,25,0.026705
crossing_pedestrian,261,65,-1,5,0.053163200000000001,0,1,25,0.026502000000000001
crossing_pedestrian,262,65,-1,5,0.051005000000000002,0,1,25,0.025153999999999999
crossing_pedestrian,263,65,-1,5,0.049862000000000004,0,1,25,0.025304
crossing_pedestrian,264,65,-1,5,0.052655799999999996,0,1,25,0.026602000000000001
crossing_pedestrian,265,65,-1,5,0.051773199999999998,0,1,25,0.025902000000000001
crossing_pedestrian,266,65,-1,5,0.051857,0,1,25,0.025361000000000002
crossing_pedestrian,267,65,-1,5,0.050638200000000001,0,1,25,0.026053
crossing_pedestrian,268,65,-1,5,0.052822999999999995,0,1,25,0.026668000000000001
crossing_pedestrian,269,65,-1,5,0.0515158,0,1,25,0.025248
crossing_pedestrian,270,65,-1,5,0.052030600000000003,0,1,25,0.026665000000000001
crossing_pedestrian,271,65,-1,5,0.053075000000000004,0,1,25,0.026839999999999999
crossing_pedestrian,272,65,-1,5,0.052553000000000002,0,1,25,0.025475999999999999
crossing_pedestrian,273,65,-1,5,0.0530254,0,1,25,0.027032
crossing_pedestrian,274,65,-1,5,0.052983800000000005,0,1,25,0.026634000000000001
crossing_pedestrian,275,65,-1,5,0.053251000000000007,0,1,25,0.028326
crossing_pedestrian,276,65,-1,5,0.059961600000000004,0,1,25,0.026818999999999999
crossing_pedestrian,277,65,-1,5,0.052320400000000003,0,1,25,0.025059000000000001
crossing_pedestrian,278,65,-1,5,0.053611200000000005,0,1,25,0.027997000000000001
crossing_pedestrian,279,65,-1,5,0.051344199999999993,0,1,25,0.026457000000000001
crossing_pedestrian,280,65,-1,5,0.052447600000000004,0,1,25,0.026667
crossing_pedestrian,281,65,-1,5,0.051000599999999993,0,1,25,0.025357000000000001
crossing_pedestrian,282,65,-1,5,0.050031400000000004,0,1,25,0.025304
crossing_pedestrian,283,65,-1,5,0.050051599999999995,0,1,25,0.025114999999999998
crossing_pedestrian,284,65,-1,5,0.050004599999999996,0,1,25,0.025079000000000001
crossing_pedestrian,285,65,-1,5,0.050878199999999998,0,1,25,0.025180999999999999
crossing_pedestrian,286,65,-1,5,0.050468599999999995,0,1,25,0.025264999999999999
crossing_pedestrian,287,65,-1,5,0.050079200000000004,0,1,25,0.025169
crossing_pedestrian,288,65,-1,5,0.050150199999999999,0,1,25,0.025243000000000002
crossing_pedestrian,289,65,-1,5,0.050194200000000001,0,1,25,0.025219999999999999
crossing_pedestrian,290,65,-1,5,0.051120800000000001,0,1,25,0.025326000000000001
crossing_pedestrian,291,65,-1,5,0.0499362,0,1,25,0.024826999999999998
crossing_pedestrian,292,65,-1,5,0.051446199999999997,0,1,25,0.028080000000000001
crossing_pedestrian,293,65,-1,5,0.051183599999999996,0,1,25,0.025224
crossing_pedestrian,294,65,-1,5,0.050109800000000003,0,1,25,0.025207
crossing_pedestrian,295,65,-1,5,0.0520008,0,1,25,0.025033
crossing_pedestrian,296,65,-1,5,0.050281600000000003,0,1,25,0.025451000000000001
crossing_pedestrian,297,65,-1,5,0.052102999999999997,0,1,25,0.026605
crossing_pedestrian,298,65,-1,5,0.050110600000000005,0,1,25,0.025229000000000001
crossing_pedestrian,299,65,-1,5,0.049696799999999999,0,1,25,0.025135999999999999
crossing_pedestrian,300,65,-1,5,0.0516398,0,1,25,0.025360000000000001
crossing_pedestrian,301,65,-1,5,0.049858,0,1,25,0.025486000000000002
crossing_pedestrian,302,65,-1,5,0.050407199999999999,0,1,25,0.026256000000000002
crossing_pedestrian,303,65,-1,5,0.049857600000000002,0,1,25,0.024993999999999999
crossing_pedestrian,304,65,-1,5,0.050356199999999997,0,1,25,0.025222999999999999
crossing_pedestrian,305,65,-1,5,0.050656800000000002,0,1,25,0.025208999999999999
crossing_pedestrian,306,65,-1,5,0.049550999999999998,0,1,25,0.025291000000000001
crossing_pedestrian,307,65,-1,5,0.050679799999999997,0,1,25,0.027361
crossing_pedestrian,308,65,-1,5,0.050948000000000007,0,1,25,0.025314
crossing_pedestrian,309,65,-1,5,0.050188200000000002,0,1,25,0.025238
crossing_pedestrian,310,65,-1,5,0.051175000000000005,0,1,25,0.025405
crossing_pedestrian,311,65,-1,5,0.050348400000000001,0,1,25,0.026155999999999999
crossing_pedestrian,312,65,-1,5,0.051473199999999997,0,1,25,0.028018000000000001
crossing_pedestrian,313,65,-1,5,0.049965599999999999,0,1,25,0.024985
crossing_pedestrian,314,65,-1,5,0.049752600000000001,0,1,25,0.025082
crossing_pedestrian,315,65,-1,5,0.053647599999999997,0,1,25,0.026636
crossing_pedestrian,316,65,-1,5,0.052575999999999998,0,1,25,0.025392999999999999
crossing_pedestrian,317,65,-1,5,0.059310600000000005,0,1,25,0.032503999999999998
crossing_pedestrian,318,65,-1,5,0.0499876,0,1,25,0.025031999999999999
crossing_pedestrian,319,65,-1,5,0.0503556,0,1,25,0.025503999999999999
crossing_pedestrian,320,65,-1,5,0.053127400000000005,0,1,25,0.027632
crossing_pedestrian,321,65,-1,5,0.050031800000000001,0,1,25,0.025486999999999999
crossing_pedestrian,322,65,-1,5,0.050807999999999999,0,1,25,0.025078
crossing_pedestrian,323,65,-1,5,0.049979599999999999,0,1,25,0.025406000000000001
crossing_pedestrian,324,65,-1,5,0.053622599999999999,0,1,25,0.027677
crossing_pedestrian,325,65,-1,5,0.050394599999999998,0,1,25,0.025093000000000001
crossing_pedestrian,326,65,-1,5,0.050710599999999995,0,1,25,0.026012
crossing_pedestrian,327,65,-1,5,0.050089599999999998,0,1,25,0.025328
crossing_pedestrian,328,65,-1,5,0.050096600000000005,0,1,25,0.025159000000000001
crossing_pedestrian,329,65,-1,5,0.051205199999999992,0,1,25,0.025357999999999999
crossing_pedestrian,330,65,-1,5,0.049657800000000002,0,1,25,0.025332
crossing_pedestrian,331,65,-1,5,0.050058800000000001,0,1,25,0.025432
crossing_pedestrian,332,65,-1,5,0.050272600000000001,0,1,25,0.025045000000000001
crossing_pedestrian,333,65,-1,5,0.049843600000000002,0,1,25,0.025285999999999999
crossing_pedestrian,334,65,-1,5,0.051117599999999999,0,1,25,0.025343000000000001
crossing_pedestrian,335,65,-1,5,0.049990800000000002,0,1,25,0.025238
crossing_pedestrian,336,65,-1,5,0.050042200000000002,0,1,25,0.025512
crossing_pedestrian,337,65,-1,5,0.050570400000000001,0,1,25,0.025458999999999999
crossing_pedestrian,338,65,-1,5,0.050559800000000002,0,1,25,0.026804999999999999
crossing_pedestrian,339,65,-1,5,0.0536482,0,1,25,0.027795
crossing_pedestrian,340,65,-1,5,0.0528222,0,1,25,0.026717000000000001
crossing_pedestrian,341,65,-1,5,0.050722199999999995,0,1,25,0.026200000000000001
crossing_pedestrian,342,65,-1,5,0.051660999999999999,0,1,25,0.027744000000000001
crossing_pedestrian,343,65,-1,5,0.053136599999999999,0,1,25,0.027858999999999998
crossing_pedestrian,344,65,-1,5,0.051494799999999993,0,1,25,0.025943000000000001
crossing_pedestrian,345,65,-1,5,0.050015600000000007,0,1,25,0.025241
crossing_pedestrian,346,65,-1,5,0.052048200000000003,0,1,25,0.026953000000000001
crossing_pedestrian,347,65,-1,5,0.050108799999999995,0,1,25,0.025294000000000001
crossing_pedestrian,348,65,-1,5,0.054227999999999998,0,1,25,0.026306
crossing_pedestrian,349,65,-1,5,0.051765600000000002,0,1,25,0.025033
crossing_pedestrian,350,65,-1,5,0.050212800000000002,0,1,25,0.025253999999999999
crossing_pedestrian,351,65,-1,5,0.051107800000000002,0,1,25,0.025271999999999999
crossing_pedestrian,352,65,-1,5,0.050419800000000001,0,1,25,0.025458000000000001
crossing_pedestrian,353,65,-1,5,0.050103200000000001,0,1,25,0.025006
crossing_pedestrian,354,65,-1,5,0.049874000000000002,0,1,25,0.024868999999999999
crossing_pedestrian,355,65,-1,5,0.051961800000000002,0,1,25,0.026811000000000001
crossing_pedestrian,356,65,-1,5,0.051871399999999998,0,1,25,0.025961999999999999
crossing_pedestrian,357,65,-1,5,0.050198600000000003,0,1,25,0.025246000000000001
crossing_pedestrian,358,65,-1,5,0.051709600000000001,0,1,25,0.026825999999999999
crossing_pedestrian,359,65,-1,5,0.052796200000000001,0,1,25,0.026970000000000001
crossing_pedestrian,360,65,-1,5,0.049999399999999999,0,1,25,0.025156000000000001
crossing_pedestrian,361,65,-1,5,0.050425600000000001,0,1,25,0.025010000000000001
crossing_pedestrian,362,65,-1,5,0.050314600000000001,0,1,25,0.025388000000000001
crossing_pedestrian,363,65,-1,5,0.050450799999999997,0,1,25,0.026327
crossing_pedestrian,364,65,-1,5,0.049756399999999999,0,1,25,0.025201999999999999
crossing_pedestrian,365,65,-1,5,0.050045199999999998,0,1,25,0.025245
crossing_pedestrian,366,65,-1,5,0.050343400000000003,0,1,25,0.024931999999999999
crossing_pedestrian,367,65,-1,5,0.050032600000000003,0,1,25,0.025023
crossing_pedestrian,368,65,-1,5,0.054044400000000006,0,1,25,0.031689000000000002
crossing_pedestrian,369,65,-1,5,0.050211799999999994,0,1,25,0.024983999999999999
crossing_pedestrian,370,65,-1,5,0.050906199999999999,0,1,25,0.026838000000000001
crossing_pedestrian,371,65,-1,5,0.049906199999999998,0,1,25,0.025197000000000001
crossing_pedestrian,372,65,-1,5,0.050037399999999996,0,1,25,0.025082
crossing_pedestrian,373,65,-1,5,0.051015600000000008,0,1,25,0.024948000000000001
crossing_pedestrian,374,65,-1,5,0.050843000000000006,0,1,25,0.025405
crossing_pedestrian,375,65,-1,5,0.050567600000000004,0,1,25,0.026549
crossing_pedestrian,376,65,-1,5,0.049739800000000001,0,1,25,0.025132999999999999
crossing_pedestrian,377,65,-1,5,0.050214000000000002,0,1,25,0.025391
crossing_pedestrian,378,65,-1,5,0.051357600000000003,0,1,25,0.025118000000000001
crossing_pedestrian,379,65,-1,5,0.050828200000000004,0,1,25,0.025245
crossing_pedestrian,380,65,-1,5,0.051162200000000005,0,1,25,0.027036000000000001
crossing_pedestrian,381,65,-1,5,0.050154200000000003,0,1,25,0.02487
crossing_pedestrian,382,65,-1,5,0.050811399999999993,0,1,25,0.025384
crossing_pedestrian,383,65,-1,5,0.050798200000000002,0,1,25,0.025158
crossing_pedestrian,384,65,-1,5,0.050434400000000004,0,1,25,0.025281000000000001
crossing_pedestrian,385,65,-1,5,0.050215600000000006,0,1,25,0.024990999999999999
crossing_pedestrian,386,65,-1,5,0.050449800000000003,0,1,25,0.025194999999999999
crossing_pedestrian,387,65,-1,5,0.050314800000000007,0,1,25,0.026453999999999998
crossing_pedestrian,388,65,-1,5,0.051574600000000005,0,1,25,0.026630000000000001
crossing_pedestrian,389,65,-1,5,0.057247800000000001,0,1,25,0.026669999999999999
crossing_pedestrian,390,65,-1,5,0.050938000000000004,0,1,25,0.025277000000000001
crossing_pedestrian,391,65,-1,5,0.050441400000000004,0,1,25,0.025319999999999999
crossing_pedestrian,392,65,-1,5,0.051157799999999996,0,1,25,0.025519
crossing_pedestrian,393,65,-1,5,0.051187999999999997,0,1,25,0.026224000000000001
crossing_pedestrian,394,65,-1,5,0.052970399999999994,0,1,25,0.025763000000000001
crossing_pedestrian,395,65,-1,5,0.052248399999999993,0,1,25,0.025224
crossing_pedestrian,396,65,-1,5,0.050198,0,1,25,0.025559999999999999
crossing_pedestrian,397,65,-1,5,0.052538399999999999,0,1,25,0.027365
crossing_pedestrian,398,65,-1,5,0.050703200000000004,0,1,25,0.026932999999999999
crossing_pedestrian,399,65,-1,5,0.052113200000000005,0,1,25,0.026072999999999999
crossing_pedestrian,400,65,-1,5,0.052869999999999993,0,1,25,0.025471000000000001
crossing_pedestrian,401,65,-1,5,0.051224400000000003,0,1,25,0.026866999999999999
crossing_pedestrian,402,65,-1,5,0.053572399999999999,0,1,25,0.02674
crossing_pedestrian,403,65,-1,5,0.053070799999999994,0,1,25,0.026584
crossing_pedestrian,404,65,-1,5,0.052941400000000007,0,1,25,0.026446999999999998
crossing_pedestrian,405,65,-1,5,0.049879199999999999,0,1,25,0.025328
crossing_pedestrian,406,65,-1,5,0.052893800000000005,0,1,25,0.026769000000000001
crossing_pedestrian,407,65,-1,5,0.053150200000000002,0,1,25,0.025146999999999999
crossing_pedestrian,408,65,-1,5,0.052786800000000002,0,1,25,0.026512000000000001
crossing_pedestrian,409,65,-1,5,0.056025199999999997,0,1,25,0.029440999999999998
crossing_pedestrian,410,65,-1,5,0.049986999999999997,0,1,25,0.025294000000000001
crossing_pedestrian,411,65,-1,5,0.050232200000000005,0,1,25,0.025564
crossing_pedestrian,412,65,-1,5,0.051130200000000001,0,1,25,0.025093000000000001
crossing_pedestrian,413,65,-1,5,0.052597600000000001,0,1,25,0.026561000000000001
crossing_pedestrian,414,65,-1,5,0.051366999999999996,0,1,25,0.026638999999999999
crossing_pedestrian,415,65,-1,5,0.050304800000000004,0,1,25,0.025233999999999999
crossing_pedestrian,416,65,-1,5,0.050218200000000005,0,1,25,0.027281
crossing_pedestrian,417,65,-1,5,0.050332000000000002,0,1,25,0.025010999999999999
crossing_pedestrian,418,65,-1,5,0.050005399999999998,0,1,25,0.025205000000000002
crossing_pedestrian,419,65,-1,5,0.051155600000000002,0,1,25,0.025114000000000001
crossing_pedestrian,420,65,-1,5,0.049828999999999998,0,1,25,0.025045999999999999
crossing_pedestrian,421,65,-1,5,0.049723400000000001,0,1,25,0.025606
crossing_pedestrian,422,65,-1,5,0.052944199999999997,0,1,25,0.026724999999999999
crossing_pedestrian,423,65,-1,5,0.053014399999999996,0,1,25,0.026596999999999999
crossing_pedestrian,424,65,-1,5,0.052505800000000005,0,1,25,0.025225999999999998
crossing_pedestrian,425,65,-1,5,0.050789600000000004,0,1,25,0.02545
crossing_pedestrian,426,65,-1,5,0.050336400000000003,0,1,25,0.025082
crossing_pedestrian,427,65,-1,5,0.050501600000000001,0,1,25,0.025368999999999999
crossing_pedestrian,428,65,-1,5,0.050216000000000004,0,1,25,0.024901
crossing_pedestrian,429,65,-1,5,0.051228399999999993,0,1,25,0.025957999999999998
crossing_pedestrian,430,65,-1,5,0.0501582,0,1,25,0.025562000000000001
crossing_pedestrian,431,65,-1,5,0.053031399999999992,0,1,25,0.026662999999999999
crossing_pedestrian,432,65,-1,5,0.050732800000000002,0,1,25,0.025250000000000002
crossing_pedestrian,433,65,-1,5,0.050108600000000003,0,1,25,0.025201000000000001
crossing_pedestrian,434,65,-1,5,0.051561800000000005,0,1,25,0.025437999999999999
crossing_pedestrian,435,65,-1,5,0.050606200000000004,0,1,25,0.025149000000000001
crossing_pedestrian,436,65,-1,5,0.050525,0,1,25,0.026981000000000002
crossing_pedestrian,437,65,-1,5,0.053133,0,1,25,0.027123999999999999
crossing_pedestrian,438,65,-1,5,0.051219400000000005,0,1,25,0.026627999999999999
crossing_pedestrian,439,65,-1,5,0.052774399999999999,0,1,25,0.026653
crossing_pedestrian,440,65,-1,5,0.051853000000000003,0,1,25,0.025159000000000001
crossing_pedestrian,441,65,-1,5,0.052275599999999998,0,1,25,0.025922000000000001
crossing_pedestrian,442,65,-1,5,0.049861799999999998,0,1,25,0.025191000000000002
crossing_pedestrian,443,65,-1,5,0.050234399999999998,0,1,25,0.026520999999999999
crossing_pedestrian,444,65,-1,5,0.050328799999999993,0,1,25,0.025277000000000001
crossing_pedestrian,445,65,-1,5,0.049849999999999998,0,1,25,0.025055000000000001
crossing_pedestrian,446,65,-1,5,0.050121000000000006,0,1,25,0.025371999999999999
crossing_pedestrian,447,65,-1,5,0.0504888,0,1,25,0.025312000000000001
crossing_pedestrian,448,65,-1,5,0.052914000000000003,0,1,25,0.025217
crossing_pedestrian,449,65,-1,5,0.049984399999999998,0,1,25,0.025260000000000001
crossing_pedestrian,450,65,-1,5,0.050192000000000001,0,1,25,0.025665
crossing_pedestrian,451,65,-1,5,0.050896399999999994,0,1,25,0.025301000000000001
crossing_pedestrian,452,65,-1,5,0.050905199999999998,0,1,25,0.027289000000000001
crossing_pedestrian,453,65,-1,5,0.050360400000000007,0,1,25,0.025239000000000001
crossing_pedestrian,454,65,-1,5,0.050278000000000003,0,1,25,0.02529
crossing_pedestrian,455,65,-1,5,0.050255399999999992,0,1,25,0.025211000000000001
crossing_pedestrian,456,65,-1,5,0.051093,0,1,25,0.025229000000000001
crossing_pedestrian,457,65,-1,5,0.050365000000000007,0,1,25,0.025609
crossing_pedestrian,458,65,-1,5,0.052351200000000001,0,1,25,0.026706000000000001
crossing_pedestrian,459,65,-1,5,0.049849199999999996,0,1,25,0.025114999999999998
crossing_pedestrian,460,65,-1,5,0.049883799999999999,0,1,25,0.025382999999999999
crossing_pedestrian,461,65,-1,5,0.0526516,0,1,25,0.026877999999999999
crossing_pedestrian,462,65,-1,5,0.050294000000000005,0,1,25,0.025659999999999999
crossing_pedestrian,463,65,-1,5,0.051158599999999999,0,1,25,0.026688
crossing_pedestrian,464,65,-1,5,0.051970200000000001,0,1,25,0.025100000000000001
crossing_pedestrian,465,65,-1,5,0.050034999999999996,0,1,25,0.025069000000000001
crossing_pedestrian,466,65,-1,5,0.050015600000000007,0,1,25,0.025215000000000001
crossing_pedestrian,467,65,-1,5,0.050198200000000005,0,1,25,0.026419000000000002
crossing_pedestrian,468,65,-1,5,0.051717199999999998,0,1,25,0.025122999999999999
crossing_pedestrian,469,65,-1,5,0.049818000000000001,0,1,25,0.025159000000000001
crossing_pedestrian,470,65,-1,5,0.0498976,0,1,25,0.025493999999999999
crossing_pedestrian,471,65,-1,5,0.050513200000000001,0,1,25,0.025104999999999999
crossing_pedestrian,472,65,-1,5,0.051267799999999995,0,1,25,0.026839999999999999
crossing_pedestrian,473,65,-1,5,0.050357799999999994,0,1,25,0.025222000000000001
crossing_pedestrian,474,65,-1,5,0.050451599999999999,0,1,25,0.025607000000000001
crossing_pedestrian,475,65,-1,5,0.050727000000000001,0,1,25,0.027064999999999999
crossing_pedestrian,476,65,-1,5,0.050130399999999999,0,1,25,0.025713
crossing_pedestrian,477,65,-1,5,0.049916200000000001,0,1,25,0.025554
crossing_pedestrian,478,65,-1,5,0.0516818,0,1,25,0.026616999999999998
crossing_pedestrian,479,65,-1,5,0.050582000000000002,0,1,25,0.025432
crossing_pedestrian,480,65,-1,5,0.050707199999999994,0,1,25,0.025063999999999999
crossing_pedestrian,481,65,-1,5,0.053332599999999994,0,1,25,0.029704999999999999
crossing_pedestrian,482,65,-1,5,0.049885200000000005,0,1,25,0.02547
crossing_pedestrian,483,65,-1,5,0.050257399999999994,0,1,25,0.025447999999999998
crossing_pedestrian,484,65,-1,5,0.049974600000000001,0,1,25,0.025038000000000001
crossing_pedestrian,485,65,-1,5,0.050377000000000005,0,1,25,0.025307
crossing_pedestrian,486,65,-1,5,0.049538399999999996,0,1,25,0.024958000000000001
crossing_pedestrian,487,65,-1,5,0.049947000000000005,0,1,25,0.025343000000000001
crossing_pedestrian,488,65,-1,5,0.050387800000000003,0,1,25,0.025346
crossing_pedestrian,489,65,-1,5,0.0499502,0,1,25,0.025113
crossing_pedestrian,490,65,-1,5,0.050520600000000006,0,1,25,0.025700000000000001
crossing_pedestrian,491,65,-1,5,0.050065999999999999,0,1,25,0.025302999999999999
crossing_pedestrian,492,65,-1,5,0.053498599999999993,0,1,25,0.026381000000000002
crossing_pedestrian,493,65,-1,5,0.053337999999999997,0,1,25,0.026780999999999999
crossing_pedestrian,494,65,-1,5,0.053293400000000005,0,1,25,0.026529
crossing_pedestrian,495,65,-1,5,0.053985999999999999,0,1,25,0.026970000000000001
crossing_pedestrian,496,65,-1,5,0.053036799999999995,0,1,25,0.026575000000000001
crossing_pedestrian,497,65,-1,5,0.053272,0,1,25,0.026873000000000001
crossing_pedestrian,498,65,-1,5,0.053152999999999992,0,1,25,0.027351
crossing_pedestrian,499,65,-1,5,0.051335200000000004,0,1,25,0.026346000000000001
vehicle_cut_in,0,85,-1,5,0.068048399999999995,0,1,25,0.032945000000000002
vehicle_cut_in,1,85,-1,5,0.065804000000000001,0,1,25,0.034804000000000002
vehicle_cut_in,2,85,-1,5,0.06544839999999999,0,1,25,0.032575
vehicle_cut_in,3,85,-1,5,0.065355399999999994,0,1,25,0.032599999999999997
vehicle_cut_in,4,85,-1,5,0.066355600000000001,0,1,25,0.032972000000000001
vehicle_cut_in,5,85,-1,5,0.067874799999999999,0,1,25,0.034720000000000001
vehicle_cut_in,6,85,-1,5,0.065080600000000002,0,1,25,0.032631
vehicle_cut_in,7,85,-1,5,0.066392800000000002,0,1,25,0.032668999999999997
vehicle_cut_in,8,85,-1,5,0.065553600000000004,0,1,25,0.032597000000000001
vehicle_cut_in,9,85,-1,5,0.065916600000000006,0,1,25,0.032522000000000002
vehicle_cut_in,10,85,-1,5,0.065577399999999994,0,1,25,0.032291
vehicle_cut_in,11,85,-1,5,0.067974599999999996,0,1,25,0.034277000000000002
vehicle_cut_in,12,85,-1,5,0.06565180000000001,0,1,25,0.032631
vehicle_cut_in,13,85,-1,5,0.065753199999999998,0,1,25,0.032538999999999998
vehicle_cut_in,14,85,-1,5,0.066407599999999997,0,1,25,0.034826000000000003
vehicle_cut_in,15,85,-1,5,0.065720799999999996,0,1,25,0.032724000000000003
vehicle_cut_in,16,85,-1,5,0.06497,0,1,25,0.03295
vehicle_cut_in,17,85,-1,5,0.068408200000000002,0,1,25,0.035019000000000002
vehicle_cut_in,18,85,-1,5,0.068310999999999997,0,1,25,0.033785999999999997
vehicle_cut_in,19,85,-1,5,0.064841999999999997,0,1,25,0.032786999999999997
vehicle_cut_in,20,85,-1,5,0.066147800000000007,0,1,25,0.033509999999999998
vehicle_cut_in,21,85,-1,5,0.065318600000000004,0,1,25,0.032787999999999998
vehicle_cut_in,22,85,-1,5,0.066314600000000001,0,1,25,0.034666000000000002
vehicle_cut_in,23,85,-1,5,0.065327800000000005,0,1,25,0.033170999999999999
vehicle_cut_in,24,85,-1,5,0.066693199999999994,0,1,25,0.032731999999999997
vehicle_cut_in,25,85,-1,5,0.064730200000000002,0,1,25,0.033265000000000003
vehicle_cut_in,26,85,-1,5,0.065955,0,1,25,0.032411000000000002
vehicle_cut_in,27,85,-1,5,0.064828200000000002,0,1,25,0.032405000000000003
vehicle_cut_in,28,85,-1,5,0.065499600000000005,0,1,25,0.032721
vehicle_cut_in,29,85,-1,5,0.064993200000000001,0,1,25,0.033571999999999998
vehicle_cut_in,30,85,-1,5,0.067164399999999999,0,1,25,0.033062000000000001
vehicle_cut_in,31,85,-1,5,0.064997600000000003,0,1,25,0.032521000000000001
vehicle_cut_in,32,85,-1,5,0.065890000000000004,0,1,25,0.032467999999999997
vehicle_cut_in,33,85,-1,5,0.065755800000000003,0,1,25,0.032837999999999999
vehicle_cut_in,34,85,38,5,0.069510799999999998,0,1,25,0.036151000000000003
vehicle_cut_in,35,85,-1,5,0.066472600000000007,0,1,25,0.037782999999999997
vehicle_cut_in,36,85,-1,5,0.065242800000000004,0,1,25,0.032417000000000001
vehicle_cut_in,37,85,-1,5,0.065536200000000003,0,1,25,0.033182999999999997
vehicle_cut_in,38,85,-1,5,0.065843399999999996,0,1,25,0.034372
vehicle_cut_in,39,85,-1,5,0.06568199999999999,0,1,25,0.033667999999999997
vehicle_cut_in,40,85,30,5,0.8788843999999999,0,1,1050,0.91507099999999997
vehicle_cut_in,41,85,-1,5,0.06564600000000001,0,1,25,0.033655999999999998
vehicle_cut_in,42,85,45,5,0.0697102,0,1,25,0.035033000000000002
vehicle_cut_in,43,85,-1,5,0.066673200000000002,0,1,25,0.034832000000000002
vehicle_cut_in,44,85,42,5,0.068206799999999998,0,1,25,0.035482
vehicle_cut_in,45,85,-1,5,0.066928799999999997,0,1,25,0.034895000000000002
vehicle_cut_in,46,85,-1,5,0.069039600000000007,0,1,25,0.033077000000000002
vehicle_cut_in,47,85,-1,5,0.069578600000000004,0,1,25,0.039486
vehicle_cut_in,48,85,-1,5,0.065171999999999994,0,1,25,0.033966999999999997
vehicle_cut_in,49,85,-1,5,0.0655472,0,1,25,0.032469999999999999
vehicle_cut_in,50,85,-1,5,0.066992799999999991,0,1,25,0.034528000000000003
vehicle_cut_in,51,85,-1,5,0.068792800000000001,0,1,25,0.034997
vehicle_cut_in,52,85,-1,5,0.070527800000000002,0,1,25,0.032534
vehicle_cut_in,53,85,-1,5,0.065583799999999998,0,1,25,0.032858999999999999
vehicle_cut_in,54,85,-1,5,0.066215999999999997,0,1,25,0.03406
vehicle_cut_in,55,85,-1,5,0.066599400000000003,0,1,25,0.032410000000000001
vehicle_cut_in,56,85,-1,5,0.064920800000000001,0,1,25,0.032778000000000002
vehicle_cut_in,57,85,-1,5,0.065775399999999998,0,1,25,0.032232999999999998
vehicle_cut_in,58,85,-1,5,0.065233600000000003,0,1,25,0.032760999999999998
vehicle_cut_in,59,85,-1,5,0.0660168,0,1,25,0.033382000000000002
vehicle_cut_in,60,85,-1,5,0.066100999999999993,0,1,25,0.032509000000000003
vehicle_cut_in,61,85,-1,5,0.066300999999999999,0,1,25,0.033274999999999999
vehicle_cut_in,62,85,-1,5,0.0654222,0,1,25,0.032922
vehicle_cut_in,63,85,-1,5,0.065494200000000002,0,1,25,0.032398999999999997
vehicle_cut_in,64,85,-1,5,0.066314600000000001,0,1,25,0.035593
vehicle_cut_in,65,85,-1,5,0.065352600000000011,0,1,25,0.032661999999999997
vehicle_cut_in,66,85,-1,5,0.065177600000000002,0,1,25,0.032858999999999999
vehicle_cut_in,67,85,-1,5,0.067714200000000002,0,1,25,0.034520000000000002
vehicle_cut_in,68,85,-1,5,0.065927199999999991,0,1,25,0.034965999999999997
vehicle_cut_in,69,85,-1,5,0.065117999999999995,0,1,25,0.032538999999999998
vehicle_cut_in,70,85,-1,5,0.066598000000000004,0,1,25,0.034632999999999997
vehicle_cut_in,71,85,-1,5,0.064869800000000005,0,1,25,0.033454999999999999
vehicle_cut_in,72,85,-1,5,0.065641199999999997,0,1,25,0.032766999999999998
vehicle_cut_in,73,85,-1,5,0.06445300000000001,0,1,25,0.032419999999999997
vehicle_cut_in,74,85,-1,5,0.065803,0,1,25,0.032523999999999997
vehicle_cut_in,75,85,-1,5,0.064612799999999998,0,1,25,0.032314000000000002
vehicle_cut_in,76,85,-1,5,0.065925800000000007,0,1,25,0.034098000000000003
vehicle_cut_in,77,85,-1,5,0.064878400000000003,0,1,25,0.032833000000000001
vehicle_cut_in,78,85,-1,5,0.065241199999999999,0,1,25,0.032440999999999998
vehicle_cut_in,79,85,-1,5,0.064455399999999996,0,1,25,0.032896000000000002
vehicle_cut_in,80,85,-1,5,0.066177399999999997,0,1,25,0.032585999999999997
vehicle_cut_in,81,85,-1,5,0.065635600000000002,0,1,25,0.036380999999999997
vehicle_cut_in,82,85,-1,5,0.064978599999999997,0,1,25,0.032719999999999999
vehicle_cut_in,83,85,-1,5,0.068639800000000001,0,1,25,0.034803000000000001
vehicle_cut_in,84,85,-1,5,0.064479800000000004,0,1,25,0.032388
vehicle_cut_in,85,85,-1,5,0.065949000000000008,0,1,25,0.033896999999999997
vehicle_cut_in,86,85,-1,5,0.066045400000000004,0,1,25,0.036096999999999997
vehicle_cut_in,87,85,-1,5,0.065881400000000007,0,1,25,0.034204999999999999
vehicle_cut_in,88,85,-1,5,0.064733600000000002,0,1,25,0.032437000000000001
vehicle_cut_in,89,85,-1,5,0.068275200000000008,0,1,25,0.032747999999999999
vehicle_cut_in,90,85,-1,5,0.064527599999999991,0,1,25,0.032793000000000003
vehicle_cut_in,91,85,-1,5,0.067637000000000003,0,1,25,0.033054
vehicle_cut_in,92,85,-1,5,0.064726800000000001,0,1,25,0.033592999999999998
vehicle_cut_in,93,85,-1,5,0.065976599999999996,0,1,25,0.033339000000000001
vehicle_cut_in,94,85,-1,5,0.0685336,0,1,25,0.034535999999999997
vehicle_cut_in,95,85,-1,5,0.066053000000000001,0,1,25,0.032818
vehicle_cut_in,96,85,-1,5,0.064811800000000003,0,1,25,0.032896000000000002
vehicle_cut_in,97,85,-1,5,0.0678922,0,1,25,0.035941000000000001
vehicle_cut_in,98,85,-1,5,0.064521200000000001,0,1,25,0.032539999999999999
vehicle_cut_in,99,85,-1,5,0.065064999999999998,0,1,25,0.032468999999999998
vehicle_cut_in,100,85,-1,5,0.064793199999999995,0,1,25,0.034555000000000002
vehicle_cut_in,101,85,-1,5,0.064559400000000003,0,1,25,0.032259000000000003
vehicle_cut_in,102,85,-1,5,0.064990400000000004,0,1,25,0.033563000000000003
vehicle_cut_in,103,85,-1,5,0.064163400000000009,0,1,25,0.032183999999999997
vehicle_cut_in,104,85,-1,5,0.067406999999999995,0,1,25,0.032795999999999999
vehicle_cut_in,105,85,-1,5,0.06625339999999999,0,1,25,0.033577999999999997
vehicle_cut_in,106,85,-1,5,0.066854200000000003,0,1,25,0.032629999999999999
vehicle_cut_in,107,85,-1,5,0.065892199999999998,0,1,25,0.033893
vehicle_cut_in,108,85,-1,5,0.066423200000000002,0,1,25,0.032715000000000001
vehicle_cut_in,109,85,-1,5,0.064863000000000004,0,1,25,0.032570000000000002
vehicle_cut_in,110,85,-1,5,0.065682600000000008,0,1,25,0.033015000000000003
vehicle_cut_in,111,85,-1,5,0.064634200000000003,0,1,25,0.033286000000000003
vehicle_cut_in,112,85,67,5,0.067158999999999996,0,1,25,0.033558999999999999
vehicle_cut_in,113,85,-1,5,0.064988199999999996,0,1,25,0.033980000000000003
vehicle_cut_in,114,85,-1,5,0.065915399999999999,0,1,25,0.032674000000000002
vehicle_cut_in,115,85,-1,5,0.065471399999999999,0,1,25,0.032772000000000003
vehicle_cut_in,116,85,-1,5,0.064973199999999995,0,1,25,0.032384999999999997
vehicle_cut_in,117,85,-1,5,0.065135999999999999,0,1,25,0.034625999999999997
vehicle_cut_in,118,85,-1,5,0.067995799999999995,0,1,25,0.035847999999999998
vehicle_cut_in,119,85,-1,5,0.064972799999999997,0,1,25,0.032653000000000001
vehicle_cut_in,120,85,-1,5,0.064524200000000004,0,1,25,0.032178999999999999
vehicle_cut_in,121,85,-1,5,0.064749199999999993,0,1,25,0.032453000000000003
vehicle_cut_in,122,85,-1,5,0.067889000000000005,0,1,25,0.032863999999999997
vehicle_cut_in,123,85,-1,5,0.0660076,0,1,25,0.035921000000000002
vehicle_cut_in,124,85,-1,5,0.064298999999999995,0,1,25,0.032521000000000001
vehicle_cut_in,125,85,-1,5,0.065660799999999991,0,1,25,0.032679
vehicle_cut_in,126,85,-1,5,0.064431000000000002,0,1,25,0.032344999999999999
vehicle_cut_in,127,85,-1,5,0.065394599999999997,0,1,25,0.032455999999999999
vehicle_cut_in,128,85,-1,5,0.064553400000000011,0,1,25,0.033616
vehicle_cut_in,129,85,-1,5,0.068200799999999992,0,1,25,0.032566999999999999
vehicle_cut_in,130,85,-1,5,0.06453600000000001,0,1,25,0.032554
vehicle_cut_in,131,85,-1,5,0.066895800000000005,0,1,25,0.034320000000000003
vehicle_cut_in,132,85,-1,5,0.065947599999999995,0,1,25,0.032659000000000001
vehicle_cut_in,133,85,-1,5,0.065210000000000004,0,1,25,0.033554
vehicle_cut_in,134,85,-1,5,0.064718200000000004,0,1,25,0.032287999999999997
vehicle_cut_in,135,85,38,5,0.067992999999999998,0,1,25,0.035453999999999999
vehicle_cut_in,136,85,-1,5,0.065620800000000007,0,1,25,0.032953999999999997
vehicle_cut_in,137,85,-1,5,0.065277399999999999,0,1,25,0.032979000000000001
vehicle_cut_in,138,85,-1,5,0.065384799999999993,0,1,25,0.033440999999999999
vehicle_cut_in,139,85,-1,5,0.064599799999999999,0,1,25,0.033272000000000003
vehicle_cut_in,140,85,-1,5,0.066480999999999998,0,1,25,0.033432000000000003
vehicle_cut_in,141,85,-1,5,0.064874200000000007,0,1,25,0.032328000000000003
vehicle_cut_in,142,85,-1,5,0.067818000000000003,0,1,25,0.032614999999999998
vehicle_cut_in,143,85,-1,5,0.065458000000000002,0,1,25,0.032814000000000003
vehicle_cut_in,144,85,-1,5,0.066074600000000011,0,1,25,0.033304
vehicle_cut_in,145,85,-1,5,0.065822199999999997,0,1,25,0.034651000000000001
vehicle_cut_in,146,85,41,5,0.071076799999999996,0,1,25,0.038223
vehicle_cut_in,147,85,-1,5,0.064488999999999991,0,1,25,0.032920999999999999
vehicle_cut_in,148,85,-1,5,0.065478599999999998,0,1,25,0.032736000000000001
vehicle_cut_in,149,85,-1,5,0.06443560000000001,0,1,25,0.032585000000000003
vehicle_cut_in,150,85,-1,5,0.066132400000000008,0,1,25,0.03322
vehicle_cut_in,151,85,-1,5,0.065326200000000001,0,1,25,0.032745999999999997
vehicle_cut_in,152,85,-1,5,0.065321600000000007,0,1,25,0.032303999999999999
vehicle_cut_in,153,85,-1,5,0.065058400000000002,0,1,25,0.032572999999999998
vehicle_cut_in,154,85,-1,5,0.064676199999999989,0,1,25,0.032577000000000002
vehicle_cut_in,155,85,-1,5,0.064742400000000005,0,1,25,0.033896999999999997
vehicle_cut_in,156,85,-1,5,0.064623600000000003,0,1,25,0.032411000000000002
vehicle_cut_in,157,85,-1,5,0.065264000000000003,0,1,25,0.035296000000000001
vehicle_cut_in,158,85,-1,5,0.064103800000000002,0,1,25,0.032440999999999998
vehicle_cut_in,159,85,-1,5,0.066250400000000001,0,1,25,0.035025000000000001
vehicle_cut_in,160,85,-1,5,0.064915,0,1,25,0.034183999999999999
vehicle_cut_in,161,85,-1,5,0.065801799999999994,0,1,25,0.032666000000000001
vehicle_cut_in,162,85,-1,5,0.065149399999999996,0,1,25,0.035219
vehicle_cut_in,163,85,-1,5,0.066208599999999992,0,1,25,0.033748
vehicle_cut_in,164,85,-1,5,0.0675452,0,1,25,0.034452999999999998
vehicle_cut_in,165,85,44,5,0.068015800000000001,0,1,25,0.035305000000000003
vehicle_cut_in,166,85,-1,5,0.065424400000000008,0,1,25,0.033750000000000002
vehicle_cut_in,167,85,-1,5,0.065277200000000007,0,1,25,0.032515000000000002
vehicle_cut_in,168,85,-1,5,0.0645704,0,1,25,0.032485
vehicle_cut_in,169,85,-1,5,0.065168199999999996,0,1,25,0.032642999999999998
vehicle_cut_in,170,85,-1,5,0.067870799999999995,0,1,25,0.034839000000000002
vehicle_cut_in,171,85,-1,5,0.064531000000000005,0,1,25,0.033938000000000003
vehicle_cut_in,172,85,-1,5,0.068127599999999996,0,1,25,0.034562000000000002
vehicle_cut_in,173,85,-1,5,0.064624199999999993,0,1,25,0.032363000000000003
vehicle_cut_in,174,85,-1,5,0.065369800000000006,0,1,25,0.032633000000000002
vehicle_cut_in,175,85,-1,5,0.0674762,0,1,25,0.035006000000000002
vehicle_cut_in,176,85,-1,5,0.068761199999999995,0,1,25,0.034745999999999999
vehicle_cut_in,177,85,-1,5,0.068654599999999996,0,1,25,0.036121
vehicle_cut_in,178,85,31,5,0.071979399999999999,0,1,25,0.035878
vehicle_cut_in,179,85,-1,5,0.065470600000000004,0,1,25,0.034701999999999997
vehicle_cut_in,180,85,-1,5,0.068554000000000004,0,1,25,0.034264999999999997
vehicle_cut_in,181,85,-1,5,0.066073000000000007,0,1,25,0.034592999999999999
vehicle_cut_in,182,85,-1,5,0.067742200000000002,0,1,25,0.034784000000000002
vehicle_cut_in,183,85,-1,5,0.0691306,0,1,25,0.034722000000000003
vehicle_cut_in,184,85,-1,5,0.068272600000000003,0,1,25,0.034167999999999997
vehicle_cut_in,185,85,-1,5,0.0686668,0,1,25,0.034234000000000001
vehicle_cut_in,186,85,-1,5,0.068146200000000004,0,1,25,0.034500000000000003
vehicle_cut_in,187,85,-1,5,0.068584199999999998,0,1,25,0.035652000000000003
vehicle_cut_in,188,85,-1,5,0.068053600000000006,0,1,25,0.034365
vehicle_cut_in,189,85,-1,5,0.068303199999999994,0,1,25,0.036636000000000002
vehicle_cut_in,190,85,-1,5,0.0682952,0,1,25,0.034465999999999997
vehicle_cut_in,191,85,-1,5,0.068092,0,1,25,0.033472000000000002
vehicle_cut_in,192,85,-1,5,0.065504199999999999,0,1,25,0.033440999999999999
vehicle_cut_in,193,85,-1,5,0.068294800000000003,0,1,25,0.034256000000000002
vehicle_cut_in,194,85,-1,5,0.066449000000000008,0,1,25,0.032698999999999999
vehicle_cut_in,195,85,-1,5,0.064515400000000001,0,1,25,0.032482999999999998
vehicle_cut_in,196,85,-1,5,0.06608159999999999,0,1,25,0.035399
vehicle_cut_in,197,85,-1,5,0.06482679999999999,0,1,25,0.032732999999999998
vehicle_cut_in,198,85,-1,5,0.067388799999999999,0,1,25,0.036454
vehicle_cut_in,199,85,-1,5,0.064514000000000002,0,1,25,0.032606999999999997
vehicle_cut_in,200,85,-1,5,0.067172399999999993,0,1,25,0.034708999999999997
vehicle_cut_in,201,85,43,5,0.067393000000000008,0,1,25,0.035597999999999998
vehicle_cut_in,202,85,-1,5,0.068959400000000004,0,1,25,0.035423999999999997
vehicle_cut_in,203,85,-1,5,0.066520800000000005,0,1,25,0.035352000000000001
vehicle_cut_in,204,85,-1,5,0.067571800000000001,0,1,25,0.032496999999999998
vehicle_cut_in,205,85,-1,5,0.064670399999999989,0,1,25,0.036158999999999997
vehicle_cut_in,206,85,-1,5,0.066645599999999999,0,1,25,0.032347000000000001
vehicle_cut_in,207,85,-1,5,0.065030000000000004,0,1,25,0.034908000000000002
vehicle_cut_in,208,85,-1,5,0.06618460000000001,0,1,25,0.034118999999999997
vehicle_cut_in,209,85,-1,5,0.065420999999999993,0,1,25,0.032655000000000003
vehicle_cut_in,210,85,-1,5,0.0730682,0,1,25,0.040835000000000003
vehicle_cut_in,211,85,-1,5,0.068117999999999998,0,1,25,0.036176
vehicle_cut_in,212,85,-1,5,0.06518779999999999,0,1,25,0.032551999999999998
vehicle_cut_in,213,85,-1,5,0.067222599999999993,0,1,25,0.035311000000000002
vehicle_cut_in,214,85,-1,5,0.064372200000000004,0,1,25,0.032363000000000003
vehicle_cut_in,215,85,-1,5,0.065693199999999993,0,1,25,0.032132000000000001
vehicle_cut_in,216,85,-1,5,0.065583599999999992,0,1,25,0.033137
vehicle_cut_in,217,85,-1,5,0.065358400000000011,0,1,25,0.032960000000000003
vehicle_cut_in,218,85,-1,5,0.065273200000000003,0,1,25,0.035108
vehicle_cut_in,219,85,-1,5,0.064670199999999997,0,1,25,0.032252000000000003
vehicle_cut_in,220,85,38,5,0.069119,0,1,25,0.039997999999999999
vehicle_cut_in,221,85,54,5,0.0677344,0,1,25,0.036246
vehicle_cut_in,222,85,-1,5,0.06465499999999999,0,1,25,0.032445000000000002
vehicle_cut_in,223,85,-1,5,0.064766999999999991,0,1,25,0.033600999999999999
vehicle_cut_in,224,85,-1,5,0.065510800000000008,0,1,25,0.035701999999999998
vehicle_cut_in,225,85,48,5,0.066735199999999995,0,1,25,0.034820999999999998
vehicle_cut_in,226,85,-1,5,0.065135799999999994,0,1,25,0.032743000000000001
vehicle_cut_in,227,85,-1,5,0.064563800000000005,0,1,25,0.032957
vehicle_cut_in,228,85,-1,5,0.065850800000000001,0,1,25,0.033620999999999998
vehicle_cut_in,229,85,-1,5,0.064619400000000007,0,1,25,0.032455999999999999
vehicle_cut_in,230,85,-1,5,0.065635399999999997,0,1,25,0.032231000000000003
vehicle_cut_in,231,85,-1,5,0.065100400000000003,0,1,25,0.032437000000000001
vehicle_cut_in,232,85,-1,5,0.065912800000000007,0,1,25,0.032696000000000003
vehicle_cut_in,233,85,-1,5,0.064564200000000002,0,1,25,0.032511999999999999
vehicle_cut_in,234,85,-1,5,0.071901000000000007,0,1,25,0.032507000000000001
vehicle_cut_in,235,85,-1,5,0.064499600000000004,0,1,25,0.032376000000000002
vehicle_cut_in,236,85,-1,5,0.065355799999999992,0,1,25,0.032693
vehicle_cut_in,237,85,-1,5,0.064344600000000002,0,1,25,0.032532999999999999
vehicle_cut_in,238,85,-1,5,0.067429600000000006,0,1,25,0.034298000000000002
vehicle_cut_in,239,85,-1,5,0.064930600000000005,0,1,25,0.032543999999999997
vehicle_cut_in,240,85,-1,5,0.066831600000000005,0,1,25,0.033338
vehicle_cut_in,241,85,-1,5,0.069407999999999997,0,1,25,0.03696
vehicle_cut_in,242,85,-1,5,0.065903599999999993,0,1,25,0.032509000000000003
vehicle_cut_in,243,85,39,5,0.64426139999999998,0,1,750,0.60567199999999999
vehicle_cut_in,244,85,-1,5,0.066192000000000001,0,1,25,0.034082000000000001
vehicle_cut_in,245,85,-1,5,0.064727999999999994,0,1,25,0.032978
vehicle_cut_in,246,85,-1,5,0.066669599999999996,0,1,25,0.032731000000000003
vehicle_cut_in,247,85,-1,5,0.064500199999999994,0,1,25,0.032751000000000002
vehicle_cut_in,248,85,-1,5,0.065488199999999996,0,1,25,0.032467999999999997
vehicle_cut_in,249,85,-1,5,0.064509799999999992,0,1,25,0.032281999999999998
vehicle_cut_in,250,85,-1,5,0.066335599999999995,0,1,25,0.034997
vehicle_cut_in,251,85,-1,5,0.064466200000000001,0,1,25,0.032474999999999997
vehicle_cut_in,252,85,28,5,0.068846400000000002,0,1,25,0.036241000000000002
vehicle_cut_in,253,85,-1,5,0.064913399999999996,0,1,25,0.033597000000000002
vehicle_cut_in,254,85,-1,5,0.065217800000000006,0,1,25,0.032926999999999998
vehicle_cut_in,255,85,-1,5,0.068816600000000006,0,1,25,0.034539
vehicle_cut_in,256,85,-1,5,0.0643764,0,1,25,0.032631
vehicle_cut_in,257,85,-1,5,0.065561599999999998,0,1,25,0.035517
vehicle_cut_in,258,85,-1,5,0.067166599999999993,0,1,25,0.035272999999999999
vehicle_cut_in,259,85,-1,5,0.064722599999999991,0,1,25,0.033699
vehicle_cut_in,260,85,-1,5,0.066783200000000001,0,1,25,0.032571000000000003
vehicle_cut_in,261,85,-1,5,0.064142400000000002,0,1,25,0.032440999999999998
vehicle_cut_in,262,85,-1,5,0.0673232,0,1,25,0.032670999999999999
vehicle_cut_in,263,85,-1,5,0.065460600000000008,0,1,25,0.032344999999999999
vehicle_cut_in,264,85,-1,5,0.064896599999999999,0,1,25,0.032426000000000003
vehicle_cut_in,265,85,-1,5,0.065659800000000004,0,1,25,0.032136999999999999
vehicle_cut_in,266,85,-1,5,0.065586800000000001,0,1,25,0.033092999999999997
vehicle_cut_in,267,85,-1,5,0.065086999999999992,0,1,25,0.033273999999999998
vehicle_cut_in,268,85,-1,5,0.064474000000000004,0,1,25,0.033225999999999999
vehicle_cut_in,269,85,-1,5,0.066828799999999994,0,1,25,0.034567000000000001
vehicle_cut_in,270,85,-1,5,0.067974800000000002,0,1,25,0.034329999999999999
vehicle_cut_in,271,85,-1,5,0.067403199999999996,0,1,25,0.034418999999999998
vehicle_cut_in,272,85,-1,5,0.064700400000000005,0,1,25,0.034897999999999998
vehicle_cut_in,273,85,-1,5,0.068602799999999992,0,1,25,0.035246
vehicle_cut_in,274,85,-1,5,0.068465999999999999,0,1,25,0.034287999999999999
vehicle_cut_in,275,85,-1,5,0.0643682,0,1,25,0.032661000000000003
vehicle_cut_in,276,85,-1,5,0.067012000000000002,0,1,25,0.034469
vehicle_cut_in,277,85,-1,5,0.066261199999999992,0,1,25,0.032793000000000003
vehicle_cut_in,278,85,-1,5,0.06618460000000001,0,1,25,0.035208999999999997
vehicle_cut_in,279,85,-1,5,0.064031400000000002,0,1,25,0.032480000000000002
vehicle_cut_in,280,85,-1,5,0.067215999999999998,0,1,25,0.034011
vehicle_cut_in,281,85,43,5,0.068751199999999998,0,1,25,0.035360999999999997
vehicle_cut_in,282,85,-1,5,0.068144400000000008,0,1,25,0.034294999999999999
vehicle_cut_in,283,85,-1,5,0.068269200000000002,0,1,25,0.034671
vehicle_cut_in,284,85,-1,5,0.068234400000000001,0,1,25,0.035587000000000001
vehicle_cut_in,285,85,-1,5,0.068970400000000001,0,1,25,0.037436999999999998
vehicle_cut_in,286,85,-1,5,0.068302200000000007,0,1,25,0.034317
vehicle_cut_in,287,85,-1,5,0.068929400000000002,0,1,25,0.034511
vehicle_cut_in,288,85,-1,5,0.0681538,0,1,25,0.035917999999999999
vehicle_cut_in,289,85,-1,5,0.069303599999999993,0,1,25,0.034703999999999999
vehicle_cut_in,290,85,-1,5,0.065613999999999992,0,1,25,0.032518999999999999
vehicle_cut_in,291,85,-1,5,0.0695746,0,1,25,0.034613999999999999
vehicle_cut_in,292,85,-1,5,0.067939799999999995,0,1,25,0.034556000000000003
vehicle_cut_in,293,85,-1,5,0.068157400000000007,0,1,25,0.034145000000000002
vehicle_cut_in,294,85,-1,5,0.067993400000000009,0,1,25,0.034563000000000003
vehicle_cut_in,295,85,-1,5,0.067599800000000002,0,1,25,0.034379
vehicle_cut_in,296,85,-1,5,0.068500000000000005,0,1,25,0.034210999999999998
vehicle_cut_in,297,85,-1,5,0.067416799999999999,0,1,25,0.033896999999999997
vehicle_cut_in,298,85,-1,5,0.068532400000000007,0,1,25,0.034597999999999997
vehicle_cut_in,299,85,-1,5,0.065702999999999998,0,1,25,0.032215000000000001
vehicle_cut_in,300,85,-1,5,0.065954600000000002,0,1,25,0.034258999999999998
vehicle_cut_in,301,85,-1,5,0.068143200000000001,0,1,25,0.034396999999999997
vehicle_cut_in,302,85,-1,5,0.068144200000000002,0,1,25,0.034493999999999997
vehicle_cut_in,303,85,-1,5,0.067690600000000004,0,1,25,0.034132000000000003
vehicle_cut_in,304,85,-1,5,0.068132999999999999,0,1,25,0.034956000000000001
vehicle_cut_in,305,85,-1,5,0.067905800000000002,0,1,25,0.034640999999999998
vehicle_cut_in,306,85,-1,5,0.068053200000000008,0,1,25,0.034422000000000001
vehicle_cut_in,307,85,-1,5,0.06842319999999999,0,1,25,0.034582000000000002
vehicle_cut_in,308,85,55,5,0.070412000000000002,0,1,25,0.037914000000000003
vehicle_cut_in,309,85,-1,5,0.067761399999999999,0,1,25,0.033456
vehicle_cut_in,310,85,-1,5,0.068106599999999989,0,1,25,0.034283000000000001
vehicle_cut_in,311,85,-1,5,0.069135599999999992,0,1,25,0.033848999999999997
vehicle_cut_in,312,85,-1,5,0.067709400000000003,0,1,25,0.034148999999999999
vehicle_cut_in,313,85,-1,5,0.067969199999999994,0,1,25,0.034978000000000002
vehicle_cut_in,314,85,-1,5,0.067707799999999999,0,1,25,0.034047000000000001
vehicle_cut_in,315,85,-1,5,0.068163799999999997,0,1,25,0.036191000000000001
vehicle_cut_in,316,85,-1,5,0.068098400000000003,0,1,25,0.034341999999999998
vehicle_cut_in,317,85,-1,5,0.0677262,0,1,25,0.034528000000000003
vehicle_cut_in,318,85,-1,5,0.067942799999999998,0,1,25,0.034506000000000002
vehicle_cut_in,319,85,-1,5,0.067660399999999996,0,1,25,0.034414
vehicle_cut_in,320,85,-1,5,0.071332199999999998,0,1,25,0.035166000000000003
vehicle_cut_in,321,85,-1,5,0.0682426,0,1,25,0.034473999999999998
vehicle_cut_in,322,85,-1,5,0.068270600000000001,0,1,25,0.033995999999999998
vehicle_cut_in,323,85,-1,5,0.067961599999999997,0,1,25,0.034209999999999997
vehicle_cut_in,324,85,-1,5,0.067644599999999999,0,1,25,0.034110000000000001
vehicle_cut_in,325,85,-1,5,0.067944000000000004,0,1,25,0.034209999999999997
vehicle_cut_in,326,85,-1,5,0.068276799999999999,0,1,25,0.034708000000000003
vehicle_cut_in,327,85,-1,5,0.067907399999999993,0,1,25,0.035907000000000001
vehicle_cut_in,328,85,-1,5,0.064913399999999996,0,1,25,0.035631999999999997
vehicle_cut_in,329,85,-1,5,0.065037399999999995,0,1,25,0.032330999999999999
vehicle_cut_in,330,85,-1,5,0.067868399999999995,0,1,25,0.034303
vehicle_cut_in,331,85,-1,5,0.067454,0,1,25,0.034162999999999999
vehicle_cut_in,332,85,-1,5,0.066385400000000011,0,1,25,0.034106999999999998
vehicle_cut_in,333,85,-1,5,0.065466800000000006,0,1,25,0.033688000000000003
vehicle_cut_in,334,85,-1,5,0.064406600000000008,0,1,25,0.032100999999999998
vehicle_cut_in,335,85,-1,5,0.069486000000000006,0,1,25,0.033942
vehicle_cut_in,336,85,-1,5,0.0658078,0,1,25,0.033959000000000003
vehicle_cut_in,337,85,-1,5,0.064673599999999998,0,1,25,0.032126000000000002
vehicle_cut_in,338,85,-1,5,0.063013799999999995,0,1,25,0.032704999999999998
vehicle_cut_in,339,85,-1,5,0.0665718,0,1,25,0.034035999999999997
vehicle_cut_in,340,85,-1,5,0.066135399999999997,0,1,25,0.032334000000000002
vehicle_cut_in,341,85,-1,5,0.067073599999999997,0,1,25,0.034126999999999998
vehicle_cut_in,342,85,35,5,0.070563200000000006,0,1,25,0.037936999999999999
vehicle_cut_in,343,85,-1,5,0.063911999999999997,0,1,25,0.032503999999999998
vehicle_cut_in,344,85,-1,5,0.063402399999999998,0,1,25,0.032370999999999997
vehicle_cut_in,345,85,-1,5,0.06607579999999999,0,1,25,0.032573999999999999
vehicle_cut_in,346,85,-1,5,0.063733799999999993,0,1,25,0.035017
vehicle_cut_in,347,85,-1,5,0.063635200000000003,0,1,25,0.032126000000000002
vehicle_cut_in,348,85,-1,5,0.063180399999999998,0,1,25,0.032131
vehicle_cut_in,349,85,-1,5,0.063003200000000009,0,1,25,0.032126000000000002
vehicle_cut_in,350,85,-1,5,0.063456399999999996,0,1,25,0.032154000000000002
vehicle_cut_in,351,85,-1,5,0.068296400000000007,0,1,25,0.032377000000000003
vehicle_cut_in,352,85,-1,5,0.063545400000000002,0,1,25,0.032792000000000002
vehicle_cut_in,353,85,-1,5,0.06514919999999999,0,1,25,0.031866999999999999
vehicle_cut_in,354,85,-1,5,0.064453400000000008,0,1,25,0.033947999999999999
vehicle_cut_in,355,85,-1,5,0.066547800000000004,0,1,25,0.033917999999999997
vehicle_cut_in,356,85,-1,5,0.067175799999999994,0,1,25,0.034547000000000001
vehicle_cut_in,357,85,-1,5,0.063182000000000002,0,1,25,0.031983999999999999
vehicle_cut_in,358,85,-1,5,0.064071599999999992,0,1,25,0.032675999999999997
vehicle_cut_in,359,85,-1,5,0.064541199999999993,0,1,25,0.034282
vehicle_cut_in,360,85,-1,5,0.064793000000000003,0,1,25,0.032055
vehicle_cut_in,361,85,-1,5,0.062937400000000004,0,1,25,0.031968999999999997
vehicle_cut_in,362,85,-1,5,0.064333000000000001,0,1,25,0.032080999999999998
vehicle_cut_in,363,85,-1,5,0.066913399999999998,0,1,25,0.034447999999999999
vehicle_cut_in,364,85,-1,5,0.066514400000000001,0,1,25,0.034050999999999998
vehicle_cut_in,365,85,-1,5,0.066673200000000002,0,1,25,0.034195999999999997
vehicle_cut_in,366,85,-1,5,0.066543400000000003,0,1,25,0.034204999999999999
vehicle_cut_in,367,85,-1,5,0.067082799999999998,0,1,25,0.036373999999999997
vehicle_cut_in,368,85,-1,5,0.065121200000000004,0,1,25,0.032197000000000003
vehicle_cut_in,369,85,-1,5,0.066001400000000002,0,1,25,0.034122
vehicle_cut_in,370,85,-1,5,0.063086600000000007,0,1,25,0.032551999999999998
vehicle_cut_in,371,85,-1,5,0.063361399999999998,0,1,25,0.032209000000000002
vehicle_cut_in,372,85,-1,5,0.065710000000000005,0,1,25,0.034375000000000003
vehicle_cut_in,373,85,-1,5,0.067034800000000005,0,1,25,0.034507000000000003
vehicle_cut_in,374,85,-1,5,0.067060399999999992,0,1,25,0.034750000000000003
vehicle_cut_in,375,85,-1,5,0.069052199999999994,0,1,25,0.036344000000000001
vehicle_cut_in,376,85,-1,5,0.0669878,0,1,25,0.034389000000000003
vehicle_cut_in,377,85,-1,5,0.066267400000000004,0,1,25,0.032265000000000002
vehicle_cut_in,378,85,-1,5,0.067162399999999997,0,1,25,0.034107999999999999
vehicle_cut_in,379,85,-1,5,0.064428399999999997,0,1,25,0.033841000000000003
vehicle_cut_in,380,85,-1,5,0.062845399999999996,0,1,25,0.031820000000000001
vehicle_cut_in,381,85,-1,5,0.067356799999999994,0,1,25,0.034181999999999997
vehicle_cut_in,382,85,-1,5,0.067023399999999997,0,1,25,0.034438999999999997
vehicle_cut_in,383,85,-1,5,0.0668686,0,1,25,0.034215000000000002
vehicle_cut_in,384,85,-1,5,0.065188999999999997,0,1,25,0.034457000000000002
vehicle_cut_in,385,85,-1,5,0.0632886,0,1,25,0.034643
vehicle_cut_in,386,85,-1,5,0.067131200000000002,0,1,25,0.034655999999999999
vehicle_cut_in,387,85,-1,5,0.062751599999999991,0,1,25,0.031918000000000002
vehicle_cut_in,388,85,-1,5,0.063759200000000002,0,1,25,0.032183000000000003
vehicle_cut_in,389,85,-1,5,0.065166799999999997,0,1,25,0.031898999999999997
vehicle_cut_in,390,85,-1,5,0.06381139999999999,0,1,25,0.032073999999999998
vehicle_cut_in,391,85,-1,5,0.063043399999999999,0,1,25,0.032074999999999999
vehicle_cut_in,392,85,-1,5,0.0633074,0,1,25,0.032488999999999997
vehicle_cut_in,393,85,-1,5,0.064332,0,1,25,0.032246999999999998
vehicle_cut_in,394,85,-1,5,0.0659188,0,1,25,0.032222000000000001
vehicle_cut_in,395,85,-1,5,0.063274999999999998,0,1,25,0.033633999999999997
vehicle_cut_in,396,85,-1,5,0.063953999999999997,0,1,25,0.034590000000000003
vehicle_cut_in,397,85,-1,5,0.064798999999999995,0,1,25,0.032777000000000001
vehicle_cut_in,398,85,-1,5,0.066573599999999997,0,1,25,0.033137
vehicle_cut_in,399,85,-1,5,0.063744999999999996,0,1,25,0.034611000000000003
vehicle_cut_in,400,85,36,5,0.068893400000000007,0,1,25,0.035546000000000001
vehicle_cut_in,401,85,-1,5,0.063703599999999999,0,1,25,0.032482999999999998
vehicle_cut_in,402,85,-1,5,0.06468199999999999,0,1,25,0.032291
vehicle_cut_in,403,85,-1,5,0.06310099999999999,0,1,25,0.032230000000000002
vehicle_cut_in,404,85,-1,5,0.065505800000000003,0,1,25,0.032640000000000002
vehicle_cut_in,405,85,-1,5,0.062820799999999996,0,1,25,0.031814000000000002
vehicle_cut_in,406,85,-1,5,0.063695399999999999,0,1,25,0.032356999999999997
vehicle_cut_in,407,85,-1,5,0.063752600000000006,0,1,25,0.031925000000000002
vehicle_cut_in,408,85,-1,5,0.064392599999999994,0,1,25,0.032932000000000003
vehicle_cut_in,409,85,-1,5,0.0630994,0,1,25,0.03227
vehicle_cut_in,410,85,-1,5,0.064591599999999999,0,1,25,0.033797000000000001
vehicle_cut_in,411,85,-1,5,0.062826599999999996,0,1,25,0.031905999999999997
vehicle_cut_in,412,85,-1,5,0.067339800000000005,0,1,25,0.036493999999999999
vehicle_cut_in,413,85,-1,5,0.063849000000000003,0,1,25,0.032417000000000001
vehicle_cut_in,414,85,-1,5,0.064171999999999993,0,1,25,0.033070000000000002
vehicle_cut_in,415,85,-1,5,0.063733399999999996,0,1,25,0.034159000000000002
vehicle_cut_in,416,85,-1,5,0.064624399999999999,0,1,25,0.032355000000000002
vehicle_cut_in,417,85,-1,5,0.063925599999999999,0,1,25,0.03356
vehicle_cut_in,418,85,-1,5,0.063241800000000001,0,1,25,0.032016999999999997
vehicle_cut_in,419,85,-1,5,0.063603400000000004,0,1,25,0.032872999999999999
vehicle_cut_in,420,85,65,5,0.065828399999999995,0,1,25,0.036442000000000002
vehicle_cut_in,421,85,-1,5,0.067197800000000002,0,1,25,0.033722000000000002
vehicle_cut_in,422,85,-1,5,0.063571799999999998,0,1,25,0.032503999999999998
vehicle_cut_in,423,85,-1,5,0.064108399999999996,0,1,25,0.034479999999999997
vehicle_cut_in,424,85,-1,5,0.0629464,0,1,25,0.032260999999999998
vehicle_cut_in,425,85,-1,5,0.064964999999999995,0,1,25,0.034529999999999998
vehicle_cut_in,426,85,-1,5,0.063464199999999998,0,1,25,0.032421999999999999
vehicle_cut_in,427,85,34,5,0.068780399999999992,0,1,25,0.037865999999999997
vehicle_cut_in,428,85,-1,5,0.063707399999999997,0,1,25,0.032403000000000001
vehicle_cut_in,429,85,51,5,0.066535200000000003,0,1,25,0.034384999999999999
vehicle_cut_in,430,85,-1,5,0.063884999999999997,0,1,25,0.032347000000000001
vehicle_cut_in,431,85,-1,5,0.065028799999999998,0,1,25,0.032515000000000002
vehicle_cut_in,432,85,-1,5,0.064024600000000001,0,1,25,0.032869000000000002
vehicle_cut_in,433,85,-1,5,0.064497200000000005,0,1,25,0.032381
vehicle_cut_in,434,85,-1,5,0.064603999999999995,0,1,25,0.034279999999999998
vehicle_cut_in,435,85,-1,5,0.065534200000000001,0,1,25,0.035584999999999999
vehicle_cut_in,436,85,-1,5,0.063790800000000009,0,1,25,0.032252000000000003
vehicle_cut_in,437,85,-1,5,0.064810999999999994,0,1,25,0.032613000000000003
vehicle_cut_in,438,85,-1,5,0.063023799999999991,0,1,25,0.032114999999999998
vehicle_cut_in,439,85,-1,5,0.064105200000000001,0,1,25,0.032245000000000003
vehicle_cut_in,440,85,-1,5,0.063314999999999996,0,1,25,0.032232999999999998
vehicle_cut_in,441,85,-1,5,0.06394459999999999,0,1,25,0.032113999999999997
vehicle_cut_in,442,85,-1,5,0.0636438,0,1,25,0.032617
vehicle_cut_in,443,85,-1,5,0.066478999999999996,0,1,25,0.032752000000000003
vehicle_cut_in,444,85,-1,5,0.067045199999999999,0,1,25,0.032162999999999997
vehicle_cut_in,445,85,-1,5,0.063002599999999992,0,1,25,0.032649999999999998
vehicle_cut_in,446,85,-1,5,0.063365400000000002,0,1,25,0.03209
vehicle_cut_in,447,85,-1,5,0.063295799999999999,0,1,25,0.032675999999999997
vehicle_cut_in,448,85,-1,5,0.063588400000000003,0,1,25,0.032363000000000003
vehicle_cut_in,449,85,-1,5,0.063210200000000008,0,1,25,0.032093000000000003
vehicle_cut_in,450,85,-1,5,0.063605800000000004,0,1,25,0.032507000000000001
vehicle_cut_in,451,85,-1,5,0.063832,0,1,25,0.032349999999999997
vehicle_cut_in,452,85,-1,5,0.064512399999999998,0,1,25,0.034636
vehicle_cut_in,453,85,-1,5,0.062920600000000007,0,1,25,0.032183999999999997
vehicle_cut_in,454,85,-1,5,0.064436999999999994,0,1,25,0.034028000000000003
vehicle_cut_in,455,85,-1,5,0.06355920000000001,0,1,25,0.032105000000000002
vehicle_cut_in,456,85,40,5,0.069348199999999999,0,1,25,0.038441999999999997
vehicle_cut_in,457,85,-1,5,0.063320399999999999,0,1,25,0.032396000000000001
vehicle_cut_in,458,85,-1,5,0.064368400000000006,0,1,25,0.032069
vehicle_cut_in,459,85,-1,5,0.063019000000000006,0,1,25,0.032268999999999999
vehicle_cut_in,460,85,-1,5,0.065263800000000011,0,1,25,0.034504
vehicle_cut_in,461,85,-1,5,0.067176199999999991,0,1,25,0.033935
vehicle_cut_in,462,85,-1,5,0.064802600000000002,0,1,25,0.032107999999999998
vehicle_cut_in,463,85,48,5,0.0653252,0,1,25,0.034252999999999999
vehicle_cut_in,464,85,-1,5,0.093989000000000003,0,1,25,0.036559000000000001
vehicle_cut_in,465,85,-1,5,0.078546199999999997,0,1,25,0.034429000000000001
vehicle_cut_in,466,85,-1,5,0.0671268,0,1,25,0.033154000000000003
vehicle_cut_in,467,85,-1,5,0.063732399999999995,0,1,25,0.032524999999999998
vehicle_cut_in,468,85,-1,5,0.063948199999999997,0,1,25,0.034451000000000002
vehicle_cut_in,469,85,-1,5,0.064449599999999996,0,1,25,0.032238000000000003
vehicle_cut_in,470,85,-1,5,0.063161800000000004,0,1,25,0.032355000000000002
vehicle_cut_in,471,85,-1,5,0.067884799999999995,0,1,25,0.032204999999999998
vehicle_cut_in,472,85,-1,5,0.063173999999999994,0,1,25,0.031980000000000001
vehicle_cut_in,473,85,-1,5,0.0656336,0,1,25,0.032309999999999998
vehicle_cut_in,474,85,-1,5,0.0652726,0,1,25,0.033938999999999997
vehicle_cut_in,475,85,36,5,0.072493000000000002,0,1,25,0.035722999999999998
vehicle_cut_in,476,85,-1,5,0.063963599999999995,0,1,25,0.032925999999999997
vehicle_cut_in,477,85,-1,5,0.0634628,0,1,25,0.032507000000000001
vehicle_cut_in,478,85,-1,5,0.063015200000000007,0,1,25,0.032145
vehicle_cut_in,479,85,42,5,0.066727999999999996,0,1,25,0.035140999999999999
vehicle_cut_in,480,85,-1,5,0.064133799999999991,0,1,25,0.032466000000000002
vehicle_cut_in,481,85,-1,5,0.063830999999999999,0,1,25,0.033359
vehicle_cut_in,482,85,-1,5,0.064248600000000003,0,1,25,0.032626000000000002
vehicle_cut_in,483,85,-1,5,0.063410999999999995,0,1,25,0.033013000000000001
vehicle_cut_in,484,85,-1,5,0.065787200000000004,0,1,25,0.032232999999999998
vehicle_cut_in,485,85,-1,5,0.064129000000000005,0,1,25,0.032451000000000001
vehicle_cut_in,486,85,-1,5,0.065245600000000001,0,1,25,0.034112000000000003
vehicle_cut_in,487,85,-1,5,0.064002599999999993,0,1,25,0.032703999999999997
vehicle_cut_in,488,85,-1,5,0.064463199999999998,0,1,25,0.034042000000000003
vehicle_cut_in,489,85,-1,5,0.064532599999999996,0,1,25,0.032558999999999998
vehicle_cut_in,490,85,-1,5,0.066487600000000008,0,1,25,0.036005000000000002
vehicle_cut_in,491,85,-1,5,0.0635048,0,1,25,0.034539
vehicle_cut_in,492,85,-1,5,0.064244599999999999,0,1,25,0.032835999999999997
vehicle_cut_in,493,85,-1,5,0.063288800000000006,0,1,25,0.031906999999999998
vehicle_cut_in,494,85,-1,5,0.064953000000000011,0,1,25,0.032204999999999998
vehicle_cut_in,495,85,-1,5,0.062900600000000001,0,1,25,0.032472000000000001
vehicle_cut_in,496,85,-1,5,0.063986200000000007,0,1,25,0.032087999999999998
vehicle_cut_in,497,85,-1,5,0.063893000000000005,0,1,25,0.034326000000000002
vehicle_cut_in,498,85,-1,5,0.066508999999999999,0,1,25,0.034252999999999999
vehicle_cut_in,499,85,-1,5,0.066194600000000006,0,1,25,0.034139999999999997
parked_and_oncoming,0,97,-1,5,0.3708572,0,1,350,0.32561400000000001
parked_and_oncoming,1,97,-1,5,0.37294579999999999,0,1,350,0.35228599999999999
parked_and_oncoming,2,97,-1,5,0.33162959999999997,0,1,300,0.29493900000000001
parked_and_oncoming,3,97,-1,5,0.47975599999999996,0,1,450,0.43332799999999999
parked_and_oncoming,4,97,-1,5,0.3826078,0,1,350,0.34257199999999999
parked_and_oncoming,5,97,-1,5,0.32312340000000001,0,1,300,0.28198200000000001
parked_and_oncoming,6,97,-1,5,0.45088039999999996,0,1,450,0.40892299999999998
parked_and_oncoming,7,97,41,5,0.17235899999999998,0,1,125,0.15045800000000001
parked_and_oncoming,8,97,-1,5,0.30327599999999999,0,1,275,0.27291399999999999
parked_and_oncoming,9,97,-1,5,0.45129720000000006,0,1,450,0.416269
parked_and_oncoming,10,97,-1,5,0.34563840000000001,0,1,325,0.302458
parked_and_oncoming,11,97,-1,5,0.50849820000000001,0,1,500,0.49555199999999999
parked_and_oncoming,12,97,-1,5,0.53783120000000006,0,1,550,0.50527200000000005
parked_and_oncoming,13,97,-1,5,0.4931412,0,1,500,0.46152599999999999
parked_and_oncoming,14,97,-1,5,0.42698520000000001,0,1,425,0.388208
parked_and_oncoming,15,97,-1,5,0.31903219999999999,0,1,300,0.29144700000000001
parked_and_oncoming,16,97,-1,5,0.36124200000000001,0,1,350,0.32736199999999999
parked_and_oncoming,17,97,-1,5,0.3611084,0,1,350,0.32516400000000001
parked_and_oncoming,18,97,-1,5,0.33981880000000003,0,1,325,0.300562
parked_and_oncoming,19,97,-1,5,0.35993320000000001,0,1,350,0.32489099999999999
parked_and_oncoming,20,97,-1,5,0.342005,0,1,325,0.31878299999999998
parked_and_oncoming,21,97,-1,5,0.30724619999999997,0,1,275,0.26014700000000002
parked_and_oncoming,22,97,-1,5,0.36011120000000002,0,1,350,0.32454300000000003
parked_and_oncoming,23,97,-1,5,0.230736,0,1,200,0.19433700000000001
parked_and_oncoming,24,97,-1,5,0.43226820000000005,0,1,425,0.393349
parked_and_oncoming,25,97,-1,5,0.38041939999999996,0,1,350,0.343308
parked_and_oncoming,26,97,-1,5,0.35838120000000001,0,1,325,0.32142300000000001
parked_and_oncoming,27,97,-1,5,0.38487919999999998,0,1,350,0.34561900000000001
parked_and_oncoming,28,97,-1,5,0.50006139999999999,0,1,475,0.48286299999999999
parked_and_oncoming,29,97,-1,5,0.56488240000000001,0,1,550,0.52680300000000002
parked_and_oncoming,30,97,-1,5,0.35714180000000001,0,1,325,0.31742799999999999
parked_and_oncoming,31,97,-1,5,0.56510480000000007,0,1,550,0.52843300000000004
parked_and_oncoming,32,97,-1,5,0.35928759999999998,0,1,325,0.31849499999999997
parked_and_oncoming,33,97,-1,5,0.33622040000000003,0,1,300,0.296956
parked_and_oncoming,34,97,-1,5,0.34939200000000004,0,1,325,0.31663599999999997
parked_and_oncoming,35,97,-1,5,0.3593266,0,1,325,0.32158700000000001
parked_and_oncoming,36,97,-1,5,0.38256860000000004,0,1,350,0.342837
parked_and_oncoming,37,97,-1,5,0.26492140000000003,0,1,225,0.22662599999999999
parked_and_oncoming,38,97,-1,5,0.47394740000000002,0,1,450,0.43705899999999998
parked_and_oncoming,39,97,-1,5,0.36853820000000004,0,1,350,0.329432
parked_and_oncoming,40,97,-1,5,0.59889840000000005,0,1,600,0.54218500000000003
parked_and_oncoming,41,97,-1,5,0.35157080000000002,0,1,325,0.31831799999999999
parked_and_oncoming,42,97,-1,5,0.36738879999999996,0,1,350,0.32173400000000002
parked_and_oncoming,43,97,-1,5,0.61278100000000002,0,1,625,0.579036
parked_and_oncoming,44,97,-1,5,0.34773480000000001,0,1,325,0.31202600000000003
parked_and_oncoming,45,97,-1,5,0.31638880000000003,0,1,300,0.281582
parked_and_oncoming,46,97,-1,5,0.36318220000000001,0,1,350,0.32237300000000002
parked_and_oncoming,47,97,-1,5,0.25811980000000001,0,1,225,0.246199
parked_and_oncoming,48,97,-1,5,0.49364179999999996,0,1,500,0.45807100000000001
parked_and_oncoming,49,97,-1,5,0.36125859999999999,0,1,350,0.32255200000000001
parked_and_oncoming,50,97,-1,5,0.34106040000000004,0,1,325,0.31258200000000003
parked_and_oncoming,51,97,-1,5,0.49628560000000005,0,1,500,0.47354400000000002
parked_and_oncoming,52,97,-1,5,0.34592000000000001,0,1,325,0.31400299999999998
parked_and_oncoming,53,97,-1,5,0.49383600000000005,0,1,500,0.46137899999999998
parked_and_oncoming,54,97,-1,5,0.33980899999999997,0,1,325,0.301653
parked_and_oncoming,55,97,-1,5,0.44849600000000001,0,1,450,0.41465999999999997
parked_and_oncoming,56,97,-1,5,0.3167722,0,1,300,0.28188000000000002
parked_and_oncoming,57,97,-1,5,0.36827160000000003,0,1,350,0.32189400000000001
parked_and_oncoming,58,97,-1,5,0.3393832,0,1,325,0.30341299999999999
parked_and_oncoming,59,97,-1,5,0.31808059999999999,0,1,300,0.28708099999999998
parked_and_oncoming,60,97,-1,5,0.3656452,0,1,350,0.34217199999999998
parked_and_oncoming,61,97,-1,5,0.34844120000000001,0,1,325,0.31658700000000001
parked_and_oncoming,62,97,-1,5,0.3653788,0,1,350,0.32442900000000002
parked_and_oncoming,63,97,-1,5,0.3663402,0,1,350,0.330455
parked_and_oncoming,64,97,-1,5,0.50282460000000007,0,1,500,0.45315100000000003
parked_and_oncoming,65,97,-1,5,0.38583120000000004,0,1,375,0.344862
parked_and_oncoming,66,97,-1,5,0.36700279999999996,0,1,350,0.32256000000000001
parked_and_oncoming,67,97,-1,5,0.32223160000000001,0,1,300,0.281082
parked_and_oncoming,68,97,-1,5,0.4269964,0,1,425,0.38706800000000002
parked_and_oncoming,69,97,-1,5,0.34711740000000002,0,1,325,0.30861699999999997
parked_and_oncoming,70,97,-1,5,0.32017400000000001,0,1,300,0.28467500000000001
parked_and_oncoming,71,97,-1,5,0.33918020000000004,0,1,325,0.30119699999999999
parked_and_oncoming,72,97,-1,5,0.55078839999999996,0,1,550,0.51614400000000005
parked_and_oncoming,73,97,-1,5,0.36269459999999998,0,1,350,0.32704699999999998
parked_and_oncoming,74,97,-1,5,0.34875120000000004,0,1,325,0.31960300000000003
parked_and_oncoming,75,97,-1,5,0.36077199999999998,0,1,350,0.324515
parked_and_oncoming,76,97,-1,5,0.34740219999999999,0,1,325,0.30146899999999999
parked_and_oncoming,77,97,-1,5,0.36123080000000002,0,1,350,0.32371699999999998
parked_and_oncoming,78,97,-1,5,0.25271720000000003,0,1,225,0.21670800000000001
parked_and_oncoming,79,97,-1,5,0.33988479999999999,0,1,325,0.30656899999999998
parked_and_oncoming,80,97,-1,5,0.36422560000000004,0,1,350,0.33243499999999998
parked_and_oncoming,81,97,-1,5,0.49381940000000002,0,1,500,0.46142100000000003
parked_and_oncoming,82,97,-1,5,0.23041879999999998,0,1,200,0.19514400000000001
parked_and_oncoming,83,97,-1,5,0.3637686,0,1,350,0.32265100000000002
parked_and_oncoming,84,97,-1,5,0.37020960000000003,0,1,350,0.32499099999999997
parked_and_oncoming,85,97,-1,5,0.23109660000000001,0,1,200,0.19875100000000001
parked_and_oncoming,86,97,-1,5,0.34167979999999998,0,1,325,0.30333100000000002
parked_and_oncoming,87,97,-1,5,0.49362859999999997,0,1,500,0.45758799999999999
parked_and_oncoming,88,97,-1,5,0.47135080000000001,0,1,475,0.43620700000000001
parked_and_oncoming,89,97,-1,5,0.37778600000000001,0,1,350,0.34052700000000002
parked_and_oncoming,90,97,-1,5,0.31695620000000002,0,1,300,0.28042400000000001
parked_and_oncoming,91,97,-1,5,0.31947880000000001,0,1,300,0.286713
parked_and_oncoming,92,97,-1,5,0.3645774,0,1,350,0.332173
parked_and_oncoming,93,97,-1,5,0.36184559999999999,0,1,350,0.324739
parked_and_oncoming,94,97,-1,5,0.43024839999999998,0,1,425,0.38675100000000001
parked_and_oncoming,95,97,-1,5,0.36854179999999997,0,1,350,0.33334399999999997
parked_and_oncoming,96,97,-1,5,0.31582759999999999,0,1,300,0.28213700000000003
parked_and_oncoming,97,97,-1,5,0.41843000000000002,0,1,400,0.37900600000000001
parked_and_oncoming,98,97,-1,5,0.32409720000000003,0,1,300,0.28182400000000002
parked_and_oncoming,99,97,-1,5,0.31839680000000004,0,1,300,0.27991700000000003
parked_and_oncoming,100,97,-1,5,0.3632222,0,1,350,0.33547700000000003
parked_and_oncoming,101,97,-1,5,0.3414316,0,1,325,0.31095099999999998
parked_and_oncoming,102,97,-1,5,0.36279800000000001,0,1,350,0.32915
parked_and_oncoming,103,97,-1,5,0.44897020000000004,0,1,450,0.411742
parked_and_oncoming,104,97,42,5,0.1726316,0,1,125,0.13300799999999999
parked_and_oncoming,105,97,-1,5,0.35943520000000001,0,1,350,0.32577600000000001
parked_and_oncoming,106,97,-1,5,0.34265960000000001,0,1,325,0.30224200000000001
parked_and_oncoming,107,97,-1,5,0.32469939999999997,0,1,300,0.31131399999999998
parked_and_oncoming,108,97,-1,5,0.36060419999999999,0,1,350,0.32536500000000002
parked_and_oncoming,109,97,-1,5,0.36500379999999999,0,1,350,0.34667300000000001
parked_and_oncoming,110,97,-1,5,0.36741619999999997,0,1,350,0.32464500000000002
parked_and_oncoming,111,97,-1,5,0.33856720000000001,0,1,325,0.30361900000000003
parked_and_oncoming,112,97,-1,5,0.26158480000000001,0,1,225,0.215618
parked_and_oncoming,113,97,-1,5,0.32037680000000002,0,1,300,0.27970499999999998
parked_and_oncoming,114,97,-1,5,0.34340760000000004,0,1,325,0.30981399999999998
parked_and_oncoming,115,97,-1,5,0.25410119999999997,0,1,225,0.221361
parked_and_oncoming,116,97,-1,5,0.34429579999999999,0,1,325,0.31519200000000003
parked_and_oncoming,117,97,-1,5,0.32297880000000001,0,1,300,0.29675499999999999
parked_and_oncoming,118,97,-1,5,0.35581839999999998,0,1,325,0.31445000000000001
parked_and_oncoming,119,97,-1,5,0.35702899999999999,0,1,325,0.32234400000000002
parked_and_oncoming,120,97,38,5,0.14512640000000002,0,1,100,0.109737
parked_and_oncoming,121,97,-1,5,0.349715,0,1,325,0.31912600000000002
parked_and_oncoming,122,97,-1,5,0.3560104,0,1,325,0.32037300000000002
parked_and_oncoming,123,97,-1,5,0.37207040000000002,0,1,350,0.34453899999999998
parked_and_oncoming,124,97,-1,5,0.32764680000000002,0,1,300,0.30092600000000003
parked_and_oncoming,125,97,-1,5,0.23549199999999998,0,1,200,0.19382199999999999
parked_and_oncoming,126,97,-1,5,0.45846039999999999,0,1,450,0.41679100000000002
parked_and_oncoming,127,97,39,5,0.17206879999999999,0,1,125,0.137041
parked_and_oncoming,128,97,-1,5,0.35688439999999999,0,1,325,0.31262800000000002
parked_and_oncoming,129,97,-1,5,0.3723032,0,1,350,0.33850799999999998
parked_and_oncoming,130,97,-1,5,0.32514460000000001,0,1,300,0.30710300000000001
parked_and_oncoming,131,97,-1,5,0.37032940000000003,0,1,350,0.32244200000000001
parked_and_oncoming,132,97,-1,5,0.3688032,0,1,350,0.34055400000000002
parked_and_oncoming,133,97,-1,5,0.38412199999999996,0,1,375,0.34980299999999998
parked_and_oncoming,134,97,-1,5,0.41667399999999999,0,1,400,0.38073099999999999
parked_and_oncoming,135,97,-1,5,0.48444760000000003,0,1,475,0.44058000000000003
parked_and_oncoming,136,97,-1,5,0.88545700000000005,0,1,925,0.87231700000000001
parked_and_oncoming,137,97,-1,5,0.32253039999999999,0,1,300,0.279445
parked_and_oncoming,138,97,-1,5,0.36435460000000003,0,1,350,0.32221699999999998
parked_and_oncoming,139,97,-1,5,0.36392820000000003,0,1,350,0.32480900000000001
parked_and_oncoming,140,97,-1,5,0.45178839999999998,0,1,450,0.41465600000000002
parked_and_oncoming,141,97,-1,5,0.32006220000000002,0,1,300,0.279478
parked_and_oncoming,142,97,-1,5,0.50300079999999991,0,1,500,0.47757699999999997
parked_and_oncoming,143,97,-1,5,0.30727640000000001,0,1,275,0.25925399999999998
parked_and_oncoming,144,97,-1,5,0.3527362,0,1,325,0.31157600000000002
parked_and_oncoming,145,97,-1,5,0.50380320000000001,0,1,500,0.46099800000000002
parked_and_oncoming,146,97,-1,5,0.33892,0,1,325,0.30519800000000002
parked_and_oncoming,147,97,-1,5,0.34292479999999997,0,1,325,0.30409000000000003
parked_and_oncoming,148,97,-1,5,0.35356880000000002,0,1,325,0.32686700000000002
parked_and_oncoming,149,97,-1,5,0.32461580000000001,0,1,300,0.285802
parked_and_oncoming,150,97,-1,5,0.36068040000000001,0,1,350,0.32564399999999999
parked_and_oncoming,151,97,-1,5,0.36098780000000003,0,1,350,0.32840399999999997
parked_and_oncoming,152,97,40,5,0.165658,0,1,125,0.12927
parked_and_oncoming,153,97,-1,5,0.31676840000000001,0,1,300,0.28113500000000002
parked_and_oncoming,154,97,-1,5,0.37191399999999997,0,1,350,0.33124599999999998
parked_and_oncoming,155,97,-1,5,0.36507499999999998,0,1,350,0.34507900000000002
parked_and_oncoming,156,97,-1,5,0.35409299999999999,0,1,325,0.31169000000000002
parked_and_oncoming,157,97,-1,5,0.64929159999999997,0,1,675,0.60670199999999996
parked_and_oncoming,158,97,-1,5,0.3643382,0,1,350,0.323519
parked_and_oncoming,159,97,-1,5,0.34773399999999999,0,1,325,0.30346699999999999
parked_and_oncoming,160,97,-1,5,0.3692144,0,1,350,0.352746
parked_and_oncoming,161,97,-1,5,0.352441,0,1,325,0.31459999999999999
parked_and_oncoming,162,97,-1,5,0.49424279999999998,0,1,500,0.46324799999999999
parked_and_oncoming,163,97,-1,5,0.36661840000000001,0,1,350,0.346111
parked_and_oncoming,164,97,45,5,0.17182020000000001,0,1,125,0.13622999999999999
parked_and_oncoming,165,97,-1,5,0.52436059999999995,0,1,525,0.499859
parked_and_oncoming,166,97,-1,5,0.47739979999999999,0,1,475,0.437552
parked_and_oncoming,167,97,-1,5,0.33818739999999997,0,1,325,0.30296099999999998
parked_and_oncoming,168,97,-1,5,0.31906800000000002,0,1,300,0.28534900000000002
parked_and_oncoming,169,97,-1,5,0.339951,0,1,325,0.30283900000000002
parked_and_oncoming,170,97,-1,5,0.52074239999999994,0,1,525,0.485406
parked_and_oncoming,171,97,-1,5,0.49259940000000002,0,1,475,0.46638000000000002
parked_and_oncoming,172,97,-1,5,0.3195442,0,1,300,0.28074300000000002
parked_and_oncoming,173,97,-1,5,0.36206700000000003,0,1,350,0.33062000000000002
parked_and_oncoming,174,97,-1,5,0.31690459999999998,0,1,300,0.279835
parked_and_oncoming,175,97,-1,5,0.34563939999999999,0,1,325,0.30846099999999999
parked_and_oncoming,176,97,-1,5,0.51774659999999995,0,1,525,0.48001899999999997
parked_and_oncoming,177,97,-1,5,0.47389000000000003,0,1,475,0.43258600000000003
parked_and_oncoming,178,97,-1,5,0.229459,0,1,200,0.19348499999999999
parked_and_oncoming,179,97,-1,5,0.365369,0,1,350,0.33623399999999998
parked_and_oncoming,180,97,-1,5,0.41658879999999998,0,1,300,0.47806700000000002
parked_and_oncoming,181,97,-1,5,0.36898580000000003,0,1,350,0.34753699999999998
parked_and_oncoming,182,97,-1,5,0.45285799999999998,0,1,450,0.41858299999999998
parked_and_oncoming,183,97,-1,5,0.29887220000000003,0,1,275,0.26152500000000001
parked_and_oncoming,184,97,-1,5,0.34543599999999997,0,1,325,0.30107299999999998
parked_and_oncoming,185,97,-1,5,0.3266888,0,1,300,0.287802
parked_and_oncoming,186,97,-1,5,0.25833260000000002,0,1,225,0.226048
parked_and_oncoming,187,97,39,5,0.1690362,0,1,125,0.13152900000000001
parked_and_oncoming,188,97,-1,5,0.2794198,0,1,250,0.25333499999999998
parked_and_oncoming,189,97,-1,5,0.3563038,0,1,325,0.33211499999999999
parked_and_oncoming,190,97,-1,5,0.44882619999999995,0,1,450,0.413661
parked_and_oncoming,191,97,-1,5,0.2560056,0,1,225,0.21576100000000001
parked_and_oncoming,192,97,-1,5,0.36267759999999999,0,1,350,0.32655699999999999
parked_and_oncoming,193,97,-1,5,0.50667079999999998,0,1,500,0.48058299999999998
parked_and_oncoming,194,97,-1,5,0.36325679999999999,0,1,350,0.32218799999999997
parked_and_oncoming,195,97,-1,5,0.36187059999999999,0,1,350,0.32531700000000002
parked_and_oncoming,196,97,-1,5,0.32326379999999999,0,1,300,0.28235399999999999
parked_and_oncoming,197,97,-1,5,0.23122319999999999,0,1,200,0.192495
parked_and_oncoming,198,97,-1,5,0.23534340000000001,0,1,200,0.19411999999999999
parked_and_oncoming,199,97,-1,5,0.3457672,0,1,325,0.30329
parked_and_oncoming,200,97,-1,5,0.34425040000000001,0,1,325,0.30975000000000003
parked_and_oncoming,201,97,-1,5,0.23166220000000001,0,1,200,0.19655
parked_and_oncoming,202,97,-1,5,0.32781959999999999,0,1,300,0.278499
parked_and_oncoming,203,97,-1,5,0.34058179999999999,0,1,325,0.309973
parked_and_oncoming,204,97,-1,5,0.54157599999999995,0,1,550,0.51006600000000002
parked_and_oncoming,205,97,-1,5,0.31828780000000001,0,1,300,0.28682000000000002
parked_and_oncoming,206,97,-1,5,0.341331,0,1,325,0.30525400000000003
parked_and_oncoming,207,97,-1,5,0.34023619999999999,0,1,325,0.300564
parked_and_oncoming,208,97,-1,5,0.36662539999999999,0,1,350,0.33871000000000001
parked_and_oncoming,209,97,-1,5,0.25080140000000001,0,1,225,0.21496399999999999
parked_and_oncoming,210,97,-1,5,0.36284320000000003,0,1,350,0.32313500000000001
parked_and_oncoming,211,97,-1,5,0.25235299999999999,0,1,225,0.21510000000000001
parked_and_oncoming,212,97,-1,5,0.3407888,0,1,325,0.30202699999999999
parked_and_oncoming,213,97,-1,5,0.36102120000000004,0,1,350,0.32653399999999999
parked_and_oncoming,214,97,-1,5,0.36642039999999998,0,1,350,0.32698700000000003
parked_and_oncoming,215,97,-1,5,0.34112900000000002,0,1,325,0.30397800000000003
parked_and_oncoming,216,97,-1,5,0.32317580000000001,0,1,300,0.290607
parked_and_oncoming,217,97,-1,5,0.34581499999999998,0,1,325,0.31162899999999999
parked_and_oncoming,218,97,-1,5,0.36225200000000002,0,1,350,0.32160100000000003
parked_and_oncoming,219,97,-1,5,0.36080220000000002,0,1,350,0.32571899999999998
parked_and_oncoming,220,97,-1,5,0.58971859999999998,0,1,600,0.54471899999999995
parked_and_oncoming,221,97,-1,5,0.36770139999999996,0,1,350,0.32298900000000003
parked_and_oncoming,222,97,-1,5,0.34172780000000003,0,1,325,0.30681599999999998
parked_and_oncoming,223,97,-1,5,0.48111940000000003,0,1,475,0.43621300000000002
parked_and_oncoming,224,97,-1,5,0.3204514,0,1,300,0.286306
parked_and_oncoming,225,97,-1,5,0.3210422,0,1,300,0.282161
parked_and_oncoming,226,97,-1,5,0.37328820000000001,0,1,350,0.328905
parked_and_oncoming,227,97,-1,5,0.25374599999999997,0,1,225,0.21477599999999999
parked_and_oncoming,228,97,-1,5,0.3197856,0,1,300,0.291043
parked_and_oncoming,229,97,-1,5,0.34375739999999999,0,1,325,0.30806299999999998
parked_and_oncoming,230,97,-1,5,0.3565142,0,1,325,0.31266500000000003
parked_and_oncoming,231,97,-1,5,0.52068219999999998,0,1,500,0.47419099999999997
parked_and_oncoming,232,97,-1,5,0.36355199999999999,0,1,350,0.33622299999999999
parked_and_oncoming,233,97,-1,5,0.31724600000000003,0,1,300,0.27884799999999998
parked_and_oncoming,234,97,-1,5,0.45332080000000002,0,1,450,0.41709299999999999
parked_and_oncoming,235,97,-1,5,0.36995119999999998,0,1,350,0.33079599999999998
parked_and_oncoming,236,97,-1,5,0.3441322,0,1,325,0.30353000000000002
parked_and_oncoming,237,97,-1,5,0.18473319999999999,0,1,150,0.14857600000000001
parked_and_oncoming,238,97,-1,5,0.36532740000000002,0,1,350,0.33112399999999997
parked_and_oncoming,239,97,-1,5,0.25520999999999999,0,1,225,0.22365199999999999
parked_and_oncoming,240,97,-1,5,0.50131379999999992,0,1,500,0.47941400000000001
parked_and_oncoming,241,97,-1,5,0.33987040000000002,0,1,325,0.30348900000000001
parked_and_oncoming,242,97,-1,5,0.35874419999999996,0,1,350,0.32313599999999998
parked_and_oncoming,243,97,-1,5,0.31990099999999999,0,1,300,0.28107599999999999
parked_and_oncoming,244,97,-1,5,0.25173239999999997,0,1,225,0.214641
parked_and_oncoming,245,97,-1,5,0.48098840000000004,0,1,475,0.44436900000000001
parked_and_oncoming,246,97,-1,5,0.23641700000000002,0,1,200,0.198852
parked_and_oncoming,247,97,-1,5,0.3793822,0,1,350,0.35944799999999999
parked_and_oncoming,248,97,-1,5,0.34301700000000002,0,1,325,0.302869
parked_and_oncoming,249,97,-1,5,0.33907880000000001,0,1,325,0.30133500000000002
parked_and_oncoming,250,97,-1,5,0.25370119999999996,0,1,225,0.214916
parked_and_oncoming,251,97,-1,5,0.43281439999999999,0,1,425,0.39377099999999998
parked_and_oncoming,252,97,-1,5,0.36378379999999999,0,1,350,0.32517000000000001
parked_and_oncoming,253,97,-1,5,0.3707664,0,1,350,0.34005600000000002
parked_and_oncoming,254,97,-1,5,0.33917760000000002,0,1,325,0.30055799999999999
parked_and_oncoming,255,97,-1,5,0.34449360000000001,0,1,325,0.30426799999999998
parked_and_oncoming,256,97,-1,5,0.32679459999999999,0,1,300,0.28526200000000002
parked_and_oncoming,257,97,-1,5,0.52336419999999995,0,1,525,0.490844
parked_and_oncoming,258,97,-1,5,3.1226579999999999,0,1,3450,3.0868099999999998
parked_and_oncoming,259,97,-1,5,0.54268139999999998,0,1,550,0.49476100000000001
parked_and_oncoming,260,97,-1,5,0.31648379999999998,0,1,300,0.28027099999999999
parked_and_oncoming,261,97,-1,5,0.34584700000000002,0,1,325,0.308197
parked_and_oncoming,262,97,-1,5,0.36220459999999999,0,1,350,0.32910800000000001
parked_and_oncoming,263,97,-1,5,0.3210924,0,1,300,0.28047299999999997
parked_and_oncoming,264,97,-1,5,0.41063039999999995,0,1,400,0.37160500000000002
parked_and_oncoming,265,97,-1,5,0.3261366,0,1,275,0.26034099999999999
parked_and_oncoming,266,97,-1,5,0.45278119999999999,0,1,450,0.418383
parked_and_oncoming,267,97,-1,5,0.50096600000000002,0,1,500,0.46159800000000001
parked_and_oncoming,268,97,-1,5,0.46456520000000001,0,1,450,0.44163200000000002
parked_and_oncoming,269,97,-1,5,0.36192160000000001,0,1,350,0.32494600000000001
parked_and_oncoming,270,97,-1,5,0.47825040000000002,0,1,475,0.45341500000000001
parked_and_oncoming,271,97,-1,5,0.35090940000000004,0,1,325,0.313384
parked_and_oncoming,272,97,-1,5,0.32420060000000001,0,1,300,0.29263499999999998
parked_and_oncoming,273,97,-1,5,0.36688660000000001,0,1,350,0.32419100000000001
parked_and_oncoming,274,97,-1,5,0.36309859999999999,0,1,350,0.32426700000000003
parked_and_oncoming,275,97,-1,5,0.3421478,0,1,325,0.29869099999999998
parked_and_oncoming,276,97,-1,5,0.318106,0,1,300,0.28693099999999999
parked_and_oncoming,277,97,-1,5,0.36310159999999997,0,1,350,0.336864
parked_and_oncoming,278,97,-1,5,0.56335620000000008,0,1,575,0.52608699999999997
parked_and_oncoming,279,97,-1,5,0.31986539999999997,0,1,300,0.28618199999999999
parked_and_oncoming,280,97,38,5,0.1678568,0,1,125,0.13104399999999999
parked_and_oncoming,281,97,-1,5,0.3637456,0,1,350,0.33069999999999999
parked_and_oncoming,282,97,-1,5,0.31754760000000004,0,1,300,0.281032
parked_and_oncoming,283,97,-1,5,0.34658939999999999,0,1,325,0.31550099999999998
parked_and_oncoming,284,97,-1,5,0.29454180000000002,0,1,275,0.26119100000000001
parked_and_oncoming,285,97,-1,5,0.43863940000000001,0,1,425,0.41033999999999998
parked_and_oncoming,286,97,-1,5,0.45798480000000003,0,1,450,0.41760199999999997
parked_and_oncoming,287,97,-1,5,0.31589919999999999,0,1,300,0.27981800000000001
parked_and_oncoming,288,97,-1,5,0.3217198,0,1,300,0.281003
parked_and_oncoming,289,97,-1,5,0.28248980000000001,0,1,250,0.25594099999999997
parked_and_oncoming,290,97,-1,5,0.27721380000000001,0,1,250,0.235847
parked_and_oncoming,291,97,-1,5,0.49718619999999997,0,1,500,0.47014499999999998
parked_and_oncoming,292,97,-1,5,0.58790760000000009,0,1,600,0.54854099999999995
parked_and_oncoming,293,97,-1,5,0.36456879999999997,0,1,350,0.33243
parked_and_oncoming,294,97,-1,5,0.44133139999999998,0,1,425,0.387569
parked_and_oncoming,295,97,-1,5,0.36409419999999998,0,1,350,0.323791
parked_and_oncoming,296,97,-1,5,0.18823099999999998,0,1,150,0.156448
parked_and_oncoming,297,97,-1,5,0.36109659999999999,0,1,350,0.32740599999999997
parked_and_oncoming,298,97,-1,5,0.36407519999999999,0,1,350,0.34003499999999998
parked_and_oncoming,299,97,-1,5,0.47325220000000001,0,1,475,0.43583499999999997
parked_and_oncoming,300,97,-1,5,0.5754418,0,1,575,0.52439599999999997
parked_and_oncoming,301,97,-1,5,0.3767528,0,1,350,0.33177000000000001
parked_and_oncoming,302,97,-1,5,0.43029879999999998,0,1,425,0.39067400000000002
parked_and_oncoming,303,97,-1,5,0.23209840000000001,0,1,200,0.192943
parked_and_oncoming,304,97,-1,5,0.34044560000000001,0,1,325,0.30340800000000001
parked_and_oncoming,305,97,-1,5,0.32902599999999999,0,1,300,0.29331000000000002
parked_and_oncoming,306,97,-1,5,0.50662260000000003,0,1,500,0.46549499999999999
parked_and_oncoming,307,97,-1,5,0.34511259999999999,0,1,325,0.30246800000000001
parked_and_oncoming,308,97,-1,5,0.51594499999999999,0,1,500,0.46240799999999999
parked_and_oncoming,309,97,-1,5,0.35103659999999998,0,1,325,0.30308400000000002
parked_and_oncoming,310,97,-1,5,0.37132960000000004,0,1,350,0.34317799999999998
parked_and_oncoming,311,97,-1,5,0.3949762,0,1,375,0.36910199999999999
parked_and_oncoming,312,97,-1,5,0.50840220000000003,0,1,500,0.48131200000000002
parked_and_oncoming,313,97,-1,5,0.44191539999999996,0,1,425,0.40884199999999998
parked_and_oncoming,314,97,-1,5,0.36756700000000003,0,1,350,0.33552999999999999
parked_and_oncoming,315,97,-1,5,0.37641179999999996,0,1,350,0.33599699999999999
parked_and_oncoming,316,97,-1,5,0.52108960000000004,0,1,525,0.48554999999999998
parked_and_oncoming,317,97,-1,5,0.36898719999999996,0,1,350,0.32342100000000001
parked_and_oncoming,318,97,-1,5,0.51624720000000002,0,1,525,0.477551
parked_and_oncoming,319,97,-1,5,0.32522220000000002,0,1,300,0.28702800000000001
parked_and_oncoming,320,97,-1,5,0.54448560000000001,0,1,550,0.52400100000000005
parked_and_oncoming,321,97,-1,5,0.35275080000000003,0,1,325,0.30217500000000003
parked_and_oncoming,322,97,-1,5,0.37010219999999999,0,1,350,0.342974
parked_and_oncoming,323,97,41,5,0.16838120000000001,0,1,125,0.13250200000000001
parked_and_oncoming,324,97,-1,5,0.33218720000000002,0,1,300,0.29831200000000002
parked_and_oncoming,325,97,-1,5,0.32955980000000001,0,1,300,0.29767199999999999
parked_and_oncoming,326,97,-1,5,0.50697780000000003,0,1,500,0.47071299999999999
parked_and_oncoming,327,97,-1,5,0.49007459999999997,0,1,475,0.455982
parked_and_oncoming,328,97,-1,5,0.37838440000000001,0,1,350,0.35980400000000001
parked_and_oncoming,329,97,-1,5,0.45728639999999998,0,1,450,0.44601600000000002
parked_and_oncoming,330,97,-1,5,0.48682439999999999,0,1,475,0.43170999999999998
parked_and_oncoming,331,97,-1,5,0.30633900000000003,0,1,275,0.272818
parked_and_oncoming,332,97,42,5,0.1743084,0,1,125,0.13844000000000001
parked_and_oncoming,333,97,39,5,0.16772619999999999,0,1,125,0.13183300000000001
parked_and_oncoming,334,97,-1,5,0.33873500000000001,0,1,325,0.30374899999999999
parked_and_oncoming,335,97,-1,5,0.3627764,0,1,350,0.325206
parked_and_oncoming,336,97,-1,5,0.45441219999999999,0,1,450,0.43580099999999999
parked_and_oncoming,337,97,-1,5,0.34634860000000001,0,1,325,0.327459
parked_and_oncoming,338,97,-1,5,0.44951999999999998,0,1,450,0.40932200000000002
parked_and_oncoming,339,97,-1,5,0.3890904,0,1,350,0.34203299999999998
parked_and_oncoming,340,97,-1,5,0.47917860000000001,0,1,475,0.44603199999999998
parked_and_oncoming,341,97,-1,5,0.3036624,0,1,275,0.26017099999999999
parked_and_oncoming,342,97,-1,5,0.35322179999999997,0,1,325,0.31352099999999999
parked_and_oncoming,343,97,-1,5,0.32660659999999997,0,1,300,0.28902499999999998
parked_and_oncoming,344,97,-1,5,0.35895080000000001,0,1,325,0.32888099999999998
parked_and_oncoming,345,97,-1,5,0.3679172,0,1,350,0.33804499999999998
parked_and_oncoming,346,97,-1,5,0.50025019999999998,0,1,475,0.46737000000000001
parked_and_oncoming,347,97,-1,5,0.39315319999999998,0,1,375,0.36867299999999997
parked_and_oncoming,348,97,-1,5,0.38105859999999997,0,1,350,0.33965499999999998
parked_and_oncoming,349,97,-1,5,0.34774280000000002,0,1,325,0.31323099999999998
parked_and_oncoming,350,97,-1,5,0.37563420000000003,0,1,350,0.34483599999999998
parked_and_oncoming,351,97,-1,5,0.39170260000000001,0,1,375,0.36054900000000001
parked_and_oncoming,352,97,-1,5,0.36359979999999997,0,1,350,0.33500200000000002
parked_and_oncoming,353,97,-1,5,0.45980759999999998,0,1,450,0.42208899999999999
parked_and_oncoming,354,97,-1,5,0.3439604,0,1,325,0.30444199999999999
parked_and_oncoming,355,97,-1,5,0.34205479999999999,0,1,325,0.305867
parked_and_oncoming,356,97,-1,5,0.51688200000000006,0,1,525,0.472501
parked_and_oncoming,357,97,-1,5,0.36038800000000004,0,1,350,0.32274700000000001
parked_and_oncoming,358,97,-1,5,0.47046140000000003,0,1,475,0.44134800000000002
parked_and_oncoming,359,97,-1,5,0.3302252,0,1,300,0.29989900000000003
parked_and_oncoming,360,97,-1,5,0.31722719999999999,0,1,300,0.27795199999999998
parked_and_oncoming,361,97,-1,5,0.34376960000000001,0,1,325,0.30885600000000002
parked_and_oncoming,362,97,-1,5,0.34757099999999996,0,1,325,0.31950899999999999
parked_and_oncoming,363,97,-1,5,0.34547300000000003,0,1,325,0.30419200000000002
parked_and_oncoming,364,97,-1,5,0.34677920000000001,0,1,325,0.31889200000000001
parked_and_oncoming,365,97,-1,5,0.33986640000000001,0,1,325,0.30827700000000002
parked_and_oncoming,366,97,-1,5,0.50639679999999998,0,1,500,0.46386300000000003
parked_and_oncoming,367,97,-1,5,0.42896679999999998,0,1,425,0.38812799999999997
parked_and_oncoming,368,97,-1,5,0.34330460000000002,0,1,325,0.30291499999999999
parked_and_oncoming,369,97,-1,5,0.37846419999999997,0,1,350,0.33643299999999998
parked_and_oncoming,370,97,-1,5,0.32181460000000001,0,1,300,0.28598099999999999
parked_and_oncoming,371,97,-1,5,0.52432879999999993,0,1,525,0.50666800000000001
parked_and_oncoming,372,97,-1,5,0.3703032,0,1,350,0.340582
parked_and_oncoming,373,97,-1,5,0.33758300000000002,0,1,325,0.30448999999999998
parked_and_oncoming,374,97,-1,5,0.32331959999999998,0,1,300,0.29541800000000001
parked_and_oncoming,375,97,-1,5,0.3693032,0,1,350,0.32326199999999999
parked_and_oncoming,376,97,-1,5,0.22843200000000002,0,1,200,0.19333900000000001
parked_and_oncoming,377,97,-1,5,0.59557099999999996,0,1,600,0.56867000000000001
parked_and_oncoming,378,97,-1,5,0.34555859999999999,0,1,325,0.303649
parked_and_oncoming,379,97,-1,5,0.34543240000000003,0,1,325,0.29991600000000002
parked_and_oncoming,380,97,-1,5,0.27635460000000001,0,1,250,0.23538700000000001
parked_and_oncoming,381,97,-1,5,0.34126439999999997,0,1,325,0.31938100000000003
parked_and_oncoming,382,97,-1,5,0.32370199999999999,0,1,300,0.28407700000000002
parked_and_oncoming,383,97,-1,5,0.32134940000000001,0,1,300,0.283835
parked_and_oncoming,384,97,-1,5,0.32002619999999998,0,1,300,0.27982299999999999
parked_and_oncoming,385,97,-1,5,0.31662420000000002,0,1,300,0.27880300000000002
parked_and_oncoming,386,97,-1,5,0.31731520000000002,0,1,300,0.28087299999999998
parked_and_oncoming,387,97,-1,5,0.50347799999999998,0,1,500,0.482514
parked_and_oncoming,388,97,-1,5,0.34287079999999998,0,1,325,0.30502200000000002
parked_and_oncoming,389,97,-1,5,0.3612766,0,1,350,0.33370699999999998
parked_and_oncoming,390,97,-1,5,0.34162780000000004,0,1,325,0.30313000000000001
parked_and_oncoming,391,97,-1,5,0.46486499999999997,0,1,450,0.42518800000000001
parked_and_oncoming,392,97,-1,5,0.42682880000000001,0,1,425,0.394011
parked_and_oncoming,393,97,-1,5,0.2402746,0,1,200,0.207652
parked_and_oncoming,394,97,-1,5,0.31934840000000003,0,1,300,0.28298299999999998
parked_and_oncoming,395,97,-1,5,0.37426179999999998,0,1,350,0.34244000000000002
parked_and_oncoming,396,97,-1,5,0.361487,0,1,350,0.326824
parked_and_oncoming,397,97,-1,5,0.32185459999999999,0,1,300,0.29161199999999998
parked_and_oncoming,398,97,-1,5,0.300983,0,1,275,0.26801799999999998
parked_and_oncoming,399,97,-1,5,0.34445019999999998,0,1,325,0.31309900000000002
parked_and_oncoming,400,97,-1,5,0.23368559999999999,0,1,200,0.202462
parked_and_oncoming,401,97,-1,5,0.28118180000000004,0,1,250,0.24987699999999999
parked_and_oncoming,402,97,-1,5,0.34978199999999998,0,1,325,0.317639
parked_and_oncoming,403,97,-1,5,0.32281339999999997,0,1,300,0.28042499999999998
parked_and_oncoming,404,97,-1,5,0.34118999999999999,0,1,325,0.30292400000000003
parked_and_oncoming,405,97,-1,5,0.54453240000000003,0,1,550,0.52191399999999999
parked_and_oncoming,406,97,-1,5,0.33901919999999997,0,1,325,0.301707
parked_and_oncoming,407,97,-1,5,0.325152,0,1,300,0.29702499999999998
parked_and_oncoming,408,97,-1,5,0.35795720000000003,0,1,325,0.31622800000000001
parked_and_oncoming,409,97,-1,5,0.39556439999999998,0,1,375,0.35606199999999999
parked_and_oncoming,410,97,-1,5,0.3646566,0,1,325,0.341754
parked_and_oncoming,411,97,-1,5,0.63266580000000006,0,1,600,0.59835799999999995
parked_and_oncoming,412,97,-1,5,0.30713679999999999,0,1,275,0.26530300000000001
parked_and_oncoming,413,97,-1,5,0.32388159999999999,0,1,300,0.28510099999999999
parked_and_oncoming,414,97,-1,5,0.33113619999999999,0,1,300,0.31147900000000001
parked_and_oncoming,415,97,-1,5,0.39144100000000004,0,1,375,0.34735700000000003
parked_and_oncoming,416,97,-1,5,0.49224959999999995,0,1,475,0.45730100000000001
parked_and_oncoming,417,97,-1,5,0.30624799999999996,0,1,275,0.280663
parked_and_oncoming,418,97,-1,5,0.35112019999999999,0,1,325,0.331293
parked_and_oncoming,419,97,-1,5,0.45274859999999995,0,1,425,0.41638500000000001
parked_and_oncoming,420,97,-1,5,0.32645000000000002,0,1,300,0.29615799999999998
parked_and_oncoming,421,97,-1,5,0.53702720000000004,0,1,525,0.49335099999999998
parked_and_oncoming,422,97,-1,5,0.3373932,0,1,300,0.29144999999999999
parked_and_oncoming,423,97,-1,5,0.38085920000000001,0,1,350,0.34387299999999998
parked_and_oncoming,424,97,-1,5,0.44079279999999998,0,1,425,0.40578399999999998
parked_and_oncoming,425,97,-1,5,0.355072,0,1,325,0.305838
parked_and_oncoming,426,97,-1,5,0.38075239999999999,0,1,350,0.34188600000000002
parked_and_oncoming,427,97,-1,5,0.28491,0,1,250,0.23735400000000001
parked_and_oncoming,428,97,-1,5,0.35297980000000001,0,1,325,0.32532100000000003
parked_and_oncoming,429,97,-1,5,0.2439866,0,1,200,0.20644100000000001
parked_and_oncoming,430,97,-1,5,0.37606339999999999,0,1,350,0.32275700000000002
parked_and_oncoming,431,97,-1,5,0.52321079999999998,0,1,525,0.48901699999999998
parked_and_oncoming,432,97,-1,5,0.71088719999999994,0,1,725,0.66780499999999998
parked_and_oncoming,433,97,39,5,0.16931659999999998,0,1,125,0.139266
parked_and_oncoming,434,97,-1,5,0.3680756,0,1,350,0.34179100000000001
parked_and_oncoming,435,97,-1,5,0.36697740000000001,0,1,350,0.325961
parked_and_oncoming,436,97,-1,5,0.36606559999999999,0,1,350,0.32581599999999999
parked_and_oncoming,437,97,-1,5,0.44972079999999998,0,1,425,0.41359400000000002
parked_and_oncoming,438,97,-1,5,0.37145600000000001,0,1,350,0.33990799999999999
parked_and_oncoming,439,97,-1,5,0.30402000000000001,0,1,275,0.25964999999999999
parked_and_oncoming,440,97,-1,5,0.3737914,0,1,350,0.32394200000000001
parked_and_oncoming,441,97,-1,5,0.45443719999999999,0,1,450,0.42524400000000001
parked_and_oncoming,442,97,-1,5,0.31903959999999998,0,1,300,0.28401599999999999
parked_and_oncoming,443,97,-1,5,0.36868420000000002,0,1,350,0.33239299999999999
parked_and_oncoming,444,97,-1,5,0.35595860000000001,0,1,325,0.32325599999999999
parked_and_oncoming,445,97,40,5,0.15023979999999998,0,1,100,0.11418499999999999
parked_and_oncoming,446,97,-1,5,0.37783660000000002,0,1,350,0.33977400000000002
parked_and_oncoming,447,97,-1,5,0.34758800000000001,0,1,325,0.31205300000000002
parked_and_oncoming,448,97,-1,5,0.44773680000000005,0,1,425,0.40341900000000003
parked_and_oncoming,449,97,-1,5,0.37579119999999999,0,1,350,0.34748800000000002
parked_and_oncoming,450,97,-1,5,0.3564292,0,1,325,0.31956699999999999
parked_and_oncoming,451,97,-1,5,0.38075439999999999,0,1,350,0.33821800000000002
parked_and_oncoming,452,97,-1,5,0.23541139999999999,0,1,200,0.20560400000000001
parked_and_oncoming,453,97,-1,5,0.48725699999999994,0,1,475,0.46182699999999999
parked_and_oncoming,454,97,-1,5,0.34771079999999999,0,1,325,0.31614700000000001
parked_and_oncoming,455,97,-1,5,0.23225679999999999,0,1,200,0.19353699999999999
parked_and_oncoming,456,97,-1,5,0.25478800000000001,0,1,225,0.215028
parked_and_oncoming,457,97,-1,5,0.41399839999999999,0,1,400,0.37853599999999998
parked_and_oncoming,458,97,-1,5,0.36573859999999997,0,1,350,0.32896399999999998
parked_and_oncoming,459,97,-1,5,0.36262220000000001,0,1,350,0.32541799999999999
parked_and_oncoming,460,97,-1,5,0.34253659999999997,0,1,325,0.30236800000000003
parked_and_oncoming,461,97,-1,5,0.27210100000000004,0,1,250,0.23772199999999999
parked_and_oncoming,462,97,-1,5,0.36420059999999999,0,1,350,0.32428899999999999
parked_and_oncoming,463,97,-1,5,0.29770400000000002,0,1,275,0.264318
parked_and_oncoming,464,97,-1,5,0.27749000000000001,0,1,250,0.24385499999999999
parked_and_oncoming,465,97,-1,5,0.3675696,0,1,350,0.33330399999999999
parked_and_oncoming,466,97,-1,5,0.34073159999999997,0,1,325,0.30540099999999998
parked_and_oncoming,467,97,-1,5,0.3454256,0,1,325,0.31984200000000002
parked_and_oncoming,468,97,-1,5,0.31096180000000001,0,1,275,0.27158599999999999
parked_and_oncoming,469,97,-1,5,0.3645294,0,1,350,0.33966000000000002
parked_and_oncoming,470,97,-1,5,0.54513080000000003,0,1,550,0.498556
parked_and_oncoming,471,97,-1,5,0.50388260000000007,0,1,500,0.46044000000000002
parked_and_oncoming,472,97,-1,5,0.3238548,0,1,300,0.29583999999999999
parked_and_oncoming,473,97,-1,5,0.30386239999999998,0,1,275,0.25808599999999998
parked_and_oncoming,474,97,-1,5,0.36915300000000001,0,1,350,0.32338699999999998
parked_and_oncoming,475,97,-1,5,0.3434238,0,1,325,0.31650899999999998
parked_and_oncoming,476,97,-1,5,0.32544400000000001,0,1,300,0.28214099999999998
parked_and_oncoming,477,97,-1,5,0.27443899999999999,0,1,250,0.241559
parked_and_oncoming,478,97,41,5,0.1672536,0,1,125,0.13097600000000001
parked_and_oncoming,479,97,-1,5,0.34373580000000004,0,1,325,0.31283699999999998
parked_and_oncoming,480,97,-1,5,0.31785220000000003,0,1,300,0.27918999999999999
parked_and_oncoming,481,97,-1,5,0.352246,0,1,325,0.32232499999999997
parked_and_oncoming,482,97,-1,5,0.36886760000000002,0,1,350,0.32985100000000001
parked_and_oncoming,483,97,-1,5,0.35058420000000001,0,1,325,0.314803
parked_and_oncoming,484,97,-1,5,0.3428988,0,1,325,0.31275500000000001
parked_and_oncoming,485,97,-1,5,0.3677108,0,1,350,0.33020699999999997
parked_and_oncoming,486,97,-1,5,0.32107659999999999,0,1,300,0.280136
parked_and_oncoming,487,97,-1,5,0.5572956,0,1,550,0.51499099999999998
parked_and_oncoming,488,97,-1,5,0.57342099999999996,0,1,550,0.53331300000000004
parked_and_oncoming,489,97,-1,5,0.3230672,0,1,300,0.294433
parked_and_oncoming,490,97,-1,5,0.32379220000000003,0,1,300,0.28170699999999999
parked_and_oncoming,491,97,40,5,0.17502000000000001,0,1,125,0.13817599999999999
parked_and_oncoming,492,97,-1,5,0.54602740000000005,0,1,550,0.50472799999999995
parked_and_oncoming,493,97,-1,5,0.52671239999999997,0,1,525,0.481935
parked_and_oncoming,494,97,-1,5,0.34608319999999998,0,1,325,0.30467899999999998
parked_and_oncoming,495,97,-1,5,0.32425760000000003,0,1,300,0.28693099999999999
parked_and_oncoming,496,97,-1,5,0.38357980000000003,0,1,350,0.34176000000000001
parked_and_oncoming,497,97,-1,5,0.38047900000000001,0,1,350,0.33769500000000002
parked_and_oncoming,498,97,-1,5,0.3778376,0,1,350,0.34759299999999999
parked_and_oncoming,499,97,-1,5,0.479267,0,1,475,0.45050099999999998
narrow_multi_obstacle,0,81,-1,5,0.061864600000000006,0,1,25,0.030821000000000001
narrow_multi_obstacle,1,81,24,5,0.122346,0,1,100,0.091059000000000001
narrow_multi_obstacle,2,81,-1,5,0.064899600000000002,0,1,25,0.032853
narrow_multi_obstacle,3,81,-1,5,0.64265559999999999,0,1,700,0.56313100000000005
narrow_multi_obstacle,4,81,-1,5,0.30867860000000003,0,1,350,0.27077200000000001
narrow_multi_obstacle,5,81,-1,5,0.32055519999999998,0,1,350,0.28343099999999999
narrow_multi_obstacle,6,81,-1,5,0.41526279999999999,0,1,500,0.37911400000000001
narrow_multi_obstacle,7,81,-1,5,0.28833300000000001,0,1,325,0.25371199999999999
narrow_multi_obstacle,8,81,24,5,0.12072579999999999,0,1,100,0.092411999999999994
narrow_multi_obstacle,9,81,-1,5,0.80102259999999992,0,1,1000,0.78264900000000004
narrow_multi_obstacle,10,81,-1,5,0.18359520000000001,0,1,175,0.15176500000000001
narrow_multi_obstacle,11,81,-1,5,0.070676799999999998,0,1,25,0.035004
narrow_multi_obstacle,12,81,-1,5,0.061184200000000001,0,1,25,0.031774999999999998
narrow_multi_obstacle,13,81,-1,5,0.65169600000000005,0,1,800,0.62130700000000005
narrow_multi_obstacle,14,81,57,5,0.70953339999999998,0,1,875,0.66209300000000004
narrow_multi_obstacle,15,81,-1,5,0.3121662,0,1,350,0.27568700000000002
narrow_multi_obstacle,16,81,-1,5,0.52225319999999997,0,1,650,0.49283500000000002
narrow_multi_obstacle,17,81,40,5,0.32316840000000002,0,1,375,0.29262899999999997
narrow_multi_obstacle,18,81,-1,5,0.74525220000000003,0,1,925,0.72174700000000003
narrow_multi_obstacle,19,81,-1,5,0.060782599999999999,0,1,25,0.031116000000000001
narrow_multi_obstacle,20,81,-1,5,0.33387060000000002,0,1,375,0.307035
narrow_multi_obstacle,21,81,25,5,0.12447900000000001,0,1,100,0.093825000000000006
narrow_multi_obstacle,22,81,40,5,0.3878412,0,1,450,0.36335000000000001
narrow_multi_obstacle,23,81,-1,5,0.4979382,0,1,575,0.51092000000000004
narrow_multi_obstacle,24,81,-1,5,0.064792000000000002,0,1,25,0.034202000000000003
narrow_multi_obstacle,25,81,-1,5,0.41447820000000002,0,1,475,0.381909
narrow_multi_obstacle,26,81,-1,5,0.32157399999999997,0,1,350,0.28770800000000002
narrow_multi_obstacle,27,81,-1,5,0.71308459999999996,0,1,850,0.68728699999999998
narrow_multi_obstacle,28,81,-1,5,0.66142560000000006,0,1,825,0.63289799999999996
narrow_multi_obstacle,29,81,-1,5,0.063024800000000006,0,1,25,0.031105000000000001
narrow_multi_obstacle,30,81,-1,5,0.060536,0,1,25,0.0309
narrow_multi_obstacle,31,81,39,5,0.34603419999999996,0,1,375,0.30613899999999999
narrow_multi_obstacle,32,81,-1,5,0.30531980000000003,0,1,350,0.27147199999999999
narrow_multi_obstacle,33,81,23,5,0.065617999999999996,0,1,25,0.036545000000000001
narrow_multi_obstacle,34,81,-1,5,0.1948646,0,1,200,0.16442699999999999
narrow_multi_obstacle,35,81,26,5,0.1227944,0,1,100,0.096419000000000005
narrow_multi_obstacle,36,81,-1,5,0.29121999999999998,0,1,325,0.26630100000000001
narrow_multi_obstacle,37,81,-1,5,0.23666860000000001,0,1,250,0.21109900000000001
narrow_multi_obstacle,38,81,-1,5,0.064449000000000006,0,1,25,0.032656999999999999
narrow_multi_obstacle,39,81,-1,5,0.74731820000000004,0,1,900,0.69059899999999996
narrow_multi_obstacle,40,81,-1,5,0.8763512,0,1,1125,0.83918199999999998
narrow_multi_obstacle,41,81,-1,5,0.061378000000000002,0,1,25,0.031217999999999999
narrow_multi_obstacle,42,81,24,5,0.13082640000000001,0,1,100,0.096160999999999996
narrow_multi_obstacle,43,81,26,5,0.12199180000000001,0,1,100,0.095032000000000005
narrow_multi_obstacle,44,81,-1,5,0.060758199999999998,0,1,25,0.032058999999999997
narrow_multi_obstacle,45,81,-1,5,0.063108600000000001,0,1,25,0.033399999999999999
narrow_multi_obstacle,46,81,-1,5,0.41932999999999998,0,1,500,0.383021
narrow_multi_obstacle,47,81,23,5,0.066294800000000001,0,1,25,0.037315000000000001
narrow_multi_obstacle,48,81,-1,5,0.064908199999999999,0,1,25,0.034930000000000003
narrow_multi_obstacle,49,81,-1,5,0.061534800000000001,0,1,25,0.030807000000000001
narrow_multi_obstacle,50,81,-1,5,0.34008820000000001,0,1,400,0.30629299999999998
narrow_multi_obstacle,51,81,24,5,0.12047079999999999,0,1,100,0.091088000000000002
narrow_multi_obstacle,52,81,-1,5,0.21868560000000001,0,1,225,0.19078100000000001
narrow_multi_obstacle,53,81,-1,5,0.59680420000000001,0,1,750,0.57849799999999996
narrow_multi_obstacle,54,81,-1,5,0.061620799999999996,0,1,25,0.030972
narrow_multi_obstacle,55,81,41,5,0.18298419999999999,0,1,175,0.15274699999999999
narrow_multi_obstacle,56,81,-1,5,0.40137099999999998,0,1,475,0.36465500000000001
narrow_multi_obstacle,57,81,-1,5,0.69278440000000008,0,1,875,0.65542199999999995
narrow_multi_obstacle,58,81,-1,5,0.36267559999999999,0,1,425,0.328401
narrow_multi_obstacle,59,81,-1,5,0.38328299999999998,0,1,450,0.36500100000000002
narrow_multi_obstacle,60,81,-1,5,0.66344639999999999,0,1,800,0.62531300000000001
narrow_multi_obstacle,61,81,24,5,0.12950880000000001,0,1,100,0.095741999999999994
narrow_multi_obstacle,62,81,-1,5,0.061855199999999999,0,1,25,0.033141999999999998
narrow_multi_obstacle,63,81,-1,5,0.061588600000000007,0,1,25,0.030821000000000001
narrow_multi_obstacle,64,81,-1,5,0.2396808,0,1,250,0.21343100000000001
narrow_multi_obstacle,65,81,25,5,0.1248968,0,1,100,0.090375999999999998
narrow_multi_obstacle,66,81,24,5,0.12711339999999999,0,1,100,0.095596
narrow_multi_obstacle,67,81,-1,5,0.062746200000000002,0,1,25,0.031042
narrow_multi_obstacle,68,81,-1,5,0.061323799999999998,0,1,25,0.031001999999999998
narrow_multi_obstacle,69,81,-1,5,0.060605399999999997,0,1,25,0.030869000000000001
narrow_multi_obstacle,70,81,42,5,0.47364280000000003,0,1,575,0.44976300000000002
narrow_multi_obstacle,71,81,24,5,0.1211284,0,1,100,0.090770000000000003
narrow_multi_obstacle,72,81,41,5,0.16412739999999998,0,1,150,0.14347799999999999
narrow_multi_obstacle,73,81,-1,5,0.31269779999999997,0,1,350,0.27225500000000002
narrow_multi_obstacle,74,81,-1,5,0.1805128,0,1,175,0.151672
narrow_multi_obstacle,75,81,-1,5,0.19537979999999999,0,1,200,0.16171099999999999
narrow_multi_obstacle,76,81,-1,5,0.56099980000000005,0,1,675,0.57651399999999997
narrow_multi_obstacle,77,81,-1,5,0.1739348,0,1,175,0.14388000000000001
narrow_multi_obstacle,78,81,-1,5,0.19224760000000002,0,1,200,0.167077
narrow_multi_obstacle,79,81,24,5,0.12970900000000002,0,1,100,0.095937999999999996
narrow_multi_obstacle,80,81,-1,5,0.31574740000000001,0,1,350,0.26960800000000001
narrow_multi_obstacle,81,81,-1,5,0.49028499999999997,0,1,600,0.46925499999999998
narrow_multi_obstacle,82,81,56,5,0.48915259999999999,0,1,600,0.45577499999999999
narrow_multi_obstacle,83,81,-1,5,0.66638900000000001,0,1,850,0.63204400000000005
narrow_multi_obstacle,84,81,-1,5,0.1799664,0,1,175,0.15169299999999999
narrow_multi_obstacle,85,81,41,5,0.45423140000000001,0,1,550,0.421794
narrow_multi_obstacle,86,81,-1,5,0.060822000000000001,0,1,25,0.031322999999999997
narrow_multi_obstacle,87,81,-1,5,0.196213,0,1,200,0.16703899999999999
narrow_multi_obstacle,88,81,22,5,0.06425539999999999,0,1,25,0.035196999999999999
narrow_multi_obstacle,89,81,25,5,0.12133780000000001,0,1,100,0.095141000000000003
narrow_multi_obstacle,90,81,-1,5,0.061687599999999995,0,1,25,0.0327
narrow_multi_obstacle,91,81,-1,5,0.70283859999999998,0,1,875,0.66533699999999996
narrow_multi_obstacle,92,81,-1,5,2.1047305999999999,0,1,2700,2.1543869999999998
narrow_multi_obstacle,93,81,-1,5,0.064604599999999998,0,1,25,0.033000000000000002
narrow_multi_obstacle,94,81,24,5,0.12581100000000001,0,1,100,0.095346
narrow_multi_obstacle,95,81,-1,5,0.64680000000000004,0,1,775,0.60526599999999997
narrow_multi_obstacle,96,81,-1,5,0.3075772,0,1,325,0.29594799999999999
narrow_multi_obstacle,97,81,-1,5,0.064088000000000006,0,1,25,0.035005000000000001
narrow_multi_obstacle,98,81,-1,5,0.061264399999999997,0,1,25,0.032670999999999999
narrow_multi_obstacle,99,81,-1,5,0.0602858,0,1,25,0.030903
narrow_multi_obstacle,100,81,-1,5,0.060374799999999992,0,1,25,0.030456
narrow_multi_obstacle,101,81,26,5,0.12405980000000001,0,1,100,0.101025
narrow_multi_obstacle,102,81,-1,5,0.27273960000000003,0,1,300,0.25624200000000003
narrow_multi_obstacle,103,81,-1,5,0.2132696,0,1,225,0.18023400000000001
narrow_multi_obstacle,104,81,-1,5,0.63861900000000005,0,1,800,0.60186099999999998
narrow_multi_obstacle,105,81,26,5,0.1195204,0,1,100,0.090390999999999999
narrow_multi_obstacle,106,81,-1,5,0.67672200000000005,0,1,850,0.64231099999999997
narrow_multi_obstacle,107,81,-1,5,0.064768199999999998,0,1,25,0.034761
narrow_multi_obstacle,108,81,23,5,0.12745100000000001,0,1,100,0.098084000000000005
narrow_multi_obstacle,109,81,-1,5,0.064007599999999998,0,1,25,0.033582000000000001
narrow_multi_obstacle,110,81,-1,5,0.54611399999999999,0,1,650,0.50004999999999999
narrow_multi_obstacle,111,81,-1,5,0.062459200000000006,0,1,25,0.032482999999999998
narrow_multi_obstacle,112,81,-1,5,0.66015800000000002,0,1,800,0.67619700000000005
narrow_multi_obstacle,113,81,42,5,0.28612000000000004,0,1,325,0.253799
narrow_multi_obstacle,114,81,-1,5,0.19512060000000001,0,1,200,0.16869799999999999
narrow_multi_obstacle,115,81,-1,5,0.67648299999999995,0,1,850,0.63763700000000001
narrow_multi_obstacle,116,81,24,5,0.064963400000000004,0,1,25,0.036138999999999998
narrow_multi_obstacle,117,81,-1,5,0.061295799999999998,0,1,25,0.031112999999999998
narrow_multi_obstacle,118,81,-1,5,0.061959200000000006,0,1,25,0.030876000000000001
narrow_multi_obstacle,119,81,-1,5,0.67149140000000007,0,1,825,0.62025699999999995
narrow_multi_obstacle,120,81,41,5,0.15830459999999999,0,1,150,0.129027
narrow_multi_obstacle,121,81,25,5,0.12281139999999999,0,1,100,0.090816999999999995
narrow_multi_obstacle,122,81,-1,5,0.21209340000000002,0,1,225,0.181947
narrow_multi_obstacle,123,81,-1,5,0.061934799999999998,0,1,25,0.034318000000000001
narrow_multi_obstacle,124,81,-1,5,0.060720399999999994,0,1,25,0.031081000000000001
narrow_multi_obstacle,125,81,24,5,0.065061999999999995,0,1,25,0.035985000000000003
narrow_multi_obstacle,126,81,22,5,0.062778,0,1,25,0.033926999999999999
narrow_multi_obstacle,127,81,-1,5,0.56492560000000003,0,1,700,0.52979600000000004
narrow_multi_obstacle,128,81,-1,5,0.060912999999999995,0,1,25,0.032196000000000002
narrow_multi_obstacle,129,81,-1,5,0.70043460000000002,0,1,875,0.71642899999999998
narrow_multi_obstacle,130,81,-1,5,0.1994592,0,1,200,0.18046400000000001
narrow_multi_obstacle,131,81,-1,5,0.86244540000000003,0,1,1100,0.82926100000000003
narrow_multi_obstacle,132,81,-1,5,0.1781952,0,1,175,0.153028
narrow_multi_obstacle,133,81,-1,5,0.063967799999999991,0,1,25,0.032876000000000002
narrow_multi_obstacle,134,81,-1,5,0.29889179999999999,0,1,300,0.28898699999999999
narrow_multi_obstacle,135,81,-1,5,0.064568,0,1,25,0.033198999999999999
narrow_multi_obstacle,136,81,23,5,0.070510400000000001,0,1,25,0.036214999999999997
narrow_multi_obstacle,137,81,26,5,0.13220320000000002,0,1,100,0.098336000000000007
narrow_multi_obstacle,138,81,-1,5,0.066222799999999998,0,1,25,0.036643000000000002
narrow_multi_obstacle,139,81,40,5,0.49374499999999999,0,1,525,0.45159199999999999
narrow_multi_obstacle,140,81,-1,5,0.318882,0,1,325,0.27571099999999998
narrow_multi_obstacle,141,81,-1,5,0.064702599999999999,0,1,25,0.032679
narrow_multi_obstacle,142,81,-1,5,0.30576819999999999,0,1,325,0.29293599999999997
narrow_multi_obstacle,143,81,-1,5,0.55298499999999995,0,1,650,0.51499399999999995
narrow_multi_obstacle,144,81,-1,5,0.71954220000000002,0,1,825,0.70237000000000005
narrow_multi_obstacle,145,81,-1,5,0.3576008,0,1,375,0.32038100000000003
narrow_multi_obstacle,146,81,24,5,0.068048799999999993,0,1,25,0.039112000000000001
narrow_multi_obstacle,147,81,-1,5,0.065144800000000003,0,1,25,0.033439000000000003
narrow_multi_obstacle,148,81,23,5,0.066028799999999999,0,1,25,0.033914
narrow_multi_obstacle,149,81,-1,5,0.06368,0,1,25,0.032742
narrow_multi_obstacle,150,81,-1,5,0.39266580000000001,0,1,450,0.40069500000000002
narrow_multi_obstacle,151,81,-1,5,0.23514740000000001,0,1,250,0.20850099999999999
narrow_multi_obstacle,152,81,-1,5,0.2679938,0,1,275,0.24816099999999999
narrow_multi_obstacle,153,81,23,5,0.067643200000000001,0,1,25,0.038047999999999998
narrow_multi_obstacle,154,81,24,5,0.12843199999999999,0,1,100,0.101631
narrow_multi_obstacle,155,81,25,5,0.1267442,0,1,100,0.097936999999999996
narrow_multi_obstacle,156,81,25,5,0.1262336,0,1,100,0.096395999999999996
narrow_multi_obstacle,157,81,-1,5,1.0263500000000001,0,1,1250,0.97502599999999995
narrow_multi_obstacle,158,81,-1,5,0.064505400000000004,0,1,25,0.034758999999999998
narrow_multi_obstacle,159,81,41,5,0.37862760000000001,0,1,425,0.34936600000000001
narrow_multi_obstacle,160,81,41,5,0.16903200000000002,0,1,150,0.15323899999999999
narrow_multi_obstacle,161,81,-1,5,0.26338319999999998,0,1,275,0.21756900000000001
narrow_multi_obstacle,162,81,26,5,0.1258486,0,1,100,0.090412999999999993
narrow_multi_obstacle,163,81,-1,5,0.73231400000000002,0,1,900,0.71372500000000005
narrow_multi_obstacle,164,81,24,5,0.12742880000000001,0,1,100,0.095688999999999996
narrow_multi_obstacle,165,81,25,5,0.12652639999999998,0,1,100,0.094390000000000002
narrow_multi_obstacle,166,81,-1,5,0.40038359999999995,0,1,475,0.36760700000000002
narrow_multi_obstacle,167,81,-1,5,0.36998359999999997,0,1,425,0.371809
narrow_multi_obstacle,168,81,39,5,0.43718959999999996,0,1,500,0.42650300000000002
narrow_multi_obstacle,169,81,-1,5,1.4267163999999999,0,1,1775,1.3711169999999999
narrow_multi_obstacle,170,81,40,5,0.63106260000000003,0,1,725,0.57456499999999999
narrow_multi_obstacle,171,81,26,5,0.127358,0,1,100,0.095273999999999998
narrow_multi_obstacle,172,81,38,5,0.065206600000000003,0,1,25,0.035284000000000003
narrow_multi_obstacle,173,81,-1,5,0.064072199999999996,0,1,25,0.03252
narrow_multi_obstacle,174,81,-1,5,0.060925399999999998,0,1,25,0.030955
narrow_multi_obstacle,175,81,24,5,0.12296080000000001,0,1,100,0.090720999999999996
narrow_multi_obstacle,176,81,-1,5,0.61668159999999994,0,1,725,0.62304899999999996
narrow_multi_obstacle,177,81,24,5,0.129583,0,1,100,0.106756
narrow_multi_obstacle,178,81,57,5,0.20523799999999998,0,1,200,0.17339299999999999
narrow_multi_obstacle,179,81,-1,5,0.81701999999999997,0,1,1000,0.77550699999999995
narrow_multi_obstacle,180,81,41,5,0.16087760000000001,0,1,150,0.13366700000000001
narrow_multi_obstacle,181,81,25,5,0.12780720000000001,0,1,100,0.10156999999999999
narrow_multi_obstacle,182,81,-1,5,0.67000799999999994,0,1,825,0.63312000000000002
narrow_multi_obstacle,183,81,-1,5,0.66230420000000001,0,1,775,0.60084099999999996
narrow_multi_obstacle,184,81,-1,5,0.064629199999999998,0,1,25,0.032934999999999999
narrow_multi_obstacle,185,81,-1,5,0.065059400000000003,0,1,25,0.035167999999999998
narrow_multi_obstacle,186,81,-1,5,0.26819199999999999,0,1,275,0.26572499999999999
narrow_multi_obstacle,187,81,23,5,0.067474199999999998,0,1,25,0.037574999999999997
narrow_multi_obstacle,188,81,-1,5,0.068922000000000011,0,1,25,0.032767999999999999
narrow_multi_obstacle,189,81,-1,5,0.34582099999999999,0,1,400,0.30678899999999998
narrow_multi_obstacle,190,81,25,5,0.1242176,0,1,100,0.095184000000000005
narrow_multi_obstacle,191,81,23,5,0.066716399999999995,0,1,25,0.036218
narrow_multi_obstacle,192,81,42,5,0.62144779999999999,0,1,725,0.57974000000000003
narrow_multi_obstacle,193,81,23,5,0.068059599999999998,0,1,25,0.042445999999999998
narrow_multi_obstacle,194,81,-1,5,0.0645482,0,1,25,0.032870000000000003
narrow_multi_obstacle,195,81,-1,5,0.26116700000000004,0,1,275,0.226825
narrow_multi_obstacle,196,81,-1,5,0.69158600000000003,0,1,825,0.65371699999999999
narrow_multi_obstacle,197,81,-1,5,0.18793679999999999,0,1,175,0.15210799999999999
narrow_multi_obstacle,198,81,-1,5,0.45707680000000001,0,1,525,0.40636299999999997
narrow_multi_obstacle,199,81,-1,5,0.060755199999999995,0,1,25,0.032350999999999998
narrow_multi_obstacle,200,81,-1,5,0.062876000000000001,0,1,25,0.032675999999999997
narrow_multi_obstacle,201,81,-1,5,0.35846119999999998,0,1,400,0.35848200000000002
narrow_multi_obstacle,202,81,-1,5,0.35722219999999999,0,1,375,0.30459999999999998
narrow_multi_obstacle,203,81,-1,5,0.66390440000000006,0,1,825,0.62307299999999999
narrow_multi_obstacle,204,81,-1,5,0.062851199999999996,0,1,25,0.031016999999999999
narrow_multi_obstacle,205,81,-1,5,0.062075000000000005,0,1,25,0.032923000000000001
narrow_multi_obstacle,206,81,-1,5,0.3401632,0,1,375,0.304116
narrow_multi_obstacle,207,81,-1,5,0.72470920000000005,0,1,875,0.69107700000000005
narrow_multi_obstacle,208,81,26,5,0.12239340000000001,0,1,100,0.090268000000000001
narrow_multi_obstacle,209,81,25,5,0.12594160000000001,0,1,100,0.089652999999999997
narrow_multi_obstacle,210,81,-1,5,0.78070499999999998,0,1,950,0.72201199999999999
narrow_multi_obstacle,211,81,24,5,0.1257684,0,1,100,0.096895999999999996
narrow_multi_obstacle,212,81,24,5,0.1258686,0,1,100,0.092395000000000005
narrow_multi_obstacle,213,81,24,5,0.12033160000000001,0,1,100,0.090052999999999994
narrow_multi_obstacle,214,81,-1,5,0.15837960000000001,0,1,150,0.13197500000000001
narrow_multi_obstacle,215,81,-1,5,0.19540280000000002,0,1,200,0.16206599999999999
narrow_multi_obstacle,216,81,-1,5,0.65243399999999996,0,1,800,0.63164799999999999
narrow_multi_obstacle,217,81,23,5,0.067454,0,1,25,0.033881000000000001
narrow_multi_obstacle,218,81,-1,5,0.62389039999999996,0,1,750,0.57923800000000003
narrow_multi_obstacle,219,81,26,5,0.12680659999999999,0,1,100,0.090827000000000005
narrow_multi_obstacle,220,81,-1,5,0.69265900000000002,0,1,825,0.76276600000000006
narrow_multi_obstacle,221,81,-1,5,0.845495,0,1,1025,0.78513699999999997
narrow_multi_obstacle,222,81,26,5,0.069484599999999994,0,1,25,0.035868999999999998
narrow_multi_obstacle,223,81,40,5,0.624996,0,1,750,0.58099800000000001
narrow_multi_obstacle,224,81,42,5,0.2825088,0,1,300,0.25762000000000002
narrow_multi_obstacle,225,81,-1,5,0.063801999999999998,0,1,25,0.034207000000000001
narrow_multi_obstacle,226,81,25,5,0.1235084,0,1,100,0.090437000000000003
narrow_multi_obstacle,227,81,-1,5,0.062740400000000002,0,1,25,0.030949000000000001
narrow_multi_obstacle,228,81,-1,5,0.54178959999999998,0,1,675,0.50530900000000001
narrow_multi_obstacle,229,81,-1,5,0.65783199999999997,0,1,825,0.64968300000000001
narrow_multi_obstacle,230,81,-1,5,0.1976012,0,1,200,0.17182
narrow_multi_obstacle,231,81,-1,5,0.064584799999999998,0,1,25,0.034141999999999999
narrow_multi_obstacle,232,81,-1,5,0.68725159999999996,0,1,825,0.62571299999999996
narrow_multi_obstacle,233,81,-1,5,0.40778439999999999,0,1,475,0.39369100000000001
narrow_multi_obstacle,234,81,25,5,0.11971480000000001,0,1,100,0.091893000000000002
narrow_multi_obstacle,235,81,25,5,0.1211972,0,1,100,0.093207999999999999
narrow_multi_obstacle,236,81,39,5,0.96249920000000011,0,1,1150,0.90665899999999999
narrow_multi_obstacle,237,81,-1,5,0.063149999999999998,0,1,25,0.032606000000000003
narrow_multi_obstacle,238,81,25,5,0.1255918,0,1,100,0.101294
narrow_multi_obstacle,239,81,-1,5,0.55787540000000002,0,1,700,0.52104799999999996
narrow_multi_obstacle,240,81,-1,5,0.23436059999999997,0,1,250,0.19678300000000001
narrow_multi_obstacle,241,81,25,5,0.065540000000000001,0,1,25,0.035730999999999999
narrow_multi_obstacle,242,81,-1,5,0.061672600000000001,0,1,25,0.030925999999999999
narrow_multi_obstacle,243,81,23,5,0.12261899999999999,0,1,100,0.096439999999999998
narrow_multi_obstacle,244,81,57,5,1.8695704,0,1,2350,1.9576469999999999
narrow_multi_obstacle,245,81,26,5,0.12513679999999999,0,1,100,0.101063
narrow_multi_obstacle,246,81,24,5,0.12780339999999998,0,1,100,0.090121000000000007
narrow_multi_obstacle,247,81,-1,5,0.061877400000000006,0,1,25,0.033194000000000001
narrow_multi_obstacle,248,81,-1,5,0.061328800000000003,0,1,25,0.032350999999999998
narrow_multi_obstacle,249,81,-1,5,0.2555172,0,1,275,0.21743100000000001
narrow_multi_obstacle,250,81,25,5,0.12782659999999998,0,1,100,0.099453
narrow_multi_obstacle,251,81,-1,5,0.72144259999999993,0,1,875,0.68902399999999997
narrow_multi_obstacle,252,81,25,5,0.1241042,0,1,100,0.089830999999999994
narrow_multi_obstacle,253,81,26,5,0.1241416,0,1,100,0.090312000000000003
narrow_multi_obstacle,254,81,-1,5,0.6603656,0,1,825,0.61641699999999999
narrow_multi_obstacle,255,81,-1,5,0.0612428,0,1,25,0.033126999999999997
narrow_multi_obstacle,256,81,26,5,0.12029540000000001,0,1,100,0.090538999999999994
narrow_multi_obstacle,257,81,-1,5,0.22778360000000003,0,1,225,0.22645100000000001
narrow_multi_obstacle,258,81,-1,5,0.25422899999999998,0,1,275,0.219384
narrow_multi_obstacle,259,81,-1,5,0.35303760000000001,0,1,400,0.30702200000000002
narrow_multi_obstacle,260,81,-1,5,0.38403419999999999,0,1,425,0.34919099999999997
narrow_multi_obstacle,261,81,26,5,0.125967,0,1,100,0.098135
narrow_multi_obstacle,262,81,-1,5,0.28401160000000003,0,1,325,0.254691
narrow_multi_obstacle,263,81,-1,5,0.23472319999999999,0,1,250,0.19620199999999999
narrow_multi_obstacle,264,81,-1,5,0.45635219999999999,0,1,525,0.46285100000000001
narrow_multi_obstacle,265,81,40,5,0.44564979999999998,0,1,500,0.46556399999999998
narrow_multi_obstacle,266,81,-1,5,0.064809800000000001,0,1,25,0.032057000000000002
narrow_multi_obstacle,267,81,-1,5,0.439639,0,1,500,0.40216499999999999
narrow_multi_obstacle,268,81,42,5,0.20501819999999998,0,1,200,0.17461499999999999
narrow_multi_obstacle,269,81,-1,5,0.064723200000000009,0,1,25,0.03288
narrow_multi_obstacle,270,81,25,5,0.1289206,0,1,100,0.095069000000000001
narrow_multi_obstacle,271,81,41,5,0.2838908,0,1,300,0.25266
narrow_multi_obstacle,272,81,-1,5,0.20805299999999999,0,1,200,0.19032299999999999
narrow_multi_obstacle,273,81,-1,5,0.25412580000000001,0,1,250,0.23302500000000001
narrow_multi_obstacle,274,81,41,5,0.34114080000000002,0,1,375,0.31013000000000002
narrow_multi_obstacle,275,81,42,5,0.1851766,0,1,175,0.15429200000000001
narrow_multi_obstacle,276,81,-1,5,0.21067740000000001,0,1,200,0.17150499999999999
narrow_multi_obstacle,277,81,24,5,0.1280454,0,1,100,0.096063999999999997
narrow_multi_obstacle,278,81,-1,5,0.26585639999999999,0,1,275,0.22873099999999999
narrow_multi_obstacle,279,81,-1,5,0.25894840000000002,0,1,275,0.22880200000000001
narrow_multi_obstacle,280,81,-1,5,1.5160795999999999,0,1,1900,1.461347
narrow_multi_obstacle,281,81,23,5,0.0675124,0,1,25,0.036246
narrow_multi_obstacle,282,81,25,5,0.0670626,0,1,25,0.035832000000000003
narrow_multi_obstacle,283,81,25,5,0.1279592,0,1,100,0.095822000000000004
narrow_multi_obstacle,284,81,40,5,0.3197526,0,1,350,0.28945100000000001
narrow_multi_obstacle,285,81,-1,5,0.064210400000000001,0,1,25,0.033023999999999998
narrow_multi_obstacle,286,81,-1,5,0.063861199999999993,0,1,25,0.032425000000000002
narrow_multi_obstacle,287,81,-1,5,0.35190179999999999,0,1,400,0.3306
narrow_multi_obstacle,288,81,-1,5,0.18701879999999999,0,1,175,0.16399
narrow_multi_obstacle,289,81,25,5,0.12670439999999999,0,1,100,0.095710000000000003
narrow_multi_obstacle,290,81,-1,5,0.32565460000000002,0,1,375,0.30456
narrow_multi_obstacle,291,81,-1,5,0.59079119999999996,0,1,700,0.53684600000000005
narrow_multi_obstacle,292,81,-1,5,0.061461200000000007,0,1,25,0.030887000000000001
narrow_multi_obstacle,293,81,25,5,0.128858,0,1,100,0.10878599999999999
narrow_multi_obstacle,294,81,-1,5,0.69236540000000002,0,1,850,0.65955200000000003
narrow_multi_obstacle,295,81,-1,5,0.060356,0,1,25,0.030984999999999999
narrow_multi_obstacle,296,81,-1,5,0.2221562,0,1,225,0.19156500000000001
narrow_multi_obstacle,297,81,26,5,0.123556,0,1,100,0.092795000000000002
narrow_multi_obstacle,298,81,-1,5,0.063027200000000005,0,1,25,0.036414000000000002
narrow_multi_obstacle,299,81,26,5,0.12232499999999999,0,1,100,0.089885000000000007
narrow_multi_obstacle,300,81,-1,5,0.39107199999999998,0,1,450,0.34440999999999999
narrow_multi_obstacle,301,81,-1,5,0.062477000000000005,0,1,25,0.030832999999999999
narrow_multi_obstacle,302,81,-1,5,0.69447619999999999,0,1,825,0.64380199999999999
narrow_multi_obstacle,303,81,-1,5,0.67214459999999998,0,1,800,0.68204299999999995
narrow_multi_obstacle,304,81,-1,5,0.059993399999999995,0,1,25,0.031352999999999999
narrow_multi_obstacle,305,81,-1,5,0.064632999999999996,0,1,25,0.035868999999999998
narrow_multi_obstacle,306,81,24,5,0.12571019999999999,0,1,100,0.093162999999999996
narrow_multi_obstacle,307,81,-1,5,0.75305880000000003,0,1,950,0.711341
narrow_multi_obstacle,308,81,22,5,0.063341000000000008,0,1,25,0.034102
narrow_multi_obstacle,309,81,26,5,0.12215800000000002,0,1,100,0.092523999999999995
narrow_multi_obstacle,310,81,24,5,0.12191940000000001,0,1,100,0.10273599999999999
narrow_multi_obstacle,311,81,-1,5,0.32853460000000001,0,1,375,0.28628700000000001
narrow_multi_obstacle,312,81,26,5,0.11993519999999999,0,1,100,0.089829999999999993
narrow_multi_obstacle,313,81,-1,5,0.62684580000000001,0,1,775,0.57792600000000005
narrow_multi_obstacle,314,81,-1,5,0.66339199999999998,0,1,850,0.63766500000000004
narrow_multi_obstacle,315,81,25,5,0.11917839999999999,0,1,100,0.091315999999999994
narrow_multi_obstacle,316,81,-1,5,0.55218100000000003,0,1,700,0.52248899999999998
narrow_multi_obstacle,317,81,-1,5,0.37350479999999997,0,1,450,0.34416099999999999
narrow_multi_obstacle,318,81,-1,5,0.505216,0,1,625,0.46719300000000002
narrow_multi_obstacle,319,81,41,5,0.39295599999999997,0,1,475,0.36415199999999998
narrow_multi_obstacle,320,81,-1,5,0.2123236,0,1,225,0.179733
narrow_multi_obstacle,321,81,-1,5,0.060930200000000004,0,1,25,0.030810000000000001
narrow_multi_obstacle,322,81,38,5,0.063358600000000001,0,1,25,0.035194999999999997
narrow_multi_obstacle,323,81,-1,5,0.64027539999999994,0,1,775,0.63123099999999999
narrow_multi_obstacle,324,81,24,5,0.11961379999999999,0,1,100,0.089769000000000002
narrow_multi_obstacle,325,81,24,5,0.119412,0,1,100,0.089210999999999999
narrow_multi_obstacle,326,81,57,5,0.46669400000000005,0,1,575,0.43545
narrow_multi_obstacle,327,81,23,5,0.1200814,0,1,100,0.091939000000000007
narrow_multi_obstacle,328,81,-1,5,0.33836919999999998,0,1,400,0.309637
narrow_multi_obstacle,329,81,26,5,0.11972020000000001,0,1,100,0.091132000000000005
narrow_multi_obstacle,330,81,39,5,0.062831400000000009,0,1,25,0.033160000000000002
narrow_multi_obstacle,331,81,-1,5,0.060531000000000001,0,1,25,0.03092
narrow_multi_obstacle,332,81,-1,5,0.060665199999999996,0,1,25,0.031150000000000001
narrow_multi_obstacle,333,81,-1,5,0.060345200000000002,0,1,25,0.030932999999999999
narrow_multi_obstacle,334,81,-1,5,0.64391740000000008,0,1,825,0.60995999999999995
narrow_multi_obstacle,335,81,-1,5,0.060627600000000004,0,1,25,0.031040999999999999
narrow_multi_obstacle,336,81,-1,5,0.060326000000000005,0,1,25,0.030939000000000001
narrow_multi_obstacle,337,81,-1,5,0.060360999999999998,0,1,25,0.031244000000000001
narrow_multi_obstacle,338,81,-1,5,0.2167452,0,1,225,0.181868
narrow_multi_obstacle,339,81,-1,5,0.19286439999999999,0,1,200,0.16192200000000001
narrow_multi_obstacle,340,81,-1,5,0.54601040000000001,0,1,675,0.51023799999999997
narrow_multi_obstacle,341,81,-1,5,0.0602684,0,1,25,0.031133000000000001
narrow_multi_obstacle,342,81,26,5,0.121702,0,1,100,0.090475
narrow_multi_obstacle,343,81,-1,5,0.33822580000000002,0,1,400,0.31023499999999998
narrow_multi_obstacle,344,81,-1,5,0.55797859999999999,0,1,700,0.52792700000000004
narrow_multi_obstacle,345,81,41,5,0.19292959999999998,0,1,200,0.16419700000000001
narrow_multi_obstacle,346,81,-1,5,0.060387999999999997,0,1,25,0.031262999999999999
narrow_multi_obstacle,347,81,22,5,0.064139000000000002,0,1,25,0.036579
narrow_multi_obstacle,348,81,-1,5,0.060057400000000004,0,1,25,0.031345999999999999
narrow_multi_obstacle,349,81,41,5,0.1566602,0,1,150,0.12792400000000001
narrow_multi_obstacle,350,81,-1,5,0.059962800000000004,0,1,25,0.030903
narrow_multi_obstacle,351,81,-1,5,0.40997420000000001,0,1,500,0.38344
narrow_multi_obstacle,352,81,-1,5,0.26356579999999996,0,1,300,0.23385
narrow_multi_obstacle,353,81,-1,5,0.22756379999999998,0,1,250,0.19861500000000001
narrow_multi_obstacle,354,81,41,5,0.0624194,0,1,25,0.032966000000000002
narrow_multi_obstacle,355,81,-1,5,0.060328199999999998,0,1,25,0.031083
narrow_multi_obstacle,356,81,-1,5,0.51790440000000004,0,1,650,0.48617300000000002
narrow_multi_obstacle,357,81,25,5,0.1195948,0,1,100,0.089735999999999996
narrow_multi_obstacle,358,81,25,5,0.121075,0,1,100,0.089970999999999995
narrow_multi_obstacle,359,81,-1,5,0.060419599999999997,0,1,25,0.030623999999999998
narrow_multi_obstacle,360,81,55,5,0.31838820000000001,0,1,375,0.28974800000000001
narrow_multi_obstacle,361,81,-1,5,0.40907759999999999,0,1,500,0.37989099999999998
narrow_multi_obstacle,362,81,-1,5,0.32352419999999998,0,1,375,0.28815000000000002
narrow_multi_obstacle,363,81,-1,5,0.4518954,0,1,550,0.41824699999999998
narrow_multi_obstacle,364,81,56,5,0.061475800000000004,0,1,25,0.032048
narrow_multi_obstacle,365,81,42,5,0.3031548,0,1,350,0.27545700000000001
narrow_multi_obstacle,366,81,24,5,0.11993139999999999,0,1,100,0.091320999999999999
narrow_multi_obstacle,367,81,25,5,0.119727,0,1,100,0.094809000000000004
narrow_multi_obstacle,368,81,-1,5,0.060240000000000002,0,1,25,0.030693999999999999
narrow_multi_obstacle,369,81,-1,5,0.1936146,0,1,200,0.16308600000000001
narrow_multi_obstacle,370,81,-1,5,0.58339740000000007,0,1,725,0.57234600000000002
narrow_multi_obstacle,371,81,-1,5,0.19174099999999999,0,1,200,0.16106100000000001
narrow_multi_obstacle,372,81,-1,5,0.32104080000000002,0,1,375,0.28985699999999998
narrow_multi_obstacle,373,81,-1,5,0.060889000000000006,0,1,25,0.030905999999999999
narrow_multi_obstacle,374,81,-1,5,0.19673360000000001,0,1,200,0.161661
narrow_multi_obstacle,375,81,-1,5,0.060852799999999999,0,1,25,0.031584000000000001
narrow_multi_obstacle,376,81,57,5,0.49500559999999999,0,1,600,0.45375500000000002
narrow_multi_obstacle,377,81,-1,5,0.64707939999999997,0,1,825,0.620726
narrow_multi_obstacle,378,81,-1,5,0.060396000000000005,0,1,25,0.030922999999999999
narrow_multi_obstacle,379,81,-1,5,0.76386480000000001,0,1,975,0.73699099999999995
narrow_multi_obstacle,380,81,42,5,0.2744914,0,1,300,0.23923900000000001
narrow_multi_obstacle,381,81,-1,5,0.58445000000000003,0,1,725,0.550095
narrow_multi_obstacle,382,81,23,5,0.1241652,0,1,100,0.092312000000000005
narrow_multi_obstacle,383,81,-1,5,0.62919380000000003,0,1,800,0.59789199999999998
narrow_multi_obstacle,384,81,-1,5,0.061623600000000001,0,1,25,0.031171999999999998
narrow_multi_obstacle,385,81,-1,5,0.44599479999999997,0,1,550,0.419568
narrow_multi_obstacle,386,81,39,5,0.33950459999999999,0,1,400,0.30730099999999999
narrow_multi_obstacle,387,81,-1,5,0.060272000000000006,0,1,25,0.031635999999999997
narrow_multi_obstacle,388,81,-1,5,0.21114179999999999,0,1,225,0.18765899999999999
narrow_multi_obstacle,389,81,-1,5,0.24787620000000002,0,1,275,0.217975
narrow_multi_obstacle,390,81,-1,5,0.0603934,0,1,25,0.030863999999999999
narrow_multi_obstacle,391,81,-1,5,0.060203799999999995,0,1,25,0.031091000000000001
narrow_multi_obstacle,392,81,-1,5,0.45186739999999997,0,1,550,0.44803500000000002
narrow_multi_obstacle,393,81,-1,5,0.33761839999999999,0,1,400,0.31149300000000002
narrow_multi_obstacle,394,81,-1,5,0.060077999999999999,0,1,25,0.031189999999999999
narrow_multi_obstacle,395,81,25,5,0.12033259999999998,0,1,100,0.092879000000000003
narrow_multi_obstacle,396,81,-1,5,0.060533000000000003,0,1,25,0.031297999999999999
narrow_multi_obstacle,397,81,-1,5,0.64524979999999998,0,1,825,0.62519899999999995
narrow_multi_obstacle,398,81,25,5,0.12046559999999999,0,1,100,0.090593999999999994
narrow_multi_obstacle,399,81,-1,5,0.060159600000000001,0,1,25,0.031324999999999999
narrow_multi_obstacle,400,81,-1,5,0.50334979999999996,0,1,625,0.470642
narrow_multi_obstacle,401,81,-1,5,0.24663099999999999,0,1,275,0.21731400000000001
narrow_multi_obstacle,402,81,-1,5,0.2108304,0,1,225,0.180364
narrow_multi_obstacle,403,81,-1,5,0.061460599999999997,0,1,25,0.031920999999999998
narrow_multi_obstacle,404,81,41,5,0.19754160000000001,0,1,200,0.164349
narrow_multi_obstacle,405,81,-1,5,0.50331419999999993,0,1,625,0.47561700000000001
narrow_multi_obstacle,406,81,-1,5,0.062050399999999992,0,1,25,0.033105000000000002
narrow_multi_obstacle,407,81,41,5,0.2685572,0,1,300,0.23655899999999999
narrow_multi_obstacle,408,81,-1,5,0.22835619999999998,0,1,250,0.20061200000000001
narrow_multi_obstacle,409,81,-1,5,0.060655800000000003,0,1,25,0.033050000000000003
narrow_multi_obstacle,410,81,25,5,0.1203066,0,1,100,0.089934
narrow_multi_obstacle,411,81,-1,5,0.21041759999999998,0,1,225,0.18006800000000001
narrow_multi_obstacle,412,81,26,5,0.12110220000000001,0,1,100,0.090454999999999994
narrow_multi_obstacle,413,81,-1,5,0.060243599999999994,0,1,25,0.031036999999999999
narrow_multi_obstacle,414,81,41,5,0.24939779999999998,0,1,275,0.225546
narrow_multi_obstacle,415,81,-1,5,0.47927439999999999,0,1,600,0.44884400000000002
narrow_multi_obstacle,416,81,-1,5,0.43588440000000006,0,1,525,0.43016900000000002
narrow_multi_obstacle,417,81,-1,5,1.6316568,0,1,2175,1.597313
narrow_multi_obstacle,418,81,41,5,0.507351,0,1,625,0.47512300000000002
narrow_multi_obstacle,419,81,-1,5,0.0600966,0,1,25,0.031104
narrow_multi_obstacle,420,81,-1,5,0.060747200000000001,0,1,25,0.031310999999999999
narrow_multi_obstacle,421,81,26,5,0.12015679999999999,0,1,100,0.090166999999999997
narrow_multi_obstacle,422,81,40,5,0.46419660000000001,0,1,575,0.43513000000000002
narrow_multi_obstacle,423,81,-1,5,0.22834859999999998,0,1,250,0.19930999999999999
narrow_multi_obstacle,424,81,57,5,0.1738122,0,1,175,0.14485000000000001
narrow_multi_obstacle,425,81,-1,5,0.79500280000000001,0,1,1025,0.77971199999999996
narrow_multi_obstacle,426,81,-1,5,0.3356672,0,1,400,0.30564599999999997
narrow_multi_obstacle,427,81,-1,5,0.62845820000000008,0,1,800,0.59510399999999997
narrow_multi_obstacle,428,81,-1,5,0.66117059999999994,0,1,825,0.61771600000000004
narrow_multi_obstacle,429,81,57,5,0.30157519999999999,0,1,350,0.27400099999999999
narrow_multi_obstacle,430,81,25,5,0.12027019999999999,0,1,100,0.094022999999999995
narrow_multi_obstacle,431,81,-1,5,0.20813000000000001,0,1,225,0.17966099999999999
narrow_multi_obstacle,432,81,-1,5,0.061804400000000002,0,1,25,0.031308000000000002
narrow_multi_obstacle,433,81,-1,5,0.66719099999999998,0,1,850,0.62914999999999999
narrow_multi_obstacle,434,81,-1,5,0.42663460000000003,0,1,525,0.39763900000000002
narrow_multi_obstacle,435,81,24,5,0.11922459999999999,0,1,100,0.090548000000000003
narrow_multi_obstacle,436,81,-1,5,0.39171400000000001,0,1,475,0.36362699999999998
narrow_multi_obstacle,437,81,-1,5,0.1728132,0,1,175,0.143765
narrow_multi_obstacle,438,81,-1,5,0.1913156,0,1,200,0.162804
narrow_multi_obstacle,439,81,-1,5,0.62681560000000003,0,1,800,0.59689000000000003
narrow_multi_obstacle,440,81,-1,5,0.060729999999999992,0,1,25,0.031
narrow_multi_obstacle,441,81,-1,5,0.30776219999999999,0,1,350,0.27260099999999998
narrow_multi_obstacle,442,81,-1,5,0.060246000000000001,0,1,25,0.031113999999999999
narrow_multi_obstacle,443,81,-1,5,0.35498219999999997,0,1,425,0.32670199999999999
narrow_multi_obstacle,444,81,-1,5,0.060187199999999996,0,1,25,0.031184
narrow_multi_obstacle,445,81,-1,5,0.060516400000000005,0,1,25,0.031304999999999999
narrow_multi_obstacle,446,81,-1,5,0.63863740000000002,0,1,800,0.60509599999999997
narrow_multi_obstacle,447,81,-1,5,0.30043779999999998,0,1,350,0.26988499999999999
narrow_multi_obstacle,448,81,-1,5,0.60839580000000004,0,1,775,0.57544899999999999
narrow_multi_obstacle,449,81,-1,5,0.33773580000000003,0,1,400,0.30751200000000001
narrow_multi_obstacle,450,81,26,5,0.11911920000000001,0,1,100,0.089873999999999996
narrow_multi_obstacle,451,81,-1,5,0.060589999999999998,0,1,25,0.031008999999999998
narrow_multi_obstacle,452,81,23,5,0.11962500000000001,0,1,100,0.089835999999999999
narrow_multi_obstacle,453,81,-1,5,0.060470199999999995,0,1,25,0.031326
narrow_multi_obstacle,454,81,-1,5,0.060162800000000002,0,1,25,0.030713000000000001
narrow_multi_obstacle,455,81,26,5,0.11988600000000001,0,1,100,0.089813000000000004
narrow_multi_obstacle,456,81,-1,5,0.23315640000000001,0,1,250,0.19742000000000001
narrow_multi_obstacle,457,81,39,5,0.67198900000000006,0,1,850,0.64263899999999996
narrow_multi_obstacle,458,81,-1,5,0.3021162,0,1,350,0.27142899999999998
narrow_multi_obstacle,459,81,-1,5,0.72127399999999997,0,1,925,0.69502200000000003
narrow_multi_obstacle,460,81,-1,5,0.78014620000000001,0,1,1000,0.75047200000000003
narrow_multi_obstacle,461,81,-1,5,0.060340199999999997,0,1,25,0.031996999999999998
narrow_multi_obstacle,462,81,-1,5,0.35835620000000001,0,1,425,0.32497300000000001
narrow_multi_obstacle,463,81,-1,5,0.060106199999999999,0,1,25,0.031039000000000001
narrow_multi_obstacle,464,81,-1,5,0.66562739999999998,0,1,850,0.63475800000000004
narrow_multi_obstacle,465,81,-1,5,0.19180320000000001,0,1,200,0.162437
narrow_multi_obstacle,466,81,-1,5,0.3421438,0,1,400,0.31385299999999999
narrow_multi_obstacle,467,81,-1,5,0.70273059999999998,0,1,900,0.67976099999999995
narrow_multi_obstacle,468,81,23,5,0.065052399999999996,0,1,25,0.033966999999999997
narrow_multi_obstacle,469,81,-1,5,0.2465726,0,1,275,0.21881999999999999
narrow_multi_obstacle,470,81,26,5,0.063494999999999996,0,1,25,0.033425000000000003
narrow_multi_obstacle,471,81,-1,5,0.17411840000000001,0,1,175,0.14497499999999999
narrow_multi_obstacle,472,81,24,5,0.063295400000000002,0,1,25,0.033759999999999998
narrow_multi_obstacle,473,81,-1,5,0.060283400000000001,0,1,25,0.032499
narrow_multi_obstacle,474,81,-1,5,1.2661536,0,1,1675,1.2377370000000001
narrow_multi_obstacle,475,81,-1,5,0.48111379999999998,0,1,600,0.45230100000000001
narrow_multi_obstacle,476,81,25,5,0.12418899999999999,0,1,100,0.090063000000000004
narrow_multi_obstacle,477,81,56,5,0.67027179999999997,0,1,850,0.64709300000000003
narrow_multi_obstacle,478,81,-1,5,0.76262319999999995,0,1,975,0.72883299999999995
narrow_multi_obstacle,479,81,24,5,0.12191300000000001,0,1,100,0.091468999999999995
narrow_multi_obstacle,480,81,-1,5,1.3915066,0,1,1850,1.3586670000000001
narrow_multi_obstacle,481,81,-1,5,0.063455999999999999,0,1,25,0.032563000000000002
narrow_multi_obstacle,482,81,39,5,0.062116800000000007,0,1,25,0.033175999999999997
narrow_multi_obstacle,483,81,-1,5,0.56844479999999997,0,1,675,0.51185899999999995
narrow_multi_obstacle,484,81,-1,5,0.35469800000000001,0,1,400,0.30835800000000002
narrow_multi_obstacle,485,81,57,5,0.26797260000000001,0,1,300,0.24159600000000001
narrow_multi_obstacle,486,81,-1,5,0.63743400000000006,0,1,800,0.59994199999999998
narrow_multi_obstacle,487,81,-1,5,0.059791000000000004,0,1,25,0.030529000000000001
narrow_multi_obstacle,488,81,23,5,0.063538200000000003,0,1,25,0.034041000000000002
narrow_multi_obstacle,489,81,25,5,0.12196320000000001,0,1,100,0.090277999999999997
narrow_multi_obstacle,490,81,-1,5,0.24571040000000002,0,1,275,0.215008
narrow_multi_obstacle,491,81,25,5,0.062625799999999995,0,1,25,0.034075000000000001
narrow_multi_obstacle,492,81,-1,5,0.0604764,0,1,25,0.030786000000000001
narrow_multi_obstacle,493,81,-1,5,0.059997999999999996,0,1,25,0.031033999999999999
narrow_multi_obstacle,494,81,-1,5,0.68934499999999999,0,1,875,0.65304799999999996
narrow_multi_obstacle,495,81,40,5,0.32189420000000002,0,1,375,0.29816900000000002
narrow_multi_obstacle,496,81,25,5,0.122539,0,1,100,0.089862999999999998
narrow_multi_obstacle,497,81,23,5,0.063706399999999996,0,1,25,0.033952000000000003
narrow_multi_obstacle,498,81,-1,5,0.39039839999999998,0,1,475,0.361985
narrow_multi_obstacle,499,81,-1,5,0.6493276,0,1,825,0.631019
interleaved_dynamic,0,91,-1,5,0.071227600000000002,0,1,25,0.038621000000000003
interleaved_dynamic,1,91,-1,5,0.068520400000000009,0,1,25,0.035473999999999999
interleaved_dynamic,2,91,-1,5,0.069113800000000003,0,1,25,0.034513000000000002
interleaved_dynamic,3,91,-1,5,0.068172999999999997,0,1,25,0.034167000000000003
interleaved_dynamic,4,91,-1,5,0.068094399999999999,0,1,25,0.034537999999999999
interleaved_dynamic,5,91,-1,5,0.068184599999999998,0,1,25,0.034270000000000002
interleaved_dynamic,6,91,-1,5,0.068278199999999997,0,1,25,0.034412999999999999
interleaved_dynamic,7,91,-1,5,0.068507200000000004,0,1,25,0.034488999999999999
interleaved_dynamic,8,91,-1,5,0.069806199999999999,0,1,25,0.036697
interleaved_dynamic,9,91,-1,5,0.068932999999999994,0,1,25,0.034632000000000003
interleaved_dynamic,10,91,-1,5,0.074670600000000004,0,1,25,0.038355
interleaved_dynamic,11,91,-1,5,0.067956600000000006,0,1,25,0.034925999999999999
interleaved_dynamic,12,91,-1,5,0.068520999999999999,0,1,25,0.037290999999999998
interleaved_dynamic,13,91,-1,5,0.069165000000000004,0,1,25,0.039510999999999998
interleaved_dynamic,14,91,-1,5,0.0704626,0,1,25,0.034652000000000002
interleaved_dynamic,15,91,-1,5,0.069784199999999991,0,1,25,0.034259999999999999
interleaved_dynamic,16,91,-1,5,0.068914000000000003,0,1,25,0.034791999999999997
interleaved_dynamic,17,91,-1,5,0.072034399999999998,0,1,25,0.036287
interleaved_dynamic,18,91,-1,5,0.069402600000000009,0,1,25,0.036034999999999998
interleaved_dynamic,19,91,-1,5,0.067841200000000004,0,1,25,0.034299999999999997
interleaved_dynamic,20,91,-1,5,0.069971800000000001,0,1,25,0.034235000000000002
interleaved_dynamic,21,91,-1,5,0.067769800000000005,0,1,25,0.034393
interleaved_dynamic,22,91,-1,5,0.068542999999999993,0,1,25,0.035335999999999999
interleaved_dynamic,23,91,-1,5,0.068468799999999996,0,1,25,0.036323000000000001
interleaved_dynamic,24,91,-1,5,0.067527799999999999,0,1,25,0.034502999999999999
interleaved_dynamic,25,91,-1,5,0.067687200000000003,0,1,25,0.035644000000000002
interleaved_dynamic,26,91,-1,5,0.067683199999999999,0,1,25,0.035195999999999998
interleaved_dynamic,27,91,-1,5,0.067928200000000008,0,1,25,0.034324
interleaved_dynamic,28,91,-1,5,0.067900000000000002,0,1,25,0.033967999999999998
interleaved_dynamic,29,91,-1,5,0.0680418,0,1,25,0.034743000000000003
interleaved_dynamic,30,91,-1,5,0.067754200000000001,0,1,25,0.034258999999999998
interleaved_dynamic,31,91,-1,5,0.068733200000000008,0,1,25,0.036033000000000003
interleaved_dynamic,32,91,-1,5,0.067818599999999993,0,1,25,0.034372
interleaved_dynamic,33,91,-1,5,0.074112999999999998,0,1,25,0.034798999999999997
interleaved_dynamic,34,91,-1,5,0.068453200000000006,0,1,25,0.035089000000000002
interleaved_dynamic,35,91,-1,5,0.067827999999999999,0,1,25,0.034525
interleaved_dynamic,36,91,-1,5,0.068111000000000005,0,1,25,0.033930000000000002
interleaved_dynamic,37,91,-1,5,0.067757999999999999,0,1,25,0.034675999999999998
interleaved_dynamic,38,91,-1,5,0.067896999999999999,0,1,25,0.034360000000000002
interleaved_dynamic,39,91,-1,5,0.067862599999999995,0,1,25,0.034354000000000003
interleaved_dynamic,40,91,-1,5,0.068169199999999999,0,1,25,0.034326000000000002
interleaved_dynamic,41,91,-1,5,0.068285999999999999,0,1,25,0.035004
interleaved_dynamic,42,91,-1,5,0.069298200000000004,0,1,25,0.034979000000000003
interleaved_dynamic,43,91,-1,5,0.067735599999999993,0,1,25,0.034320000000000003
interleaved_dynamic,44,91,-1,5,0.067769200000000002,0,1,25,0.034620999999999999
interleaved_dynamic,45,91,-1,5,0.067698599999999998,0,1,25,0.034105999999999997
interleaved_dynamic,46,91,-1,5,0.072856000000000004,0,1,25,0.036377
interleaved_dynamic,47,91,-1,5,0.0712256,0,1,25,0.035811999999999997
interleaved_dynamic,48,91,-1,5,0.067898,0,1,25,0.034307999999999998
interleaved_dynamic,49,91,-1,5,0.069141599999999998,0,1,25,0.034199
interleaved_dynamic,50,91,-1,5,0.067710400000000004,0,1,25,0.034236999999999997
interleaved_dynamic,51,91,-1,5,0.069183999999999996,0,1,25,0.034553
interleaved_dynamic,52,91,-1,5,0.067708599999999994,0,1,25,0.034341999999999998
interleaved_dynamic,53,91,-1,5,0.068733599999999992,0,1,25,0.034609000000000001
interleaved_dynamic,54,91,-1,5,0.0675206,0,1,25,0.034679000000000001
interleaved_dynamic,55,91,-1,5,0.068934999999999996,0,1,25,0.035685000000000001
interleaved_dynamic,56,91,-1,5,0.071385400000000002,0,1,25,0.034438000000000003
interleaved_dynamic,57,91,-1,5,0.070981799999999998,0,1,25,0.035917999999999999
interleaved_dynamic,58,91,-1,5,0.070274000000000003,0,1,25,0.035096000000000002
interleaved_dynamic,59,91,-1,5,0.067129799999999989,0,1,25,0.034292000000000003
interleaved_dynamic,60,91,-1,5,0.068293800000000002,0,1,25,0.034296
interleaved_dynamic,61,91,-1,5,0.069560999999999998,0,1,25,0.036609999999999997
interleaved_dynamic,62,91,-1,5,0.067847599999999994,0,1,25,0.034268
interleaved_dynamic,63,91,-1,5,0.067811999999999997,0,1,25,0.034768
interleaved_dynamic,64,91,-1,5,0.067930199999999996,0,1,25,0.034090000000000002
interleaved_dynamic,65,91,-1,5,0.068255999999999997,0,1,25,0.035881999999999997
interleaved_dynamic,66,91,-1,5,0.067641599999999996,0,1,25,0.034402000000000002
interleaved_dynamic,67,91,-1,5,0.067971000000000004,0,1,25,0.036283999999999997
interleaved_dynamic,68,91,-1,5,0.067498599999999992,0,1,25,0.034182999999999998
interleaved_dynamic,69,91,-1,5,0.068925199999999992,0,1,25,0.033889000000000002
interleaved_dynamic,70,91,-1,5,0.067782599999999998,0,1,25,0.034216000000000003
interleaved_dynamic,71,91,-1,5,0.068017399999999992,0,1,25,0.035060000000000001
interleaved_dynamic,72,91,-1,5,0.068343000000000001,0,1,25,0.034992000000000002
interleaved_dynamic,73,91,-1,5,0.068141599999999997,0,1,25,0.034304000000000001
interleaved_dynamic,74,91,-1,5,0.067921599999999999,0,1,25,0.034284000000000002
interleaved_dynamic,75,91,-1,5,0.067973399999999989,0,1,25,0.034629
interleaved_dynamic,76,91,-1,5,0.068282399999999993,0,1,25,0.034605999999999998
interleaved_dynamic,77,91,-1,5,0.067358600000000005,0,1,25,0.033958000000000002
interleaved_dynamic,78,91,-1,5,0.067955200000000007,0,1,25,0.034026000000000001
interleaved_dynamic,79,91,-1,5,0.0676842,0,1,25,0.034354999999999997
interleaved_dynamic,80,91,-1,5,0.069129799999999991,0,1,25,0.035064999999999999
interleaved_dynamic,81,91,-1,5,0.068079199999999992,0,1,25,0.034374000000000002
interleaved_dynamic,82,91,-1,5,0.069376999999999994,0,1,25,0.034192
interleaved_dynamic,83,91,-1,5,0.0674202,0,1,25,0.034256000000000002
interleaved_dynamic,84,91,-1,5,0.068385600000000005,0,1,25,0.034555000000000002
interleaved_dynamic,85,91,-1,5,0.070913799999999999,0,1,25,0.038554999999999999
interleaved_dynamic,86,91,-1,5,0.069360400000000003,0,1,25,0.038129000000000003
interleaved_dynamic,87,91,-1,5,0.068703199999999992,0,1,25,0.034236999999999997
interleaved_dynamic,88,91,-1,5,0.067898,0,1,25,0.035704
interleaved_dynamic,89,91,-1,5,0.072234400000000004,0,1,25,0.040825
interleaved_dynamic,90,91,-1,5,0.068999200000000011,0,1,25,0.034143
interleaved_dynamic,91,91,-1,5,0.0712092,0,1,25,0.034181999999999997
interleaved_dynamic,92,91,-1,5,0.069205799999999998,0,1,25,0.036255000000000003
interleaved_dynamic,93,91,-1,5,0.070802000000000004,0,1,25,0.034313000000000003
interleaved_dynamic,94,91,-1,5,0.068773000000000001,0,1,25,0.037928000000000003
interleaved_dynamic,95,91,-1,5,0.07048299999999999,0,1,25,0.036255999999999997
interleaved_dynamic,96,91,-1,5,0.069118600000000002,0,1,25,0.036401000000000003
interleaved_dynamic,97,91,-1,5,0.0705128,0,1,25,0.036269000000000003
interleaved_dynamic,98,91,-1,5,0.070874599999999996,0,1,25,0.034264999999999997
interleaved_dynamic,99,91,-1,5,0.069908800000000007,0,1,25,0.036119999999999999
interleaved_dynamic,100,91,-1,5,0.0672016,0,1,25,0.034185
interleaved_dynamic,101,91,-1,5,0.067663200000000007,0,1,25,0.035560000000000001
interleaved_dynamic,102,91,-1,5,0.071522000000000002,0,1,25,0.036343
interleaved_dynamic,103,91,-1,5,0.071646000000000001,0,1,25,0.036472999999999998
interleaved_dynamic,104,91,-1,5,0.069249400000000003,0,1,25,0.038168000000000001
interleaved_dynamic,105,91,-1,5,0.071079000000000003,0,1,25,0.036172999999999997
interleaved_dynamic,106,91,-1,5,0.071243799999999996,0,1,25,0.036199000000000002
interleaved_dynamic,107,91,-1,5,0.069451200000000005,0,1,25,0.034393
interleaved_dynamic,108,91,-1,5,0.069889199999999999,0,1,25,0.038431
interleaved_dynamic,109,91,-1,5,0.071412799999999999,0,1,25,0.036338000000000002
interleaved_dynamic,110,91,-1,5,0.0714056,0,1,25,0.036568000000000003
interleaved_dynamic,111,91,-1,5,0.071160000000000001,0,1,25,0.034751999999999998
interleaved_dynamic,112,91,-1,5,0.070072800000000005,0,1,25,0.034368000000000003
interleaved_dynamic,113,91,-1,5,0.067562399999999995,0,1,25,0.034457000000000002
interleaved_dynamic,114,91,-1,5,0.067724800000000002,0,1,25,0.034286999999999998
interleaved_dynamic,115,91,-1,5,0.068153199999999997,0,1,25,0.035943000000000003
interleaved_dynamic,116,91,-1,5,0.070582599999999995,0,1,25,0.034820999999999998
interleaved_dynamic,117,91,-1,5,0.067964800000000006,0,1,25,0.034451000000000002
interleaved_dynamic,118,91,-1,5,0.071376999999999996,0,1,25,0.035739
interleaved_dynamic,119,91,-1,5,0.068930400000000003,0,1,25,0.036274000000000001
interleaved_dynamic,120,91,-1,5,0.070740600000000001,0,1,25,0.034777000000000002
interleaved_dynamic,121,91,-1,5,0.071282800000000007,0,1,25,0.042636
interleaved_dynamic,122,91,-1,5,0.0738428,0,1,25,0.039919999999999997
interleaved_dynamic,123,91,-1,5,0.071851399999999996,0,1,25,0.036391
interleaved_dynamic,124,91,-1,5,0.072273600000000007,0,1,25,0.039975999999999998
interleaved_dynamic,125,91,-1,5,0.071639599999999998,0,1,25,0.037502000000000001
interleaved_dynamic,126,91,-1,5,0.071601400000000009,0,1,25,0.036930999999999999
interleaved_dynamic,127,91,-1,5,0.069458199999999998,0,1,25,0.037350000000000001
interleaved_dynamic,128,91,-1,5,0.072372000000000006,0,1,25,0.036199000000000002
interleaved_dynamic,129,91,-1,5,0.068766400000000005,0,1,25,0.034435
interleaved_dynamic,130,91,-1,5,0.070099999999999996,0,1,25,0.035091999999999998
interleaved_dynamic,131,91,-1,5,0.072661799999999999,0,1,25,0.039920999999999998
interleaved_dynamic,132,91,-1,5,0.070141200000000001,0,1,25,0.036403999999999999
interleaved_dynamic,133,91,-1,5,0.074137599999999998,0,1,25,0.038367999999999999
interleaved_dynamic,134,91,-1,5,0.071472000000000008,0,1,25,0.036491000000000003
interleaved_dynamic,135,91,-1,5,0.071719999999999992,0,1,25,0.036556999999999999
interleaved_dynamic,136,91,-1,5,0.071618000000000001,0,1,25,0.036618999999999999
interleaved_dynamic,137,91,-1,5,0.070379999999999998,0,1,25,0.034266999999999999
interleaved_dynamic,138,91,-1,5,0.070534799999999995,0,1,25,0.037009
interleaved_dynamic,139,91,-1,5,0.070520799999999995,0,1,25,0.036410999999999999
interleaved_dynamic,140,91,-1,5,0.072421800000000008,0,1,25,0.038941000000000003
interleaved_dynamic,141,91,-1,5,0.067358000000000001,0,1,25,0.034159000000000002
interleaved_dynamic,142,91,-1,5,0.071557200000000001,0,1,25,0.035934000000000001
interleaved_dynamic,143,91,-1,5,0.07028100000000001,0,1,25,0.035557999999999999
interleaved_dynamic,144,91,-1,5,0.070857599999999993,0,1,25,0.035684
interleaved_dynamic,145,91,-1,5,0.0709288,0,1,25,0.036509
interleaved_dynamic,146,91,-1,5,0.070779400000000006,0,1,25,0.034169999999999999
interleaved_dynamic,147,91,-1,5,0.068492399999999995,0,1,25,0.034640999999999998
interleaved_dynamic,148,91,-1,5,0.069442400000000001,0,1,25,0.036144000000000003
interleaved_dynamic,149,91,-1,5,0.070010600000000006,0,1,25,0.034512000000000001
interleaved_dynamic,150,91,-1,5,0.071291000000000007,0,1,25,0.038433000000000002
interleaved_dynamic,151,91,-1,5,0.0706928,0,1,25,0.033930000000000002
interleaved_dynamic,152,91,-1,5,0.072614999999999999,0,1,25,0.036144999999999997
interleaved_dynamic,153,91,-1,5,0.072128200000000003,0,1,25,0.036282000000000002
interleaved_dynamic,154,91,-1,5,0.069522600000000004,0,1,25,0.036923999999999998
interleaved_dynamic,155,91,-1,5,0.071314200000000008,0,1,25,0.034521000000000003
interleaved_dynamic,156,91,-1,5,0.072146999999999989,0,1,25,0.034217999999999998
interleaved_dynamic,157,91,-1,5,0.0728076,0,1,25,0.037442000000000003
interleaved_dynamic,158,91,-1,5,0.071645800000000009,0,1,25,0.036630000000000003
interleaved_dynamic,159,91,-1,5,0.068602999999999997,0,1,25,0.034242000000000002
interleaved_dynamic,160,91,-1,5,0.070179800000000001,0,1,25,0.034214000000000001
interleaved_dynamic,161,91,-1,5,0.070774199999999995,0,1,25,0.034798000000000003
interleaved_dynamic,162,91,-1,5,0.071462800000000007,0,1,25,0.037564
interleaved_dynamic,163,91,-1,5,0.071094199999999996,0,1,25,0.035942000000000002
interleaved_dynamic,164,91,-1,5,0.070917399999999992,0,1,25,0.036506999999999998
interleaved_dynamic,165,91,-1,5,0.069792199999999999,0,1,25,0.036152999999999998
interleaved_dynamic,166,91,-1,5,0.067731399999999997,0,1,25,0.034592999999999999
interleaved_dynamic,167,91,-1,5,0.068798800000000007,0,1,25,0.034828999999999999
interleaved_dynamic,168,91,-1,5,0.067669000000000007,0,1,25,0.034708999999999997
interleaved_dynamic,169,91,-1,5,0.069375400000000004,0,1,25,0.036616999999999997
interleaved_dynamic,170,91,-1,5,0.068606199999999992,0,1,25,0.036263999999999998
interleaved_dynamic,171,91,-1,5,0.068787600000000004,0,1,25,0.034199
interleaved_dynamic,172,91,-1,5,0.067766800000000002,0,1,25,0.034340000000000002
interleaved_dynamic,173,91,-1,5,0.067314399999999996,0,1,25,0.034698
interleaved_dynamic,174,91,-1,5,0.067926,0,1,25,0.034174999999999997
interleaved_dynamic,175,91,-1,5,0.067528600000000008,0,1,25,0.033959000000000003
interleaved_dynamic,176,91,-1,5,0.068138799999999999,0,1,25,0.034535000000000003
interleaved_dynamic,177,91,-1,5,0.069049400000000011,0,1,25,0.034351
interleaved_dynamic,178,91,-1,5,0.068503999999999995,0,1,25,0.034646000000000003
interleaved_dynamic,179,91,-1,5,0.067708999999999991,0,1,25,0.034691
interleaved_dynamic,180,91,-1,5,0.068212200000000001,0,1,25,0.034354999999999997
interleaved_dynamic,181,91,-1,5,0.070852600000000002,0,1,25,0.036198000000000001
interleaved_dynamic,182,91,-1,5,0.068054199999999995,0,1,25,0.034521000000000003
interleaved_dynamic,183,91,-1,5,0.068173799999999993,0,1,25,0.035769000000000002
interleaved_dynamic,184,91,-1,5,0.069879400000000008,0,1,25,0.042292000000000003
interleaved_dynamic,185,91,-1,5,0.070742799999999995,0,1,25,0.036499999999999998
interleaved_dynamic,186,91,-1,5,0.071387199999999998,0,1,25,0.036394000000000003
interleaved_dynamic,187,91,-1,5,0.071373400000000004,0,1,25,0.036184000000000001
interleaved_dynamic,188,91,-1,5,0.069287200000000007,0,1,25,0.036470000000000002
interleaved_dynamic,189,91,-1,5,0.071874999999999994,0,1,25,0.037309000000000002
interleaved_dynamic,190,91,-1,5,0.070445000000000008,0,1,25,0.036576999999999998
interleaved_dynamic,191,91,-1,5,0.074917199999999989,0,1,25,0.034865
interleaved_dynamic,192,91,-1,5,0.070634799999999998,0,1,25,0.036098999999999999
interleaved_dynamic,193,91,-1,5,0.073076600000000005,0,1,25,0.037116999999999997
interleaved_dynamic,194,91,-1,5,0.071901400000000004,0,1,25,0.036854999999999999
interleaved_dynamic,195,91,-1,5,0.070335000000000009,0,1,25,0.036174999999999999
interleaved_dynamic,196,91,-1,5,0.070290800000000001,0,1,25,0.036629000000000002
interleaved_dynamic,197,91,-1,5,0.072447399999999995,0,1,25,0.036889999999999999
interleaved_dynamic,198,91,-1,5,0.069674600000000003,0,1,25,0.036377
interleaved_dynamic,199,91,-1,5,0.071672600000000003,0,1,25,0.035954
interleaved_dynamic,200,91,-1,5,0.069568600000000008,0,1,25,0.035153999999999998
interleaved_dynamic,201,91,-1,5,0.071106000000000003,0,1,25,0.034500999999999997
interleaved_dynamic,202,91,-1,5,0.069685999999999998,0,1,25,0.034566
interleaved_dynamic,203,91,-1,5,0.070778599999999997,0,1,25,0.034914000000000001
interleaved_dynamic,204,91,-1,5,0.068235000000000004,0,1,25,0.034527000000000002
interleaved_dynamic,205,91,-1,5,0.070708000000000007,0,1,25,0.035143000000000001
interleaved_dynamic,206,91,-1,5,0.076196799999999995,0,1,25,0.034491000000000001
interleaved_dynamic,207,91,-1,5,0.067718,0,1,25,0.034511
interleaved_dynamic,208,91,-1,5,0.068347999999999992,0,1,25,0.034172000000000001
interleaved_dynamic,209,91,-1,5,0.070280200000000001,0,1,25,0.035714999999999997
interleaved_dynamic,210,91,-1,5,0.067675600000000002,0,1,25,0.034341000000000003
interleaved_dynamic,211,91,-1,5,0.070843599999999993,0,1,25,0.036520999999999998
interleaved_dynamic,212,91,-1,5,0.070032999999999998,0,1,25,0.034445000000000003
interleaved_dynamic,213,91,-1,5,0.068951799999999994,0,1,25,0.036927000000000001
interleaved_dynamic,214,91,-1,5,0.07027520000000001,0,1,25,0.036291999999999998
interleaved_dynamic,215,91,-1,5,0.070329600000000006,0,1,25,0.036577999999999999
interleaved_dynamic,216,91,-1,5,0.069902800000000001,0,1,25,0.036826999999999999
interleaved_dynamic,217,91,-1,5,0.071510799999999999,0,1,25,0.036347999999999998
interleaved_dynamic,218,91,-1,5,0.067469000000000001,0,1,25,0.034280999999999999
interleaved_dynamic,219,91,-1,5,0.067936399999999994,0,1,25,0.034187000000000002
interleaved_dynamic,220,91,-1,5,0.067669400000000005,0,1,25,0.035576999999999998
interleaved_dynamic,221,91,-1,5,0.067621799999999996,0,1,25,0.033921
interleaved_dynamic,222,91,-1,5,0.067735199999999995,0,1,25,0.034431000000000003
interleaved_dynamic,223,91,-1,5,0.067617200000000002,0,1,25,0.034088
interleaved_dynamic,224,91,-1,5,0.067849800000000002,0,1,25,0.034229999999999997
interleaved_dynamic,225,91,-1,5,0.067887200000000009,0,1,25,0.034984000000000001
interleaved_dynamic,226,91,-1,5,0.068032599999999999,0,1,25,0.037995000000000001
interleaved_dynamic,227,91,-1,5,0.067866999999999997,0,1,25,0.034189999999999998
interleaved_dynamic,228,91,-1,5,0.0675568,0,1,25,0.034328999999999998
interleaved_dynamic,229,91,-1,5,0.067637799999999998,0,1,25,0.034802
interleaved_dynamic,230,91,-1,5,0.069250599999999995,0,1,25,0.036219000000000001
interleaved_dynamic,231,91,-1,5,0.06804099999999999,0,1,25,0.035734000000000002
interleaved_dynamic,232,91,-1,5,0.068405800000000003,0,1,25,0.036544
interleaved_dynamic,233,91,-1,5,0.071490200000000004,0,1,25,0.036171000000000002
interleaved_dynamic,234,91,-1,5,0.068427000000000002,0,1,25,0.034465000000000003
interleaved_dynamic,235,91,-1,5,0.071258600000000005,0,1,25,0.036186000000000003
interleaved_dynamic,236,91,-1,5,0.071985199999999999,0,1,25,0.034789
interleaved_dynamic,237,91,-1,5,0.070351999999999998,0,1,25,0.034306999999999997
interleaved_dynamic,238,91,-1,5,0.071579400000000001,0,1,25,0.036026000000000002
interleaved_dynamic,239,91,-1,5,0.072081800000000001,0,1,25,0.034403000000000003
interleaved_dynamic,240,91,-1,5,0.068272600000000003,0,1,25,0.034447999999999999
interleaved_dynamic,241,91,-1,5,0.067168399999999989,0,1,25,0.034324
interleaved_dynamic,242,91,-1,5,0.070946399999999993,0,1,25,0.035955000000000001
interleaved_dynamic,243,91,-1,5,0.072504800000000008,0,1,25,0.036799999999999999
interleaved_dynamic,244,91,-1,5,0.072011800000000001,0,1,25,0.035957999999999997
interleaved_dynamic,245,91,-1,5,0.069399599999999992,0,1,25,0.036707999999999998
interleaved_dynamic,246,91,-1,5,0.071675199999999994,0,1,25,0.036341999999999999
interleaved_dynamic,247,91,-1,5,0.07075780000000001,0,1,25,0.04283
interleaved_dynamic,248,91,-1,5,0.068693799999999999,0,1,25,0.035185000000000001
interleaved_dynamic,249,91,-1,5,0.071528999999999995,0,1,25,0.036556999999999999
interleaved_dynamic,250,91,-1,5,0.067627599999999996,0,1,25,0.033966999999999997
interleaved_dynamic,251,91,-1,5,0.071056599999999998,0,1,25,0.034257999999999997
interleaved_dynamic,252,91,-1,5,0.069117600000000001,0,1,25,0.035116000000000001
interleaved_dynamic,253,91,-1,5,0.071434399999999995,0,1,25,0.037000999999999999
interleaved_dynamic,254,91,-1,5,0.070925600000000005,0,1,25,0.039681000000000001
interleaved_dynamic,255,91,-1,5,0.074081800000000003,0,1,25,0.036824000000000003
interleaved_dynamic,256,91,-1,5,0.071476200000000004,0,1,25,0.041735000000000001
interleaved_dynamic,257,91,-1,5,0.070250000000000007,0,1,25,0.037518000000000003
interleaved_dynamic,258,91,-1,5,0.073385400000000003,0,1,25,0.043846000000000003
interleaved_dynamic,259,91,-1,5,0.071175000000000002,0,1,25,0.034616000000000001
interleaved_dynamic,260,91,-1,5,0.071738200000000002,0,1,25,0.037488
interleaved_dynamic,261,91,-1,5,0.073086799999999993,0,1,25,0.036882999999999999
interleaved_dynamic,262,91,-1,5,0.069552599999999992,0,1,25,0.034334999999999997
interleaved_dynamic,263,91,-1,5,0.071002399999999993,0,1,25,0.036017
interleaved_dynamic,264,91,-1,5,0.069370600000000004,0,1,25,0.033974999999999998
interleaved_dynamic,265,91,-1,5,0.068093199999999993,0,1,25,0.034138000000000002
interleaved_dynamic,266,91,-1,5,0.071646000000000001,0,1,25,0.036500999999999999
interleaved_dynamic,267,91,-1,5,0.070181400000000005,0,1,25,0.034252999999999999
interleaved_dynamic,268,91,-1,5,0.067779400000000004,0,1,25,0.036255000000000003
interleaved_dynamic,269,91,-1,5,0.06769420000000001,0,1,25,0.034304000000000001
interleaved_dynamic,270,91,-1,5,0.071063000000000001,0,1,25,0.036663000000000001
interleaved_dynamic,271,91,-1,5,0.069188200000000005,0,1,25,0.034424999999999997
interleaved_dynamic,272,91,-1,5,0.072054599999999996,0,1,25,0.036568000000000003
interleaved_dynamic,273,91,-1,5,0.067671400000000007,0,1,25,0.034750000000000003
interleaved_dynamic,274,91,-1,5,0.071025599999999994,0,1,25,0.036394000000000003
interleaved_dynamic,275,91,-1,5,0.068818000000000004,0,1,25,0.036035999999999999
interleaved_dynamic,276,91,-1,5,0.069873199999999996,0,1,25,0.034201000000000002
interleaved_dynamic,277,91,-1,5,0.06948760000000001,0,1,25,0.034386
interleaved_dynamic,278,91,-1,5,0.071355000000000002,0,1,25,0.037920000000000002
interleaved_dynamic,279,91,-1,5,0.07047719999999999,0,1,25,0.036170000000000001
interleaved_dynamic,280,91,-1,5,0.069391599999999998,0,1,25,0.036082999999999997
interleaved_dynamic,281,91,-1,5,0.06888720000000001,0,1,25,0.035393000000000001
interleaved_dynamic,282,91,-1,5,0.071146600000000004,0,1,25,0.034674999999999997
interleaved_dynamic,283,91,-1,5,0.0715832,0,1,25,0.037217
interleaved_dynamic,284,91,-1,5,0.0718998,0,1,25,0.038399000000000003
interleaved_dynamic,285,91,-1,5,0.071135599999999993,0,1,25,0.036292999999999999
interleaved_dynamic,286,91,-1,5,0.071409399999999998,0,1,25,0.034473999999999998
interleaved_dynamic,287,91,-1,5,0.071895000000000001,0,1,25,0.037859999999999998
interleaved_dynamic,288,91,-1,5,0.071955999999999992,0,1,25,0.036478999999999998
interleaved_dynamic,289,91,-1,5,0.068324200000000002,0,1,25,0.034049999999999997
interleaved_dynamic,290,91,-1,5,0.07087099999999999,0,1,25,0.034501999999999998
interleaved_dynamic,291,91,-1,5,0.071223000000000009,0,1,25,0.036567000000000002
interleaved_dynamic,292,91,-1,5,0.069141599999999998,0,1,25,0.036072
interleaved_dynamic,293,91,-1,5,0.071965799999999996,0,1,25,0.036414000000000002
interleaved_dynamic,294,91,-1,5,0.072131799999999996,0,1,25,0.035604999999999998
interleaved_dynamic,295,91,-1,5,0.06998299999999999,0,1,25,0.036228000000000003
interleaved_dynamic,296,91,-1,5,0.070465599999999989,0,1,25,0.036673999999999998
interleaved_dynamic,297,91,-1,5,0.070486999999999994,0,1,25,0.034499000000000002
interleaved_dynamic,298,91,-1,5,0.068243399999999996,0,1,25,0.034882000000000003
interleaved_dynamic,299,91,-1,5,0.070230600000000004,0,1,25,0.034203999999999998
interleaved_dynamic,300,91,-1,5,0.067642999999999995,0,1,25,0.034372
interleaved_dynamic,301,91,-1,5,0.068254599999999999,0,1,25,0.034033000000000001
interleaved_dynamic,302,91,-1,5,0.070916400000000004,0,1,25,0.036451999999999998
interleaved_dynamic,303,91,-1,5,0.070013400000000003,0,1,25,0.035901000000000002
interleaved_dynamic,304,91,-1,5,0.070990399999999995,0,1,25,0.035998000000000002
interleaved_dynamic,305,91,-1,5,0.071375400000000006,0,1,25,0.036305999999999998
interleaved_dynamic,306,91,-1,5,0.070526400000000003,0,1,25,0.033957000000000001
interleaved_dynamic,307,91,-1,5,0.069473800000000002,0,1,25,0.034708000000000003
interleaved_dynamic,308,91,-1,5,0.071628600000000001,0,1,25,0.036068999999999997
interleaved_dynamic,309,91,-1,5,0.071596599999999996,0,1,25,0.037129000000000002
interleaved_dynamic,310,91,-1,5,0.069751599999999997,0,1,25,0.034803000000000001
interleaved_dynamic,311,91,-1,5,0.072554199999999999,0,1,25,0.036533999999999997
interleaved_dynamic,312,91,-1,5,0.070454600000000006,0,1,25,0.034563000000000003
interleaved_dynamic,313,91,-1,5,0.069448200000000002,0,1,25,0.034285000000000003
interleaved_dynamic,314,91,-1,5,0.070093199999999994,0,1,25,0.034803000000000001
interleaved_dynamic,315,91,-1,5,0.067635199999999993,0,1,25,0.034366000000000001
interleaved_dynamic,316,91,-1,5,0.068233999999999989,0,1,25,0.036465999999999998
interleaved_dynamic,317,91,-1,5,0.071166800000000002,0,1,25,0.036179000000000003
interleaved_dynamic,318,91,-1,5,0.072416599999999998,0,1,25,0.036735999999999998
interleaved_dynamic,319,91,-1,5,0.070454600000000006,0,1,25,0.035996
interleaved_dynamic,320,91,-1,5,0.0713086,0,1,25,0.036180999999999998
interleaved_dynamic,321,91,-1,5,0.071732799999999999,0,1,25,0.036796000000000002
interleaved_dynamic,322,91,-1,5,0.071766799999999992,0,1,25,0.038335000000000001
interleaved_dynamic,323,91,-1,5,0.068927199999999994,0,1,25,0.034244999999999998
interleaved_dynamic,324,91,-1,5,0.069274799999999997,0,1,25,0.034341000000000003
interleaved_dynamic,325,91,-1,5,0.0729958,0,1,25,0.042813999999999998
interleaved_dynamic,326,91,-1,5,0.067687600000000001,0,1,25,0.034727000000000001
interleaved_dynamic,327,91,-1,5,0.071010199999999996,0,1,25,0.034161999999999998
interleaved_dynamic,328,91,-1,5,0.070967599999999992,0,1,25,0.037289999999999997
interleaved_dynamic,329,91,-1,5,0.070815799999999998,0,1,25,0.036317000000000002
interleaved_dynamic,330,91,-1,5,0.067423200000000003,0,1,25,0.035029999999999999
interleaved_dynamic,331,91,-1,5,0.067460199999999998,0,1,25,0.034347000000000003
interleaved_dynamic,332,91,-1,5,0.071601400000000009,0,1,25,0.035950999999999997
interleaved_dynamic,333,91,-1,5,0.067112400000000003,0,1,25,0.033890000000000003
interleaved_dynamic,334,91,-1,5,0.071376399999999993,0,1,25,0.036195999999999999
interleaved_dynamic,335,91,-1,5,0.0676538,0,1,25,0.034561000000000001
interleaved_dynamic,336,91,-1,5,0.070580799999999999,0,1,25,0.036026000000000002
interleaved_dynamic,337,91,-1,5,0.067567999999999989,0,1,25,0.034424999999999997
interleaved_dynamic,338,91,-1,5,0.070685399999999995,0,1,25,0.033959999999999997
interleaved_dynamic,339,91,-1,5,0.068038399999999999,0,1,25,0.034256000000000002
interleaved_dynamic,340,91,-1,5,0.071309399999999995,0,1,25,0.036995
interleaved_dynamic,341,91,-1,5,0.071655200000000002,0,1,25,0.036526999999999997
interleaved_dynamic,342,91,-1,5,0.070124600000000009,0,1,25,0.034359000000000001
interleaved_dynamic,343,91,-1,5,0.069953600000000005,0,1,25,0.034040000000000001
interleaved_dynamic,344,91,-1,5,0.071082199999999998,0,1,25,0.038057000000000001
interleaved_dynamic,345,91,-1,5,0.069711599999999999,0,1,25,0.034546
interleaved_dynamic,346,91,-1,5,0.067609799999999998,0,1,25,0.034951000000000003
interleaved_dynamic,347,91,-1,5,0.072165999999999994,0,1,25,0.039278
interleaved_dynamic,348,91,-1,5,0.070454199999999995,0,1,25,0.036745
interleaved_dynamic,349,91,-1,5,0.067539800000000011,0,1,25,0.034158000000000001
interleaved_dynamic,350,91,-1,5,0.068109000000000003,0,1,25,0.036844000000000002
interleaved_dynamic,351,91,-1,5,0.067467399999999997,0,1,25,0.034249000000000002
interleaved_dynamic,352,91,-1,5,0.070824399999999996,0,1,25,0.034202000000000003
interleaved_dynamic,353,91,-1,5,0.067196800000000001,0,1,25,0.033972000000000002
interleaved_dynamic,354,91,-1,5,0.068223400000000003,0,1,25,0.034245999999999999
interleaved_dynamic,355,91,-1,5,0.067444799999999999,0,1,25,0.034213
interleaved_dynamic,356,91,-1,5,0.069767200000000001,0,1,25,0.036538000000000001
interleaved_dynamic,357,91,-1,5,0.067284800000000006,0,1,25,0.034125000000000003
interleaved_dynamic,358,91,-1,5,0.071270399999999998,0,1,25,0.036762000000000003
interleaved_dynamic,359,91,-1,5,0.067843000000000001,0,1,25,0.034374000000000002
interleaved_dynamic,360,91,-1,5,0.070579799999999998,0,1,25,0.036194999999999998
interleaved_dynamic,361,91,-1,5,0.068778199999999998,0,1,25,0.035381999999999997
interleaved_dynamic,362,91,-1,5,0.067789999999999989,0,1,25,0.034186000000000001
interleaved_dynamic,363,91,-1,5,0.069231000000000001,0,1,25,0.034507000000000003
interleaved_dynamic,364,91,-1,5,0.067764999999999992,0,1,25,0.034397999999999998
interleaved_dynamic,365,91,-1,5,0.067829799999999996,0,1,25,0.034046
interleaved_dynamic,366,91,-1,5,0.0675732,0,1,25,0.034209000000000003
interleaved_dynamic,367,91,-1,5,0.070379800000000006,0,1,25,0.036194999999999998
interleaved_dynamic,368,91,-1,5,0.071613800000000005,0,1,25,0.036798999999999998
interleaved_dynamic,369,91,-1,5,0.069768999999999998,0,1,25,0.034570999999999998
interleaved_dynamic,370,91,-1,5,0.072814999999999991,0,1,25,0.03628
interleaved_dynamic,371,91,-1,5,0.068017599999999998,0,1,25,0.034630000000000001
interleaved_dynamic,372,91,-1,5,0.068756200000000003,0,1,25,0.034927
interleaved_dynamic,373,91,-1,5,0.067913199999999993,0,1,25,0.036488
interleaved_dynamic,374,91,-1,5,0.068281999999999995,0,1,25,0.034132000000000003
interleaved_dynamic,375,91,-1,5,0.068293400000000004,0,1,25,0.035265999999999999
interleaved_dynamic,376,91,-1,5,0.067542999999999992,0,1,25,0.034623000000000001
interleaved_dynamic,377,91,-1,5,0.068139199999999997,0,1,25,0.036857000000000001
interleaved_dynamic,378,91,-1,5,0.073851199999999992,0,1,25,0.041578999999999998
interleaved_dynamic,379,91,-1,5,0.070872400000000002,0,1,25,0.034930000000000003
interleaved_dynamic,380,91,-1,5,0.068474000000000007,0,1,25,0.035750999999999998
interleaved_dynamic,381,91,-1,5,0.070457999999999993,0,1,25,0.034578999999999999
interleaved_dynamic,382,91,-1,5,0.068093600000000004,0,1,25,0.035208999999999997
interleaved_dynamic,383,91,-1,5,0.068632800000000008,0,1,25,0.035501999999999999
interleaved_dynamic,384,91,-1,5,0.067824999999999996,0,1,25,0.034276000000000001
interleaved_dynamic,385,91,-1,5,0.067233799999999996,0,1,25,0.033985000000000001
interleaved_dynamic,386,91,-1,5,0.067633399999999996,0,1,25,0.034338
interleaved_dynamic,387,91,-1,5,0.067706599999999992,0,1,25,0.034314999999999998
interleaved_dynamic,388,91,-1,5,0.068927799999999997,0,1,25,0.034403999999999997
interleaved_dynamic,389,91,-1,5,0.067760000000000001,0,1,25,0.034458999999999997
interleaved_dynamic,390,91,-1,5,0.067945199999999997,0,1,25,0.034116
interleaved_dynamic,391,91,-1,5,0.067765400000000003,0,1,25,0.035397999999999999
interleaved_dynamic,392,91,-1,5,0.069089399999999995,0,1,25,0.035032000000000001
interleaved_dynamic,393,91,-1,5,0.067569400000000002,0,1,25,0.034525
interleaved_dynamic,394,91,-1,5,0.068137199999999995,0,1,25,0.034790000000000001
interleaved_dynamic,395,91,-1,5,0.067742400000000008,0,1,25,0.034424000000000003
interleaved_dynamic,396,91,-1,5,0.067770399999999995,0,1,25,0.035587000000000001
interleaved_dynamic,397,91,-1,5,0.067914600000000006,0,1,25,0.034886
interleaved_dynamic,398,91,-1,5,0.067861199999999997,0,1,25,0.034612999999999998
interleaved_dynamic,399,91,-1,5,0.069127599999999997,0,1,25,0.036334999999999999
interleaved_dynamic,400,91,-1,5,0.068362000000000006,0,1,25,0.034546
interleaved_dynamic,401,91,-1,5,0.067801799999999995,0,1,25,0.033988999999999998
interleaved_dynamic,402,91,-1,5,0.067117599999999999,0,1,25,0.034271000000000003
interleaved_dynamic,403,91,-1,5,0.067734199999999994,0,1,25,0.034037999999999999
interleaved_dynamic,404,91,-1,5,0.067077399999999995,0,1,25,0.033784000000000002
interleaved_dynamic,405,91,-1,5,0.067739199999999999,0,1,25,0.034609000000000001
interleaved_dynamic,406,91,-1,5,0.067522200000000004,0,1,25,0.035043999999999999
interleaved_dynamic,407,91,-1,5,0.067498199999999994,0,1,25,0.034626999999999998
interleaved_dynamic,408,91,-1,5,0.068138000000000004,0,1,25,0.034216000000000003
interleaved_dynamic,409,91,-1,5,0.068225999999999995,0,1,25,0.034007999999999997
interleaved_dynamic,410,91,-1,5,0.0679004,0,1,25,0.034573
interleaved_dynamic,411,91,-1,5,0.067648399999999997,0,1,25,0.034178
interleaved_dynamic,412,91,-1,5,0.067799799999999993,0,1,25,0.034322999999999999
interleaved_dynamic,413,91,-1,5,0.067220199999999994,0,1,25,0.034504
interleaved_dynamic,414,91,-1,5,0.068705799999999997,0,1,25,0.034433999999999999
interleaved_dynamic,415,91,-1,5,0.069459000000000007,0,1,25,0.036676
interleaved_dynamic,416,91,-1,5,0.068177399999999999,0,1,25,0.034173000000000002
interleaved_dynamic,417,91,-1,5,0.071311800000000009,0,1,25,0.034571999999999999
interleaved_dynamic,418,91,-1,5,0.0675848,0,1,25,0.034335999999999998
interleaved_dynamic,419,91,-1,5,0.068143200000000001,0,1,25,0.034484000000000001
interleaved_dynamic,420,91,-1,5,0.06750239999999999,0,1,25,0.034333000000000002
interleaved_dynamic,421,91,-1,5,0.069057800000000003,0,1,25,0.036547999999999997
interleaved_dynamic,422,91,-1,5,0.0707956,0,1,25,0.036648
interleaved_dynamic,423,91,-1,5,0.071937200000000007,0,1,25,0.033855999999999997
interleaved_dynamic,424,91,-1,5,0.067630400000000007,0,1,25,0.034488999999999999
interleaved_dynamic,425,91,-1,5,0.067842600000000003,0,1,25,0.033999000000000001
interleaved_dynamic,426,91,-1,5,0.067809800000000003,0,1,25,0.034608
interleaved_dynamic,427,91,-1,5,0.067511200000000007,0,1,25,0.035089000000000002
interleaved_dynamic,428,91,-1,5,0.067835800000000002,0,1,25,0.03424
interleaved_dynamic,429,91,-1,5,0.077552399999999994,0,1,25,0.037005999999999997
interleaved_dynamic,430,91,-1,5,0.071233999999999992,0,1,25,0.033952000000000003
interleaved_dynamic,431,91,-1,5,0.067638400000000001,0,1,25,0.034028999999999997
interleaved_dynamic,432,91,-1,5,0.075439599999999996,0,1,25,0.036227000000000002
interleaved_dynamic,433,91,-1,5,0.067926600000000004,0,1,25,0.036230999999999999
interleaved_dynamic,434,91,-1,5,0.068068799999999999,0,1,25,0.034040000000000001
interleaved_dynamic,435,91,-1,5,0.067670399999999992,0,1,25,0.034455
interleaved_dynamic,436,91,-1,5,0.067443600000000006,0,1,25,0.035000000000000003
interleaved_dynamic,437,91,-1,5,0.067541600000000007,0,1,25,0.034543999999999998
interleaved_dynamic,438,91,-1,5,0.067594000000000001,0,1,25,0.034185
interleaved_dynamic,439,91,-1,5,0.070617600000000003,0,1,25,0.034376999999999998
interleaved_dynamic,440,91,-1,5,0.067000400000000002,0,1,25,0.034300999999999998
interleaved_dynamic,441,91,-1,5,0.069753599999999999,0,1,25,0.034040000000000001
interleaved_dynamic,442,91,-1,5,0.067657999999999996,0,1,25,0.034602000000000001
interleaved_dynamic,443,91,-1,5,0.06863820000000001,0,1,25,0.034428
interleaved_dynamic,444,91,-1,5,0.067010800000000009,0,1,25,0.034086999999999999
interleaved_dynamic,445,91,-1,5,0.067690200000000006,0,1,25,0.034362999999999998
interleaved_dynamic,446,91,-1,5,0.068316200000000007,0,1,25,0.037693999999999998
interleaved_dynamic,447,91,-1,5,0.068102999999999997,0,1,25,0.034389000000000003
interleaved_dynamic,448,91,-1,5,0.069787399999999999,0,1,25,0.035822
interleaved_dynamic,449,91,-1,5,0.071476200000000004,0,1,25,0.036465999999999998
interleaved_dynamic,450,91,-1,5,0.076510800000000004,0,1,25,0.036436000000000003
interleaved_dynamic,451,91,-1,5,0.068308599999999997,0,1,25,0.033876000000000003
interleaved_dynamic,452,91,-1,5,0.068774599999999991,0,1,25,0.033971000000000001
interleaved_dynamic,453,91,-1,5,0.06736339999999999,0,1,25,0.034130000000000001
interleaved_dynamic,454,91,-1,5,0.067384200000000005,0,1,25,0.034336999999999999
interleaved_dynamic,455,91,-1,5,0.068176,0,1,25,0.036343
interleaved_dynamic,456,91,-1,5,0.067136799999999996,0,1,25,0.034264000000000003
interleaved_dynamic,457,91,-1,5,0.068215800000000007,0,1,25,0.035915000000000002
interleaved_dynamic,458,91,-1,5,0.069266599999999998,0,1,25,0.035791000000000003
interleaved_dynamic,459,91,-1,5,0.070489400000000008,0,1,25,0.034562000000000002
interleaved_dynamic,460,91,-1,5,0.069444399999999989,0,1,25,0.036271999999999999
interleaved_dynamic,461,91,-1,5,0.071981799999999999,0,1,25,0.035984000000000002
interleaved_dynamic,462,91,-1,5,0.0706952,0,1,25,0.036237999999999999
interleaved_dynamic,463,91,-1,5,0.068032400000000007,0,1,25,0.034764000000000003
interleaved_dynamic,464,91,-1,5,0.0679974,0,1,25,0.035022999999999999
interleaved_dynamic,465,91,-1,5,0.067742800000000006,0,1,25,0.034494999999999998
interleaved_dynamic,466,91,-1,5,0.070477800000000007,0,1,25,0.035506999999999997
interleaved_dynamic,467,91,-1,5,0.071446200000000001,0,1,25,0.036674999999999999
interleaved_dynamic,468,91,-1,5,0.070495799999999997,0,1,25,0.034328999999999998
interleaved_dynamic,469,91,-1,5,0.067650200000000008,0,1,25,0.034832000000000002
interleaved_dynamic,470,91,-1,5,0.068760200000000007,0,1,25,0.034034000000000002
interleaved_dynamic,471,91,-1,5,0.067669999999999994,0,1,25,0.034904999999999999
interleaved_dynamic,472,91,-1,5,0.068304600000000007,0,1,25,0.034221000000000001
interleaved_dynamic,473,91,-1,5,0.0681364,0,1,25,0.037386999999999997
interleaved_dynamic,474,91,-1,5,0.068067799999999998,0,1,25,0.034470000000000001
interleaved_dynamic,475,91,-1,5,0.071362400000000006,0,1,25,0.034324
interleaved_dynamic,476,91,-1,5,0.070271600000000004,0,1,25,0.034535999999999997
interleaved_dynamic,477,91,-1,5,0.070090799999999995,0,1,25,0.037211000000000001
interleaved_dynamic,478,91,-1,5,0.069990999999999998,0,1,25,0.037045000000000002
interleaved_dynamic,479,91,-1,5,0.069461399999999993,0,1,25,0.034195999999999997
interleaved_dynamic,480,91,-1,5,0.067698599999999998,0,1,25,0.034875000000000003
interleaved_dynamic,481,91,-1,5,0.067913199999999993,0,1,25,0.033893
interleaved_dynamic,482,91,-1,5,0.06803519999999999,0,1,25,0.036209999999999999
interleaved_dynamic,483,91,-1,5,0.0679202,0,1,25,0.034331
interleaved_dynamic,484,91,-1,5,0.068667800000000001,0,1,25,0.035289000000000001
interleaved_dynamic,485,91,-1,5,0.074574200000000007,0,1,25,0.034387000000000001
interleaved_dynamic,486,91,-1,5,0.069631999999999999,0,1,25,0.036063999999999999
interleaved_dynamic,487,91,-1,5,0.068015199999999998,0,1,25,0.033989999999999999
interleaved_dynamic,488,91,-1,5,0.070515000000000008,0,1,25,0.034618000000000003
interleaved_dynamic,489,91,-1,5,0.068405400000000005,0,1,25,0.034319000000000002
interleaved_dynamic,490,91,-1,5,0.071726600000000001,0,1,25,0.038490999999999997
interleaved_dynamic,491,91,-1,5,0.0679926,0,1,25,0.035871
interleaved_dynamic,492,91,-1,5,0.070242600000000002,0,1,25,0.035472999999999998
interleaved_dynamic,493,91,-1,5,0.068415599999999993,0,1,25,0.036035999999999999
interleaved_dynamic,494,91,-1,5,0.070466200000000007,0,1,25,0.038300000000000001
interleaved_dynamic,495,91,-1,5,0.068789400000000001,0,1,25,0.034057999999999998
interleaved_dynamic,496,91,-1,5,0.067854800000000007,0,1,25,0.035069999999999997
interleaved_dynamic,497,91,-1,5,0.067864800000000003,0,1,25,0.034103000000000001
interleaved_dynamic,498,91,-1,5,0.068358200000000008,0,1,25,0.034705
interleaved_dynamic,499,91,-1,5,0.068501000000000006,0,1,25,0.034452000000000003
prediction_noise,0,85,-1,5,0.1537124,0,1,125,0.112403
prediction_noise,1,85,-1,5,0.14869300000000002,0,1,125,0.12064900000000001
prediction_noise,2,85,-1,5,0.1465254,0,1,125,0.11362
prediction_noise,3,85,-1,5,0.1445728,0,1,125,0.11496099999999999
prediction_noise,4,85,-1,5,0.15047779999999999,0,1,125,0.115839
prediction_noise,5,85,-1,5,0.1483756,0,1,125,0.113928
prediction_noise,6,85,-1,5,0.14733560000000001,0,1,125,0.111695
prediction_noise,7,85,50,5,0.35863060000000002,0,1,400,0.32541500000000001
prediction_noise,8,85,-1,5,0.1446838,0,1,125,0.112458
prediction_noise,9,85,-1,5,0.143321,0,1,125,0.112237
prediction_noise,10,85,-1,5,0.1472038,0,1,125,0.116754
prediction_noise,11,85,-1,5,0.14414460000000001,0,1,125,0.112204
prediction_noise,12,85,-1,5,0.14428540000000001,0,1,125,0.111817
prediction_noise,13,85,-1,5,0.1454984,0,1,125,0.111973
prediction_noise,14,85,-1,5,0.1434822,0,1,125,0.112141
prediction_noise,15,85,-1,5,0.14503820000000001,0,1,125,0.11237999999999999
prediction_noise,16,85,47,5,0.27985199999999999,0,1,275,0.24834800000000001
prediction_noise,17,85,-1,5,0.14910960000000001,0,1,125,0.112097
prediction_noise,18,85,-1,5,0.1479972,0,1,125,0.114826
prediction_noise,19,85,-1,5,0.18561080000000002,0,1,175,0.16697100000000001
prediction_noise,20,85,-1,5,0.40425539999999999,0,1,450,0.38619399999999998
prediction_noise,21,85,-1,5,0.14575959999999999,0,1,125,0.112548
prediction_noise,22,85,-1,5,0.1472048,0,1,125,0.12080200000000001
prediction_noise,23,85,-1,5,0.14471980000000001,0,1,125,0.112168
prediction_noise,24,85,-1,5,0.14686300000000002,0,1,125,0.110917
prediction_noise,25,85,38,5,0.57793919999999999,0,1,675,0.54505000000000003
prediction_noise,26,85,-1,5,0.14385880000000001,0,1,125,0.11294800000000001
prediction_noise,27,85,-1,5,0.1634186,0,1,150,0.133266
prediction_noise,28,85,46,5,0.12749740000000001,0,1,100,0.10293099999999999
prediction_noise,29,85,-1,5,0.14682020000000001,0,1,125,0.12164700000000001
prediction_noise,30,85,-1,5,0.148259,0,1,125,0.1123
prediction_noise,31,85,-1,5,0.1434696,0,1,125,0.112359
prediction_noise,32,85,-1,5,0.1448024,0,1,125,0.114208
prediction_noise,33,85,30,5,0.1330788,0,1,100,0.095536999999999997
prediction_noise,34,85,-1,5,0.14450840000000001,0,1,125,0.11118500000000001
prediction_noise,35,85,-1,5,0.14434359999999999,0,1,125,0.114232
prediction_noise,36,85,-1,5,0.1457262,0,1,125,0.11215600000000001
prediction_noise,37,85,-1,5,0.14568419999999999,0,1,125,0.121375
prediction_noise,38,85,-1,5,0.14462939999999999,0,1,125,0.11269
prediction_noise,39,85,-1,5,0.1447444,0,1,125,0.113729
prediction_noise,40,85,-1,5,0.14317580000000002,0,1,125,0.11298999999999999
prediction_noise,41,85,-1,5,0.14294979999999999,0,1,125,0.115275
prediction_noise,42,85,-1,5,0.14627300000000001,0,1,125,0.11271299999999999
prediction_noise,43,85,-1,5,0.1455716,0,1,125,0.121701
prediction_noise,44,85,-1,5,0.14524239999999999,0,1,125,0.11203200000000001
prediction_noise,45,85,-1,5,0.14471519999999999,0,1,125,0.11200599999999999
prediction_noise,46,85,-1,5,0.14444899999999999,0,1,125,0.11268
prediction_noise,47,85,-1,5,0.14444980000000002,0,1,125,0.11486
prediction_noise,48,85,-1,5,0.147448,0,1,125,0.115749
prediction_noise,49,85,-1,5,0.1494318,0,1,125,0.12801499999999999
prediction_noise,50,85,-1,5,0.14745440000000001,0,1,125,0.11594
prediction_noise,51,85,-1,5,0.14224039999999999,0,1,125,0.11088000000000001
prediction_noise,52,85,-1,5,0.14725939999999998,0,1,125,0.11805599999999999
prediction_noise,53,85,-1,5,0.15267520000000001,0,1,125,0.13003899999999999
prediction_noise,54,85,-1,5,0.14593300000000001,0,1,125,0.115539
prediction_noise,55,85,-1,5,0.14656920000000001,0,1,125,0.112455
prediction_noise,56,85,-1,5,0.1447126,0,1,125,0.11158899999999999
prediction_noise,57,85,-1,5,0.14608840000000001,0,1,125,0.11246100000000001
prediction_noise,58,85,-1,5,0.1490928,0,1,125,0.11626400000000001
prediction_noise,59,85,-1,5,0.14806760000000002,0,1,125,0.118247
prediction_noise,60,85,-1,5,0.1477734,0,1,125,0.111331
prediction_noise,61,85,-1,5,0.14576420000000001,0,1,125,0.111641
prediction_noise,62,85,-1,5,0.14549139999999999,0,1,125,0.112459
prediction_noise,63,85,-1,5,0.14674199999999998,0,1,125,0.118663
prediction_noise,64,85,-1,5,0.1443788,0,1,125,0.11392099999999999
prediction_noise,65,85,-1,5,0.14379020000000001,0,1,125,0.117399
prediction_noise,66,85,-1,5,0.14624019999999999,0,1,125,0.111899
prediction_noise,67,85,-1,5,0.14400399999999999,0,1,125,0.113742
prediction_noise,68,85,-1,5,0.14310020000000001,0,1,125,0.11121
prediction_noise,69,85,-1,5,0.14364979999999999,0,1,125,0.11224099999999999
prediction_noise,70,85,-1,5,0.14468880000000001,0,1,125,0.113806
prediction_noise,71,85,-1,5,0.16583719999999999,0,1,150,0.13092100000000001
prediction_noise,72,85,50,5,0.1286814,0,1,100,0.094145000000000006
prediction_noise,73,85,-1,5,0.14842740000000001,0,1,125,0.118149
prediction_noise,74,85,-1,5,0.1449078,0,1,125,0.11569500000000001
prediction_noise,75,85,-1,5,0.14443520000000001,0,1,125,0.11283700000000001
prediction_noise,76,85,-1,5,0.1476606,0,1,125,0.123001
prediction_noise,77,85,-1,5,0.1449454,0,1,125,0.114799
prediction_noise,78,85,-1,5,0.14894780000000002,0,1,125,0.112345
prediction_noise,79,85,-1,5,0.14919739999999998,0,1,125,0.118618
prediction_noise,80,85,-1,5,0.142427,0,1,125,0.111931
prediction_noise,81,85,-1,5,0.14407600000000001,0,1,125,0.112362
prediction_noise,82,85,-1,5,0.1475014,0,1,125,0.11319
prediction_noise,83,85,-1,5,0.1451038,0,1,125,0.114841
prediction_noise,84,85,-1,5,0.14701,0,1,125,0.11196299999999999
prediction_noise,85,85,-1,5,0.14404459999999999,0,1,125,0.112427
prediction_noise,86,85,-1,5,0.1433886,0,1,125,0.112829
prediction_noise,87,85,-1,5,0.14963580000000001,0,1,125,0.112881
prediction_noise,88,85,-1,5,0.14917439999999998,0,1,125,0.12907199999999999
prediction_noise,89,85,-1,5,0.14616319999999999,0,1,125,0.118575
prediction_noise,90,85,-1,5,0.14968480000000001,0,1,125,0.117241
prediction_noise,91,85,-1,5,0.14565120000000001,0,1,125,0.11530899999999999
prediction_noise,92,85,46,5,0.82212999999999992,0,1,1000,0.79396900000000004
prediction_noise,93,85,-1,5,0.1496884,0,1,125,0.11173
prediction_noise,94,85,-1,5,0.14863019999999999,0,1,125,0.119301
prediction_noise,95,85,-1,5,0.22505799999999998,0,1,225,0.18957099999999999
prediction_noise,96,85,-1,5,0.1487358,0,1,125,0.117644
prediction_noise,97,85,-1,5,0.14774680000000001,0,1,125,0.121142
prediction_noise,98,85,-1,5,0.146451,0,1,125,0.112166
prediction_noise,99,85,48,5,0.72768659999999996,0,1,850,0.69943999999999995
prediction_noise,100,85,-1,5,0.32705119999999999,0,1,350,0.29174099999999997
prediction_noise,101,85,-1,5,0.14881899999999998,0,1,125,0.113013
prediction_noise,102,85,-1,5,0.14739180000000002,0,1,125,0.11214200000000001
prediction_noise,103,85,-1,5,0.14348920000000001,0,1,125,0.111955
prediction_noise,104,85,-1,5,0.1440642,0,1,125,0.116914
prediction_noise,105,85,-1,5,0.14943699999999999,0,1,125,0.119114
prediction_noise,106,85,60,5,0.15422419999999998,0,1,125,0.12840099999999999
prediction_noise,107,85,-1,5,0.15247440000000001,0,1,125,0.11874800000000001
prediction_noise,108,85,-1,5,0.14365220000000001,0,1,125,0.112154
prediction_noise,109,85,-1,5,0.1452522,0,1,125,0.116379
prediction_noise,110,85,-1,5,0.14765120000000001,0,1,125,0.111433
prediction_noise,111,85,40,5,0.13357179999999999,0,1,100,0.101343
prediction_noise,112,85,-1,5,0.15206999999999998,0,1,125,0.118686
prediction_noise,113,85,46,5,0.13148779999999999,0,1,100,0.099126000000000006
prediction_noise,114,85,-1,5,0.19018960000000001,0,1,175,0.156725
prediction_noise,115,85,-1,5,0.14901239999999999,0,1,125,0.11983199999999999
prediction_noise,116,85,-1,5,0.1508844,0,1,125,0.118563
prediction_noise,117,85,-1,5,0.15279720000000002,0,1,125,0.119213
prediction_noise,118,85,-1,5,0.15502260000000001,0,1,125,0.130602
prediction_noise,119,85,-1,5,0.14981420000000001,0,1,125,0.118251
prediction_noise,120,85,-1,5,0.15325640000000001,0,1,125,0.11838600000000001
prediction_noise,121,85,-1,5,0.15744759999999999,0,1,125,0.13991200000000001
prediction_noise,122,85,-1,5,0.1499472,0,1,125,0.114094
prediction_noise,123,85,-1,5,0.14632119999999998,0,1,125,0.11584700000000001
prediction_noise,124,85,-1,5,0.15049459999999998,0,1,125,0.120695
prediction_noise,125,85,-1,5,0.15015620000000002,0,1,125,0.118731
prediction_noise,126,85,-1,5,0.1468652,0,1,125,0.11229600000000001
prediction_noise,127,85,-1,5,0.1462174,0,1,125,0.11157300000000001
prediction_noise,128,85,-1,5,0.1436298,0,1,125,0.112653
prediction_noise,129,85,-1,5,0.14877679999999999,0,1,125,0.122018
prediction_noise,130,85,-1,5,0.15249799999999999,0,1,125,0.12898100000000001
prediction_noise,131,85,-1,5,0.15214240000000001,0,1,125,0.121795
prediction_noise,132,85,-1,5,0.15031140000000001,0,1,125,0.117232
prediction_noise,133,85,-1,5,0.15118899999999999,0,1,125,0.120573
prediction_noise,134,85,-1,5,0.1497858,0,1,125,0.118519
prediction_noise,135,85,-1,5,0.15232200000000001,0,1,125,0.117979
prediction_noise,136,85,-1,5,0.15256900000000001,0,1,125,0.122599
prediction_noise,137,85,-1,5,0.147478,0,1,125,0.11457100000000001
prediction_noise,138,85,-1,5,0.14729419999999999,0,1,125,0.11519699999999999
prediction_noise,139,85,-1,5,0.1501662,0,1,125,0.11866400000000001
prediction_noise,140,85,-1,5,0.15072920000000001,0,1,125,0.11845600000000001
prediction_noise,141,85,-1,5,0.1471326,0,1,125,0.11112900000000001
prediction_noise,142,85,-1,5,0.15292800000000001,0,1,125,0.127604
prediction_noise,143,85,-1,5,0.14402900000000002,0,1,125,0.11436
prediction_noise,144,85,-1,5,0.30558859999999999,0,1,325,0.27373399999999998
prediction_noise,145,85,-1,5,0.22689879999999998,0,1,225,0.20227899999999999
prediction_noise,146,85,-1,5,0.15061059999999998,0,1,125,0.11652999999999999
prediction_noise,147,85,-1,5,0.14773920000000001,0,1,125,0.112218
prediction_noise,148,85,-1,5,0.15309339999999999,0,1,125,0.11938
prediction_noise,149,85,-1,5,0.14692140000000001,0,1,125,0.116281
prediction_noise,150,85,-1,5,0.14716360000000001,0,1,125,0.118853
prediction_noise,151,85,-1,5,0.14654059999999999,0,1,125,0.115091
prediction_noise,152,85,-1,5,0.14795920000000001,0,1,125,0.115187
prediction_noise,153,85,-1,5,0.1495128,0,1,125,0.11815299999999999
prediction_noise,154,85,-1,5,0.147066,0,1,125,0.114037
prediction_noise,155,85,-1,5,0.1461576,0,1,125,0.118418
prediction_noise,156,85,-1,5,0.146458,0,1,125,0.118176
prediction_noise,157,85,-1,5,0.1490978,0,1,125,0.112653
prediction_noise,158,85,-1,5,0.1484596,0,1,125,0.115136
prediction_noise,159,85,-1,5,0.33460860000000003,0,1,350,0.30358600000000002
prediction_noise,160,85,-1,5,0.1486748,0,1,125,0.115373
prediction_noise,161,85,-1,5,0.14679639999999999,0,1,125,0.11219
prediction_noise,162,85,-1,5,0.14560580000000001,0,1,125,0.112063
prediction_noise,163,85,-1,5,0.14655400000000002,0,1,125,0.123155
prediction_noise,164,85,-1,5,0.14476519999999998,0,1,125,0.11414000000000001
prediction_noise,165,85,-1,5,0.14603859999999999,0,1,125,0.111526
prediction_noise,166,85,-1,5,0.1448652,0,1,125,0.114967
prediction_noise,167,85,-1,5,0.14249119999999998,0,1,125,0.11208799999999999
prediction_noise,168,85,52,5,0.1446298,0,1,125,0.114077
prediction_noise,169,85,-1,5,0.14399619999999999,0,1,125,0.113743
prediction_noise,170,85,-1,5,0.14386260000000001,0,1,125,0.112738
prediction_noise,171,85,-1,5,0.1430902,0,1,125,0.111777
prediction_noise,172,85,-1,5,0.143482,0,1,125,0.111918
prediction_noise,173,85,-1,5,0.144955,0,1,125,0.11218599999999999
prediction_noise,174,85,-1,5,0.14330300000000001,0,1,125,0.111792
prediction_noise,175,85,-1,5,0.14326920000000001,0,1,125,0.113425
prediction_noise,176,85,-1,5,0.14253080000000001,0,1,125,0.113124
prediction_noise,177,85,-1,5,0.143203,0,1,125,0.111764
prediction_noise,178,85,-1,5,0.14378940000000001,0,1,125,0.112137
prediction_noise,179,85,-1,5,0.1459326,0,1,125,0.112525
prediction_noise,180,85,-1,5,0.14316699999999999,0,1,125,0.112195
prediction_noise,181,85,-1,5,0.145036,0,1,125,0.121041
prediction_noise,182,85,-1,5,0.14385520000000002,0,1,125,0.118908
prediction_noise,183,85,-1,5,0.14663379999999998,0,1,125,0.112138
prediction_noise,184,85,-1,5,0.145344,0,1,125,0.113774
prediction_noise,185,85,-1,5,0.1431858,0,1,125,0.112806
prediction_noise,186,85,-1,5,0.1451906,0,1,125,0.11129600000000001
prediction_noise,187,85,-1,5,0.14507699999999998,0,1,125,0.121237
prediction_noise,188,85,-1,5,0.14309480000000002,0,1,125,0.112362
prediction_noise,189,85,-1,5,0.1430718,0,1,125,0.112026
prediction_noise,190,85,-1,5,0.14797739999999998,0,1,125,0.121088
prediction_noise,191,85,-1,5,0.14340740000000002,0,1,125,0.111725
prediction_noise,192,85,-1,5,0.14334940000000002,0,1,125,0.111986
prediction_noise,193,85,-1,5,0.14260780000000001,0,1,125,0.112887
prediction_noise,194,85,-1,5,0.14300759999999998,0,1,125,0.111641
prediction_noise,195,85,-1,5,0.1428188,0,1,125,0.11334900000000001
prediction_noise,196,85,-1,5,0.1437686,0,1,125,0.11547
prediction_noise,197,85,-1,5,0.1426904,0,1,125,0.11144999999999999
prediction_noise,198,85,-1,5,0.1457328,0,1,125,0.11247600000000001
prediction_noise,199,85,-1,5,0.14272000000000001,0,1,125,0.111827
prediction_noise,200,85,-1,5,0.14184380000000002,0,1,125,0.111529
prediction_noise,201,85,-1,5,0.149677,0,1,125,0.120894
prediction_noise,202,85,-1,5,0.1479434,0,1,125,0.117356
prediction_noise,203,85,-1,5,0.14744699999999999,0,1,125,0.11243300000000001
prediction_noise,204,85,-1,5,0.14325559999999998,0,1,125,0.11233
prediction_noise,205,85,-1,5,0.14448339999999998,0,1,125,0.121282
prediction_noise,206,85,-1,5,0.14273059999999999,0,1,125,0.111633
prediction_noise,207,85,-1,5,0.14652119999999999,0,1,125,0.11451799999999999
prediction_noise,208,85,-1,5,0.14333780000000002,0,1,125,0.11189
prediction_noise,209,85,-1,5,0.14332739999999999,0,1,125,0.112154
prediction_noise,210,85,-1,5,0.14410580000000001,0,1,125,0.11211599999999999
prediction_noise,211,85,-1,5,0.1462194,0,1,125,0.113943
prediction_noise,212,85,-1,5,0.14344399999999999,0,1,125,0.112162
prediction_noise,213,85,-1,5,0.14265080000000002,0,1,125,0.112639
prediction_noise,214,85,-1,5,0.14496539999999999,0,1,125,0.123595
prediction_noise,215,85,-1,5,0.1451498,0,1,125,0.112694
prediction_noise,216,85,-1,5,0.14369419999999999,0,1,125,0.11206000000000001
prediction_noise,217,85,-1,5,0.14293700000000001,0,1,125,0.111952
prediction_noise,218,85,53,5,0.1247886,0,1,100,0.093990000000000004
prediction_noise,219,85,-1,5,0.14703159999999998,0,1,125,0.11243499999999999
prediction_noise,220,85,-1,5,0.1453662,0,1,125,0.116884
prediction_noise,221,85,-1,5,0.1436492,0,1,125,0.114449
prediction_noise,222,85,-1,5,0.14630879999999999,0,1,125,0.118533
prediction_noise,223,85,39,5,0.34115980000000001,0,1,375,0.30997400000000003
prediction_noise,224,85,-1,5,0.14424799999999999,0,1,125,0.115162
prediction_noise,225,85,-1,5,0.14413499999999999,0,1,125,0.111828
prediction_noise,226,85,-1,5,0.1440208,0,1,125,0.11199199999999999
prediction_noise,227,85,-1,5,0.14502139999999999,0,1,125,0.111871
prediction_noise,228,85,-1,5,0.14654220000000001,0,1,125,0.112646
prediction_noise,229,85,39,5,0.1292616,0,1,100,0.10688
prediction_noise,230,85,-1,5,0.14536379999999999,0,1,125,0.11404
prediction_noise,231,85,-1,5,0.1447862,0,1,125,0.111998
prediction_noise,232,85,-1,5,0.14552219999999999,0,1,125,0.121521
prediction_noise,233,85,-1,5,0.14383119999999999,0,1,125,0.112342
prediction_noise,234,85,-1,5,0.1439986,0,1,125,0.112847
prediction_noise,235,85,-1,5,0.14471059999999999,0,1,125,0.12094000000000001
prediction_noise,236,85,-1,5,0.143037,0,1,125,0.112994
prediction_noise,237,85,-1,5,0.143706,0,1,125,0.113942
prediction_noise,238,85,-1,5,0.1489666,0,1,125,0.12130199999999999
prediction_noise,239,85,-1,5,0.14520820000000001,0,1,125,0.111958
prediction_noise,240,85,-1,5,0.14331279999999999,0,1,125,0.112161
prediction_noise,241,85,-1,5,0.1437368,0,1,125,0.11426600000000001
prediction_noise,242,85,-1,5,0.1428324,0,1,125,0.11325300000000001
prediction_noise,243,85,-1,5,0.1444146,0,1,125,0.11336
prediction_noise,244,85,-1,5,0.14384760000000002,0,1,125,0.114041
prediction_noise,245,85,-1,5,0.14327000000000001,0,1,125,0.11208
prediction_noise,246,85,-1,5,0.1432966,0,1,125,0.11221100000000001
prediction_noise,247,85,-1,5,0.14371400000000001,0,1,125,0.112785
prediction_noise,248,85,-1,5,0.14281459999999999,0,1,125,0.111946
prediction_noise,249,85,-1,5,0.14318539999999999,0,1,125,0.113353
prediction_noise,250,85,-1,5,0.14470479999999999,0,1,125,0.121091
prediction_noise,251,85,-1,5,0.14378299999999999,0,1,125,0.112132
prediction_noise,252,85,-1,5,0.14512799999999998,0,1,125,0.111762
prediction_noise,253,85,-1,5,0.14534079999999999,0,1,125,0.121447
prediction_noise,254,85,-1,5,0.14560100000000001,0,1,125,0.11235000000000001
prediction_noise,255,85,-1,5,0.1438284,0,1,125,0.11226899999999999
prediction_noise,256,85,-1,5,0.1453112,0,1,125,0.121097
prediction_noise,257,85,-1,5,0.14301259999999999,0,1,125,0.11315
prediction_noise,258,85,-1,5,0.144957,0,1,125,0.112807
prediction_noise,259,85,-1,5,0.14350099999999999,0,1,125,0.112293
prediction_noise,260,85,-1,5,0.14267579999999999,0,1,125,0.112154
prediction_noise,261,85,-1,5,0.14296700000000001,0,1,125,0.111679
prediction_noise,262,85,-1,5,0.1449802,0,1,125,0.122679
prediction_noise,263,85,-1,5,0.14285140000000002,0,1,125,0.11222
prediction_noise,264,85,-1,5,0.1451672,0,1,125,0.112681
prediction_noise,265,85,-1,5,0.14367360000000001,0,1,125,0.112202
prediction_noise,266,85,-1,5,0.14294119999999999,0,1,125,0.112276
prediction_noise,267,85,-1,5,0.1440052,0,1,125,0.11225499999999999
prediction_noise,268,85,-1,5,0.14351439999999999,0,1,125,0.11276600000000001
prediction_noise,269,85,-1,5,0.14472780000000002,0,1,125,0.112024
prediction_noise,270,85,-1,5,0.14420820000000001,0,1,125,0.112428
prediction_noise,271,85,-1,5,0.1468884,0,1,125,0.121346
prediction_noise,272,85,-1,5,0.1537972,0,1,125,0.11527999999999999
prediction_noise,273,85,-1,5,0.16609499999999999,0,1,150,0.138602
prediction_noise,274,85,-1,5,0.14735239999999999,0,1,125,0.121279
prediction_noise,275,85,-1,5,0.1434406,0,1,125,0.112187
prediction_noise,276,85,-1,5,0.14668,0,1,125,0.111529
prediction_noise,277,85,63,5,0.16237799999999999,0,1,150,0.13161700000000001
prediction_noise,278,85,-1,5,0.14324580000000001,0,1,125,0.112611
prediction_noise,279,85,-1,5,0.14412220000000001,0,1,125,0.113437
prediction_noise,280,85,-1,5,0.14434079999999999,0,1,125,0.11447599999999999
prediction_noise,281,85,-1,5,0.14438219999999999,0,1,125,0.114982
prediction_noise,282,85,38,5,0.1083954,0,1,75,0.075360999999999997
prediction_noise,283,85,-1,5,0.14429059999999999,0,1,125,0.112897
prediction_noise,284,85,-1,5,0.145621,0,1,125,0.112304
prediction_noise,285,85,-1,5,0.14521619999999999,0,1,125,0.11221399999999999
prediction_noise,286,85,-1,5,0.14501720000000001,0,1,125,0.113799
prediction_noise,287,85,-1,5,0.1468594,0,1,125,0.113973
prediction_noise,288,85,-1,5,0.144956,0,1,125,0.11149100000000001
prediction_noise,289,85,-1,5,0.14349680000000001,0,1,125,0.11423800000000001
prediction_noise,290,85,-1,5,0.14351560000000002,0,1,125,0.11264399999999999
prediction_noise,291,85,48,5,0.1875338,0,1,175,0.15609300000000001
prediction_noise,292,85,-1,5,0.1453962,0,1,125,0.11362999999999999
prediction_noise,293,85,-1,5,0.1520398,0,1,125,0.112566
prediction_noise,294,85,-1,5,0.14415020000000001,0,1,125,0.113191
prediction_noise,295,85,-1,5,0.14555419999999999,0,1,125,0.113084
prediction_noise,296,85,-1,5,0.16453219999999999,0,1,150,0.13347200000000001
prediction_noise,297,85,-1,5,0.147094,0,1,125,0.112967
prediction_noise,298,85,58,5,0.14428959999999999,0,1,125,0.113162
prediction_noise,299,85,-1,5,0.1435932,0,1,125,0.11450200000000001
prediction_noise,300,85,-1,5,0.14970440000000002,0,1,125,0.11979099999999999
prediction_noise,301,85,-1,5,0.15157680000000001,0,1,125,0.12044000000000001
prediction_noise,302,85,-1,5,0.1519586,0,1,125,0.11908000000000001
prediction_noise,303,85,-1,5,0.15131040000000001,0,1,125,0.11826299999999999
prediction_noise,304,85,57,5,0.58307719999999996,0,1,675,0.55816600000000005
prediction_noise,305,85,-1,5,0.14654739999999999,0,1,125,0.111969
prediction_noise,306,85,-1,5,0.14356260000000001,0,1,125,0.11222600000000001
prediction_noise,307,85,-1,5,0.14281539999999998,0,1,125,0.111623
prediction_noise,308,85,-1,5,0.144485,0,1,125,0.112219
prediction_noise,309,85,31,5,0.12625800000000001,0,1,100,0.096278000000000002
prediction_noise,310,85,-1,5,0.14244220000000002,0,1,125,0.111651
prediction_noise,311,85,-1,5,0.1444336,0,1,125,0.111763
prediction_noise,312,85,-1,5,0.1443304,0,1,125,0.114345
prediction_noise,313,85,-1,5,0.14399339999999999,0,1,125,0.112695
prediction_noise,314,85,-1,5,0.14340539999999999,0,1,125,0.111912
prediction_noise,315,85,39,5,0.1259538,0,1,100,0.094772999999999996
prediction_noise,316,85,-1,5,0.14509939999999999,0,1,125,0.121183
prediction_noise,317,85,-1,5,0.1442174,0,1,125,0.11175
prediction_noise,318,85,-1,5,0.14372000000000001,0,1,125,0.111543
prediction_noise,319,85,-1,5,0.146727,0,1,125,0.12299400000000001
prediction_noise,320,85,-1,5,0.14311259999999998,0,1,125,0.112078
prediction_noise,321,85,-1,5,0.14293119999999998,0,1,125,0.11244899999999999
prediction_noise,322,85,-1,5,0.14500479999999999,0,1,125,0.111711
prediction_noise,323,85,-1,5,0.1430448,0,1,125,0.11158899999999999
prediction_noise,324,85,-1,5,0.1430612,0,1,125,0.112277
prediction_noise,325,85,-1,5,0.14337159999999999,0,1,125,0.11452
prediction_noise,326,85,-1,5,0.1436588,0,1,125,0.111785
prediction_noise,327,85,-1,5,0.144703,0,1,125,0.112121
prediction_noise,328,85,-1,5,0.1453932,0,1,125,0.11175300000000001
prediction_noise,329,85,-1,5,0.1432852,0,1,125,0.111636
prediction_noise,330,85,-1,5,0.14291300000000001,0,1,125,0.11072700000000001
prediction_noise,331,85,-1,5,0.1464558,0,1,125,0.120725
prediction_noise,332,85,-1,5,0.1445776,0,1,125,0.11347
prediction_noise,333,85,-1,5,0.14305479999999998,0,1,125,0.112028
prediction_noise,334,85,-1,5,0.14759320000000001,0,1,125,0.120391
prediction_noise,335,85,-1,5,0.14538040000000002,0,1,125,0.111202
prediction_noise,336,85,-1,5,0.2836786,0,1,300,0.24632200000000001
prediction_noise,337,85,-1,5,0.14315220000000001,0,1,125,0.11413
prediction_noise,338,85,-1,5,0.1443854,0,1,125,0.11165700000000001
prediction_noise,339,85,-1,5,0.1446664,0,1,125,0.112203
prediction_noise,340,85,-1,5,0.14524999999999999,0,1,125,0.112479
prediction_noise,341,85,-1,5,0.14349919999999999,0,1,125,0.111973
prediction_noise,342,85,-1,5,0.45819700000000002,0,1,525,0.42412300000000003
prediction_noise,343,85,-1,5,0.1448412,0,1,125,0.121424
prediction_noise,344,85,-1,5,0.1436066,0,1,125,0.111847
prediction_noise,345,85,-1,5,0.14426939999999999,0,1,125,0.111902
prediction_noise,346,85,-1,5,0.14466220000000002,0,1,125,0.12123100000000001
prediction_noise,347,85,-1,5,0.14222859999999998,0,1,125,0.112849
prediction_noise,348,85,-1,5,0.1443102,0,1,125,0.11203100000000001
prediction_noise,349,85,-1,5,0.14508760000000001,0,1,125,0.113785
prediction_noise,350,85,-1,5,0.14306479999999999,0,1,125,0.11206000000000001
prediction_noise,351,85,-1,5,0.1427986,0,1,125,0.11207499999999999
prediction_noise,352,85,-1,5,0.144957,0,1,125,0.11357
prediction_noise,353,85,-1,5,0.1421222,0,1,125,0.112888
prediction_noise,354,85,-1,5,0.1428258,0,1,125,0.11158700000000001
prediction_noise,355,85,-1,5,0.14311199999999999,0,1,125,0.111511
prediction_noise,356,85,38,5,0.1097572,0,1,75,0.078941999999999998
prediction_noise,357,85,-1,5,0.14453460000000001,0,1,125,0.115412
prediction_noise,358,85,-1,5,0.1450168,0,1,125,0.112192
prediction_noise,359,85,-1,5,0.14248540000000001,0,1,125,0.111654
prediction_noise,360,85,-1,5,0.14393499999999998,0,1,125,0.112107
prediction_noise,361,85,-1,5,0.14328000000000002,0,1,125,0.11301899999999999
prediction_noise,362,85,-1,5,0.1464712,0,1,125,0.12131
prediction_noise,363,85,-1,5,0.1433468,0,1,125,0.111329
prediction_noise,364,85,-1,5,0.14277860000000001,0,1,125,0.11199000000000001
prediction_noise,365,85,-1,5,0.14315519999999998,0,1,125,0.11254599999999999
prediction_noise,366,85,-1,5,0.14564260000000001,0,1,125,0.11482000000000001
prediction_noise,367,85,-1,5,0.1832896,0,1,175,0.15390699999999999
prediction_noise,368,85,-1,5,0.14439280000000002,0,1,125,0.11118699999999999
prediction_noise,369,85,-1,5,0.145569,0,1,125,0.11217199999999999
prediction_noise,370,85,-1,5,0.150062,0,1,125,0.11164499999999999
prediction_noise,371,85,-1,5,0.14319379999999998,0,1,125,0.11348999999999999
prediction_noise,372,85,-1,5,0.14258900000000002,0,1,125,0.11296
prediction_noise,373,85,-1,5,0.1432126,0,1,125,0.112235
prediction_noise,374,85,-1,5,0.14291039999999999,0,1,125,0.112049
prediction_noise,375,85,-1,5,0.14255180000000001,0,1,125,0.111911
prediction_noise,376,85,-1,5,0.14247000000000001,0,1,125,0.111844
prediction_noise,377,85,-1,5,0.142567,0,1,125,0.112015
prediction_noise,378,85,-1,5,0.14188680000000001,0,1,125,0.111194
prediction_noise,379,85,-1,5,0.142734,0,1,125,0.11373999999999999
prediction_noise,380,85,-1,5,0.1427136,0,1,125,0.112272
prediction_noise,381,85,-1,5,0.148259,0,1,125,0.11150500000000001
prediction_noise,382,85,-1,5,0.34763660000000002,0,1,375,0.32029400000000002
prediction_noise,383,85,-1,5,0.14289840000000001,0,1,125,0.111891
prediction_noise,384,85,-1,5,0.14280080000000001,0,1,125,0.111637
prediction_noise,385,85,-1,5,0.2394732,0,1,250,0.208482
prediction_noise,386,85,-1,5,0.1429404,0,1,125,0.11193
prediction_noise,387,85,-1,5,0.14392779999999999,0,1,125,0.11744
prediction_noise,388,85,-1,5,0.14438880000000001,0,1,125,0.111648
prediction_noise,389,85,-1,5,0.14363860000000001,0,1,125,0.112126
prediction_noise,390,85,-1,5,0.18414659999999999,0,1,175,0.159418
prediction_noise,391,85,-1,5,0.1428458,0,1,125,0.112015
prediction_noise,392,85,49,5,0.69726359999999998,0,1,825,0.65694600000000003
prediction_noise,393,85,-1,5,0.14321140000000002,0,1,125,0.11197
prediction_noise,394,85,-1,5,0.14254700000000001,0,1,125,0.11225599999999999
prediction_noise,395,85,-1,5,0.14552179999999998,0,1,125,0.11240600000000001
prediction_noise,396,85,-1,5,0.14261740000000001,0,1,125,0.11235000000000001
prediction_noise,397,85,-1,5,0.14448319999999998,0,1,125,0.115497
prediction_noise,398,85,-1,5,0.1426354,0,1,125,0.11274199999999999
prediction_noise,399,85,-1,5,0.24046059999999997,0,1,250,0.208124
prediction_noise,400,85,-1,5,0.14483839999999998,0,1,125,0.11283700000000001
prediction_noise,401,85,-1,5,0.1444656,0,1,125,0.11196
prediction_noise,402,85,-1,5,0.14436659999999998,0,1,125,0.11237800000000001
prediction_noise,403,85,-1,5,0.1443662,0,1,125,0.112637
prediction_noise,404,85,-1,5,0.14223140000000001,0,1,125,0.111779
prediction_noise,405,85,-1,5,0.143016,0,1,125,0.114645
prediction_noise,406,85,-1,5,0.14229039999999998,0,1,125,0.114041
prediction_noise,407,85,-1,5,0.14352300000000001,0,1,125,0.11186599999999999
prediction_noise,408,85,-1,5,0.14743059999999999,0,1,125,0.110663
prediction_noise,409,85,-1,5,0.14450959999999999,0,1,125,0.116697
prediction_noise,410,85,-1,5,0.1429868,0,1,125,0.112835
prediction_noise,411,85,-1,5,0.14344280000000001,0,1,125,0.110841
prediction_noise,412,85,-1,5,0.1423104,0,1,125,0.113135
prediction_noise,413,85,-1,5,0.14363779999999998,0,1,125,0.117921
prediction_noise,414,85,-1,5,0.14270659999999999,0,1,125,0.111816
prediction_noise,415,85,-1,5,0.14391320000000002,0,1,125,0.111869
prediction_noise,416,85,-1,5,0.1425264,0,1,125,0.110925
prediction_noise,417,85,-1,5,0.1428316,0,1,125,0.111709
prediction_noise,418,85,-1,5,0.14375579999999999,0,1,125,0.11211699999999999
prediction_noise,419,85,-1,5,0.1430844,0,1,125,0.113279
prediction_noise,420,85,49,5,0.12465960000000001,0,1,100,0.095167000000000002
prediction_noise,421,85,-1,5,0.1455186,0,1,125,0.11127099999999999
prediction_noise,422,85,-1,5,0.14400099999999999,0,1,125,0.112317
prediction_noise,423,85,-1,5,0.35639340000000003,0,1,400,0.32957999999999998
prediction_noise,424,85,-1,5,0.14346799999999998,0,1,125,0.113043
prediction_noise,425,85,-1,5,0.14308399999999999,0,1,125,0.11257
prediction_noise,426,85,-1,5,0.14443619999999999,0,1,125,0.11189200000000001
prediction_noise,427,85,50,5,0.1247036,0,1,100,0.094225000000000003
prediction_noise,428,85,-1,5,0.14311400000000002,0,1,125,0.112445
prediction_noise,429,85,-1,5,0.14390559999999999,0,1,125,0.11347599999999999
prediction_noise,430,85,-1,5,0.14311400000000002,0,1,125,0.111901
prediction_noise,431,85,-1,5,0.1481992,0,1,125,0.115021
prediction_noise,432,85,-1,5,0.32126139999999997,0,1,350,0.28611300000000001
prediction_noise,433,85,47,5,0.12497180000000001,0,1,100,0.093207999999999999
prediction_noise,434,85,-1,5,0.1434376,0,1,125,0.114021
prediction_noise,435,85,-1,5,0.1427438,0,1,125,0.111868
prediction_noise,436,85,-1,5,0.1440476,0,1,125,0.112099
prediction_noise,437,85,-1,5,0.1437544,0,1,125,0.114481
prediction_noise,438,85,-1,5,0.14334520000000001,0,1,125,0.112014
prediction_noise,439,85,-1,5,0.1426104,0,1,125,0.11154500000000001
prediction_noise,440,85,-1,5,0.14262420000000001,0,1,125,0.111857
prediction_noise,441,85,-1,5,0.14334140000000001,0,1,125,0.113958
prediction_noise,442,85,-1,5,0.14388860000000001,0,1,125,0.11554
prediction_noise,443,85,-1,5,0.14402719999999999,0,1,125,0.112252
prediction_noise,444,85,-1,5,0.1490302,0,1,125,0.11210100000000001
prediction_noise,445,85,-1,5,0.1461934,0,1,125,0.121637
prediction_noise,446,85,-1,5,0.14484859999999999,0,1,125,0.115465
prediction_noise,447,85,-1,5,0.14414560000000001,0,1,125,0.114589
prediction_noise,448,85,-1,5,0.1437234,0,1,125,0.11254599999999999
prediction_noise,449,85,-1,5,0.14303440000000001,0,1,125,0.11204
prediction_noise,450,85,-1,5,0.16303000000000001,0,1,150,0.13172200000000001
prediction_noise,451,85,-1,5,0.14327119999999999,0,1,125,0.112125
prediction_noise,452,85,-1,5,0.14459740000000001,0,1,125,0.111956
prediction_noise,453,85,-1,5,0.14342820000000001,0,1,125,0.114138
prediction_noise,454,85,-1,5,0.14619880000000002,0,1,125,0.11565
prediction_noise,455,85,-1,5,0.14316279999999998,0,1,125,0.11493100000000001
prediction_noise,456,85,-1,5,0.14318219999999998,0,1,125,0.112676
prediction_noise,457,85,-1,5,0.1432464,0,1,125,0.11229500000000001
prediction_noise,458,85,-1,5,0.14516599999999999,0,1,125,0.11175300000000001
prediction_noise,459,85,-1,5,0.14293,0,1,125,0.112645
prediction_noise,460,85,-1,5,0.14677500000000002,0,1,125,0.121268
prediction_noise,461,85,-1,5,0.14528840000000001,0,1,125,0.112651
prediction_noise,462,85,-1,5,0.14326939999999999,0,1,125,0.112473
prediction_noise,463,85,-1,5,0.1431944,0,1,125,0.11186
prediction_noise,464,85,-1,5,0.14421440000000002,0,1,125,0.111568
prediction_noise,465,85,-1,5,0.14619500000000002,0,1,125,0.11222600000000001
prediction_noise,466,85,55,5,0.12418080000000001,0,1,100,0.094437999999999994
prediction_noise,467,85,-1,5,0.1430604,0,1,125,0.113811
prediction_noise,468,85,-1,5,0.142708,0,1,125,0.111939
prediction_noise,469,85,-1,5,0.14408840000000001,0,1,125,0.113305
prediction_noise,470,85,-1,5,0.14476620000000001,0,1,125,0.11180900000000001
prediction_noise,471,85,-1,5,0.14734160000000002,0,1,125,0.11142199999999999
prediction_noise,472,85,-1,5,0.14293320000000001,0,1,125,0.112154
prediction_noise,473,85,-1,5,0.3929474,0,1,425,0.34540700000000002
prediction_noise,474,85,-1,5,0.1447966,0,1,125,0.115482
prediction_noise,475,85,-1,5,0.14570420000000001,0,1,125,0.112318
prediction_noise,476,85,-1,5,0.14375679999999999,0,1,125,0.11396000000000001
prediction_noise,477,85,-1,5,0.14387659999999999,0,1,125,0.112238
prediction_noise,478,85,47,5,0.48095640000000001,0,1,550,0.43838500000000002
prediction_noise,479,85,-1,5,0.14303959999999999,0,1,125,0.112315
prediction_noise,480,85,-1,5,0.1444616,0,1,125,0.111739
prediction_noise,481,85,-1,5,0.14313020000000001,0,1,125,0.112096
prediction_noise,482,85,-1,5,0.14339499999999999,0,1,125,0.113535
prediction_noise,483,85,-1,5,0.14376260000000002,0,1,125,0.112358
prediction_noise,484,85,-1,5,0.1508988,0,1,125,0.112029
prediction_noise,485,85,-1,5,0.14366960000000001,0,1,125,0.11365599999999999
prediction_noise,486,85,-1,5,0.1431992,0,1,125,0.11232399999999999
prediction_noise,487,85,-1,5,0.31790499999999999,0,1,350,0.28416599999999997
prediction_noise,488,85,-1,5,0.14518239999999999,0,1,125,0.121569
prediction_noise,489,85,-1,5,0.1428596,0,1,125,0.111887
prediction_noise,490,85,-1,5,0.1429204,0,1,125,0.11239
prediction_noise,491,85,-1,5,0.1431298,0,1,125,0.112442
prediction_noise,492,85,-1,5,0.14319019999999999,0,1,125,0.113734
prediction_noise,493,85,-1,5,0.14320579999999999,0,1,125,0.111846
prediction_noise,494,85,-1,5,0.1678328,0,1,125,0.11274000000000001
prediction_noise,495,85,-1,5,0.143039,0,1,125,0.112196
prediction_noise,496,85,-1,5,0.14547660000000001,0,1,125,0.118647
prediction_noise,497,85,-1,5,0.14264499999999999,0,1,125,0.113689
prediction_noise,498,85,-1,5,0.14328000000000002,0,1,125,0.113926
prediction_noise,499,85,-1,5,0.1433508,0,1,125,0.111649
delayed_crossing,0,69,-1,5,0.053874599999999995,0,1,25,0.026865
delayed_crossing,1,69,-1,5,0.053142599999999998,0,1,25,0.026758000000000001
delayed_crossing,2,69,-1,5,0.052297400000000008,0,1,25,0.026811000000000001
delayed_crossing,3,69,-1,5,0.052079399999999998,0,1,25,0.026641999999999999
delayed_crossing,4,69,-1,5,0.058019600000000005,0,1,25,0.026683999999999999
delayed_crossing,5,69,-1,5,0.052020200000000003,0,1,25,0.026591
delayed_crossing,6,69,-1,5,0.052369200000000005,0,1,25,0.026796
delayed_crossing,7,69,-1,5,0.052150799999999997,0,1,25,0.026807000000000001
delayed_crossing,8,69,-1,5,0.052546599999999999,0,1,25,0.026688
delayed_crossing,9,69,-1,5,0.052193000000000003,0,1,25,0.026727999999999998
delayed_crossing,10,69,-1,5,0.052071999999999993,0,1,25,0.026693000000000001
delayed_crossing,11,69,-1,5,0.052133600000000002,0,1,25,0.026644999999999999
delayed_crossing,12,69,-1,5,0.052229999999999999,0,1,25,0.026915999999999999
delayed_crossing,13,69,-1,5,0.052313600000000002,0,1,25,0.026596000000000002
delayed_crossing,14,69,-1,5,0.051858400000000006,0,1,25,0.026977000000000001
delayed_crossing,15,69,-1,5,0.052315800000000003,0,1,25,0.02809
delayed_crossing,16,69,-1,5,0.051832799999999998,0,1,25,0.026801999999999999
delayed_crossing,17,69,-1,5,0.051797000000000003,0,1,25,0.02649
delayed_crossing,18,69,-1,5,0.052226599999999998,0,1,25,0.026557000000000001
delayed_crossing,19,69,-1,5,0.051881799999999999,0,1,25,0.026929999999999999
delayed_crossing,20,69,-1,5,0.052240799999999997,0,1,25,0.026589000000000002
delayed_crossing,21,69,-1,5,0.051968400000000005,0,1,25,0.026664
delayed_crossing,22,69,-1,5,0.051714000000000003,0,1,25,0.026544000000000002
delayed_crossing,23,69,-1,5,0.051952600000000002,0,1,25,0.026608
delayed_crossing,24,69,-1,5,0.051974600000000003,0,1,25,0.026808999999999999
delayed_crossing,25,69,-1,5,0.052149000000000001,0,1,25,0.026616999999999998
delayed_crossing,26,69,-1,5,0.052038600000000004,0,1,25,0.027157000000000001
delayed_crossing,27,69,-1,5,0.052096799999999999,0,1,25,0.027407000000000001
delayed_crossing,28,69,-1,5,0.051773800000000002,0,1,25,0.026904999999999998
delayed_crossing,29,69,-1,5,0.052156800000000003,0,1,25,0.026613999999999999
delayed_crossing,30,69,-1,5,0.051843199999999999,0,1,25,0.026543000000000001
delayed_crossing,31,69,-1,5,0.052124800000000006,0,1,25,0.026616000000000001
delayed_crossing,32,69,-1,5,0.052248000000000003,0,1,25,0.026759999999999999
delayed_crossing,33,69,-1,5,0.052093999999999994,0,1,25,0.026748000000000001
delayed_crossing,34,69,-1,5,0.051865599999999998,0,1,25,0.026662999999999999
delayed_crossing,35,69,-1,5,0.051698599999999997,0,1,25,0.026508
delayed_crossing,36,69,-1,5,0.051810599999999998,0,1,25,0.026733
delayed_crossing,37,69,-1,5,0.052203399999999997,0,1,25,0.026617999999999999
delayed_crossing,38,69,-1,5,0.052246400000000005,0,1,25,0.026762000000000001
delayed_crossing,39,69,-1,5,0.052168599999999996,0,1,25,0.026589000000000002
delayed_crossing,40,69,-1,5,0.051921599999999998,0,1,25,0.026644000000000001
delayed_crossing,41,69,-1,5,0.052031000000000008,0,1,25,0.026610999999999999
delayed_crossing,42,69,-1,5,0.051851400000000006,0,1,25,0.026547999999999999
delayed_crossing,43,69,-1,5,0.052040400000000001,0,1,25,0.026585000000000001
delayed_crossing,44,69,-1,5,0.051977799999999998,0,1,25,0.026588000000000001
delayed_crossing,45,69,-1,5,0.051909000000000004,0,1,25,0.026516999999999999
delayed_crossing,46,69,-1,5,0.051929999999999997,0,1,25,0.026995000000000002
delayed_crossing,47,69,-1,5,0.052324999999999997,0,1,25,0.026464999999999999
delayed_crossing,48,69,-1,5,0.051797999999999997,0,1,25,0.027036000000000001
delayed_crossing,49,69,-1,5,0.052173600000000001,0,1,25,0.026467999999999998
delayed_crossing,50,69,-1,5,0.051859799999999998,0,1,25,0.026766999999999999
delayed_crossing,51,69,-1,5,0.052125400000000002,0,1,25,0.026605
delayed_crossing,52,69,-1,5,0.051785999999999999,0,1,25,0.026606000000000001
delayed_crossing,53,69,-1,5,0.052090000000000004,0,1,25,0.026481999999999999
delayed_crossing,54,69,-1,5,0.052154199999999998,0,1,25,0.027004
delayed_crossing,55,69,-1,5,0.052001600000000002,0,1,25,0.026721000000000002
delayed_crossing,56,69,-1,5,0.052378000000000001,0,1,25,0.026483
delayed_crossing,57,69,-1,5,0.052063999999999999,0,1,25,0.027036000000000001
delayed_crossing,58,69,-1,5,0.0516736,0,1,25,0.026388999999999999
delayed_crossing,59,69,-1,5,0.051981200000000005,0,1,25,0.026591
delayed_crossing,60,69,-1,5,0.051684399999999998,0,1,25,0.026783999999999999
delayed_crossing,61,69,-1,5,0.052129800000000004,0,1,25,0.026793999999999998
delayed_crossing,62,69,-1,5,0.051729999999999998,0,1,25,0.026335000000000001
delayed_crossing,63,69,-1,5,0.052283199999999995,0,1,25,0.026793000000000001
delayed_crossing,64,69,-1,5,0.051904600000000002,0,1,25,0.026509999999999999
delayed_crossing,65,69,-1,5,0.051990599999999998,0,1,25,0.026631999999999999
delayed_crossing,66,69,-1,5,0.052408799999999998,0,1,25,0.026543000000000001
delayed_crossing,67,69,-1,5,0.052210800000000002,0,1,25,0.026904999999999998
delayed_crossing,68,69,-1,5,0.052840600000000001,0,1,25,0.028348000000000002
delayed_crossing,69,69,-1,5,0.052063999999999999,0,1,25,0.026803
delayed_crossing,70,69,-1,5,0.052702000000000006,0,1,25,0.028247999999999999
delayed_crossing,71,69,-1,5,0.051731799999999994,0,1,25,0.026713000000000001
delayed_crossing,72,69,-1,5,0.051959999999999992,0,1,25,0.027179999999999999
delayed_crossing,73,69,-1,5,0.052783800000000006,0,1,25,0.026350999999999999
delayed_crossing,74,69,-1,5,0.058253399999999997,0,1,25,0.028466999999999999
delayed_crossing,75,69,-1,5,0.052270799999999992,0,1,25,0.026665999999999999
delayed_crossing,76,69,-1,5,0.052508999999999993,0,1,25,0.026773000000000002
delayed_crossing,77,69,-1,5,0.052036800000000008,0,1,25,0.026733
delayed_crossing,78,69,-1,5,0.051842600000000003,0,1,25,0.026695
delayed_crossing,79,69,-1,5,0.051897000000000006,0,1,25,0.026692
delayed_crossing,80,69,-1,5,0.052465999999999999,0,1,25,0.026669000000000002
delayed_crossing,81,69,-1,5,0.051842399999999997,0,1,25,0.026443000000000001
delayed_crossing,82,69,-1,5,0.052110000000000004,0,1,25,0.026485999999999999
delayed_crossing,83,69,-1,5,0.051931000000000005,0,1,25,0.026587
delayed_crossing,84,69,-1,5,0.051886399999999999,0,1,25,0.026869000000000001
delayed_crossing,85,69,-1,5,0.051789200000000001,0,1,25,0.026519999999999998
delayed_crossing,86,69,-1,5,0.051718,0,1,25,0.027033000000000001
delayed_crossing,87,69,-1,5,0.053613399999999999,0,1,25,0.028191999999999998
delayed_crossing,88,69,-1,5,0.051654800000000001,0,1,25,0.026948
delayed_crossing,89,69,-1,5,0.052144800000000005,0,1,25,0.026877000000000002
delayed_crossing,90,69,-1,5,0.052221200000000002,0,1,25,0.026792
delayed_crossing,91,69,-1,5,0.051912800000000002,0,1,25,0.026811000000000001
delayed_crossing,92,69,-1,5,0.051794600000000003,0,1,25,0.026608
delayed_crossing,93,69,-1,5,0.051588999999999996,0,1,25,0.026519999999999998
delayed_crossing,94,69,-1,5,0.052236199999999997,0,1,25,0.026733
delayed_crossing,95,69,-1,5,0.051978000000000003,0,1,25,0.026598
delayed_crossing,96,69,-1,5,0.051920399999999998,0,1,25,0.026738000000000001
delayed_crossing,97,69,-1,5,0.051867399999999994,0,1,25,0.026686999999999999
delayed_crossing,98,69,-1,5,0.052070000000000005,0,1,25,0.026766000000000002
delayed_crossing,99,69,-1,5,0.0522228,0,1,25,0.026338
delayed_crossing,100,69,-1,5,0.051964600000000007,0,1,25,0.026832999999999999
delayed_crossing,101,69,-1,5,0.052053799999999997,0,1,25,0.027990000000000001
delayed_crossing,102,69,-1,5,0.051729199999999996,0,1,25,0.026889
delayed_crossing,103,69,-1,5,0.051951400000000002,0,1,25,0.026598
delayed_crossing,104,69,-1,5,0.052366599999999999,0,1,25,0.026974000000000001
delayed_crossing,105,69,-1,5,0.052056599999999995,0,1,25,0.027040000000000002
delayed_crossing,106,69,-1,5,0.052387799999999998,0,1,25,0.026748999999999998
delayed_crossing,107,69,-1,5,0.052040400000000001,0,1,25,0.026481000000000001
delayed_crossing,108,69,-1,5,0.051920200000000007,0,1,25,0.027092999999999999
delayed_crossing,109,69,-1,5,0.051856800000000002,0,1,25,0.026557000000000001
delayed_crossing,110,69,-1,5,0.051950200000000002,0,1,25,0.026523999999999999
delayed_crossing,111,69,-1,5,0.051993199999999996,0,1,25,0.026613000000000001
delayed_crossing,112,69,-1,5,0.0520346,0,1,25,0.026579999999999999
delayed_crossing,113,69,-1,5,0.052254999999999996,0,1,25,0.028022999999999999
delayed_crossing,114,69,-1,5,0.051887399999999993,0,1,25,0.026657
delayed_crossing,115,69,-1,5,0.051882600000000001,0,1,25,0.026865
delayed_crossing,116,69,-1,5,0.051758199999999997,0,1,25,0.026499000000000002
delayed_crossing,117,69,-1,5,0.051772600000000002,0,1,25,0.026461999999999999
delayed_crossing,118,69,-1,5,0.052427999999999995,0,1,25,0.026797999999999999
delayed_crossing,119,69,-1,5,0.051928799999999997,0,1,25,0.026476
delayed_crossing,120,69,-1,5,0.052637999999999997,0,1,25,0.026714000000000002
delayed_crossing,121,69,-1,5,0.051824200000000001,0,1,25,0.026928000000000001
delayed_crossing,122,69,-1,5,0.051915199999999995,0,1,25,0.026803
delayed_crossing,123,69,-1,5,0.0520288,0,1,25,0.026875
delayed_crossing,124,69,-1,5,0.058348799999999999,0,1,25,0.031494000000000001
delayed_crossing,125,69,-1,5,0.052332400000000001,0,1,25,0.026526999999999998
delayed_crossing,126,69,-1,5,0.051809599999999997,0,1,25,0.026733
delayed_crossing,127,69,-1,5,0.052046800000000004,0,1,25,0.026721999999999999
delayed_crossing,128,69,-1,5,0.052640399999999997,0,1,25,0.026735999999999999
delayed_crossing,129,69,-1,5,0.051671000000000002,0,1,25,0.026370000000000001
delayed_crossing,130,69,-1,5,0.053215800000000001,0,1,25,0.028760999999999998
delayed_crossing,131,69,-1,5,0.051942600000000005,0,1,25,0.026539
delayed_crossing,132,69,-1,5,0.051978199999999995,0,1,25,0.027809
delayed_crossing,133,69,-1,5,0.051927599999999997,0,1,25,0.026832000000000002
delayed_crossing,134,69,-1,5,0.051887399999999993,0,1,25,0.026643
delayed_crossing,135,69,-1,5,0.053176999999999995,0,1,25,0.026804999999999999
delayed_crossing,136,69,-1,5,0.052568400000000001,0,1,25,0.027097
delayed_crossing,137,69,-1,5,0.053708599999999995,0,1,25,0.028087999999999998
delayed_crossing,138,69,-1,5,0.052163800000000003,0,1,25,0.026848
delayed_crossing,139,69,-1,5,0.0518138,0,1,25,0.026689000000000001
delayed_crossing,140,69,-1,5,0.052389200000000004,0,1,25,0.026869000000000001
delayed_crossing,141,69,-1,5,0.051985199999999995,0,1,25,0.026953000000000001
delayed_crossing,142,69,-1,5,0.052189399999999997,0,1,25,0.026551999999999999
delayed_crossing,143,69,-1,5,0.051742999999999997,0,1,25,0.026244
delayed_crossing,144,69,-1,5,0.052266800000000002,0,1,25,0.026575000000000001
delayed_crossing,145,69,-1,5,0.051731799999999994,0,1,25,0.026409999999999999
delayed_crossing,146,69,-1,5,0.052092000000000006,0,1,25,0.026655000000000002
delayed_crossing,147,69,-1,5,0.051702800000000007,0,1,25,0.026631999999999999
delayed_crossing,148,69,-1,5,0.052007800000000007,0,1,25,0.026981999999999999
delayed_crossing,149,69,-1,5,0.05219,0,1,25,0.026801999999999999
delayed_crossing,150,69,-1,5,0.053448799999999998,0,1,25,0.028466000000000002
delayed_crossing,151,69,-1,5,0.051995,0,1,25,0.026738999999999999
delayed_crossing,152,69,-1,5,0.0520242,0,1,25,0.026696999999999999
delayed_crossing,153,69,-1,5,0.051995400000000004,0,1,25,0.026827
delayed_crossing,154,69,-1,5,0.052090400000000002,0,1,25,0.026755000000000001
delayed_crossing,155,69,-1,5,0.051566599999999997,0,1,25,0.026667
delayed_crossing,156,69,-1,5,0.052260399999999999,0,1,25,0.026539
delayed_crossing,157,69,-1,5,0.051692000000000002,0,1,25,0.026328000000000001
delayed_crossing,158,69,-1,5,0.051936599999999999,0,1,25,0.026872
delayed_crossing,159,69,-1,5,0.053115599999999999,0,1,25,0.026745000000000001
delayed_crossing,160,69,-1,5,0.0517344,0,1,25,0.02681
delayed_crossing,161,69,-1,5,0.052382600000000001,0,1,25,0.026696999999999999
delayed_crossing,162,69,-1,5,0.051751400000000003,0,1,25,0.026786999999999998
delayed_crossing,163,69,-1,5,0.053515999999999994,0,1,25,0.028132000000000001
delayed_crossing,164,69,-1,5,0.052064800000000001,0,1,25,0.026504
delayed_crossing,165,69,-1,5,0.051700000000000003,0,1,25,0.026751
delayed_crossing,166,69,-1,5,0.05203,0,1,25,0.026675999999999998
delayed_crossing,167,69,-1,5,0.051976999999999995,0,1,25,0.026512000000000001
delayed_crossing,168,69,-1,5,0.0519108,0,1,25,0.026495000000000001
delayed_crossing,169,69,-1,5,0.051924999999999999,0,1,25,0.027004
delayed_crossing,170,69,-1,5,0.051815399999999998,0,1,25,0.026710999999999999
delayed_crossing,171,69,-1,5,0.0519984,0,1,25,0.026609000000000001
delayed_crossing,172,69,-1,5,0.051876800000000001,0,1,25,0.026657
delayed_crossing,173,69,-1,5,0.052187600000000001,0,1,25,0.026460999999999998
delayed_crossing,174,69,-1,5,0.052041800000000006,0,1,25,0.026849999999999999
delayed_crossing,175,69,-1,5,0.052294600000000004,0,1,25,0.027986
delayed_crossing,176,69,-1,5,0.051674600000000001,0,1,25,0.026391999999999999
delayed_crossing,177,69,-1,5,0.051827599999999995,0,1,25,0.026388999999999999
delayed_crossing,178,69,-1,5,0.052048000000000004,0,1,25,0.026887000000000001
delayed_crossing,179,69,-1,5,0.051842600000000003,0,1,25,0.026751
delayed_crossing,180,69,-1,5,0.0522274,0,1,25,0.026759000000000002
delayed_crossing,181,69,-1,5,0.052018200000000001,0,1,25,0.026707000000000002
delayed_crossing,182,69,-1,5,0.051929400000000001,0,1,25,0.026879
delayed_crossing,183,69,-1,5,0.051885599999999997,0,1,25,0.026780000000000002
delayed_crossing,184,69,-1,5,0.052059399999999999,0,1,25,0.026426999999999999
delayed_crossing,185,69,-1,5,0.052336199999999999,0,1,25,0.026367999999999999
delayed_crossing,186,69,-1,5,0.051934999999999995,0,1,25,0.027168000000000001
delayed_crossing,187,69,-1,5,0.052173999999999998,0,1,25,0.026603999999999999
delayed_crossing,188,69,-1,5,0.051649999999999995,0,1,25,0.026806
delayed_crossing,189,69,-1,5,0.051922599999999999,0,1,25,0.02681
delayed_crossing,190,69,-1,5,0.051717400000000004,0,1,25,0.026464000000000001
delayed_crossing,191,69,-1,5,0.051785999999999999,0,1,25,0.026367999999999999
delayed_crossing,192,69,-1,5,0.052027799999999999,0,1,25,0.026502000000000001
delayed_crossing,193,69,-1,5,0.051875199999999996,0,1,25,0.026703000000000001
delayed_crossing,194,69,-1,5,0.051595199999999994,0,1,25,0.026476
delayed_crossing,195,69,-1,5,0.051877399999999997,0,1,25,0.026415999999999999
delayed_crossing,196,69,-1,5,0.051819999999999998,0,1,25,0.026943000000000002
delayed_crossing,197,69,-1,5,0.052789799999999998,0,1,25,0.026717000000000001
delayed_crossing,198,69,-1,5,0.051866199999999994,0,1,25,0.026702
delayed_crossing,199,69,-1,5,0.051993599999999994,0,1,25,0.026641999999999999
delayed_crossing,200,69,-1,5,0.051964200000000002,0,1,25,0.026869000000000001
delayed_crossing,201,69,-1,5,0.051938799999999993,0,1,25,0.026662000000000002
delayed_crossing,202,69,-1,5,0.051817999999999996,0,1,25,0.026696000000000001
delayed_crossing,203,69,-1,5,0.051914200000000001,0,1,25,0.026915000000000001
delayed_crossing,204,69,-1,5,0.055742800000000002,0,1,25,0.031088999999999999
delayed_crossing,205,69,-1,5,0.052921799999999998,0,1,25,0.029218000000000001
delayed_crossing,206,69,-1,5,0.051928600000000005,0,1,25,0.028221
delayed_crossing,207,69,-1,5,0.0519458,0,1,25,0.026613999999999999
delayed_crossing,208,69,-1,5,0.051902999999999998,0,1,25,0.026589999999999999
delayed_crossing,209,69,-1,5,0.052238399999999997,0,1,25,0.026263000000000002
delayed_crossing,210,69,-1,5,0.056328799999999998,0,1,25,0.026807999999999998
delayed_crossing,211,69,-1,5,0.053538200000000001,0,1,25,0.026623999999999998
delayed_crossing,212,69,-1,5,0.051871800000000003,0,1,25,0.026851
delayed_crossing,213,69,-1,5,0.051748000000000002,0,1,25,0.026853999999999999
delayed_crossing,214,69,-1,5,0.052357799999999996,0,1,25,0.026834
delayed_crossing,215,69,-1,5,0.052051599999999996,0,1,25,0.026720000000000001
delayed_crossing,216,69,-1,5,0.052156800000000003,0,1,25,0.02707
delayed_crossing,217,69,-1,5,0.0516888,0,1,25,0.026783000000000001
delayed_crossing,218,69,-1,5,0.051966999999999999,0,1,25,0.026845999999999998
delayed_crossing,219,69,-1,5,0.052036199999999998,0,1,25,0.026512000000000001
delayed_crossing,220,69,-1,5,0.051910999999999999,0,1,25,0.026655999999999999
delayed_crossing,221,69,-1,5,0.052110199999999995,0,1,25,0.026608
delayed_crossing,222,69,-1,5,0.051911600000000002,0,1,25,0.02682
delayed_crossing,223,69,-1,5,0.052481999999999994,0,1,25,0.027049
delayed_crossing,224,69,-1,5,0.052315,0,1,25,0.026624999999999999
delayed_crossing,225,69,-1,5,0.052106399999999997,0,1,25,0.026651000000000001
delayed_crossing,226,69,-1,5,0.051819999999999998,0,1,25,0.026939999999999999
delayed_crossing,227,69,-1,5,0.052129599999999998,0,1,25,0.027056
delayed_crossing,228,69,-1,5,0.052020999999999998,0,1,25,0.026592999999999999
delayed_crossing,229,69,-1,5,0.051717599999999996,0,1,25,0.026648000000000002
delayed_crossing,230,69,-1,5,0.0521176,0,1,25,0.026599999999999999
delayed_crossing,231,69,-1,5,0.051952200000000004,0,1,25,0.026716
delayed_crossing,232,69,-1,5,0.051716799999999993,0,1,25,0.026627000000000001
delayed_crossing,233,69,-1,5,0.0520428,0,1,25,0.026558999999999999
delayed_crossing,234,69,-1,5,0.052118399999999995,0,1,25,0.026646
delayed_crossing,235,69,-1,5,0.052160799999999993,0,1,25,0.026557999999999998
delayed_crossing,236,69,-1,5,0.051914599999999998,0,1,25,0.026595000000000001
delayed_crossing,237,69,-1,5,0.055075200000000005,0,1,25,0.029661
delayed_crossing,238,69,-1,5,0.051775599999999998,0,1,25,0.026622
delayed_crossing,239,69,-1,5,0.051879799999999997,0,1,25,0.026731999999999999
delayed_crossing,240,69,-1,5,0.052410400000000003,0,1,25,0.026473
delayed_crossing,241,69,-1,5,0.051448199999999999,0,1,25,0.026651000000000001
delayed_crossing,242,69,-1,5,0.053409600000000002,0,1,25,0.027140000000000001
delayed_crossing,243,69,-1,5,0.052757600000000002,0,1,25,0.026584
delayed_crossing,244,69,-1,5,0.051834000000000005,0,1,25,0.026863999999999999
delayed_crossing,245,69,-1,5,0.054498199999999997,0,1,25,0.026723
delayed_crossing,246,69,-1,5,0.052430400000000002,0,1,25,0.026424
delayed_crossing,247,69,-1,5,0.052995800000000003,0,1,25,0.026473
delayed_crossing,248,69,-1,5,0.052021799999999993,0,1,25,0.026749999999999999
delayed_crossing,249,69,-1,5,0.051861999999999998,0,1,25,0.02656
delayed_crossing,250,69,-1,5,0.051848999999999999,0,1,25,0.026372
delayed_crossing,251,69,-1,5,0.051866000000000002,0,1,25,0.02656
delayed_crossing,252,69,-1,5,0.052094600000000005,0,1,25,0.026734999999999998
delayed_crossing,253,69,-1,5,0.051839199999999995,0,1,25,0.026533000000000001
delayed_crossing,254,69,-1,5,0.053208400000000003,0,1,25,0.028334999999999999
delayed_crossing,255,69,-1,5,0.051784399999999994,0,1,25,0.026301999999999999
delayed_crossing,256,69,-1,5,0.052468800000000003,0,1,25,0.028590000000000001
delayed_crossing,257,69,-1,5,0.0519424,0,1,25,0.026610000000000002
delayed_crossing,258,69,-1,5,0.051609000000000002,0,1,25,0.026745000000000001
delayed_crossing,259,69,-1,5,0.051859999999999996,0,1,25,0.02665
delayed_crossing,260,69,-1,5,0.051873599999999999,0,1,25,0.026702
delayed_crossing,261,69,-1,5,0.051774399999999998,0,1,25,0.02623
delayed_crossing,262,69,-1,5,0.051863000000000006,0,1,25,0.026672000000000001
delayed_crossing,263,69,-1,5,0.051731000000000006,0,1,25,0.026476
delayed_crossing,264,69,-1,5,0.051929400000000001,0,1,25,0.02683
delayed_crossing,265,69,-1,5,0.052008800000000001,0,1,25,0.026558999999999999
delayed_crossing,266,69,-1,5,0.052102400000000007,0,1,25,0.026544999999999999
delayed_crossing,267,69,-1,5,0.0517016,0,1,25,0.026523999999999999
delayed_crossing,268,69,-1,5,0.0519014,0,1,25,0.026738999999999999
delayed_crossing,269,69,-1,5,0.051896200000000003,0,1,25,0.026446000000000001
delayed_crossing,270,69,-1,5,0.051890400000000003,0,1,25,0.026411
delayed_crossing,271,69,-1,5,0.051942000000000002,0,1,25,0.026705
delayed_crossing,272,69,-1,5,0.051899799999999996,0,1,25,0.026897999999999998
delayed_crossing,273,69,-1,5,0.051856599999999996,0,1,25,0.026537000000000002
delayed_crossing,274,69,-1,5,0.054869999999999995,0,1,25,0.031361
delayed_crossing,275,69,-1,5,0.051890000000000006,0,1,25,0.026439000000000001
delayed_crossing,276,69,-1,5,0.051920599999999997,0,1,25,0.026821999999999999
delayed_crossing,277,69,-1,5,0.051829400000000005,0,1,25,0.026741000000000001
delayed_crossing,278,69,-1,5,0.052166400000000002,0,1,25,0.026800999999999998
delayed_crossing,279,69,-1,5,0.0516374,0,1,25,0.026778
delayed_crossing,280,69,-1,5,0.052304200000000002,0,1,25,0.026952
delayed_crossing,281,69,-1,5,0.051850799999999996,0,1,25,0.026832000000000002
delayed_crossing,282,69,-1,5,0.051833399999999995,0,1,25,0.02674
delayed_crossing,283,69,-1,5,0.052073400000000006,0,1,25,0.026717000000000001
delayed_crossing,284,69,-1,5,0.051802400000000005,0,1,25,0.026608
delayed_crossing,285,69,-1,5,0.051983399999999999,0,1,25,0.026669000000000002
delayed_crossing,286,69,-1,5,0.051797400000000007,0,1,25,0.026852000000000001
delayed_crossing,287,69,-1,5,0.051741800000000004,0,1,25,0.026526000000000001
delayed_crossing,288,69,-1,5,0.051864600000000004,0,1,25,0.026726
delayed_crossing,289,69,-1,5,0.052055200000000003,0,1,25,0.026797000000000001
delayed_crossing,290,69,-1,5,0.052290999999999997,0,1,25,0.026509000000000001
delayed_crossing,291,69,-1,5,0.051998999999999997,0,1,25,0.026313
delayed_crossing,292,69,-1,5,0.052248599999999999,0,1,25,0.027092000000000001
delayed_crossing,293,69,-1,5,0.051684399999999998,0,1,25,0.026287000000000001
delayed_crossing,294,69,-1,5,0.052070600000000002,0,1,25,0.026792
delayed_crossing,295,69,-1,5,0.051728399999999994,0,1,25,0.026754
delayed_crossing,296,69,-1,5,0.051865599999999998,0,1,25,0.026842999999999999
delayed_crossing,297,69,-1,5,0.052375400000000003,0,1,25,0.026394999999999998
delayed_crossing,298,69,-1,5,0.051586,0,1,25,0.026523000000000001
delayed_crossing,299,69,-1,5,0.051814400000000004,0,1,25,0.026741000000000001
delayed_crossing,300,69,-1,5,0.051959999999999992,0,1,25,0.026533000000000001
delayed_crossing,301,69,-1,5,0.051516199999999998,0,1,25,0.026502999999999999
delayed_crossing,302,69,-1,5,0.052186200000000002,0,1,25,0.026865
delayed_crossing,303,69,-1,5,0.051521999999999998,0,1,25,0.026450000000000001
delayed_crossing,304,69,-1,5,0.052151599999999999,0,1,25,0.026471999999999999
delayed_crossing,305,69,-1,5,0.051781000000000001,0,1,25,0.026372
delayed_crossing,306,69,-1,5,0.051821199999999998,0,1,25,0.026667
delayed_crossing,307,69,-1,5,0.051739400000000005,0,1,25,0.026436000000000001
delayed_crossing,308,69,-1,5,0.051886799999999997,0,1,25,0.026693999999999999
delayed_crossing,309,69,-1,5,0.052375999999999999,0,1,25,0.027866999999999999
delayed_crossing,310,69,-1,5,0.052999200000000003,0,1,25,0.026863999999999999
delayed_crossing,311,69,-1,5,0.052529000000000006,0,1,25,0.027498000000000002
delayed_crossing,312,69,-1,5,0.051979200000000003,0,1,25,0.026963000000000001
delayed_crossing,313,69,-1,5,0.051854999999999998,0,1,25,0.026572999999999999
delayed_crossing,314,69,-1,5,0.053428600000000007,0,1,25,0.031172999999999999
delayed_crossing,315,69,-1,5,0.051810199999999994,0,1,25,0.026544000000000002
delayed_crossing,316,69,-1,5,0.051874200000000002,0,1,25,0.026471000000000001
delayed_crossing,317,69,-1,5,0.051712999999999995,0,1,25,0.026839999999999999
delayed_crossing,318,69,-1,5,0.051785000000000005,0,1,25,0.026577
delayed_crossing,319,69,-1,5,0.051927399999999999,0,1,25,0.02647
delayed_crossing,320,69,-1,5,0.052084600000000002,0,1,25,0.027255000000000001
delayed_crossing,321,69,-1,5,0.052007199999999996,0,1,25,0.026571999999999998
delayed_crossing,322,69,-1,5,0.051613200000000005,0,1,25,0.026551999999999999
delayed_crossing,323,69,-1,5,0.052180999999999998,0,1,25,0.026367999999999999
delayed_crossing,324,69,-1,5,0.051935799999999997,0,1,25,0.026634000000000001
delayed_crossing,325,69,-1,5,0.054733799999999999,0,1,25,0.028371
delayed_crossing,326,69,-1,5,0.054199200000000003,0,1,25,0.026786000000000001
delayed_crossing,327,69,-1,5,0.051819800000000006,0,1,25,0.026710999999999999
delayed_crossing,328,69,-1,5,0.0521234,0,1,25,0.026564999999999998
delayed_crossing,329,69,-1,5,0.052117000000000004,0,1,25,0.026519000000000001
delayed_crossing,330,69,-1,5,0.052126399999999996,0,1,25,0.027716999999999999
delayed_crossing,331,69,-1,5,0.051942999999999996,0,1,25,0.026447999999999999
delayed_crossing,332,69,-1,5,0.051898800000000002,0,1,25,0.026893
delayed_crossing,333,69,-1,5,0.051907000000000002,0,1,25,0.026419000000000002
delayed_crossing,334,69,-1,5,0.051846999999999997,0,1,25,0.026533999999999999
delayed_crossing,335,69,-1,5,0.052353200000000003,0,1,25,0.026643
delayed_crossing,336,69,-1,5,0.051933799999999995,0,1,25,0.026952
delayed_crossing,337,69,-1,5,0.052076799999999999,0,1,25,0.02666
delayed_crossing,338,69,-1,5,0.051860399999999994,0,1,25,0.027008000000000001
delayed_crossing,339,69,-1,5,0.051790000000000003,0,1,25,0.026648000000000002
delayed_crossing,340,69,-1,5,0.0519798,0,1,25,0.026519000000000001
delayed_crossing,341,69,-1,5,0.052010399999999998,0,1,25,0.026927
delayed_crossing,342,69,-1,5,0.052418800000000002,0,1,25,0.027029999999999998
delayed_crossing,343,69,-1,5,0.052665399999999994,0,1,25,0.026623000000000001
delayed_crossing,344,69,-1,5,0.053930599999999995,0,1,25,0.032562000000000001
delayed_crossing,345,69,-1,5,0.052983000000000002,0,1,25,0.027033000000000001
delayed_crossing,346,69,-1,5,0.051929800000000005,0,1,25,0.026689999999999998
delayed_crossing,347,69,-1,5,0.052747000000000002,0,1,25,0.028147999999999999
delayed_crossing,348,69,-1,5,0.053707400000000002,0,1,25,0.026662000000000002
delayed_crossing,349,69,-1,5,0.051915199999999995,0,1,25,0.027358
delayed_crossing,350,69,-1,5,0.051671199999999994,0,1,25,0.026731999999999999
delayed_crossing,351,69,-1,5,0.051894399999999993,0,1,25,0.026603999999999999
delayed_crossing,352,69,-1,5,0.052258000000000006,0,1,25,0.026651000000000001
delayed_crossing,353,69,-1,5,0.052125200000000003,0,1,25,0.026561999999999999
delayed_crossing,354,69,-1,5,0.052255399999999994,0,1,25,0.028063000000000001
delayed_crossing,355,69,-1,5,0.0517846,0,1,25,0.026664
delayed_crossing,356,69,-1,5,0.052150200000000001,0,1,25,0.026946999999999999
delayed_crossing,357,69,-1,5,0.052358400000000006,0,1,25,0.026696999999999999
delayed_crossing,358,69,-1,5,0.051839400000000001,0,1,25,0.026981000000000002
delayed_crossing,359,69,-1,5,0.051838599999999999,0,1,25,0.026681
delayed_crossing,360,69,-1,5,0.051945200000000004,0,1,25,0.026669000000000002
delayed_crossing,361,69,-1,5,0.052001200000000004,0,1,25,0.026741999999999998
delayed_crossing,362,69,-1,5,0.051909799999999992,0,1,25,0.026476
delayed_crossing,363,69,-1,5,0.051813600000000001,0,1,25,0.026596000000000002
delayed_crossing,364,69,-1,5,0.052481,0,1,25,0.026783999999999999
delayed_crossing,365,69,-1,5,0.052082399999999994,0,1,25,0.026575999999999999
delayed_crossing,366,69,-1,5,0.052532199999999994,0,1,25,0.027807999999999999
delayed_crossing,367,69,-1,5,0.051780000000000007,0,1,25,0.026387000000000001
delayed_crossing,368,69,-1,5,0.0519494,0,1,25,0.026959
delayed_crossing,369,69,-1,5,0.052204199999999999,0,1,25,0.026512999999999998
delayed_crossing,370,69,-1,5,0.051617800000000005,0,1,25,0.026757
delayed_crossing,371,69,-1,5,0.052351599999999998,0,1,25,0.027098000000000001
delayed_crossing,372,69,-1,5,0.051699399999999993,0,1,25,0.026419999999999999
delayed_crossing,373,69,-1,5,0.0520498,0,1,25,0.026304000000000001
delayed_crossing,374,69,-1,5,0.055110199999999998,0,1,25,0.03134
delayed_crossing,375,69,-1,5,0.051948799999999996,0,1,25,0.02683
delayed_crossing,376,69,-1,5,0.051966199999999997,0,1,25,0.026571999999999998
delayed_crossing,377,69,-1,5,0.051746400000000005,0,1,25,0.026273000000000001
delayed_crossing,378,69,-1,5,0.052219599999999998,0,1,25,0.026737
delayed_crossing,379,69,-1,5,0.051820600000000008,0,1,25,0.026495999999999999
delayed_crossing,380,69,-1,5,0.052217,0,1,25,0.028132999999999998
delayed_crossing,381,69,-1,5,0.051902000000000004,0,1,25,0.026790999999999999
delayed_crossing,382,69,-1,5,0.051933799999999995,0,1,25,0.026516000000000001
delayed_crossing,383,69,-1,5,0.051980000000000005,0,1,25,0.026539
delayed_crossing,384,69,-1,5,0.051973199999999997,0,1,25,0.026827
delayed_crossing,385,69,-1,5,0.051900399999999999,0,1,25,0.026752000000000001
delayed_crossing,386,69,-1,5,0.051625600000000008,0,1,25,0.026327
delayed_crossing,387,69,-1,5,0.051880200000000001,0,1,25,0.026585000000000001
delayed_crossing,388,69,-1,5,0.051951199999999996,0,1,25,0.02674
delayed_crossing,389,69,-1,5,0.053105800000000002,0,1,25,0.026495000000000001
delayed_crossing,390,69,-1,5,0.053766800000000003,0,1,25,0.026702
delayed_crossing,391,69,-1,5,0.051754800000000004,0,1,25,0.026478000000000002
delayed_crossing,392,69,-1,5,0.052095800000000005,0,1,25,0.026674
delayed_crossing,393,69,-1,5,0.051917000000000005,0,1,25,0.026394999999999998
delayed_crossing,394,69,-1,5,0.051951400000000002,0,1,25,0.026589999999999999
delayed_crossing,395,69,-1,5,0.053232000000000002,0,1,25,0.026956000000000001
delayed_crossing,396,69,-1,5,0.051717400000000004,0,1,25,0.026613000000000001
delayed_crossing,397,69,-1,5,0.052381200000000003,0,1,25,0.028059000000000001
delayed_crossing,398,69,-1,5,0.051873999999999997,0,1,25,0.026601
delayed_crossing,399,69,-1,5,0.051878599999999997,0,1,25,0.026724999999999999
delayed_crossing,400,69,-1,5,0.052088800000000005,0,1,25,0.026720000000000001
delayed_crossing,401,69,-1,5,0.051770799999999992,0,1,25,0.026481999999999999
delayed_crossing,402,69,-1,5,0.052879200000000001,0,1,25,0.026738999999999999
delayed_crossing,403,69,-1,5,0.052009600000000003,0,1,25,0.026655000000000002
delayed_crossing,404,69,-1,5,0.052396399999999996,0,1,25,0.026459
delayed_crossing,405,69,-1,5,0.053575600000000001,0,1,25,0.026599000000000001
delayed_crossing,406,69,-1,5,0.051736000000000004,0,1,25,0.026315999999999999
delayed_crossing,407,69,-1,5,0.052305400000000002,0,1,25,0.026357999999999999
delayed_crossing,408,69,-1,5,0.052068000000000003,0,1,25,0.026925999999999999
delayed_crossing,409,69,-1,5,0.052032800000000004,0,1,25,0.026582000000000001
delayed_crossing,410,69,-1,5,0.051909200000000003,0,1,25,0.026648999999999999
delayed_crossing,411,69,-1,5,0.052077799999999994,0,1,25,0.027906
delayed_crossing,412,69,-1,5,0.051700599999999999,0,1,25,0.026519999999999998
delayed_crossing,413,69,-1,5,0.052045600000000004,0,1,25,0.026747
delayed_crossing,414,69,-1,5,0.051871999999999995,0,1,25,0.026696999999999999
delayed_crossing,415,69,-1,5,0.051855399999999996,0,1,25,0.026218000000000002
delayed_crossing,416,69,-1,5,0.052322599999999997,0,1,25,0.026685
delayed_crossing,417,69,-1,5,0.051668400000000003,0,1,25,0.026481000000000001
delayed_crossing,418,69,-1,5,0.051720200000000008,0,1,25,0.026668000000000001
delayed_crossing,419,69,-1,5,0.0518582,0,1,25,0.026477000000000001
delayed_crossing,420,69,-1,5,0.051732399999999998,0,1,25,0.026603000000000002
delayed_crossing,421,69,-1,5,0.051911200000000005,0,1,25,0.026477000000000001
delayed_crossing,422,69,-1,5,0.052015999999999993,0,1,25,0.026773999999999999
delayed_crossing,423,69,-1,5,0.052115800000000004,0,1,25,0.028240999999999999
delayed_crossing,424,69,-1,5,0.051913600000000004,0,1,25,0.027028
delayed_crossing,425,69,-1,5,0.051887799999999998,0,1,25,0.026786000000000001
delayed_crossing,426,69,-1,5,0.052010599999999997,0,1,25,0.026616000000000001
delayed_crossing,427,69,-1,5,0.051645799999999999,0,1,25,0.026557000000000001
delayed_crossing,428,69,-1,5,0.052161199999999998,0,1,25,0.026790000000000001
delayed_crossing,429,69,-1,5,0.0519728,0,1,25,0.026567
delayed_crossing,430,69,-1,5,0.052017400000000005,0,1,25,0.026897999999999998
delayed_crossing,431,69,-1,5,0.051868999999999998,0,1,25,0.026752000000000001
delayed_crossing,432,69,-1,5,0.052005999999999997,0,1,25,0.026438
delayed_crossing,433,69,-1,5,0.052014800000000007,0,1,25,0.026849000000000001
delayed_crossing,434,69,-1,5,0.051914599999999998,0,1,25,0.026915999999999999
delayed_crossing,435,69,-1,5,0.051883800000000001,0,1,25,0.027816
delayed_crossing,436,69,-1,5,0.051708200000000003,0,1,25,0.026778
delayed_crossing,437,69,-1,5,0.052076599999999994,0,1,25,0.026953000000000001
delayed_crossing,438,69,-1,5,0.0519868,0,1,25,0.026991000000000001
delayed_crossing,439,69,-1,5,0.051622599999999998,0,1,25,0.026866999999999999
delayed_crossing,440,69,-1,5,0.052339199999999995,0,1,25,0.026765000000000001
delayed_crossing,441,69,-1,5,0.051708200000000003,0,1,25,0.027026999999999999
delayed_crossing,442,69,-1,5,0.051932999999999993,0,1,25,0.026806
delayed_crossing,443,69,-1,5,0.051805799999999999,0,1,25,0.026713000000000001
delayed_crossing,444,69,-1,5,0.051980800000000008,0,1,25,0.026970000000000001
delayed_crossing,445,69,-1,5,0.053236399999999996,0,1,25,0.026466
delayed_crossing,446,69,-1,5,0.051942200000000008,0,1,25,0.026731000000000001
delayed_crossing,447,69,-1,5,0.052013600000000007,0,1,25,0.026856000000000001
delayed_crossing,448,69,-1,5,0.051949599999999999,0,1,25,0.026744
delayed_crossing,449,69,-1,5,0.052001200000000004,0,1,25,0.026814999999999999
delayed_crossing,450,69,-1,5,0.051932800000000001,0,1,25,0.026681
delayed_crossing,451,69,-1,5,0.051670400000000005,0,1,25,0.026717999999999999
delayed_crossing,452,69,-1,5,0.052039599999999998,0,1,25,0.026432000000000001
delayed_crossing,453,69,-1,5,0.051968199999999999,0,1,25,0.02649
delayed_crossing,454,69,-1,5,0.051864,0,1,25,0.027122
delayed_crossing,455,69,-1,5,0.052754199999999994,0,1,25,0.026915999999999999
delayed_crossing,456,69,-1,5,0.051651999999999997,0,1,25,0.026543000000000001
delayed_crossing,457,69,-1,5,0.051993199999999996,0,1,25,0.026592000000000001
delayed_crossing,458,69,-1,5,0.051829400000000005,0,1,25,0.026828000000000001
delayed_crossing,459,69,-1,5,0.052146000000000005,0,1,25,0.026759000000000002
delayed_crossing,460,69,-1,5,0.051955399999999999,0,1,25,0.026764
delayed_crossing,461,69,-1,5,0.051729600000000001,0,1,25,0.026508
delayed_crossing,462,69,-1,5,0.051797400000000007,0,1,25,0.026816
delayed_crossing,463,69,-1,5,0.052117000000000004,0,1,25,0.026949000000000001
delayed_crossing,464,69,-1,5,0.052086200000000006,0,1,25,0.026911999999999998
delayed_crossing,465,69,-1,5,0.051853800000000005,0,1,25,0.026617999999999999
delayed_crossing,466,69,-1,5,0.051714200000000002,0,1,25,0.026563
delayed_crossing,467,69,-1,5,0.051920000000000001,0,1,25,0.026839999999999999
delayed_crossing,468,69,-1,5,0.052029199999999998,0,1,25,0.026814000000000001
delayed_crossing,469,69,-1,5,0.053552000000000002,0,1,25,0.027994000000000002
delayed_crossing,470,69,-1,5,0.054708400000000004,0,1,25,0.028697
delayed_crossing,471,69,-1,5,0.053738799999999996,0,1,25,0.028215
delayed_crossing,472,69,-1,5,0.051736999999999998,0,1,25,0.026596000000000002
delayed_crossing,473,69,-1,5,0.051942200000000008,0,1,25,0.026121999999999999
delayed_crossing,474,69,-1,5,0.051802400000000005,0,1,25,0.026658999999999999
delayed_crossing,475,69,-1,5,0.051821799999999994,0,1,25,0.026716
delayed_crossing,476,69,-1,5,0.052104399999999995,0,1,25,0.026911000000000001
delayed_crossing,477,69,-1,5,0.051949000000000002,0,1,25,0.026856000000000001
delayed_crossing,478,69,-1,5,0.051805400000000001,0,1,25,0.026265
delayed_crossing,479,69,-1,5,0.051813200000000004,0,1,25,0.026494
delayed_crossing,480,69,-1,5,0.051998999999999997,0,1,25,0.027081999999999998
delayed_crossing,481,69,-1,5,0.051683599999999996,0,1,25,0.026495000000000001
delayed_crossing,482,69,-1,5,0.051936000000000003,0,1,25,0.026846999999999999
delayed_crossing,483,69,-1,5,0.052414000000000002,0,1,25,0.027975
delayed_crossing,484,69,-1,5,0.051837399999999999,0,1,25,0.027050000000000001
delayed_crossing,485,69,-1,5,0.052454399999999998,0,1,25,0.026605
delayed_crossing,486,69,-1,5,0.051487000000000005,0,1,25,0.026424
delayed_crossing,487,69,-1,5,0.051989399999999998,0,1,25,0.026634999999999999
delayed_crossing,488,69,-1,5,0.051980600000000002,0,1,25,0.026653
delayed_crossing,489,69,-1,5,0.051861199999999996,0,1,25,0.026605
delayed_crossing,490,69,-1,5,0.052212000000000001,0,1,25,0.026929000000000002
delayed_crossing,491,69,-1,5,0.0520312,0,1,25,0.026662999999999999
delayed_crossing,492,69,-1,5,0.051992799999999992,0,1,25,0.026686999999999999
delayed_crossing,493,69,-1,5,0.051546999999999996,0,1,25,0.026561000000000001
delayed_crossing,494,69,-1,5,0.052066999999999995,0,1,25,0.026828000000000001
delayed_crossing,495,69,-1,5,0.052236600000000001,0,1,25,0.026359
delayed_crossing,496,69,-1,5,0.0517636,0,1,25,0.026217000000000001
delayed_crossing,497,69,-1,5,0.051788599999999997,0,1,25,0.026409999999999999
delayed_crossing,498,69,-1,5,0.0518022,0,1,25,0.026627000000000001
delayed_crossing,499,69,-1,5,0.051926199999999999,0,1,25,0.026772000000000001
