case_kind,seed,group_index,interval_count,repeats,runtime_ms,max_gap_split,max_gap_lower,max_gap_upper,max_gap_width,band_count,band0_split,band0_lower,band0_upper,band0_width,band1_split,band1_lower,band1_upper,band1_width,band2_split,band2_lower,band2_upper,band2_width
"vehicle_cut_in",34,0,1,500,0.000100548,1,0.58745965145648571,0.71999999999999997,0.13254034854351426,2,1,0.58745965145648571,0.71999999999999997,0.13254034854351426,0,-0.71999999999999997,-3.8131186708543239,-3.0931186708543237,,,,
"vehicle_cut_in",40,0,1,500,0.000105646,1,0.66056220300637281,0.71999999999999997,0.059437796993627168,2,1,0.66056220300637281,0.71999999999999997,0.059437796993627168,0,-0.71999999999999997,-3.8689887556161446,-3.1489887556161449,,,,
"vehicle_cut_in",42,0,1,500,0.000100148,1,0.66061608970177832,0.71999999999999997,0.059383910298221654,2,1,0.66061608970177832,0.71999999999999997,0.059383910298221654,0,-0.71999999999999997,-3.804573179110752,-3.0845731791107518,,,,
"vehicle_cut_in",44,0,1,500,9.7750000000000004e-05,1,0.45452617531011064,0.71999999999999997,0.26547382468988934,2,1,0.45452617531011064,0.71999999999999997,0.26547382468988934,0,-0.71999999999999997,-3.8145952728168711,-3.0945952728168713,,,,
"vehicle_cut_in",112,0,1,500,9.8883999999999997e-05,0,-0.71999999999999997,-0.70538955852292795,0.014610441477072023,2,0,-0.71999999999999997,-0.70538955852292795,0.014610441477072023,1,3.4849265192952701,0.71999999999999997,-2.7649265192952699,,,,
"vehicle_cut_in",135,0,1,500,9.8734000000000007e-05,1,0.63342686827711991,0.71999999999999997,0.086573131722880059,2,1,0.63342686827711991,0.71999999999999997,0.086573131722880059,0,-0.71999999999999997,-3.8306774311597578,-3.1106774311597576,,,,
"vehicle_cut_in",146,0,1,500,9.8491999999999991e-05,0,-0.71999999999999997,-0.6897306730947117,0.030269326905288274,2,0,-0.71999999999999997,-0.6897306730947117,0.030269326905288274,1,3.7899834052295951,0.71999999999999997,-3.0699834052295953,,,,
"vehicle_cut_in",165,0,1,500,9.9400000000000004e-05,1,0.66994976495279634,0.71999999999999997,0.050050235047203628,2,1,0.66994976495279634,0.71999999999999997,0.050050235047203628,0,-0.71999999999999997,-3.8816294073525173,-3.1616294073525175,,,,
"vehicle_cut_in",178,0,1,500,9.9056000000000008e-05,1,0.71622317437674621,0.71999999999999997,0.0037768256232537656,2,1,0.71622317437674621,0.71999999999999997,0.0037768256232537656,0,-0.71999999999999997,-3.7051159660350814,-2.9851159660350817,,,,
"vehicle_cut_in",201,0,1,500,9.8916e-05,1,0.64147920117442025,0.71999999999999997,0.078520798825579718,2,1,0.64147920117442025,0.71999999999999997,0.078520798825579718,0,-0.71999999999999997,-3.8275544298258266,-3.1075544298258269,,,,
"vehicle_cut_in",220,0,1,500,9.5084e-05,0,-0.71999999999999997,-0.67487956923388204,0.045120430766117936,2,0,-0.71999999999999997,-0.67487956923388204,0.045120430766117936,1,3.8415546312975959,0.71999999999999997,-3.1215546312975961,,,,
"vehicle_cut_in",221,0,1,500,9.8337999999999993e-05,0,-0.71999999999999997,-0.70164914733946371,0.018350852660536265,2,0,-0.71999999999999997,-0.70164914733946371,0.018350852660536265,1,3.6156191075614581,0.71999999999999997,-2.8956191075614583,,,,
"vehicle_cut_in",225,0,1,500,9.8283999999999996e-05,0,-0.71999999999999997,-0.70532027022982047,0.014679729770179506,2,0,-0.71999999999999997,-0.70532027022982047,0.014679729770179506,1,3.6985000879214631,0.71999999999999997,-2.9785000879214634,,,,
"vehicle_cut_in",243,0,1,500,9.7299999999999993e-05,1,0.50760834673215738,0.71999999999999997,0.2123916532678426,2,1,0.50760834673215738,0.71999999999999997,0.2123916532678426,0,-0.71999999999999997,-3.8273513750963102,-3.10735137509631,,,,
"vehicle_cut_in",252,0,1,500,9.8491999999999991e-05,0,-0.71999999999999997,-0.70773824745169178,0.012261752548308191,2,0,-0.71999999999999997,-0.70773824745169178,0.012261752548308191,1,3.848345915893276,0.71999999999999997,-3.1283459158932763,,,,
"vehicle_cut_in",281,0,1,500,9.9173999999999996e-05,1,0.60486477504331437,0.71999999999999997,0.1151352249566856,2,1,0.60486477504331437,0.71999999999999997,0.1151352249566856,0,-0.71999999999999997,-3.6767672996292293,-2.9567672996292291,,,,
"vehicle_cut_in",308,0,1,500,0.000102466,1,0.70019613984524742,0.71999999999999997,0.019803860154752551,2,1,0.70019613984524742,0.71999999999999997,0.019803860154752551,0,-0.71999999999999997,-3.7126930929182134,-2.9926930929182136,,,,
"vehicle_cut_in",342,0,1,500,9.8322000000000012e-05,1,0.66540133917176236,0.71999999999999997,0.054598660828237611,2,1,0.66540133917176236,0.71999999999999997,0.054598660828237611,0,-0.71999999999999997,-3.6431678972674506,-2.9231678972674509,,,,
"vehicle_cut_in",400,0,1,500,0.00010173200000000001,1,0.71634472438418317,0.71999999999999997,0.0036552756158167998,2,1,0.71634472438418317,0.71999999999999997,0.0036552756158167998,0,-0.71999999999999997,-3.8128506070156956,-3.0928506070156958,,,,
"vehicle_cut_in",420,0,1,500,0.00010790600000000001,1,0.65439816376888893,0.71999999999999997,0.065601836231111044,2,1,0.65439816376888893,0.71999999999999997,0.065601836231111044,0,-0.71999999999999997,-3.7618373294856027,-3.0418373294856025,,,,
"vehicle_cut_in",427,0,1,500,9.9197999999999995e-05,0,-0.71999999999999997,-0.7085782406756661,0.011421759324333869,2,0,-0.71999999999999997,-0.7085782406756661,0.011421759324333869,1,3.6350197406346139,0.71999999999999997,-2.9150197406346141,,,,
"vehicle_cut_in",429,0,1,500,9.8615999999999992e-05,1,0.58250014504800829,0.71999999999999997,0.13749985495199168,2,1,0.58250014504800829,0.71999999999999997,0.13749985495199168,0,-0.71999999999999997,-3.8206456670522662,-3.100645667052266,,,,
"vehicle_cut_in",456,0,1,500,9.8664000000000003e-05,1,0.55746778272879671,0.71999999999999997,0.16253221727120326,2,1,0.55746778272879671,0.71999999999999997,0.16253221727120326,0,-0.71999999999999997,-3.9713630086708167,-3.2513630086708165,,,,
"vehicle_cut_in",463,0,1,500,9.8832000000000005e-05,0,-0.71999999999999997,-0.68984298084098894,0.030157019159011034,2,0,-0.71999999999999997,-0.68984298084098894,0.030157019159011034,1,3.5936216702452528,0.71999999999999997,-2.8736216702452531,,,,
"vehicle_cut_in",475,0,1,500,9.9306000000000001e-05,1,0.58847082684756213,0.71999999999999997,0.13152917315243784,2,1,0.58847082684756213,0.71999999999999997,0.13152917315243784,0,-0.71999999999999997,-3.8012734194165474,-3.0812734194165472,,,,
"vehicle_cut_in",479,0,1,500,9.8881999999999993e-05,0,-0.71999999999999997,-0.70339182835417768,0.016608171645822289,2,0,-0.71999999999999997,-0.70339182835417768,0.016608171645822289,1,3.8781625259217054,0.71999999999999997,-3.1581625259217052,,,,
"parked_and_oncoming",0,0,1,500,9.8827999999999996e-05,0,-0.71999999999999997,1.1763037676168129,1.8963037676168129,2,0,-0.71999999999999997,1.1763037676168129,1.8963037676168129,1,5.5596265682717858,4.4700000000000006,-1.0896265682717852,,,,
"parked_and_oncoming",0,1,1,500,9.7781999999999993e-05,1,0.90785024170943862,4.4700000000000006,3.5621497582905621,2,1,0.90785024170943862,4.4700000000000006,3.5621497582905621,0,-0.71999999999999997,-3.3912189740732646,-2.6712189740732644,,,,
"parked_and_oncoming",1,0,1,500,9.8334000000000011e-05,0,-0.71999999999999997,1.0085137403056232,1.7285137403056232,2,0,-0.71999999999999997,1.0085137403056232,1.7285137403056232,1,5.564669312472418,4.4700000000000006,-1.0946693124724174,,,,
"parked_and_oncoming",1,1,1,500,9.862400000000001e-05,1,0.98135725845079613,4.4700000000000006,3.4886427415492047,2,1,0.98135725845079613,4.4700000000000006,3.4886427415492047,0,-0.71999999999999997,-3.3592113938043786,-2.6392113938043789,,,,
"parked_and_oncoming",2,0,1,500,9.9551999999999998e-05,0,-0.71999999999999997,0.65318196111551119,1.3731819611155112,2,0,-0.71999999999999997,0.65318196111551119,1.3731819611155112,1,4.9568807883915849,4.4700000000000006,-0.48688078839158422,,,,
"parked_and_oncoming",2,1,1,500,9.7975999999999998e-05,1,0.86749592023050359,4.4700000000000006,3.6025040797694969,2,1,0.86749592023050359,4.4700000000000006,3.6025040797694969,0,-0.71999999999999997,-3.482743410472906,-2.7627434104729058,,,,
"parked_and_oncoming",3,0,1,500,9.9458000000000009e-05,0,-0.71999999999999997,0.64065229799720047,1.3606522979972004,2,0,-0.71999999999999997,0.64065229799720047,1.3606522979972004,1,4.8634811399906823,4.4700000000000006,-0.39348113999068168,,,,
"parked_and_oncoming",3,1,1,500,9.9720000000000001e-05,1,1.1180005914076823,4.4700000000000006,3.3519994085923184,2,1,1.1180005914076823,4.4700000000000006,3.3519994085923184,0,-0.71999999999999997,-3.2555053927778417,-2.5355053927778419,,,,
"parked_and_oncoming",4,0,2,500,0.000119134,1,1.0539172306006734,1.1463522698199449,0.092435039219271431,3,1,1.0539172306006734,1.1463522698199449,0.092435039219271431,2,5.4796634503396628,4.4700000000000006,-1.0096634503396622,0,-0.71999999999999997,-3.4002908003504411,-2.6802908003504413
"parked_and_oncoming",5,0,1,500,0.00010109,0,-0.71999999999999997,0.57775892381035265,1.2977589238103526,2,0,-0.71999999999999997,0.57775892381035265,1.2977589238103526,1,5.1176914516106278,4.4700000000000006,-0.64769145161062713,,,,
"parked_and_oncoming",5,1,1,500,9.9601999999999999e-05,1,1.0102612160480504,4.4700000000000006,3.4597387839519502,2,1,1.0102612160480504,4.4700000000000006,3.4597387839519502,0,-0.71999999999999997,-3.3607246159050552,-2.6407246159050555,,,,
"parked_and_oncoming",6,0,1,500,9.8883999999999997e-05,0,-0.71999999999999997,0.87267715973512261,1.5926771597351226,2,0,-0.71999999999999997,0.87267715973512261,1.5926771597351226,1,5.2874240299883208,4.4700000000000006,-0.8174240299883202,,,,
"parked_and_oncoming",6,1,1,500,9.7979999999999994e-05,1,0.99888628835585525,4.4700000000000006,3.4711137116441453,2,1,0.99888628835585525,4.4700000000000006,3.4711137116441453,0,-0.71999999999999997,-3.346766008689642,-2.6267660086896418,,,,
"parked_and_oncoming",7,0,1,500,9.8874000000000002e-05,0,-0.71999999999999997,0.78772056197739326,1.5077205619773932,2,0,-0.71999999999999997,0.78772056197739326,1.5077205619773932,1,5.1633724539739774,4.4700000000000006,-0.69337245397397673,,,,
"parked_and_oncoming",7,1,1,500,9.7907999999999998e-05,1,1.0456411934607139,4.4700000000000006,3.4243588065392867,2,1,1.0456411934607139,4.4700000000000006,3.4243588065392867,0,-0.71999999999999997,-3.3855484078771676,-2.6655484078771678,,,,
"parked_and_oncoming",8,0,1,500,9.7974000000000008e-05,1,0.90691721729858255,4.4700000000000006,3.563082782701418,2,1,0.90691721729858255,4.4700000000000006,3.563082782701418,0,-0.71999999999999997,-3.5791247919773554,-2.8591247919773553,,,,
"parked_and_oncoming",9,0,1,500,9.8468000000000007e-05,0,-0.71999999999999997,0.54194356673948163,1.2619435667394816,2,0,-0.71999999999999997,0.54194356673948163,1.2619435667394816,1,5.0575718193975732,4.4700000000000006,-0.58757181939757253,,,,
"parked_and_oncoming",9,1,1,500,9.7954000000000004e-05,1,1.0554073324929989,4.4700000000000006,3.4145926675070015,2,1,1.0554073324929989,4.4700000000000006,3.4145926675070015,0,-0.71999999999999997,-3.2517384528460198,-2.5317384528460201,,,,
"parked_and_oncoming",10,0,1,500,9.8517999999999994e-05,0,-0.71999999999999997,0.91888902383195559,1.6388890238319556,2,0,-0.71999999999999997,0.91888902383195559,1.6388890238319556,1,5.2119718499076502,4.4700000000000006,-0.74197184990764953,,,,
"parked_and_oncoming",10,1,1,500,9.7921999999999988e-05,1,0.87920586904028852,4.4700000000000006,3.5907941309597122,2,1,0.87920586904028852,4.4700000000000006,3.5907941309597122,0,-0.71999999999999997,-3.4248825386269024,-2.7048825386269026,,,,
"parked_and_oncoming",11,0,2,500,0.00011912399999999999,1,1.0539635506761424,1.1159968088348895,0.062033258158747051,3,1,1.0539635506761424,1.1159968088348895,0.062033258158747051,2,5.499020721032136,4.4700000000000006,-1.0290207210321354,0,-0.71999999999999997,-3.4187774535265412,-2.6987774535265414
"parked_and_oncoming",12,0,2,500,0.000119302,1,0.88656311405096289,1.2726834334681774,0.38612031941721447,3,1,0.88656311405096289,1.2726834334681774,0.38612031941721447,2,5.5698601001333499,4.4700000000000006,-1.0998601001333492,0,-0.71999999999999997,-3.4729796954041494,-2.7529796954041492
"parked_and_oncoming",13,0,1,500,9.8155999999999987e-05,0,-0.71999999999999997,0.73270907856247858,1.4527090785624786,2,0,-0.71999999999999997,0.73270907856247858,1.4527090785624786,1,5.06678817385888,4.4700000000000006,-0.59678817385887939,,,,
"parked_and_oncoming",13,1,1,500,9.8690000000000005e-05,1,0.96544781286593084,4.4700000000000006,3.5045521871340699,2,1,0.96544781286593084,4.4700000000000006,3.5045521871340699,0,-0.71999999999999997,-3.4550967458455775,-2.7350967458455777,,,,
"parked_and_oncoming",14,0,1,500,9.8797999999999998e-05,0,-0.71999999999999997,1.013191852684592,1.733191852684592,2,0,-0.71999999999999997,1.013191852684592,1.733191852684592,1,5.3156562504327214,4.4700000000000006,-0.84565625043272075,,,,
"parked_and_oncoming",14,1,1,500,0.00011038399999999999,1,0.87252379073620989,4.4700000000000006,3.5974762092637906,2,1,0.87252379073620989,4.4700000000000006,3.5974762092637906,0,-0.71999999999999997,-3.406182941245115,-2.6861829412451153,,,,
"parked_and_oncoming",15,0,1,500,9.8871999999999998e-05,0,-0.71999999999999997,0.9839486197931564,1.7039486197931564,2,0,-0.71999999999999997,0.9839486197931564,1.7039486197931564,1,5.5037578388036206,4.4700000000000006,-1.0337578388036199,,,,
"parked_and_oncoming",15,1,1,500,9.8425999999999996e-05,1,1.0238733234854014,4.4700000000000006,3.4461266765145995,2,1,1.0238733234854014,4.4700000000000006,3.4461266765145995,0,-0.71999999999999997,-3.2661124070010139,-2.5461124070010142,,,,
"parked_and_oncoming",16,0,1,500,0.00010251200000000001,0,-0.71999999999999997,0.81528811603626439,1.5352881160362644,2,0,-0.71999999999999997,0.81528811603626439,1.5352881160362644,1,5.3531686370942246,4.4700000000000006,-0.883168637094224,,,,
"parked_and_oncoming",16,1,1,500,9.7062e-05,1,1.0222698024801209,4.4700000000000006,3.4477301975198795,2,1,1.0222698024801209,4.4700000000000006,3.4477301975198795,0,-0.71999999999999997,-3.4327665224539334,-2.7127665224539337,,,,
"parked_and_oncoming",17,0,1,500,9.7250000000000006e-05,0,-0.71999999999999997,0.80564746567555434,1.5256474656755543,2,0,-0.71999999999999997,0.80564746567555434,1.5256474656755543,1,5.2864937769753508,4.4700000000000006,-0.81649377697535019,,,,
"parked_and_oncoming",17,1,1,500,9.7531999999999987e-05,1,0.94157643866405916,4.4700000000000006,3.5284235613359414,2,1,0.94157643866405916,4.4700000000000006,3.5284235613359414,0,-0.71999999999999997,-3.5158942158733231,-2.7958942158733233,,,,
"parked_and_oncoming",18,0,1,500,9.8247999999999999e-05,0,-0.71999999999999997,0.62887623727899,1.34887623727899,2,0,-0.71999999999999997,0.62887623727899,1.34887623727899,1,5.0495462023351516,4.4700000000000006,-0.57954620233515097,,,,
"parked_and_oncoming",18,1,1,500,9.9862e-05,1,1.0035140090822821,4.4700000000000006,3.4664859909177186,2,1,1.0035140090822821,4.4700000000000006,3.4664859909177186,0,-0.71999999999999997,-3.2960639174390578,-2.5760639174390576,,,,
"parked_and_oncoming",19,0,1,500,0.000107058,0,-0.71999999999999997,0.99939677835695395,1.7193967783569539,2,0,-0.71999999999999997,0.99939677835695395,1.7193967783569539,1,5.3969154946971134,4.4700000000000006,-0.92691549469711276,,,,
"parked_and_oncoming",19,1,1,500,0.00010276399999999999,1,1.068988006062467,4.4700000000000006,3.4010119939375336,2,1,1.068988006062467,4.4700000000000006,3.4010119939375336,0,-0.71999999999999997,-3.3182351040045575,-2.5982351040045577,,,,
"parked_and_oncoming",20,0,1,500,9.9285999999999998e-05,0,-0.71999999999999997,0.7914773331964442,1.5114773331964442,2,0,-0.71999999999999997,0.7914773331964442,1.5114773331964442,1,5.0597806088038073,4.4700000000000006,-0.58978060880380667,,,,
"parked_and_oncoming",20,1,1,500,0.00010198,1,0.8872486363694061,4.4700000000000006,3.5827513636305945,2,1,0.8872486363694061,4.4700000000000006,3.5827513636305945,0,-0.71999999999999997,-3.3982187592576842,-2.6782187592576845,,,,
"parked_and_oncoming",21,0,1,500,0.00010174,1,1.0020537417388198,4.4700000000000006,3.4679462582611809,2,1,1.0020537417388198,4.4700000000000006,3.4679462582611809,0,-0.71999999999999997,-3.3171591406491601,-2.5971591406491603,,,,
"parked_and_oncoming",22,0,1,500,9.6670000000000008e-05,1,1.1466414865115626,4.4700000000000006,3.3233585134884382,2,1,1.1466414865115626,4.4700000000000006,3.3233585134884382,0,-0.71999999999999997,-3.3204081587621284,-2.6004081587621286,,,,
"parked_and_oncoming",23,0,1,500,9.883400000000001e-05,0,-0.71999999999999997,0.75134362663029619,1.4713436266302962,2,0,-0.71999999999999997,0.75134362663029619,1.4713436266302962,1,5.2504793281380486,4.4700000000000006,-0.78047932813804799,,,,
"parked_and_oncoming",23,1,1,500,9.7977999999999989e-05,1,1.0206931659438268,4.4700000000000006,3.4493068340561739,2,1,1.0206931659438268,4.4700000000000006,3.4493068340561739,0,-0.71999999999999997,-3.4506858686704898,-2.7306858686704896,,,,
"parked_and_oncoming",24,0,1,500,9.9392e-05,0,-0.71999999999999997,0.70832825700262569,1.4283282570026257,2,0,-0.71999999999999997,0.70832825700262569,1.4283282570026257,1,5.0273220160256624,4.4700000000000006,-0.55732201602566178,,,,
"parked_and_oncoming",24,1,1,500,9.9003999999999989e-05,1,0.92786234044215044,4.4700000000000006,3.5421376595578504,2,1,0.92786234044215044,4.4700000000000006,3.5421376595578504,0,-0.71999999999999997,-3.3645329909714743,-2.6445329909714745,,,,
"parked_and_oncoming",25,0,1,500,9.7474000000000009e-05,0,-0.71999999999999997,0.64824378881553368,1.3682437888155337,2,0,-0.71999999999999997,0.64824378881553368,1.3682437888155337,1,4.9895991515850504,4.4700000000000006,-0.51959915158504977,,,,
"parked_and_oncoming",25,1,1,500,9.8995999999999999e-05,1,1.0056713947525546,4.4700000000000006,3.464328605247446,2,1,1.0056713947525546,4.4700000000000006,3.464328605247446,0,-0.71999999999999997,-3.3954696344567195,-2.6754696344567197,,,,
"parked_and_oncoming",26,0,1,500,9.9326000000000004e-05,0,-0.71999999999999997,0.51697252668177884,1.2369725266817788,2,0,-0.71999999999999997,0.51697252668177884,1.2369725266817788,1,5.0302737544373786,4.4700000000000006,-0.56027375443737792,,,,
"parked_and_oncoming",26,1,1,500,0.000100646,1,1.1603213293375789,4.4700000000000006,3.3096786706624215,2,1,1.1603213293375789,4.4700000000000006,3.3096786706624215,0,-0.71999999999999997,-3.3100745818481765,-2.5900745818481763,,,,
"parked_and_oncoming",27,0,1,500,9.9638000000000011e-05,1,0.88744385637719603,4.4700000000000006,3.5825561436228046,2,1,0.88744385637719603,4.4700000000000006,3.5825561436228046,0,-0.71999999999999997,-3.3969670746388001,-2.6769670746388003,,,,
"parked_and_oncoming",28,0,1,500,9.7198e-05,0,-0.71999999999999997,0.73833120138528918,1.4583312013852892,2,0,-0.71999999999999997,0.73833120138528918,1.4583312013852892,1,5.016529614806247,4.4700000000000006,-0.5465296148062464,,,,
"parked_and_oncoming",28,1,1,500,9.4637999999999998e-05,1,1.0116080459906829,4.4700000000000006,3.4583919540093175,2,1,1.0116080459906829,4.4700000000000006,3.4583919540093175,0,-0.71999999999999997,-3.4382027013231466,-2.7182027013231469,,,,
"parked_and_oncoming",29,0,2,500,0.000119048,1,0.94374903237328622,1.0880534781795457,0.14430444580625945,3,1,0.94374903237328622,1.0880534781795457,0.14430444580625945,2,5.3608040119845199,4.4700000000000006,-0.89080401198451931,0,-0.71999999999999997,-3.4677210825674907,-2.7477210825674909
"parked_and_oncoming",30,0,1,500,9.8262000000000002e-05,0,-0.71999999999999997,0.7794485096538446,1.4994485096538446,2,0,-0.71999999999999997,0.7794485096538446,1.4994485096538446,1,5.2714996172498001,4.4700000000000006,-0.80149961724979946,,,,
"parked_and_oncoming",30,1,1,500,9.8052000000000002e-05,1,1.0543628159432124,4.4700000000000006,3.4156371840567883,2,1,1.0543628159432124,4.4700000000000006,3.4156371840567883,0,-0.71999999999999997,-3.348666559470546,-2.6286665594705463,,,,
"parked_and_oncoming",31,0,2,500,0.00012068800000000001,1,0.89517195322111554,0.94936421952162564,0.054192266300510106,3,1,0.89517195322111554,0.94936421952162564,0.054192266300510106,2,5.2963865045093499,4.4700000000000006,-0.82638650450934925,0,-0.71999999999999997,-3.5711068149796699,-2.8511068149796701
"parked_and_oncoming",32,0,1,500,9.9136000000000008e-05,0,-0.71999999999999997,1.0241193051669222,1.7441193051669222,2,0,-0.71999999999999997,1.0241193051669222,1.7441193051669222,1,5.336089811582605,4.4700000000000006,-0.86608981158260434,,,,
"parked_and_oncoming",32,1,1,500,0.00010111199999999999,1,1.0375801889089773,4.4700000000000006,3.4324198110910231,2,1,1.0375801889089773,4.4700000000000006,3.4324198110910231,0,-0.71999999999999997,-3.3432414316497856,-2.6232414316497854,,,,
"parked_and_oncoming",33,0,2,500,0.00012342599999999999,1,0.94292446528995322,1.057030554513287,0.11410608922333376,3,1,0.94292446528995322,1.057030554513287,0.11410608922333376,2,5.5498674122365035,4.4700000000000006,-1.0798674122365028,0,-0.71999999999999997,-3.4421875576987313,-2.7221875576987316
"parked_and_oncoming",34,0,1,500,0.000100626,0,-0.71999999999999997,0.85017989785992598,1.570179897859926,2,0,-0.71999999999999997,0.85017989785992598,1.570179897859926,1,5.2135855596233087,4.4700000000000006,-0.74358555962330808,,,,
"parked_and_oncoming",34,1,1,500,0.000100814,1,1.1264585986470461,4.4700000000000006,3.3435414013529545,2,1,1.1264585986470461,4.4700000000000006,3.3435414013529545,0,-0.71999999999999997,-3.2911031432856239,-2.5711031432856242,,,,
"parked_and_oncoming",35,0,1,500,0.000102094,0,-0.71999999999999997,1.3001244814407731,2.0201244814407731,2,0,-0.71999999999999997,1.3001244814407731,2.0201244814407731,1,5.5905885808891425,4.4700000000000006,-1.1205885808891418,,,,
"parked_and_oncoming",35,1,1,500,9.7115999999999996e-05,1,1.1040181714074839,4.4700000000000006,3.3659818285925169,2,1,1.1040181714074839,4.4700000000000006,3.3659818285925169,0,-0.71999999999999997,-3.385701223586064,-2.6657012235860638,,,,
"parked_and_oncoming",36,0,1,500,0.00010171,0,-0.71999999999999997,0.52827597803418502,1.248275978034185,2,0,-0.71999999999999997,0.52827597803418502,1.248275978034185,1,4.9839283010488522,4.4700000000000006,-0.51392830104885157,,,,
"parked_and_oncoming",36,1,1,500,0.00010111,1,0.91451603249074376,4.4700000000000006,3.5554839675092569,2,1,0.91451603249074376,4.4700000000000006,3.5554839675092569,0,-0.71999999999999997,-3.4955380974315799,-2.7755380974315802,,,,
"parked_and_oncoming",37,0,1,500,0.00010208,0,-0.71999999999999997,0.79900448479176189,1.5190044847917619,2,0,-0.71999999999999997,0.79900448479176189,1.5190044847917619,1,5.0941097789142376,4.4700000000000006,-0.62410977891423691,,,,
"parked_and_oncoming",37,1,1,500,0.00010118,1,0.96847637271829756,4.4700000000000006,3.5015236272817032,2,1,0.96847637271829756,4.4700000000000006,3.5015236272817032,0,-0.71999999999999997,-3.3330126484934683,-2.6130126484934681,,,,
"parked_and_oncoming",38,0,1,500,0.00010476000000000001,0,-0.71999999999999997,0.94688356938395302,1.666883569383953,2,0,-0.71999999999999997,0.94688356938395302,1.666883569383953,1,5.3611074930177782,4.4700000000000006,-0.89110749301777759,,,,
"parked_and_oncoming",38,1,1,500,9.7153999999999998e-05,1,1.0918935998638259,4.4700000000000006,3.3781064001361747,2,1,1.0918935998638259,4.4700000000000006,3.3781064001361747,0,-0.71999999999999997,-3.2829031843371639,-2.5629031843371637,,,,
"parked_and_oncoming",39,0,1,500,9.9802000000000004e-05,1,1.0174593794815103,4.4700000000000006,3.4525406205184903,2,1,1.0174593794815103,4.4700000000000006,3.4525406205184903,0,-0.71999999999999997,-3.297217114609853,-2.5772171146098533,,,,
"parked_and_oncoming",40,0,2,500,0.00012374200000000001,1,1.1234313323677885,1.1917407972971499,0.068309464929361408,3,1,1.1234313323677885,1.1917407972971499,0.068309464929361408,2,5.5248885874486948,4.4700000000000006,-1.0548885874486942,0,-0.71999999999999997,-3.2627381157030877,-2.5427381157030879
"parked_and_oncoming",41,0,1,500,0.00010263600000000001,0,-0.71999999999999997,0.85322418145222767,1.5732241814522276,2,0,-0.71999999999999997,0.85322418145222767,1.5732241814522276,1,5.2981011474395565,4.4700000000000006,-0.82810114743955587,,,,
"parked_and_oncoming",41,1,1,500,0.000101298,1,1.0517068026770977,4.4700000000000006,3.4182931973229032,2,1,1.0517068026770977,4.4700000000000006,3.4182931973229032,0,-0.71999999999999997,-3.34242518686071,-2.6224251868607098,,,,
"parked_and_oncoming",42,0,1,500,0.00010192,0,-0.71999999999999997,1.1009434143417405,1.8209434143417405,2,0,-0.71999999999999997,1.1009434143417405,1.8209434143417405,1,5.4790009743416999,4.4700000000000006,-1.0090009743416992,,,,
"parked_and_oncoming",42,1,1,500,0.00010242400000000001,1,0.91557570823539991,4.4700000000000006,3.554424291764601,2,1,0.91557570823539991,4.4700000000000006,3.554424291764601,0,-0.71999999999999997,-3.5794852940202575,-2.8594852940202573,,,,
"parked_and_oncoming",43,0,2,500,0.000119596,1,0.87125297730787687,0.89208794650386758,0.020834969195990705,3,1,0.87125297730787687,0.89208794650386758,0.020834969195990705,2,5.3934346312052259,4.4700000000000006,-0.92343463120522529,0,-0.71999999999999997,-3.4496603541878659,-2.7296603541878657
"parked_and_oncoming",44,0,1,500,0.000100246,0,-0.71999999999999997,0.73785697657797189,1.4578569765779719,2,0,-0.71999999999999997,0.73785697657797189,1.4578569765779719,1,5.2411585818211543,4.4700000000000006,-0.77115858182115371,,,,
"parked_and_oncoming",44,1,1,500,9.9468000000000004e-05,1,0.91874293719949451,4.4700000000000006,3.5512570628005062,2,1,0.91874293719949451,4.4700000000000006,3.5512570628005062,0,-0.71999999999999997,-3.4624398553229199,-2.7424398553229201,,,,
"parked_and_oncoming",45,0,1,500,0.00010189800000000001,0,-0.71999999999999997,0.83295684903598444,1.5529568490359844,2,0,-0.71999999999999997,0.83295684903598444,1.5529568490359844,1,5.3966216334224466,4.4700000000000006,-0.92662163342244597,,,,
"parked_and_oncoming",45,1,1,500,0.000100068,1,1.0263604593843647,4.4700000000000006,3.4436395406156359,2,1,1.0263604593843647,4.4700000000000006,3.4436395406156359,0,-0.71999999999999997,-3.2943183287210251,-2.5743183287210254,,,,
"parked_and_oncoming",46,0,1,500,9.8108000000000003e-05,0,-0.71999999999999997,1.2028792495170533,1.9228792495170532,2,0,-0.71999999999999997,1.2028792495170533,1.9228792495170532,1,5.6698084338992691,4.4700000000000006,-1.1998084338992685,,,,
"parked_and_oncoming",46,1,1,500,9.984800000000001e-05,1,1.0060165858047503,4.4700000000000006,3.4639834141952504,2,1,1.0060165858047503,4.4700000000000006,3.4639834141952504,0,-0.71999999999999997,-3.4395227275686087,-2.7195227275686085,,,,
"parked_and_oncoming",47,0,1,500,0.00010039600000000001,0,-0.71999999999999997,1.1931148825383755,1.9131148825383755,2,0,-0.71999999999999997,1.1931148825383755,1.9131148825383755,1,5.4918523488847839,4.4700000000000006,-1.0218523488847833,,,,
"parked_and_oncoming",47,1,1,500,9.9190000000000004e-05,1,0.78671733760431284,4.4700000000000006,3.6832826623956878,2,1,0.78671733760431284,4.4700000000000006,3.6832826623956878,0,-0.71999999999999997,-3.4720917369131068,-2.7520917369131066,,,,
"parked_and_oncoming",48,0,1,500,0.000100108,0,-0.71999999999999997,1.2055045143835044,1.9255045143835043,2,0,-0.71999999999999997,1.2055045143835044,1.9255045143835043,1,5.4721883793728647,4.4700000000000006,-1.0021883793728641,,,,
"parked_and_oncoming",48,1,1,500,0.000103782,1,1.0164696050305979,4.4700000000000006,3.4535303949694027,2,1,1.0164696050305979,4.4700000000000006,3.4535303949694027,0,-0.71999999999999997,-3.3460128445317241,-2.6260128445317239,,,,
"parked_and_oncoming",49,0,1,500,0.00010195799999999999,1,1.1263669217785952,4.4700000000000006,3.3436330782214054,2,1,1.1263669217785952,4.4700000000000006,3.3436330782214054,0,-0.71999999999999997,-3.2453057975742912,-2.5253057975742914,,,,
"parked_and_oncoming",50,0,1,500,0.000101036,0,-0.71999999999999997,1.0668088049583089,1.7868088049583088,2,0,-0.71999999999999997,1.0668088049583089,1.7868088049583088,1,5.3104727567827901,4.4700000000000006,-0.84047275678278943,,,,
"parked_and_oncoming",50,1,1,500,9.7142000000000013e-05,1,0.86832863123852921,4.4700000000000006,3.6016713687614716,2,1,0.86832863123852921,4.4700000000000006,3.6016713687614716,0,-0.71999999999999997,-3.4837358030714412,-2.763735803071441,,,,
"parked_and_oncoming",51,0,1,500,9.6387999999999999e-05,0,-0.71999999999999997,0.62694353364901612,1.3469435336490161,2,0,-0.71999999999999997,0.62694353364901612,1.3469435336490161,1,5.0070231353113792,4.4700000000000006,-0.53702313531137857,,,,
"parked_and_oncoming",51,1,1,500,9.6047999999999999e-05,1,1.0826406861784759,4.4700000000000006,3.3873593138215248,2,1,1.0826406861784759,4.4700000000000006,3.3873593138215248,0,-0.71999999999999997,-3.2081601295644786,-2.4881601295644789,,,,
"parked_and_oncoming",52,0,1,500,9.7165999999999998e-05,0,-0.71999999999999997,1.206694030013796,1.926694030013796,2,0,-0.71999999999999997,1.206694030013796,1.926694030013796,1,5.4922521945224743,4.4700000000000006,-1.0222521945224736,,,,
"parked_and_oncoming",52,1,1,500,9.3988000000000009e-05,1,1.1454856572676588,4.4700000000000006,3.3245143427323418,2,1,1.1454856572676588,4.4700000000000006,3.3245143427323418,0,-0.71999999999999997,-3.2527998450324174,-2.5327998450324172,,,,
"parked_and_oncoming",53,0,1,500,9.8126000000000002e-05,0,-0.71999999999999997,1.0102574199814003,1.7302574199814003,2,0,-0.71999999999999997,1.0102574199814003,1.7302574199814003,1,5.5322491111460339,4.4700000000000006,-1.0622491111460333,,,,
"parked_and_oncoming",53,1,1,500,9.8507999999999999e-05,1,0.96279175646989745,4.4700000000000006,3.5072082435301031,2,1,0.96279175646989745,4.4700000000000006,3.5072082435301031,0,-0.71999999999999997,-3.5183474705597648,-2.7983474705597651,,,,
"parked_and_oncoming",54,0,1,500,9.7505999999999998e-05,0,-0.71999999999999997,0.93561326043970339,1.6556132604397034,2,0,-0.71999999999999997,0.93561326043970339,1.6556132604397034,1,5.4704243511625634,4.4700000000000006,-1.0004243511625628,,,,
"parked_and_oncoming",54,1,1,500,9.9314000000000005e-05,1,0.94899838114777291,4.4700000000000006,3.5210016188522277,2,1,0.94899838114777291,4.4700000000000006,3.5210016188522277,0,-0.71999999999999997,-3.4407685201936626,-2.7207685201936629,,,,
"parked_and_oncoming",55,0,1,500,9.5902000000000004e-05,0,-0.71999999999999997,1.1868286418435656,1.9068286418435656,2,0,-0.71999999999999997,1.1868286418435656,1.9068286418435656,1,5.7556779423542839,4.4700000000000006,-1.2856779423542832,,,,
"parked_and_oncoming",55,1,1,500,9.8017999999999996e-05,1,1.1022180075228405,4.4700000000000006,3.3677819924771599,2,1,1.1022180075228405,4.4700000000000006,3.3677819924771599,0,-0.71999999999999997,-3.3703796178776697,-2.65037961787767,,,,
"parked_and_oncoming",56,0,1,500,9.589200000000001e-05,0,-0.71999999999999997,1.2594460283985915,1.9794460283985915,2,0,-0.71999999999999997,1.2594460283985915,1.9794460283985915,1,5.5052195601305645,4.4700000000000006,-1.0352195601305638,,,,
"parked_and_oncoming",56,1,1,500,9.8916e-05,1,1.0121013375343701,4.4700000000000006,3.4578986624656305,2,1,1.0121013375343701,4.4700000000000006,3.4578986624656305,0,-0.71999999999999997,-3.3635929054925584,-2.6435929054925582,,,,
"parked_and_oncoming",57,0,1,500,9.7898000000000004e-05,0,-0.71999999999999997,0.80854138637992778,1.5285413863799278,2,0,-0.71999999999999997,0.80854138637992778,1.5285413863799278,1,5.3146981397076365,4.4700000000000006,-0.84469813970763585,,,,
"parked_and_oncoming",57,1,1,500,9.4164000000000002e-05,1,0.97954370668266222,4.4700000000000006,3.4904562933173384,2,1,0.97954370668266222,4.4700000000000006,3.4904562933173384,0,-0.71999999999999997,-3.3380384260641058,-2.6180384260641061,,,,
"parked_and_oncoming",58,0,1,500,9.6740000000000012e-05,0,-0.71999999999999997,0.81831927074316013,1.5383192707431601,2,0,-0.71999999999999997,0.81831927074316013,1.5383192707431601,1,5.3146078975285986,4.4700000000000006,-0.844607897528598,,,,
"parked_and_oncoming",58,1,1,500,0.00010020600000000001,1,1.1320621395018131,4.4700000000000006,3.3379378604981875,2,1,1.1320621395018131,4.4700000000000006,3.3379378604981875,0,-0.71999999999999997,-3.237131590581213,-2.5171315905812133,,,,
"parked_and_oncoming",59,0,1,500,0.000102434,0,-0.71999999999999997,1.0260198663154263,1.7460198663154263,2,0,-0.71999999999999997,1.0260198663154263,1.7460198663154263,1,5.3005354264737381,4.4700000000000006,-0.83053542647373746,,,,
"parked_and_oncoming",59,1,1,500,9.7759999999999999e-05,1,0.84196164469891988,4.4700000000000006,3.6280383553010807,2,1,0.84196164469891988,4.4700000000000006,3.6280383553010807,0,-0.71999999999999997,-3.4323080855274228,-2.7123080855274226,,,,
"parked_and_oncoming",60,0,1,500,9.794400000000001e-05,1,0.89692174574813377,4.4700000000000006,3.5730782542518669,2,1,0.89692174574813377,4.4700000000000006,3.5730782542518669,0,-0.71999999999999997,-3.4491313163345492,-2.7291313163345494,,,,
"parked_and_oncoming",61,0,1,500,9.9134000000000003e-05,0,-0.71999999999999997,0.60621882901253565,1.3262188290125356,2,0,-0.71999999999999997,0.60621882901253565,1.3262188290125356,1,5.0531536799708157,4.4700000000000006,-0.58315367997081502,,,,
"parked_and_oncoming",61,1,1,500,9.3854000000000013e-05,1,1.0941713203429155,4.4700000000000006,3.3758286796570851,2,1,1.0941713203429155,4.4700000000000006,3.3758286796570851,0,-0.71999999999999997,-3.2543743514628138,-2.5343743514628141,,,,
"parked_and_oncoming",62,0,1,500,9.5271999999999992e-05,0,-0.71999999999999997,1.2381053372843922,1.9581053372843922,2,0,-0.71999999999999997,1.2381053372843922,1.9581053372843922,1,5.6675593079604853,4.4700000000000006,-1.1975593079604847,,,,
"parked_and_oncoming",62,1,1,500,9.9037999999999996e-05,1,1.159785801604813,4.4700000000000006,3.3102141983951876,2,1,1.159785801604813,4.4700000000000006,3.3102141983951876,0,-0.71999999999999997,-3.3096268502070263,-2.5896268502070265,,,,
"parked_and_oncoming",63,0,1,500,9.6689999999999998e-05,0,-0.71999999999999997,0.84170701575106976,1.5617070157510697,2,0,-0.71999999999999997,0.84170701575106976,1.5617070157510697,1,5.2814744329478174,4.4700000000000006,-0.81147443294781674,,,,
"parked_and_oncoming",63,1,1,500,9.8026e-05,1,0.92961147742242478,4.4700000000000006,3.540388522577576,2,1,0.92961147742242478,4.4700000000000006,3.540388522577576,0,-0.71999999999999997,-3.3401071452766655,-2.6201071452766653,,,,
"parked_and_oncoming",64,0,1,500,9.9722000000000005e-05,1,0.89355436468027583,4.4700000000000006,3.5764456353197249,2,1,0.89355436468027583,4.4700000000000006,3.5764456353197249,0,-0.71999999999999997,-3.4634906947826516,-2.7434906947826514,,,,
"parked_and_oncoming",65,0,2,500,0.000123342,1,1.0682518218411654,1.1211969147720526,0.052945092930887228,3,1,1.0682518218411654,1.1211969147720526,0.052945092930887228,2,5.4409247479652079,4.4700000000000006,-0.97092474796520722,0,-0.71999999999999997,-3.2922317518226629,-2.5722317518226632
"parked_and_oncoming",66,0,1,500,9.8208000000000006e-05,0,-0.71999999999999997,0.56155007123507539,1.2815500712350754,2,0,-0.71999999999999997,0.56155007123507539,1.2815500712350754,1,5.1329491086951853,4.4700000000000006,-0.66294910869518464,,,,
"parked_and_oncoming",66,1,1,500,0.00010258000000000001,1,1.0446131959838874,4.4700000000000006,3.4253868040161133,2,1,1.0446131959838874,4.4700000000000006,3.4253868040161133,0,-0.71999999999999997,-3.3149771210487602,-2.5949771210487604,,,,
"parked_and_oncoming",67,0,1,500,9.9203999999999994e-05,0,-0.71999999999999997,1.1841670630347316,1.9041670630347316,2,0,-0.71999999999999997,1.1841670630347316,1.9041670630347316,1,5.598131741447844,4.4700000000000006,-1.1281317414478433,,,,
"parked_and_oncoming",67,1,1,500,0.000102378,1,1.0288108590971308,4.4700000000000006,3.4411891409028699,2,1,1.0288108590971308,4.4700000000000006,3.4411891409028699,0,-0.71999999999999997,-3.2540930209691643,-2.5340930209691646,,,,
"parked_and_oncoming",68,0,1,500,9.9066000000000003e-05,0,-0.71999999999999997,1.2898360665056914,2.0098360665056916,2,0,-0.71999999999999997,1.2898360665056914,2.0098360665056916,1,5.6041499424992036,4.4700000000000006,-1.134149942499203,,,,
"parked_and_oncoming",68,1,1,500,0.00010241599999999999,1,0.92896656402234978,4.4700000000000006,3.541033435977651,2,1,0.92896656402234978,4.4700000000000006,3.541033435977651,0,-0.71999999999999997,-3.500209418469689,-2.7802094184696893,,,,
"parked_and_oncoming",69,0,1,500,0.00010003800000000001,0,-0.71999999999999997,0.84667703045358134,1.5666770304535813,2,0,-0.71999999999999997,0.84667703045358134,1.5666770304535813,1,5.3170854358555157,4.4700000000000006,-0.8470854358555151,,,,
"parked_and_oncoming",69,1,1,500,9.7208000000000008e-05,1,0.98181124117220364,4.4700000000000006,3.4881887588277971,2,1,0.98181124117220364,4.4700000000000006,3.4881887588277971,0,-0.71999999999999997,-3.3682782977965902,-2.6482782977965904,,,,
"parked_and_oncoming",70,0,1,500,0.00010720599999999999,0,-0.71999999999999997,1.0929514949030197,1.8129514949030197,2,0,-0.71999999999999997,1.0929514949030197,1.8129514949030197,1,5.446485092691816,4.4700000000000006,-0.97648509269181538,,,,
"parked_and_oncoming",70,1,1,500,0.000101838,1,0.93063328695651459,4.4700000000000006,3.5393667130434858,2,1,0.93063328695651459,4.4700000000000006,3.5393667130434858,0,-0.71999999999999997,-3.3575619651939288,-2.637561965193929,,,,
"parked_and_oncoming",71,0,1,500,0.00010218199999999999,0,-0.71999999999999997,1.1845205082502535,1.9045205082502534,2,0,-0.71999999999999997,1.1845205082502535,1.9045205082502534,1,5.6448996988405131,4.4700000000000006,-1.1748996988405125,,,,
"parked_and_oncoming",71,1,1,500,0.000101982,1,0.91612882668102791,4.4700000000000006,3.5538711733189725,2,1,0.91612882668102791,4.4700000000000006,3.5538711733189725,0,-0.71999999999999997,-3.5303491668296778,-2.8103491668296776,,,,
"parked_and_oncoming",72,0,1,500,0.00010137,1,0.81849076412780386,4.4700000000000006,3.6515092358721968,2,1,0.81849076412780386,4.4700000000000006,3.6515092358721968,0,-0.71999999999999997,-3.4610972092808852,-2.741097209280885,,,,
"parked_and_oncoming",73,0,1,500,9.9998e-05,0,-0.71999999999999997,1.3461090088049856,2.0661090088049856,2,0,-0.71999999999999997,1.3461090088049856,2.0661090088049856,1,5.636651644503254,4.4700000000000006,-1.1666516445032533,,,,
"parked_and_oncoming",73,1,1,500,0.00010359599999999999,1,1.1557628661899368,4.4700000000000006,3.3142371338100638,2,1,1.1557628661899368,4.4700000000000006,3.3142371338100638,0,-0.71999999999999997,-3.296109942424847,-2.5761099424248473,,,,
"parked_and_oncoming",74,0,1,500,0.00010284799999999999,1,1.0688508427802981,4.4700000000000006,3.4011491572197023,2,1,1.0688508427802981,4.4700000000000006,3.4011491572197023,0,-0.71999999999999997,-3.3395564927733119,-2.6195564927733122,,,,
"parked_and_oncoming",75,0,1,500,0.00010331600000000001,1,1.0341628254929962,4.4700000000000006,3.4358371745070047,2,1,1.0341628254929962,4.4700000000000006,3.4358371745070047,0,-0.71999999999999997,-3.4455158687973979,-2.7255158687973982,,,,
"parked_and_oncoming",76,0,1,500,0.000102106,0,-0.71999999999999997,0.64265516714746962,1.3626551671474696,2,0,-0.71999999999999997,0.64265516714746962,1.3626551671474696,1,5.0414236371858632,4.4700000000000006,-0.57142363718586253,,,,
"parked_and_oncoming",76,1,1,500,0.000102254,1,1.1270141509529523,4.4700000000000006,3.3429858490470483,2,1,1.1270141509529523,4.4700000000000006,3.3429858490470483,0,-0.71999999999999997,-3.330314835586444,-2.6103148355864443,,,,
"parked_and_oncoming",77,0,1,500,9.9820000000000003e-05,0,-0.71999999999999997,0.85568667720204528,1.5756866772020452,2,0,-0.71999999999999997,0.85568667720204528,1.5756866772020452,1,5.3224275639365333,4.4700000000000006,-0.85242756393653263,,,,
"parked_and_oncoming",77,1,1,500,9.8919999999999995e-05,1,0.97365767972401163,4.4700000000000006,3.4963423202759891,2,1,0.97365767972401163,4.4700000000000006,3.4963423202759891,0,-0.71999999999999997,-3.3515566178948646,-2.6315566178948648,,,,
"parked_and_oncoming",78,0,1,500,0.00010210199999999999,0,-0.71999999999999997,0.65210207180184976,1.3721020718018497,2,0,-0.71999999999999997,0.65210207180184976,1.3721020718018497,1,5.0220100937275856,4.4700000000000006,-0.55201009372758492,,,,
"parked_and_oncoming",78,1,1,500,0.00010727200000000001,1,1.0861775241671285,4.4700000000000006,3.3838224758328721,2,1,1.0861775241671285,4.4700000000000006,3.3838224758328721,0,-0.71999999999999997,-3.2169964741153381,-2.4969964741153383,,,,
"parked_and_oncoming",79,0,1,500,0.000107178,0,-0.71999999999999997,0.97438976595558757,1.6943897659555875,2,0,-0.71999999999999997,0.97438976595558757,1.6943897659555875,1,5.4823759558050149,4.4700000000000006,-1.0123759558050143,,,,
"parked_and_oncoming",79,1,1,500,0.000107874,1,1.0301013549554954,4.4700000000000006,3.4398986450445053,2,1,1.0301013549554954,4.4700000000000006,3.4398986450445053,0,-0.71999999999999997,-3.3158355704130322,-2.5958355704130325,,,,
"parked_and_oncoming",80,0,1,500,0.000106684,0,-0.71999999999999997,1.2437177818324734,1.9637177818324734,2,0,-0.71999999999999997,1.2437177818324734,1.9637177818324734,1,5.6786432586250699,4.4700000000000006,-1.2086432586250693,,,,
"parked_and_oncoming",80,1,1,500,0.00010978,1,0.91052560315325304,4.4700000000000006,3.5594743968467477,2,1,0.91052560315325304,4.4700000000000006,3.5594743968467477,0,-0.71999999999999997,-3.4189446986893794,-2.6989446986893793,,,,
"parked_and_oncoming",81,0,1,500,0.000105074,0,-0.71999999999999997,0.89707851430562058,1.6170785143056206,2,0,-0.71999999999999997,0.89707851430562058,1.6170785143056206,1,5.2749156472510226,4.4700000000000006,-0.80491564725102194,,,,
"parked_and_oncoming",81,1,1,500,0.00010280200000000001,1,0.81484963180449865,4.4700000000000006,3.655150368195502,2,1,0.81484963180449865,4.4700000000000006,3.655150368195502,0,-0.71999999999999997,-3.4931883505532744,-2.7731883505532746,,,,
"parked_and_oncoming",82,0,1,500,0.000100624,0,-0.71999999999999997,0.55948609495564705,1.279486094955647,2,0,-0.71999999999999997,0.55948609495564705,1.279486094955647,1,5.0716838213873441,4.4700000000000006,-0.60168382138734344,,,,
"parked_and_oncoming",82,1,1,500,0.000101252,1,0.87596896970563698,4.4700000000000006,3.5940310302943637,2,1,0.87596896970563698,4.4700000000000006,3.5940310302943637,0,-0.71999999999999997,-3.4997225961939495,-2.7797225961939498,,,,
"parked_and_oncoming",83,0,1,500,9.7479999999999995e-05,0,-0.71999999999999997,0.72355134092308027,1.4435513409230802,2,0,-0.71999999999999997,0.72355134092308027,1.4435513409230802,1,5.1019772547639404,4.4700000000000006,-0.63197725476393973,,,,
"parked_and_oncoming",83,1,1,500,9.8757999999999992e-05,1,1.0902136421974413,4.4700000000000006,3.3797863578025593,2,1,1.0902136421974413,4.4700000000000006,3.3797863578025593,0,-0.71999999999999997,-3.3738263716431378,-2.6538263716431381,,,,
"parked_and_oncoming",84,0,1,500,0.00010058599999999999,0,-0.71999999999999997,0.86774702145130744,1.5877470214513074,2,0,-0.71999999999999997,0.86774702145130744,1.5877470214513074,1,5.2647539360537596,4.4700000000000006,-0.79475393605375899,,,,
"parked_and_oncoming",84,1,1,500,9.9549999999999994e-05,1,1.0909248527625848,4.4700000000000006,3.3790751472374159,2,1,1.0909248527625848,4.4700000000000006,3.3790751472374159,0,-0.71999999999999997,-3.2418451386113647,-2.5218451386113649,,,,
"parked_and_oncoming",85,0,1,500,9.9874e-05,0,-0.71999999999999997,0.78061688250341499,1.500616882503415,2,0,-0.71999999999999997,0.78061688250341499,1.500616882503415,1,5.3171170979080919,4.4700000000000006,-0.84711709790809131,,,,
"parked_and_oncoming",85,1,1,500,9.9919999999999992e-05,1,0.9311189177604321,4.4700000000000006,3.5388810822395684,2,1,0.9311189177604321,4.4700000000000006,3.5388810822395684,0,-0.71999999999999997,-3.5108032368837012,-2.7908032368837015,,,,
"parked_and_oncoming",86,0,1,500,0.00010074800000000001,0,-0.71999999999999997,1.1450914682490818,1.8650914682490818,2,0,-0.71999999999999997,1.1450914682490818,1.8650914682490818,1,5.4184084586337713,4.4700000000000006,-0.94840845863377066,,,,
"parked_and_oncoming",86,1,1,500,0.00010237400000000001,1,0.84280178318658738,4.4700000000000006,3.6271982168134134,2,1,0.84280178318658738,4.4700000000000006,3.6271982168134134,0,-0.71999999999999997,-3.5053306287477088,-2.7853306287477091,,,,
"parked_and_oncoming",87,0,1,500,9.8626000000000001e-05,0,-0.71999999999999997,0.53703148744447038,1.2570314874444704,2,0,-0.71999999999999997,0.53703148744447038,1.2570314874444704,1,4.9090394236343533,4.4700000000000006,-0.43903942363435267,,,,
"parked_and_oncoming",87,1,1,500,0.00010281400000000001,1,0.85025711639993973,4.4700000000000006,3.6197428836000611,2,1,0.85025711639993973,4.4700000000000006,3.6197428836000611,0,-0.71999999999999997,-3.4465693677744138,-2.7265693677744141,,,,
"parked_and_oncoming",88,0,1,500,0.00010044000000000001,1,1.1199346658811586,4.4700000000000006,3.3500653341188418,2,1,1.1199346658811586,4.4700000000000006,3.3500653341188418,0,-0.71999999999999997,-3.221748017251918,-2.5017480172519182,,,,
"parked_and_oncoming",89,0,1,500,0.000103372,0,-0.71999999999999997,1.0904246002264681,1.8104246002264681,2,0,-0.71999999999999997,1.0904246002264681,1.8104246002264681,1,5.4963493109991504,4.4700000000000006,-1.0263493109991497,,,,
"parked_and_oncoming",89,1,1,500,0.000102944,1,1.0097748665354471,4.4700000000000006,3.4602251334645535,2,1,1.0097748665354471,4.4700000000000006,3.4602251334645535,0,-0.71999999999999997,-3.4364394245327388,-2.716439424532739,,,,
"parked_and_oncoming",90,0,1,500,9.9042000000000005e-05,0,-0.71999999999999997,0.62624696661469947,1.3462469666146994,2,0,-0.71999999999999997,0.62624696661469947,1.3462469666146994,1,5.0887042945408023,4.4700000000000006,-0.61870429454080167,,,,
"parked_and_oncoming",90,1,1,500,0.00011166399999999999,1,1.0550268259006601,4.4700000000000006,3.4149731740993405,2,1,1.0550268259006601,4.4700000000000006,3.4149731740993405,0,-0.71999999999999997,-3.4119702871588351,-2.6919702871588349,,,,
"parked_and_oncoming",91,0,1,500,0.00010351,0,-0.71999999999999997,1.1501876613174398,1.8701876613174397,2,0,-0.71999999999999997,1.1501876613174398,1.8701876613174397,1,5.5623260613493626,4.4700000000000006,-1.0923260613493619,,,,
"parked_and_oncoming",91,1,1,500,0.000106168,1,0.83136958257754356,4.4700000000000006,3.6386304174224571,2,1,0.83136958257754356,4.4700000000000006,3.6386304174224571,0,-0.71999999999999997,-3.4187459342317714,-2.6987459342317717,,,,
"parked_and_oncoming",92,0,1,500,0.000108336,0,-0.71999999999999997,1.0174957885417697,1.7374957885417697,2,0,-0.71999999999999997,1.0174957885417697,1.7374957885417697,1,5.5014991215176261,4.4700000000000006,-1.0314991215176255,,,,
"parked_and_oncoming",92,1,1,500,0.00010606400000000001,1,0.8684093209004663,4.4700000000000006,3.6015906790995342,2,1,0.8684093209004663,4.4700000000000006,3.6015906790995342,0,-0.71999999999999997,-3.5107792409238652,-2.7907792409238654,,,,
"parked_and_oncoming",93,0,1,500,9.8839999999999996e-05,0,-0.71999999999999997,0.5768230176625091,1.2968230176625091,2,0,-0.71999999999999997,0.5768230176625091,1.2968230176625091,1,4.9105036655062744,4.4700000000000006,-0.44050366550627373,,,,
"parked_and_oncoming",93,1,1,500,0.00011344600000000001,1,0.87468137096202758,4.4700000000000006,3.5953186290379731,2,1,0.87468137096202758,4.4700000000000006,3.5953186290379731,0,-0.71999999999999997,-3.5066689051707129,-2.7866689051707132,,,,
"parked_and_oncoming",94,0,1,500,9.7413999999999999e-05,0,-0.71999999999999997,1.1396263271546194,1.8596263271546194,2,0,-0.71999999999999997,1.1396263271546194,1.8596263271546194,1,5.5919279876963017,4.4700000000000006,-1.1219279876963011,,,,
"parked_and_oncoming",94,1,1,500,9.6976000000000001e-05,1,0.82138964343867249,4.4700000000000006,3.6486103565613281,2,1,0.82138964343867249,4.4700000000000006,3.6486103565613281,0,-0.71999999999999997,-3.5204436497432514,-2.8004436497432517,,,,
"parked_and_oncoming",95,0,1,500,9.7386000000000006e-05,0,-0.71999999999999997,1.1962759763504731,1.9162759763504731,2,0,-0.71999999999999997,1.1962759763504731,1.9162759763504731,1,5.7095011695255691,4.4700000000000006,-1.2395011695255684,,,,
"parked_and_oncoming",95,1,1,500,9.7446000000000002e-05,1,0.97094980430437672,4.4700000000000006,3.4990501956956237,2,1,0.97094980430437672,4.4700000000000006,3.4990501956956237,0,-0.71999999999999997,-3.4052706903455676,-2.6852706903455674,,,,
"parked_and_oncoming",96,0,1,500,9.7974000000000008e-05,0,-0.71999999999999997,1.1547524565972362,1.8747524565972362,2,0,-0.71999999999999997,1.1547524565972362,1.8747524565972362,1,5.6122804431582374,4.4700000000000006,-1.1422804431582367,,,,
"parked_and_oncoming",96,1,1,500,9.7399999999999996e-05,1,1.0045487406790015,4.4700000000000006,3.4654512593209992,2,1,1.0045487406790015,4.4700000000000006,3.4654512593209992,0,-0.71999999999999997,-3.2728367440764461,-2.5528367440764459,,,,
"parked_and_oncoming",97,0,2,500,0.00012017400000000001,1,0.90033259693561341,1.1175440523069431,0.21721145537132969,3,1,0.90033259693561341,1.1175440523069431,0.21721145537132969,2,5.657683654489805,4.4700000000000006,-1.1876836544898044,0,-0.71999999999999997,-3.5306120424371024,-2.8106120424371026
"parked_and_oncoming",98,0,1,500,9.4701999999999989e-05,0,-0.71999999999999997,0.57721939235406161,1.2972193923540616,2,0,-0.71999999999999997,0.57721939235406161,1.2972193923540616,1,5.0900550972183849,4.4700000000000006,-0.62005509721838425,,,,
"parked_and_oncoming",98,1,1,500,9.9386e-05,1,0.80027156674787292,4.4700000000000006,3.6697284332521276,2,1,0.80027156674787292,4.4700000000000006,3.6697284332521276,0,-0.71999999999999997,-3.4488809765761674,-2.7288809765761677,,,,
"parked_and_oncoming",99,0,1,500,9.8932000000000008e-05,1,1.1336518776220172,4.4700000000000006,3.3363481223779834,2,1,1.1336518776220172,4.4700000000000006,3.3363481223779834,0,-0.71999999999999997,-3.3355503535297393,-2.6155503535297395,,,,
"parked_and_oncoming",100,0,1,500,9.8552000000000001e-05,1,0.82666878327255822,4.4700000000000006,3.6433312167274425,2,1,0.82666878327255822,4.4700000000000006,3.6433312167274425,0,-0.71999999999999997,-3.5140361753519604,-2.7940361753519607,,,,
"parked_and_oncoming",101,0,1,500,9.6874000000000008e-05,0,-0.71999999999999997,1.1427097486133766,1.8627097486133766,2,0,-0.71999999999999997,1.1427097486133766,1.8627097486133766,1,5.5002250752561519,4.4700000000000006,-1.0302250752561513,,,,
"parked_and_oncoming",101,1,1,500,0.00010059600000000001,1,0.87491489963120994,4.4700000000000006,3.5950851003687907,2,1,0.87491489963120994,4.4700000000000006,3.5950851003687907,0,-0.71999999999999997,-3.5411870701148525,-2.8211870701148527,,,,
"parked_and_oncoming",102,0,1,500,0.000101086,1,1.0880982627844826,4.4700000000000006,3.381901737215518,2,1,1.0880982627844826,4.4700000000000006,3.381901737215518,0,-0.71999999999999997,-3.3108507469818029,-2.5908507469818032,,,,
"parked_and_oncoming",103,0,1,500,9.5483999999999996e-05,0,-0.71999999999999997,0.91670138424287795,1.6367013842428779,2,0,-0.71999999999999997,0.91670138424287795,1.6367013842428779,1,5.4694922151688194,4.4700000000000006,-0.99949221516881881,,,,
"parked_and_oncoming",103,1,1,500,9.8916e-05,1,0.96472579540928027,4.4700000000000006,3.5052742045907204,2,1,0.96472579540928027,4.4700000000000006,3.5052742045907204,0,-0.71999999999999997,-3.4971619992932226,-2.7771619992932228,,,,
"parked_and_oncoming",104,0,1,500,9.3430000000000005e-05,0,-0.71999999999999997,0.89149912757205052,1.6114991275720505,2,0,-0.71999999999999997,0.89149912757205052,1.6114991275720505,1,5.2361478717122969,4.4700000000000006,-0.76614787171229626,,,,
"parked_and_oncoming",104,1,1,500,9.8635999999999995e-05,1,0.99136076100830661,4.4700000000000006,3.4786392389916942,2,1,0.99136076100830661,4.4700000000000006,3.4786392389916942,0,-0.71999999999999997,-3.4431546054671918,-2.723154605467192,,,,
"parked_and_oncoming",105,0,1,500,9.6068000000000002e-05,0,-0.71999999999999997,0.64058604976352718,1.3605860497635271,2,0,-0.71999999999999997,0.64058604976352718,1.3605860497635271,1,5.1704214025393185,4.4700000000000006,-0.70042140253931784,,,,
"parked_and_oncoming",105,1,1,500,9.8325999999999993e-05,1,0.9697174228243044,4.4700000000000006,3.500282577175696,2,1,0.9697174228243044,4.4700000000000006,3.500282577175696,0,-0.71999999999999997,-3.4026989337690692,-2.6826989337690694,,,,
"parked_and_oncoming",106,0,1,500,9.9370000000000006e-05,0,-0.71999999999999997,0.48761069343387597,1.2076106934338759,2,0,-0.71999999999999997,0.48761069343387597,1.2076106934338759,1,5.0118412635097416,4.4700000000000006,-0.54184126350974093,,,,
"parked_and_oncoming",106,1,1,500,9.4081999999999998e-05,1,0.85201406672832714,4.4700000000000006,3.6179859332716733,2,1,0.85201406672832714,4.4700000000000006,3.6179859332716733,0,-0.71999999999999997,-3.5408124850451426,-2.8208124850451428,,,,
"parked_and_oncoming",107,0,1,500,9.7418000000000008e-05,0,-0.71999999999999997,0.76370885172271885,1.4837088517227188,2,0,-0.71999999999999997,0.76370885172271885,1.4837088517227188,1,5.0845128049427792,4.4700000000000006,-0.6145128049427786,,,,
"parked_and_oncoming",107,1,1,500,9.8791999999999999e-05,1,1.1275966168313327,4.4700000000000006,3.3424033831686679,2,1,1.1275966168313327,4.4700000000000006,3.3424033831686679,0,-0.71999999999999997,-3.2657229374597008,-2.5457229374597006,,,,
"parked_and_oncoming",108,0,1,500,9.6907999999999988e-05,0,-0.71999999999999997,0.66682221653376827,1.3868222165337682,2,0,-0.71999999999999997,0.66682221653376827,1.3868222165337682,1,5.1543079690145355,4.4700000000000006,-0.68430796901453483,,,,
"parked_and_oncoming",108,1,1,500,9.6195999999999999e-05,1,1.0104969773521075,4.4700000000000006,3.4595030226478931,2,1,1.0104969773521075,4.4700000000000006,3.4595030226478931,0,-0.71999999999999997,-3.329035896506046,-2.6090358965060458,,,,
"parked_and_oncoming",109,0,1,500,9.6643999999999992e-05,0,-0.71999999999999997,0.75723859193622811,1.4772385919362281,2,0,-0.71999999999999997,0.75723859193622811,1.4772385919362281,1,5.0123346194592591,4.4700000000000006,-0.54233461945925843,,,,
"parked_and_oncoming",109,1,1,500,9.7219999999999994e-05,1,1.0938061287220575,4.4700000000000006,3.3761938712779429,2,1,1.0938061287220575,4.4700000000000006,3.3761938712779429,0,-0.71999999999999997,-3.2826173120002764,-2.5626173120002766,,,,
"parked_and_oncoming",110,0,1,500,9.8802000000000007e-05,1,1.1018842718768407,4.4700000000000006,3.36811572812316,2,1,1.1018842718768407,4.4700000000000006,3.36811572812316,0,-0.71999999999999997,-3.3034488155708717,-2.5834488155708719,,,,
"parked_and_oncoming",111,0,1,500,9.6991999999999996e-05,0,-0.71999999999999997,0.77879305340460925,1.4987930534046092,2,0,-0.71999999999999997,0.77879305340460925,1.4987930534046092,1,5.2670638960477909,4.4700000000000006,-0.79706389604779027,,,,
"parked_and_oncoming",111,1,1,500,0.00010111199999999999,1,1.0333180637041419,4.4700000000000006,3.4366819362958587,2,1,1.0333180637041419,4.4700000000000006,3.4366819362958587,0,-0.71999999999999997,-3.4110790142153395,-2.6910790142153393,,,,
"parked_and_oncoming",112,0,1,500,0.000102006,0,-0.71999999999999997,0.83055262857852519,1.5505526285785252,2,0,-0.71999999999999997,0.83055262857852519,1.5505526285785252,1,5.1984676957621021,4.4700000000000006,-0.72846769576210146,,,,
"parked_and_oncoming",112,1,1,500,0.00010405000000000001,1,1.0403824056242872,4.4700000000000006,3.4296175943757135,2,1,1.0403824056242872,4.4700000000000006,3.4296175943757135,0,-0.71999999999999997,-3.3561796602945506,-2.6361796602945509,,,,
"parked_and_oncoming",113,0,1,500,0.00010110800000000001,0,-0.71999999999999997,1.1761126260069554,1.8961126260069554,2,0,-0.71999999999999997,1.1761126260069554,1.8961126260069554,1,5.7173291047890942,4.4700000000000006,-1.2473291047890935,,,,
"parked_and_oncoming",113,1,1,500,0.000101302,1,0.97417932614355307,4.4700000000000006,3.4958206738564477,2,1,0.97417932614355307,4.4700000000000006,3.4958206738564477,0,-0.71999999999999997,-3.4630818133268613,-2.7430818133268611,,,,
"parked_and_oncoming",114,0,1,500,0.000101574,0,-0.71999999999999997,0.94382369891603135,1.6638236989160313,2,0,-0.71999999999999997,0.94382369891603135,1.6638236989160313,1,5.2845980968948716,4.4700000000000006,-0.81459809689487095,,,,
"parked_and_oncoming",114,1,1,500,0.00010097200000000001,1,0.92160127490941746,4.4700000000000006,3.5483987250905833,2,1,0.92160127490941746,4.4700000000000006,3.5483987250905833,0,-0.71999999999999997,-3.3962060982520361,-2.6762060982520364,,,,
"parked_and_oncoming",115,0,1,500,0.000101864,0,-0.71999999999999997,0.49227774285342774,1.2122777428534277,2,0,-0.71999999999999997,0.49227774285342774,1.2122777428534277,1,5.0565533146416861,4.4700000000000006,-0.58655331464168547,,,,
"parked_and_oncoming",115,1,1,500,0.00010097799999999999,1,1.0822601124891773,4.4700000000000006,3.3877398875108233,2,1,1.0822601124891773,4.4700000000000006,3.3877398875108233,0,-0.71999999999999997,-3.3800978352945137,-2.6600978352945139,,,,
"parked_and_oncoming",116,0,1,500,0.000101236,0,-0.71999999999999997,0.91046860197655488,1.6304686019765549,2,0,-0.71999999999999997,0.91046860197655488,1.6304686019765549,1,5.3127469449597164,4.4700000000000006,-0.8427469449597158,,,,
"parked_and_oncoming",116,1,1,500,0.000100924,1,0.99741533949355698,4.4700000000000006,3.4725846605064437,2,1,0.99741533949355698,4.4700000000000006,3.4725846605064437,0,-0.71999999999999997,-3.4067737454520914,-2.6867737454520917,,,,
"parked_and_oncoming",117,0,1,500,0.00010191000000000001,0,-0.71999999999999997,0.93633676021669987,1.6563367602166998,2,0,-0.71999999999999997,0.93633676021669987,1.6563367602166998,1,5.2755906761218698,4.4700000000000006,-0.80559067612186919,,,,
"parked_and_oncoming",117,1,1,500,0.00010249,1,0.8782443251509443,4.4700000000000006,3.5917556748490562,2,1,0.8782443251509443,4.4700000000000006,3.5917556748490562,0,-0.71999999999999997,-3.4957276413438989,-2.7757276413438987,,,,
"parked_and_oncoming",118,0,1,500,0.000102866,0,-0.71999999999999997,1.0920920317033207,1.8120920317033207,2,0,-0.71999999999999997,1.0920920317033207,1.8120920317033207,1,5.3924963257952356,4.4700000000000006,-0.92249632579523499,,,,
"parked_and_oncoming",118,1,1,500,9.7280000000000004e-05,1,1.0864813544420264,4.4700000000000006,3.3835186455579742,2,1,1.0864813544420264,4.4700000000000006,3.3835186455579742,0,-0.71999999999999997,-3.3996433760893527,-2.679643376089353,,,,
"parked_and_oncoming",119,0,1,500,0.000102266,0,-0.71999999999999997,0.80979157941811541,1.5297915794181154,2,0,-0.71999999999999997,0.80979157941811541,1.5297915794181154,1,5.109764052263694,4.4700000000000006,-0.63976405226369337,,,,
"parked_and_oncoming",119,1,1,500,0.00010209000000000001,1,0.84242586577580458,4.4700000000000006,3.6275741342241963,2,1,0.84242586577580458,4.4700000000000006,3.6275741342241963,0,-0.71999999999999997,-3.4568472932368017,-2.736847293236802,,,,
"parked_and_oncoming",120,0,1,500,0.000102588,0,-0.71999999999999997,0.64177563569678919,1.3617756356967892,2,0,-0.71999999999999997,0.64177563569678919,1.3617756356967892,1,4.9624802153806176,4.4700000000000006,-0.49248021538061693,,,,
"parked_and_oncoming",120,1,1,500,0.00010174,1,1.0458628202093905,4.4700000000000006,3.4241371797906099,2,1,1.0458628202093905,4.4700000000000006,3.4241371797906099,0,-0.71999999999999997,-3.2892906152019652,-2.5692906152019654,,,,
"parked_and_oncoming",121,0,1,500,0.00010189800000000001,0,-0.71999999999999997,0.61180297895308922,1.3318029789530892,2,0,-0.71999999999999997,0.61180297895308922,1.3318029789530892,1,4.8897744686186924,4.4700000000000006,-0.41977446861869172,,,,
"parked_and_oncoming",121,1,1,500,0.000104104,1,0.88651712413448458,4.4700000000000006,3.5834828758655162,2,1,0.88651712413448458,4.4700000000000006,3.5834828758655162,0,-0.71999999999999997,-3.5174263022812453,-2.7974263022812451,,,,
"parked_and_oncoming",122,0,1,500,0.00010201399999999999,0,-0.71999999999999997,1.0490486326403572,1.7690486326403572,2,0,-0.71999999999999997,1.0490486326403572,1.7690486326403572,1,5.3783007634160089,4.4700000000000006,-0.90830076341600829,,,,
"parked_and_oncoming",122,1,1,500,0.00010269399999999999,1,1.1096392006561,4.4700000000000006,3.3603607993439004,2,1,1.1096392006561,4.4700000000000006,3.3603607993439004,0,-0.71999999999999997,-3.2892813834672472,-2.5692813834672474,,,,
"parked_and_oncoming",123,0,1,500,9.9034000000000001e-05,0,-0.71999999999999997,1.0901024632990455,1.8101024632990454,2,0,-0.71999999999999997,1.0901024632990455,1.8101024632990454,1,5.5258337617430051,4.4700000000000006,-1.0558337617430045,,,,
"parked_and_oncoming",123,1,1,500,0.00010233799999999999,1,1.0350730308697611,4.4700000000000006,3.4349269691302395,2,1,1.0350730308697611,4.4700000000000006,3.4349269691302395,0,-0.71999999999999997,-3.2961001311527207,-2.576100131152721,,,,
"parked_and_oncoming",124,0,1,500,9.8117999999999998e-05,0,-0.71999999999999997,0.96492152320113389,1.6849215232011339,2,0,-0.71999999999999997,0.96492152320113389,1.6849215232011339,1,5.2687277717638068,4.4700000000000006,-0.79872777176380616,,,,
"parked_and_oncoming",124,1,1,500,0.000102024,1,1.0519402085727649,4.4700000000000006,3.4180597914272357,2,1,1.0519402085727649,4.4700000000000006,3.4180597914272357,0,-0.71999999999999997,-3.239802279959068,-2.5198022799590678,,,,
"parked_and_oncoming",125,0,1,500,0.00010083000000000001,0,-0.71999999999999997,0.78295720863374885,1.5029572086337488,2,0,-0.71999999999999997,0.78295720863374885,1.5029572086337488,1,5.1028569570198927,4.4700000000000006,-0.63285695701989209,,,,
"parked_and_oncoming",125,1,1,500,0.000101786,1,1.0467525745438326,4.4700000000000006,3.423247425456168,2,1,1.0467525745438326,4.4700000000000006,3.423247425456168,0,-0.71999999999999997,-3.2880786884693158,-2.5680786884693161,,,,
"parked_and_oncoming",126,0,1,500,0.000102632,0,-0.71999999999999997,0.78329208885708912,1.5032920888570891,2,0,-0.71999999999999997,0.78329208885708912,1.5032920888570891,1,5.2160113485194222,4.4700000000000006,-0.74601134851942152,,,,
"parked_and_oncoming",126,1,1,500,0.00010228800000000001,1,0.95566128478998469,4.4700000000000006,3.5143387152100161,2,1,0.95566128478998469,4.4700000000000006,3.5143387152100161,0,-0.71999999999999997,-3.3482152736078055,-2.6282152736078057,,,,
"parked_and_oncoming",127,0,1,500,9.9229999999999997e-05,0,-0.71999999999999997,0.77443201714871446,1.4944320171487144,2,0,-0.71999999999999997,0.77443201714871446,1.4944320171487144,1,5.3034384544642723,4.4700000000000006,-0.83343845446427167,,,,
"parked_and_oncoming",127,1,1,500,0.000102768,1,0.93023528896802876,4.4700000000000006,3.5397647110319719,2,1,0.93023528896802876,4.4700000000000006,3.5397647110319719,0,-0.71999999999999997,-3.3788218318069818,-2.6588218318069821,,,,
"parked_and_oncoming",128,0,1,500,9.7774000000000003e-05,0,-0.71999999999999997,1.0354813332169002,1.7554813332169001,2,0,-0.71999999999999997,1.0354813332169002,1.7554813332169001,1,5.5645190760201686,4.4700000000000006,-1.094519076020168,,,,
"parked_and_oncoming",128,1,1,500,0.000101214,1,1.0670099761131542,4.4700000000000006,3.4029900238868462,2,1,1.0670099761131542,4.4700000000000006,3.4029900238868462,0,-0.71999999999999997,-3.2480271338922826,-2.5280271338922828,,,,
"parked_and_oncoming",129,0,2,500,0.00012184399999999999,1,1.1338360559380671,1.3375940998050826,0.20375804386701546,3,1,1.1338360559380671,1.3375940998050826,0.20375804386701546,2,5.6431179534421094,4.4700000000000006,-1.1731179534421088,0,-0.71999999999999997,-3.2669572819798174,-2.5469572819798172
"parked_and_oncoming",130,0,1,500,0.00010055,0,-0.71999999999999997,0.87605254425164603,1.596052544251646,2,0,-0.71999999999999997,0.87605254425164603,1.596052544251646,1,5.1965005137048932,4.4700000000000006,-0.72650051370489255,,,,
"parked_and_oncoming",130,1,1,500,0.00010119400000000001,1,1.056425217830431,4.4700000000000006,3.4135747821695697,2,1,1.056425217830431,4.4700000000000006,3.4135747821695697,0,-0.71999999999999997,-3.2715180808860316,-2.5515180808860318,,,,
"parked_and_oncoming",131,0,1,500,0.000100898,0,-0.71999999999999997,0.71718274763153644,1.4371827476315364,2,0,-0.71999999999999997,0.71718274763153644,1.4371827476315364,1,5.1176740576935495,4.4700000000000006,-0.64767405769354891,,,,
"parked_and_oncoming",131,1,1,500,0.00010795200000000001,1,1.1255377387778902,4.4700000000000006,3.3444622612221107,2,1,1.1255377387778902,4.4700000000000006,3.3444622612221107,0,-0.71999999999999997,-3.3198173301165017,-2.599817330116502,,,,
"parked_and_oncoming",132,0,1,500,0.00010172599999999999,1,0.83874258742889707,4.4700000000000006,3.6312574125711037,2,1,0.83874258742889707,4.4700000000000006,3.6312574125711037,0,-0.71999999999999997,-3.4860713544512221,-2.7660713544512223,,,,
"parked_and_oncoming",133,0,2,500,0.00012276999999999999,1,0.94772658157352463,1.2608849012405774,0.31315831966705276,3,1,0.94772658157352463,1.2608849012405774,0.31315831966705276,2,5.6142267162887007,4.4700000000000006,-1.1442267162887001,0,-0.71999999999999997,-3.5206078008024209,-2.8006078008024211
"parked_and_oncoming",134,0,2,500,0.000123752,1,1.1070086810729052,1.2401351749793006,0.13312649390639542,3,1,1.1070086810729052,1.2401351749793006,0.13312649390639542,2,5.5713733217812917,4.4700000000000006,-1.1013733217812911,0,-0.71999999999999997,-3.3321217723662064,-2.6121217723662067
"parked_and_oncoming",135,0,1,500,0.0001002,0,-0.71999999999999997,0.57382270648832101,1.293822706488321,2,0,-0.71999999999999997,0.57382270648832101,1.293822706488321,1,5.0794151295559811,4.4700000000000006,-0.60941512955598043,,,,
"parked_and_oncoming",135,1,1,500,0.000100602,1,1.0464015291052338,4.4700000000000006,3.4235984708947669,2,1,1.0464015291052338,4.4700000000000006,3.4235984708947669,0,-0.71999999999999997,-3.3583217129020957,-2.6383217129020959,,,,
"parked_and_oncoming",136,0,2,500,0.000121198,1,0.91265810581543672,0.92063548950325513,0.0079773836878184179,3,1,0.91265810581543672,0.92063548950325513,0.0079773836878184179,2,5.2564988679187827,4.4700000000000006,-0.7864988679187821,0,-0.71999999999999997,-3.496242883427052,-2.7762428834270523
"parked_and_oncoming",137,0,1,500,0.00010254799999999999,0,-0.71999999999999997,1.2692828423302065,1.9892828423302065,2,0,-0.71999999999999997,1.2692828423302065,1.9892828423302065,1,5.5386908062010889,4.4700000000000006,-1.0686908062010883,,,,
"parked_and_oncoming",137,1,1,500,0.00010188600000000001,1,1.0136676422160171,4.4700000000000006,3.4563323577839835,2,1,1.0136676422160171,4.4700000000000006,3.4563323577839835,0,-0.71999999999999997,-3.3540317266721065,-2.6340317266721067,,,,
"parked_and_oncoming",138,0,1,500,0.000102198,0,-0.71999999999999997,0.94638022632076702,1.666380226320767,2,0,-0.71999999999999997,0.94638022632076702,1.666380226320767,1,5.3119708363830185,4.4700000000000006,-0.84197083638301784,,,,
"parked_and_oncoming",138,1,1,500,0.00010170000000000001,1,1.1103043582067418,4.4700000000000006,3.3596956417932589,2,1,1.1103043582067418,4.4700000000000006,3.3596956417932589,0,-0.71999999999999997,-3.2852888538871499,-2.5652888538871501,,,,
"parked_and_oncoming",139,0,1,500,0.000102258,0,-0.71999999999999997,1.1279771515149783,1.8479771515149783,2,0,-0.71999999999999997,1.1279771515149783,1.8479771515149783,1,5.5767851129069488,4.4700000000000006,-1.1067851129069481,,,,
"parked_and_oncoming",139,1,1,500,0.000100616,1,1.0809789724325591,4.4700000000000006,3.3890210275674413,2,1,1.0809789724325591,4.4700000000000006,3.3890210275674413,0,-0.71999999999999997,-3.2390821911718159,-2.5190821911718162,,,,
"parked_and_oncoming",140,0,1,500,0.0001015,0,-0.71999999999999997,0.84999650848546637,1.5699965084854663,2,0,-0.71999999999999997,0.84999650848546637,1.5699965084854663,1,5.2516467198409584,4.4700000000000006,-0.78164671984095779,,,,
"parked_and_oncoming",140,1,1,500,9.9349999999999989e-05,1,1.1665827827045776,4.4700000000000006,3.303417217295423,2,1,1.1665827827045776,4.4700000000000006,3.303417217295423,0,-0.71999999999999997,-3.2848845921089103,-2.5648845921089105,,,,
"parked_and_oncoming",141,0,1,500,0.000100962,0,-0.71999999999999997,1.1712620925456392,1.8912620925456392,2,0,-0.71999999999999997,1.1712620925456392,1.8912620925456392,1,5.6311786489048909,4.4700000000000006,-1.1611786489048903,,,,
"parked_and_oncoming",141,1,1,500,0.00010166400000000001,1,0.87593916550805107,4.4700000000000006,3.5940608344919496,2,1,0.87593916550805107,4.4700000000000006,3.5940608344919496,0,-0.71999999999999997,-3.5176584506313247,-2.7976584506313245,,,,
"parked_and_oncoming",142,0,1,500,0.00010838799999999999,0,-0.71999999999999997,0.66604397584755848,1.3860439758475585,2,0,-0.71999999999999997,0.66604397584755848,1.3860439758475585,1,5.0445635495357166,4.4700000000000006,-0.57456354953571598,,,,
"parked_and_oncoming",142,1,1,500,0.000111588,1,0.99750356953508534,4.4700000000000006,3.4724964304649153,2,1,0.99750356953508534,4.4700000000000006,3.4724964304649153,0,-0.71999999999999997,-3.4472894445708055,-2.7272894445708058,,,,
"parked_and_oncoming",143,0,1,500,0.000107466,0,-0.71999999999999997,0.69710283061027378,1.4171028306102738,2,0,-0.71999999999999997,0.69710283061027378,1.4171028306102738,1,5.0126728197115646,4.4700000000000006,-0.542672819711564,,,,
"parked_and_oncoming",143,1,1,500,0.00010763399999999999,1,0.9432367240715378,4.4700000000000006,3.5267632759284631,2,1,0.9432367240715378,4.4700000000000006,3.5267632759284631,0,-0.71999999999999997,-3.4405429828872331,-2.720542982887233,,,,
"parked_and_oncoming",144,0,1,500,0.00011680599999999999,0,-0.71999999999999997,0.66434514236942133,1.3843451423694213,2,0,-0.71999999999999997,0.66434514236942133,1.3843451423694213,1,4.9509787318508387,4.4700000000000006,-0.48097873185083806,,,,
"parked_and_oncoming",144,1,1,500,0.00010732,1,1.060425571113518,4.4700000000000006,3.4095744288864829,2,1,1.060425571113518,4.4700000000000006,3.4095744288864829,0,-0.71999999999999997,-3.3044116570162583,-2.5844116570162585,,,,
"parked_and_oncoming",145,0,1,500,0.000101248,0,-0.71999999999999997,1.2783901223249676,1.9983901223249676,2,0,-0.71999999999999997,1.2783901223249676,1.9983901223249676,1,5.7024669942267199,4.4700000000000006,-1.2324669942267192,,,,
"parked_and_oncoming",145,1,1,500,9.8082e-05,1,0.88709435243441337,4.4700000000000006,3.5829056475655872,2,1,0.88709435243441337,4.4700000000000006,3.5829056475655872,0,-0.71999999999999997,-3.5805957993954092,-2.8605957993954094,,,,
"parked_and_oncoming",146,0,1,500,0.00010251000000000001,1,1.1346289679236712,4.4700000000000006,3.3353710320763295,2,1,1.1346289679236712,4.4700000000000006,3.3353710320763295,0,-0.71999999999999997,-3.3365340040481914,-2.6165340040481917,,,,
"parked_and_oncoming",147,0,2,500,0.00012726799999999999,1,0.85443383444052878,1.1696354927789239,0.31520165833839509,3,1,0.85443383444052878,1.1696354927789239,0.31520165833839509,2,5.5819904173508972,4.4700000000000006,-1.1119904173508965,0,-0.71999999999999997,-3.4891682716309944,-2.7691682716309947
"parked_and_oncoming",148,0,1,500,9.8590000000000003e-05,1,0.97968628115264245,4.4700000000000006,3.4903137188473581,2,1,0.97968628115264245,4.4700000000000006,3.4903137188473581,0,-0.71999999999999997,-3.3331350183221033,-2.6131350183221036,,,,
"parked_and_oncoming",149,0,1,500,0.00010292999999999999,0,-0.71999999999999997,0.72580680765903782,1.4458068076590378,2,0,-0.71999999999999997,0.72580680765903782,1.4458068076590378,1,5.0861488002907658,4.4700000000000006,-0.61614880029076513,,,,
"parked_and_oncoming",149,1,1,500,0.00010187,1,1.1484069412425302,4.4700000000000006,3.3215930587574705,2,1,1.1484069412425302,4.4700000000000006,3.3215930587574705,0,-0.71999999999999997,-3.2945228126203143,-2.5745228126203141,,,,
"parked_and_oncoming",150,0,1,500,0.000102574,0,-0.71999999999999997,1.2974646378180374,2.0174646378180374,2,0,-0.71999999999999997,1.2974646378180374,2.0174646378180374,1,5.603438981227356,4.4700000000000006,-1.1334389812273553,,,,
"parked_and_oncoming",150,1,1,500,0.000103278,1,1.0093495607351195,4.4700000000000006,3.4606504392648811,2,1,1.0093495607351195,4.4700000000000006,3.4606504392648811,0,-0.71999999999999997,-3.3272791832510835,-2.6072791832510838,,,,
"parked_and_oncoming",151,0,1,500,0.000103088,1,0.91170755175394436,4.4700000000000006,3.5582924482460561,2,1,0.91170755175394436,4.4700000000000006,3.5582924482460561,0,-0.71999999999999997,-3.4770907185612083,-2.7570907185612086,,,,
"parked_and_oncoming",152,0,1,500,0.00010029,0,-0.71999999999999997,0.84869722457555952,1.5686972245755595,2,0,-0.71999999999999997,0.84869722457555952,1.5686972245755595,1,5.2689169396334883,4.4700000000000006,-0.79891693963348764,,,,
"parked_and_oncoming",152,1,1,500,0.00010208399999999999,1,0.88900636513640119,4.4700000000000006,3.5809936348635993,2,1,0.88900636513640119,4.4700000000000006,3.5809936348635993,0,-0.71999999999999997,-3.4944622979674458,-2.774462297967446,,,,
"parked_and_oncoming",153,0,1,500,9.7642000000000011e-05,0,-0.71999999999999997,0.58848419816266029,1.3084841981626603,2,0,-0.71999999999999997,0.58848419816266029,1.3084841981626603,1,5.0844385578637574,4.4700000000000006,-0.61443855786375678,,,,
"parked_and_oncoming",153,1,1,500,0.00010639199999999999,1,1.0774122191982967,4.4700000000000006,3.392587780801704,2,1,1.0774122191982967,4.4700000000000006,3.392587780801704,0,-0.71999999999999997,-3.3915120057447927,-2.671512005744793,,,,
"parked_and_oncoming",154,0,2,500,0.00012484399999999999,1,0.93876101423065561,1.1533502018943558,0.21458918766370016,3,1,0.93876101423065561,1.1533502018943558,0.21458918766370016,2,5.6952287371489794,4.4700000000000006,-1.2252287371489787,0,-0.71999999999999997,-3.3938704452740174,-2.6738704452740176
"parked_and_oncoming",155,0,1,500,0.00010419,0,-0.71999999999999997,0.90274167339876144,1.6227416733987614,2,0,-0.71999999999999997,0.90274167339876144,1.6227416733987614,1,5.2373922024445898,4.4700000000000006,-0.76739220244458917,,,,
"parked_and_oncoming",155,1,1,500,0.00010625999999999999,1,0.9107176458465166,4.4700000000000006,3.5592823541534839,2,1,0.9107176458465166,4.4700000000000006,3.5592823541534839,0,-0.71999999999999997,-3.4591797769258674,-2.7391797769258677,,,,
"parked_and_oncoming",156,0,1,500,0.00010229399999999999,0,-0.71999999999999997,0.72440830439580961,1.4444083043958096,2,0,-0.71999999999999997,0.72440830439580961,1.4444083043958096,1,5.1440442361687868,4.4700000000000006,-0.67404423616878617,,,,
"parked_and_oncoming",156,1,1,500,0.000101798,1,0.87174891130594045,4.4700000000000006,3.5982510886940604,2,1,0.87174891130594045,4.4700000000000006,3.5982510886940604,0,-0.71999999999999997,-3.5222282434541814,-2.8022282434541816,,,,
"parked_and_oncoming",157,0,2,500,0.000122834,1,0.88889550143073381,0.9094281359963754,0.020532634565641583,3,1,0.88889550143073381,0.9094281359963754,0.020532634565641583,2,5.2198264958571476,4.4700000000000006,-0.749826495857147,0,-0.71999999999999997,-3.5222824485502162,-2.8022824485502165
"parked_and_oncoming",158,0,1,500,0.00010042199999999999,0,-0.71999999999999997,0.70046910380072713,1.4204691038007271,2,0,-0.71999999999999997,0.70046910380072713,1.4204691038007271,1,5.1446869978486136,4.4700000000000006,-0.67468699784861297,,,,
"parked_and_oncoming",158,1,1,500,9.9827999999999994e-05,1,0.8319465767279457,4.4700000000000006,3.6380534232720549,2,1,0.8319465767279457,4.4700000000000006,3.6380534232720549,0,-0.71999999999999997,-3.5131675021308659,-2.7931675021308662,,,,
"parked_and_oncoming",159,0,1,500,0.000101344,0,-0.71999999999999997,0.67086793167437864,1.3908679316743786,2,0,-0.71999999999999997,0.67086793167437864,1.3908679316743786,1,4.9621022549876592,4.4700000000000006,-0.49210225498765858,,,,
"parked_and_oncoming",159,1,1,500,0.00010103199999999999,1,1.101098365482849,4.4700000000000006,3.3689016345171519,2,1,1.101098365482849,4.4700000000000006,3.3689016345171519,0,-0.71999999999999997,-3.3119655334629803,-2.5919655334629805,,,,
"parked_and_oncoming",160,0,1,500,0.000101536,0,-0.71999999999999997,0.88532639171619598,1.605326391716196,2,0,-0.71999999999999997,0.88532639171619598,1.605326391716196,1,5.4021901870694649,4.4700000000000006,-0.93219018706946422,,,,
"parked_and_oncoming",160,1,1,500,0.00010138800000000001,1,0.98068277948218308,4.4700000000000006,3.4893172205178176,2,1,0.98068277948218308,4.4700000000000006,3.4893172205178176,0,-0.71999999999999997,-3.3805072766373492,-2.6605072766373494,,,,
"parked_and_oncoming",161,0,1,500,0.00010093199999999999,1,1.1379117662525586,4.4700000000000006,3.332088233747442,2,1,1.1379117662525586,4.4700000000000006,3.332088233747442,0,-0.71999999999999997,-3.3021363636524015,-2.5821363636524017,,,,
"parked_and_oncoming",162,0,1,500,0.00010095,1,0.84662226065982715,4.4700000000000006,3.6233777393401736,2,1,0.84662226065982715,4.4700000000000006,3.6233777393401736,0,-0.71999999999999997,-3.429038920431946,-2.7090389204319463,,,,
"parked_and_oncoming",163,0,1,500,0.00010095,1,0.9254097299369739,4.4700000000000006,3.5445902700630265,2,1,0.9254097299369739,4.4700000000000006,3.5445902700630265,0,-0.71999999999999997,-3.4165402514364311,-2.6965402514364314,,,,
"parked_and_oncoming",164,0,1,500,0.00010176799999999999,0,-0.71999999999999997,0.85956803060412024,1.5795680306041202,2,0,-0.71999999999999997,0.85956803060412024,1.5795680306041202,1,5.3279721966309914,4.4700000000000006,-0.85797219663099078,,,,
"parked_and_oncoming",164,1,1,500,0.00010133399999999999,1,1.0201103216215204,4.4700000000000006,3.4498896783784803,2,1,1.0201103216215204,4.4700000000000006,3.4498896783784803,0,-0.71999999999999997,-3.3657698659087778,-2.6457698659087781,,,,
"parked_and_oncoming",165,0,1,500,0.000101582,0,-0.71999999999999997,0.92838760130629527,1.6483876013062952,2,0,-0.71999999999999997,0.92838760130629527,1.6483876013062952,1,5.2055814098479871,4.4700000000000006,-0.73558140984798648,,,,
"parked_and_oncoming",165,1,1,500,0.000104802,1,1.1460040587068145,4.4700000000000006,3.3239959412931861,2,1,1.1460040587068145,4.4700000000000006,3.3239959412931861,0,-0.71999999999999997,-3.2747039396965327,-2.554703939696533,,,,
"parked_and_oncoming",166,0,2,500,0.00012733800000000001,1,0.91626837152208285,0.98084688706440404,0.064578515542321191,3,1,0.91626837152208285,0.98084688706440404,0.064578515542321191,2,5.350768429864269,4.4700000000000006,-0.8807684298642684,0,-0.71999999999999997,-3.4559551084248641,-2.7359551084248643
"parked_and_oncoming",167,0,1,500,0.00010516,0,-0.71999999999999997,0.7313479694939915,1.4513479694939915,2,0,-0.71999999999999997,0.7313479694939915,1.4513479694939915,1,5.1799319363603349,4.4700000000000006,-0.70993193636033425,,,,
"parked_and_oncoming",167,1,1,500,0.000105418,1,1.0448706519447044,4.4700000000000006,3.4251293480552962,2,1,1.0448706519447044,4.4700000000000006,3.4251293480552962,0,-0.71999999999999997,-3.2724979432904675,-2.5524979432904678,,,,
"parked_and_oncoming",168,0,1,500,0.00010347000000000001,0,-0.71999999999999997,1.1322390371576692,1.8522390371576691,2,0,-0.71999999999999997,1.1322390371576692,1.8522390371576691,1,5.5169750373126476,4.4700000000000006,-1.046975037312647,,,,
"parked_and_oncoming",168,1,1,500,0.00010223400000000001,1,0.95722937832303545,4.4700000000000006,3.5127706216769652,2,1,0.95722937832303545,4.4700000000000006,3.5127706216769652,0,-0.71999999999999997,-3.4665105368165614,-2.7465105368165617,,,,
"parked_and_oncoming",169,0,1,500,0.000102272,1,1.0430689710377186,4.4700000000000006,3.4269310289622821,2,1,1.0430689710377186,4.4700000000000006,3.4269310289622821,0,-0.71999999999999997,-3.3920977233303917,-2.672097723330392,,,,
"parked_and_oncoming",170,0,1,500,0.000101482,1,0.97919959202811369,4.4700000000000006,3.4908004079718871,2,1,0.97919959202811369,4.4700000000000006,3.4908004079718871,0,-0.71999999999999997,-3.3996227930259684,-2.6796227930259686,,,,
"parked_and_oncoming",171,0,1,500,0.000109512,0,-0.71999999999999997,0.68603590851071106,1.406035908510711,2,0,-0.71999999999999997,0.68603590851071106,1.406035908510711,1,4.9547472594664104,4.4700000000000006,-0.48474725946640973,,,,
"parked_and_oncoming",171,1,1,500,0.00010255999999999999,1,0.95644040345365922,4.4700000000000006,3.5135595965463415,2,1,0.95644040345365922,4.4700000000000006,3.5135595965463415,0,-0.71999999999999997,-3.4767154313827811,-2.7567154313827809,,,,
"parked_and_oncoming",172,0,1,500,0.000101772,0,-0.71999999999999997,0.5761484798310641,1.2961484798310641,2,0,-0.71999999999999997,0.5761484798310641,1.2961484798310641,1,5.056005763446807,4.4700000000000006,-0.58600576344680633,,,,
"parked_and_oncoming",172,1,1,500,0.00011366999999999999,1,1.1247848045345648,4.4700000000000006,3.3452151954654359,2,1,1.1247848045345648,4.4700000000000006,3.3452151954654359,0,-0.71999999999999997,-3.2748648049414202,-2.5548648049414204,,,,
"parked_and_oncoming",173,0,1,500,0.000101216,0,-0.71999999999999997,0.67678918243468278,1.3967891824346828,2,0,-0.71999999999999997,0.67678918243468278,1.3967891824346828,1,5.0950275750300058,4.4700000000000006,-0.62502757503000517,,,,
"parked_and_oncoming",173,1,1,500,0.00010098999999999999,1,1.0975326779897761,4.4700000000000006,3.3724673220102246,2,1,1.0975326779897761,4.4700000000000006,3.3724673220102246,0,-0.71999999999999997,-3.257329114023725,-2.5373291140237253,,,,
"parked_and_oncoming",174,0,1,500,0.000101516,0,-0.71999999999999997,0.70695116703895655,1.4269511670389565,2,0,-0.71999999999999997,0.70695116703895655,1.4269511670389565,1,5.1491077422089315,4.4700000000000006,-0.67910774220893089,,,,
"parked_and_oncoming",174,1,1,500,9.6940000000000004e-05,1,1.1282646393494293,4.4700000000000006,3.3417353606505715,2,1,1.1282646393494293,4.4700000000000006,3.3417353606505715,0,-0.71999999999999997,-3.2655110896544661,-2.5455110896544664,,,,
"parked_and_oncoming",175,0,1,500,0.000101358,0,-0.71999999999999997,1.0575562950961988,1.7775562950961987,2,0,-0.71999999999999997,1.0575562950961988,1.7775562950961987,1,5.3704060600112085,4.4700000000000006,-0.90040606001120782,,,,
"parked_and_oncoming",175,1,1,500,0.00010105200000000001,1,0.90092029225880288,4.4700000000000006,3.5690797077411975,2,1,0.90092029225880288,4.4700000000000006,3.5690797077411975,0,-0.71999999999999997,-3.5268519923834747,-2.8068519923834749,,,,
"parked_and_oncoming",176,0,1,500,0.000103916,0,-0.71999999999999997,0.53612806454720885,1.2561280645472088,2,0,-0.71999999999999997,0.53612806454720885,1.2561280645472088,1,5.0125199917545036,4.4700000000000006,-0.54251999175450294,,,,
"parked_and_oncoming",176,1,1,500,0.00010334999999999999,1,1.0614059941847194,4.4700000000000006,3.4085940058152815,2,1,1.0614059941847194,4.4700000000000006,3.4085940058152815,0,-0.71999999999999997,-3.245787656717491,-2.5257876567174913,,,,
"parked_and_oncoming",177,0,1,500,0.000106124,0,-0.71999999999999997,0.94700971787634747,1.6670097178763474,2,0,-0.71999999999999997,0.94700971787634747,1.6670097178763474,1,5.3839126989570847,4.4700000000000006,-0.91391269895708405,,,,
"parked_and_oncoming",177,1,1,500,0.000106926,1,1.0845840151782664,4.4700000000000006,3.3854159848217344,2,1,1.0845840151782664,4.4700000000000006,3.3854159848217344,0,-0.71999999999999997,-3.243034748305285,-2.5230347483052853,,,,
"parked_and_oncoming",178,0,1,500,0.000110234,0,-0.71999999999999997,0.75877821449752836,1.4787782144975283,2,0,-0.71999999999999997,0.75877821449752836,1.4787782144975283,1,5.2339155943881925,4.4700000000000006,-0.7639155943881919,,,,
"parked_and_oncoming",178,1,1,500,0.00010177799999999999,1,0.95731010161872354,4.4700000000000006,3.5126898983812769,2,1,0.95731010161872354,4.4700000000000006,3.5126898983812769,0,-0.71999999999999997,-3.4796756831456586,-2.7596756831456588,,,,
"parked_and_oncoming",179,0,1,500,0.000102082,0,-0.71999999999999997,0.63314077982063255,1.3531407798206325,2,0,-0.71999999999999997,0.63314077982063255,1.3531407798206325,1,4.9488841148823806,4.4700000000000006,-0.47888411488237992,,,,
"parked_and_oncoming",179,1,1,500,9.8603999999999993e-05,1,1.042379836890722,4.4700000000000006,3.4276201631092786,2,1,1.042379836890722,4.4700000000000006,3.4276201631092786,0,-0.71999999999999997,-3.2835451295505265,-2.5635451295505263,,,,
"parked_and_oncoming",180,0,1,500,0.000102092,0,-0.71999999999999997,0.66709403331505079,1.3870940333150508,2,0,-0.71999999999999997,0.66709403331505079,1.3870940333150508,1,5.17565996939281,4.4700000000000006,-0.70565996939280939,,,,
"parked_and_oncoming",180,1,1,500,9.7460000000000005e-05,1,1.0074229935893557,4.4700000000000006,3.4625770064106449,2,1,1.0074229935893557,4.4700000000000006,3.4625770064106449,0,-0.71999999999999997,-3.3342536341184443,-2.6142536341184446,,,,
"parked_and_oncoming",181,0,1,500,9.6754000000000002e-05,1,0.9313532089607055,4.4700000000000006,3.5386467910392954,2,1,0.9313532089607055,4.4700000000000006,3.5386467910392954,0,-0.71999999999999997,-3.5396248030860962,-2.8196248030860964,,,,
"parked_and_oncoming",182,0,1,500,9.781e-05,0,-0.71999999999999997,0.76883433014603053,1.4888343301460305,2,0,-0.71999999999999997,0.76883433014603053,1.4888343301460305,1,5.1124566364328006,4.4700000000000006,-0.64245663643279993,,,,
"parked_and_oncoming",182,1,1,500,9.9346000000000007e-05,1,0.94653691927885097,4.4700000000000006,3.5234630807211498,2,1,0.94653691927885097,4.4700000000000006,3.5234630807211498,0,-0.71999999999999997,-3.5221634425947066,-2.8021634425947068,,,,
"parked_and_oncoming",183,0,1,500,9.7608000000000005e-05,0,-0.71999999999999997,0.50280055094050757,1.2228005509405075,2,0,-0.71999999999999997,0.50280055094050757,1.2228005509405075,1,5.0183731111916714,4.4700000000000006,-0.54837311119167076,,,,
"parked_and_oncoming",183,1,1,500,9.7872000000000001e-05,1,1.0938326605759032,4.4700000000000006,3.3761673394240974,2,1,1.0938326605759032,4.4700000000000006,3.3761673394240974,0,-0.71999999999999997,-3.3102994416776674,-2.5902994416776677,,,,
"parked_and_oncoming",184,0,1,500,0.00010018000000000001,1,0.91159857628293972,4.4700000000000006,3.5584014237170609,2,1,0.91159857628293972,4.4700000000000006,3.5584014237170609,0,-0.71999999999999997,-3.4447249257230932,-2.724724925723093,,,,
"parked_and_oncoming",185,0,1,500,0.000101288,0,-0.71999999999999997,1.192489544602203,1.912489544602203,2,0,-0.71999999999999997,1.192489544602203,1.912489544602203,1,5.5089772590373514,4.4700000000000006,-1.0389772590373507,,,,
"parked_and_oncoming",185,1,1,500,0.00010205400000000001,1,0.93591291566211976,4.4700000000000006,3.5340870843378811,2,1,0.93591291566211976,4.4700000000000006,3.5340870843378811,0,-0.71999999999999997,-3.4868287011720969,-2.7668287011720967,,,,
"parked_and_oncoming",186,0,1,500,9.9066000000000003e-05,0,-0.71999999999999997,0.76560072730981954,1.4856007273098195,2,0,-0.71999999999999997,0.76560072730981954,1.4856007273098195,1,5.0978739021620472,4.4700000000000006,-0.62787390216204653,,,,
"parked_and_oncoming",186,1,1,500,0.000104304,1,0.98207499512019181,4.4700000000000006,3.4879250048798087,2,1,0.98207499512019181,4.4700000000000006,3.4879250048798087,0,-0.71999999999999997,-3.3047412034888692,-2.5847412034888695,,,,
"parked_and_oncoming",187,0,1,500,0.000101698,0,-0.71999999999999997,0.82737381405909893,1.5473738140590989,2,0,-0.71999999999999997,0.82737381405909893,1.5473738140590989,1,5.2907968851473619,4.4700000000000006,-0.82079688514736127,,,,
"parked_and_oncoming",187,1,1,500,0.000102892,1,0.99104563115291178,4.4700000000000006,3.4789543688470888,2,1,0.99104563115291178,4.4700000000000006,3.4789543688470888,0,-0.71999999999999997,-3.4156499316152598,-2.69564993161526,,,,
"parked_and_oncoming",188,0,1,500,0.00010009,1,0.91966522566046105,4.4700000000000006,3.5503347743395395,2,1,0.91966522566046105,4.4700000000000006,3.5503347743395395,0,-0.71999999999999997,-3.4026705316887189,-2.6826705316887187,,,,
"parked_and_oncoming",189,0,1,500,0.00010061199999999999,0,-0.71999999999999997,1.25763863674292,1.97763863674292,2,0,-0.71999999999999997,1.25763863674292,1.97763863674292,1,5.6811673348973777,4.4700000000000006,-1.211167334897377,,,,
"parked_and_oncoming",189,1,1,500,0.00010077999999999999,1,1.1162449669370051,4.4700000000000006,3.3537550330629955,2,1,1.1162449669370051,4.4700000000000006,3.3537550330629955,0,-0.71999999999999997,-3.3291567096740398,-2.60915670967404,,,,
"parked_and_oncoming",190,0,1,500,0.00010110800000000001,0,-0.71999999999999997,0.86399162557432407,1.583991625574324,2,0,-0.71999999999999997,0.86399162557432407,1.583991625574324,1,5.4041249998735772,4.4700000000000006,-0.93412499987357656,,,,
"parked_and_oncoming",190,1,1,500,9.6816000000000003e-05,1,1.0481672047830188,4.4700000000000006,3.4218327952169818,2,1,1.0481672047830188,4.4700000000000006,3.4218327952169818,0,-0.71999999999999997,-3.3892239047236412,-2.6692239047236415,,,,
"parked_and_oncoming",191,0,1,500,9.7376000000000011e-05,0,-0.71999999999999997,0.82293613481391903,1.542936134813919,2,0,-0.71999999999999997,0.82293613481391903,1.542936134813919,1,5.1593530141987287,4.4700000000000006,-0.68935301419872808,,,,
"parked_and_oncoming",191,1,1,500,0.00010038400000000001,1,0.9886260777473046,4.4700000000000006,3.481373922252696,2,1,0.9886260777473046,4.4700000000000006,3.481373922252696,0,-0.71999999999999997,-3.4169749759656352,-2.6969749759656354,,,,
"parked_and_oncoming",192,0,2,500,0.00011789399999999999,1,0.92361437414400882,1.178022003455375,0.25440762931136618,3,1,0.92361437414400882,1.178022003455375,0.25440762931136618,2,5.6859308458321145,4.4700000000000006,-1.2159308458321139,0,-0.71999999999999997,-3.5446846406355048,-2.8246846406355051
"parked_and_oncoming",193,0,1,500,0.00010099800000000001,0,-0.71999999999999997,1.222514183031574,1.942514183031574,2,0,-0.71999999999999997,1.222514183031574,1.942514183031574,1,5.6215901560841228,4.4700000000000006,-1.1515901560841222,,,,
"parked_and_oncoming",193,1,1,500,0.00010117600000000001,1,0.97907909825937289,4.4700000000000006,3.490920901740628,2,1,0.97907909825937289,4.4700000000000006,3.490920901740628,0,-0.71999999999999997,-3.4752468527326252,-2.7552468527326255,,,,
"parked_and_oncoming",194,0,1,500,0.000101474,0,-0.71999999999999997,0.72268090843647759,1.4426809084364776,2,0,-0.71999999999999997,0.72268090843647759,1.4426809084364776,1,5.1796588407286182,4.4700000000000006,-0.70965884072861751,,,,
"parked_and_oncoming",194,1,1,500,0.00010098400000000001,1,0.92479702613310988,4.4700000000000006,3.5452029738668909,2,1,0.92479702613310988,4.4700000000000006,3.5452029738668909,0,-0.71999999999999997,-3.5262237130868037,-2.806223713086804,,,,
"parked_and_oncoming",195,0,1,500,0.000100992,0,-0.71999999999999997,0.81900279432777623,1.5390027943277762,2,0,-0.71999999999999997,0.81900279432777623,1.5390027943277762,1,5.3731041985015295,4.4700000000000006,-0.9031041985015289,,,,
"parked_and_oncoming",195,1,1,500,9.9851999999999992e-05,1,1.0036880741918142,4.4700000000000006,3.4663119258081867,2,1,1.0036880741918142,4.4700000000000006,3.4663119258081867,0,-0.71999999999999997,-3.4914341202509571,-2.7714341202509569,,,,
"parked_and_oncoming",196,0,1,500,0.000100022,0,-0.71999999999999997,0.55198876872520231,1.2719887687252023,2,0,-0.71999999999999997,0.55198876872520231,1.2719887687252023,1,4.9363163162979955,4.4700000000000006,-0.46631631629799486,,,,
"parked_and_oncoming",196,1,1,500,9.8306000000000004e-05,1,1.0861590319705434,4.4700000000000006,3.3838409680294572,2,1,1.0861590319705434,4.4700000000000006,3.3838409680294572,0,-0.71999999999999997,-3.2052547651010865,-2.4852547651010868,,,,
"parked_and_oncoming",197,0,1,500,0.000102562,0,-0.71999999999999997,0.62637558542142879,1.3463755854214288,2,0,-0.71999999999999997,0.62637558542142879,1.3463755854214288,1,5.0018485317731507,4.4700000000000006,-0.53184853177315006,,,,
"parked_and_oncoming",197,1,1,500,0.000102366,1,0.96819809456175543,4.4700000000000006,3.5018019054382452,2,1,0.96819809456175543,4.4700000000000006,3.5018019054382452,0,-0.71999999999999997,-3.4380163524107292,-2.7180163524107295,,,,
"parked_and_oncoming",198,0,1,500,0.00010377599999999999,0,-0.71999999999999997,1.1654891427872267,1.8854891427872267,2,0,-0.71999999999999997,1.1654891427872267,1.8854891427872267,1,5.6967009815291272,4.4700000000000006,-1.2267009815291265,,,,
"parked_and_oncoming",198,1,1,500,0.000105276,1,1.0054315983852145,4.4700000000000006,3.4645684016147862,2,1,1.0054315983852145,4.4700000000000006,3.4645684016147862,0,-0.71999999999999997,-3.3364052172067495,-2.6164052172067498,,,,
"parked_and_oncoming",199,0,1,500,9.7952e-05,0,-0.71999999999999997,0.887229324033314,1.607229324033314,2,0,-0.71999999999999997,0.887229324033314,1.607229324033314,1,5.4046126313850387,4.4700000000000006,-0.93461263138503803,,,,
"parked_and_oncoming",199,1,1,500,0.00010020600000000001,1,0.8482357760613396,4.4700000000000006,3.6217642239386612,2,1,0.8482357760613396,4.4700000000000006,3.6217642239386612,0,-0.71999999999999997,-3.5149809951677886,-2.7949809951677889,,,,
"parked_and_oncoming",200,0,1,500,9.8640000000000004e-05,0,-0.71999999999999997,1.099679375330417,1.819679375330417,2,0,-0.71999999999999997,1.099679375330417,1.819679375330417,1,5.4825305299401421,4.4700000000000006,-1.0125305299401415,,,,
"parked_and_oncoming",200,1,1,500,0.000102052,1,0.78696537256892352,4.4700000000000006,3.683034627431077,2,1,0.78696537256892352,4.4700000000000006,3.683034627431077,0,-0.71999999999999997,-3.4683000086707345,-2.7483000086707348,,,,
"parked_and_oncoming",201,0,1,500,9.8064000000000002e-05,0,-0.71999999999999997,0.56165609195758459,1.2816560919575846,2,0,-0.71999999999999997,0.56165609195758459,1.2816560919575846,1,4.9592885238300912,4.4700000000000006,-0.48928852383009058,,,,
"parked_and_oncoming",201,1,1,500,0.00010269399999999999,1,0.91751505144801337,4.4700000000000006,3.5524849485519874,2,1,0.91751505144801337,4.4700000000000006,3.5524849485519874,0,-0.71999999999999997,-3.5365062188826175,-2.8165062188826173,,,,
"parked_and_oncoming",202,0,1,500,9.8348000000000001e-05,0,-0.71999999999999997,0.75943814710965629,1.4794381471096563,2,0,-0.71999999999999997,0.75943814710965629,1.4794381471096563,1,5.2439438366581799,4.4700000000000006,-0.77394383665817923,,,,
"parked_and_oncoming",202,1,1,500,0.000100358,1,1.0363412745498772,4.4700000000000006,3.4336587254501234,2,1,1.0363412745498772,4.4700000000000006,3.4336587254501234,0,-0.71999999999999997,-3.4196634164052551,-2.6996634164052553,,,,
"parked_and_oncoming",203,0,1,500,0.00010183399999999999,0,-0.71999999999999997,0.74150372604987824,1.4615037260498782,2,0,-0.71999999999999997,0.74150372604987824,1.4615037260498782,1,5.0366302078963017,4.4700000000000006,-0.56663020789630103,,,,
"parked_and_oncoming",203,1,1,500,9.735399999999999e-05,1,0.90886074192486976,4.4700000000000006,3.5611392580751309,2,1,0.90886074192486976,4.4700000000000006,3.5611392580751309,0,-0.71999999999999997,-3.4753829428814829,-2.7553829428814831,,,,
"parked_and_oncoming",204,0,1,500,0.000103212,0,-0.71999999999999997,0.90737894368110039,1.6273789436811004,2,0,-0.71999999999999997,0.90737894368110039,1.6273789436811004,1,5.3632238074461318,4.4700000000000006,-0.89322380744613117,,,,
"parked_and_oncoming",204,1,1,500,0.00010104399999999999,1,1.1037311261884168,4.4700000000000006,3.3662688738115838,2,1,1.1037311261884168,4.4700000000000006,3.3662688738115838,0,-0.71999999999999997,-3.3086696633243573,-2.5886696633243576,,,,
"parked_and_oncoming",205,0,1,500,0.00010264600000000001,0,-0.71999999999999997,0.66852073238690446,1.3885207323869044,2,0,-0.71999999999999997,0.66852073238690446,1.3885207323869044,1,4.9486305958274386,4.4700000000000006,-0.47863059582743794,,,,
"parked_and_oncoming",205,1,1,500,9.7425999999999999e-05,1,0.98923285756364077,4.4700000000000006,3.4807671424363598,2,1,0.98923285756364077,4.4700000000000006,3.4807671424363598,0,-0.71999999999999997,-3.3034515395770594,-2.5834515395770596,,,,
"parked_and_oncoming",206,0,1,500,9.7996000000000002e-05,0,-0.71999999999999997,0.75378760392592659,1.4737876039259266,2,0,-0.71999999999999997,0.75378760392592659,1.4737876039259266,1,5.2006913947620568,4.4700000000000006,-0.73069139476205613,,,,
"parked_and_oncoming",206,1,1,500,0.000104034,1,1.1296928440524108,4.4700000000000006,3.3403071559475901,2,1,1.1296928440524108,4.4700000000000006,3.3403071559475901,0,-0.71999999999999997,-3.3616748113768375,-2.6416748113768378,,,,
"parked_and_oncoming",207,0,1,500,0.000102268,0,-0.71999999999999997,0.91398729452061911,1.6339872945206191,2,0,-0.71999999999999997,0.91398729452061911,1.6339872945206191,1,5.4115014354036894,4.4700000000000006,-0.9415014354036888,,,,
"parked_and_oncoming",207,1,1,500,0.00010134799999999999,1,1.0072648168728393,4.4700000000000006,3.4627351831271613,2,1,1.0072648168728393,4.4700000000000006,3.4627351831271613,0,-0.71999999999999997,-3.3310305085440266,-2.6110305085440269,,,,
"parked_and_oncoming",208,0,1,500,0.00010183000000000001,0,-0.71999999999999997,0.90343773355331813,1.6234377335533181,2,0,-0.71999999999999997,0.90343773355331813,1.6234377335533181,1,5.3546574378100971,4.4700000000000006,-0.88465743781009643,,,,
"parked_and_oncoming",208,1,1,500,0.00010131199999999999,1,1.0914023464366718,4.4700000000000006,3.3785976535633289,2,1,1.0914023464366718,4.4700000000000006,3.3785976535633289,0,-0.71999999999999997,-3.3842314105226547,-2.664231410522655,,,,
"parked_and_oncoming",209,0,1,500,0.00010135,1,1.0986046924435633,4.4700000000000006,3.3713953075564373,2,1,1.0986046924435633,4.4700000000000006,3.3713953075564373,0,-0.71999999999999997,-3.340192941174831,-2.6201929411748308,,,,
"parked_and_oncoming",210,0,1,500,0.00010151399999999999,0,-0.71999999999999997,1.0681931848174675,1.7881931848174675,2,0,-0.71999999999999997,1.0681931848174675,1.7881931848174675,1,5.4986939775723069,4.4700000000000006,-1.0286939775723063,,,,
"parked_and_oncoming",210,1,1,500,0.000101308,1,1.1551641100487111,4.4700000000000006,3.3148358899512895,2,1,1.1551641100487111,4.4700000000000006,3.3148358899512895,0,-0.71999999999999997,-3.3098767716714188,-2.5898767716714186,,,,
"parked_and_oncoming",211,0,1,500,0.000101926,0,-0.71999999999999997,1.1112691224404241,1.8312691224404241,2,0,-0.71999999999999997,1.1112691224404241,1.8312691224404241,1,5.5136647163653851,4.4700000000000006,-1.0436647163653845,,,,
"parked_and_oncoming",211,1,1,500,0.00010131199999999999,1,0.87196347152634013,4.4700000000000006,3.5980365284736604,2,1,0.87196347152634013,4.4700000000000006,3.5980365284736604,0,-0.71999999999999997,-3.5150002230944191,-2.7950002230944193,,,,
"parked_and_oncoming",212,0,1,500,0.000101476,1,1.1709895602224916,4.4700000000000006,3.2990104397775091,2,1,1.1709895602224916,4.4700000000000006,3.2990104397775091,0,-0.71999999999999997,-3.2832665823735381,-2.5632665823735383,,,,
"parked_and_oncoming",213,0,1,500,0.00010283,0,-0.71999999999999997,0.82752565173466963,1.5475256517346696,2,0,-0.71999999999999997,0.82752565173466963,1.5475256517346696,1,5.2051892205521586,4.4700000000000006,-0.73518922055215796,,,,
"parked_and_oncoming",213,1,1,500,0.00010120600000000001,1,1.0479319851282309,4.4700000000000006,3.4220680148717699,2,1,1.0479319851282309,4.4700000000000006,3.4220680148717699,0,-0.71999999999999997,-3.2788796024672395,-2.5588796024672398,,,,
"parked_and_oncoming",214,0,1,500,0.00010298599999999999,0,-0.71999999999999997,0.62432980779452474,1.3443298077945247,2,0,-0.71999999999999997,0.62432980779452474,1.3443298077945247,1,4.9341617248037233,4.4700000000000006,-0.46416172480372264,,,,
"parked_and_oncoming",214,1,1,500,0.00010236800000000001,1,0.89164954748564351,4.4700000000000006,3.578350452514357,2,1,0.89164954748564351,4.4700000000000006,3.578350452514357,0,-0.71999999999999997,-3.4126370666063917,-2.6926370666063919,,,,
"parked_and_oncoming",215,0,1,500,0.000108718,0,-0.71999999999999997,1.3082486432849276,2.0282486432849276,2,0,-0.71999999999999997,1.3082486432849276,2.0282486432849276,1,5.6128373540603427,4.4700000000000006,-1.142837354060342,,,,
"parked_and_oncoming",215,1,1,500,0.000104242,1,0.85765175119867132,4.4700000000000006,3.6123482488013292,2,1,0.85765175119867132,4.4700000000000006,3.6123482488013292,0,-0.71999999999999997,-3.5542474355519582,-2.8342474355519585,,,,
"parked_and_oncoming",216,0,1,500,0.000102434,0,-0.71999999999999997,1.3160686568883175,2.0360686568883173,2,0,-0.71999999999999997,1.3160686568883175,2.0360686568883173,1,5.617243819234913,4.4700000000000006,-1.1472438192349124,,,,
"parked_and_oncoming",216,1,1,500,0.000101714,1,1.0075583134157751,4.4700000000000006,3.4624416865842256,2,1,1.0075583134157751,4.4700000000000006,3.4624416865842256,0,-0.71999999999999997,-3.4000828304115749,-2.6800828304115747,,,,
"parked_and_oncoming",217,0,1,500,0.00010528800000000001,0,-0.71999999999999997,0.87478644444598208,1.5947864444459821,2,0,-0.71999999999999997,0.87478644444598208,1.5947864444459821,1,5.2055874839323923,4.4700000000000006,-0.73558748393239171,,,,
"parked_and_oncoming",217,1,1,500,0.000103854,1,1.120609665366638,4.4700000000000006,3.3493903346333624,2,1,1.120609665366638,4.4700000000000006,3.3493903346333624,0,-0.71999999999999997,-3.3506283621740058,-2.6306283621740061,,,,
"parked_and_oncoming",218,0,1,500,0.00010369599999999999,1,1.0896951662477166,4.4700000000000006,3.3803048337522839,2,1,1.0896951662477166,4.4700000000000006,3.3803048337522839,0,-0.71999999999999997,-3.329494215436728,-2.6094942154367278,,,,
"parked_and_oncoming",219,0,1,500,0.000102266,1,1.1411032283755251,4.4700000000000006,3.3288967716244757,2,1,1.1411032283755251,4.4700000000000006,3.3288967716244757,0,-0.71999999999999997,-3.2878726203043698,-2.56787262030437,,,,
"parked_and_oncoming",220,0,2,500,0.000125258,1,0.96536147510896775,0.99889646178500624,0.033534986676038492,3,1,0.96536147510896775,0.99889646178500624,0.033534986676038492,2,5.3425130327020902,4.4700000000000006,-0.87251303270208957,0,-0.71999999999999997,-3.325898723585667,-2.6058987235856668
"parked_and_oncoming",221,0,1,500,9.8820000000000006e-05,0,-0.71999999999999997,1.320806643453152,2.040806643453152,2,0,-0.71999999999999997,1.320806643453152,2.040806643453152,1,5.61339270847885,4.4700000000000006,-1.1433927084788493,,,,
"parked_and_oncoming",221,1,1,500,0.000100042,1,1.1023545469899303,4.4700000000000006,3.3676454530100703,2,1,1.1023545469899303,4.4700000000000006,3.3676454530100703,0,-0.71999999999999997,-3.296508198459851,-2.5765081984598508,,,,
"parked_and_oncoming",222,0,1,500,0.000102804,1,1.0207300983467062,4.4700000000000006,3.4492699016532944,2,1,1.0207300983467062,4.4700000000000006,3.4492699016532944,0,-0.71999999999999997,-3.3732909036168648,-2.653290903616865,,,,
"parked_and_oncoming",223,0,1,500,9.8082e-05,0,-0.71999999999999997,1.139316191775245,1.859316191775245,2,0,-0.71999999999999997,1.139316191775245,1.859316191775245,1,5.4498575106776617,4.4700000000000006,-0.97985751067766103,,,,
"parked_and_oncoming",223,1,1,500,0.000103908,1,0.90893436080251144,4.4700000000000006,3.5610656391974893,2,1,0.90893436080251144,4.4700000000000006,3.5610656391974893,0,-0.71999999999999997,-3.4516238771646424,-2.7316238771646422,,,,
"parked_and_oncoming",224,0,1,500,9.9117999999999995e-05,0,-0.71999999999999997,1.2634574771632967,1.9834574771632967,2,0,-0.71999999999999997,1.2634574771632967,1.9834574771632967,1,5.557002423425363,4.4700000000000006,-1.0870024234253624,,,,
"parked_and_oncoming",224,1,1,500,0.00010386399999999999,1,1.0242189101394557,4.4700000000000006,3.445781089860545,2,1,1.0242189101394557,4.4700000000000006,3.445781089860545,0,-0.71999999999999997,-3.4280812255372402,-2.7080812255372404,,,,
"parked_and_oncoming",225,0,1,500,0.00010537799999999999,1,0.95622550741240564,4.4700000000000006,3.5137744925875949,2,1,0.95622550741240564,4.4700000000000006,3.5137744925875949,0,-0.71999999999999997,-3.3887859965249603,-2.6687859965249601,,,,
"parked_and_oncoming",226,0,1,500,0.00010127600000000001,0,-0.71999999999999997,0.93835931176925635,1.6583593117692563,2,0,-0.71999999999999997,0.93835931176925635,1.6583593117692563,1,5.2567873763772166,4.4700000000000006,-0.78678737637721596,,,,
"parked_and_oncoming",226,1,1,500,0.00010046,1,1.0368290292773785,4.4700000000000006,3.4331709707226219,2,1,1.0368290292773785,4.4700000000000006,3.4331709707226219,0,-0.71999999999999997,-3.3533696841200991,-2.6333696841200993,,,,
"parked_and_oncoming",227,0,1,500,0.00010001799999999999,0,-0.71999999999999997,0.54147460962682392,1.2614746096268239,2,0,-0.71999999999999997,0.54147460962682392,1.2614746096268239,1,4.9150160422828417,4.4700000000000006,-0.44501604228284108,,,,
"parked_and_oncoming",227,1,1,500,9.7121999999999996e-05,1,1.0549447906694023,4.4700000000000006,3.4150552093305984,2,1,1.0549447906694023,4.4700000000000006,3.4150552093305984,0,-0.71999999999999997,-3.3877084575833059,-2.6677084575833057,,,,
"parked_and_oncoming",228,0,1,500,9.8419999999999996e-05,0,-0.71999999999999997,0.93102875859849421,1.6510287585984942,2,0,-0.71999999999999997,0.93102875859849421,1.6510287585984942,1,5.3937128212371279,4.4700000000000006,-0.92371282123712728,,,,
"parked_and_oncoming",228,1,1,500,0.00010305400000000001,1,0.94940217689190642,4.4700000000000006,3.5205978231080941,2,1,0.94940217689190642,4.4700000000000006,3.5205978231080941,0,-0.71999999999999997,-3.4750045702321866,-2.7550045702321864,,,,
"parked_and_oncoming",229,0,1,500,0.000101468,0,-0.71999999999999997,1.1855843475880299,1.9055843475880299,2,0,-0.71999999999999997,1.1855843475880299,1.9055843475880299,1,5.7203119637035513,4.4700000000000006,-1.2503119637035507,,,,
"parked_and_oncoming",229,1,1,500,0.00010133000000000001,1,1.0130962373623524,4.4700000000000006,3.4569037626376482,2,1,1.0130962373623524,4.4700000000000006,3.4569037626376482,0,-0.71999999999999997,-3.4003395193107413,-2.6803395193107411,,,,
"parked_and_oncoming",230,0,2,500,0.00012479,1,1.0118900645484052,1.2287407896331788,0.21685072508477354,3,1,1.0118900645484052,1.2287407896331788,0.21685072508477354,2,5.720155136529729,4.4700000000000006,-1.2501551365297283,0,-0.71999999999999997,-3.4393150998818394,-2.7193150998818396
"parked_and_oncoming",231,0,1,500,0.000101536,0,-0.71999999999999997,0.62448709930258461,1.3444870993025846,2,0,-0.71999999999999997,0.62448709930258461,1.3444870993025846,1,4.8875908692052654,4.4700000000000006,-0.41759086920526478,,,,
"parked_and_oncoming",231,1,1,500,0.00010135,1,0.89899568524502416,4.4700000000000006,3.5710043147549766,2,1,0.89899568524502416,4.4700000000000006,3.5710043147549766,0,-0.71999999999999997,-3.3887325369798247,-2.6687325369798245,,,,
"parked_and_oncoming",232,0,1,500,0.000101468,0,-0.71999999999999997,0.81158976143051187,1.5315897614305118,2,0,-0.71999999999999997,0.81158976143051187,1.5315897614305118,1,5.1630257784375884,4.4700000000000006,-0.69302577843758773,,,,
"parked_and_oncoming",232,1,1,500,0.000100414,1,0.97169788804109913,4.4700000000000006,3.4983021119589015,2,1,0.97169788804109913,4.4700000000000006,3.4983021119589015,0,-0.71999999999999997,-3.4361744475191305,-2.7161744475191307,,,,
"parked_and_oncoming",233,0,1,500,9.8877999999999998e-05,0,-0.71999999999999997,0.50725145798246274,1.2272514579824627,2,0,-0.71999999999999997,0.50725145798246274,1.2272514579824627,1,5.0582311644018167,4.4700000000000006,-0.58823116440181611,,,,
"parked_and_oncoming",233,1,1,500,0.00010222399999999999,1,1.0577561637318755,4.4700000000000006,3.4122438362681251,2,1,1.0577561637318755,4.4700000000000006,3.4122438362681251,0,-0.71999999999999997,-3.3135363298001792,-2.5935363298001795,,,,
"parked_and_oncoming",234,0,1,500,0.000102466,1,1.0504242964205139,4.4700000000000006,3.4195757035794867,2,1,1.0504242964205139,4.4700000000000006,3.4195757035794867,0,-0.71999999999999997,-3.3106281874147951,-2.5906281874147954,,,,
"parked_and_oncoming",235,0,1,500,0.000103014,0,-0.71999999999999997,0.66522062413113003,1.38522062413113,2,0,-0.71999999999999997,0.66522062413113003,1.38522062413113,1,5.1026262676048866,4.4700000000000006,-0.63262626760488594,,,,
"parked_and_oncoming",235,1,1,500,0.000102204,1,0.96104101115481322,4.4700000000000006,3.5089589888451873,2,1,0.96104101115481322,4.4700000000000006,3.5089589888451873,0,-0.71999999999999997,-3.4023049033699975,-2.6823049033699977,,,,
"parked_and_oncoming",236,0,1,500,0.00010041999999999999,0,-0.71999999999999997,0.60303950754101199,1.323039507541012,2,0,-0.71999999999999997,0.60303950754101199,1.323039507541012,1,4.957697123977745,4.4700000000000006,-0.48769712397774434,,,,
"parked_and_oncoming",236,1,1,500,0.00010262,1,0.99820435367221794,4.4700000000000006,3.4717956463277826,2,1,0.99820435367221794,4.4700000000000006,3.4717956463277826,0,-0.71999999999999997,-3.4125915081919915,-2.6925915081919918,,,,
"parked_and_oncoming",237,0,1,500,0.00011034800000000001,0,-0.71999999999999997,1.1233211774005165,1.8433211774005165,2,0,-0.71999999999999997,1.1233211774005165,1.8433211774005165,1,5.5448285991425914,4.4700000000000006,-1.0748285991425908,,,,
"parked_and_oncoming",237,1,1,500,9.9965999999999998e-05,1,0.93305488294169447,4.4700000000000006,3.5369451170583064,2,1,0.93305488294169447,4.4700000000000006,3.5369451170583064,0,-0.71999999999999997,-3.4593699916695093,-2.7393699916695091,,,,
"parked_and_oncoming",238,0,1,500,0.000100556,0,-0.71999999999999997,0.61181361118939104,1.331813611189391,2,0,-0.71999999999999997,0.61181361118939104,1.331813611189391,1,4.9164993031326407,4.4700000000000006,-0.44649930313264008,,,,
"parked_and_oncoming",238,1,1,500,0.00010016200000000001,1,0.85951749127053301,4.4700000000000006,3.6104825087294676,2,1,0.85951749127053301,4.4700000000000006,3.6104825087294676,0,-0.71999999999999997,-3.4481344090509158,-2.7281344090509156,,,,
"parked_and_oncoming",239,0,1,500,0.000104374,0,-0.71999999999999997,0.98735746311853934,1.7073574631185393,2,0,-0.71999999999999997,0.98735746311853934,1.7073574631185393,1,5.352295600536837,4.4700000000000006,-0.88229560053683631,,,,
"parked_and_oncoming",239,1,1,500,0.000103404,1,1.1347627270693521,4.4700000000000006,3.3352372729306485,2,1,1.1347627270693521,4.4700000000000006,3.3352372729306485,0,-0.71999999999999997,-3.2540639329837666,-2.5340639329837664,,,,
"parked_and_oncoming",240,0,1,500,0.000103718,1,1.0368813426451511,4.4700000000000006,3.4331186573548496,2,1,1.0368813426451511,4.4700000000000006,3.4331186573548496,0,-0.71999999999999997,-3.32707271829688,-2.6070727182968803,,,,
"parked_and_oncoming",241,0,1,500,0.00010782999999999999,0,-0.71999999999999997,1.102533122836779,1.8225331228367789,2,0,-0.71999999999999997,1.102533122836779,1.8225331228367789,1,5.5563357998052654,4.4700000000000006,-1.0863357998052647,,,,
"parked_and_oncoming",241,1,1,500,0.000102452,1,1.0693177059977546,4.4700000000000006,3.4006822940022463,2,1,1.0693177059977546,4.4700000000000006,3.4006822940022463,0,-0.71999999999999997,-3.2838584852530346,-2.5638584852530348,,,,
"parked_and_oncoming",242,0,1,500,0.00010210199999999999,1,1.0930203705486474,4.4700000000000006,3.3769796294513532,2,1,1.0930203705486474,4.4700000000000006,3.3769796294513532,0,-0.71999999999999997,-3.4177695538451225,-2.6977695538451227,,,,
"parked_and_oncoming",243,0,1,500,0.000102976,0,-0.71999999999999997,1.3017288333253418,2.0217288333253416,2,0,-0.71999999999999997,1.3017288333253418,2.0217288333253416,1,5.6793879215343814,4.4700000000000006,-1.2093879215343808,,,,
"parked_and_oncoming",243,1,1,500,0.000101344,1,1.0868505036739595,4.4700000000000006,3.3831494963260411,2,1,1.0868505036739595,4.4700000000000006,3.3831494963260411,0,-0.71999999999999997,-3.2607877376699834,-2.5407877376699837,,,,
"parked_and_oncoming",244,0,1,500,0.000100404,0,-0.71999999999999997,1.2538681603170792,1.9738681603170791,2,0,-0.71999999999999997,1.2538681603170792,1.9738681603170791,1,5.73349505528605,4.4700000000000006,-1.2634950552860493,,,,
"parked_and_oncoming",244,1,1,500,0.00010050799999999999,1,0.93538159200774051,4.4700000000000006,3.53461840799226,2,1,0.93538159200774051,4.4700000000000006,3.53461840799226,0,-0.71999999999999997,-3.4642000728577278,-2.744200072857728,,,,
"parked_and_oncoming",245,0,1,500,9.7600000000000001e-05,0,-0.71999999999999997,1.1050884149452438,1.8250884149452438,2,0,-0.71999999999999997,1.1050884149452438,1.8250884149452438,1,5.3873502680684222,4.4700000000000006,-0.91735026806842157,,,,
"parked_and_oncoming",245,1,1,500,9.7224000000000003e-05,1,1.0796275917507905,4.4700000000000006,3.3903724082492102,2,1,1.0796275917507905,4.4700000000000006,3.3903724082492102,0,-0.71999999999999997,-3.3323892279577572,-2.612389227957757,,,,
"parked_and_oncoming",246,0,1,500,0.00010278800000000001,0,-0.71999999999999997,0.82609244884867117,1.5460924488486711,2,0,-0.71999999999999997,0.82609244884867117,1.5460924488486711,1,5.2918039130378887,4.4700000000000006,-0.82180391303788802,,,,
"parked_and_oncoming",246,1,1,500,9.6607999999999994e-05,1,1.05665842395811,4.4700000000000006,3.4133415760418906,2,1,1.05665842395811,4.4700000000000006,3.4133415760418906,0,-0.71999999999999997,-3.2887385705298176,-2.5687385705298178,,,,
"parked_and_oncoming",247,0,1,500,0.000101588,1,1.0003437628524958,4.4700000000000006,3.4696562371475048,2,1,1.0003437628524958,4.4700000000000006,3.4696562371475048,0,-0.71999999999999997,-3.3270823842004278,-2.607082384200428,,,,
"parked_and_oncoming",248,0,1,500,9.9980000000000002e-05,0,-0.71999999999999997,0.57721251284727382,1.2972125128472738,2,0,-0.71999999999999997,0.57721251284727382,1.2972125128472738,1,5.0609173532739664,4.4700000000000006,-0.59091735327396577,,,,
"parked_and_oncoming",248,1,1,500,9.8683999999999992e-05,1,1.089145791017986,4.4700000000000006,3.3808542089820146,2,1,1.089145791017986,4.4700000000000006,3.3808542089820146,0,-0.71999999999999997,-3.2723549846367654,-2.5523549846367652,,,,
"parked_and_oncoming",249,0,1,500,9.9716000000000005e-05,0,-0.71999999999999997,1.2409414663171483,1.9609414663171483,2,0,-0.71999999999999997,1.2409414663171483,1.9609414663171483,1,5.6993526103328076,4.4700000000000006,-1.229352610332807,,,,
"parked_and_oncoming",249,1,1,500,0.00010204000000000001,1,0.95465872418152098,4.4700000000000006,3.5153412758184794,2,1,0.95465872418152098,4.4700000000000006,3.5153412758184794,0,-0.71999999999999997,-3.4764381704322327,-2.7564381704322329,,,,
"parked_and_oncoming",250,0,1,500,0.00011015800000000001,0,-0.71999999999999997,0.50416230375134474,1.2241623037513447,2,0,-0.71999999999999997,0.50416230375134474,1.2241623037513447,1,4.9722116099762994,4.4700000000000006,-0.50221160997629877,,,,
"parked_and_oncoming",250,1,1,500,0.000100618,1,0.86487960516233342,4.4700000000000006,3.6051203948376673,2,1,0.86487960516233342,4.4700000000000006,3.6051203948376673,0,-0.71999999999999997,-3.4461812014019548,-2.7261812014019551,,,,
"parked_and_oncoming",251,0,2,500,0.00012502600000000001,1,1.1112570040946208,1.259353358859429,0.1480963547648082,3,1,1.1112570040946208,1.259353358859429,0.1480963547648082,2,5.5446090458920647,4.4700000000000006,-1.0746090458920641,0,-0.71999999999999997,-3.2826982332550005,-2.5626982332550003
"parked_and_oncoming",252,0,1,500,0.00010150199999999999,1,1.0840979267078867,4.4700000000000006,3.3859020732921139,2,1,1.0840979267078867,4.4700000000000006,3.3859020732921139,0,-0.71999999999999997,-3.2791550801004448,-2.559155080100445,,,,
"parked_and_oncoming",253,0,1,500,0.00010266,0,-0.71999999999999997,0.84641173428439598,1.566411734284396,2,0,-0.71999999999999997,0.84641173428439598,1.566411734284396,1,5.2716964949409499,4.4700000000000006,-0.8016964949409493,,,,
"parked_and_oncoming",253,1,1,500,0.00010139199999999999,1,0.99238466626602373,4.4700000000000006,3.477615333733977,2,1,0.99238466626602373,4.4700000000000006,3.477615333733977,0,-0.71999999999999997,-3.4309415956861615,-2.7109415956861618,,,,
"parked_and_oncoming",254,0,1,500,0.000102204,0,-0.71999999999999997,0.60225996409102356,1.3222599640910235,2,0,-0.71999999999999997,0.60225996409102356,1.3222599640910235,1,5.0298016790573534,4.4700000000000006,-0.55980167905735279,,,,
"parked_and_oncoming",254,1,1,500,0.000101686,1,0.99512494963257747,4.4700000000000006,3.4748750503674231,2,1,0.99512494963257747,4.4700000000000006,3.4748750503674231,0,-0.71999999999999997,-3.3802653045423776,-2.6602653045423779,,,,
"parked_and_oncoming",255,0,1,500,0.00011214200000000001,1,1.0454704556758341,4.4700000000000006,3.4245295443241668,2,1,1.0454704556758341,4.4700000000000006,3.4245295443241668,0,-0.71999999999999997,-3.2597955731534647,-2.5397955731534649,,,,
"parked_and_oncoming",256,0,1,500,9.6994e-05,0,-0.71999999999999997,0.93819113541082433,1.6581911354108243,2,0,-0.71999999999999997,0.93819113541082433,1.6581911354108243,1,5.4603013591243785,4.4700000000000006,-0.99030135912437789,,,,
"parked_and_oncoming",256,1,1,500,0.000100744,1,0.99713228479983274,4.4700000000000006,3.4728677152001679,2,1,0.99713228479983274,4.4700000000000006,3.4728677152001679,0,-0.71999999999999997,-3.4373300968780631,-2.7173300968780634,,,,
"parked_and_oncoming",257,0,1,500,0.000100256,0,-0.71999999999999997,0.90111189779828726,1.6211118977982872,2,0,-0.71999999999999997,0.90111189779828726,1.6211118977982872,1,5.406814860942033,4.4700000000000006,-0.93681486094203237,,,,
"parked_and_oncoming",257,1,1,500,0.00010022399999999999,1,1.0325665073331971,4.4700000000000006,3.4374334926668038,2,1,1.0325665073331971,4.4700000000000006,3.4374334926668038,0,-0.71999999999999997,-3.45168270240202,-2.7316827024020203,,,,
"parked_and_oncoming",258,0,1,500,9.9882000000000004e-05,0,-0.71999999999999997,0.66250343873532969,1.3825034387353297,2,0,-0.71999999999999997,0.66250343873532969,1.3825034387353297,1,5.203280622467485,4.4700000000000006,-0.73328062246748438,,,,
"parked_and_oncoming",258,1,1,500,0.000100664,1,1.1120082308571573,4.4700000000000006,3.3579917691428434,2,1,1.1120082308571573,4.4700000000000006,3.3579917691428434,0,-0.71999999999999997,-3.2220895475357842,-2.5020895475357845,,,,
"parked_and_oncoming",259,0,1,500,9.9110000000000005e-05,1,1.1136025098805926,4.4700000000000006,3.356397490119408,2,1,1.1136025098805926,4.4700000000000006,3.356397490119408,0,-0.71999999999999997,-3.3979080436345965,-2.6779080436345968,,,,
"parked_and_oncoming",260,0,1,500,0.000101118,0,-0.71999999999999997,0.45859542182058743,1.1785954218205874,2,0,-0.71999999999999997,0.45859542182058743,1.1785954218205874,1,4.9683511423021267,4.4700000000000006,-0.49835114230212607,,,,
"parked_and_oncoming",260,1,1,500,0.00011127,1,1.0991036771129576,4.4700000000000006,3.370896322887043,2,1,1.0991036771129576,4.4700000000000006,3.370896322887043,0,-0.71999999999999997,-3.3681232446779279,-2.6481232446779277,,,,
"parked_and_oncoming",261,0,1,500,0.00010306600000000001,0,-0.71999999999999997,1.1594368989830779,1.8794368989830779,2,0,-0.71999999999999997,1.1594368989830779,1.8794368989830779,1,5.4237944589610105,4.4700000000000006,-0.95379445896100989,,,,
"parked_and_oncoming",261,1,1,500,0.00010148999999999999,1,0.85183119426809761,4.4700000000000006,3.6181688057319032,2,1,0.85183119426809761,4.4700000000000006,3.6181688057319032,0,-0.71999999999999997,-3.4874981875468514,-2.7674981875468516,,,,
"parked_and_oncoming",262,0,1,500,0.00010167600000000001,0,-0.71999999999999997,0.69176825965195587,1.4117682596519558,2,0,-0.71999999999999997,0.69176825965195587,1.4117682596519558,1,4.977279766288369,4.4700000000000006,-0.50727976628836835,,,,
"parked_and_oncoming",262,1,1,500,0.00010154399999999999,1,0.91832914288939527,4.4700000000000006,3.5516708571106053,2,1,0.91832914288939527,4.4700000000000006,3.5516708571106053,0,-0.71999999999999997,-3.4898203843711992,-2.769820384371199,,,,
"parked_and_oncoming",263,0,1,500,0.00010031800000000001,0,-0.71999999999999997,1.0021559256483679,1.7221559256483678,2,0,-0.71999999999999997,1.0021559256483679,1.7221559256483678,1,5.5348533637933564,4.4700000000000006,-1.0648533637933557,,,,
"parked_and_oncoming",263,1,1,500,0.000101026,1,0.85689495978833763,4.4700000000000006,3.6131050402116629,2,1,0.85689495978833763,4.4700000000000006,3.6131050402116629,0,-0.71999999999999997,-3.4888404582060502,-2.76884045820605,,,,
"parked_and_oncoming",264,0,2,500,0.00012449600000000001,1,1.1186353552759631,1.3071398770174036,0.1885045217414405,3,1,1.1186353552759631,1.3071398770174036,0.1885045217414405,2,5.6033664570126396,4.4700000000000006,-1.1333664570126389,0,-0.71999999999999997,-3.3131603790171913,-2.5931603790171911
"parked_and_oncoming",265,0,1,500,0.00011719599999999999,1,0.92853039321957409,4.4700000000000006,3.5414696067804265,2,1,0.92853039321957409,4.4700000000000006,3.5414696067804265,0,-0.71999999999999997,-3.3737018739805298,-2.6537018739805296,,,,
"parked_and_oncoming",266,0,1,500,0.00010034,0,-0.71999999999999997,1.2426908660969995,1.9626908660969995,2,0,-0.71999999999999997,1.2426908660969995,1.9626908660969995,1,5.5236977098974638,4.4700000000000006,-1.0536977098974631,,,,
"parked_and_oncoming",266,1,1,500,0.00010022399999999999,1,1.1474278610741164,4.4700000000000006,3.3225721389258842,2,1,1.1474278610741164,4.4700000000000006,3.3225721389258842,0,-0.71999999999999997,-3.2621396557327031,-2.5421396557327034,,,,
"parked_and_oncoming",267,0,1,500,9.9660000000000005e-05,0,-0.71999999999999997,1.0969653348388888,1.8169653348388888,2,0,-0.71999999999999997,1.0969653348388888,1.8169653348388888,1,5.4121904190962713,4.4700000000000006,-0.94219041909627066,,,,
"parked_and_oncoming",267,1,1,500,0.000101236,1,0.92805017265331913,4.4700000000000006,3.5419498273466816,2,1,0.92805017265331913,4.4700000000000006,3.5419498273466816,0,-0.71999999999999997,-3.446817845008336,-2.7268178450083358,,,,
"parked_and_oncoming",268,0,1,500,0.00010118,0,-0.71999999999999997,0.74827171047231866,1.4682717104723186,2,0,-0.71999999999999997,0.74827171047231866,1.4682717104723186,1,5.0582452084454808,4.4700000000000006,-0.58824520844548012,,,,
"parked_and_oncoming",268,1,1,500,0.000100566,1,0.92512128459175036,4.4700000000000006,3.5448787154082502,2,1,0.92512128459175036,4.4700000000000006,3.5448787154082502,0,-0.71999999999999997,-3.4953828573433174,-2.7753828573433177,,,,
"parked_and_oncoming",269,0,1,500,0.000101162,0,-0.71999999999999997,0.51269070443871234,1.2326907044387123,2,0,-0.71999999999999997,0.51269070443871234,1.2326907044387123,1,5.0531043982573642,4.4700000000000006,-0.5831043982573636,,,,
"parked_and_oncoming",269,1,1,500,0.000100614,1,1.0462377914676986,4.4700000000000006,3.4237622085323021,2,1,1.0462377914676986,4.4700000000000006,3.4237622085323021,0,-0.71999999999999997,-3.4255438657001527,-2.7055438657001529,,,,
"parked_and_oncoming",270,0,1,500,0.000101104,0,-0.71999999999999997,0.89734483645687901,1.617344836456879,2,0,-0.71999999999999997,0.89734483645687901,1.617344836456879,1,5.2411802138189243,4.4700000000000006,-0.77118021381892365,,,,
"parked_and_oncoming",270,1,1,500,0.00010320400000000001,1,0.84913955872961588,4.4700000000000006,3.6208604412703846,2,1,0.84913955872961588,4.4700000000000006,3.6208604412703846,0,-0.71999999999999997,-3.4553076867050807,-2.735307686705081,,,,
"parked_and_oncoming",271,0,2,500,0.00013064200000000001,1,0.90830912027563537,1.2249998574678131,0.31669073719217777,3,1,0.90830912027563537,1.2249998574678131,0.31669073719217777,2,5.7712726263942908,4.4700000000000006,-1.3012726263942902,0,-0.71999999999999997,-3.4891363858393576,-2.7691363858393574
"parked_and_oncoming",272,0,1,500,0.000103492,0,-0.71999999999999997,1.0956200761441801,1.8156200761441801,2,0,-0.71999999999999997,1.0956200761441801,1.8156200761441801,1,5.4653104158797596,4.4700000000000006,-0.99531041587975899,,,,
"parked_and_oncoming",272,1,1,500,0.00010252799999999999,1,0.83109367886863472,4.4700000000000006,3.6389063211313659,2,1,0.83109367886863472,4.4700000000000006,3.6389063211313659,0,-0.71999999999999997,-3.4775233719310896,-2.7575233719310894,,,,
"parked_and_oncoming",273,0,1,500,0.000100134,1,0.93758831827371192,4.4700000000000006,3.5324116817262885,2,1,0.93758831827371192,4.4700000000000006,3.5324116817262885,0,-0.71999999999999997,-3.5086473051414506,-2.7886473051414509,,,,
"parked_and_oncoming",274,0,1,500,9.9449999999999991e-05,0,-0.71999999999999997,0.90852993649643987,1.6285299364964398,2,0,-0.71999999999999997,0.90852993649643987,1.6285299364964398,1,5.2018964065301345,4.4700000000000006,-0.73189640653013388,,,,
"parked_and_oncoming",274,1,1,500,0.00010035399999999999,1,0.97941110765070327,4.4700000000000006,3.4905888923492974,2,1,0.97941110765070327,4.4700000000000006,3.4905888923492974,0,-0.71999999999999997,-3.4640275186105631,-2.7440275186105634,,,,
"parked_and_oncoming",275,0,1,500,0.00010245799999999999,0,-0.71999999999999997,0.67093141933118172,1.3909314193311817,2,0,-0.71999999999999997,0.67093141933118172,1.3909314193311817,1,5.1613102075494401,4.4700000000000006,-0.6913102075494395,,,,
"parked_and_oncoming",275,1,1,500,0.00011095199999999999,1,0.9246058784102118,4.4700000000000006,3.5453941215897888,2,1,0.9246058784102118,4.4700000000000006,3.5453941215897888,0,-0.71999999999999997,-3.4636322821407237,-2.743632282140724,,,,
"parked_and_oncoming",276,0,1,500,0.000100948,0,-0.71999999999999997,0.65739931748977476,1.3773993174897747,2,0,-0.71999999999999997,0.65739931748977476,1.3773993174897747,1,4.9643728246429459,4.4700000000000006,-0.4943728246429453,,,,
"parked_and_oncoming",276,1,1,500,0.00010001799999999999,1,0.90437321512658564,4.4700000000000006,3.5656267848734151,2,1,0.90437321512658564,4.4700000000000006,3.5656267848734151,0,-0.71999999999999997,-3.5070466834284364,-2.7870466834284366,,,,
"parked_and_oncoming",277,0,1,500,0.00010134,1,1.047380666623738,4.4700000000000006,3.4226193333762627,2,1,1.047380666623738,4.4700000000000006,3.4226193333762627,0,-0.71999999999999997,-3.3458128988872797,-2.62581289888728,,,,
"parked_and_oncoming",278,0,2,500,0.00012291,1,0.83647642863568183,0.88903664603352661,0.052560217397844777,3,1,0.83647642863568183,0.88903664603352661,0.052560217397844777,2,5.2289030231556861,4.4700000000000006,-0.75890302315568547,0,-0.71999999999999997,-3.4669503814556304,-2.7469503814556306
"parked_and_oncoming",279,0,1,500,9.9556000000000007e-05,0,-0.71999999999999997,0.58469805597613544,1.3046980559761354,2,0,-0.71999999999999997,0.58469805597613544,1.3046980559761354,1,4.8821572690271413,4.4700000000000006,-0.41215726902714067,,,,
"parked_and_oncoming",279,1,1,500,9.9627999999999989e-05,1,1.0898130877239984,4.4700000000000006,3.3801869122760024,2,1,1.0898130877239984,4.4700000000000006,3.3801869122760024,0,-0.71999999999999997,-3.3176866923006885,-2.5976866923006883,,,,
"parked_and_oncoming",280,0,1,500,0.00010002800000000001,0,-0.71999999999999997,0.83027895019814268,1.5502789501981427,2,0,-0.71999999999999997,0.83027895019814268,1.5502789501981427,1,5.402708474750618,4.4700000000000006,-0.93270847475061736,,,,
"parked_and_oncoming",280,1,1,500,9.9358000000000007e-05,1,0.87674077651944116,4.4700000000000006,3.5932592234805596,2,1,0.87674077651944116,4.4700000000000006,3.5932592234805596,0,-0.71999999999999997,-3.5308567166019302,-2.81085671660193,,,,
"parked_and_oncoming",281,0,1,500,0.0001015,0,-0.71999999999999997,1.2984691926387757,2.0184691926387757,2,0,-0.71999999999999997,1.2984691926387757,2.0184691926387757,1,5.6162158314118704,4.4700000000000006,-1.1462158314118698,,,,
"parked_and_oncoming",281,1,1,500,0.00010058,1,0.98708771547401652,4.4700000000000006,3.4829122845259839,2,1,0.98708771547401652,4.4700000000000006,3.4829122845259839,0,-0.71999999999999997,-3.3482965562557516,-2.6282965562557514,,,,
"parked_and_oncoming",282,0,1,500,0.000101122,0,-0.71999999999999997,0.85207680044109546,1.5720768004410954,2,0,-0.71999999999999997,0.85207680044109546,1.5720768004410954,1,5.3577080721536756,4.4700000000000006,-0.88770807215367498,,,,
"parked_and_oncoming",282,1,1,500,0.00010315199999999999,1,1.1195515522953059,4.4700000000000006,3.3504484477046947,2,1,1.1195515522953059,4.4700000000000006,3.3504484477046947,0,-0.71999999999999997,-3.2442103358428507,-2.5242103358428505,,,,
"parked_and_oncoming",283,0,1,500,0.00010059,0,-0.71999999999999997,0.93155140868139474,1.6515514086813947,2,0,-0.71999999999999997,0.93155140868139474,1.6515514086813947,1,5.2692450012458476,4.4700000000000006,-0.79924500124584696,,,,
"parked_and_oncoming",283,1,1,500,0.00010228199999999999,1,1.1751285717706712,4.4700000000000006,3.2948714282293294,2,1,1.1751285717706712,4.4700000000000006,3.2948714282293294,0,-0.71999999999999997,-3.2929693855407494,-2.5729693855407492,,,,
"parked_and_oncoming",284,0,1,500,0.000105024,0,-0.71999999999999997,0.55515681206868295,1.2751568120686829,2,0,-0.71999999999999997,0.55515681206868295,1.2751568120686829,1,4.9991973532902421,4.4700000000000006,-0.52919735329024142,,,,
"parked_and_oncoming",284,1,1,500,0.00010017,1,0.91594166680838307,4.4700000000000006,3.5540583331916178,2,1,0.91594166680838307,4.4700000000000006,3.5540583331916178,0,-0.71999999999999997,-3.3712580138087391,-2.6512580138087394,,,,
"parked_and_oncoming",285,0,1,500,0.00010185600000000001,0,-0.71999999999999997,0.82916939809885304,1.549169398098853,2,0,-0.71999999999999997,0.82916939809885304,1.549169398098853,1,5.2645307473458089,4.4700000000000006,-0.79453074734580831,,,,
"parked_and_oncoming",285,1,1,500,0.000101672,1,1.1179726612833789,4.4700000000000006,3.3520273387166215,2,1,1.1179726612833789,4.4700000000000006,3.3520273387166215,0,-0.71999999999999997,-3.2585945805525709,-2.5385945805525711,,,,
"parked_and_oncoming",286,0,1,500,0.000102252,0,-0.71999999999999997,1.043967678449083,1.763967678449083,2,0,-0.71999999999999997,1.043967678449083,1.763967678449083,1,5.3853476773020521,4.4700000000000006,-0.91534767730205147,,,,
"parked_and_oncoming",286,1,1,500,0.00010185600000000001,1,0.90351867402024599,4.4700000000000006,3.5664813259797548,2,1,0.90351867402024599,4.4700000000000006,3.5664813259797548,0,-0.71999999999999997,-3.4445196622204186,-2.7245196622204189,,,,
"parked_and_oncoming",287,0,1,500,0.00010238800000000001,0,-0.71999999999999997,1.0193402422020352,1.7393402422020352,2,0,-0.71999999999999997,1.0193402422020352,1.7393402422020352,1,5.5163561509197407,4.4700000000000006,-1.0463561509197401,,,,
"parked_and_oncoming",287,1,1,500,0.000102296,1,0.92200703930517025,4.4700000000000006,3.5479929606948302,2,1,0.92200703930517025,4.4700000000000006,3.5479929606948302,0,-0.71999999999999997,-3.3810314079910651,-2.6610314079910653,,,,
"parked_and_oncoming",288,0,1,500,0.00010245400000000001,0,-0.71999999999999997,0.77734689173555793,1.4973468917355579,2,0,-0.71999999999999997,0.77734689173555793,1.4973468917355579,1,5.0475479721897329,4.4700000000000006,-0.57754797218973231,,,,
"parked_and_oncoming",288,1,1,500,0.000101702,1,0.90428095199484149,4.4700000000000006,3.565719048005159,2,1,0.90428095199484149,4.4700000000000006,3.565719048005159,0,-0.71999999999999997,-3.4551519531625656,-2.7351519531625659,,,,
"parked_and_oncoming",289,0,1,500,0.00010206,0,-0.71999999999999997,0.56163428431361706,1.281634284313617,2,0,-0.71999999999999997,0.56163428431361706,1.281634284313617,1,4.8515761395791985,4.4700000000000006,-0.38157613957919789,,,,
"parked_and_oncoming",289,1,1,500,0.00010188999999999999,1,0.89339315372848016,4.4700000000000006,3.5766068462715204,2,1,0.89339315372848016,4.4700000000000006,3.5766068462715204,0,-0.71999999999999997,-3.523210637171406,-2.8032106371714063,,,,
"parked_and_oncoming",290,0,1,500,0.000102044,0,-0.71999999999999997,1.2586612275329876,1.9786612275329876,2,0,-0.71999999999999997,1.2586612275329876,1.9786612275329876,1,5.5607144557171431,4.4700000000000006,-1.0907144557171424,,,,
"parked_and_oncoming",290,1,1,500,0.00010406200000000001,1,1.1582727355360714,4.4700000000000006,3.3117272644639293,2,1,1.1582727355360714,4.4700000000000006,3.3117272644639293,0,-0.71999999999999997,-3.2653515185729844,-2.5453515185729847,,,,
"parked_and_oncoming",291,0,1,500,0.00011162999999999999,0,-0.71999999999999997,1.0043292899526288,1.7243292899526288,2,0,-0.71999999999999997,1.0043292899526288,1.7243292899526288,1,5.4655776322105307,4.4700000000000006,-0.99557763221053008,,,,
"parked_and_oncoming",291,1,1,500,0.000104146,1,0.87142933200476025,4.4700000000000006,3.5985706679952405,2,1,0.87142933200476025,4.4700000000000006,3.5985706679952405,0,-0.71999999999999997,-3.4407652101690589,-2.7207652101690591,,,,
"parked_and_oncoming",292,0,2,500,0.00013312799999999999,1,1.0049063380919865,1.0629636306792145,0.058057292587228027,3,1,1.0049063380919865,1.0629636306792145,0.058057292587228027,2,5.5184703235233012,4.4700000000000006,-1.0484703235233006,0,-0.71999999999999997,-3.3688213819474,-2.6488213819473998
"parked_and_oncoming",293,0,1,500,0.00010156600000000001,0,-0.71999999999999997,1.0836767631804145,1.8036767631804145,2,0,-0.71999999999999997,1.0836767631804145,1.8036767631804145,1,5.3453081473514894,4.4700000000000006,-0.87530814735148876,,,,
"parked_and_oncoming",293,1,1,500,0.000106822,1,1.0492049127340102,4.4700000000000006,3.4207950872659905,2,1,1.0492049127340102,4.4700000000000006,3.4207950872659905,0,-0.71999999999999997,-3.4121789030499095,-2.6921789030499097,,,,
"parked_and_oncoming",294,0,1,500,0.000104078,0,-0.71999999999999997,1.1713032958674343,1.8913032958674343,2,0,-0.71999999999999997,1.1713032958674343,1.8913032958674343,1,5.5809831951562714,4.4700000000000006,-1.1109831951562708,,,,
"parked_and_oncoming",294,1,1,500,0.00010133200000000001,1,0.87895468377932595,4.4700000000000006,3.5910453162206748,2,1,0.87895468377932595,4.4700000000000006,3.5910453162206748,0,-0.71999999999999997,-3.3906656503173931,-2.6706656503173933,,,,
"parked_and_oncoming",295,0,2,500,0.0001225,1,1.1085708340063976,1.2319394091765239,0.12336857517012634,3,1,1.1085708340063976,1.2319394091765239,0.12336857517012634,2,5.7422070226813977,4.4700000000000006,-1.2722070226813971,0,-0.71999999999999997,-3.2468633475569977,-2.5268633475569979
"parked_and_oncoming",296,0,1,500,0.000101394,1,1.0215747231647292,4.4700000000000006,3.4484252768352714,2,1,1.0215747231647292,4.4700000000000006,3.4484252768352714,0,-0.71999999999999997,-3.3668906355571906,-2.6468906355571908,,,,
"parked_and_oncoming",297,0,1,500,0.00010203,1,1.064647501786562,4.4700000000000006,3.4053524982134387,2,1,1.064647501786562,4.4700000000000006,3.4053524982134387,0,-0.71999999999999997,-3.2980034716840039,-2.5780034716840037,,,,
"parked_and_oncoming",298,0,1,500,0.000102408,1,0.9540122530935401,4.4700000000000006,3.5159877469064607,2,1,0.9540122530935401,4.4700000000000006,3.5159877469064607,0,-0.71999999999999997,-3.401204568803156,-2.6812045688031558,,,,
"parked_and_oncoming",299,0,1,500,0.00010263,0,-0.71999999999999997,1.0166924972883546,1.7366924972883546,2,0,-0.71999999999999997,1.0166924972883546,1.7366924972883546,1,5.5122016936852249,4.4700000000000006,-1.0422016936852243,,,,
"parked_and_oncoming",299,1,1,500,0.00010168800000000001,1,1.035709021995137,4.4700000000000006,3.4342909780048636,2,1,1.035709021995137,4.4700000000000006,3.4342909780048636,0,-0.71999999999999997,-3.3363606030306729,-2.6163606030306727,,,,
"parked_and_oncoming",300,0,2,500,0.00012914800000000002,1,0.94215412004907773,0.99525629786231651,0.053102177813238782,3,1,0.94215412004907773,0.99525629786231651,0.053102177813238782,2,5.4265808883659528,4.4700000000000006,-0.95658088836595212,0,-0.71999999999999997,-3.4945221932453476,-2.7745221932453479
"parked_and_oncoming",301,0,1,500,0.00010165,0,-0.71999999999999997,1.3241213759298884,2.0441213759298886,2,0,-0.71999999999999997,1.3241213759298884,2.0441213759298886,1,5.6109482980818024,4.4700000000000006,-1.1409482980818018,,,,
"parked_and_oncoming",301,1,1,500,0.00012091200000000001,1,0.83882697792170857,4.4700000000000006,3.6311730220782921,2,1,0.83882697792170857,4.4700000000000006,3.6311730220782921,0,-0.71999999999999997,-3.5314316591263513,-2.8114316591263515,,,,
"parked_and_oncoming",302,0,1,500,0.00010187400000000001,0,-0.71999999999999997,1.3639899830604787,2.0839899830604787,2,0,-0.71999999999999997,1.3639899830604787,2.0839899830604787,1,5.6122121320021909,4.4700000000000006,-1.1422121320021903,,,,
"parked_and_oncoming",302,1,1,500,0.000101022,1,0.91261951099731375,4.4700000000000006,3.557380489002687,2,1,0.91261951099731375,4.4700000000000006,3.557380489002687,0,-0.71999999999999997,-3.3788225300432586,-2.6588225300432589,,,,
"parked_and_oncoming",303,0,1,500,0.000101882,0,-0.71999999999999997,0.93380714999212122,1.6538071499921212,2,0,-0.71999999999999997,0.93380714999212122,1.6538071499921212,1,5.2098761962343421,4.4700000000000006,-0.73987619623434142,,,,
"parked_and_oncoming",303,1,1,500,0.00010094200000000001,1,0.80452851967292949,4.4700000000000006,3.6654714803270712,2,1,0.80452851967292949,4.4700000000000006,3.6654714803270712,0,-0.71999999999999997,-3.4686584253859798,-2.7486584253859796,,,,
"parked_and_oncoming",304,0,1,500,0.000101358,0,-0.71999999999999997,1.2387060491030932,1.9587060491030932,2,0,-0.71999999999999997,1.2387060491030932,1.9587060491030932,1,5.7595453201439071,4.4700000000000006,-1.2895453201439064,,,,
"parked_and_oncoming",304,1,1,500,0.000101896,1,0.90132711245327979,4.4700000000000006,3.5686728875467209,2,1,0.90132711245327979,4.4700000000000006,3.5686728875467209,0,-0.71999999999999997,-3.5490967159782412,-2.829096715978241,,,,
"parked_and_oncoming",305,0,1,500,0.000107018,0,-0.71999999999999997,0.64427978314426348,1.3642797831442635,2,0,-0.71999999999999997,0.64427978314426348,1.3642797831442635,1,4.977095743420592,4.4700000000000006,-0.50709574342059138,,,,
"parked_and_oncoming",305,1,1,500,0.00010169400000000001,1,1.0167185935726706,4.4700000000000006,3.4532814064273301,2,1,1.0167185935726706,4.4700000000000006,3.4532814064273301,0,-0.71999999999999997,-3.3181533962095591,-2.5981533962095593,,,,
"parked_and_oncoming",306,0,1,500,0.000102264,0,-0.71999999999999997,1.0774746217939681,1.7974746217939681,2,0,-0.71999999999999997,1.0774746217939681,1.7974746217939681,1,5.4029339479529757,4.4700000000000006,-0.93293394795297502,,,,
"parked_and_oncoming",306,1,1,500,0.00010166400000000001,1,1.1623488454126272,4.4700000000000006,3.3076511545873735,2,1,1.1623488454126272,4.4700000000000006,3.3076511545873735,0,-0.71999999999999997,-3.2993299672706797,-2.57932996727068,,,,
"parked_and_oncoming",307,0,1,500,0.000102228,0,-0.71999999999999997,1.2523369239150561,1.9723369239150561,2,0,-0.71999999999999997,1.2523369239150561,1.9723369239150561,1,5.5753602325592642,4.4700000000000006,-1.1053602325592635,,,,
"parked_and_oncoming",307,1,1,500,9.9942e-05,1,1.1271719881020799,4.4700000000000006,3.3428280118979208,2,1,1.1271719881020799,4.4700000000000006,3.3428280118979208,0,-0.71999999999999997,-3.2874381477029582,-2.5674381477029584,,,,
"parked_and_oncoming",308,0,1,500,0.000103674,0,-0.71999999999999997,1.0574159806668375,1.7774159806668375,2,0,-0.71999999999999997,1.0574159806668375,1.7774159806668375,1,5.6157807457221995,4.4700000000000006,-1.1457807457221989,,,,
"parked_and_oncoming",308,1,1,500,0.00010365399999999999,1,1.042179791010255,4.4700000000000006,3.4278202089897456,2,1,1.042179791010255,4.4700000000000006,3.4278202089897456,0,-0.71999999999999997,-3.2980686954187988,-2.578068695418799,,,,
"parked_and_oncoming",309,0,1,500,0.00010352999999999999,0,-0.71999999999999997,1.1881266419582646,1.9081266419582645,2,0,-0.71999999999999997,1.1881266419582646,1.9081266419582645,1,5.6176052728265242,4.4700000000000006,-1.1476052728265236,,,,
"parked_and_oncoming",309,1,1,500,0.000102648,1,0.94030802416288617,4.4700000000000006,3.5296919758371144,2,1,0.94030802416288617,4.4700000000000006,3.5296919758371144,0,-0.71999999999999997,-3.4437144563009383,-2.7237144563009386,,,,
"parked_and_oncoming",310,0,1,500,0.00010315199999999999,0,-0.71999999999999997,0.55493032958148092,1.2749303295814809,2,0,-0.71999999999999997,0.55493032958148092,1.2749303295814809,1,4.8956887298583061,4.4700000000000006,-0.42568872985830541,,,,
"parked_and_oncoming",310,1,1,500,0.00010231200000000001,1,0.94270238371985782,4.4700000000000006,3.5272976162801428,2,1,0.94270238371985782,4.4700000000000006,3.5272976162801428,0,-0.71999999999999997,-3.4074097183920888,-2.6874097183920886,,,,
"parked_and_oncoming",311,0,2,500,0.00012556999999999998,1,1.101382763276737,1.224957927931088,0.12357516465435103,3,1,1.101382763276737,1.224957927931088,0.12357516465435103,2,5.6936111083866852,4.4700000000000006,-1.2236111083866845,0,-0.71999999999999997,-3.2739770007940185,-2.5539770007940188
"parked_and_oncoming",312,0,1,500,0.00010172399999999999,0,-0.71999999999999997,1.1897164181004842,1.9097164181004842,2,0,-0.71999999999999997,1.1897164181004842,1.9097164181004842,1,5.5169411442161582,4.4700000000000006,-1.0469411442161576,,,,
"parked_and_oncoming",312,1,1,500,0.00010022999999999999,1,0.82374651333123472,4.4700000000000006,3.6462534866687659,2,1,0.82374651333123472,4.4700000000000006,3.6462534866687659,0,-0.71999999999999997,-3.4521002871918984,-2.7321002871918987,,,,
"parked_and_oncoming",313,0,1,500,0.000102048,0,-0.71999999999999997,0.62199317362800755,1.3419931736280075,2,0,-0.71999999999999997,0.62199317362800755,1.3419931736280075,1,5.1819380161717321,4.4700000000000006,-0.71193801617173147,,,,
"parked_and_oncoming",313,1,1,500,0.00010423,1,1.1725241126940324,4.4700000000000006,3.2974758873059682,2,1,1.1725241126940324,4.4700000000000006,3.2974758873059682,0,-0.71999999999999997,-3.2933484387290752,-2.5733484387290755,,,,
"parked_and_oncoming",314,0,1,500,0.00010134799999999999,0,-0.71999999999999997,0.91019649380762924,1.6301964938076292,2,0,-0.71999999999999997,0.91019649380762924,1.6301964938076292,1,5.2739406962265312,4.4700000000000006,-0.80394069622653053,,,,
"parked_and_oncoming",314,1,1,500,0.000101828,1,0.91887175379881769,4.4700000000000006,3.5511282462011828,2,1,0.91887175379881769,4.4700000000000006,3.5511282462011828,0,-0.71999999999999997,-3.5480763051882303,-2.8280763051882305,,,,
"parked_and_oncoming",315,0,1,500,0.000101476,1,0.86586739965010828,4.4700000000000006,3.6041326003498924,2,1,0.86586739965010828,4.4700000000000006,3.6041326003498924,0,-0.71999999999999997,-3.4076526399175271,-2.6876526399175269,,,,
"parked_and_oncoming",316,0,1,500,0.000102286,0,-0.71999999999999997,0.8053099163577242,1.5253099163577242,2,0,-0.71999999999999997,0.8053099163577242,1.5253099163577242,1,5.0851052643915073,4.4700000000000006,-0.6151052643915067,,,,
"parked_and_oncoming",316,1,1,500,0.000101512,1,1.0399037465449821,4.4700000000000006,3.4300962534550186,2,1,1.0399037465449821,4.4700000000000006,3.4300962534550186,0,-0.71999999999999997,-3.2770474436964001,-2.5570474436964004,,,,
"parked_and_oncoming",317,0,1,500,0.000102018,0,-0.71999999999999997,0.86981703342529393,1.5898170334252939,2,0,-0.71999999999999997,0.86981703342529393,1.5898170334252939,1,5.2091827883542203,4.4700000000000006,-0.73918278835421969,,,,
"parked_and_oncoming",317,1,1,500,0.000101518,1,0.9945205960119301,4.4700000000000006,3.4754794039880705,2,1,0.9945205960119301,4.4700000000000006,3.4754794039880705,0,-0.71999999999999997,-3.4386364407848848,-2.7186364407848851,,,,
"parked_and_oncoming",318,0,1,500,0.000101524,1,1.1326483176730331,4.4700000000000006,3.3373516823269673,2,1,1.1326483176730331,4.4700000000000006,3.3373516823269673,0,-0.71999999999999997,-3.2664475715928019,-2.5464475715928021,,,,
"parked_and_oncoming",319,0,1,500,0.00010201399999999999,0,-0.71999999999999997,0.91731007128468156,1.6373100712846815,2,0,-0.71999999999999997,0.91731007128468156,1.6373100712846815,1,5.2900349397391357,4.4700000000000006,-0.8200349397391351,,,,
"parked_and_oncoming",319,1,1,500,0.00010152,1,1.0085217065999326,4.4700000000000006,3.4614782934000683,2,1,1.0085217065999326,4.4700000000000006,3.4614782934000683,0,-0.71999999999999997,-3.3908419515824391,-2.6708419515824389,,,,
"parked_and_oncoming",320,0,1,500,0.000101136,1,0.91862377712588328,4.4700000000000006,3.5513762228741172,2,1,0.91862377712588328,4.4700000000000006,3.5513762228741172,0,-0.71999999999999997,-3.3907366057794812,-2.6707366057794815,,,,
"parked_and_oncoming",321,0,1,500,0.00010202799999999999,0,-0.71999999999999997,0.94150103577648969,1.6615010357764897,2,0,-0.71999999999999997,0.94150103577648969,1.6615010357764897,1,5.4188144911845617,4.4700000000000006,-0.94881449118456107,,,,
"parked_and_oncoming",321,1,1,500,0.00010148400000000001,1,0.90937597433413642,4.4700000000000006,3.5606240256658643,2,1,0.90937597433413642,4.4700000000000006,3.5606240256658643,0,-0.71999999999999997,-3.3931726228281391,-2.6731726228281394,,,,
"parked_and_oncoming",322,0,1,500,0.000101896,0,-0.71999999999999997,1.081049552475583,1.801049552475583,2,0,-0.71999999999999997,1.081049552475583,1.801049552475583,1,5.5672433995755508,4.4700000000000006,-1.0972433995755502,,,,
"parked_and_oncoming",322,1,1,500,0.00010149800000000001,1,0.85507996092442207,4.4700000000000006,3.6149200390755785,2,1,0.85507996092442207,4.4700000000000006,3.6149200390755785,0,-0.71999999999999997,-3.496891947263939,-2.7768919472639393,,,,
"parked_and_oncoming",323,0,1,500,0.000102598,0,-0.71999999999999997,0.56385144305604773,1.2838514430560477,2,0,-0.71999999999999997,0.56385144305604773,1.2838514430560477,1,4.8520660599394603,4.4700000000000006,-0.38206605993945963,,,,
"parked_and_oncoming",323,1,1,500,9.7175999999999993e-05,1,0.86474933997848058,4.4700000000000006,3.6052506600215199,2,1,0.86474933997848058,4.4700000000000006,3.6052506600215199,0,-0.71999999999999997,-3.5274527994710256,-2.8074527994710259,,,,
"parked_and_oncoming",324,0,1,500,0.000102076,0,-0.71999999999999997,1.1438233236321893,1.8638233236321893,2,0,-0.71999999999999997,1.1438233236321893,1.8638233236321893,1,5.5172362531340502,4.4700000000000006,-1.0472362531340496,,,,
"parked_and_oncoming",324,1,1,500,0.000104126,1,0.85728880376657757,4.4700000000000006,3.6127111962334233,2,1,0.85728880376657757,4.4700000000000006,3.6127111962334233,0,-0.71999999999999997,-3.5145408005228558,-2.7945408005228556,,,,
"parked_and_oncoming",325,0,1,500,0.00010163800000000001,0,-0.71999999999999997,0.57226023841059304,1.292260238410593,2,0,-0.71999999999999997,0.57226023841059304,1.292260238410593,1,5.0606331737817269,4.4700000000000006,-0.59063317378172631,,,,
"parked_and_oncoming",325,1,1,500,0.000101344,1,0.81340243837474291,4.4700000000000006,3.656597561625258,2,1,0.81340243837474291,4.4700000000000006,3.656597561625258,0,-0.71999999999999997,-3.5075440445902553,-2.7875440445902555,,,,
"parked_and_oncoming",326,0,1,500,0.00010457400000000001,0,-0.71999999999999997,1.2392799120734699,1.9592799120734699,2,0,-0.71999999999999997,1.2392799120734699,1.9592799120734699,1,5.7514010795411723,4.4700000000000006,-1.2814010795411717,,,,
"parked_and_oncoming",326,1,1,500,0.00010130999999999999,1,0.92009597456349534,4.4700000000000006,3.5499040254365051,2,1,0.92009597456349534,4.4700000000000006,3.5499040254365051,0,-0.71999999999999997,-3.4931582880875309,-2.7731582880875312,,,,
"parked_and_oncoming",327,0,2,500,0.00012439600000000001,1,1.0493481997695273,1.1137148085930659,0.064366608823538618,3,1,1.0493481997695273,1.1137148085930659,0.064366608823538618,2,5.516988421908275,4.4700000000000006,-1.0469884219082743,0,-0.71999999999999997,-3.2981180383888566,-2.5781180383888564
"parked_and_oncoming",328,0,1,500,0.00010236199999999999,1,0.92755615859645457,4.4700000000000006,3.542443841403546,2,1,0.92755615859645457,4.4700000000000006,3.542443841403546,0,-0.71999999999999997,-3.5234250286198829,-2.8034250286198832,,,,
"parked_and_oncoming",329,0,1,500,0.000102136,0,-0.71999999999999997,0.64632202053071963,1.3663220205307196,2,0,-0.71999999999999997,0.64632202053071963,1.3663220205307196,1,5.0518502370578586,4.4700000000000006,-0.58185023705785799,,,,
"parked_and_oncoming",329,1,1,500,0.000101828,1,0.94025169951885634,4.4700000000000006,3.5297483004811445,2,1,0.94025169951885634,4.4700000000000006,3.5297483004811445,0,-0.71999999999999997,-3.3724357129446441,-2.6524357129446443,,,,
"parked_and_oncoming",330,0,1,500,9.8998000000000003e-05,0,-0.71999999999999997,0.93545813864611538,1.6554581386461154,2,0,-0.71999999999999997,0.93545813864611538,1.6554581386461154,1,5.4411505466767238,4.4700000000000006,-0.97115054667672318,,,,
"parked_and_oncoming",330,1,1,500,0.00010212200000000001,1,0.89772117422318609,4.4700000000000006,3.5722788257768148,2,1,0.89772117422318609,4.4700000000000006,3.5722788257768148,0,-0.71999999999999997,-3.5834496251150858,-2.8634496251150861,,,,
"parked_and_oncoming",331,0,1,500,0.00010297000000000001,1,0.86829348756643521,4.4700000000000006,3.6017065124335654,2,1,0.86829348756643521,4.4700000000000006,3.6017065124335654,0,-0.71999999999999997,-3.4461394194753572,-2.7261394194753574,,,,
"parked_and_oncoming",332,0,1,500,0.00010348000000000001,0,-0.71999999999999997,0.74884950684315288,1.4688495068431529,2,0,-0.71999999999999997,0.74884950684315288,1.4688495068431529,1,5.0876627641834835,4.4700000000000006,-0.61766276418348287,,,,
"parked_and_oncoming",332,1,1,500,0.000103142,1,1.0393832052506324,4.4700000000000006,3.4306167947493682,2,1,1.0393832052506324,4.4700000000000006,3.4306167947493682,0,-0.71999999999999997,-3.312994876637831,-2.5929948766378308,,,,
"parked_and_oncoming",333,0,1,500,0.000103514,0,-0.71999999999999997,0.66375108244189596,1.3837510824418959,2,0,-0.71999999999999997,0.66375108244189596,1.3837510824418959,1,5.2202140457332096,4.4700000000000006,-0.75021404573320893,,,,
"parked_and_oncoming",333,1,1,500,0.00010247,1,0.98474887126912181,4.4700000000000006,3.4852511287308787,2,1,0.98474887126912181,4.4700000000000006,3.4852511287308787,0,-0.71999999999999997,-3.3297026145044279,-2.6097026145044282,,,,
"parked_and_oncoming",334,0,1,500,0.00010226999999999999,0,-0.71999999999999997,0.54505215899697523,1.2650521589969752,2,0,-0.71999999999999997,0.54505215899697523,1.2650521589969752,1,4.9258880685352029,4.4700000000000006,-0.45588806853520225,,,,
"parked_and_oncoming",334,1,1,500,0.000101718,1,0.98078208734026828,4.4700000000000006,3.4892179126597322,2,1,0.98078208734026828,4.4700000000000006,3.4892179126597322,0,-0.71999999999999997,-3.3666954965394664,-2.6466954965394667,,,,
"parked_and_oncoming",335,0,1,500,0.000104326,1,1.0022711760136176,4.4700000000000006,3.4677288239863833,2,1,1.0022711760136176,4.4700000000000006,3.4677288239863833,0,-0.71999999999999997,-3.4950720485643103,-2.7750720485643106,,,,
"parked_and_oncoming",336,0,1,500,0.00010137400000000001,1,0.88363977894065704,4.4700000000000006,3.5863602210593437,2,1,0.88363977894065704,4.4700000000000006,3.5863602210593437,0,-0.71999999999999997,-3.5273144951899065,-2.8073144951899067,,,,
"parked_and_oncoming",337,0,1,500,0.00010017,1,1.0716414708918065,4.4700000000000006,3.3983585291081941,2,1,1.0716414708918065,4.4700000000000006,3.3983585291081941,0,-0.71999999999999997,-3.2320668196583111,-2.5120668196583109,,,,
"parked_and_oncoming",338,0,1,500,9.872599999999999e-05,0,-0.71999999999999997,0.66306778672835387,1.3830677867283538,2,0,-0.71999999999999997,0.66306778672835387,1.3830677867283538,1,4.9267238992892892,4.4700000000000006,-0.45672389928928858,,,,
"parked_and_oncoming",338,1,1,500,9.8739999999999993e-05,1,0.86447658688343765,4.4700000000000006,3.605523413116563,2,1,0.86447658688343765,4.4700000000000006,3.605523413116563,0,-0.71999999999999997,-3.5314927038902564,-2.8114927038902566,,,,
"parked_and_oncoming",339,0,1,500,0.000103822,1,1.150153677736695,4.4700000000000006,3.3198463222633059,2,1,1.150153677736695,4.4700000000000006,3.3198463222633059,0,-0.71999999999999997,-3.2588645897586401,-2.5388645897586404,,,,
"parked_and_oncoming",340,0,1,500,0.000102948,0,-0.71999999999999997,0.59906171602898239,1.3190617160289824,2,0,-0.71999999999999997,0.59906171602898239,1.3190617160289824,1,4.9209778997700973,4.4700000000000006,-0.45097789977009661,,,,
"parked_and_oncoming",340,1,1,500,0.00010216,1,1.1568239897132679,4.4700000000000006,3.3131760102867327,2,1,1.1568239897132679,4.4700000000000006,3.3131760102867327,0,-0.71999999999999997,-3.2661490080472797,-2.5461490080472799,,,,
"parked_and_oncoming",341,0,1,500,9.9697999999999993e-05,0,-0.71999999999999997,1.134133360927448,1.854133360927448,2,0,-0.71999999999999997,1.134133360927448,1.854133360927448,1,5.4179683511811119,4.4700000000000006,-0.94796835118111122,,,,
"parked_and_oncoming",341,1,1,500,9.8320000000000007e-05,1,1.0192006790370178,4.4700000000000006,3.4507993209629828,2,1,1.0192006790370178,4.4700000000000006,3.4507993209629828,0,-0.71999999999999997,-3.277673898297786,-2.5576738982977858,,,,
"parked_and_oncoming",342,0,1,500,0.00010171199999999999,0,-0.71999999999999997,1.3042104956740697,2.0242104956740699,2,0,-0.71999999999999997,1.3042104956740697,2.0242104956740699,1,5.6186661187965186,4.4700000000000006,-1.1486661187965179,,,,
"parked_and_oncoming",342,1,1,500,0.00010415199999999999,1,0.94693977387584127,4.4700000000000006,3.5230602261241595,2,1,0.94693977387584127,4.4700000000000006,3.5230602261241595,0,-0.71999999999999997,-3.4491528002314151,-2.7291528002314154,,,,
"parked_and_oncoming",343,0,1,500,9.8111999999999998e-05,0,-0.71999999999999997,1.242030669975144,1.962030669975144,2,0,-0.71999999999999997,1.242030669975144,1.962030669975144,1,5.6466241095507161,4.4700000000000006,-1.1766241095507155,,,,
"parked_and_oncoming",343,1,1,500,0.000101746,1,0.88192624703580336,4.4700000000000006,3.5880737529641973,2,1,0.88192624703580336,4.4700000000000006,3.5880737529641973,0,-0.71999999999999997,-3.4066641994902049,-2.6866641994902052,,,,
"parked_and_oncoming",344,0,1,500,0.00010154599999999999,1,0.9800525583393388,4.4700000000000006,3.4899474416606617,2,1,0.9800525583393388,4.4700000000000006,3.4899474416606617,0,-0.71999999999999997,-3.4383009335352197,-2.71830093353522,,,,
"parked_and_oncoming",345,0,1,500,0.000100568,0,-0.71999999999999997,1.1590208828893793,1.8790208828893793,2,0,-0.71999999999999997,1.1590208828893793,1.8790208828893793,1,5.5597599834209035,4.4700000000000006,-1.0897599834209029,,,,
"parked_and_oncoming",345,1,1,500,9.7351999999999999e-05,1,0.88136857108072708,4.4700000000000006,3.5886314289192738,2,1,0.88136857108072708,4.4700000000000006,3.5886314289192738,0,-0.71999999999999997,-3.5169638167966255,-2.7969638167966258,,,,
"parked_and_oncoming",346,0,1,500,0.00010118199999999999,0,-0.71999999999999997,0.78149208468666709,1.5014920846866671,2,0,-0.71999999999999997,0.78149208468666709,1.5014920846866671,1,5.0325611917061881,4.4700000000000006,-0.56256119170618746,,,,
"parked_and_oncoming",346,1,1,500,9.9295999999999993e-05,1,1.0329281759316145,4.4700000000000006,3.4370718240683864,2,1,1.0329281759316145,4.4700000000000006,3.4370718240683864,0,-0.71999999999999997,-3.3298544392224367,-2.6098544392224365,,,,
"parked_and_oncoming",347,0,2,500,0.00012874199999999999,1,1.0740729026148206,1.10491938995034,0.030846487335519424,3,1,1.0740729026148206,1.10491938995034,0.030846487335519424,2,5.5043804569401358,4.4700000000000006,-1.0343804569401351,0,-0.71999999999999997,-3.3529273602287368,-2.6329273602287371
"parked_and_oncoming",348,0,1,500,0.000100398,1,1.0444145891775625,4.4700000000000006,3.4255854108224382,2,1,1.0444145891775625,4.4700000000000006,3.4255854108224382,0,-0.71999999999999997,-3.3366500674192823,-2.6166500674192825,,,,
"parked_and_oncoming",349,0,1,500,0.00010148999999999999,0,-0.71999999999999997,0.86515064425254407,1.585150644252544,2,0,-0.71999999999999997,0.86515064425254407,1.585150644252544,1,5.2694130032138125,4.4700000000000006,-0.79941300321381181,,,,
"parked_and_oncoming",349,1,1,500,0.00010098600000000001,1,0.96035184976879051,4.4700000000000006,3.50964815023121,2,1,0.96035184976879051,4.4700000000000006,3.50964815023121,0,-0.71999999999999997,-3.3459952733010798,-2.6259952733010801,,,,
"parked_and_oncoming",350,0,1,500,0.000101492,0,-0.71999999999999997,0.80056742763354816,1.5205674276335481,2,0,-0.71999999999999997,0.80056742763354816,1.5205674276335481,1,5.0582891573579705,4.4700000000000006,-0.58828915735796983,,,,
"parked_and_oncoming",350,1,1,500,0.000100908,1,1.0068699568273409,4.4700000000000006,3.4631300431726597,2,1,1.0068699568273409,4.4700000000000006,3.4631300431726597,0,-0.71999999999999997,-3.3521337825885325,-2.6321337825885323,,,,
"parked_and_oncoming",351,0,2,500,0.00012366800000000001,1,0.90992584086558026,1.1746050983708713,0.26467925750529109,3,1,0.90992584086558026,1.1746050983708713,0.26467925750529109,2,5.6026253402802171,4.4700000000000006,-1.1326253402802164,0,-0.71999999999999997,-3.4478258149691836,-2.7278258149691839
"parked_and_oncoming",352,0,1,500,0.00010266,0,-0.71999999999999997,1.0729207940661891,1.7929207940661891,2,0,-0.71999999999999997,1.0729207940661891,1.7929207940661891,1,5.4106440033992378,4.4700000000000006,-0.94064400339923715,,,,
"parked_and_oncoming",352,1,1,500,0.000102438,1,0.89050903753814126,4.4700000000000006,3.5794909624618594,2,1,0.89050903753814126,4.4700000000000006,3.5794909624618594,0,-0.71999999999999997,-3.5147720882581153,-2.7947720882581155,,,,
"parked_and_oncoming",353,0,2,500,0.000122142,1,1.0352882414458,1.1481819226196275,0.11289368117382748,3,1,1.0352882414458,1.1481819226196275,0.11289368117382748,2,5.5214370657581586,4.4700000000000006,-1.051437065758158,0,-0.71999999999999997,-3.3385639118583628,-2.618563911858363
"parked_and_oncoming",354,0,2,500,0.00012468200000000001,1,0.86848625476164243,1.241177912609378,0.37269165784773561,3,1,0.86848625476164243,1.241177912609378,0.37269165784773561,2,5.511733462775295,4.4700000000000006,-1.0417334627752943,0,-0.71999999999999997,-3.4407295081646292,-2.720729508164629
"parked_and_oncoming",355,0,1,500,0.00010679399999999999,0,-0.71999999999999997,0.92750388666935768,1.6475038866693577,2,0,-0.71999999999999997,0.92750388666935768,1.6475038866693577,1,5.2821120799230501,4.4700000000000006,-0.81211207992304946,,,,
"parked_and_oncoming",355,1,1,500,0.00010111399999999999,1,1.0762143198411658,4.4700000000000006,3.3937856801588349,2,1,1.0762143198411658,4.4700000000000006,3.3937856801588349,0,-0.71999999999999997,-3.3559181289575335,-2.6359181289575337,,,,
"parked_and_oncoming",356,0,1,500,0.000101128,0,-0.71999999999999997,0.87298399039505448,1.5929839903950544,2,0,-0.71999999999999997,0.87298399039505448,1.5929839903950544,1,5.1446829579921198,4.4700000000000006,-0.67468295799211919,,,,
"parked_and_oncoming",356,1,1,500,0.00010131800000000001,1,0.89338855988758459,4.4700000000000006,3.5766114401124161,2,1,0.89338855988758459,4.4700000000000006,3.5766114401124161,0,-0.71999999999999997,-3.4713408084399942,-2.751340808439994,,,,
"parked_and_oncoming",357,0,1,500,0.00010147200000000001,0,-0.71999999999999997,0.69516625103906682,1.4151662510390668,2,0,-0.71999999999999997,0.69516625103906682,1.4151662510390668,1,4.9822762185286313,4.4700000000000006,-0.5122762185286307,,,,
"parked_and_oncoming",357,1,1,500,0.000100938,1,0.97342482704331201,4.4700000000000006,3.4965751729566885,2,1,0.97342482704331201,4.4700000000000006,3.4965751729566885,0,-0.71999999999999997,-3.4758149631993156,-2.7558149631993158,,,,
"parked_and_oncoming",358,0,1,500,0.000101536,0,-0.71999999999999997,1.2911889732072552,2.011188973207255,2,0,-0.71999999999999997,1.2911889732072552,2.011188973207255,1,5.6975377884766143,4.4700000000000006,-1.2275377884766137,,,,
"parked_and_oncoming",358,1,1,500,0.00010381400000000001,1,1.0082502368295985,4.4700000000000006,3.4617497631704022,2,1,1.0082502368295985,4.4700000000000006,3.4617497631704022,0,-0.71999999999999997,-3.3451112443142117,-2.6251112443142119,,,,
"parked_and_oncoming",359,0,2,500,0.00012405599999999999,1,0.84246989884342327,1.2954973032125476,0.45302740436912436,3,1,0.84246989884342327,1.2954973032125476,0.45302740436912436,2,5.6625493820383337,4.4700000000000006,-1.1925493820383331,0,-0.71999999999999997,-3.439098615752421,-2.7190986157524213
"parked_and_oncoming",360,0,1,500,0.000100164,0,-0.71999999999999997,0.47379325994430643,1.1937932599443064,2,0,-0.71999999999999997,0.47379325994430643,1.1937932599443064,1,5.0028508210850706,4.4700000000000006,-0.53285082108506998,,,,
"parked_and_oncoming",360,1,1,500,0.000102188,1,0.8615775584534644,4.4700000000000006,3.6084224415465362,2,1,0.8615775584534644,4.4700000000000006,3.6084224415465362,0,-0.71999999999999997,-3.4478926566647656,-2.7278926566647659,,,,
"parked_and_oncoming",361,0,1,500,0.000102948,0,-0.71999999999999997,0.63883393612894857,1.3588339361289485,2,0,-0.71999999999999997,0.63883393612894857,1.3588339361289485,1,4.8792115331079051,4.4700000000000006,-0.40921153310790448,,,,
"parked_and_oncoming",361,1,1,500,0.000101012,1,0.90300934569517965,4.4700000000000006,3.5669906543048211,2,1,0.90300934569517965,4.4700000000000006,3.5669906543048211,0,-0.71999999999999997,-3.4724529090862188,-2.7524529090862186,,,,
"parked_and_oncoming",362,0,1,500,0.00010135,0,-0.71999999999999997,0.74576220724582831,1.4657622072458283,2,0,-0.71999999999999997,0.74576220724582831,1.4657622072458283,1,5.1409386954359064,4.4700000000000006,-0.67093869543590579,,,,
"parked_and_oncoming",362,1,1,500,0.000101214,1,0.94353156349231204,4.4700000000000006,3.5264684365076886,2,1,0.94353156349231204,4.4700000000000006,3.5264684365076886,0,-0.71999999999999997,-3.4313881208544794,-2.7113881208544797,,,,
"parked_and_oncoming",363,0,1,500,0.000103018,1,1.1053511814635553,4.4700000000000006,3.3646488185364456,2,1,1.1053511814635553,4.4700000000000006,3.3646488185364456,0,-0.71999999999999997,-3.3186289181940771,-2.5986289181940769,,,,
"parked_and_oncoming",364,0,1,500,0.000100346,0,-0.71999999999999997,0.73906464933945215,1.4590646493394521,2,0,-0.71999999999999997,0.73906464933945215,1.4590646493394521,1,5.0755166204070328,4.4700000000000006,-0.60551662040703214,,,,
"parked_and_oncoming",364,1,1,500,0.00010381400000000001,1,1.071370838764981,4.4700000000000006,3.3986291612350197,2,1,1.071370838764981,4.4700000000000006,3.3986291612350197,0,-0.71999999999999997,-3.2526841384872309,-2.5326841384872312,,,,
"parked_and_oncoming",365,0,1,500,0.000100022,0,-0.71999999999999997,0.82592147609512856,1.5459214760951285,2,0,-0.71999999999999997,0.82592147609512856,1.5459214760951285,1,5.3609928109974057,4.4700000000000006,-0.89099281099740502,,,,
"parked_and_oncoming",365,1,1,500,0.00010236199999999999,1,1.0140026879879689,4.4700000000000006,3.4559973120120318,2,1,1.0140026879879689,4.4700000000000006,3.4559973120120318,0,-0.71999999999999997,-3.3629556205039188,-2.6429556205039191,,,,
"parked_and_oncoming",366,0,1,500,0.00010128600000000001,0,-0.71999999999999997,0.55461300407212177,1.2746130040721217,2,0,-0.71999999999999997,0.55461300407212177,1.2746130040721217,1,4.9678010088172,4.4700000000000006,-0.49780100881719935,,,,
"parked_and_oncoming",366,1,1,500,0.000100534,1,0.87632093057889848,4.4700000000000006,3.593679069421102,2,1,0.87632093057889848,4.4700000000000006,3.593679069421102,0,-0.71999999999999997,-3.5544078232910667,-2.834407823291067,,,,
"parked_and_oncoming",367,0,1,500,9.7975999999999998e-05,0,-0.71999999999999997,0.76432745248524392,1.4843274524852439,2,0,-0.71999999999999997,0.76432745248524392,1.4843274524852439,1,5.2685792208595572,4.4700000000000006,-0.79857922085955657,,,,
"parked_and_oncoming",367,1,1,500,9.7175999999999993e-05,1,0.88187173536753072,4.4700000000000006,3.5881282646324699,2,1,0.88187173536753072,4.4700000000000006,3.5881282646324699,0,-0.71999999999999997,-3.5444234402898886,-2.8244234402898885,,,,
"parked_and_oncoming",368,0,1,500,9.8244000000000003e-05,0,-0.71999999999999997,0.47315795370968061,1.1931579537096806,2,0,-0.71999999999999997,0.47315795370968061,1.1931579537096806,1,4.9556908683264096,4.4700000000000006,-0.48569086832640895,,,,
"parked_and_oncoming",368,1,1,500,0.000102438,1,1.089539826679371,4.4700000000000006,3.3804601733206296,2,1,1.089539826679371,4.4700000000000006,3.3804601733206296,0,-0.71999999999999997,-3.2642292770164043,-2.5442292770164041,,,,
"parked_and_oncoming",369,0,1,500,0.000102462,0,-0.71999999999999997,0.7567298686241557,1.4767298686241557,2,0,-0.71999999999999997,0.7567298686241557,1.4767298686241557,1,5.1741329505763236,4.4700000000000006,-0.70413295057632297,,,,
"parked_and_oncoming",369,1,1,500,9.9668000000000009e-05,1,0.89598887174798736,4.4700000000000006,3.5740111282520131,2,1,0.89598887174798736,4.4700000000000006,3.5740111282520131,0,-0.71999999999999997,-3.4405248638967638,-2.7205248638967641,,,,
"parked_and_oncoming",370,0,1,500,0.00010188999999999999,0,-0.71999999999999997,0.51458803355438154,1.2345880335543815,2,0,-0.71999999999999997,0.51458803355438154,1.2345880335543815,1,5.0267900652145423,4.4700000000000006,-0.55679006521454166,,,,
"parked_and_oncoming",370,1,1,500,0.000102104,1,0.88386317117597524,4.4700000000000006,3.5861368288240252,2,1,0.88386317117597524,4.4700000000000006,3.5861368288240252,0,-0.71999999999999997,-3.4326471829021354,-2.7126471829021357,,,,
"parked_and_oncoming",371,0,1,500,0.000102534,0,-0.71999999999999997,0.81828273803869456,1.5382827380386945,2,0,-0.71999999999999997,0.81828273803869456,1.5382827380386945,1,5.2035407059568435,4.4700000000000006,-0.73354070595684284,,,,
"parked_and_oncoming",371,1,1,500,0.00010608199999999999,1,1.1387663310392782,4.4700000000000006,3.3312336689607225,2,1,1.1387663310392782,4.4700000000000006,3.3312336689607225,0,-0.71999999999999997,-3.2406249133424936,-2.5206249133424938,,,,
"parked_and_oncoming",372,0,2,500,0.00012807399999999999,1,0.89815409038321503,1.2488907978351416,0.35073670745192653,3,1,0.89815409038321503,1.2488907978351416,0.35073670745192653,2,5.5348615465236426,4.4700000000000006,-1.064861546523642,0,-0.71999999999999997,-3.5102157878816698,-2.79021578788167
"parked_and_oncoming",373,0,1,500,0.00010093199999999999,1,1.117908011040265,4.4700000000000006,3.3520919889597356,2,1,1.117908011040265,4.4700000000000006,3.3520919889597356,0,-0.71999999999999997,-3.3013497284594782,-2.581349728459478,,,,
"parked_and_oncoming",374,0,1,500,0.000101494,0,-0.71999999999999997,1.06815417244681,1.78815417244681,2,0,-0.71999999999999997,1.06815417244681,1.78815417244681,1,5.4864709356320889,4.4700000000000006,-1.0164709356320882,,,,
"parked_and_oncoming",374,1,1,500,0.00010284799999999999,1,0.86384227515198919,4.4700000000000006,3.6061577248480114,2,1,0.86384227515198919,4.4700000000000006,3.6061577248480114,0,-0.71999999999999997,-3.4576479471855133,-2.7376479471855131,,,,
"parked_and_oncoming",375,0,1,500,0.0001059,0,-0.71999999999999997,1.047065463332058,1.7670654633320579,2,0,-0.71999999999999997,1.047065463332058,1.7670654633320579,1,5.5220949357083535,4.4700000000000006,-1.0520949357083529,,,,
"parked_and_oncoming",375,1,1,500,0.00012410200000000001,1,1.1248776500234063,4.4700000000000006,3.3451223499765943,2,1,1.1248776500234063,4.4700000000000006,3.3451223499765943,0,-0.71999999999999997,-3.3181098667178839,-2.5981098667178841,,,,
"parked_and_oncoming",376,0,1,500,0.000101758,0,-0.71999999999999997,0.57994195320608566,1.2999419532060856,2,0,-0.71999999999999997,0.57994195320608566,1.2999419532060856,1,5.0187081640136038,4.4700000000000006,-0.54870816401360312,,,,
"parked_and_oncoming",376,1,1,500,0.00010084,1,1.1268114296325582,4.4700000000000006,3.3431885703674427,2,1,1.1268114296325582,4.4700000000000006,3.3431885703674427,0,-0.71999999999999997,-3.2761815989245351,-2.5561815989245353,,,,
"parked_and_oncoming",377,0,1,500,0.000101162,0,-0.71999999999999997,1.1524093289795037,1.8724093289795036,2,0,-0.71999999999999997,1.1524093289795037,1.8724093289795036,1,5.649580274278212,4.4700000000000006,-1.1795802742782113,,,,
"parked_and_oncoming",377,1,1,500,0.00010092199999999999,1,1.0810913342036423,4.4700000000000006,3.3889086657963583,2,1,1.0810913342036423,4.4700000000000006,3.3889086657963583,0,-0.71999999999999997,-3.3938263929808086,-2.6738263929808088,,,,
"parked_and_oncoming",378,0,1,500,0.00010223,0,-0.71999999999999997,0.92907798062864311,1.6490779806286431,2,0,-0.71999999999999997,0.92907798062864311,1.6490779806286431,1,5.376088546294012,4.4700000000000006,-0.90608854629401137,,,,
"parked_and_oncoming",378,1,1,500,0.000101716,1,1.0590756554742429,4.4700000000000006,3.4109243445257578,2,1,1.0590756554742429,4.4700000000000006,3.4109243445257578,0,-0.71999999999999997,-3.266653307856255,-2.5466533078562552,,,,
"parked_and_oncoming",379,0,1,500,0.00010506,0,-0.71999999999999997,1.0647721696437855,1.7847721696437855,2,0,-0.71999999999999997,1.0647721696437855,1.7847721696437855,1,5.3361235482376115,4.4700000000000006,-0.86612354823761084,,,,
"parked_and_oncoming",379,1,1,500,9.8989999999999999e-05,1,0.81489310966937811,4.4700000000000006,3.6551068903306225,2,1,0.81489310966937811,4.4700000000000006,3.6551068903306225,0,-0.71999999999999997,-3.4799017809728174,-2.7599017809728172,,,,
"parked_and_oncoming",380,0,2,500,0.00012442,1,1.0305977258511216,1.2222573064778877,0.19165958062676602,3,1,1.0305977258511216,1.2222573064778877,0.19165958062676602,2,5.5599823870977136,4.4700000000000006,-1.089982387097713,0,-0.71999999999999997,-3.3379974277669215,-2.6179974277669213
"parked_and_oncoming",381,0,1,500,9.8771999999999996e-05,0,-0.71999999999999997,0.66121354555008627,1.3812135455500862,2,0,-0.71999999999999997,0.66121354555008627,1.3812135455500862,1,5.1252305417624662,4.4700000000000006,-0.65523054176246553,,,,
"parked_and_oncoming",381,1,1,500,9.8398000000000002e-05,1,0.96649186604697301,4.4700000000000006,3.5035081339530274,2,1,0.96649186604697301,4.4700000000000006,3.5035081339530274,0,-0.71999999999999997,-3.4119408757506755,-2.6919408757506753,,,,
"parked_and_oncoming",382,0,1,500,0.00010032,0,-0.71999999999999997,0.46659765316936519,1.1865976531693652,2,0,-0.71999999999999997,0.46659765316936519,1.1865976531693652,1,5.0013909656918756,4.4700000000000006,-0.53139096569187494,,,,
"parked_and_oncoming",382,1,1,500,0.000100466,1,0.89685922610080715,4.4700000000000006,3.5731407738991936,2,1,0.89685922610080715,4.4700000000000006,3.5731407738991936,0,-0.71999999999999997,-3.4267706788497607,-2.706770678849761,,,,
"parked_and_oncoming",383,0,1,500,0.000101906,0,-0.71999999999999997,1.174132086335369,1.894132086335369,2,0,-0.71999999999999997,1.174132086335369,1.894132086335369,1,5.7263244347949094,4.4700000000000006,-1.2563244347949087,,,,
"parked_and_oncoming",383,1,1,500,9.8546000000000001e-05,1,1.1122437252576609,4.4700000000000006,3.3577562747423397,2,1,1.1122437252576609,4.4700000000000006,3.3577562747423397,0,-0.71999999999999997,-3.2872433595592101,-2.5672433595592103,,,,
"parked_and_oncoming",384,0,1,500,9.9439999999999997e-05,0,-0.71999999999999997,1.2185900888700079,1.9385900888700078,2,0,-0.71999999999999997,1.2185900888700079,1.9385900888700078,1,5.6970039394203207,4.4700000000000006,-1.22700393942032,,,,
"parked_and_oncoming",384,1,1,500,0.000102796,1,0.8434085107787771,4.4700000000000006,3.6265914892212234,2,1,0.8434085107787771,4.4700000000000006,3.6265914892212234,0,-0.71999999999999997,-3.482435384646672,-2.7624353846466718,,,,
"parked_and_oncoming",385,0,1,500,0.00010276399999999999,0,-0.71999999999999997,0.94734774907289965,1.6673477490728996,2,0,-0.71999999999999997,0.94734774907289965,1.6673477490728996,1,5.2654675525630577,4.4700000000000006,-0.79546755256305701,,,,
"parked_and_oncoming",385,1,1,500,0.000103064,1,1.1048478433435056,4.4700000000000006,3.365152156656495,2,1,1.1048478433435056,4.4700000000000006,3.365152156656495,0,-0.71999999999999997,-3.2141943269915214,-2.4941943269915212,,,,
"parked_and_oncoming",386,0,1,500,9.9125999999999999e-05,0,-0.71999999999999997,0.69262324912532747,1.4126232491253274,2,0,-0.71999999999999997,0.69262324912532747,1.4126232491253274,1,5.0604943784159095,4.4700000000000006,-0.5904943784159089,,,,
"parked_and_oncoming",386,1,1,500,0.000100368,1,0.94310451763401848,4.4700000000000006,3.5268954823659824,2,1,0.94310451763401848,4.4700000000000006,3.5268954823659824,0,-0.71999999999999997,-3.3370707953427212,-2.6170707953427215,,,,
"parked_and_oncoming",387,0,1,500,9.7496000000000003e-05,0,-0.71999999999999997,1.0987441023939877,1.8187441023939876,2,0,-0.71999999999999997,1.0987441023939877,1.8187441023939876,1,5.4427820412856383,4.4700000000000006,-0.97278204128563761,,,,
"parked_and_oncoming",387,1,1,500,9.9075999999999998e-05,1,0.96637617434223766,4.4700000000000006,3.5036238256577628,2,1,0.96637617434223766,4.4700000000000006,3.5036238256577628,0,-0.71999999999999997,-3.4019990459155265,-2.6819990459155267,,,,
"parked_and_oncoming",388,0,1,500,9.747e-05,0,-0.71999999999999997,0.70036359979961671,1.4203635997996167,2,0,-0.71999999999999997,0.70036359979961671,1.4203635997996167,1,5.1248476180986353,4.4700000000000006,-0.65484761809863468,,,,
"parked_and_oncoming",388,1,1,500,0.000100438,1,1.0881778288294162,4.4700000000000006,3.3818221711705845,2,1,1.0881778288294162,4.4700000000000006,3.3818221711705845,0,-0.71999999999999997,-3.3307816404064905,-2.6107816404064907,,,,
"parked_and_oncoming",389,0,1,500,0.000105208,0,-0.71999999999999997,0.60596285977296183,1.3259628597729618,2,0,-0.71999999999999997,0.60596285977296183,1.3259628597729618,1,5.0542461797422868,4.4700000000000006,-0.58424617974228621,,,,
"parked_and_oncoming",389,1,1,500,0.00010226,1,1.1773183689474074,4.4700000000000006,3.2926816310525933,2,1,1.1773183689474074,4.4700000000000006,3.2926816310525933,0,-0.71999999999999997,-3.3008804699241985,-2.5808804699241987,,,,
"parked_and_oncoming",390,0,1,500,0.00010207800000000001,0,-0.71999999999999997,0.84254126188677114,1.5625412618867711,2,0,-0.71999999999999997,0.84254126188677114,1.5625412618867711,1,5.2270747763757619,4.4700000000000006,-0.75707477637576126,,,,
"parked_and_oncoming",390,1,1,500,0.00010064,1,1.1208553196727369,4.4700000000000006,3.3491446803272638,2,1,1.1208553196727369,4.4700000000000006,3.3491446803272638,0,-0.71999999999999997,-3.2850007811388977,-2.565000781138898,,,,
"parked_and_oncoming",391,0,1,500,0.00010076599999999999,0,-0.71999999999999997,0.72206114563354062,1.4420611456335406,2,0,-0.71999999999999997,0.72206114563354062,1.4420611456335406,1,5.1217177559985743,4.4700000000000006,-0.65171775599857362,,,,
"parked_and_oncoming",391,1,1,500,0.000101106,1,1.0975733612478837,4.4700000000000006,3.3724266387521169,2,1,1.0975733612478837,4.4700000000000006,3.3724266387521169,0,-0.71999999999999997,-3.2914310176957313,-2.5714310176957316,,,,
"parked_and_oncoming",392,0,1,500,0.000101532,0,-0.71999999999999997,0.51954513542351521,1.2395451354235152,2,0,-0.71999999999999997,0.51954513542351521,1.2395451354235152,1,4.9851743976128891,4.4700000000000006,-0.51517439761288841,,,,
"parked_and_oncoming",392,1,1,500,0.000100954,1,1.0002570167715183,4.4700000000000006,3.4697429832284823,2,1,1.0002570167715183,4.4700000000000006,3.4697429832284823,0,-0.71999999999999997,-3.3398211885535458,-2.6198211885535461,,,,
"parked_and_oncoming",393,0,1,500,0.00010129,0,-0.71999999999999997,0.93165175490056407,1.651651754900564,2,0,-0.71999999999999997,0.93165175490056407,1.651651754900564,1,5.2646102814649467,4.4700000000000006,-0.79461028146494606,,,,
"parked_and_oncoming",393,1,1,500,0.00010204599999999999,1,0.88355072345456898,4.4700000000000006,3.5864492765454319,2,1,0.88355072345456898,4.4700000000000006,3.5864492765454319,0,-0.71999999999999997,-3.4343789788166981,-2.7143789788166979,,,,
"parked_and_oncoming",394,0,1,500,0.00010224999999999999,0,-0.71999999999999997,0.57202793518366657,1.2920279351836665,2,0,-0.71999999999999997,0.57202793518366657,1.2920279351836665,1,4.9672565053133066,4.4700000000000006,-0.49725650531330601,,,,
"parked_and_oncoming",394,1,1,500,0.00010212,1,0.88301231073643049,4.4700000000000006,3.5869876892635704,2,1,0.88301231073643049,4.4700000000000006,3.5869876892635704,0,-0.71999999999999997,-3.4710827241681166,-2.7510827241681168,,,,
"parked_and_oncoming",395,0,1,500,0.000101684,1,1.0299211183662944,4.4700000000000006,3.4400788816337062,2,1,1.0299211183662944,4.4700000000000006,3.4400788816337062,0,-0.71999999999999997,-3.4328682516460152,-2.7128682516460154,,,,
"parked_and_oncoming",396,0,1,500,0.000102266,0,-0.71999999999999997,0.64148600980802573,1.3614860098080257,2,0,-0.71999999999999997,0.64148600980802573,1.3614860098080257,1,5.0031831038647372,4.4700000000000006,-0.53318310386473655,,,,
"parked_and_oncoming",396,1,1,500,0.000101654,1,0.99030840722985014,4.4700000000000006,3.4796915927701506,2,1,0.99030840722985014,4.4700000000000006,3.4796915927701506,0,-0.71999999999999997,-3.3834727618875715,-2.6634727618875713,,,,
"parked_and_oncoming",397,0,1,500,0.00010221399999999999,0,-0.71999999999999997,0.68993503731662975,1.4099350373166297,2,0,-0.71999999999999997,0.68993503731662975,1.4099350373166297,1,5.1333225484583735,4.4700000000000006,-0.66332254845837291,,,,
"parked_and_oncoming",397,1,1,500,0.000101718,1,0.96040556998829729,4.4700000000000006,3.5095944300117035,2,1,0.96040556998829729,4.4700000000000006,3.5095944300117035,0,-0.71999999999999997,-3.4672714199894319,-2.7472714199894321,,,,
"parked_and_oncoming",398,0,1,500,0.00010222399999999999,0,-0.71999999999999997,1.1958209172451213,1.9158209172451213,2,0,-0.71999999999999997,1.1958209172451213,1.9158209172451213,1,5.6065258651021148,4.4700000000000006,-1.1365258651021142,,,,
"parked_and_oncoming",398,1,1,500,0.00010166,1,0.88932030009091201,4.4700000000000006,3.5806796999090889,2,1,0.88932030009091201,4.4700000000000006,3.5806796999090889,0,-0.71999999999999997,-3.5444790860223807,-2.8244790860223805,,,,
"parked_and_oncoming",399,0,2,500,0.00012594400000000001,1,0.88834381212689539,1.1265272505062893,0.23818343837939393,3,1,0.88834381212689539,1.1265272505062893,0.23818343837939393,2,5.4935717459995104,4.4700000000000006,-1.0235717459995097,0,-0.71999999999999997,-3.5221292089887442,-2.8021292089887444
"parked_and_oncoming",400,0,1,500,0.000100046,0,-0.71999999999999997,1.0707530892897994,1.7907530892897994,2,0,-0.71999999999999997,1.0707530892897994,1.7907530892897994,1,5.4336376542257545,4.4700000000000006,-0.96363765422575387,,,,
"parked_and_oncoming",400,1,1,500,0.000105672,1,1.0463263469090234,4.4700000000000006,3.4236736530909773,2,1,1.0463263469090234,4.4700000000000006,3.4236736530909773,0,-0.71999999999999997,-3.2241033183551768,-2.5041033183551766,,,,
"parked_and_oncoming",401,0,1,500,0.00010197199999999999,0,-0.71999999999999997,0.6017109261985325,1.3217109261985325,2,0,-0.71999999999999997,0.6017109261985325,1.3217109261985325,1,4.9933915143153937,4.4700000000000006,-0.5233915143153931,,,,
"parked_and_oncoming",401,1,1,500,0.000101772,1,1.0964505320867313,4.4700000000000006,3.3735494679132696,2,1,1.0964505320867313,4.4700000000000006,3.3735494679132696,0,-0.71999999999999997,-3.3095978134956932,-2.5895978134956934,,,,
"parked_and_oncoming",402,0,1,500,0.00010111,0,-0.71999999999999997,0.61726361222542714,1.3372636122254271,2,0,-0.71999999999999997,0.61726361222542714,1.3372636122254271,1,4.9889784065279006,4.4700000000000006,-0.51897840652789995,,,,
"parked_and_oncoming",402,1,1,500,0.00010195799999999999,1,0.91993577597151477,4.4700000000000006,3.5500642240284859,2,1,0.91993577597151477,4.4700000000000006,3.5500642240284859,0,-0.71999999999999997,-3.4285598054349355,-2.7085598054349358,,,,
"parked_and_oncoming",403,0,1,500,0.000100556,0,-0.71999999999999997,1.0087499989049058,1.7287499989049058,2,0,-0.71999999999999997,1.0087499989049058,1.7287499989049058,1,5.3797839731581654,4.4700000000000006,-0.90978397315816473,,,,
"parked_and_oncoming",403,1,1,500,9.9811999999999999e-05,1,0.99783150493127437,4.4700000000000006,3.4721684950687264,2,1,0.99783150493127437,4.4700000000000006,3.4721684950687264,0,-0.71999999999999997,-3.4336986185891964,-2.7136986185891967,,,,
"parked_and_oncoming",404,0,1,500,9.8144000000000001e-05,1,1.0584243945803848,4.4700000000000006,3.4115756054196158,2,1,1.0584243945803848,4.4700000000000006,3.4115756054196158,0,-0.71999999999999997,-3.2741203232292544,-2.5541203232292542,,,,
"parked_and_oncoming",405,0,1,500,0.00010023600000000001,0,-0.71999999999999997,0.43065606643293264,1.1506560664329326,2,0,-0.71999999999999997,0.43065606643293264,1.1506560664329326,1,4.9737024514141224,4.4700000000000006,-0.50370245141412173,,,,
"parked_and_oncoming",405,1,1,500,9.8605999999999997e-05,1,1.0095289330611743,4.4700000000000006,3.4604710669388261,2,1,1.0095289330611743,4.4700000000000006,3.4604710669388261,0,-0.71999999999999997,-3.3838927158487122,-2.6638927158487125,,,,
"parked_and_oncoming",406,0,2,500,0.00012267800000000001,1,0.92252695551103314,1.2864373276478198,0.36391037213678668,3,1,0.92252695551103314,1.2864373276478198,0.36391037213678668,2,5.5267644284646806,4.4700000000000006,-1.05676442846468,0,-0.71999999999999997,-3.5069987881124169,-2.7869987881124167
"parked_and_oncoming",407,0,1,500,9.7594000000000001e-05,0,-0.71999999999999997,0.88897003155909782,1.6089700315590978,2,0,-0.71999999999999997,0.88897003155909782,1.6089700315590978,1,5.3902951076761845,4.4700000000000006,-0.92029510767618383,,,,
"parked_and_oncoming",407,1,1,500,9.9817999999999999e-05,1,0.99958864619498855,4.4700000000000006,3.4704113538050123,2,1,0.99958864619498855,4.4700000000000006,3.4704113538050123,0,-0.71999999999999997,-3.2951477053213578,-2.5751477053213581,,,,
"parked_and_oncoming",408,0,1,500,0.000100418,0,-0.71999999999999997,1.012822564467212,1.7328225644672119,2,0,-0.71999999999999997,1.012822564467212,1.7328225644672119,1,5.4493955608823148,4.4700000000000006,-0.97939556088231416,,,,
"parked_and_oncoming",408,1,1,500,9.9863999999999991e-05,1,1.0240767319343815,4.4700000000000006,3.4459232680656191,2,1,1.0240767319343815,4.4700000000000006,3.4459232680656191,0,-0.71999999999999997,-3.3574535805608132,-2.6374535805608135,,,,
"parked_and_oncoming",409,0,2,500,0.00012321200000000001,1,0.93906833641548437,1.2138869658320415,0.2748186294165571,3,1,0.93906833641548437,1.2138869658320415,0.2748186294165571,2,5.5157746135821553,4.4700000000000006,-1.0457746135821546,0,-0.71999999999999997,-3.4307179281645501,-2.7107179281645504
"parked_and_oncoming",410,0,1,500,0.000102676,1,1.1022006464432983,4.4700000000000006,3.3677993535567023,2,1,1.1022006464432983,4.4700000000000006,3.3677993535567023,0,-0.71999999999999997,-3.3337013668317721,-2.6137013668317719,,,,
"parked_and_oncoming",411,0,2,500,0.00012450199999999999,1,1.0980856228541178,1.1368786238856079,0.038793001031490082,3,1,1.0980856228541178,1.1368786238856079,0.038793001031490082,2,5.6116010217153667,4.4700000000000006,-1.141601021715366,0,-0.71999999999999997,-3.3017819751908899,-2.5817819751908901
"parked_and_oncoming",412,0,1,500,0.00010449999999999999,0,-0.71999999999999997,0.5825786205082284,1.3025786205082284,2,0,-0.71999999999999997,0.5825786205082284,1.3025786205082284,1,4.9690254001159762,4.4700000000000006,-0.49902540011597551,,,,
"parked_and_oncoming",412,1,1,500,0.00010012999999999999,1,0.8442993406271877,4.4700000000000006,3.6257006593728129,2,1,0.8442993406271877,4.4700000000000006,3.6257006593728129,0,-0.71999999999999997,-3.5351272214460296,-2.8151272214460299,,,,
"parked_and_oncoming",413,0,1,500,9.7313999999999997e-05,0,-0.71999999999999997,1.2908173115820594,2.0108173115820591,2,0,-0.71999999999999997,1.2908173115820594,2.0108173115820591,1,5.5638810932740146,4.4700000000000006,-1.0938810932740139,,,,
"parked_and_oncoming",413,1,1,500,9.6965999999999993e-05,1,0.99787685706857443,4.4700000000000006,3.4721231429314261,2,1,0.99787685706857443,4.4700000000000006,3.4721231429314261,0,-0.71999999999999997,-3.3304170823157957,-2.6104170823157959,,,,
"parked_and_oncoming",414,0,1,500,0.00010148,0,-0.71999999999999997,1.0110564847030352,1.7310564847030352,2,0,-0.71999999999999997,1.0110564847030352,1.7310564847030352,1,5.3781532077660579,4.4700000000000006,-0.90815320776605724,,,,
"parked_and_oncoming",414,1,1,500,0.00010196600000000001,1,0.81311804859357439,4.4700000000000006,3.6568819514064264,2,1,0.81311804859357439,4.4700000000000006,3.6568819514064264,0,-0.71999999999999997,-3.4982888843397708,-2.7782888843397711,,,,
"parked_and_oncoming",415,0,2,500,0.00012286999999999999,1,0.86530549633759213,0.92983773726113372,0.064532240923541595,3,1,0.86530549633759213,0.92983773726113372,0.064532240923541595,2,5.4577101709947042,4.4700000000000006,-0.9877101709947036,0,-0.71999999999999997,-3.4338297651861929,-2.7138297651861931
"parked_and_oncoming",416,0,1,500,0.00010031800000000001,0,-0.71999999999999997,0.63368865138088193,1.3536886513808819,2,0,-0.71999999999999997,0.63368865138088193,1.3536886513808819,1,4.9998376344423106,4.4700000000000006,-0.52983763444230991,,,,
"parked_and_oncoming",416,1,1,500,0.00010014199999999999,1,0.87086492520560177,4.4700000000000006,3.5991350747943986,2,1,0.87086492520560177,4.4700000000000006,3.5991350747943986,0,-0.71999999999999997,-3.5258021393415389,-2.8058021393415391,,,,
"parked_and_oncoming",417,0,1,500,0.000100536,0,-0.71999999999999997,0.65413399200921263,1.3741339920092126,2,0,-0.71999999999999997,0.65413399200921263,1.3741339920092126,1,5.0508448203285559,4.4700000000000006,-0.58084482032855522,,,,
"parked_and_oncoming",417,1,1,500,9.5883999999999992e-05,1,1.0516281615659686,4.4700000000000006,3.418371838434032,2,1,1.0516281615659686,4.4700000000000006,3.418371838434032,0,-0.71999999999999997,-3.3664434582987037,-2.6464434582987035,,,,
"parked_and_oncoming",418,0,1,500,0.00010207199999999999,0,-0.71999999999999997,0.82334889482749296,1.5433488948274929,2,0,-0.71999999999999997,0.82334889482749296,1.5433488948274929,1,5.1916519141174273,4.4700000000000006,-0.72165191411742668,,,,
"parked_and_oncoming",418,1,1,500,0.000102984,1,0.91228082682689271,4.4700000000000006,3.5577191731731079,2,1,0.91228082682689271,4.4700000000000006,3.5577191731731079,0,-0.71999999999999997,-3.3992031917075387,-2.679203191707539,,,,
"parked_and_oncoming",419,0,1,500,9.8830000000000001e-05,0,-0.71999999999999997,0.86630292347265314,1.5863029234726531,2,0,-0.71999999999999997,0.86630292347265314,1.5863029234726531,1,5.1507413440478453,4.4700000000000006,-0.6807413440478447,,,,
"parked_and_oncoming",419,1,1,500,0.00010343800000000001,1,0.79294859161008646,4.4700000000000006,3.6770514083899144,2,1,0.79294859161008646,4.4700000000000006,3.6770514083899144,0,-0.71999999999999997,-3.484680927272537,-2.7646809272725372,,,,
"parked_and_oncoming",420,0,1,500,0.00010224400000000001,0,-0.71999999999999997,0.979766919834131,1.699766919834131,2,0,-0.71999999999999997,0.979766919834131,1.699766919834131,1,5.2436049900672179,4.4700000000000006,-0.77360499006721728,,,,
"parked_and_oncoming",420,1,1,500,9.9202000000000003e-05,1,1.0516790517283439,4.4700000000000006,3.4183209482716568,2,1,1.0516790517283439,4.4700000000000006,3.4183209482716568,0,-0.71999999999999997,-3.3611747726159251,-2.6411747726159254,,,,
"parked_and_oncoming",421,0,1,500,0.00010384,0,-0.71999999999999997,0.56197109051436644,1.2819710905143664,2,0,-0.71999999999999997,0.56197109051436644,1.2819710905143664,1,4.8589865971576547,4.4700000000000006,-0.38898659715765405,,,,
"parked_and_oncoming",421,1,1,500,0.00010177,1,0.99021054097456995,4.4700000000000006,3.4797894590254308,2,1,0.99021054097456995,4.4700000000000006,3.4797894590254308,0,-0.71999999999999997,-3.3158188099248687,-2.5958188099248689,,,,
"parked_and_oncoming",422,0,1,500,0.000101654,0,-0.71999999999999997,1.2331193316906266,1.9531193316906266,2,0,-0.71999999999999997,1.2331193316906266,1.9531193316906266,1,5.727129127130417,4.4700000000000006,-1.2571291271304164,,,,
"parked_and_oncoming",422,1,1,500,0.000104052,1,0.98606783576929835,4.4700000000000006,3.4839321642307022,2,1,0.98606783576929835,4.4700000000000006,3.4839321642307022,0,-0.71999999999999997,-3.4570147960079471,-2.7370147960079469,,,,
"parked_and_oncoming",423,0,2,500,0.00013183800000000001,1,0.93093995589847356,1.0654135418464612,0.13447358594798764,3,1,0.93093995589847356,1.0654135418464612,0.13447358594798764,2,5.5327496942629404,4.4700000000000006,-1.0627496942629397,0,-0.71999999999999997,-3.3852539263376595,-2.6652539263376598
"parked_and_oncoming",424,0,2,500,0.000124652,1,1.1586304051799088,1.3121546545763372,0.15352424939642839,3,1,1.1586304051799088,1.3121546545763372,0.15352424939642839,2,5.6417078985417364,4.4700000000000006,-1.1717078985417357,0,-0.71999999999999997,-3.2593618263041138,-2.5393618263041136
"parked_and_oncoming",425,0,1,500,0.000102032,0,-0.71999999999999997,0.97750165346263018,1.6975016534626302,2,0,-0.71999999999999997,0.97750165346263018,1.6975016534626302,1,5.4191018382259504,4.4700000000000006,-0.94910183822594973,,,,
"parked_and_oncoming",425,1,1,500,0.000101714,1,1.0628542852610638,4.4700000000000006,3.4071457147389368,2,1,1.0628542852610638,4.4700000000000006,3.4071457147389368,0,-0.71999999999999997,-3.3491817077914998,-2.6291817077915001,,,,
"parked_and_oncoming",426,0,1,500,9.8593999999999998e-05,0,-0.71999999999999997,0.61082610114557623,1.3308261011455762,2,0,-0.71999999999999997,0.61082610114557623,1.3308261011455762,1,5.1002123061615539,4.4700000000000006,-0.63021230616155322,,,,
"parked_and_oncoming",426,1,1,500,9.5687999999999996e-05,1,0.9499570195526259,4.4700000000000006,3.520042980447375,2,1,0.9499570195526259,4.4700000000000006,3.520042980447375,0,-0.71999999999999997,-3.5120186676901697,-2.7920186676901695,,,,
"parked_and_oncoming",427,0,1,500,0.00010359400000000001,0,-0.71999999999999997,0.72991961928932425,1.4499196192893242,2,0,-0.71999999999999997,0.72991961928932425,1.4499196192893242,1,5.0231935206807234,4.4700000000000006,-0.55319352068072281,,,,
"parked_and_oncoming",427,1,1,500,0.000102656,1,1.1003222269418824,4.4700000000000006,3.3696777730581182,2,1,1.1003222269418824,4.4700000000000006,3.3696777730581182,0,-0.71999999999999997,-3.2440713808444279,-2.5240713808444282,,,,
"parked_and_oncoming",428,0,1,500,0.00010297399999999999,0,-0.71999999999999997,0.76078596609895932,1.4807859660989593,2,0,-0.71999999999999997,0.76078596609895932,1.4807859660989593,1,5.3111857274459613,4.4700000000000006,-0.84118572744596065,,,,
"parked_and_oncoming",428,1,1,500,0.000102264,1,1.0107989032994533,4.4700000000000006,3.4592010967005473,2,1,1.0107989032994533,4.4700000000000006,3.4592010967005473,0,-0.71999999999999997,-3.4077213767413035,-2.6877213767413037,,,,
"parked_and_oncoming",429,0,1,500,0.000103034,0,-0.71999999999999997,1.0634523637450517,1.7834523637450517,2,0,-0.71999999999999997,1.0634523637450517,1.7834523637450517,1,5.293878112028743,4.4700000000000006,-0.82387811202874239,,,,
"parked_and_oncoming",429,1,1,500,0.00010262599999999999,1,0.99034651860453016,4.4700000000000006,3.4796534813954705,2,1,0.99034651860453016,4.4700000000000006,3.4796534813954705,0,-0.71999999999999997,-3.4431943499311375,-2.7231943499311377,,,,
"parked_and_oncoming",430,0,1,500,0.000102976,0,-0.71999999999999997,1.198657643765725,1.918657643765725,2,0,-0.71999999999999997,1.198657643765725,1.918657643765725,1,5.637312968238807,4.4700000000000006,-1.1673129682388064,,,,
"parked_and_oncoming",430,1,1,500,0.00010256999999999999,1,0.86444508177777313,4.4700000000000006,3.6055549182222277,2,1,0.86444508177777313,4.4700000000000006,3.6055549182222277,0,-0.71999999999999997,-3.5227948381447272,-2.8027948381447274,,,,
"parked_and_oncoming",431,0,1,500,0.00010522199999999999,1,0.95983688739349626,4.4700000000000006,3.5101631126065045,2,1,0.95983688739349626,4.4700000000000006,3.5101631126065045,0,-0.71999999999999997,-3.4882233565626071,-2.7682233565626069,,,,
"parked_and_oncoming",432,0,2,500,0.00012601399999999998,1,1.091809124937559,1.1416044294737056,0.049795304536146556,3,1,1.091809124937559,1.1416044294737056,0.049795304536146556,2,5.5149688732692006,4.4700000000000006,-1.0449688732692,0,-0.71999999999999997,-3.2422206068007871,-2.5222206068007873
"parked_and_oncoming",433,0,1,500,9.9073999999999994e-05,0,-0.71999999999999997,0.91254212897512654,1.6325421289751265,2,0,-0.71999999999999997,0.91254212897512654,1.6325421289751265,1,5.3157525125725007,4.4700000000000006,-0.84575251257250006,,,,
"parked_and_oncoming",433,1,1,500,0.000103408,1,0.92024082809212415,4.4700000000000006,3.5497591719078763,2,1,0.92024082809212415,4.4700000000000006,3.5497591719078763,0,-0.71999999999999997,-3.5621354725798957,-2.842135472579896,,,,
"parked_and_oncoming",434,0,2,500,0.00012282800000000001,1,0.97506394776380112,1.209652394200748,0.23458844643694687,3,1,0.97506394776380112,1.209652394200748,0.23458844643694687,2,5.6128771466653298,4.4700000000000006,-1.1428771466653291,0,-0.71999999999999997,-3.3939535776983361,-2.6739535776983363
"parked_and_oncoming",435,0,1,500,0.000100478,0,-0.71999999999999997,0.71412116942723891,1.4341211694272389,2,0,-0.71999999999999997,0.71412116942723891,1.4341211694272389,1,5.1823174333513666,4.4700000000000006,-0.71231743335136599,,,,
"parked_and_oncoming",435,1,1,500,0.000100846,1,0.83742696584914755,4.4700000000000006,3.6325730341508531,2,1,0.83742696584914755,4.4700000000000006,3.6325730341508531,0,-0.71999999999999997,-3.4847112639662305,-2.7647112639662303,,,,
"parked_and_oncoming",436,0,1,500,0.000100558,0,-0.71999999999999997,0.49186398728008007,1.21186398728008,2,0,-0.71999999999999997,0.49186398728008007,1.21186398728008,1,4.9636529099063358,4.4700000000000006,-0.49365290990633515,,,,
"parked_and_oncoming",436,1,1,500,9.9129999999999994e-05,1,1.0542740496962075,4.4700000000000006,3.4157259503037931,2,1,1.0542740496962075,4.4700000000000006,3.4157259503037931,0,-0.71999999999999997,-3.4156857647158185,-2.6956857647158188,,,,
"parked_and_oncoming",437,0,1,500,0.00010151399999999999,0,-0.71999999999999997,0.69413858192222566,1.4141385819222256,2,0,-0.71999999999999997,0.69413858192222566,1.4141385819222256,1,4.9981151507403805,4.4700000000000006,-0.52811515074037985,,,,
"parked_and_oncoming",437,1,1,500,0.00010093000000000001,1,0.80457581037165216,4.4700000000000006,3.6654241896283484,2,1,0.80457581037165216,4.4700000000000006,3.6654241896283484,0,-0.71999999999999997,-3.4806526446837394,-2.7606526446837396,,,,
"parked_and_oncoming",438,0,1,500,0.000101516,0,-0.71999999999999997,0.50188684601335809,1.2218868460133581,2,0,-0.71999999999999997,0.50188684601335809,1.2218868460133581,1,4.9949087373420058,4.4700000000000006,-0.52490873734200516,,,,
"parked_and_oncoming",438,1,1,500,0.00010006199999999999,1,0.86841664230865778,4.4700000000000006,3.601583357691343,2,1,0.86841664230865778,4.4700000000000006,3.601583357691343,0,-0.71999999999999997,-3.4386883422446282,-2.7186883422446284,,,,
"parked_and_oncoming",439,0,1,500,0.00010147,0,-0.71999999999999997,0.59169692156182951,1.3116969215618295,2,0,-0.71999999999999997,0.59169692156182951,1.3116969215618295,1,4.9127799686279019,4.4700000000000006,-0.44277996862790125,,,,
"parked_and_oncoming",439,1,1,500,0.00010032,1,1.0390364739425071,4.4700000000000006,3.4309635260574938,2,1,1.0390364739425071,4.4700000000000006,3.4309635260574938,0,-0.71999999999999997,-3.4148385370937397,-2.69483853709374,,,,
"parked_and_oncoming",440,0,1,500,9.7552000000000004e-05,0,-0.71999999999999997,0.7197793063713227,1.4397793063713227,2,0,-0.71999999999999997,0.7197793063713227,1.4397793063713227,1,5.2495676702828202,4.4700000000000006,-0.77956767028281959,,,,
"parked_and_oncoming",440,1,1,500,0.00010019400000000001,1,1.1042370281000098,4.4700000000000006,3.3657629718999909,2,1,1.1042370281000098,4.4700000000000006,3.3657629718999909,0,-0.71999999999999997,-3.2074944432045287,-2.4874944432045289,,,,
"parked_and_oncoming",441,0,1,500,0.000100608,0,-0.71999999999999997,0.94679670389518633,1.6667967038951863,2,0,-0.71999999999999997,0.94679670389518633,1.6667967038951863,1,5.3968764900565329,4.4700000000000006,-0.92687649005653228,,,,
"parked_and_oncoming",441,1,1,500,9.8598000000000007e-05,1,1.064632385066135,4.4700000000000006,3.4053676149338656,2,1,1.064632385066135,4.4700000000000006,3.4053676149338656,0,-0.71999999999999997,-3.4037146023658797,-2.68371460236588,,,,
"parked_and_oncoming",442,0,1,500,0.000105424,0,-0.71999999999999997,0.82664430020535296,1.5466443002053529,2,0,-0.71999999999999997,0.82664430020535296,1.5466443002053529,1,5.3562735866216311,4.4700000000000006,-0.88627358662163047,,,,
"parked_and_oncoming",442,1,1,500,0.000102222,1,0.87495923555645172,4.4700000000000006,3.5950407644435489,2,1,0.87495923555645172,4.4700000000000006,3.5950407644435489,0,-0.71999999999999997,-3.5404496546181701,-2.8204496546181703,,,,
"parked_and_oncoming",443,0,1,500,0.00010635600000000001,0,-0.71999999999999997,1.0929078710758349,1.8129078710758348,2,0,-0.71999999999999997,1.0929078710758349,1.8129078710758348,1,5.5028841862709124,4.4700000000000006,-1.0328841862709117,,,,
"parked_and_oncoming",443,1,1,500,0.000109986,1,0.95265704675560015,4.4700000000000006,3.5173429532444005,2,1,0.95265704675560015,4.4700000000000006,3.5173429532444005,0,-0.71999999999999997,-3.3883850124093562,-2.668385012409356,,,,
"parked_and_oncoming",444,0,1,500,0.000103038,0,-0.71999999999999997,1.0641906081557759,1.7841906081557759,2,0,-0.71999999999999997,1.0641906081557759,1.7841906081557759,1,5.3098242397241737,4.4700000000000006,-0.83982423972417308,,,,
"parked_and_oncoming",444,1,1,500,0.00010397399999999999,1,1.0050487863301578,4.4700000000000006,3.4649512136698428,2,1,1.0050487863301578,4.4700000000000006,3.4649512136698428,0,-0.71999999999999997,-3.258498938715896,-2.5384989387158958,,,,
"parked_and_oncoming",445,0,1,500,0.00010825,0,-0.71999999999999997,0.7486340987269442,1.4686340987269442,2,0,-0.71999999999999997,0.7486340987269442,1.4686340987269442,1,5.1106039251855595,4.4700000000000006,-0.64060392518555886,,,,
"parked_and_oncoming",445,1,1,500,0.00010398799999999999,1,1.0833661163337598,4.4700000000000006,3.3866338836662409,2,1,1.0833661163337598,4.4700000000000006,3.3866338836662409,0,-0.71999999999999997,-3.2824618267626899,-2.5624618267626902,,,,
"parked_and_oncoming",446,0,1,500,9.9424000000000002e-05,1,1.0859222628033662,4.4700000000000006,3.3840777371966344,2,1,1.0859222628033662,4.4700000000000006,3.3840777371966344,0,-0.71999999999999997,-3.3912533416281327,-2.671253341628133,,,,
"parked_and_oncoming",447,0,1,500,0.000117314,1,0.8388934278721929,4.4700000000000006,3.6311065721278077,2,1,0.8388934278721929,4.4700000000000006,3.6311065721278077,0,-0.71999999999999997,-3.5277704608699589,-2.8077704608699587,,,,
"parked_and_oncoming",448,0,1,500,0.000101174,0,-0.71999999999999997,1.1952909452170035,1.9152909452170035,2,0,-0.71999999999999997,1.1952909452170035,1.9152909452170035,1,5.7370763415589376,4.4700000000000006,-1.267076341558937,,,,
"parked_and_oncoming",448,1,1,500,9.9761999999999998e-05,1,1.002981396829125,4.4700000000000006,3.4670186031708754,2,1,1.002981396829125,4.4700000000000006,3.4670186031708754,0,-0.71999999999999997,-3.4401294112980625,-2.7201294112980623,,,,
"parked_and_oncoming",449,0,1,500,0.00010026000000000001,0,-0.71999999999999997,0.85542615262549715,1.5754261526254971,2,0,-0.71999999999999997,0.85542615262549715,1.5754261526254971,1,5.37108799784711,4.4700000000000006,-0.90108799784710936,,,,
"parked_and_oncoming",449,1,1,500,0.00010062,1,1.1020677823333744,4.4700000000000006,3.3679322176666262,2,1,1.1020677823333744,4.4700000000000006,3.3679322176666262,0,-0.71999999999999997,-3.2259457516391246,-2.5059457516391248,,,,
"parked_and_oncoming",450,0,1,500,0.000101238,1,0.8753044380468995,4.4700000000000006,3.5946955619531011,2,1,0.8753044380468995,4.4700000000000006,3.5946955619531011,0,-0.71999999999999997,-3.5255136114401795,-2.8055136114401797,,,,
"parked_and_oncoming",451,0,1,500,0.00010117,0,-0.71999999999999997,0.58880220191132371,1.3088022019113237,2,0,-0.71999999999999997,0.58880220191132371,1.3088022019113237,1,4.9152668959578616,4.4700000000000006,-0.44526689595786095,,,,
"parked_and_oncoming",451,1,1,500,9.9944000000000004e-05,1,1.1547848035722339,4.4700000000000006,3.3152151964277667,2,1,1.1547848035722339,4.4700000000000006,3.3152151964277667,0,-0.71999999999999997,-3.3283590584364258,-2.6083590584364256,,,,
"parked_and_oncoming",452,0,1,500,0.000101174,1,0.91156102118580029,4.4700000000000006,3.5584389788142001,2,1,0.91156102118580029,4.4700000000000006,3.5584389788142001,0,-0.71999999999999997,-3.4566942399759975,-2.7366942399759973,,,,
"parked_and_oncoming",453,0,1,500,0.00010351799999999999,0,-0.71999999999999997,1.2926258430767854,2.0126258430767852,2,0,-0.71999999999999997,1.2926258430767854,2.0126258430767852,1,5.6476590670897178,4.4700000000000006,-1.1776590670897171,,,,
"parked_and_oncoming",453,1,1,500,9.6458000000000004e-05,1,1.0602631341968403,4.4700000000000006,3.4097368658031604,2,1,1.0602631341968403,4.4700000000000006,3.4097368658031604,0,-0.71999999999999997,-3.3094684589099321,-2.5894684589099324,,,,
"parked_and_oncoming",454,0,1,500,0.000101272,0,-0.71999999999999997,1.1563770960161321,1.8763770960161321,2,0,-0.71999999999999997,1.1563770960161321,1.8763770960161321,1,5.4229809990131583,4.4700000000000006,-0.95298099901315769,,,,
"parked_and_oncoming",454,1,1,500,0.000105444,1,1.1018817786197919,4.4700000000000006,3.3681182213802088,2,1,1.1018817786197919,4.4700000000000006,3.3681182213802088,0,-0.71999999999999997,-3.3666041289547088,-2.6466041289547091,,,,
"parked_and_oncoming",455,0,1,500,0.000101172,0,-0.71999999999999997,1.071132278540212,1.791132278540212,2,0,-0.71999999999999997,1.071132278540212,1.791132278540212,1,5.4012469950077486,4.4700000000000006,-0.93124699500774799,,,,
"parked_and_oncoming",455,1,1,500,0.000101006,1,0.92402504669052166,4.4700000000000006,3.5459749533094791,2,1,0.92402504669052166,4.4700000000000006,3.5459749533094791,0,-0.71999999999999997,-3.3942185300913135,-2.6742185300913137,,,,
"parked_and_oncoming",456,0,1,500,0.00010156,0,-0.71999999999999997,0.9109838672841053,1.6309838672841053,2,0,-0.71999999999999997,0.9109838672841053,1.6309838672841053,1,5.2964815224622832,4.4700000000000006,-0.82648152246228257,,,,
"parked_and_oncoming",456,1,1,500,0.00010056399999999999,1,0.9919723353786557,4.4700000000000006,3.478027664621345,2,1,0.9919723353786557,4.4700000000000006,3.478027664621345,0,-0.71999999999999997,-3.3355911034013568,-2.615591103401357,,,,
"parked_and_oncoming",457,0,2,500,0.00012333600000000001,1,1.073490207182068,1.1893953910208657,0.11590518383879767,3,1,1.073490207182068,1.1893953910208657,0.11590518383879767,2,5.6957831599864113,4.4700000000000006,-1.2257831599864106,0,-0.71999999999999997,-3.3245816110774222,-2.604581611077422
"parked_and_oncoming",458,0,1,500,0.00011859799999999999,1,0.97687361155750552,4.4700000000000006,3.4931263884424952,2,1,0.97687361155750552,4.4700000000000006,3.4931263884424952,0,-0.71999999999999997,-3.3618507440886791,-2.6418507440886794,,,,
"parked_and_oncoming",459,0,1,500,0.00010113199999999999,0,-0.71999999999999997,1.2482212206299694,1.9682212206299694,2,0,-0.71999999999999997,1.2482212206299694,1.9682212206299694,1,5.6062235411565462,4.4700000000000006,-1.1362235411565456,,,,
"parked_and_oncoming",459,1,1,500,0.000102076,1,1.0921155789915071,4.4700000000000006,3.3778844210084937,2,1,1.0921155789915071,4.4700000000000006,3.3778844210084937,0,-0.71999999999999997,-3.2269224426208369,-2.5069224426208372,,,,
"parked_and_oncoming",460,0,1,500,0.00010187999999999999,0,-0.71999999999999997,0.93170088110568816,1.6517008811056881,2,0,-0.71999999999999997,0.93170088110568816,1.6517008811056881,1,5.270867355749143,4.4700000000000006,-0.80086735574914236,,,,
"parked_and_oncoming",460,1,1,500,0.000100578,1,0.95735234906806632,4.4700000000000006,3.5126476509319344,2,1,0.95735234906806632,4.4700000000000006,3.5126476509319344,0,-0.71999999999999997,-3.3812048241980888,-2.661204824198089,,,,
"parked_and_oncoming",461,0,1,500,0.000101572,0,-0.71999999999999997,0.86899088394936475,1.5889908839493647,2,0,-0.71999999999999997,0.86899088394936475,1.5889908839493647,1,5.1893990043859892,4.4700000000000006,-0.71939900438598858,,,,
"parked_and_oncoming",461,1,1,500,0.00010059,1,1.1013576941935888,4.4700000000000006,3.3686423058064117,2,1,1.1013576941935888,4.4700000000000006,3.3686423058064117,0,-0.71999999999999997,-3.3270883816911789,-2.6070883816911792,,,,
"parked_and_oncoming",462,0,1,500,0.00010056399999999999,1,1.0571610112062253,4.4700000000000006,3.4128389887937756,2,1,1.0571610112062253,4.4700000000000006,3.4128389887937756,0,-0.71999999999999997,-3.4039271575895969,-2.6839271575895971,,,,
"parked_and_oncoming",463,0,1,500,0.00010122000000000001,0,-0.71999999999999997,0.45847189520888376,1.1784718952088837,2,0,-0.71999999999999997,0.45847189520888376,1.1784718952088837,1,4.9928582274853284,4.4700000000000006,-0.52285822748532773,,,,
"parked_and_oncoming",463,1,1,500,0.000100264,1,1.0482565367686307,4.4700000000000006,3.4217434632313699,2,1,1.0482565367686307,4.4700000000000006,3.4217434632313699,0,-0.71999999999999997,-3.3658877958133431,-2.6458877958133433,,,,
"parked_and_oncoming",464,0,2,500,0.00012368200000000001,1,1.0207951689759227,1.0906384151738093,0.069843246197886621,3,1,1.0207951689759227,1.0906384151738093,0.069843246197886621,2,5.3420514602972489,4.4700000000000006,-0.87205146029724823,0,-0.71999999999999997,-3.3870448442414678,-2.6670448442414676
"parked_and_oncoming",465,0,1,500,0.000101384,0,-0.71999999999999997,1.2391949469439523,1.9591949469439522,2,0,-0.71999999999999997,1.2391949469439523,1.9591949469439522,1,5.5674171244852682,4.4700000000000006,-1.0974171244852675,,,,
"parked_and_oncoming",465,1,1,500,0.000106776,1,1.0968133779528113,4.4700000000000006,3.3731866220471893,2,1,1.0968133779528113,4.4700000000000006,3.3731866220471893,0,-0.71999999999999997,-3.3654925090036021,-2.6454925090036019,,,,
"parked_and_oncoming",466,0,1,500,0.000104326,0,-0.71999999999999997,0.76901062968913014,1.4890106296891301,2,0,-0.71999999999999997,0.76901062968913014,1.4890106296891301,1,5.3111095948325469,4.4700000000000006,-0.84110959483254621,,,,
"parked_and_oncoming",466,1,1,500,0.00010452,1,0.84746525347197588,4.4700000000000006,3.6225347465280247,2,1,0.84746525347197588,4.4700000000000006,3.6225347465280247,0,-0.71999999999999997,-3.478354602259349,-2.7583546022593488,,,,
"parked_and_oncoming",467,0,1,500,0.000107484,0,-0.71999999999999997,0.88979478637777154,1.6097947863777715,2,0,-0.71999999999999997,0.88979478637777154,1.6097947863777715,1,5.4370769554595508,4.4700000000000006,-0.96707695545955019,,,,
"parked_and_oncoming",467,1,1,500,0.000103396,1,1.0319384808928174,4.4700000000000006,3.4380615191071833,2,1,1.0319384808928174,4.4700000000000006,3.4380615191071833,0,-0.71999999999999997,-3.3806888236902553,-2.6606888236902551,,,,
"parked_and_oncoming",468,0,1,500,0.00010188999999999999,0,-0.71999999999999997,1.1533231762291327,1.8733231762291327,2,0,-0.71999999999999997,1.1533231762291327,1.8733231762291327,1,5.6035251459373674,4.4700000000000006,-1.1335251459373668,,,,
"parked_and_oncoming",468,1,1,500,0.00010131800000000001,1,0.99102867148034413,4.4700000000000006,3.4789713285196564,2,1,0.99102867148034413,4.4700000000000006,3.4789713285196564,0,-0.71999999999999997,-3.3217597601180717,-2.601759760118072,,,,
"parked_and_oncoming",469,0,1,500,0.00010194,0,-0.71999999999999997,1.0813152075950345,1.8013152075950345,2,0,-0.71999999999999997,1.0813152075950345,1.8013152075950345,1,5.3466322431209656,4.4700000000000006,-0.87663224312096499,,,,
"parked_and_oncoming",469,1,1,500,0.000101346,1,1.1524315268438103,4.4700000000000006,3.3175684731561903,2,1,1.1524315268438103,4.4700000000000006,3.3175684731561903,0,-0.71999999999999997,-3.257483754041727,-2.5374837540417268,,,,
"parked_and_oncoming",470,0,1,500,0.00010188800000000001,0,-0.71999999999999997,0.61759909705311511,1.3375990970531151,2,0,-0.71999999999999997,0.61759909705311511,1.3375990970531151,1,4.9103213172815652,4.4700000000000006,-0.44032131728156454,,,,
"parked_and_oncoming",470,1,1,500,0.00010055200000000001,1,1.1034307427152124,4.4700000000000006,3.3665692572847883,2,1,1.1034307427152124,4.4700000000000006,3.3665692572847883,0,-0.71999999999999997,-3.3295394008062074,-2.6095394008062076,,,,
"parked_and_oncoming",471,0,1,500,0.000100688,1,0.9937248446766288,4.4700000000000006,3.4762751553233717,2,1,0.9937248446766288,4.4700000000000006,3.4762751553233717,0,-0.71999999999999997,-3.3573044403617534,-2.6373044403617536,,,,
"parked_and_oncoming",472,0,1,500,0.00010098,0,-0.71999999999999997,0.73532535425330625,1.4553253542533062,2,0,-0.71999999999999997,0.73532535425330625,1.4553253542533062,1,5.0949014879339698,4.4700000000000006,-0.62490148793396916,,,,
"parked_and_oncoming",472,1,1,500,0.000100562,1,0.91930438045516127,4.4700000000000006,3.5506956195448396,2,1,0.91930438045516127,4.4700000000000006,3.5506956195448396,0,-0.71999999999999997,-3.4005832383249102,-2.6805832383249104,,,,
"parked_and_oncoming",473,0,1,500,0.000102268,0,-0.71999999999999997,1.3125071204108818,2.032507120410882,2,0,-0.71999999999999997,1.3125071204108818,2.032507120410882,1,5.5441457583757145,4.4700000000000006,-1.0741457583757139,,,,
"parked_and_oncoming",473,1,1,500,0.000101746,1,0.96427708763555497,4.4700000000000006,3.5057229123644458,2,1,0.96427708763555497,4.4700000000000006,3.5057229123644458,0,-0.71999999999999997,-3.2864194565714939,-2.5664194565714942,,,,
"parked_and_oncoming",474,0,1,500,0.00010377799999999999,0,-0.71999999999999997,0.88554179661704446,1.6055417966170444,2,0,-0.71999999999999997,0.88554179661704446,1.6055417966170444,1,5.1895530088245838,4.4700000000000006,-0.71955300882458317,,,,
"parked_and_oncoming",474,1,1,500,0.000101306,1,0.88727817138442111,4.4700000000000006,3.5827218286155795,2,1,0.88727817138442111,4.4700000000000006,3.5827218286155795,0,-0.71999999999999997,-3.4890752456631295,-2.7690752456631298,,,,
"parked_and_oncoming",475,0,1,500,0.000102298,0,-0.71999999999999997,0.90844001088588433,1.6284400108858843,2,0,-0.71999999999999997,0.90844001088588433,1.6284400108858843,1,5.3732822797936546,4.4700000000000006,-0.90328227979365394,,,,
"parked_and_oncoming",475,1,1,500,0.000100592,1,1.1356221429523807,4.4700000000000006,3.3343778570476199,2,1,1.1356221429523807,4.4700000000000006,3.3343778570476199,0,-0.71999999999999997,-3.3743214193264506,-2.6543214193264504,,,,
"parked_and_oncoming",476,0,1,500,0.000100562,1,1.1064433020566409,4.4700000000000006,3.36355669794336,2,1,1.1064433020566409,4.4700000000000006,3.36355669794336,0,-0.71999999999999997,-3.2409394557481166,-2.5209394557481168,,,,
"parked_and_oncoming",477,0,1,500,9.9383999999999996e-05,0,-0.71999999999999997,0.62774723250344078,1.3477472325034408,2,0,-0.71999999999999997,0.62774723250344078,1.3477472325034408,1,4.9708966091586824,4.4700000000000006,-0.50089660915868173,,,,
"parked_and_oncoming",477,1,1,500,0.000100264,1,0.88057489405865708,4.4700000000000006,3.5894251059413436,2,1,0.88057489405865708,4.4700000000000006,3.5894251059413436,0,-0.71999999999999997,-3.4874361631874287,-2.7674361631874289,,,,
"parked_and_oncoming",478,0,1,500,9.8239999999999995e-05,0,-0.71999999999999997,0.77681151648466829,1.4968115164846683,2,0,-0.71999999999999997,0.77681151648466829,1.4968115164846683,1,5.2819295062889484,4.4700000000000006,-0.81192950628894778,,,,
"parked_and_oncoming",478,1,1,500,0.000100268,1,0.8897053886482601,4.4700000000000006,3.5802946113517407,2,1,0.8897053886482601,4.4700000000000006,3.5802946113517407,0,-0.71999999999999997,-3.4146504030450835,-2.6946504030450837,,,,
"parked_and_oncoming",479,0,1,500,0.00010059600000000001,0,-0.71999999999999997,0.55042698117537769,1.2704269811753777,2,0,-0.71999999999999997,0.55042698117537769,1.2704269811753777,1,4.9861793121580913,4.4700000000000006,-0.51617931215809065,,,,
"parked_and_oncoming",479,1,1,500,0.000100958,1,0.96518924439837417,4.4700000000000006,3.5048107556016266,2,1,0.96518924439837417,4.4700000000000006,3.5048107556016266,0,-0.71999999999999997,-3.5031682954581198,-2.7831682954581201,,,,
"parked_and_oncoming",480,0,1,500,0.000101372,1,0.90888415413478052,4.4700000000000006,3.5611158458652201,2,1,0.90888415413478052,4.4700000000000006,3.5611158458652201,0,-0.71999999999999997,-3.4093783433593448,-2.689378343359345,,,,
"parked_and_oncoming",481,0,1,500,0.00010026000000000001,0,-0.71999999999999997,1.0623552861661292,1.7823552861661291,2,0,-0.71999999999999997,1.0623552861661292,1.7823552861661291,1,5.3511160667375517,4.4700000000000006,-0.88111606673755105,,,,
"parked_and_oncoming",481,1,1,500,0.000100562,1,0.90009836189633596,4.4700000000000006,3.5699016381036648,2,1,0.90009836189633596,4.4700000000000006,3.5699016381036648,0,-0.71999999999999997,-3.4182279788051813,-2.6982279788051811,,,,
"parked_and_oncoming",482,0,1,500,0.00010155200000000001,0,-0.71999999999999997,0.77373990034902373,1.4937399003490237,2,0,-0.71999999999999997,0.77373990034902373,1.4937399003490237,1,5.2134629837006674,4.4700000000000006,-0.74346298370066677,,,,
"parked_and_oncoming",482,1,1,500,0.000100964,1,0.9944322677478733,4.4700000000000006,3.4755677322521272,2,1,0.9944322677478733,4.4700000000000006,3.4755677322521272,0,-0.71999999999999997,-3.3226057368462962,-2.6026057368462965,,,,
"parked_and_oncoming",483,0,1,500,0.00010147,0,-0.71999999999999997,0.80331006344867695,1.5233100634486769,2,0,-0.71999999999999997,0.80331006344867695,1.5233100634486769,1,5.171535278085968,4.4700000000000006,-0.70153527808596738,,,,
"parked_and_oncoming",483,1,1,500,0.00010105200000000001,1,1.171706852732779,4.4700000000000006,3.2982931472672217,2,1,1.171706852732779,4.4700000000000006,3.2982931472672217,0,-0.71999999999999997,-3.2721211646062445,-2.5521211646062447,,,,
"parked_and_oncoming",484,0,1,500,0.000101536,0,-0.71999999999999997,0.64570320716713003,1.36570320716713,2,0,-0.71999999999999997,0.64570320716713003,1.36570320716713,1,4.961859802296269,4.4700000000000006,-0.49185980229626836,,,,
"parked_and_oncoming",484,1,1,500,0.00010360400000000001,1,1.0585250687707548,4.4700000000000006,3.4114749312292458,2,1,1.0585250687707548,4.4700000000000006,3.4114749312292458,0,-0.71999999999999997,-3.4242584246756778,-2.704258424675678,,,,
"parked_and_oncoming",485,0,1,500,0.000102786,0,-0.71999999999999997,1.0921754670741455,1.8121754670741455,2,0,-0.71999999999999997,1.0921754670741455,1.8121754670741455,1,5.3451400624077392,4.4700000000000006,-0.87514006240773856,,,,
"parked_and_oncoming",485,1,1,500,0.00010304800000000001,1,0.88261301780125512,4.4700000000000006,3.5873869821987454,2,1,0.88261301780125512,4.4700000000000006,3.5873869821987454,0,-0.71999999999999997,-3.3964608471714497,-2.6764608471714499,,,,
"parked_and_oncoming",486,0,1,500,0.000109194,0,-0.71999999999999997,0.69694861966954758,1.4169486196695475,2,0,-0.71999999999999997,0.69694861966954758,1.4169486196695475,1,4.9794058472409741,4.4700000000000006,-0.50940584724097349,,,,
"parked_and_oncoming",486,1,1,500,0.00012459999999999999,1,0.86889707601931332,4.4700000000000006,3.6011029239806875,2,1,0.86889707601931332,4.4700000000000006,3.6011029239806875,0,-0.71999999999999997,-3.5332716651463363,-2.8132716651463365,,,,
"parked_and_oncoming",487,0,1,500,0.0001015,1,0.90177740705313669,4.4700000000000006,3.5682225929468641,2,1,0.90177740705313669,4.4700000000000006,3.5682225929468641,0,-0.71999999999999997,-3.5593199259965127,-2.8393199259965129,,,,
"parked_and_oncoming",488,0,1,500,0.000101654,1,1.0408559794646697,4.4700000000000006,3.4291440205353307,2,1,1.0408559794646697,4.4700000000000006,3.4291440205353307,0,-0.71999999999999997,-3.4045521274201507,-2.6845521274201509,,,,
"parked_and_oncoming",489,0,1,500,0.000102438,1,1.0644365617304072,4.4700000000000006,3.4055634382695934,2,1,1.0644365617304072,4.4700000000000006,3.4055634382695934,0,-0.71999999999999997,-3.2752874003338728,-2.5552874003338726,,,,
"parked_and_oncoming",490,0,1,500,0.00010242400000000001,1,1.035447555997945,4.4700000000000006,3.4345524440020556,2,1,1.035447555997945,4.4700000000000006,3.4345524440020556,0,-0.71999999999999997,-3.3026023350932476,-2.5826023350932479,,,,
"parked_and_oncoming",491,0,1,500,0.00010004399999999999,0,-0.71999999999999997,0.65720083295790954,1.3772008329579095,2,0,-0.71999999999999997,0.65720083295790954,1.3772008329579095,1,4.9261326584610465,4.4700000000000006,-0.45613265846104589,,,,
"parked_and_oncoming",491,1,1,500,0.00010131199999999999,1,0.8685446439457718,4.4700000000000006,3.6014553560542288,2,1,0.8685446439457718,4.4700000000000006,3.6014553560542288,0,-0.71999999999999997,-3.4223527310697519,-2.7023527310697517,,,,
"parked_and_oncoming",492,0,1,500,0.000102252,0,-0.71999999999999997,1.1583424838520082,1.8783424838520082,2,0,-0.71999999999999997,1.1583424838520082,1.8783424838520082,1,5.4938355749119561,4.4700000000000006,-1.0238355749119554,,,,
"parked_and_oncoming",492,1,1,500,0.000101654,1,1.1058953732638326,4.4700000000000006,3.3641046267361681,2,1,1.1058953732638326,4.4700000000000006,3.3641046267361681,0,-0.71999999999999997,-3.345656499283578,-2.6256564992835782,,,,
"parked_and_oncoming",493,0,1,500,0.00010159999999999999,1,0.91429183180657814,4.4700000000000006,3.5557081681934224,2,1,0.91429183180657814,4.4700000000000006,3.5557081681934224,0,-0.71999999999999997,-3.5133233570991225,-2.7933233570991227,,,,
"parked_and_oncoming",494,0,1,500,0.000102196,0,-0.71999999999999997,1.0558847030534251,1.7758847030534251,2,0,-0.71999999999999997,1.0558847030534251,1.7758847030534251,1,5.3578360208613764,4.4700000000000006,-0.88783602086137581,,,,
"parked_and_oncoming",494,1,1,500,0.00010166400000000001,1,1.0735717760639136,4.4700000000000006,3.3964282239360868,2,1,1.0735717760639136,4.4700000000000006,3.3964282239360868,0,-0.71999999999999997,-3.3547093349177697,-2.6347093349177699,,,,
"parked_and_oncoming",495,0,1,500,0.000102204,0,-0.71999999999999997,0.5656434998467319,1.2856434998467319,2,0,-0.71999999999999997,0.5656434998467319,1.2856434998467319,1,5.0883945674019477,4.4700000000000006,-0.61839456740194709,,,,
"parked_and_oncoming",495,1,1,500,0.00010098600000000001,1,1.0727756190293896,4.4700000000000006,3.3972243809706111,2,1,1.0727756190293896,4.4700000000000006,3.3972243809706111,0,-0.71999999999999997,-3.295137292730975,-2.5751372927309752,,,,
"parked_and_oncoming",496,0,1,500,0.000100944,0,-0.71999999999999997,0.60527210835850531,1.3252721083585053,2,0,-0.71999999999999997,0.60527210835850531,1.3252721083585053,1,4.9483773406223159,4.4700000000000006,-0.47837734062231529,,,,
"parked_and_oncoming",496,1,1,500,0.000105024,1,0.91210972900224296,4.4700000000000006,3.5578902709977576,2,1,0.91210972900224296,4.4700000000000006,3.5578902709977576,0,-0.71999999999999997,-3.3977626560628051,-2.6777626560628054,,,,
"parked_and_oncoming",497,0,1,500,0.000101376,1,0.93039206715833989,4.4700000000000006,3.539607932841661,2,1,0.93039206715833989,4.4700000000000006,3.539607932841661,0,-0.71999999999999997,-3.5375817859591465,-2.8175817859591463,,,,
"parked_and_oncoming",498,0,1,500,9.9182e-05,0,-0.71999999999999997,0.89141854145917954,1.6114185414591795,2,0,-0.71999999999999997,0.89141854145917954,1.6114185414591795,1,5.3337064392643914,4.4700000000000006,-0.86370643926439072,,,,
"parked_and_oncoming",498,1,1,500,9.6509999999999996e-05,1,1.1194019489548079,4.4700000000000006,3.3505980510451927,2,1,1.1194019489548079,4.4700000000000006,3.3505980510451927,0,-0.71999999999999997,-3.2286920223627664,-2.5086920223627667,,,,
"parked_and_oncoming",499,0,1,500,0.000101568,0,-0.71999999999999997,0.60490721665150438,1.3249072166515043,2,0,-0.71999999999999997,0.60490721665150438,1.3249072166515043,1,4.9915573337502561,4.4700000000000006,-0.52155733375025548,,,,
"parked_and_oncoming",499,1,1,500,0.000100234,1,0.86549428102597825,4.4700000000000006,3.6045057189740222,2,1,0.86549428102597825,4.4700000000000006,3.6045057189740222,0,-0.71999999999999997,-3.5096451846696359,-2.7896451846696362,,,,
"narrow_multi_obstacle",0,0,1,500,0.00010019799999999999,1,-0.082231038077904106,0.71999999999999997,0.80223103807790408,2,1,-0.082231038077904106,0.71999999999999997,0.80223103807790408,0,-0.71999999999999997,-2.7827722097756689,-2.0627722097756687,,,,
"narrow_multi_obstacle",0,1,1,500,0.000101562,0,-0.71999999999999997,0.025201510971405217,0.74520151097140519,2,0,-0.71999999999999997,0.025201510971405217,0.74520151097140519,1,3.0451797296424843,0.71999999999999997,-2.3251797296424845,,,,
"narrow_multi_obstacle",0,2,2,500,0.000125396,1,-0.066925261641309186,0.10586279361567463,0.17278805525698382,3,1,-0.066925261641309186,0.10586279361567463,0.17278805525698382,0,-0.71999999999999997,-2.7397892680967422,-2.0197892680967424,2,2.9257532983614065,0.71999999999999997,-2.2057532983614063
"narrow_multi_obstacle",0,3,1,500,0.000101746,0,-0.71999999999999997,0.16785872276098313,0.8878587227609831,2,0,-0.71999999999999997,0.16785872276098313,0.8878587227609831,1,3.0021959848073481,0.71999999999999997,-2.2821959848073483,,,,
"narrow_multi_obstacle",0,4,1,500,0.000101148,1,-0.14729384583252902,0.71999999999999997,0.867293845832529,2,1,-0.14729384583252902,0.71999999999999997,0.867293845832529,0,-0.71999999999999997,-2.7666546133808527,-2.046654613380853,,,,
"narrow_multi_obstacle",1,0,2,500,0.000122096,1,0.11254060305754177,0.0263481903001892,-0.086192412757352566,3,1,0.11254060305754177,0.0263481903001892,-0.086192412757352566,0,-0.71999999999999997,-2.668196599362576,-1.9481965993625761,2,2.9946688272639923,0.71999999999999997,-2.2746688272639926
"narrow_multi_obstacle",1,1,2,500,0.00012101000000000001,1,-0.067595506543338901,0.055730517474063879,0.12332602401740278,3,1,-0.067595506543338901,0.055730517474063879,0.12332602401740278,0,-0.71999999999999997,-2.7498984011096468,-2.029898401109647,2,2.9753177924894603,0.71999999999999997,-2.2553177924894605
"narrow_multi_obstacle",1,2,1,500,0.000100568,0,-0.71999999999999997,0.074549737558240237,0.79454973755824021,2,0,-0.71999999999999997,0.074549737558240237,0.79454973755824021,1,2.9553711880377653,0.71999999999999997,-2.2353711880377656,,,,
"narrow_multi_obstacle",1,3,1,500,0.00010120800000000001,1,-0.035959121765315238,0.71999999999999997,0.75595912176531521,2,1,-0.035959121765315238,0.71999999999999997,0.75595912176531521,0,-0.71999999999999997,-2.6595882451155597,-1.9395882451155597,,,,
"narrow_multi_obstacle",2,0,2,500,0.000123044,1,-0.0086027541990043588,0.1386686813130722,0.14727143551207655,3,1,-0.0086027541990043588,0.1386686813130722,0.14727143551207655,0,-0.71999999999999997,-2.6975236475379725,-1.9775236475379725,2,3.0329030332024316,0.71999999999999997,-2.3129030332024314
"narrow_multi_obstacle",2,1,2,500,0.00012372800000000001,1,-0.16230989673132057,0.026524145984946568,0.18883404271626714,3,1,-0.16230989673132057,0.026524145984946568,0.18883404271626714,0,-0.71999999999999997,-2.7873275369231081,-2.0673275369231083,2,2.9224282859703075,0.71999999999999997,-2.2024282859703073
"narrow_multi_obstacle",2,2,2,500,0.00013678599999999999,1,-0.048439392596980158,0.13599130185616959,0.18443069445314975,3,1,-0.048439392596980158,0.13599130185616959,0.18443069445314975,0,-0.71999999999999997,-2.6127701312034182,-1.8927701312034182,2,2.991902908572373,0.71999999999999997,-2.2719029085723728
"narrow_multi_obstacle",3,0,1,500,0.00010790600000000001,0,-0.71999999999999997,0.063193690148934945,0.78319369014893492,2,0,-0.71999999999999997,0.063193690148934945,0.78319369014893492,1,2.9999433363762011,0.71999999999999997,-2.2799433363762009,,,,
"narrow_multi_obstacle",3,1,1,500,0.00010210800000000001,1,0.033548973672258509,0.71999999999999997,0.68645102632774146,2,1,0.033548973672258509,0.71999999999999997,0.68645102632774146,0,-0.71999999999999997,-2.656491565654421,-1.936491565654421,,,,
"narrow_multi_obstacle",3,2,1,500,0.000109114,0,-0.71999999999999997,0.067487682033121388,0.78748768203312136,2,0,-0.71999999999999997,0.067487682033121388,0.78748768203312136,1,2.9100060072632949,0.71999999999999997,-2.1900060072632952,,,,
"narrow_multi_obstacle",3,3,1,500,0.000101092,1,-0.032585075624865123,0.71999999999999997,0.7525850756248651,2,1,-0.032585075624865123,0.71999999999999997,0.7525850756248651,0,-0.71999999999999997,-2.6985192924841495,-1.9785192924841495,,,,
"narrow_multi_obstacle",3,4,1,500,0.00010241,0,-0.71999999999999997,0.13290987467020399,0.85290987467020396,2,0,-0.71999999999999997,0.13290987467020399,0.85290987467020396,1,2.8775482242474681,0.71999999999999997,-2.1575482242474679,,,,
"narrow_multi_obstacle",3,5,1,500,0.00010190399999999999,1,-0.14743951973924596,0.71999999999999997,0.86743951973924593,2,1,-0.14743951973924596,0.71999999999999997,0.86743951973924593,0,-0.71999999999999997,-2.718142462290368,-1.9981424622903681,,,,
"narrow_multi_obstacle",4,0,2,500,0.00012233,1,0.056892944759960207,0.13523625836165443,0.07834331360169422,3,1,0.056892944759960207,0.13523625836165443,0.07834331360169422,0,-0.71999999999999997,-2.6699163691089138,-1.9499163691089139,2,3.1265691059217851,0.71999999999999997,-2.4065691059217853
"narrow_multi_obstacle",4,1,2,500,0.00012158399999999999,1,0.019466792727202975,0.14732277607242916,0.12785598334522619,3,1,0.019466792727202975,0.14732277607242916,0.12785598334522619,0,-0.71999999999999997,-2.6363133079723906,-1.9163133079723906,2,3.0712852932633989,0.71999999999999997,-2.3512852932633992
"narrow_multi_obstacle",4,2,1,500,0.00010081800000000001,1,-0.14418711852345822,0.71999999999999997,0.8641871185234582,2,1,-0.14418711852345822,0.71999999999999997,0.8641871185234582,0,-0.71999999999999997,-2.8044669045754076,-2.0844669045754074,,,,
"narrow_multi_obstacle",4,3,1,500,0.00010141600000000001,0,-0.71999999999999997,0.14876581050422999,0.86876581050422996,2,0,-0.71999999999999997,0.14876581050422999,0.86876581050422996,1,2.9927668728942129,0.71999999999999997,-2.2727668728942128,,,,
"narrow_multi_obstacle",5,0,2,500,0.00011672399999999999,1,0.058044159997310052,0.085062407214814506,0.027018247217504454,3,1,0.058044159997310052,0.085062407214814506,0.027018247217504454,0,-0.71999999999999997,-2.6875890365379886,-1.9675890365379887,2,2.9617689002944063,0.71999999999999997,-2.2417689002944066
"narrow_multi_obstacle",5,1,2,500,0.00012208800000000001,1,-0.036304699336936253,0.089343221883389612,0.12564792122032586,3,1,-0.036304699336936253,0.089343221883389612,0.12564792122032586,0,-0.71999999999999997,-2.6940420142848138,-1.9740420142848139,2,2.98019755087783,0.71999999999999997,-2.2601975508778303
"narrow_multi_obstacle",5,2,2,500,0.000121688,1,-0.13587453783754588,0.088604685122531723,0.22447922296007761,3,1,-0.13587453783754588,0.088604685122531723,0.22447922296007761,0,-0.71999999999999997,-2.7508896909472682,-2.0308896909472685,2,2.9654963321274739,0.71999999999999997,-2.2454963321274741
"narrow_multi_obstacle",6,0,1,500,9.9709999999999992e-05,1,0.024966616575768263,0.71999999999999997,0.69503338342423171,2,1,0.024966616575768263,0.71999999999999997,0.69503338342423171,0,-0.71999999999999997,-2.6984592209055771,-1.9784592209055771,,,,
"narrow_multi_obstacle",6,1,1,500,0.000101192,0,-0.71999999999999997,0.13776223901232432,0.85776223901232429,2,0,-0.71999999999999997,0.13776223901232432,0.85776223901232429,1,3.1388962282920678,0.71999999999999997,-2.4188962282920681,,,,
"narrow_multi_obstacle",6,2,2,500,0.00011975400000000001,1,0.021195029890870076,0.1066834917687276,0.085488461877857524,3,1,0.021195029890870076,0.1066834917687276,0.085488461877857524,0,-0.71999999999999997,-2.6136451853678597,-1.8936451853678598,2,2.9988513686757905,0.71999999999999997,-2.2788513686757907
"narrow_multi_obstacle",6,3,2,500,0.000117476,1,-0.19201608779988844,0.087180842099562783,0.27919692989945122,3,1,-0.19201608779988844,0.087180842099562783,0.27919692989945122,0,-0.71999999999999997,-2.7469021104979987,-2.026902110497999,2,2.9357969179246259,0.71999999999999997,-2.2157969179246262
"narrow_multi_obstacle",7,0,1,500,0.00011754199999999999,0,-0.71999999999999997,-0.010740715866312422,0.70925928413368755,2,0,-0.71999999999999997,-0.010740715866312422,0.70925928413368755,1,2.9499600738257099,0.71999999999999997,-2.2299600738257102,,,,
"narrow_multi_obstacle",7,1,1,500,0.00010393199999999999,1,-0.050572866224187552,0.71999999999999997,0.77057286622418752,2,1,-0.050572866224187552,0.71999999999999997,0.77057286622418752,0,-0.71999999999999997,-2.798295721711443,-2.0782957217114433,,,,
"narrow_multi_obstacle",7,2,1,500,0.00010443,0,-0.71999999999999997,0.17615656460368934,0.89615656460368931,2,0,-0.71999999999999997,0.17615656460368934,0.89615656460368931,1,3.0376010078409439,0.71999999999999997,-2.3176010078409437,,,,
"narrow_multi_obstacle",7,3,1,500,0.000110344,1,-0.014703813267114008,0.71999999999999997,0.73470381326711398,2,1,-0.014703813267114008,0.71999999999999997,0.73470381326711398,0,-0.71999999999999997,-2.7211004792539195,-2.0011004792539193,,,,
"narrow_multi_obstacle",7,4,1,500,9.7140000000000008e-05,0,-0.71999999999999997,0.14372150601279121,0.86372150601279118,2,0,-0.71999999999999997,0.14372150601279121,0.86372150601279118,1,3.0676955918499766,0.71999999999999997,-2.3476955918499769,,,,
"narrow_multi_obstacle",7,5,1,500,0.000101066,1,0.013316470951238335,0.71999999999999997,0.70668352904876164,2,1,0.013316470951238335,0.71999999999999997,0.70668352904876164,0,-0.71999999999999997,-2.6108856143796428,-1.8908856143796429,,,,
"narrow_multi_obstacle",8,0,2,500,0.00012277800000000001,1,0.067142659879345867,-0.020562904962221129,-0.087705564841566996,3,1,0.067142659879345867,-0.020562904962221129,-0.087705564841566996,0,-0.71999999999999997,-2.7019450802857308,-1.9819450802857308,2,3.0083319709871752,0.71999999999999997,-2.2883319709871754
"narrow_multi_obstacle",8,1,1,500,9.7711999999999989e-05,0,-0.71999999999999997,0.208308651911985,0.92830865191198497,2,0,-0.71999999999999997,0.208308651911985,0.92830865191198497,1,3.0453072861394874,0.71999999999999997,-2.3253072861394877,,,,
"narrow_multi_obstacle",8,2,1,500,9.9320000000000005e-05,1,0.029170418045889157,0.71999999999999997,0.69082958195411082,2,1,0.029170418045889157,0.71999999999999997,0.69082958195411082,0,-0.71999999999999997,-2.6812745392214938,-1.9612745392214939,,,,
"narrow_multi_obstacle",8,3,2,500,0.00012297800000000001,1,-0.073568460083540232,0.06751528649918348,0.14108374658272371,3,1,-0.073568460083540232,0.06751528649918348,0.14108374658272371,0,-0.71999999999999997,-2.733116588933532,-2.0131165889335323,2,2.9332546288041783,0.71999999999999997,-2.2132546288041786
"narrow_multi_obstacle",9,0,1,500,0.00010142800000000001,1,0.0087445734542672682,0.71999999999999997,0.71125542654573271,2,1,0.0087445734542672682,0.71999999999999997,0.71125542654573271,0,-0.71999999999999997,-2.7385675607792321,-2.0185675607792319,,,,
"narrow_multi_obstacle",9,1,1,500,0.00010251000000000001,0,-0.71999999999999997,0.028420847376724012,0.74842084737672399,2,0,-0.71999999999999997,0.028420847376724012,0.74842084737672399,1,2.9900741620371458,0.71999999999999997,-2.2700741620371456,,,,
"narrow_multi_obstacle",9,2,2,500,0.00012362399999999999,1,0.054426538284256809,0.12589626211958183,0.071469723835325016,3,1,0.054426538284256809,0.12589626211958183,0.071469723835325016,0,-0.71999999999999997,-2.6540973152042824,-1.9340973152042824,2,3.1032632495744776,0.71999999999999997,-2.3832632495744779
"narrow_multi_obstacle",9,3,1,500,0.00010170800000000001,0,-0.71999999999999997,0.0095447703781545989,0.72954477037815457,2,0,-0.71999999999999997,0.0095447703781545989,0.72954477037815457,1,2.951373584107305,0.71999999999999997,-2.2313735841073052,,,,
"narrow_multi_obstacle",9,4,1,500,0.00010155200000000001,1,-0.035164862794789142,0.71999999999999997,0.75516486279478912,2,1,-0.035164862794789142,0.71999999999999997,0.75516486279478912,0,-0.71999999999999997,-2.7390445345445293,-2.0190445345445296,,,,
"narrow_multi_obstacle",10,0,1,500,9.7097999999999998e-05,0,-0.71999999999999997,0.087362072907399613,0.80736207290739959,2,0,-0.71999999999999997,0.087362072907399613,0.80736207290739959,1,3.0894475998759576,0.71999999999999997,-2.3694475998759579,,,,
"narrow_multi_obstacle",10,1,1,500,0.000100288,1,0.017035858933262427,0.71999999999999997,0.70296414106673755,2,1,0.017035858933262427,0.71999999999999997,0.70296414106673755,0,-0.71999999999999997,-2.7139348361170343,-1.9939348361170344,,,,
"narrow_multi_obstacle",10,2,2,500,0.00012032,1,0.019850591586963784,0.034996415264668235,0.015145823677704451,3,1,0.019850591586963784,0.034996415264668235,0.015145823677704451,0,-0.71999999999999997,-2.726698098109567,-2.0066980981095668,2,3.0211739983263977,0.71999999999999997,-2.3011739983263979
"narrow_multi_obstacle",10,3,1,500,0.00010460999999999999,0,-0.71999999999999997,0.083141227884401703,0.80314122788440168,2,0,-0.71999999999999997,0.083141227884401703,0.80314122788440168,1,2.9135147603734755,0.71999999999999997,-2.1935147603734757,,,,
"narrow_multi_obstacle",10,4,1,500,0.00010292400000000001,1,0.016291603171299407,0.71999999999999997,0.70370839682870057,2,1,0.016291603171299407,0.71999999999999997,0.70370839682870057,0,-0.71999999999999997,-2.6551260847541744,-1.9351260847541745,,,,
"narrow_multi_obstacle",11,0,1,500,0.00010214599999999999,0,-0.71999999999999997,0.13109731446690387,0.85109731446690384,2,0,-0.71999999999999997,0.13109731446690387,0.85109731446690384,1,3.0261147562422517,0.71999999999999997,-2.3061147562422519,,,,
"narrow_multi_obstacle",11,1,1,500,0.00010202,1,-0.035976531141095336,0.71999999999999997,0.75597653114109531,2,1,-0.035976531141095336,0.71999999999999997,0.75597653114109531,0,-0.71999999999999997,-2.7255030388859165,-2.0055030388859167,,,,
"narrow_multi_obstacle",11,2,1,500,0.00010366000000000001,0,-0.71999999999999997,0.12579648441453961,0.84579648441453958,2,0,-0.71999999999999997,0.12579648441453961,0.84579648441453958,1,2.9447101278078831,0.71999999999999997,-2.2247101278078834,,,,
"narrow_multi_obstacle",11,3,1,500,0.000103112,1,-0.10526871955757655,0.71999999999999997,0.82526871955757652,2,1,-0.10526871955757655,0.71999999999999997,0.82526871955757652,0,-0.71999999999999997,-2.7739314367718002,-2.0539314367718005,,,,
"narrow_multi_obstacle",11,4,2,500,0.00012132,1,-0.1345462038339873,0.077190957232595281,0.21173716106658258,3,1,-0.1345462038339873,0.077190957232595281,0.21173716106658258,0,-0.71999999999999997,-2.7385244595221279,-2.0185244595221281,2,2.8427846770052114,0.71999999999999997,-2.1227846770052112
"narrow_multi_obstacle",12,0,2,500,0.00012264200000000001,1,-0.0067740126358271091,0.014596769267700038,0.021370781903527147,3,1,-0.0067740126358271091,0.014596769267700038,0.021370781903527147,0,-0.71999999999999997,-2.6975295145195464,-1.9775295145195464,2,2.9624759027615015,0.71999999999999997,-2.2424759027615018
"narrow_multi_obstacle",12,1,2,500,0.00012353600000000002,1,-0.03976656751006824,0.092431269583849618,0.13219783709391786,3,1,-0.03976656751006824,0.092431269583849618,0.13219783709391786,0,-0.71999999999999997,-2.6808522901249541,-1.9608522901249541,2,3.0582309801319596,0.71999999999999997,-2.3382309801319598
"narrow_multi_obstacle",12,2,1,500,0.00010169,1,-0.097732673893218491,0.71999999999999997,0.81773267389321846,2,1,-0.097732673893218491,0.71999999999999997,0.81773267389321846,0,-0.71999999999999997,-2.7018947569229823,-1.9818947569229823,,,,
"narrow_multi_obstacle",12,3,1,500,9.6949999999999998e-05,0,-0.71999999999999997,0.13491727438877943,0.8549172743887794,2,0,-0.71999999999999997,0.13491727438877943,0.8549172743887794,1,2.983723469161204,0.71999999999999997,-2.2637234691612038,,,,
"narrow_multi_obstacle",13,0,1,500,0.000100926,1,-0.055928252051431482,0.71999999999999997,0.77592825205143146,2,1,-0.055928252051431482,0.71999999999999997,0.77592825205143146,0,-0.71999999999999997,-2.8130297826285604,-2.0930297826285607,,,,
"narrow_multi_obstacle",13,1,1,500,9.8203999999999997e-05,0,-0.71999999999999997,-0.040053000775122527,0.67994699922487745,2,0,-0.71999999999999997,-0.040053000775122527,0.67994699922487745,1,2.8846714656467243,0.71999999999999997,-2.1646714656467241,,,,
"narrow_multi_obstacle",13,2,2,500,0.00012418600000000001,1,-0.12614381670259878,0.083164669977023875,0.20930848667962265,3,1,-0.12614381670259878,0.083164669977023875,0.20930848667962265,0,-0.71999999999999997,-2.7607389387768539,-2.0407389387768538,2,2.979999074816722,0.71999999999999997,-2.2599990748167222
"narrow_multi_obstacle",13,3,2,500,0.000123934,1,-0.23204233561044041,0.11757146660766993,0.34961380221811034,3,1,-0.23204233561044041,0.11757146660766993,0.34961380221811034,0,-0.71999999999999997,-2.816734720840774,-2.0967347208407743,2,2.8893720555967022,0.71999999999999997,-2.1693720555967024
"narrow_multi_obstacle",14,0,2,500,0.00012145,1,-0.026149916743610779,0.12298775963680009,0.14913767638041087,3,1,-0.026149916743610779,0.12298775963680009,0.14913767638041087,0,-0.71999999999999997,-2.7703888333977407,-2.0503888333977409,2,3.0582656556371415,0.71999999999999997,-2.3382656556371417
"narrow_multi_obstacle",14,1,2,500,0.00012265999999999999,1,-0.050361778152101966,0.056963778423481104,0.10732555657558307,3,1,-0.050361778152101966,0.056963778423481104,0.10732555657558307,0,-0.71999999999999997,-2.7541959073756095,-2.0341959073756097,2,3.0052975176277235,0.71999999999999997,-2.2852975176277237
"narrow_multi_obstacle",14,2,2,500,0.00012415399999999999,1,0.06863281258677234,0.039480051605751187,-0.029152760981021153,3,1,0.06863281258677234,0.039480051605751187,-0.029152760981021153,0,-0.71999999999999997,-2.5942213274313586,-1.8742213274313586,2,2.9384902943209852,0.71999999999999997,-2.2184902943209854
"narrow_multi_obstacle",15,0,2,500,0.00012120599999999999,1,0.095371345667708107,0.11255170479208254,0.017180359124374434,3,1,0.095371345667708107,0.11255170479208254,0.017180359124374434,0,-0.71999999999999997,-2.6570387218709577,-1.9370387218709577,2,2.9983707413849325,0.71999999999999997,-2.2783707413849328
"narrow_multi_obstacle",15,1,2,500,0.000122082,1,-0.10206390724211456,0.07948726041466414,0.1815511676567787,3,1,-0.10206390724211456,0.07948726041466414,0.1815511676567787,0,-0.71999999999999997,-2.7577261939165711,-2.0377261939165709,2,3.0228883222975842,0.71999999999999997,-2.3028883222975844
"narrow_multi_obstacle",15,2,2,500,0.00012088599999999999,1,-0.12367121485918142,0.17464986545505545,0.29832108031423687,3,1,-0.12367121485918142,0.17464986545505545,0.29832108031423687,0,-0.71999999999999997,-2.7859820651251348,-2.0659820651251346,2,3.0493052044099533,0.71999999999999997,-2.3293052044099536
"narrow_multi_obstacle",16,0,2,500,0.000124086,1,-0.049620432796363412,-0.013429999726153552,0.03619043307020986,3,1,-0.049620432796363412,-0.013429999726153552,0.03619043307020986,0,-0.71999999999999997,-2.7569370786514558,-2.036937078651456,2,2.9677348594182282,0.71999999999999997,-2.2477348594182285
"narrow_multi_obstacle",16,1,2,500,0.00012409199999999999,1,-0.094418810105056261,0.043107320612582045,0.13752613071763831,3,1,-0.094418810105056261,0.043107320612582045,0.13752613071763831,0,-0.71999999999999997,-2.786379906931538,-2.0663799069315383,2,2.9817540119884809,0.71999999999999997,-2.2617540119884811
"narrow_multi_obstacle",16,2,2,500,0.000119726,1,-0.072590650810214319,0.033297282260581484,0.1058879330707958,3,1,-0.072590650810214319,0.033297282260581484,0.1058879330707958,0,-0.71999999999999997,-2.6310400449414875,-1.9110400449414875,2,2.9013484106067127,0.71999999999999997,-2.1813484106067129
"narrow_multi_obstacle",17,0,1,500,0.000103782,0,-0.71999999999999997,0.10623631113696419,0.82623631113696416,2,0,-0.71999999999999997,0.10623631113696419,0.82623631113696416,1,3.0881444919783259,0.71999999999999997,-2.3681444919783257,,,,
"narrow_multi_obstacle",17,1,1,500,0.000105808,1,-0.021714638132537711,0.71999999999999997,0.74171463813253768,2,1,-0.021714638132537711,0.71999999999999997,0.74171463813253768,0,-0.71999999999999997,-2.793757628981723,-2.0737576289817232,,,,
"narrow_multi_obstacle",17,2,2,500,0.00012308800000000001,1,0.014058175074255663,0.011927488116888707,-0.0021306869573669562,3,1,0.014058175074255663,0.011927488116888707,-0.0021306869573669562,0,-0.71999999999999997,-2.7044982186313424,-1.9844982186313425,2,3.0155720932543102,0.71999999999999997,-2.29557209325431
"narrow_multi_obstacle",17,3,2,500,0.00012332200000000001,1,-0.0093048690040284932,0.11348266225497539,0.12278753125900388,3,1,-0.0093048690040284932,0.11348266225497539,0.12278753125900388,0,-0.71999999999999997,-2.6492393866668551,-1.9292393866668551,2,2.9221100368409356,0.71999999999999997,-2.2021100368409359
"narrow_multi_obstacle",18,0,1,500,0.00010003199999999999,1,0.033474802861138908,0.71999999999999997,0.68652519713886107,2,1,0.033474802861138908,0.71999999999999997,0.68652519713886107,0,-0.71999999999999997,-2.7504941449164151,-2.0304941449164149,,,,
"narrow_multi_obstacle",18,1,1,500,0.000100924,0,-0.71999999999999997,0.088577659484818438,0.80857765948481841,2,0,-0.71999999999999997,0.088577659484818438,0.80857765948481841,1,3.1236296066812885,0.71999999999999997,-2.4036296066812888,,,,
"narrow_multi_obstacle",18,2,2,500,0.00012199200000000001,1,-0.11873253701328745,0.15434055690342485,0.27307309391671231,3,1,-0.11873253701328745,0.15434055690342485,0.27307309391671231,0,-0.71999999999999997,-2.8033630985955993,-2.0833630985955995,2,3.0416615253965018,0.71999999999999997,-2.3216615253965021
"narrow_multi_obstacle",18,3,2,500,0.00012248399999999999,1,-0.014136076297946776,0.061347502612781213,0.075483578910727989,3,1,-0.014136076297946776,0.061347502612781213,0.075483578910727989,0,-0.71999999999999997,-2.6347123281590599,-1.9147123281590599,2,2.9346362759082538,0.71999999999999997,-2.2146362759082541
"narrow_multi_obstacle",19,0,2,500,0.00012255400000000001,1,-0.06729789320402535,0.00020324142805727696,0.067501134632082627,3,1,-0.06729789320402535,0.00020324142805727696,0.067501134632082627,0,-0.71999999999999997,-2.8309792630975212,-2.110979263097521,2,3.0007608157068155,0.71999999999999997,-2.2807608157068158
"narrow_multi_obstacle",19,1,2,500,0.00012539199999999999,1,-0.062358096701518706,0.18849460378128269,0.25085270048280139,3,1,-0.062358096701518706,0.18849460378128269,0.25085270048280139,0,-0.71999999999999997,-2.6929825648476999,-1.9729825648477,2,3.0024728666914982,0.71999999999999997,-2.2824728666914984
"narrow_multi_obstacle",19,2,2,500,0.00012375600000000001,1,-0.065665247825667628,0.12355978234774057,0.18922503017340819,3,1,-0.065665247825667628,0.12355978234774057,0.18922503017340819,0,-0.71999999999999997,-2.6951410720535343,-1.9751410720535343,2,2.9072194096750654,0.71999999999999997,-2.1872194096750652
"narrow_multi_obstacle",20,0,2,500,0.000123084,1,0.019528958260287999,0.024211102434331222,0.0046821441740432235,3,1,0.019528958260287999,0.024211102434331222,0.0046821441740432235,0,-0.71999999999999997,-2.7261097067532614,-2.0061097067532616,2,3.0754899676864609,0.71999999999999997,-2.3554899676864611
"narrow_multi_obstacle",20,1,1,500,0.000102192,0,-0.71999999999999997,0.056006846795451537,0.77600684679545151,2,0,-0.71999999999999997,0.056006846795451537,0.77600684679545151,1,2.9557000031352869,0.71999999999999997,-2.2357000031352872,,,,
"narrow_multi_obstacle",20,2,1,500,0.00010129199999999999,1,-0.084109981229499864,0.71999999999999997,0.80410998122949984,2,1,-0.084109981229499864,0.71999999999999997,0.80410998122949984,0,-0.71999999999999997,-2.7789935937368417,-2.058993593736842,,,,
"narrow_multi_obstacle",20,3,2,500,0.000117156,1,-0.083104120878797705,0.095490848721160315,0.17859496959995802,3,1,-0.083104120878797705,0.095490848721160315,0.17859496959995802,0,-0.71999999999999997,-2.7834815593190907,-2.0634815593190909,2,3.0147666937430468,0.71999999999999997,-2.2947666937430471
"narrow_multi_obstacle",21,0,2,500,0.00011955599999999999,1,-0.054105869675652896,-0.084647660881254083,-0.030541791205601188,3,1,-0.054105869675652896,-0.084647660881254083,-0.030541791205601188,0,-0.71999999999999997,-2.7610213619503874,-2.0410213619503876,2,2.9319093566205883,0.71999999999999997,-2.2119093566205885
"narrow_multi_obstacle",21,1,2,500,0.0001182,1,0.010578208555650725,0.12122646080174904,0.11064825224609831,3,1,0.010578208555650725,0.12122646080174904,0.11064825224609831,0,-0.71999999999999997,-2.6947886585268916,-1.9747886585268917,2,3.1052070363275961,0.71999999999999997,-2.3852070363275963
"narrow_multi_obstacle",21,2,1,500,9.9368000000000001e-05,0,-0.71999999999999997,0.059260094503844396,0.77926009450384437,2,0,-0.71999999999999997,0.059260094503844396,0.77926009450384437,1,2.8840523295864342,0.71999999999999997,-2.1640523295864345,,,,
"narrow_multi_obstacle",21,3,1,500,9.9936e-05,1,-0.088244154478195114,0.71999999999999997,0.80824415447819509,2,1,-0.088244154478195114,0.71999999999999997,0.80824415447819509,0,-0.71999999999999997,-2.7075632968024199,-1.9875632968024199,,,,
"narrow_multi_obstacle",22,0,1,500,9.9827999999999994e-05,1,-0.057267979525234658,0.71999999999999997,0.77726797952523463,2,1,-0.057267979525234658,0.71999999999999997,0.77726797952523463,0,-0.71999999999999997,-2.8280514498085032,-2.108051449808503,,,,
"narrow_multi_obstacle",22,1,1,500,0.00010117600000000001,0,-0.71999999999999997,0.034875410502145598,0.75487541050214557,2,0,-0.71999999999999997,0.034875410502145598,0.75487541050214557,1,3.0538741577697412,0.71999999999999997,-2.3338741577697411,,,,
"narrow_multi_obstacle",22,2,1,500,0.00010038,1,-0.023330414963372625,0.71999999999999997,0.7433304149633726,2,1,-0.023330414963372625,0.71999999999999997,0.7433304149633726,0,-0.71999999999999997,-2.7224551958949168,-2.0024551958949166,,,,
"narrow_multi_obstacle",22,3,1,500,0.000101704,0,-0.71999999999999997,-0.03352806389828622,0.68647193610171375,2,0,-0.71999999999999997,-0.03352806389828622,0.68647193610171375,1,2.9358400016066097,0.71999999999999997,-2.21584000160661,,,,
"narrow_multi_obstacle",22,4,1,500,0.000101316,1,-0.15962112128338179,0.71999999999999997,0.87962112128338177,2,1,-0.15962112128338179,0.71999999999999997,0.87962112128338177,0,-0.71999999999999997,-2.7322058239187115,-2.0122058239187117,,,,
"narrow_multi_obstacle",22,5,1,500,0.000101902,0,-0.71999999999999997,0.10821419171231472,0.8282141917123147,2,0,-0.71999999999999997,0.10821419171231472,0.8282141917123147,1,2.9534342024852833,0.71999999999999997,-2.2334342024852836,,,,
"narrow_multi_obstacle",23,0,1,500,9.9327999999999995e-05,1,-0.029335270184677853,0.71999999999999997,0.74933527018467783,2,1,-0.029335270184677853,0.71999999999999997,0.74933527018467783,0,-0.71999999999999997,-2.7643772294456044,-2.0443772294456046,,,,
"narrow_multi_obstacle",23,1,1,500,0.000100938,0,-0.71999999999999997,0.035344021358937106,0.75534402135893708,2,0,-0.71999999999999997,0.035344021358937106,0.75534402135893708,1,2.9662721921857709,0.71999999999999997,-2.2462721921857707,,,,
"narrow_multi_obstacle",23,2,1,500,0.000103632,1,0.049957855136596674,0.71999999999999997,0.6700421448634033,2,1,0.049957855136596674,0.71999999999999997,0.6700421448634033,0,-0.71999999999999997,-2.6743611795873576,-1.9543611795873577,,,,
"narrow_multi_obstacle",23,3,1,500,9.7893999999999995e-05,0,-0.71999999999999997,0.15909888360619617,0.87909888360619615,2,0,-0.71999999999999997,0.15909888360619617,0.87909888360619615,1,3.0095103859915708,0.71999999999999997,-2.2895103859915711,,,,
"narrow_multi_obstacle",23,4,2,500,0.00012177000000000001,1,0.0011213417822180105,0.25929918641383498,0.25817784463161697,3,1,0.0011213417822180105,0.25929918641383498,0.25817784463161697,0,-0.71999999999999997,-2.5950068404842264,-1.8750068404842264,2,3.0629650976669525,0.71999999999999997,-2.3429650976669523
"narrow_multi_obstacle",24,0,1,500,0.000101624,0,-0.71999999999999997,0.039430099813907216,0.75943009981390719,2,0,-0.71999999999999997,0.039430099813907216,0.75943009981390719,1,2.9201484141074432,0.71999999999999997,-2.200148414107443,,,,
"narrow_multi_obstacle",24,1,1,500,9.8961999999999992e-05,1,-0.083872655098406135,0.71999999999999997,0.80387265509840611,2,1,-0.083872655098406135,0.71999999999999997,0.80387265509840611,0,-0.71999999999999997,-2.8051090766761835,-2.0851090766761837,,,,
"narrow_multi_obstacle",24,2,1,500,9.9980000000000002e-05,0,-0.71999999999999997,0.09826917789803491,0.81826917789803488,2,0,-0.71999999999999997,0.09826917789803491,0.81826917789803488,1,3.013823057932302,0.71999999999999997,-2.2938230579323022,,,,
"narrow_multi_obstacle",24,3,1,500,9.6532000000000003e-05,1,-0.042858684959636628,0.71999999999999997,0.7628586849596366,2,1,-0.042858684959636628,0.71999999999999997,0.7628586849596366,0,-0.71999999999999997,-2.681900759381306,-1.961900759381306,,,,
"narrow_multi_obstacle",24,4,2,500,0.00012145400000000001,1,-0.046516850010514643,0.0064537306964944641,0.052970580707009107,3,1,-0.046516850010514643,0.0064537306964944641,0.052970580707009107,0,-0.71999999999999997,-2.6353474671365911,-1.9153474671365911,2,2.8868543830738647,0.71999999999999997,-2.1668543830738649
"narrow_multi_obstacle",25,0,2,500,0.000121754,1,-0.10165847577933973,0.064905299615940715,0.16656377539528044,3,1,-0.10165847577933973,0.064905299615940715,0.16656377539528044,0,-0.71999999999999997,-2.8172415415887384,-2.0972415415887387,2,3.0514415665745336,0.71999999999999997,-2.3314415665745338
"narrow_multi_obstacle",25,1,2,500,0.000121518,1,-0.05074769660399614,0.10549532233423475,0.15624301893823089,3,1,-0.05074769660399614,0.10549532233423475,0.15624301893823089,0,-0.71999999999999997,-2.7618925029155172,-2.041892502915517,2,2.9941763874506853,0.71999999999999997,-2.2741763874506855
"narrow_multi_obstacle",25,2,1,500,9.7886000000000004e-05,1,0.014523861548126238,0.71999999999999997,0.70547613845187374,2,1,0.014523861548126238,0.71999999999999997,0.70547613845187374,0,-0.71999999999999997,-2.5986159449218138,-1.8786159449218138,,,,
"narrow_multi_obstacle",25,3,1,500,0.00010026000000000001,0,-0.71999999999999997,0.1034283357002046,0.82342833570020457,2,0,-0.71999999999999997,0.1034283357002046,0.82342833570020457,1,3.0190247847803899,0.71999999999999997,-2.2990247847803902,,,,
"narrow_multi_obstacle",26,0,1,500,9.9646000000000001e-05,0,-0.71999999999999997,0.11000049350131191,0.83000049350131189,2,0,-0.71999999999999997,0.11000049350131191,0.83000049350131189,1,3.0978114607596101,0.71999999999999997,-2.3778114607596104,,,,
"narrow_multi_obstacle",26,1,1,500,9.6467999999999999e-05,1,0.091337667907766207,0.71999999999999997,0.62866233209223377,2,1,0.091337667907766207,0.71999999999999997,0.62866233209223377,0,-0.71999999999999997,-2.6813793086700892,-1.9613793086700892,,,,
"narrow_multi_obstacle",26,2,2,500,0.000118622,1,-0.089452657227379051,0.18424422124185358,0.27369687846923263,3,1,-0.089452657227379051,0.18424422124185358,0.27369687846923263,0,-0.71999999999999997,-2.7635595564472295,-2.0435595564472298,2,3.1368848550791979,0.71999999999999997,-2.4168848550791981
"narrow_multi_obstacle",26,3,2,500,0.000120918,1,-0.18365796737216744,0.1950774108783575,0.37873537825052495,3,1,-0.18365796737216744,0.1950774108783575,0.37873537825052495,0,-0.71999999999999997,-2.8019687953851755,-2.0819687953851753,2,2.9935576328390883,0.71999999999999997,-2.2735576328390881
"narrow_multi_obstacle",27,0,1,500,0.00010064399999999999,1,0.027228164136409827,0.71999999999999997,0.69277183586359015,2,1,0.027228164136409827,0.71999999999999997,0.69277183586359015,0,-0.71999999999999997,-2.7395128245576674,-2.0195128245576672,,,,
"narrow_multi_obstacle",27,1,1,500,0.00010148999999999999,0,-0.71999999999999997,0.093482895120046816,0.81348289512004679,2,0,-0.71999999999999997,0.093482895120046816,0.81348289512004679,1,3.0199608824543485,0.71999999999999997,-2.2999608824543483,,,,
"narrow_multi_obstacle",27,2,1,500,0.00010678799999999999,0,-0.71999999999999997,0.041020903675796916,0.76102090367579689,2,0,-0.71999999999999997,0.041020903675796916,0.76102090367579689,1,3.0409238090539188,0.71999999999999997,-2.3209238090539186,,,,
"narrow_multi_obstacle",27,3,1,500,0.000102988,1,-0.080625064071436103,0.71999999999999997,0.80062506407143608,2,1,-0.080625064071436103,0.71999999999999997,0.80062506407143608,0,-0.71999999999999997,-2.7920955529203284,-2.0720955529203282,,,,
"narrow_multi_obstacle",27,4,2,500,0.000125776,1,-0.07402470311638476,0.14485277945602149,0.21887748257240625,3,1,-0.07402470311638476,0.14485277945602149,0.21887748257240625,0,-0.71999999999999997,-2.719681443911897,-1.9996814439118971,2,3.0579689764941111,0.71999999999999997,-2.3379689764941114
"narrow_multi_obstacle",28,0,2,500,0.00012183800000000001,1,-0.025984725546902343,-0.012809195955768127,0.013175529591134216,3,1,-0.025984725546902343,-0.012809195955768127,0.013175529591134216,0,-0.71999999999999997,-2.7339690700513204,-2.0139690700513206,2,2.9909886724984975,0.71999999999999997,-2.2709886724984978
"narrow_multi_obstacle",28,1,2,500,0.00012118800000000001,1,-0.046491687720709773,0.038875116439674118,0.085366804160383891,3,1,-0.046491687720709773,0.038875116439674118,0.085366804160383891,0,-0.71999999999999997,-2.7278991613268047,-2.0078991613268045,2,2.8960892181831577,0.71999999999999997,-2.1760892181831579
"narrow_multi_obstacle",28,2,2,500,0.00012265999999999999,1,-0.1494918937608809,0.13741794973844113,0.28690984349932203,3,1,-0.1494918937608809,0.13741794973844113,0.28690984349932203,0,-0.71999999999999997,-2.7711341629010331,-2.0511341629010333,2,2.9314258902184074,0.71999999999999997,-2.2114258902184076
"narrow_multi_obstacle",29,0,2,500,0.00012181400000000001,1,-0.011788313768122949,0.037254785319396078,0.049043099087519026,3,1,-0.011788313768122949,0.037254785319396078,0.049043099087519026,0,-0.71999999999999997,-2.7969269552838192,-2.0769269552838194,2,3.0300918470645333,0.71999999999999997,-2.3100918470645331
"narrow_multi_obstacle",29,1,1,500,9.9804000000000009e-05,0,-0.71999999999999997,0.11488721261310952,0.8348872126131095,2,0,-0.71999999999999997,0.11488721261310952,0.8348872126131095,1,3.0919373223626181,0.71999999999999997,-2.3719373223626183,,,,
"narrow_multi_obstacle",29,2,1,500,0.00010125000000000001,1,-0.035165842954465232,0.71999999999999997,0.75516584295446521,2,1,-0.035165842954465232,0.71999999999999997,0.75516584295446521,0,-0.71999999999999997,-2.7525557860005909,-2.0325557860005912,,,,
"narrow_multi_obstacle",29,3,2,500,0.000119382,1,-0.035594373329260742,0.040713355722369782,0.076307729051630524,3,1,-0.035594373329260742,0.040713355722369782,0.076307729051630524,0,-0.71999999999999997,-2.7059162282421507,-1.9859162282421507,2,2.9818598317470837,0.71999999999999997,-2.2618598317470839
"narrow_multi_obstacle",30,0,1,500,0.00010111,1,-0.01452749375837592,0.71999999999999997,0.73452749375837589,2,1,-0.01452749375837592,0.71999999999999997,0.73452749375837589,0,-0.71999999999999997,-2.8150203607052902,-2.0950203607052904,,,,
"narrow_multi_obstacle",30,1,1,500,0.000100944,0,-0.71999999999999997,0.11633504340156442,0.83633504340156439,2,0,-0.71999999999999997,0.11633504340156442,0.83633504340156439,1,3.1273161617330123,0.71999999999999997,-2.4073161617330125,,,,
"narrow_multi_obstacle",30,2,1,500,9.7274000000000004e-05,1,-0.030573591366276132,0.71999999999999997,0.7505735913662761,2,1,-0.030573591366276132,0.71999999999999997,0.7505735913662761,0,-0.71999999999999997,-2.7005292565376697,-1.9805292565376698,,,,
"narrow_multi_obstacle",30,3,1,500,9.9879999999999999e-05,0,-0.71999999999999997,0.099101534039185424,0.8191015340391854,2,0,-0.71999999999999997,0.099101534039185424,0.8191015340391854,1,2.9872628717946768,0.71999999999999997,-2.267262871794677,,,,
"narrow_multi_obstacle",30,4,2,500,0.00012103999999999999,1,-0.062286922192465788,0.11425924369308049,0.17654616588554628,3,1,-0.062286922192465788,0.11425924369308049,0.17654616588554628,0,-0.71999999999999997,-2.6471073643946532,-1.9271073643946532,2,2.9130472684189068,0.71999999999999997,-2.1930472684189066
"narrow_multi_obstacle",31,0,2,500,0.00012404399999999999,1,0.062431398882647038,0.077146765249658023,0.014715366367010985,3,1,0.062431398882647038,0.077146765249658023,0.014715366367010985,0,-0.71999999999999997,-2.6699462843580184,-1.9499462843580184,2,3.0365531032229169,0.71999999999999997,-2.3165531032229172
"narrow_multi_obstacle",31,1,2,500,0.00012773799999999999,1,0.094607100019745927,-0.0032287635537511239,-0.097835863573497051,3,1,0.094607100019745927,-0.0032287635537511239,-0.097835863573497051,0,-0.71999999999999997,-2.6652610150439964,-1.9452610150439964,2,2.9759495012682917,0.71999999999999997,-2.255949501268292
"narrow_multi_obstacle",31,2,2,500,0.00012137199999999999,1,-0.1307169024035717,0.11342364106538971,0.24414054346896141,3,1,-0.1307169024035717,0.11342364106538971,0.24414054346896141,0,-0.71999999999999997,-2.7641850413845539,-2.0441850413845541,2,2.9772941970107158,0.71999999999999997,-2.2572941970107161
"narrow_multi_obstacle",32,0,2,500,0.000121156,1,0.050625399965301465,0.15622868270324508,0.10560328273794362,3,1,0.050625399965301465,0.15622868270324508,0.10560328273794362,0,-0.71999999999999997,-2.6835653006271145,-1.9635653006271145,2,3.1181156905939069,0.71999999999999997,-2.3981156905939072
"narrow_multi_obstacle",32,1,2,500,0.00011960600000000001,1,-0.089362506556632137,0.083070756011697444,0.17243326256832958,3,1,-0.089362506556632137,0.083070756011697444,0.17243326256832958,0,-0.71999999999999997,-2.8552394429105235,-2.1352394429105237,2,3.00899141470817,0.71999999999999997,-2.2889914147081702
"narrow_multi_obstacle",32,2,2,500,0.000120548,1,0.014668911733561218,0.12069218408369919,0.10602327235013798,3,1,0.014668911733561218,0.12069218408369919,0.10602327235013798,0,-0.71999999999999997,-2.6513504930348581,-1.9313504930348582,2,3.014004746930949,0.71999999999999997,-2.2940047469309492
"narrow_multi_obstacle",33,0,2,500,0.00011866000000000001,1,0.11467498487970929,0.09280187437278653,-0.021873110506922755,3,1,0.11467498487970929,0.09280187437278653,-0.021873110506922755,0,-0.71999999999999997,-2.6837830296908778,-1.9637830296908778,2,3.016627369161994,0.71999999999999997,-2.2966273691619943
"narrow_multi_obstacle",33,1,2,500,0.000118454,1,-0.083785045175263972,0.023794094436282887,0.10757913961154686,3,1,-0.083785045175263972,0.023794094436282887,0.10757913961154686,0,-0.71999999999999997,-2.7600520555586199,-2.0400520555586201,2,2.968748729076117,0.71999999999999997,-2.2487487290761168
"narrow_multi_obstacle",33,2,2,500,0.000121636,1,-0.039100751839994619,0.073988117347083993,0.11308886918707861,3,1,-0.039100751839994619,0.073988117347083993,0.11308886918707861,0,-0.71999999999999997,-2.724569036466467,-2.0045690364664672,2,2.9557960174318016,0.71999999999999997,-2.2357960174318015
"narrow_multi_obstacle",34,0,1,500,9.8308000000000008e-05,1,-0.092990761153800783,0.71999999999999997,0.81299076115380076,2,1,-0.092990761153800783,0.71999999999999997,0.81299076115380076,0,-0.71999999999999997,-2.8691926946250916,-2.1491926946250919,,,,
"narrow_multi_obstacle",34,1,1,500,9.6547999999999998e-05,0,-0.71999999999999997,0.068403896974829959,0.78840389697482993,2,0,-0.71999999999999997,0.068403896974829959,0.78840389697482993,1,3.0820222823928924,0.71999999999999997,-2.3620222823928927,,,,
"narrow_multi_obstacle",34,2,1,500,0.00010083599999999999,0,-0.71999999999999997,0.085356604803166203,0.80535660480316618,2,0,-0.71999999999999997,0.085356604803166203,0.80535660480316618,1,3.0154560202841587,0.71999999999999997,-2.295456020284159,,,,
"narrow_multi_obstacle",34,3,1,500,0.000100456,1,0.031756278051326303,0.71999999999999997,0.68824372194867367,2,1,0.031756278051326303,0.71999999999999997,0.68824372194867367,0,-0.71999999999999997,-2.728542479671642,-2.0085424796716422,,,,
"narrow_multi_obstacle",34,4,1,500,9.9626000000000011e-05,0,-0.71999999999999997,0.051735284803937853,0.77173528480393783,2,0,-0.71999999999999997,0.051735284803937853,0.77173528480393783,1,2.9439487532185993,0.71999999999999997,-2.2239487532185995,,,,
"narrow_multi_obstacle",34,5,1,500,0.000101308,1,-0.044037693616545193,0.71999999999999997,0.76403769361654517,2,1,-0.044037693616545193,0.71999999999999997,0.76403769361654517,0,-0.71999999999999997,-2.6645942265118654,-1.9445942265118654,,,,
"narrow_multi_obstacle",35,0,1,500,0.00010128600000000001,1,0.028667147793619341,0.71999999999999997,0.69133285220638063,2,1,0.028667147793619341,0.71999999999999997,0.69133285220638063,0,-0.71999999999999997,-2.7663585401752115,-2.0463585401752118,,,,
"narrow_multi_obstacle",35,1,1,500,9.8659999999999994e-05,0,-0.71999999999999997,-0.026342254775764129,0.69365774522423584,2,0,-0.71999999999999997,-0.026342254775764129,0.69365774522423584,1,3.0067529502938259,0.71999999999999997,-2.2867529502938257,,,,
"narrow_multi_obstacle",35,2,1,500,0.00010023600000000001,1,0.13230789330042381,0.71999999999999997,0.58769210669957617,2,1,0.13230789330042381,0.71999999999999997,0.58769210669957617,0,-0.71999999999999997,-2.6482526958767045,-1.9282526958767046,,,,
"narrow_multi_obstacle",35,3,1,500,0.00010019400000000001,0,-0.71999999999999997,-0.011452517043519794,0.70854748295648018,2,0,-0.71999999999999997,-0.011452517043519794,0.70854748295648018,1,2.8823951271685249,0.71999999999999997,-2.1623951271685247,,,,
"narrow_multi_obstacle",35,4,1,500,0.000100624,0,-0.71999999999999997,0.10986447307144198,0.82986447307144195,2,0,-0.71999999999999997,0.10986447307144198,0.82986447307144195,1,2.967037752215592,0.71999999999999997,-2.2470377522155918,,,,
"narrow_multi_obstacle",35,5,1,500,0.00010272000000000001,1,-0.027105324766948824,0.71999999999999997,0.7471053247669488,2,1,-0.027105324766948824,0.71999999999999997,0.7471053247669488,0,-0.71999999999999997,-2.662347195102317,-1.942347195102317,,,,
"narrow_multi_obstacle",36,0,2,500,0.00012192600000000001,1,-0.059153000384903676,-0.0088808402564919398,0.050272160128411736,3,1,-0.059153000384903676,-0.0088808402564919398,0.050272160128411736,0,-0.71999999999999997,-2.7510232262918102,-2.0310232262918104,2,3.0068578620547237,0.71999999999999997,-2.286857862054724
"narrow_multi_obstacle",36,1,2,500,0.00012006799999999999,1,-0.066338739596623064,0.010829618790561879,0.077168358387184943,3,1,-0.066338739596623064,0.010829618790561879,0.077168358387184943,0,-0.71999999999999997,-2.7421561568000588,-2.022156156800059,2,2.9581276245551198,0.71999999999999997,-2.23812762455512
"narrow_multi_obstacle",36,2,2,500,0.00012353,1,0.017992497198513258,0.10970208319699104,0.091709585998477783,3,1,0.017992497198513258,0.10970208319699104,0.091709585998477783,0,-0.71999999999999997,-2.627246678636376,-1.907246678636376,2,3.0009066829635165,0.71999999999999997,-2.2809066829635167
"narrow_multi_obstacle",37,0,2,500,0.00012397800000000001,1,-0.0065119008610534657,0.16115413620224128,0.16766603706329475,3,1,-0.0065119008610534657,0.16115413620224128,0.16766603706329475,0,-0.71999999999999997,-2.7737203206325223,-2.0537203206325225,2,3.0455803865711411,0.71999999999999997,-2.3255803865711409
"narrow_multi_obstacle",37,1,2,500,0.00012263000000000001,1,0.097697836124241322,0.11300933665236124,0.015311500528119915,3,1,0.097697836124241322,0.11300933665236124,0.015311500528119915,0,-0.71999999999999997,-2.5541301540191075,-1.8341301540191075,2,3.0545284458997166,0.71999999999999997,-2.3345284458997169
"narrow_multi_obstacle",37,2,2,500,0.000120172,1,-0.14976797137854247,0.17585530810311933,0.32562327948166181,3,1,-0.14976797137854247,0.17585530810311933,0.32562327948166181,0,-0.71999999999999997,-2.7909055619028864,-2.0709055619028867,2,2.9672869229751728,0.71999999999999997,-2.2472869229751726
"narrow_multi_obstacle",38,0,2,500,0.00012399000000000001,1,-0.041062967941293049,0.11467145795406686,0.15573442589535991,3,1,-0.041062967941293049,0.11467145795406686,0.15573442589535991,0,-0.71999999999999997,-2.7562633273999477,-2.036263327399948,2,2.9867551657491482,0.71999999999999997,-2.2667551657491485
"narrow_multi_obstacle",38,1,2,500,0.00012070000000000001,1,-0.075980633661765662,0.13115706728037169,0.20713770094213735,3,1,-0.075980633661765662,0.13115706728037169,0.20713770094213735,0,-0.71999999999999997,-2.7781969638145565,-2.0581969638145567,2,2.9683171868193563,0.71999999999999997,-2.2483171868193566
"narrow_multi_obstacle",38,2,2,500,0.00012317599999999999,1,-0.016393814883462809,0.10796038059051627,0.12435419547397908,3,1,-0.016393814883462809,0.10796038059051627,0.12435419547397908,0,-0.71999999999999997,-2.6248192360030398,-1.9048192360030398,2,2.8876415565265874,0.71999999999999997,-2.1676415565265872
"narrow_multi_obstacle",39,0,2,500,0.00012621999999999999,1,0.042402233846391413,0.12906485619805919,0.086662622351667773,3,1,0.042402233846391413,0.12906485619805919,0.086662622351667773,0,-0.71999999999999997,-2.7110823549985215,-1.9910823549985215,2,3.0610324211495779,0.71999999999999997,-2.3410324211495777
"narrow_multi_obstacle",39,1,1,500,0.000105444,0,-0.71999999999999997,0.052345204110070487,0.77234520411007046,2,0,-0.71999999999999997,0.052345204110070487,0.77234520411007046,1,2.9962391286247256,0.71999999999999997,-2.2762391286247254,,,,
"narrow_multi_obstacle",39,2,1,500,0.000106432,1,-0.23593595026524161,0.71999999999999997,0.95593595026524159,2,1,-0.23593595026524161,0.71999999999999997,0.95593595026524159,0,-0.71999999999999997,-2.9150066833752089,-2.1950066833752091,,,,
"narrow_multi_obstacle",39,3,1,500,0.00010716399999999999,1,-0.069867476705596676,0.71999999999999997,0.78986747670559665,2,1,-0.069867476705596676,0.71999999999999997,0.78986747670559665,0,-0.71999999999999997,-2.652066726868139,-1.9320667268681391,,,,
"narrow_multi_obstacle",39,4,1,500,0.00010770799999999999,0,-0.71999999999999997,0.096866140649503052,0.81686614064950303,2,0,-0.71999999999999997,0.096866140649503052,0.81686614064950303,1,2.8824083229273363,0.71999999999999997,-2.1624083229273365,,,,
"narrow_multi_obstacle",40,0,1,500,0.000104084,0,-0.71999999999999997,0.10970628524037074,0.82970628524037071,2,0,-0.71999999999999997,0.10970628524037074,0.82970628524037071,1,3.0506989829851632,0.71999999999999997,-2.3306989829851634,,,,
"narrow_multi_obstacle",40,1,1,500,0.000104974,1,0.10293447420002377,0.71999999999999997,0.6170655257999762,2,1,0.10293447420002377,0.71999999999999997,0.6170655257999762,0,-0.71999999999999997,-2.644250527147336,-1.924250527147336,,,,
"narrow_multi_obstacle",40,2,2,500,0.00012463,1,-0.15450411895250848,-0.020092401216295963,0.13441171773621252,3,1,-0.15450411895250848,-0.020092401216295963,0.13441171773621252,0,-0.71999999999999997,-2.8562185275669201,-2.1362185275669203,2,2.9393803155155247,0.71999999999999997,-2.2193803155155249
"narrow_multi_obstacle",40,3,1,500,9.9782000000000001e-05,0,-0.71999999999999997,0.20266541743998356,0.92266541743998354,2,0,-0.71999999999999997,0.20266541743998356,0.92266541743998354,1,3.0872630367495946,0.71999999999999997,-2.3672630367495948,,,,
"narrow_multi_obstacle",40,4,1,500,0.00010158,1,0.058930707479806443,0.71999999999999997,0.66106929252019353,2,1,0.058930707479806443,0.71999999999999997,0.66106929252019353,0,-0.71999999999999997,-2.6358033963659908,-1.9158033963659908,,,,
"narrow_multi_obstacle",41,0,1,500,0.00010021799999999999,0,-0.71999999999999997,0.084391596087206588,0.80439159608720656,2,0,-0.71999999999999997,0.084391596087206588,0.80439159608720656,1,3.0106538562638452,0.71999999999999997,-2.2906538562638454,,,,
"narrow_multi_obstacle",41,1,1,500,9.6804000000000004e-05,1,-0.030142492116070452,0.71999999999999997,0.75014249211607043,2,1,-0.030142492116070452,0.71999999999999997,0.75014249211607043,0,-0.71999999999999997,-2.7765304981676158,-2.056530498167616,,,,
"narrow_multi_obstacle",41,2,1,500,9.9031999999999996e-05,0,-0.71999999999999997,0.063321043686548117,0.78332104368654809,2,0,-0.71999999999999997,0.063321043686548117,0.78332104368654809,1,2.9940129950983971,0.71999999999999997,-2.2740129950983974,,,,
"narrow_multi_obstacle",41,3,1,500,9.9605999999999995e-05,1,-0.022905739777164369,0.71999999999999997,0.74290573977716434,2,1,-0.022905739777164369,0.71999999999999997,0.74290573977716434,0,-0.71999999999999997,-2.7827037385200768,-2.062703738520077,,,,
"narrow_multi_obstacle",41,4,2,500,0.00012766000000000001,1,-0.090042799559947539,0.062247027467141836,0.15228982702708938,3,1,-0.090042799559947539,0.062247027467141836,0.15228982702708938,0,-0.71999999999999997,-2.7585344041643705,-2.0385344041643707,2,3.0136977057214329,0.71999999999999997,-2.2936977057214332
"narrow_multi_obstacle",42,0,1,500,0.00010079799999999999,1,0.032160137309503511,0.71999999999999997,0.68783986269049646,2,1,0.032160137309503511,0.71999999999999997,0.68783986269049646,0,-0.71999999999999997,-2.6942780078294666,-1.9742780078294666,,,,
"narrow_multi_obstacle",42,1,1,500,9.7009999999999994e-05,0,-0.71999999999999997,0.02162717913472556,0.74162717913472553,2,0,-0.71999999999999997,0.02162717913472556,0.74162717913472553,1,3.0516957362204646,0.71999999999999997,-2.3316957362204649,,,,
"narrow_multi_obstacle",42,2,2,500,0.000124752,1,0.052832837244814357,-0.050468807574472363,-0.10330164481928672,3,1,0.052832837244814357,-0.050468807574472363,-0.10330164481928672,0,-0.71999999999999997,-2.6955182811275513,-1.9755182811275513,2,2.9667669423284977,0.71999999999999997,-2.2467669423284979
"narrow_multi_obstacle",42,3,2,500,0.00012256600000000001,1,-0.0084376988947751919,0.10650798421257224,0.11494568310734743,3,1,-0.0084376988947751919,0.10650798421257224,0.11494568310734743,0,-0.71999999999999997,-2.7289091899230895,-2.0089091899230898,2,2.9514432279849281,0.71999999999999997,-2.2314432279849283
"narrow_multi_obstacle",43,0,2,500,0.00012356800000000001,1,-0.053253732703107293,-0.085722334383253385,-0.032468601680146092,3,1,-0.053253732703107293,-0.085722334383253385,-0.032468601680146092,0,-0.71999999999999997,-2.8129069107613636,-2.0929069107613634,2,2.950559358347042,0.71999999999999997,-2.2305593583470422
"narrow_multi_obstacle",43,1,2,500,0.00011838799999999999,1,-0.034277187836887713,0.014430189829590434,0.048707377666478147,3,1,-0.034277187836887713,0.014430189829590434,0.048707377666478147,0,-0.71999999999999997,-2.7947951013184804,-2.0747951013184807,2,2.9866721062871529,0.71999999999999997,-2.2666721062871531
"narrow_multi_obstacle",43,2,2,500,0.00012018800000000001,1,-0.031839585594908515,0.12352216344354261,0.15536174903845112,3,1,-0.031839585594908515,0.12352216344354261,0.15536174903845112,0,-0.71999999999999997,-2.6554041355409286,-1.9354041355409286,2,2.978472458648775,0.71999999999999997,-2.2584724586487752
"narrow_multi_obstacle",44,0,2,500,0.00012300200000000001,1,-0.018290374195805148,0.052687755918862988,0.070978130114668136,3,1,-0.018290374195805148,0.052687755918862988,0.070978130114668136,0,-0.71999999999999997,-2.7634284942040823,-2.0434284942040826,2,3.0703156148079787,0.71999999999999997,-2.3503156148079789
"narrow_multi_obstacle",44,1,2,500,0.00012568199999999998,1,-0.016608342044879487,0.092208254298955294,0.10881659634383478,3,1,-0.016608342044879487,0.092208254298955294,0.10881659634383478,0,-0.71999999999999997,-2.7047921342894918,-1.9847921342894919,2,2.9633163236942162,0.71999999999999997,-2.2433163236942164
"narrow_multi_obstacle",44,2,1,500,0.000100232,0,-0.71999999999999997,0.031641831536703524,0.7516418315367035,2,0,-0.71999999999999997,0.031641831536703524,0.7516418315367035,1,2.9423592833090799,0.71999999999999997,-2.2223592833090802,,,,
"narrow_multi_obstacle",44,3,1,500,0.00010280200000000001,1,-0.1565074630909844,0.71999999999999997,0.87650746309098437,2,1,-0.1565074630909844,0.71999999999999997,0.87650746309098437,0,-0.71999999999999997,-2.7173131673313602,-1.9973131673313602,,,,
"narrow_multi_obstacle",45,0,2,500,0.00012224599999999998,1,-0.15582869065947524,0.077874070420706598,0.23370276108018184,3,1,-0.15582869065947524,0.077874070420706598,0.23370276108018184,0,-0.71999999999999997,-2.8932838573738566,-2.1732838573738569,2,3.0075312116003214,0.71999999999999997,-2.2875312116003217
"narrow_multi_obstacle",45,1,2,500,0.00012155,1,-0.06308747009846738,0.038916651700199978,0.10200412179866736,3,1,-0.06308747009846738,0.038916651700199978,0.10200412179866736,0,-0.71999999999999997,-2.8219709533351844,-2.1019709533351847,2,2.9650338010039308,0.71999999999999997,-2.245033801003931
"narrow_multi_obstacle",45,2,2,500,0.00012820400000000001,1,-0.14187620296139536,0.13775862807386541,0.27963483103526077,3,1,-0.14187620296139536,0.13775862807386541,0.27963483103526077,0,-0.71999999999999997,-2.777422709963254,-2.0574227099632543,2,3.0221469799413017,0.71999999999999997,-2.3021469799413019
"narrow_multi_obstacle",46,0,2,500,0.00012928600000000002,1,0.033725010253293997,0.043181972469678254,0.009456962216384257,3,1,0.033725010253293997,0.043181972469678254,0.009456962216384257,0,-0.71999999999999997,-2.7426878450183612,-2.0226878450183614,2,3.0753645616374126,0.71999999999999997,-2.3553645616374128
"narrow_multi_obstacle",46,1,2,500,0.00012223399999999998,1,0.0051116823938044398,0.01437631982998111,0.0092646374361766703,3,1,0.0051116823938044398,0.01437631982998111,0.0092646374361766703,0,-0.71999999999999997,-2.6885031377445689,-1.968503137744569,2,2.9941912427504405,0.71999999999999997,-2.2741912427504403
"narrow_multi_obstacle",46,2,1,500,9.786400000000001e-05,1,-0.033088886155691277,0.71999999999999997,0.75308888615569125,2,1,-0.033088886155691277,0.71999999999999997,0.75308888615569125,0,-0.71999999999999997,-2.6738227596563315,-1.9538227596563316,,,,
"narrow_multi_obstacle",46,3,1,500,0.000101536,0,-0.71999999999999997,0.12368782617998031,0.84368782617998028,2,0,-0.71999999999999997,0.12368782617998031,0.84368782617998028,1,2.953225760454659,0.71999999999999997,-2.2332257604546593,,,,
"narrow_multi_obstacle",47,0,2,500,0.00012159000000000001,1,0.039046439507238961,-0.020345102126889891,-0.059391541634128853,3,1,0.039046439507238961,-0.020345102126889891,-0.059391541634128853,0,-0.71999999999999997,-2.7656210226350013,-2.0456210226350011,2,2.9196303619417416,0.71999999999999997,-2.1996303619417414
"narrow_multi_obstacle",47,1,2,500,0.000120256,1,-0.0829194312553172,0.16152784093483019,0.24444727219014739,3,1,-0.0829194312553172,0.16152784093483019,0.24444727219014739,0,-0.71999999999999997,-2.7760848204210236,-2.0560848204210238,2,3.0315446709449505,0.71999999999999997,-2.3115446709449508
"narrow_multi_obstacle",47,2,2,500,0.00012173,1,-0.079960540692972426,0.079044527435463197,0.15900506812843562,3,1,-0.079960540692972426,0.079044527435463197,0.15900506812843562,0,-0.71999999999999997,-2.6807625681598939,-1.9607625681598939,2,2.9294731200583648,0.71999999999999997,-2.209473120058365
"narrow_multi_obstacle",48,0,1,500,0.000101012,1,-0.13120846707924239,0.71999999999999997,0.85120846707924236,2,1,-0.13120846707924239,0.71999999999999997,0.85120846707924236,0,-0.71999999999999997,-2.8811790461668183,-2.1611790461668186,,,,
"narrow_multi_obstacle",48,1,1,500,0.000101488,0,-0.71999999999999997,0.13920160384083391,0.85920160384083388,2,0,-0.71999999999999997,0.13920160384083391,0.85920160384083388,1,3.1013794849197085,0.71999999999999997,-2.3813794849197087,,,,
"narrow_multi_obstacle",48,2,2,500,0.00012263000000000001,1,-0.10961789797569299,0.087165681118039018,0.19678357909373201,3,1,-0.10961789797569299,0.087165681118039018,0.19678357909373201,0,-0.71999999999999997,-2.7744845224499066,-2.0544845224499069,2,3.0393153429934467,0.71999999999999997,-2.3193153429934465
"narrow_multi_obstacle",48,3,2,500,0.00011774999999999999,1,-0.16674448206832704,0.12384711309457197,0.29059159516289901,3,1,-0.16674448206832704,0.12384711309457197,0.29059159516289901,0,-0.71999999999999997,-2.8072490354323456,-2.0872490354323459,2,2.9191422843533683,0.71999999999999997,-2.1991422843533686
"narrow_multi_obstacle",49,0,2,500,0.00012111399999999999,1,-0.048288504038094704,0.10338027150496476,0.15166877554305946,3,1,-0.048288504038094704,0.10338027150496476,0.15166877554305946,0,-0.71999999999999997,-2.8154371335056019,-2.0954371335056017,2,3.1021545674025468,0.71999999999999997,-2.3821545674025471
"narrow_multi_obstacle",49,1,1,500,0.000102748,1,-0.015752642325175925,0.71999999999999997,0.7357526423251759,2,1,-0.015752642325175925,0.71999999999999997,0.7357526423251759,0,-0.71999999999999997,-2.7313129312580129,-2.0113129312580131,,,,
"narrow_multi_obstacle",49,2,1,500,0.00010217800000000001,0,-0.71999999999999997,0.14866864600607088,0.86866864600607085,2,0,-0.71999999999999997,0.14866864600607088,0.86866864600607085,1,3.0900212196246866,0.71999999999999997,-2.3700212196246868,,,,
"narrow_multi_obstacle",49,3,2,500,0.000121334,1,-0.061483624022072858,0.086478046089283556,0.14796167011135641,3,1,-0.061483624022072858,0.086478046089283556,0.14796167011135641,0,-0.71999999999999997,-2.7294142542427036,-2.0094142542427038,2,2.8984613421071637,0.71999999999999997,-2.1784613421071635
"narrow_multi_obstacle",50,0,1,500,0.000101236,1,-0.083624302454289312,0.71999999999999997,0.80362430245428929,2,1,-0.083624302454289312,0.71999999999999997,0.80362430245428929,0,-0.71999999999999997,-2.8453659379749103,-2.1253659379749106,,,,
"narrow_multi_obstacle",50,1,1,500,0.00010022,0,-0.71999999999999997,-0.03400859977695192,0.68599140022304805,2,0,-0.71999999999999997,-0.03400859977695192,0.68599140022304805,1,2.984773335788045,0.71999999999999997,-2.2647733357880453,,,,
"narrow_multi_obstacle",50,2,1,500,9.9224000000000011e-05,1,-0.073918472985730954,0.71999999999999997,0.79391847298573093,2,1,-0.073918472985730954,0.71999999999999997,0.79391847298573093,0,-0.71999999999999997,-2.7787919522442674,-2.0587919522442677,,,,
"narrow_multi_obstacle",50,3,1,500,0.00010121199999999999,0,-0.71999999999999997,0.11759919763276505,0.83759919763276502,2,0,-0.71999999999999997,0.11759919763276505,0.83759919763276502,1,2.9752254276681156,0.71999999999999997,-2.2552254276681154,,,,
"narrow_multi_obstacle",50,4,2,500,0.000122946,1,0.023390004158640121,0.22784675541015686,0.20445675125151674,3,1,0.023390004158640121,0.22784675541015686,0.20445675125151674,0,-0.71999999999999997,-2.6173127645591614,-1.8973127645591614,2,3.0510836171494233,0.71999999999999997,-2.3310836171494236
"narrow_multi_obstacle",51,0,2,500,0.000123662,1,0.14743957263345497,0.079523291508975635,-0.067916281124479339,3,1,0.14743957263345497,0.079523291508975635,-0.067916281124479339,0,-0.71999999999999997,-2.6255367689263522,-1.9055367689263523,2,2.9780196838085793,0.71999999999999997,-2.2580196838085795
"narrow_multi_obstacle",51,1,2,500,0.00012574400000000001,1,-0.1424658027012109,0.094486287341058572,0.23695209004226947,3,1,-0.1424658027012109,0.094486287341058572,0.23695209004226947,0,-0.71999999999999997,-2.7695414095914899,-2.0495414095914901,2,2.9442462021307305,0.71999999999999997,-2.2242462021307308
"narrow_multi_obstacle",51,2,1,500,0.00010266,0,-0.71999999999999997,0.18579327036293769,0.90579327036293766,2,0,-0.71999999999999997,0.18579327036293769,0.90579327036293766,1,2.9964255387154992,0.71999999999999997,-2.2764255387154995,,,,
"narrow_multi_obstacle",51,3,1,500,0.00010295999999999999,1,-0.13564966588940663,0.71999999999999997,0.85564966588940661,2,1,-0.13564966588940663,0.71999999999999997,0.85564966588940661,0,-0.71999999999999997,-2.7635687177858919,-2.0435687177858917,,,,
"narrow_multi_obstacle",52,0,1,500,0.00010292400000000001,1,0.020142065958913324,0.71999999999999997,0.69985793404108665,2,1,0.020142065958913324,0.71999999999999997,0.69985793404108665,0,-0.71999999999999997,-2.7768637763277266,-2.0568637763277264,,,,
"narrow_multi_obstacle",52,1,1,500,0.00010427400000000001,0,-0.71999999999999997,0.042199934174955267,0.76219993417495524,2,0,-0.71999999999999997,0.042199934174955267,0.76219993417495524,1,3.0347769305699916,0.71999999999999997,-2.3147769305699919,,,,
"narrow_multi_obstacle",52,2,2,500,0.00012639800000000001,1,-0.092242601334902696,0.085110659085161577,0.17735326042006427,3,1,-0.092242601334902696,0.085110659085161577,0.17735326042006427,0,-0.71999999999999997,-2.8201149894951616,-2.1001149894951618,2,3.0979504764612553,0.71999999999999997,-2.3779504764612556
"narrow_multi_obstacle",52,3,2,500,0.00012640399999999999,1,0.059983290869053407,0.096726244711463849,0.036742953842410442,3,1,0.059983290869053407,0.096726244711463849,0.036742953842410442,0,-0.71999999999999997,-2.6405140668062534,-1.9205140668062535,2,3.0096214651449125,0.71999999999999997,-2.2896214651449123
"narrow_multi_obstacle",53,0,2,500,0.00012499599999999999,1,-0.069277600942422302,-0.0031454940180579705,0.066132106924364331,3,1,-0.069277600942422302,-0.0031454940180579705,0.066132106924364331,0,-0.71999999999999997,-2.8435635538250859,-2.1235635538250861,2,2.930362077102457,0.71999999999999997,-2.2103620771024568
"narrow_multi_obstacle",53,1,1,500,0.00010292400000000001,1,0.013474976185263055,0.71999999999999997,0.70652502381473692,2,1,0.013474976185263055,0.71999999999999997,0.70652502381473692,0,-0.71999999999999997,-2.6784320962342569,-1.958432096234257,,,,
"narrow_multi_obstacle",53,2,1,500,0.00010891000000000001,0,-0.71999999999999997,0.16444390686970189,0.88444390686970187,2,0,-0.71999999999999997,0.16444390686970189,0.88444390686970187,1,3.0693685958252859,0.71999999999999997,-2.3493685958252861,,,,
"narrow_multi_obstacle",53,3,1,500,0.00010008400000000001,1,-0.089972326997147967,0.71999999999999997,0.80997232699714794,2,1,-0.089972326997147967,0.71999999999999997,0.80997232699714794,0,-0.71999999999999997,-2.7448117440456867,-2.024811744045687,,,,
"narrow_multi_obstacle",53,4,1,500,9.8418000000000005e-05,0,-0.71999999999999997,0.069783214192153054,0.78978321419215303,2,0,-0.71999999999999997,0.069783214192153054,0.78978321419215303,1,2.9548774258232235,0.71999999999999997,-2.2348774258232238,,,,
"narrow_multi_obstacle",54,0,2,500,0.00012959000000000001,1,-0.11183821736472099,0.068002014600814897,0.17984023196553589,3,1,-0.11183821736472099,0.068002014600814897,0.17984023196553589,0,-0.71999999999999997,-2.8532028848164157,-2.1332028848164155,2,3.0069862406660555,0.71999999999999997,-2.2869862406660557
"narrow_multi_obstacle",54,1,2,500,0.000119406,1,-0.070559951865365012,0.008976840167869371,0.079536792033234383,3,1,-0.070559951865365012,0.008976840167869371,0.079536792033234383,0,-0.71999999999999997,-2.7142417341212393,-1.9942417341212393,2,2.9654556402810499,0.71999999999999997,-2.2454556402810502
"narrow_multi_obstacle",54,2,2,500,0.00012248399999999999,1,-0.035076359344871744,0.095057780797605407,0.13013414014247715,3,1,-0.035076359344871744,0.095057780797605407,0.13013414014247715,0,-0.71999999999999997,-2.6425783145115878,-1.9225783145115878,2,2.870332846505236,0.71999999999999997,-2.1503328465052363
"narrow_multi_obstacle",55,0,2,500,0.000120906,1,-0.095490486461754509,0.080090367542416496,0.17558085400417101,3,1,-0.095490486461754509,0.080090367542416496,0.17558085400417101,0,-0.71999999999999997,-2.8142068600665189,-2.0942068600665191,2,3.0513440691736973,0.71999999999999997,-2.3313440691736975
"narrow_multi_obstacle",55,1,1,500,0.00010058799999999999,0,-0.71999999999999997,0.0010770762852685412,0.72107707628526851,2,0,-0.71999999999999997,0.0010770762852685412,0.72107707628526851,1,2.9813466305747189,0.71999999999999997,-2.2613466305747192,,,,
"narrow_multi_obstacle",55,2,1,500,9.7257999999999996e-05,1,0.017295505356832219,0.71999999999999997,0.70270449464316775,2,1,0.017295505356832219,0.71999999999999997,0.70270449464316775,0,-0.71999999999999997,-2.6792710850424393,-1.9592710850424393,,,,
"narrow_multi_obstacle",55,3,1,500,9.9258000000000004e-05,1,-0.067232792902529148,0.71999999999999997,0.78723279290252912,2,1,-0.067232792902529148,0.71999999999999997,0.78723279290252912,0,-0.71999999999999997,-2.725558719211334,-2.0055587192113338,,,,
"narrow_multi_obstacle",55,4,1,500,9.827800000000001e-05,0,-0.71999999999999997,0.037485171195631439,0.75748517119563141,2,0,-0.71999999999999997,0.037485171195631439,0.75748517119563141,1,2.9392942288165624,0.71999999999999997,-2.2192942288165627,,,,
"narrow_multi_obstacle",56,0,2,500,0.00011920400000000001,1,0.071971041005991498,0.077997001476121541,0.0060259604701300429,3,1,0.071971041005991498,0.077997001476121541,0.0060259604701300429,0,-0.71999999999999997,-2.6528218202959151,-1.9328218202959151,2,2.9935731189916206,0.71999999999999997,-2.2735731189916208
"narrow_multi_obstacle",56,1,2,500,0.00011959999999999999,1,-0.12006446196039255,0.007722054534731182,0.12778651649512374,3,1,-0.12006446196039255,0.007722054534731182,0.12778651649512374,0,-0.71999999999999997,-2.8144167196244316,-2.0944167196244319,2,2.9673746676983268,0.71999999999999997,-2.2473746676983266
"narrow_multi_obstacle",56,2,2,500,0.00012271,1,-0.10925634892803315,-0.022371934896338486,0.086884414031694668,3,1,-0.10925634892803315,-0.022371934896338486,0.086884414031694668,0,-0.71999999999999997,-2.7071518975639757,-1.9871518975639757,2,2.8558237081110569,0.71999999999999997,-2.1358237081110572
"narrow_multi_obstacle",57,0,1,500,0.000100324,0,-0.71999999999999997,0.20734133919295572,0.92734133919295569,2,0,-0.71999999999999997,0.20734133919295572,0.92734133919295569,1,3.1158994003838041,0.71999999999999997,-2.3958994003838043,,,,
"narrow_multi_obstacle",57,1,1,500,0.00010219399999999999,1,0.043528811097328646,0.71999999999999997,0.67647118890267133,2,1,0.043528811097328646,0.71999999999999997,0.67647118890267133,0,-0.71999999999999997,-2.6995423473389843,-1.9795423473389844,,,,
"narrow_multi_obstacle",57,2,2,500,0.000121326,1,-0.11153215601414579,0.067917477742770682,0.17944963375691647,3,1,-0.11153215601414579,0.067917477742770682,0.17944963375691647,0,-0.71999999999999997,-2.7750682576191341,-2.0550682576191344,2,2.9950612071762621,0.71999999999999997,-2.2750612071762619
"narrow_multi_obstacle",57,3,2,500,0.00012176,1,-0.038658837682912228,0.12986018683326517,0.1685190245161774,3,1,-0.038658837682912228,0.12986018683326517,0.1685190245161774,0,-0.71999999999999997,-2.6997079521348537,-1.9797079521348537,2,2.955101178938162,0.71999999999999997,-2.2351011789381623
"narrow_multi_obstacle",58,0,2,500,0.00012172600000000001,1,-0.12557968686047949,0.12953524694024132,0.25511493380072081,3,1,-0.12557968686047949,0.12953524694024132,0.25511493380072081,0,-0.71999999999999997,-2.8449781800403882,-2.1249781800403884,2,3.0428831087815915,0.71999999999999997,-2.3228831087815918
"narrow_multi_obstacle",58,1,1,500,0.000100214,1,-0.11520409650801233,0.71999999999999997,0.83520409650801231,2,1,-0.11520409650801233,0.71999999999999997,0.83520409650801231,0,-0.71999999999999997,-2.8328090724610684,-2.1128090724610686,,,,
"narrow_multi_obstacle",58,2,1,500,9.9907999999999993e-05,0,-0.71999999999999997,0.015414486396580163,0.73541448639658014,2,0,-0.71999999999999997,0.015414486396580163,0.73541448639658014,1,2.9073982826283427,0.71999999999999997,-2.1873982826283429,,,,
"narrow_multi_obstacle",58,3,2,500,0.00012267199999999999,1,0.022733685500226919,0.20348717021306495,0.18075348471283803,3,1,0.022733685500226919,0.20348717021306495,0.18075348471283803,0,-0.71999999999999997,-2.6111070979779889,-1.8911070979779889,2,3.1298051060437158,0.71999999999999997,-2.4098051060437156
"narrow_multi_obstacle",59,0,2,500,0.000123056,1,-0.071636356670342627,0.1214714905561034,0.19310784722644603,3,1,-0.071636356670342627,0.1214714905561034,0.19310784722644603,0,-0.71999999999999997,-2.8047921113866741,-2.0847921113866743,2,3.1049749259575838,0.71999999999999997,-2.3849749259575841
"narrow_multi_obstacle",59,1,2,500,0.000121056,1,-0.065566827719755638,-0.019116517007140787,0.046450310712614851,3,1,-0.065566827719755638,-0.019116517007140787,0.046450310712614851,0,-0.71999999999999997,-2.8021717256104246,-2.0821717256104249,2,2.9709927467468145,0.71999999999999997,-2.2509927467468147
"narrow_multi_obstacle",59,2,2,500,0.00012249200000000001,1,-0.037437965091031256,0.16291724217187342,0.20035520726290468,3,1,-0.037437965091031256,0.16291724217187342,0.20035520726290468,0,-0.71999999999999997,-2.6440417057414169,-1.924041705741417,2,2.9371209892631933,0.71999999999999997,-2.2171209892631936
"narrow_multi_obstacle",60,0,1,500,0.00010119,0,-0.71999999999999997,-0.0086082706168617573,0.71139172938313822,2,0,-0.71999999999999997,-0.0086082706168617573,0.71139172938313822,1,3.0167626524327193,0.71999999999999997,-2.2967626524327196,,,,
"narrow_multi_obstacle",60,1,1,500,0.000100604,1,-0.065080815661639368,0.71999999999999997,0.78508081566163934,2,1,-0.065080815661639368,0.71999999999999997,0.78508081566163934,0,-0.71999999999999997,-2.8360109089853101,-2.1160109089853103,,,,
"narrow_multi_obstacle",60,2,2,500,0.00012225199999999999,1,-0.021655550232578147,0.046820424861780952,0.068475975094359098,3,1,-0.021655550232578147,0.046820424861780952,0.068475975094359098,0,-0.71999999999999997,-2.720377770894455,-2.0003777708944552,2,2.9640029369109566,0.71999999999999997,-2.2440029369109569
"narrow_multi_obstacle",60,3,2,500,0.00012601599999999998,1,-0.14141283279660555,0.17981039614370675,0.3212232289403123,3,1,-0.14141283279660555,0.17981039614370675,0.3212232289403123,0,-0.71999999999999997,-2.7704965536258364,-2.0504965536258366,2,3.0241700718775029,0.71999999999999997,-2.3041700718775031
"narrow_multi_obstacle",61,0,1,500,0.000109308,0,-0.71999999999999997,0.084400127683477377,0.80440012768347735,2,0,-0.71999999999999997,0.084400127683477377,0.80440012768347735,1,2.9893935914673611,0.71999999999999997,-2.2693935914673613,,,,
"narrow_multi_obstacle",61,1,1,500,0.00010019400000000001,1,0.1203500711846428,0.71999999999999997,0.59964992881535717,2,1,0.1203500711846428,0.71999999999999997,0.59964992881535717,0,-0.71999999999999997,-2.6049146493794235,-1.8849146493794235,,,,
"narrow_multi_obstacle",61,2,2,500,0.00012358200000000001,1,-0.023677861376836917,0.099833743956468046,0.12351160533330496,3,1,-0.023677861376836917,0.099833743956468046,0.12351160533330496,0,-0.71999999999999997,-2.7568799874186078,-2.0368799874186081,2,2.9549231052967562,0.71999999999999997,-2.2349231052967564
"narrow_multi_obstacle",61,3,2,500,0.00012506,1,0.090357583036885458,0.052480810062866423,-0.037876772974019035,3,1,0.090357583036885458,0.052480810062866423,-0.037876772974019035,0,-0.71999999999999997,-2.5375028986231833,-1.8175028986231834,2,2.8978756042768605,0.71999999999999997,-2.1778756042768608
"narrow_multi_obstacle",62,0,1,500,0.000101004,1,-0.042416992149067578,0.71999999999999997,0.76241699214906755,2,1,-0.042416992149067578,0.71999999999999997,0.76241699214906755,0,-0.71999999999999997,-2.7770285077661092,-2.057028507766109,,,,
"narrow_multi_obstacle",62,1,1,500,0.00010255,0,-0.71999999999999997,0.095776957524239092,0.81577695752423907,2,0,-0.71999999999999997,0.095776957524239092,0.81577695752423907,1,3.1013119966282749,0.71999999999999997,-2.3813119966282752,,,,
"narrow_multi_obstacle",62,2,2,500,0.00011916599999999999,1,-0.14882302495223865,0.067979006695013444,0.21680203164725209,3,1,-0.14882302495223865,0.067979006695013444,0.21680203164725209,0,-0.71999999999999997,-2.8351215077868153,-2.1151215077868155,2,3.0402346465353576,0.71999999999999997,-2.3202346465353578
"narrow_multi_obstacle",62,3,1,500,0.000101684,0,-0.71999999999999997,0.14200938393898599,0.86200938393898596,2,0,-0.71999999999999997,0.14200938393898599,0.86200938393898596,1,2.9782782995694568,0.71999999999999997,-2.258278299569457,,,,
"narrow_multi_obstacle",62,4,1,500,9.8771999999999996e-05,1,-0.051321696327046418,0.71999999999999997,0.77132169632704639,2,1,-0.051321696327046418,0.71999999999999997,0.77132169632704639,0,-0.71999999999999997,-2.7477086831806199,-2.0277086831806201,,,,
"narrow_multi_obstacle",63,0,2,500,0.000123242,1,-0.077576832683100339,0.044189427993539088,0.12176626067663943,3,1,-0.077576832683100339,0.044189427993539088,0.12176626067663943,0,-0.71999999999999997,-2.7979371851924029,-2.0779371851924031,2,3.0039501220930469,0.71999999999999997,-2.2839501220930467
"narrow_multi_obstacle",63,1,1,500,0.000100264,0,-0.71999999999999997,0.085888126421804989,0.80588812642180496,2,0,-0.71999999999999997,0.085888126421804989,0.80588812642180496,1,2.9302298997220158,0.71999999999999997,-2.210229899722016,,,,
"narrow_multi_obstacle",63,2,1,500,0.00010093399999999999,1,-0.038718137009223996,0.71999999999999997,0.75871813700922397,2,1,-0.038718137009223996,0.71999999999999997,0.75871813700922397,0,-0.71999999999999997,-2.70493273193705,-1.98493273193705,,,,
"narrow_multi_obstacle",63,3,1,500,0.00010131800000000001,0,-0.71999999999999997,0.024199065167499034,0.74419906516749901,2,0,-0.71999999999999997,0.024199065167499034,0.74419906516749901,1,2.8243255979282162,0.71999999999999997,-2.1043255979282165,,,,
"narrow_multi_obstacle",63,4,1,500,0.000100626,1,-0.074696777014800375,0.71999999999999997,0.79469677701480035,2,1,-0.074696777014800375,0.71999999999999997,0.79469677701480035,0,-0.71999999999999997,-2.7064624150603369,-1.9864624150603369,,,,
"narrow_multi_obstacle",64,0,1,500,0.000100534,1,-0.10057080352077752,0.71999999999999997,0.82057080352077749,2,1,-0.10057080352077752,0.71999999999999997,0.82057080352077749,0,-0.71999999999999997,-2.8326074836922341,-2.1126074836922344,,,,
"narrow_multi_obstacle",64,1,1,500,0.000101838,0,-0.71999999999999997,0.13759225070417669,0.85759225070417666,2,0,-0.71999999999999997,0.13759225070417669,0.85759225070417666,1,3.0854880597656917,0.71999999999999997,-2.365488059765692,,,,
"narrow_multi_obstacle",64,2,2,500,0.00011824999999999999,1,-0.036763097533603295,0.19918786083960982,0.23595095837321312,3,1,-0.036763097533603295,0.19918786083960982,0.23595095837321312,0,-0.71999999999999997,-2.7242352493591104,-2.0042352493591107,2,3.1450334450444846,0.71999999999999997,-2.4250334450444848
"narrow_multi_obstacle",64,3,2,500,0.00012165199999999999,1,-0.035026329529769251,-0.032085428357163659,0.0029409011726055923,3,1,-0.035026329529769251,-0.032085428357163659,0.0029409011726055923,0,-0.71999999999999997,-2.705147803974846,-1.985147803974846,2,2.8488405759806836,0.71999999999999997,-2.1288405759806839
"narrow_multi_obstacle",65,0,1,500,0.00011480400000000001,1,0.095817289633471914,0.71999999999999997,0.62418271036652806,2,1,0.095817289633471914,0.71999999999999997,0.62418271036652806,0,-0.71999999999999997,-2.6609896769124912,-1.9409896769124912,,,,
"narrow_multi_obstacle",65,1,1,500,0.00010135400000000001,0,-0.71999999999999997,0.092171899793806356,0.81217189979380633,2,0,-0.71999999999999997,0.092171899793806356,0.81217189979380633,1,3.0428878973628573,0.71999999999999997,-2.3228878973628575,,,,
"narrow_multi_obstacle",65,2,1,500,0.00010168,1,0.0017566150860464091,0.71999999999999997,0.71824338491395356,2,1,0.0017566150860464091,0.71999999999999997,0.71824338491395356,0,-0.71999999999999997,-2.6955379895544045,-1.9755379895544045,,,,
"narrow_multi_obstacle",65,3,1,500,0.00010349,0,-0.71999999999999997,0.033191400376604507,0.75319140037660448,2,0,-0.71999999999999997,0.033191400376604507,0.75319140037660448,1,2.9699504380488406,0.71999999999999997,-2.2499504380488409,,,,
"narrow_multi_obstacle",65,4,1,500,9.7538e-05,0,-0.71999999999999997,0.11678202984784636,0.83678202984784633,2,0,-0.71999999999999997,0.11678202984784636,0.83678202984784633,1,3.0487339328882825,0.71999999999999997,-2.3287339328882828,,,,
"narrow_multi_obstacle",65,5,1,500,0.00010138600000000001,1,-0.15039205163357416,0.71999999999999997,0.87039205163357414,2,1,-0.15039205163357416,0.71999999999999997,0.87039205163357414,0,-0.71999999999999997,-2.7682222273641397,-2.0482222273641399,,,,
"narrow_multi_obstacle",66,0,2,500,0.000120646,1,0.038485988611455468,-0.018537958637539154,-0.057023947248994622,3,1,0.038485988611455468,-0.018537958637539154,-0.057023947248994622,0,-0.71999999999999997,-2.6864945776759361,-1.9664945776759362,2,2.974820923494387,0.71999999999999997,-2.2548209234943872
"narrow_multi_obstacle",66,1,2,500,0.00011882800000000001,1,-0.016213372392367642,0.14631269248055712,0.16252606487292476,3,1,-0.016213372392367642,0.14631269248055712,0.16252606487292476,0,-0.71999999999999997,-2.7440141225876991,-2.0240141225876993,2,2.9892430551863987,0.71999999999999997,-2.2692430551863989
"narrow_multi_obstacle",66,2,1,500,0.00010184,0,-0.71999999999999997,0.087109827209786328,0.8071098272097863,2,0,-0.71999999999999997,0.087109827209786328,0.8071098272097863,1,2.9125516811300636,0.71999999999999997,-2.1925516811300634,,,,
"narrow_multi_obstacle",66,3,1,500,9.933799999999999e-05,1,-0.017840698964868285,0.71999999999999997,0.73784069896486826,2,1,-0.017840698964868285,0.71999999999999997,0.73784069896486826,0,-0.71999999999999997,-2.6581886342370438,-1.9381886342370438,,,,
"narrow_multi_obstacle",67,0,1,500,0.000101196,1,-0.053326373189116483,0.71999999999999997,0.77332637318911646,2,1,-0.053326373189116483,0.71999999999999997,0.77332637318911646,0,-0.71999999999999997,-2.7812223407475907,-2.0612223407475909,,,,
"narrow_multi_obstacle",67,1,1,500,0.000103346,0,-0.71999999999999997,0.087836993274173603,0.80783699327417358,2,0,-0.71999999999999997,0.087836993274173603,0.80783699327417358,1,3.0585104372723011,0.71999999999999997,-2.3385104372723013,,,,
"narrow_multi_obstacle",67,2,1,500,0.00010363600000000001,0,-0.71999999999999997,0.059175470492373483,0.77917547049237346,2,0,-0.71999999999999997,0.059175470492373483,0.77917547049237346,1,3.0148622263343174,0.71999999999999997,-2.2948622263343177,,,,
"narrow_multi_obstacle",67,3,1,500,0.00010719,1,-0.017705618634261677,0.71999999999999997,0.73770561863426165,2,1,-0.017705618634261677,0.71999999999999997,0.73770561863426165,0,-0.71999999999999997,-2.7337157824918323,-2.0137157824918326,,,,
"narrow_multi_obstacle",67,4,2,500,0.00012348,1,-0.066503723665332748,0.1473904326260127,0.21389415629134545,3,1,-0.066503723665332748,0.1473904326260127,0.21389415629134545,0,-0.71999999999999997,-2.7051003192143739,-1.9851003192143739,2,2.9590946042781479,0.71999999999999997,-2.2390946042781481
"narrow_multi_obstacle",68,0,2,500,0.00011966400000000001,1,-0.033922042089661542,0.040462226568950488,0.074384268658612029,3,1,-0.033922042089661542,0.040462226568950488,0.074384268658612029,0,-0.71999999999999997,-2.8054868527964438,-2.0854868527964436,2,2.9734300644136988,0.71999999999999997,-2.2534300644136991
"narrow_multi_obstacle",68,1,1,500,9.9358000000000007e-05,0,-0.71999999999999997,0.11613404189711574,0.83613404189711571,2,0,-0.71999999999999997,0.11613404189711574,0.83613404189711571,1,3.0307672499799603,0.71999999999999997,-2.3107672499799605,,,,
"narrow_multi_obstacle",68,2,1,500,0.00010183200000000001,1,-0.038437747385136944,0.71999999999999997,0.75843774738513692,2,1,-0.038437747385136944,0.71999999999999997,0.75843774738513692,0,-0.71999999999999997,-2.7404724887266205,-2.0204724887266208,,,,
"narrow_multi_obstacle",68,3,2,500,0.00012358599999999999,1,-0.12767743939622545,0.2614182921060626,0.38909573150228804,3,1,-0.12767743939622545,0.2614182921060626,0.38909573150228804,0,-0.71999999999999997,-2.6985455311108235,-1.9785455311108235,2,3.0326792921226513,0.71999999999999997,-2.3126792921226516
"narrow_multi_obstacle",69,0,2,500,0.000122254,1,-0.0028910741825181052,0.11734686735998823,0.12023794154250633,3,1,-0.0028910741825181052,0.11734686735998823,0.12023794154250633,0,-0.71999999999999997,-2.7662109587745674,-2.0462109587745676,2,3.0756721775800435,0.71999999999999997,-2.3556721775800433
"narrow_multi_obstacle",69,1,2,500,0.00012392999999999999,1,-0.044655437946474752,0.055146276349472556,0.099801714295947308,3,1,-0.044655437946474752,0.055146276349472556,0.099801714295947308,0,-0.71999999999999997,-2.7877292390826325,-2.0677292390826327,2,2.934609796764672,0.71999999999999997,-2.2146097967646723
"narrow_multi_obstacle",69,2,2,500,0.00012005,1,-0.11920437142257589,0.12085054277626051,0.2400549141988364,3,1,-0.11920437142257589,0.12085054277626051,0.2400549141988364,0,-0.71999999999999997,-2.7892430175569096,-2.0692430175569099,2,2.9120388532929233,0.71999999999999997,-2.1920388532929236
"narrow_multi_obstacle",70,0,1,500,0.000103582,1,-0.042732232872207954,0.71999999999999997,0.76273223287220793,2,1,-0.042732232872207954,0.71999999999999997,0.76273223287220793,0,-0.71999999999999997,-2.7742331959168478,-2.0542331959168481,,,,
"narrow_multi_obstacle",70,1,1,500,0.00010576199999999999,0,-0.71999999999999997,0.081410582635735418,0.80141058263573539,2,0,-0.71999999999999997,0.081410582635735418,0.80141058263573539,1,3.0105378640355145,0.71999999999999997,-2.2905378640355147,,,,
"narrow_multi_obstacle",70,2,1,500,0.00010063,1,0.0442020787966797,0.71999999999999997,0.67579792120332027,2,1,0.0442020787966797,0.71999999999999997,0.67579792120332027,0,-0.71999999999999997,-2.7207700719452981,-2.0007700719452979,,,,
"narrow_multi_obstacle",70,3,1,500,0.000100682,0,-0.71999999999999997,-0.046265947015034614,0.67373405298496536,2,0,-0.71999999999999997,-0.046265947015034614,0.67373405298496536,1,2.9590251382800323,0.71999999999999997,-2.2390251382800326,,,,
"narrow_multi_obstacle",70,4,1,500,9.7175999999999993e-05,1,-0.0090754976789955144,0.71999999999999997,0.72907549767899549,2,1,-0.0090754976789955144,0.71999999999999997,0.72907549767899549,0,-0.71999999999999997,-2.7292211957573853,-2.0092211957573856,,,,
"narrow_multi_obstacle",70,5,1,500,0.00010156999999999999,0,-0.71999999999999997,0.11342971148980863,0.8334297114898086,2,0,-0.71999999999999997,0.11342971148980863,0.8334297114898086,1,2.9677742863136682,0.71999999999999997,-2.2477742863136685,,,,
"narrow_multi_obstacle",71,0,2,500,0.000119858,1,0.045267988457269981,0.0044232647825348526,-0.040844723674735128,3,1,0.045267988457269981,0.0044232647825348526,-0.040844723674735128,0,-0.71999999999999997,-2.6889551693849958,-1.9689551693849958,2,2.9253776546268622,0.71999999999999997,-2.2053776546268624
"narrow_multi_obstacle",71,1,2,500,0.00011949999999999999,1,-0.002272747858752977,0.015727354430666862,0.018000102289419839,3,1,-0.002272747858752977,0.015727354430666862,0.018000102289419839,0,-0.71999999999999997,-2.7263808910424752,-2.0063808910424754,2,2.9042926870175609,0.71999999999999997,-2.1842926870175612
"narrow_multi_obstacle",71,2,1,500,0.000100962,0,-0.71999999999999997,0.14681192323080916,0.86681192323080913,2,0,-0.71999999999999997,0.14681192323080916,0.86681192323080913,1,3.0347879047833701,0.71999999999999997,-2.3147879047833699,,,,
"narrow_multi_obstacle",71,3,1,500,0.00010021799999999999,1,-0.12858016302843289,0.71999999999999997,0.84858016302843287,2,1,-0.12858016302843289,0.71999999999999997,0.84858016302843287,0,-0.71999999999999997,-2.7555689584249681,-2.0355689584249683,,,,
"narrow_multi_obstacle",72,0,1,500,9.8154000000000009e-05,0,-0.71999999999999997,0.055310867886852799,0.77531086788685277,2,0,-0.71999999999999997,0.055310867886852799,0.77531086788685277,1,3.035542452934413,0.71999999999999997,-2.3155424529344133,,,,
"narrow_multi_obstacle",72,1,1,500,0.000100912,1,-0.090063285862523212,0.71999999999999997,0.81006328586252319,2,1,-0.090063285862523212,0.71999999999999997,0.81006328586252319,0,-0.71999999999999997,-2.8056123428741224,-2.0856123428741222,,,,
"narrow_multi_obstacle",72,2,1,500,0.00010058799999999999,1,0.07699183608391813,0.71999999999999997,0.64300816391608184,2,1,0.07699183608391813,0.71999999999999997,0.64300816391608184,0,-0.71999999999999997,-2.6361739677172777,-1.9161739677172778,,,,
"narrow_multi_obstacle",72,3,1,500,0.00010118,0,-0.71999999999999997,0.0054472358175496893,0.72544723581754966,2,0,-0.71999999999999997,0.0054472358175496893,0.72544723581754966,1,2.9074696261890844,0.71999999999999997,-2.1874696261890847,,,,
"narrow_multi_obstacle",72,4,1,500,0.00010074800000000001,0,-0.71999999999999997,0.22074578404057688,0.94074578404057685,2,0,-0.71999999999999997,0.22074578404057688,0.94074578404057685,1,2.9914974991486449,0.71999999999999997,-2.2714974991486452,,,,
"narrow_multi_obstacle",72,5,1,500,9.8830000000000001e-05,1,-0.017676137309817985,0.71999999999999997,0.73767613730981796,2,1,-0.017676137309817985,0.71999999999999997,0.73767613730981796,0,-0.71999999999999997,-2.6404976851416615,-1.9204976851416615,,,,
"narrow_multi_obstacle",73,0,2,500,0.00012301799999999999,1,0.043778558961905523,0.065678846065658547,0.021900287103753024,3,1,0.043778558961905523,0.065678846065658547,0.021900287103753024,0,-0.71999999999999997,-2.6980011137600375,-1.9780011137600375,2,2.9936598731290793,0.71999999999999997,-2.2736598731290796
"narrow_multi_obstacle",73,1,1,500,9.5935999999999998e-05,1,-0.034271997038586965,0.71999999999999997,0.75427199703858694,2,1,-0.034271997038586965,0.71999999999999997,0.75427199703858694,0,-0.71999999999999997,-2.713881727042307,-1.993881727042307,,,,
"narrow_multi_obstacle",73,2,1,500,0.00010152,0,-0.71999999999999997,0.066534854006624844,0.78653485400662482,2,0,-0.71999999999999997,0.066534854006624844,0.78653485400662482,1,2.8987113225175185,0.71999999999999997,-2.1787113225175183,,,,
"narrow_multi_obstacle",73,3,2,500,0.00012154800000000001,1,0.011596625368130553,0.14217403648330595,0.1305774111151754,3,1,0.011596625368130553,0.14217403648330595,0.1305774111151754,0,-0.71999999999999997,-2.670940087725449,-1.950940087725449,2,3.0202086116676741,0.71999999999999997,-2.3002086116676743
"narrow_multi_obstacle",74,0,2,500,0.000122578,1,-0.059106565850247206,0.046411801243161133,0.10551836709340834,3,1,-0.059106565850247206,0.046411801243161133,0.10551836709340834,0,-0.71999999999999997,-2.7964953427181793,-2.0764953427181796,2,2.9644178888466874,0.71999999999999997,-2.2444178888466872
"narrow_multi_obstacle",74,1,2,500,0.000126754,1,0.0050307618957443623,0.02136865030214552,0.016337888406401158,3,1,0.0050307618957443623,0.02136865030214552,0.016337888406401158,0,-0.71999999999999997,-2.7374170175773171,-2.0174170175773174,2,2.941667521998923,0.71999999999999997,-2.2216675219989233
"narrow_multi_obstacle",74,2,2,500,0.000127868,1,-0.18255722949282105,0.20205115427744635,0.3846083837702674,3,1,-0.18255722949282105,0.20205115427744635,0.3846083837702674,0,-0.71999999999999997,-2.7900770834609148,-2.070077083460915,2,3.0309217359300247,0.71999999999999997,-2.3109217359300249
"narrow_multi_obstacle",75,0,2,500,0.000119948,1,0.01654976264404362,0.082348960062796461,0.065799197418752842,3,1,0.01654976264404362,0.082348960062796461,0.065799197418752842,0,-0.71999999999999997,-2.7049102901263566,-1.9849102901263567,2,3.0909894000024916,0.71999999999999997,-2.3709894000024914
"narrow_multi_obstacle",75,1,2,500,0.000122216,1,0.031607122365166163,0.14378484351788656,0.1121777211527204,3,1,0.031607122365166163,0.14378484351788656,0.1121777211527204,0,-0.71999999999999997,-2.6423738017666309,-1.922373801766631,2,3.0121104023664982,0.71999999999999997,-2.2921104023664984
"narrow_multi_obstacle",75,2,1,500,0.00010065399999999999,0,-0.71999999999999997,0.068179150078818695,0.78817915007881867,2,0,-0.71999999999999997,0.068179150078818695,0.78817915007881867,1,2.8648145681026458,0.71999999999999997,-2.144814568102646,,,,
"narrow_multi_obstacle",75,3,1,500,0.000101136,1,-0.030825157338325804,0.71999999999999997,0.75082515733832578,2,1,-0.030825157338325804,0.71999999999999997,0.75082515733832578,0,-0.71999999999999997,-2.6100036783370557,-1.8900036783370557,,,,
"narrow_multi_obstacle",76,0,1,500,0.000101174,1,0.014896959407328492,0.71999999999999997,0.70510304059267148,2,1,0.014896959407328492,0.71999999999999997,0.70510304059267148,0,-0.71999999999999997,-2.709974596436143,-1.9899745964361431,,,,
"narrow_multi_obstacle",76,1,1,500,0.00010174400000000001,0,-0.71999999999999997,0.074231234612960106,0.79423123461296008,2,0,-0.71999999999999997,0.074231234612960106,0.79423123461296008,1,2.9858901184278492,0.71999999999999997,-2.2658901184278495,,,,
"narrow_multi_obstacle",76,2,1,500,0.000100346,1,-0.0067091348025212216,0.71999999999999997,0.72670913480252119,2,1,-0.0067091348025212216,0.71999999999999997,0.72670913480252119,0,-0.71999999999999997,-2.7646327309996357,-2.0446327309996359,,,,
"narrow_multi_obstacle",76,3,1,500,0.000100788,0,-0.71999999999999997,0.0098084410930818766,0.72980844109308185,2,0,-0.71999999999999997,0.0098084410930818766,0.72980844109308185,1,3.0082106746778319,0.71999999999999997,-2.2882106746778321,,,,
"narrow_multi_obstacle",76,4,1,500,0.000101204,1,-0.080772596389504736,0.71999999999999997,0.80077259638950471,2,1,-0.080772596389504736,0.71999999999999997,0.80077259638950471,0,-0.71999999999999997,-2.7903423539334424,-2.0703423539334427,,,,
"narrow_multi_obstacle",76,5,1,500,0.00010171199999999999,0,-0.71999999999999997,0.070205352152935108,0.79020535215293508,2,0,-0.71999999999999997,0.070205352152935108,0.79020535215293508,1,2.9923967205534279,0.71999999999999997,-2.2723967205534281,,,,
"narrow_multi_obstacle",77,0,1,500,0.00010114399999999999,0,-0.71999999999999997,0.070551952174359611,0.79055195217435958,2,0,-0.71999999999999997,0.070551952174359611,0.79055195217435958,1,2.9676575359812185,0.71999999999999997,-2.2476575359812188,,,,
"narrow_multi_obstacle",77,1,1,500,0.000105598,1,-0.016571372745179058,0.71999999999999997,0.73657137274517903,2,1,-0.016571372745179058,0.71999999999999997,0.73657137274517903,0,-0.71999999999999997,-2.7630902353622342,-2.043090235362234,,,,
"narrow_multi_obstacle",77,2,1,500,0.000100828,0,-0.71999999999999997,0.035544807670798928,0.7555448076707989,2,0,-0.71999999999999997,0.035544807670798928,0.7555448076707989,1,2.9873950087016845,0.71999999999999997,-2.2673950087016843,,,,
"narrow_multi_obstacle",77,3,1,500,0.00010724,1,0.017036303855788804,0.71999999999999997,0.70296369614421117,2,1,0.017036303855788804,0.71999999999999997,0.70296369614421117,0,-0.71999999999999997,-2.724723123763714,-2.0047231237637142,,,,
"narrow_multi_obstacle",77,4,2,500,0.00012485,1,-0.021124701732092799,0.077202320327003804,0.098327022059096603,3,1,-0.021124701732092799,0.077202320327003804,0.098327022059096603,0,-0.71999999999999997,-2.6467510389614177,-1.9267510389614178,2,3.0094612595899735,0.71999999999999997,-2.2894612595899737
"narrow_multi_obstacle",78,0,1,500,0.00010281999999999999,1,-0.012530566817339883,0.71999999999999997,0.73253056681733986,2,1,-0.012530566817339883,0.71999999999999997,0.73253056681733986,0,-0.71999999999999997,-2.8248275761590236,-2.1048275761590238,,,,
"narrow_multi_obstacle",78,1,1,500,0.00010103199999999999,0,-0.71999999999999997,0.14558075913028645,0.86558075913028643,2,0,-0.71999999999999997,0.14558075913028645,0.86558075913028643,1,3.0486245644875019,0.71999999999999997,-2.3286245644875017,,,,
"narrow_multi_obstacle",78,2,1,500,0.000102954,1,0.021184709235622545,0.71999999999999997,0.69881529076437743,2,1,0.021184709235622545,0.71999999999999997,0.69881529076437743,0,-0.71999999999999997,-2.7280446330672263,-2.0080446330672261,,,,
"narrow_multi_obstacle",78,3,1,500,0.000102536,0,-0.71999999999999997,0.15958072705554649,0.87958072705554646,2,0,-0.71999999999999997,0.15958072705554649,0.87958072705554646,1,3.055487694034893,0.71999999999999997,-2.3354876940348932,,,,
"narrow_multi_obstacle",78,4,1,500,0.00010105799999999999,1,-0.14285283855422426,0.71999999999999997,0.86285283855422423,2,1,-0.14285283855422426,0.71999999999999997,0.86285283855422423,0,-0.71999999999999997,-2.7909161633247859,-2.0709161633247861,,,,
"narrow_multi_obstacle",78,5,1,500,0.00010067,0,-0.71999999999999997,0.045346775824522734,0.76534677582452271,2,0,-0.71999999999999997,0.045346775824522734,0.76534677582452271,1,2.8833864401309444,0.71999999999999997,-2.1633864401309442,,,,
"narrow_multi_obstacle",79,0,1,500,0.00010063,0,-0.71999999999999997,0.094557502061594301,0.81455750206159427,2,0,-0.71999999999999997,0.094557502061594301,0.81455750206159427,1,3.0912880024162526,0.71999999999999997,-2.3712880024162528,,,,
"narrow_multi_obstacle",79,1,1,500,0.000102902,1,0.14453505645294706,0.71999999999999997,0.57546494354705291,2,1,0.14453505645294706,0.71999999999999997,0.57546494354705291,0,-0.71999999999999997,-2.6434044283927878,-1.9234044283927878,,,,
"narrow_multi_obstacle",79,2,2,500,0.000123378,1,0.01985602918036844,0.040744204113256632,0.020888174932888193,3,1,0.01985602918036844,0.040744204113256632,0.020888174932888193,0,-0.71999999999999997,-2.6631388446033881,-1.9431388446033881,2,3.007147962877466,0.71999999999999997,-2.2871479628774658
"narrow_multi_obstacle",79,3,2,500,0.000123254,1,-0.17140793560394219,-0.016544058640945547,0.15486387696299664,3,1,-0.17140793560394219,-0.016544058640945547,0.15486387696299664,0,-0.71999999999999997,-2.8268030358062521,-2.1068030358062524,2,2.849935715770437,0.71999999999999997,-2.1299357157704373
"narrow_multi_obstacle",80,0,1,500,9.8584000000000003e-05,0,-0.71999999999999997,0.21260911988430919,0.93260911988430917,2,0,-0.71999999999999997,0.21260911988430919,0.93260911988430917,1,3.1969486742374928,0.71999999999999997,-2.4769486742374927,,,,
"narrow_multi_obstacle",80,1,1,500,0.0001022,1,-0.019074644325891565,0.71999999999999997,0.73907464432589154,2,1,-0.019074644325891565,0.71999999999999997,0.73907464432589154,0,-0.71999999999999997,-2.7184932665132702,-1.9984932665132702,,,,
"narrow_multi_obstacle",80,2,1,500,0.000102314,1,0.071181165128855639,0.71999999999999997,0.64881883487114433,2,1,0.071181165128855639,0.71999999999999997,0.64881883487114433,0,-0.71999999999999997,-2.5952959882726705,-1.8752959882726705,,,,
"narrow_multi_obstacle",80,3,1,500,9.9755999999999998e-05,0,-0.71999999999999997,0.18655368521399929,0.90655368521399926,2,0,-0.71999999999999997,0.18655368521399929,0.90655368521399926,1,3.0705191540345913,0.71999999999999997,-2.3505191540345916,,,,
"narrow_multi_obstacle",80,4,2,500,0.00013092400000000001,1,-0.036530467504212405,0.044087588343691531,0.080618055847903936,3,1,-0.036530467504212405,0.044087588343691531,0.080618055847903936,0,-0.71999999999999997,-2.6115198290621322,-1.8915198290621322,2,2.8231029666847141,0.71999999999999997,-2.1031029666847143
"narrow_multi_obstacle",81,0,1,500,0.00010656,0,-0.71999999999999997,0.068633780719487891,0.78863378071948786,2,0,-0.71999999999999997,0.068633780719487891,0.78863378071948786,1,3.0196084741902434,0.71999999999999997,-2.2996084741902436,,,,
"narrow_multi_obstacle",81,1,1,500,0.00011977400000000001,1,0.063599357553236757,0.71999999999999997,0.65640064244676322,2,1,0.063599357553236757,0.71999999999999997,0.65640064244676322,0,-0.71999999999999997,-2.6882999084686414,-1.9682999084686414,,,,
"narrow_multi_obstacle",81,2,2,500,0.00012019399999999999,1,-0.13011695763284004,0.046192220048031363,0.1763091776808714,3,1,-0.13011695763284004,0.046192220048031363,0.1763091776808714,0,-0.71999999999999997,-2.872644764706429,-2.1526447647064293,2,2.9093803448838624,0.71999999999999997,-2.1893803448838627
"narrow_multi_obstacle",81,3,2,500,0.000122466,1,-0.14021760849613463,0.11365933258796979,0.25387694108410441,3,1,-0.14021760849613463,0.11365933258796979,0.25387694108410441,0,-0.71999999999999997,-2.7771569219435492,-2.057156921943549,2,3.007053159997942,0.71999999999999997,-2.2870531599979422
"narrow_multi_obstacle",82,0,1,500,0.00010074,1,-0.041144676362641297,0.71999999999999997,0.76114467636264127,2,1,-0.041144676362641297,0.71999999999999997,0.76114467636264127,0,-0.71999999999999997,-2.7949658152979628,-2.0749658152979631,,,,
"narrow_multi_obstacle",82,1,1,500,0.000101298,0,-0.71999999999999997,0.031686695897723327,0.7516866958977233,2,0,-0.71999999999999997,0.031686695897723327,0.7516866958977233,1,3.0265579576115984,0.71999999999999997,-2.3065579576115987,,,,
"narrow_multi_obstacle",82,2,2,500,0.00012245799999999999,1,0.048843676070911224,0.10455888035657113,0.055715204285659903,3,1,0.048843676070911224,0.10455888035657113,0.055715204285659903,0,-0.71999999999999997,-2.6435700124819768,-1.9235700124819768,2,2.9379516410021727,0.71999999999999997,-2.2179516410021725
"narrow_multi_obstacle",82,3,1,500,0.00010113800000000001,1,0.060527320168529464,0.71999999999999997,0.65947267983147051,2,1,0.060527320168529464,0.71999999999999997,0.65947267983147051,0,-0.71999999999999997,-2.5548593676477438,-1.8348593676477438,,,,
"narrow_multi_obstacle",82,4,1,500,0.000101716,0,-0.71999999999999997,0.042801288527063663,0.76280128852706364,2,0,-0.71999999999999997,0.042801288527063663,0.76280128852706364,1,2.894601548726178,0.71999999999999997,-2.1746015487261783,,,,
"narrow_multi_obstacle",83,0,2,500,0.00011831400000000001,1,0.027743597662625241,0.11827669660881046,0.09053309894618522,3,1,0.027743597662625241,0.11827669660881046,0.09053309894618522,0,-0.71999999999999997,-2.7096072849138313,-1.9896072849138313,2,3.1474058900397881,0.71999999999999997,-2.4274058900397879
"narrow_multi_obstacle",83,1,2,500,0.000121972,1,-0.10552355477683739,0.048969869312554648,0.15449342408939204,3,1,-0.10552355477683739,0.048969869312554648,0.15449342408939204,0,-0.71999999999999997,-2.8350945316587337,-2.115094531658734,2,2.9719173267562304,0.71999999999999997,-2.2519173267562307
"narrow_multi_obstacle",83,2,2,500,0.000123182,1,-0.10503534358457189,0.15900890964567549,0.26404425323024738,3,1,-0.10503534358457189,0.15900890964567549,0.26404425323024738,0,-0.71999999999999997,-2.7936220824712659,-2.0736220824712657,2,3.0747488490953838,0.71999999999999997,-2.3547488490953841
"narrow_multi_obstacle",84,0,2,500,0.000120498,1,-0.0033118913894909507,0.014743563554823869,0.018055454944314819,3,1,-0.0033118913894909507,0.014743563554823869,0.018055454944314819,0,-0.71999999999999997,-2.7358201805275124,-2.0158201805275127,2,3.0180836824988786,0.71999999999999997,-2.2980836824988788
"narrow_multi_obstacle",84,1,2,500,0.00012395200000000001,1,0.0090540453572010016,0.055294454848822117,0.046240409491621115,3,1,0.0090540453572010016,0.055294454848822117,0.046240409491621115,0,-0.71999999999999997,-2.6536645186336822,-1.9336645186336823,2,2.9877786478289785,0.71999999999999997,-2.2677786478289788
"narrow_multi_obstacle",84,2,2,500,0.000118062,1,-0.059797213275389227,0.30612613564519475,0.36592334892058398,3,1,-0.059797213275389227,0.30612613564519475,0.36592334892058398,0,-0.71999999999999997,-2.6325736511615858,-1.9125736511615858,2,3.0653260279093244,0.71999999999999997,-2.3453260279093247
"narrow_multi_obstacle",85,0,1,500,0.00010098,0,-0.71999999999999997,0.087465358993356057,0.80746535899335603,2,0,-0.71999999999999997,0.087465358993356057,0.80746535899335603,1,3.0169816772969948,0.71999999999999997,-2.2969816772969951,,,,
"narrow_multi_obstacle",85,1,1,500,0.00010440800000000001,1,0.018814119266932661,0.71999999999999997,0.70118588073306731,2,1,0.018814119266932661,0.71999999999999997,0.70118588073306731,0,-0.71999999999999997,-2.7174432544440483,-1.9974432544440484,,,,
"narrow_multi_obstacle",85,2,1,500,9.9533999999999999e-05,0,-0.71999999999999997,0.0021580129391214342,0.72215801293912141,2,0,-0.71999999999999997,0.0021580129391214342,0.72215801293912141,1,2.9066379287306932,0.71999999999999997,-2.1866379287306934,,,,
"narrow_multi_obstacle",85,3,1,500,0.000108052,1,0.0045146286344179831,0.71999999999999997,0.71548537136558199,2,1,0.0045146286344179831,0.71999999999999997,0.71548537136558199,0,-0.71999999999999997,-2.7233799071381135,-2.0033799071381138,,,,
"narrow_multi_obstacle",85,4,2,500,0.00012050199999999999,1,-0.18357945325763869,0.17771014834681242,0.36128960160445112,3,1,-0.18357945325763869,0.17771014834681242,0.36128960160445112,0,-0.71999999999999997,-2.8083812983425922,-2.0883812983425925,2,3.0033866689992306,0.71999999999999997,-2.2833866689992304
"narrow_multi_obstacle",86,0,2,500,0.000121586,1,-0.02155266615885032,0.049236698363598119,0.070789364522448439,3,1,-0.02155266615885032,0.049236698363598119,0.070789364522448439,0,-0.71999999999999997,-2.8024758771889404,-2.0824758771889407,2,3.0364742622645022,0.71999999999999997,-2.316474262264502
"narrow_multi_obstacle",86,1,1,500,0.000100504,1,-0.12534794508279079,0.71999999999999997,0.84534794508279076,2,1,-0.12534794508279079,0.71999999999999997,0.84534794508279076,0,-0.71999999999999997,-2.7600432821946526,-2.0400432821946524,,,,
"narrow_multi_obstacle",86,2,1,500,9.8513999999999999e-05,0,-0.71999999999999997,0.040060896117262379,0.76006089611726235,2,0,-0.71999999999999997,0.040060896117262379,0.76006089611726235,1,2.9925682615220381,0.71999999999999997,-2.2725682615220384,,,,
"narrow_multi_obstacle",86,3,1,500,0.00010001999999999999,0,-0.71999999999999997,0.18017245280845873,0.9001724528084587,2,0,-0.71999999999999997,0.18017245280845873,0.9001724528084587,1,2.9509010446330901,0.71999999999999997,-2.2309010446330904,,,,
"narrow_multi_obstacle",86,4,1,500,0.00010168199999999999,1,-0.0038020224270605141,0.71999999999999997,0.72380202242706049,2,1,-0.0038020224270605141,0.71999999999999997,0.72380202242706049,0,-0.71999999999999997,-2.6447499747023269,-1.9247499747023269,,,,
"narrow_multi_obstacle",87,0,2,500,0.000125086,1,-0.012924050003620291,0.1144046952958957,0.12732874529951599,3,1,-0.012924050003620291,0.1144046952958957,0.12732874529951599,0,-0.71999999999999997,-2.7908851319036851,-2.070885131903685,2,3.1164124731347274,0.71999999999999997,-2.3964124731347276
"narrow_multi_obstacle",87,1,1,500,0.00010182,1,0.014403999551851232,0.71999999999999997,0.70559600044814874,2,1,0.014403999551851232,0.71999999999999997,0.70559600044814874,0,-0.71999999999999997,-2.6772761999624302,-1.9572761999624302,,,,
"narrow_multi_obstacle",87,2,1,500,9.9307999999999992e-05,0,-0.71999999999999997,0.057589369535568924,0.7775893695355689,2,0,-0.71999999999999997,0.057589369535568924,0.7775893695355689,1,2.9192024049984666,0.71999999999999997,-2.1992024049984664,,,,
"narrow_multi_obstacle",87,3,2,500,0.00011873400000000001,1,-0.10178192503437722,0.20187114558165731,0.30365307061603453,3,1,-0.10178192503437722,0.20187114558165731,0.30365307061603453,0,-0.71999999999999997,-2.7725613390716051,-2.0525613390716053,2,3.0327270689633821,0.71999999999999997,-2.3127270689633823
"narrow_multi_obstacle",88,0,2,500,0.000119982,1,0.05473310652209129,-0.010352955372415318,-0.065086061894506608,3,1,0.05473310652209129,-0.010352955372415318,-0.065086061894506608,0,-0.71999999999999997,-2.7130648150181464,-1.9930648150181465,2,2.9726628523251435,0.71999999999999997,-2.2526628523251437
"narrow_multi_obstacle",88,1,2,500,0.0001303,1,-0.081933051033629134,0.0070908215980038936,0.089023872631633028,3,1,-0.081933051033629134,0.0070908215980038936,0.089023872631633028,0,-0.71999999999999997,-2.7153880949567353,-1.9953880949567353,2,2.884477715876903,0.71999999999999997,-2.1644777158769033
"narrow_multi_obstacle",88,2,1,500,0.00010734,1,-0.088684601727025303,0.71999999999999997,0.80868460172702528,2,1,-0.088684601727025303,0.71999999999999997,0.80868460172702528,0,-0.71999999999999997,-2.7509568689502268,-2.0309568689502271,,,,
"narrow_multi_obstacle",88,3,1,500,0.00010473399999999999,0,-0.71999999999999997,0.14688819149117549,0.86688819149117546,2,0,-0.71999999999999997,0.14688819149117549,0.86688819149117546,1,2.909127705892443,0.71999999999999997,-2.1891277058924432,,,,
"narrow_multi_obstacle",89,0,2,500,0.000136274,1,0.039087848850588358,-0.045049002851404563,-0.084136851701992921,3,1,0.039087848850588358,-0.045049002851404563,-0.084136851701992921,0,-0.71999999999999997,-2.7556539728362011,-2.0356539728362009,2,2.9308556809953727,0.71999999999999997,-2.2108556809953726
"narrow_multi_obstacle",89,1,2,500,0.00012500200000000001,1,0.037605679199979702,-0.12570775703941051,-0.16331343623939021,3,1,0.037605679199979702,-0.12570775703941051,-0.16331343623939021,0,-0.71999999999999997,-2.6702547830005772,-1.9502547830005772,2,2.8852572251701067,0.71999999999999997,-2.165257225170107
"narrow_multi_obstacle",89,2,1,500,0.000108768,0,-0.71999999999999997,0.17778094273634215,0.89778094273634212,2,0,-0.71999999999999997,0.17778094273634215,0.89778094273634212,1,3.0057744601621508,0.71999999999999997,-2.285774460162151,,,,
"narrow_multi_obstacle",89,3,1,500,0.00010135,1,-0.011891738628263093,0.71999999999999997,0.73189173862826307,2,1,-0.011891738628263093,0.71999999999999997,0.73189173862826307,0,-0.71999999999999997,-2.6958878260245269,-1.9758878260245269,,,,
"narrow_multi_obstacle",90,0,2,500,0.000123724,1,-0.070497627530851981,0.067039868637442712,0.13753749616829469,3,1,-0.070497627530851981,0.067039868637442712,0.13753749616829469,0,-0.71999999999999997,-2.7739220556171951,-2.0539220556171953,2,3.0322383023775923,0.71999999999999997,-2.3122383023775921
"narrow_multi_obstacle",90,1,2,500,0.00011921600000000001,1,-0.045300254357957037,0.066992192646948778,0.11229244700490582,3,1,-0.045300254357957037,0.066992192646948778,0.11229244700490582,0,-0.71999999999999997,-2.7695075056898797,-2.0495075056898795,2,2.9559933414443771,0.71999999999999997,-2.2359933414443773
"narrow_multi_obstacle",90,2,2,500,0.000123786,1,-0.018030309312585757,0.03645979318068604,0.054490102493271797,3,1,-0.018030309312585757,0.03645979318068604,0.054490102493271797,0,-0.71999999999999997,-2.643711800651535,-1.923711800651535,2,2.9194150348324532,0.71999999999999997,-2.1994150348324535
"narrow_multi_obstacle",91,0,1,500,0.00010152199999999999,0,-0.71999999999999997,0.10881669715171172,0.82881669715171169,2,0,-0.71999999999999997,0.10881669715171172,0.82881669715171169,1,3.0116521077392973,0.71999999999999997,-2.2916521077392975,,,,
"narrow_multi_obstacle",91,1,1,500,0.000101284,1,0.038808659305779258,0.71999999999999997,0.68119134069422071,2,1,0.038808659305779258,0.71999999999999997,0.68119134069422071,0,-0.71999999999999997,-2.6529714022008433,-1.9329714022008433,,,,
"narrow_multi_obstacle",91,2,2,500,0.000123938,1,-0.10472886170120321,0.11481686769756871,0.21954572939877193,3,1,-0.10472886170120321,0.11481686769756871,0.21954572939877193,0,-0.71999999999999997,-2.7666031360867454,-2.0466031360867456,2,3.0543565962544035,0.71999999999999997,-2.3343565962544037
"narrow_multi_obstacle",91,3,1,500,0.000100944,0,-0.71999999999999997,0.045641844371938411,0.76564184437193838,2,0,-0.71999999999999997,0.045641844371938411,0.76564184437193838,1,2.9358824068967517,0.71999999999999997,-2.2158824068967515,,,,
"narrow_multi_obstacle",91,4,1,500,0.000101364,1,-0.018650381707632002,0.71999999999999997,0.73865038170763198,2,1,-0.018650381707632002,0.71999999999999997,0.73865038170763198,0,-0.71999999999999997,-2.6814175342056936,-1.9614175342056936,,,,
"narrow_multi_obstacle",92,0,1,500,0.000102036,1,-0.024973476015838214,0.71999999999999997,0.74497347601583819,2,1,-0.024973476015838214,0.71999999999999997,0.74497347601583819,0,-0.71999999999999997,-2.7634109184628732,-2.0434109184628735,,,,
"narrow_multi_obstacle",92,1,1,500,0.000101662,0,-0.71999999999999997,0.012463208014237948,0.73246320801423792,2,0,-0.71999999999999997,0.012463208014237948,0.73246320801423792,1,2.9643666049952264,0.71999999999999997,-2.2443666049952267,,,,
"narrow_multi_obstacle",92,2,2,500,0.00012551000000000001,1,0.049252154812402082,0.058356854929435986,0.0091047001170339037,3,1,0.049252154812402082,0.058356854929435986,0.0091047001170339037,0,-0.71999999999999997,-2.6943309659722439,-1.9743309659722439,2,2.9125311552121205,0.71999999999999997,-2.1925311552121203
"narrow_multi_obstacle",92,3,2,500,0.00012928000000000001,1,-0.1330683168756237,0.17228647481445725,0.30535479169008095,3,1,-0.1330683168756237,0.17228647481445725,0.30535479169008095,0,-0.71999999999999997,-2.7112036811672633,-1.9912036811672633,2,2.9746491819405581,0.71999999999999997,-2.2546491819405583
"narrow_multi_obstacle",93,0,1,500,0.00010076,0,-0.71999999999999997,0.15391734398796753,0.8739173439879675,2,0,-0.71999999999999997,0.15391734398796753,0.8739173439879675,1,3.0424294135985699,0.71999999999999997,-2.3224294135985701,,,,
"narrow_multi_obstacle",93,1,1,500,0.000103022,1,-0.08220215646715201,0.71999999999999997,0.80220215646715198,2,1,-0.08220215646715201,0.71999999999999997,0.80220215646715198,0,-0.71999999999999997,-2.8200738224197135,-2.1000738224197137,,,,
"narrow_multi_obstacle",93,2,1,500,0.00010333199999999999,0,-0.71999999999999997,0.063739664742063606,0.78373966474206358,2,0,-0.71999999999999997,0.063739664742063606,0.78373966474206358,1,3.0176356344643875,0.71999999999999997,-2.2976356344643873,,,,
"narrow_multi_obstacle",93,3,1,500,0.00010092800000000001,1,-0.11768025478820832,0.71999999999999997,0.83768025478820829,2,1,-0.11768025478820832,0.71999999999999997,0.83768025478820829,0,-0.71999999999999997,-2.8113660561658049,-2.0913660561658052,,,,
"narrow_multi_obstacle",93,4,2,500,0.00011919,1,-0.0025622575850108298,0.01729500448257415,0.01985726206758498,3,1,-0.0025622575850108298,0.01729500448257415,0.01985726206758498,0,-0.71999999999999997,-2.6210770813184641,-1.9010770813184641,2,2.8911704717860922,0.71999999999999997,-2.171170471786092
"narrow_multi_obstacle",94,0,1,500,0.00010114399999999999,1,0.067795490257674507,0.71999999999999997,0.65220450974232547,2,1,0.067795490257674507,0.71999999999999997,0.65220450974232547,0,-0.71999999999999997,-2.6412257128591436,-1.9212257128591437,,,,
"narrow_multi_obstacle",94,1,1,500,0.000101394,0,-0.71999999999999997,0.034180274266172983,0.75418027426617296,2,0,-0.71999999999999997,0.034180274266172983,0.75418027426617296,1,2.9595582817125807,0.71999999999999997,-2.239558281712581,,,,
"narrow_multi_obstacle",94,2,2,500,0.000122012,1,0.093319993023741388,0.15002142588366318,0.056701432859921796,3,1,0.093319993023741388,0.15002142588366318,0.056701432859921796,0,-0.71999999999999997,-2.5630167660645951,-1.8430167660645951,2,2.9849564280496979,0.71999999999999997,-2.2649564280496977
"narrow_multi_obstacle",94,3,2,500,0.000119566,1,-0.06474131605585276,0.21651842730780713,0.28125974336365989,3,1,-0.06474131605585276,0.21651842730780713,0.28125974336365989,0,-0.71999999999999997,-2.6851434254345974,-1.9651434254345974,2,3.0247887740848385,0.71999999999999997,-2.3047887740848383
"narrow_multi_obstacle",95,0,1,500,0.00010188999999999999,0,-0.71999999999999997,0.16268677032362233,0.88268677032362231,2,0,-0.71999999999999997,0.16268677032362233,0.88268677032362231,1,3.1272034623105318,0.71999999999999997,-2.4072034623105321,,,,
"narrow_multi_obstacle",95,1,1,500,0.000104366,1,0.0049067422375743686,0.71999999999999997,0.7150932577624256,2,1,0.0049067422375743686,0.71999999999999997,0.7150932577624256,0,-0.71999999999999997,-2.7331911986627757,-2.013191198662776,,,,
"narrow_multi_obstacle",95,2,2,500,0.00012936800000000001,1,-0.05784737035334131,0.029635484808270718,0.087482855161612028,3,1,-0.05784737035334131,0.029635484808270718,0.087482855161612028,0,-0.71999999999999997,-2.7656211132698374,-2.0456211132698376,2,2.9560106125809642,0.71999999999999997,-2.236010612580964
"narrow_multi_obstacle",95,3,2,500,0.00012139,1,-0.13926659973036459,0.16465513871605597,0.30392173844642056,3,1,-0.13926659973036459,0.16465513871605597,0.30392173844642056,0,-0.71999999999999997,-2.702475129130415,-1.982475129130415,2,2.9135336158024954,0.71999999999999997,-2.1935336158024956
"narrow_multi_obstacle",96,0,2,500,0.00011907400000000001,1,-0.075159948282719435,-0.057983403018235791,0.017176545264483645,3,1,-0.075159948282719435,-0.057983403018235791,0.017176545264483645,0,-0.71999999999999997,-2.8351056598190603,-2.1151056598190605,2,2.9589384254933671,0.71999999999999997,-2.2389384254933669
"narrow_multi_obstacle",96,1,1,500,0.000100072,1,-0.080449483751145356,0.71999999999999997,0.80044948375114533,2,1,-0.080449483751145356,0.71999999999999997,0.80044948375114533,0,-0.71999999999999997,-2.8183672355865852,-2.0983672355865854,,,,
"narrow_multi_obstacle",96,2,1,500,0.00010118199999999999,0,-0.71999999999999997,-0.0027358711696072735,0.7172641288303927,2,0,-0.71999999999999997,-0.0027358711696072735,0.7172641288303927,1,2.9507109353381562,0.71999999999999997,-2.2307109353381565,,,,
"narrow_multi_obstacle",96,3,1,500,0.000100578,1,-0.17797846115592431,0.71999999999999997,0.89797846115592428,2,1,-0.17797846115592431,0.71999999999999997,0.89797846115592428,0,-0.71999999999999997,-2.8786689545370159,-2.1586689545370161,,,,
"narrow_multi_obstacle",96,4,1,500,0.00010112000000000001,0,-0.71999999999999997,0.15640153255490241,0.87640153255490238,2,0,-0.71999999999999997,0.15640153255490241,0.87640153255490238,1,3.0197755329987324,0.71999999999999997,-2.2997755329987326,,,,
"narrow_multi_obstacle",97,0,1,500,0.000100628,1,-0.088540501375163227,0.71999999999999997,0.8085405013751632,2,1,-0.088540501375163227,0.71999999999999997,0.8085405013751632,0,-0.71999999999999997,-2.8182241693104251,-2.0982241693104253,,,,
"narrow_multi_obstacle",97,1,1,500,0.000104008,0,-0.71999999999999997,0.099486751628939274,0.81948675162893925,2,0,-0.71999999999999997,0.099486751628939274,0.81948675162893925,1,3.0861070645034365,0.71999999999999997,-2.3661070645034368,,,,
"narrow_multi_obstacle",97,2,2,500,0.00012265600000000001,1,-0.10004677482415159,0.052233925887250177,0.15228070071140176,3,1,-0.10004677482415159,0.052233925887250177,0.15228070071140176,0,-0.71999999999999997,-2.8457921481456872,-2.1257921481456874,2,2.9840243498405106,0.71999999999999997,-2.2640243498405104
"narrow_multi_obstacle",97,3,1,500,0.00010091999999999999,0,-0.71999999999999997,0.06786884816498806,0.78786884816498803,2,0,-0.71999999999999997,0.06786884816498806,0.78786884816498803,1,2.9496348874889016,0.71999999999999997,-2.2296348874889018,,,,
"narrow_multi_obstacle",97,4,1,500,9.9309999999999996e-05,1,-0.11450029229244918,0.71999999999999997,0.83450029229244915,2,1,-0.11450029229244918,0.71999999999999997,0.83450029229244915,0,-0.71999999999999997,-2.7787164153802912,-2.0587164153802915,,,,
"narrow_multi_obstacle",98,0,2,500,0.00012318800000000001,1,-0.1302638565373746,0.19896900798114703,0.32923286451852163,3,1,-0.1302638565373746,0.19896900798114703,0.32923286451852163,0,-0.71999999999999997,-2.8334609595590106,-2.1134609595590108,2,3.153964688957859,0.71999999999999997,-2.4339646889578592
"narrow_multi_obstacle",98,1,2,500,0.00011982,1,-0.034714943617037086,0.18492195251093002,0.21963689612796711,3,1,-0.034714943617037086,0.18492195251093002,0.21963689612796711,0,-0.71999999999999997,-2.727001921081917,-2.0070019210819172,2,3.0603261775139154,0.71999999999999997,-2.3403261775139157
"narrow_multi_obstacle",98,2,1,500,0.000102076,0,-0.71999999999999997,0.095633003099550917,0.81563300309955089,2,0,-0.71999999999999997,0.095633003099550917,0.81563300309955089,1,2.9826411798439496,0.71999999999999997,-2.2626411798439499,,,,
"narrow_multi_obstacle",98,3,1,500,0.000101512,1,-0.019390277036897441,0.71999999999999997,0.73939027703689741,2,1,-0.019390277036897441,0.71999999999999997,0.73939027703689741,0,-0.71999999999999997,-2.6769477249193532,-1.9569477249193532,,,,
"narrow_multi_obstacle",99,0,1,500,0.00010156,0,-0.71999999999999997,0.13365066176778129,0.85365066176778126,2,0,-0.71999999999999997,0.13365066176778129,0.85365066176778126,1,3.0146136864735213,0.71999999999999997,-2.2946136864735216,,,,
"narrow_multi_obstacle",99,1,1,500,0.00010098999999999999,1,-0.013440899129611328,0.71999999999999997,0.7334408991296113,2,1,-0.013440899129611328,0.71999999999999997,0.7334408991296113,0,-0.71999999999999997,-2.7717657225392927,-2.0517657225392929,,,,
"narrow_multi_obstacle",99,2,2,500,0.00011805400000000001,1,-0.043488394890210502,0.083096599071043942,0.12658499396125444,3,1,-0.043488394890210502,0.083096599071043942,0.12658499396125444,0,-0.71999999999999997,-2.7732581366308624,-2.0532581366308627,2,2.9732600922674548,0.71999999999999997,-2.2532600922674551
"narrow_multi_obstacle",99,3,2,500,0.00012196,1,-0.044952198464704551,0.22141203956854105,0.2663642380332456,3,1,-0.044952198464704551,0.22141203956854105,0.2663642380332456,0,-0.71999999999999997,-2.5970459151071936,-1.8770459151071937,2,3.0264506420704311,0.71999999999999997,-2.3064506420704314
"narrow_multi_obstacle",100,0,1,500,0.000100064,0,-0.71999999999999997,0.07508008001852029,0.79508008001852026,2,0,-0.71999999999999997,0.07508008001852029,0.79508008001852026,1,2.9886213086114619,0.71999999999999997,-2.2686213086114622,,,,
"narrow_multi_obstacle",100,1,1,500,0.000101296,1,-0.011223107170002633,0.71999999999999997,0.73122310717000261,2,1,-0.011223107170002633,0.71999999999999997,0.73122310717000261,0,-0.71999999999999997,-2.712668631159068,-1.992668631159068,,,,
"narrow_multi_obstacle",100,2,2,500,0.000123912,1,-0.031950958740112112,0.076175593409422593,0.1081265521495347,3,1,-0.031950958740112112,0.076175593409422593,0.1081265521495347,0,-0.71999999999999997,-2.7611148083012917,-2.041114808301292,2,2.9570302255962728,0.71999999999999997,-2.2370302255962731
"narrow_multi_obstacle",100,3,2,500,0.000118714,1,-0.079461553652465877,0.15724371104488322,0.23670526469734909,3,1,-0.079461553652465877,0.15724371104488322,0.23670526469734909,0,-0.71999999999999997,-2.6958282738311246,-1.9758282738311246,2,3.0440024544917357,0.71999999999999997,-2.3240024544917359
"narrow_multi_obstacle",101,0,2,500,0.000118478,1,-0.043535354521547109,-0.045965773511360331,-0.0024304189898132211,3,1,-0.043535354521547109,-0.045965773511360331,-0.0024304189898132211,0,-0.71999999999999997,-2.8316077201021477,-2.1116077201021479,2,2.9283943770097443,0.71999999999999997,-2.2083943770097445
"narrow_multi_obstacle",101,1,2,500,0.00012535399999999999,1,-0.072137616573842545,0.0085140404202372899,0.080651656994079834,3,1,-0.072137616573842545,0.0085140404202372899,0.080651656994079834,0,-0.71999999999999997,-2.8440060938244418,-2.1240060938244421,2,3.0203562332194531,0.71999999999999997,-2.3003562332194534
"narrow_multi_obstacle",101,2,2,500,0.000121178,1,-0.00042649705310249253,0.12536366531836918,0.12579016237147167,3,1,-0.00042649705310249253,0.12536366531836918,0.12579016237147167,0,-0.71999999999999997,-2.7107607555888595,-1.9907607555888596,2,2.9287470107012332,0.71999999999999997,-2.2087470107012335
"narrow_multi_obstacle",102,0,1,500,9.9504000000000001e-05,0,-0.71999999999999997,0.14940602133999459,0.86940602133999456,2,0,-0.71999999999999997,0.14940602133999459,0.86940602133999456,1,3.0687072398286008,0.71999999999999997,-2.3487072398286006,,,,
"narrow_multi_obstacle",102,1,1,500,0.000102322,1,0.048395973565022787,0.71999999999999997,0.67160402643497719,2,1,0.048395973565022787,0.71999999999999997,0.67160402643497719,0,-0.71999999999999997,-2.7099294171155819,-1.9899294171155819,,,,
"narrow_multi_obstacle",102,2,1,500,0.000103934,0,-0.71999999999999997,0.057052190930386271,0.77705219093038624,2,0,-0.71999999999999997,0.057052190930386271,0.77705219093038624,1,3.0093787827157485,0.71999999999999997,-2.2893787827157484,,,,
"narrow_multi_obstacle",102,3,1,500,0.000107142,1,0.054260458495849484,0.71999999999999997,0.66573954150415049,2,1,0.054260458495849484,0.71999999999999997,0.66573954150415049,0,-0.71999999999999997,-2.6247543986573074,-1.9047543986573074,,,,
"narrow_multi_obstacle",102,4,1,500,0.00010288799999999999,1,-0.0033424928435521473,0.71999999999999997,0.72334249284355212,2,1,-0.0033424928435521473,0.71999999999999997,0.72334249284355212,0,-0.71999999999999997,-2.6778822562061642,-1.9578822562061642,,,,
"narrow_multi_obstacle",102,5,1,500,0.000103034,0,-0.71999999999999997,0.076765206050357637,0.79676520605035761,2,0,-0.71999999999999997,0.076765206050357637,0.79676520605035761,1,2.9838196841909674,0.71999999999999997,-2.2638196841909677,,,,
"narrow_multi_obstacle",103,0,1,500,0.000102106,1,0.087243566309234799,0.71999999999999997,0.63275643369076517,2,1,0.087243566309234799,0.71999999999999997,0.63275643369076517,0,-0.71999999999999997,-2.6402347131673256,-1.9202347131673256,,,,
"narrow_multi_obstacle",103,1,1,500,0.00010297000000000001,0,-0.71999999999999997,0.16841689086415457,0.88841689086415454,2,0,-0.71999999999999997,0.16841689086415457,0.88841689086415454,1,3.0356404828672465,0.71999999999999997,-2.3156404828672468,,,,
"narrow_multi_obstacle",103,2,2,500,0.000119622,1,0.066512352609870096,0.11661254879076011,0.050100196180890011,3,1,0.066512352609870096,0.11661254879076011,0.050100196180890011,0,-0.71999999999999997,-2.6307383715166828,-1.9107383715166828,2,3.0344136978175982,0.71999999999999997,-2.3144136978175984
"narrow_multi_obstacle",103,3,2,500,0.00012128,1,-0.029166815051289596,0.18466859188560547,0.21383540693689507,3,1,-0.029166815051289596,0.18466859188560547,0.21383540693689507,0,-0.71999999999999997,-2.600757177394585,-1.880757177394585,2,3.0263587933434675,0.71999999999999997,-2.3063587933434677
"narrow_multi_obstacle",104,0,2,500,0.000120908,1,0.0048727354436528536,0.11882682508376097,0.11395408964010811,3,1,0.0048727354436528536,0.11882682508376097,0.11395408964010811,0,-0.71999999999999997,-2.7826367187203962,-2.0626367187203964,2,3.0568027759308629,0.71999999999999997,-2.3368027759308632
"narrow_multi_obstacle",104,1,1,500,0.000101362,1,-0.015174655089424727,0.71999999999999997,0.7351746550894247,2,1,-0.015174655089424727,0.71999999999999997,0.7351746550894247,0,-0.71999999999999997,-2.7025385829585611,-1.9825385829585611,,,,
"narrow_multi_obstacle",104,2,1,500,0.000102304,0,-0.71999999999999997,0.15693250349628585,0.87693250349628582,2,0,-0.71999999999999997,0.15693250349628585,0.87693250349628582,1,3.0470031506565691,0.71999999999999997,-2.3270031506565694,,,,
"narrow_multi_obstacle",104,3,1,500,0.000101568,1,-0.11302639084571764,0.71999999999999997,0.83302639084571761,2,1,-0.11302639084571764,0.71999999999999997,0.83302639084571761,0,-0.71999999999999997,-2.7659450554805787,-2.0459450554805789,,,,
"narrow_multi_obstacle",104,4,1,500,0.000102082,0,-0.71999999999999997,0.14710075595422567,0.86710075595422564,2,0,-0.71999999999999997,0.14710075595422567,0.86710075595422564,1,3.0339084633508557,0.71999999999999997,-2.313908463350856,,,,
"narrow_multi_obstacle",105,0,2,500,0.000123604,1,0.030799219040850812,0.0027396847056848639,-0.028059534335165948,3,1,0.030799219040850812,0.0027396847056848639,-0.028059534335165948,0,-0.71999999999999997,-2.7274439021009829,-2.0074439021009827,2,2.9138613374349536,0.71999999999999997,-2.1938613374349538
"narrow_multi_obstacle",105,1,2,500,0.00012147199999999999,1,-0.075294853702674081,0.079887889638504017,0.1551827433411781,3,1,-0.075294853702674081,0.079887889638504017,0.1551827433411781,0,-0.71999999999999997,-2.7678546835641233,-2.0478546835641236,2,3.0305022392728955,0.71999999999999997,-2.3105022392728953
"narrow_multi_obstacle",105,2,2,500,0.00012193800000000001,1,0.039737092475428559,0.040966434483917791,0.0012293420084892315,3,1,0.039737092475428559,0.040966434483917791,0.0012293420084892315,0,-0.71999999999999997,-2.6152908767232521,-1.8952908767232521,2,2.9433816999589331,0.71999999999999997,-2.2233816999589333
"narrow_multi_obstacle",106,0,2,500,0.000119616,1,-0.017181802375382027,0.066769282146588838,0.083951084521970865,3,1,-0.017181802375382027,0.066769282146588838,0.083951084521970865,0,-0.71999999999999997,-2.6991680448412811,-1.9791680448412812,2,2.9728610450070034,0.71999999999999997,-2.2528610450070037
"narrow_multi_obstacle",106,1,1,500,0.00010066,1,-0.071384480507330261,0.71999999999999997,0.79138448050733023,2,1,-0.071384480507330261,0.71999999999999997,0.79138448050733023,0,-0.71999999999999997,-2.7514916436335817,-2.0314916436335819,,,,
"narrow_multi_obstacle",106,2,1,500,0.00010115399999999999,0,-0.71999999999999997,-0.0015178353645135534,0.71848216463548642,2,0,-0.71999999999999997,-0.0015178353645135534,0.71848216463548642,1,2.9439067557164194,0.71999999999999997,-2.2239067557164196,,,,
"narrow_multi_obstacle",106,3,2,500,0.00012248199999999998,1,0.030240271164466703,0.12674155137555054,0.09650128021108384,3,1,0.030240271164466703,0.12674155137555054,0.09650128021108384,0,-0.71999999999999997,-2.5572226321954705,-1.8372226321954706,2,2.9801874448532186,0.71999999999999997,-2.2601874448532184
"narrow_multi_obstacle",107,0,1,500,0.000101654,0,-0.71999999999999997,0.097058074962209862,0.81705807496220983,2,0,-0.71999999999999997,0.097058074962209862,0.81705807496220983,1,3.023796646536173,0.71999999999999997,-2.3037966465361732,,,,
"narrow_multi_obstacle",107,1,1,500,0.00010076200000000001,1,-0.11210084498147888,0.71999999999999997,0.83210084498147885,2,1,-0.11210084498147888,0.71999999999999997,0.83210084498147885,0,-0.71999999999999997,-2.8807929140281314,-2.1607929140281312,,,,
"narrow_multi_obstacle",107,2,1,500,9.6231999999999996e-05,1,-0.092961175021199827,0.71999999999999997,0.8129611750211998,2,1,-0.092961175021199827,0.71999999999999997,0.8129611750211998,0,-0.71999999999999997,-2.7138808806769052,-1.9938808806769053,,,,
"narrow_multi_obstacle",107,3,1,500,0.00010184400000000001,0,-0.71999999999999997,0.16706839886036473,0.8870683988603647,2,0,-0.71999999999999997,0.16706839886036473,0.8870683988603647,1,3.01833958636393,0.71999999999999997,-2.2983395863639302,,,,
"narrow_multi_obstacle",107,4,2,500,0.000118572,1,-0.09050264202892544,0.14440193824712977,0.23490458027605521,3,1,-0.09050264202892544,0.14440193824712977,0.23490458027605521,0,-0.71999999999999997,-2.7134824062005198,-1.9934824062005199,2,3.007282883169978,0.71999999999999997,-2.2872828831699783
"narrow_multi_obstacle",108,0,2,500,0.000121196,1,0.025327926628700981,0.0052593908266485023,-0.020068535802052478,3,1,0.025327926628700981,0.0052593908266485023,-0.020068535802052478,0,-0.71999999999999997,-2.7398297400659208,-2.0198297400659211,2,3.0020178465468983,0.71999999999999997,-2.2820178465468981
"narrow_multi_obstacle",108,1,1,500,0.00010133599999999999,0,-0.71999999999999997,0.040369122371907595,0.76036912237190757,2,0,-0.71999999999999997,0.040369122371907595,0.76036912237190757,1,2.9914013432030879,0.71999999999999997,-2.2714013432030882,,,,
"narrow_multi_obstacle",108,2,1,500,0.000101356,1,-0.0097889599656719728,0.71999999999999997,0.72978895996567195,2,1,-0.0097889599656719728,0.71999999999999997,0.72978895996567195,0,-0.71999999999999997,-2.6633764731048171,-1.9433764731048171,,,,
"narrow_multi_obstacle",108,3,2,500,0.00012230800000000001,1,-0.049677746880439466,0.073358812045281718,0.12303655892572118,3,1,-0.049677746880439466,0.073358812045281718,0.12303655892572118,0,-0.71999999999999997,-2.7028189457254506,-1.9828189457254506,2,2.97582963610681,0.71999999999999997,-2.2558296361068102
"narrow_multi_obstacle",109,0,2,500,0.000121346,1,-0.05379805113389291,0.09919494499188608,0.15299299612577899,3,1,-0.05379805113389291,0.09919494499188608,0.15299299612577899,0,-0.71999999999999997,-2.7986437149518055,-2.0786437149518058,2,3.0058607395080106,0.71999999999999997,-2.2858607395080108
"narrow_multi_obstacle",109,1,2,500,0.00012174400000000001,1,-0.019181474709484503,0.16944678473231578,0.18862825944180028,3,1,-0.019181474709484503,0.16944678473231578,0.18862825944180028,0,-0.71999999999999997,-2.6909559383599708,-1.9709559383599708,2,3.0639841722682495,0.71999999999999997,-2.3439841722682493
"narrow_multi_obstacle",109,2,2,500,0.00013340199999999999,1,-0.15270146097562298,0.033345936574645352,0.18604739755026833,3,1,-0.15270146097562298,0.033345936574645352,0.18604739755026833,0,-0.71999999999999997,-2.7922025137118327,-2.0722025137118329,2,2.858972341572513,0.71999999999999997,-2.1389723415725133
"narrow_multi_obstacle",110,0,2,500,0.00013161600000000001,1,-0.061897651173490109,-0.014315802765917596,0.047581848407572513,3,1,-0.061897651173490109,-0.014315802765917596,0.047581848407572513,0,-0.71999999999999997,-2.7775598936906274,-2.0575598936906276,2,2.9152982822998545,0.71999999999999997,-2.1952982822998548
"narrow_multi_obstacle",110,1,1,500,0.00010058200000000001,1,-0.051920559358815455,0.71999999999999997,0.77192055935881543,2,1,-0.051920559358815455,0.71999999999999997,0.77192055935881543,0,-0.71999999999999997,-2.8050635371214749,-2.0850635371214752,,,,
"narrow_multi_obstacle",110,2,1,500,0.00010317800000000001,0,-0.71999999999999997,0.023336011948982494,0.74333601194898247,2,0,-0.71999999999999997,0.023336011948982494,0.74333601194898247,1,2.9317380257111685,0.71999999999999997,-2.2117380257111687,,,,
"narrow_multi_obstacle",110,3,1,500,0.000100232,0,-0.71999999999999997,0.13474509837735127,0.85474509837735124,2,0,-0.71999999999999997,0.13474509837735127,0.85474509837735124,1,3.065227331252022,0.71999999999999997,-2.3452273312520218,,,,
"narrow_multi_obstacle",110,4,1,500,0.00010478400000000001,1,-0.058119194096774907,0.71999999999999997,0.77811919409677488,2,1,-0.058119194096774907,0.71999999999999997,0.77811919409677488,0,-0.71999999999999997,-2.6597317128093652,-1.9397317128093652,,,,
"narrow_multi_obstacle",111,0,1,500,0.00010190000000000001,0,-0.71999999999999997,0.11908826375787362,0.8390882637578736,2,0,-0.71999999999999997,0.11908826375787362,0.8390882637578736,1,3.0414294989427235,0.71999999999999997,-2.3214294989427238,,,,
"narrow_multi_obstacle",111,1,1,500,0.00010109999999999999,1,-0.0019646929199235164,0.71999999999999997,0.72196469291992349,2,1,-0.0019646929199235164,0.71999999999999997,0.72196469291992349,0,-0.71999999999999997,-2.7604230121310449,-2.0404230121310452,,,,
"narrow_multi_obstacle",111,2,2,500,0.00012274200000000001,1,-0.044744251455961725,0.1845783488547672,0.22932260031072893,3,1,-0.044744251455961725,0.1845783488547672,0.22932260031072893,0,-0.71999999999999997,-2.773568366963147,-2.0535683669631473,2,3.1155618646636389,0.71999999999999997,-2.3955618646636392
"narrow_multi_obstacle",111,3,1,500,0.00010014199999999999,1,-0.065616674785913709,0.71999999999999997,0.78561667478591368,2,1,-0.065616674785913709,0.71999999999999997,0.78561667478591368,0,-0.71999999999999997,-2.7085787370800665,-1.9885787370800665,,,,
"narrow_multi_obstacle",111,4,1,500,0.000100536,0,-0.71999999999999997,0.060723690999762603,0.78072369099976258,2,0,-0.71999999999999997,0.060723690999762603,0.78072369099976258,1,2.8381451817527594,0.71999999999999997,-2.1181451817527597,,,,
"narrow_multi_obstacle",112,0,2,500,0.00012618800000000001,1,-0.035131149626198566,-0.012054994372709515,0.02307615525348905,3,1,-0.035131149626198566,-0.012054994372709515,0.02307615525348905,0,-0.71999999999999997,-2.8314642080578531,-2.1114642080578534,2,3.0088483990031443,0.71999999999999997,-2.2888483990031441
"narrow_multi_obstacle",112,1,2,500,0.00012260799999999999,1,0.11098326122198454,0.16012541460562035,0.049142153383635812,3,1,0.11098326122198454,0.16012541460562035,0.049142153383635812,0,-0.71999999999999997,-2.6278423072643089,-1.9078423072643089,2,3.0327004528301877,0.71999999999999997,-2.312700452830188
"narrow_multi_obstacle",112,2,2,500,0.000122982,1,-0.05087667238520166,0.0838467305649373,0.13472340295013896,3,1,-0.05087667238520166,0.0838467305649373,0.13472340295013896,0,-0.71999999999999997,-2.7427005495203218,-2.0227005495203221,2,2.9630122833837671,0.71999999999999997,-2.2430122833837673
"narrow_multi_obstacle",113,0,1,500,9.7930000000000006e-05,0,-0.71999999999999997,0.077973879326834528,0.7979738793268345,2,0,-0.71999999999999997,0.077973879326834528,0.7979738793268345,1,3.0838646887818086,0.71999999999999997,-2.3638646887818089,,,,
"narrow_multi_obstacle",113,1,1,500,9.6077999999999997e-05,1,-0.0058339710083694651,0.71999999999999997,0.72583397100836944,2,1,-0.0058339710083694651,0.71999999999999997,0.72583397100836944,0,-0.71999999999999997,-2.7675739215452886,-2.0475739215452888,,,,
"narrow_multi_obstacle",113,2,2,500,0.000121802,1,0.058418535227847901,-0.018418792107478099,-0.076837327335326,3,1,0.058418535227847901,-0.018418792107478099,-0.076837327335326,0,-0.71999999999999997,-2.693722368802332,-1.973722368802332,2,2.9552253817949641,0.71999999999999997,-2.2352253817949643
"narrow_multi_obstacle",113,3,1,500,0.00010302400000000001,1,0.031907125845440643,0.71999999999999997,0.68809287415455933,2,1,0.031907125845440643,0.71999999999999997,0.68809287415455933,0,-0.71999999999999997,-2.6933293019957145,-1.9733293019957145,,,,
"narrow_multi_obstacle",113,4,1,500,0.000102228,0,-0.71999999999999997,0.23794614938705227,0.95794614938705225,2,0,-0.71999999999999997,0.23794614938705227,0.95794614938705225,1,3.0566705297244985,0.71999999999999997,-2.3366705297244987,,,,
"narrow_multi_obstacle",114,0,1,500,0.000105608,1,-0.11797934001938071,0.71999999999999997,0.83797934001938068,2,1,-0.11797934001938071,0.71999999999999997,0.83797934001938068,0,-0.71999999999999997,-2.8986970566345103,-2.1786970566345101,,,,
"narrow_multi_obstacle",114,1,1,500,0.000103626,0,-0.71999999999999997,0.080501266532204907,0.80050126653220488,2,0,-0.71999999999999997,0.080501266532204907,0.80050126653220488,1,3.0488235977125697,0.71999999999999997,-2.32882359771257,,,,
"narrow_multi_obstacle",114,2,2,500,0.00012999800000000001,1,0.092239688110133944,0.19033346061225198,0.098093772502118037,3,1,0.092239688110133944,0.19033346061225198,0.098093772502118037,0,-0.71999999999999997,-2.5644789282931528,-1.8444789282931529,2,3.0274122085859378,0.71999999999999997,-2.3074122085859381
"narrow_multi_obstacle",114,3,2,500,0.00013065599999999999,1,-0.090463372218151594,0.28712365281833385,0.37758702503648545,3,1,-0.090463372218151594,0.28712365281833385,0.37758702503648545,0,-0.71999999999999997,-2.7129007304385433,-1.9929007304385433,2,3.0649835092054585,0.71999999999999997,-2.3449835092054583
"narrow_multi_obstacle",115,0,1,500,0.000107088,1,0.022588960636910516,0.71999999999999997,0.69741103936308946,2,1,0.022588960636910516,0.71999999999999997,0.69741103936308946,0,-0.71999999999999997,-2.7085653531377174,-1.9885653531377174,,,,
"narrow_multi_obstacle",115,1,1,500,0.000107178,0,-0.71999999999999997,0.14531362071115117,0.86531362071115114,2,0,-0.71999999999999997,0.14531362071115117,0.86531362071115114,1,3.0301853510374261,0.71999999999999997,-2.3101853510374264,,,,
"narrow_multi_obstacle",115,2,1,500,0.000102266,1,-0.007098687690642258,0.71999999999999997,0.72709868769064223,2,1,-0.007098687690642258,0.71999999999999997,0.72709868769064223,0,-0.71999999999999997,-2.7089003367582549,-1.9889003367582549,,,,
"narrow_multi_obstacle",115,3,1,500,0.00010162599999999999,0,-0.71999999999999997,0.026985482536226346,0.74698548253622632,2,0,-0.71999999999999997,0.026985482536226346,0.74698548253622632,1,2.9529575532303345,0.71999999999999997,-2.2329575532303343,,,,
"narrow_multi_obstacle",115,4,1,500,0.000100568,1,-0.02645074556372351,0.71999999999999997,0.74645074556372348,2,1,-0.02645074556372351,0.71999999999999997,0.74645074556372348,0,-0.71999999999999997,-2.6599739313521598,-1.9399739313521598,,,,
"narrow_multi_obstacle",115,5,1,500,0.00010431600000000001,0,-0.71999999999999997,0.20759511724465152,0.92759511724465149,2,0,-0.71999999999999997,0.20759511724465152,0.92759511724465149,1,2.9489436815295189,0.71999999999999997,-2.2289436815295192,,,,
"narrow_multi_obstacle",116,0,2,500,0.00012977,1,0.055079711856544478,0.0042597587223733857,-0.050819953134171092,3,1,0.055079711856544478,0.0042597587223733857,-0.050819953134171092,0,-0.71999999999999997,-2.7376473598720112,-2.0176473598720115,2,2.9686161332206114,0.71999999999999997,-2.2486161332206116
"narrow_multi_obstacle",116,1,1,500,0.00011180800000000001,0,-0.71999999999999997,0.06397403100152621,0.78397403100152618,2,0,-0.71999999999999997,0.06397403100152621,0.78397403100152618,1,3.0404605011273445,0.71999999999999997,-2.3204605011273447,,,,
"narrow_multi_obstacle",116,2,1,500,0.00010513200000000001,1,-0.075541301464026045,0.71999999999999997,0.79554130146402602,2,1,-0.075541301464026045,0.71999999999999997,0.79554130146402602,0,-0.71999999999999997,-2.7727922956522524,-2.0527922956522522,,,,
"narrow_multi_obstacle",116,3,1,500,0.000106636,1,0.0070640567316366809,0.71999999999999997,0.71293594326836329,2,1,0.0070640567316366809,0.71999999999999997,0.71293594326836329,0,-0.71999999999999997,-2.6078861575983483,-1.8878861575983483,,,,
"narrow_multi_obstacle",116,4,1,500,0.00010082199999999999,0,-0.71999999999999997,0.099984709374840941,0.81998470937484091,2,0,-0.71999999999999997,0.099984709374840941,0.81998470937484091,1,2.9740649487357986,0.71999999999999997,-2.2540649487357989,,,,
"narrow_multi_obstacle",117,0,2,500,0.00012199,1,-0.10733934870604567,0.036886248686417211,0.14422559739246288,3,1,-0.10733934870604567,0.036886248686417211,0.14422559739246288,0,-0.71999999999999997,-2.8456939574777627,-2.1256939574777629,2,2.9165779457776888,0.71999999999999997,-2.1965779457776886
"narrow_multi_obstacle",117,1,1,500,0.00010083599999999999,0,-0.71999999999999997,0.14495159414883929,0.86495159414883926,2,0,-0.71999999999999997,0.14495159414883929,0.86495159414883926,1,3.0277429103347915,0.71999999999999997,-2.3077429103347917,,,,
"narrow_multi_obstacle",117,2,1,500,0.00010075000000000001,1,-0.14482399504738996,0.71999999999999997,0.86482399504738994,2,1,-0.14482399504738996,0.71999999999999997,0.86482399504738994,0,-0.71999999999999997,-2.8266527328167843,-2.1066527328167846,,,,
"narrow_multi_obstacle",117,3,1,500,0.000104706,0,-0.71999999999999997,0.21991656487140854,0.93991656487140851,2,0,-0.71999999999999997,0.21991656487140854,0.93991656487140851,1,2.9743618318093343,0.71999999999999997,-2.2543618318093346,,,,
"narrow_multi_obstacle",117,4,1,500,0.000101022,1,-0.1778680920550797,0.71999999999999997,0.89786809205507967,2,1,-0.1778680920550797,0.71999999999999997,0.89786809205507967,0,-0.71999999999999997,-2.7383864325618408,-2.018386432561841,,,,
"narrow_multi_obstacle",118,0,2,500,0.00011852999999999999,1,-0.090285636991378482,0.027730110009652087,0.11801574700103057,3,1,-0.090285636991378482,0.027730110009652087,0.11801574700103057,0,-0.71999999999999997,-2.8348616019856516,-2.1148616019856519,2,3.0222904329943723,0.71999999999999997,-2.3022904329943721
"narrow_multi_obstacle",118,1,1,500,0.00010096,0,-0.71999999999999997,0.045287532654742835,0.76528753265474281,2,0,-0.71999999999999997,0.045287532654742835,0.76528753265474281,1,2.9175914110041914,0.71999999999999997,-2.1975914110041916,,,,
"narrow_multi_obstacle",118,2,1,500,0.00010098,1,-0.028101081730473876,0.71999999999999997,0.74810108173047385,2,1,-0.028101081730473876,0.71999999999999997,0.74810108173047385,0,-0.71999999999999997,-2.6905861697412869,-1.970586169741287,,,,
"narrow_multi_obstacle",118,3,1,500,0.00010155599999999999,0,-0.71999999999999997,0.1707820587122213,0.89078205871222127,2,0,-0.71999999999999997,0.1707820587122213,0.89078205871222127,1,2.9906498981350649,0.71999999999999997,-2.2706498981350647,,,,
"narrow_multi_obstacle",118,4,1,500,0.000100958,1,-0.11899581453122576,0.71999999999999997,0.83899581453122574,2,1,-0.11899581453122576,0.71999999999999997,0.83899581453122574,0,-0.71999999999999997,-2.7018474705591995,-1.9818474705591995,,,,
"narrow_multi_obstacle",119,0,1,500,0.00010187999999999999,0,-0.71999999999999997,0.02143887715738213,0.7414388771573821,2,0,-0.71999999999999997,0.02143887715738213,0.7414388771573821,1,3.0423086787893197,0.71999999999999997,-2.3223086787893195,,,,
"narrow_multi_obstacle",119,1,1,500,0.00010138999999999999,1,-0.047058708958788387,0.71999999999999997,0.76705870895878836,2,1,-0.047058708958788387,0.71999999999999997,0.76705870895878836,0,-0.71999999999999997,-2.810210481152156,-2.0902104811521562,,,,
"narrow_multi_obstacle",119,2,1,500,0.00010019,1,0.0559688593866845,0.71999999999999997,0.66403114061331547,2,1,0.0559688593866845,0.71999999999999997,0.66403114061331547,0,-0.71999999999999997,-2.6627631619110521,-1.9427631619110521,,,,
"narrow_multi_obstacle",119,3,1,500,0.000100598,0,-0.71999999999999997,0.18410020761707724,0.90410020761707721,2,0,-0.71999999999999997,0.18410020761707724,0.90410020761707721,1,3.0426607832300876,0.71999999999999997,-2.3226607832300878,,,,
"narrow_multi_obstacle",119,4,1,500,0.000101384,1,-0.081019855193855683,0.71999999999999997,0.80101985519385566,2,1,-0.081019855193855683,0.71999999999999997,0.80101985519385566,0,-0.71999999999999997,-2.7780438647255412,-2.0580438647255415,,,,
"narrow_multi_obstacle",119,5,1,500,0.000101894,0,-0.71999999999999997,0.056846339216032771,0.77684633921603274,2,0,-0.71999999999999997,0.056846339216032771,0.77684633921603274,1,2.9373107486743262,0.71999999999999997,-2.2173107486743264,,,,
"narrow_multi_obstacle",120,0,2,500,0.000121946,1,-0.073789897933636217,0.10021408939976695,0.17400398733340317,3,1,-0.073789897933636217,0.10021408939976695,0.17400398733340317,0,-0.71999999999999997,-2.7945735714112194,-2.0745735714112197,2,3.0978297740594396,0.71999999999999997,-2.3778297740594398
"narrow_multi_obstacle",120,1,1,500,0.00010077999999999999,1,0.04016692524700427,0.71999999999999997,0.6798330747529957,2,1,0.04016692524700427,0.71999999999999997,0.6798330747529957,0,-0.71999999999999997,-2.7233069827001977,-2.0033069827001979,,,,
"narrow_multi_obstacle",120,2,1,500,0.000101394,0,-0.71999999999999997,-0.065459073995184358,0.65454092600481562,2,0,-0.71999999999999997,-0.065459073995184358,0.65454092600481562,1,2.8910740864586004,0.71999999999999997,-2.1710740864586002,,,,
"narrow_multi_obstacle",120,3,2,500,0.000127176,1,-0.013190212014437597,0.0698575452044774,0.083047757218914997,3,1,-0.013190212014437597,0.0698575452044774,0.083047757218914997,0,-0.71999999999999997,-2.6544741833694419,-1.9344741833694419,2,2.9171326196584784,0.71999999999999997,-2.1971326196584782
"narrow_multi_obstacle",121,0,1,500,0.000103558,1,0.22995473652000853,0.71999999999999997,0.49004526347999144,2,1,0.22995473652000853,0.71999999999999997,0.49004526347999144,0,-0.71999999999999997,-2.5245476134237448,-1.8045476134237448,,,,
"narrow_multi_obstacle",121,1,1,500,0.00010426399999999999,0,-0.71999999999999997,0.10484097234690237,0.82484097234690235,2,0,-0.71999999999999997,0.10484097234690237,0.82484097234690235,1,3.0821130277476465,0.71999999999999997,-2.3621130277476468,,,,
"narrow_multi_obstacle",121,2,1,500,9.9225999999999988e-05,1,-0.043757809767459799,0.71999999999999997,0.76375780976745977,2,1,-0.043757809767459799,0.71999999999999997,0.76375780976745977,0,-0.71999999999999997,-2.785927307847798,-2.0659273078477982,,,,
"narrow_multi_obstacle",121,3,1,500,9.7892000000000004e-05,0,-0.71999999999999997,0.11948351821354009,0.83948351821354006,2,0,-0.71999999999999997,0.11948351821354009,0.83948351821354006,1,3.0572987368183169,0.71999999999999997,-2.3372987368183171,,,,
"narrow_multi_obstacle",121,4,2,500,0.000120504,1,-0.042439996333451191,0.029944171145794618,0.072384167479245809,3,1,-0.042439996333451191,0.029944171145794618,0.072384167479245809,0,-0.71999999999999997,-2.6703464455750265,-1.9503464455750266,2,2.9375189402419419,0.71999999999999997,-2.2175189402419422
"narrow_multi_obstacle",122,0,2,500,0.000124172,1,-0.08484550037153693,0.019075403682390579,0.10392090405392751,3,1,-0.08484550037153693,0.019075403682390579,0.10392090405392751,0,-0.71999999999999997,-2.8684087458422516,-2.1484087458422518,2,3.0177340237970878,0.71999999999999997,-2.297734023797088
"narrow_multi_obstacle",122,1,2,500,0.000121478,1,-0.01436359536295817,-0.012473541197385751,0.001890054165572419,3,1,-0.01436359536295817,-0.012473541197385751,0.001890054165572419,0,-0.71999999999999997,-2.697231749785475,-1.977231749785475,2,2.9706533917576854,0.71999999999999997,-2.2506533917576856
"narrow_multi_obstacle",122,2,1,500,0.00010363,0,-0.71999999999999997,0.17351523346509512,0.89351523346509509,2,0,-0.71999999999999997,0.17351523346509512,0.89351523346509509,1,3.0580989712520026,0.71999999999999997,-2.3380989712520028,,,,
"narrow_multi_obstacle",122,3,1,500,0.000105678,1,-0.0140255027130054,0.71999999999999997,0.73402550271300537,2,1,-0.0140255027130054,0.71999999999999997,0.73402550271300537,0,-0.71999999999999997,-2.6491336697732386,-1.9291336697732386,,,,
"narrow_multi_obstacle",123,0,2,500,0.00012098399999999999,1,-0.042235468083882788,0.086829850434292588,0.12906531851817538,3,1,-0.042235468083882788,0.086829850434292588,0.12906531851817538,0,-0.71999999999999997,-2.7494974906066583,-2.0294974906066585,2,3.0808569010828135,0.71999999999999997,-2.3608569010828138
"narrow_multi_obstacle",123,1,2,500,0.000117564,1,-0.084568503032247833,0.052773740229389521,0.13734224326163735,3,1,-0.084568503032247833,0.052773740229389521,0.13734224326163735,0,-0.71999999999999997,-2.7882486270059146,-2.0682486270059144,2,2.9545961328360382,0.71999999999999997,-2.234596132836038
"narrow_multi_obstacle",123,2,1,500,9.7949999999999996e-05,1,-0.05597451035001999,0.71999999999999997,0.77597451035001996,2,1,-0.05597451035001999,0.71999999999999997,0.77597451035001996,0,-0.71999999999999997,-2.6487792096572793,-1.9287792096572793,,,,
"narrow_multi_obstacle",123,3,1,500,0.00010155799999999999,0,-0.71999999999999997,0.14301066477168911,0.86301066477168908,2,0,-0.71999999999999997,0.14301066477168911,0.86301066477168908,1,2.9481933192184573,0.71999999999999997,-2.2281933192184571,,,,
"narrow_multi_obstacle",124,0,2,500,0.00011716600000000001,1,-0.045443022402493094,0.070730348050171532,0.11617337045266463,3,1,-0.045443022402493094,0.070730348050171532,0.11617337045266463,0,-0.71999999999999997,-2.7848927647670525,-2.0648927647670527,2,3.0517555861151013,0.71999999999999997,-2.3317555861151016
"narrow_multi_obstacle",124,1,2,500,0.000120866,1,-0.022498903935542769,0.09853102958405624,0.12102993351959901,3,1,-0.022498903935542769,0.09853102958405624,0.12102993351959901,0,-0.71999999999999997,-2.68998645940232,-1.96998645940232,2,3.023568864050092,0.71999999999999997,-2.3035688640500922
"narrow_multi_obstacle",124,2,2,500,0.00012329600000000001,1,-0.12026767369441904,0.017250279917674805,0.13751795361209385,3,1,-0.12026767369441904,0.017250279917674805,0.13751795361209385,0,-0.71999999999999997,-2.7569359893861947,-2.0369359893861949,2,2.8069422921072755,0.71999999999999997,-2.0869422921072758
"narrow_multi_obstacle",125,0,2,500,0.00012542200000000001,1,0.029627654325460107,-0.038639577144104598,-0.068267231469564704,3,1,0.029627654325460107,-0.038639577144104598,-0.068267231469564704,0,-0.71999999999999997,-2.7004741889277142,-1.9804741889277142,2,2.9930874134625061,0.71999999999999997,-2.2730874134625063
"narrow_multi_obstacle",125,1,2,500,0.00012244799999999999,1,-0.0014537099248450591,0.082122239569610622,0.083575949494455681,3,1,-0.0014537099248450591,0.082122239569610622,0.083575949494455681,0,-0.71999999999999997,-2.7133808978854352,-1.9933808978854353,2,2.9494493565074018,0.71999999999999997,-2.2294493565074021
"narrow_multi_obstacle",125,2,1,500,0.000100672,1,-0.12068356366591959,0.71999999999999997,0.84068356366591956,2,1,-0.12068356366591959,0.71999999999999997,0.84068356366591956,0,-0.71999999999999997,-2.7499181517220723,-2.0299181517220726,,,,
"narrow_multi_obstacle",125,3,1,500,0.000100756,0,-0.71999999999999997,0.06953647757562198,0.78953647757562195,2,0,-0.71999999999999997,0.06953647757562198,0.78953647757562195,1,2.9460880353366554,0.71999999999999997,-2.2260880353366552,,,,
"narrow_multi_obstacle",126,0,2,500,0.000120456,1,-0.026617553668979888,-0.046209799253664752,-0.019592245584684864,3,1,-0.026617553668979888,-0.046209799253664752,-0.019592245584684864,0,-0.71999999999999997,-2.8002328790766504,-2.0802328790766502,2,2.9832177967868527,0.71999999999999997,-2.2632177967868525
"narrow_multi_obstacle",126,1,1,500,0.00010115000000000001,1,-0.098873740341870242,0.71999999999999997,0.81887374034187022,2,1,-0.098873740341870242,0.71999999999999997,0.81887374034187022,0,-0.71999999999999997,-2.7998315992463687,-2.0798315992463685,,,,
"narrow_multi_obstacle",126,2,1,500,0.00010208,0,-0.71999999999999997,-0.0084532834738757501,0.71154671652612422,2,0,-0.71999999999999997,-0.0084532834738757501,0.71154671652612422,1,2.8753589908140493,0.71999999999999997,-2.1553589908140491,,,,
"narrow_multi_obstacle",126,3,1,500,0.000101542,1,-0.10117438305846793,0.71999999999999997,0.8211743830584679,2,1,-0.10117438305846793,0.71999999999999997,0.8211743830584679,0,-0.71999999999999997,-2.7584367795092595,-2.0384367795092597,,,,
"narrow_multi_obstacle",126,4,1,500,0.00010060600000000001,0,-0.71999999999999997,0.091237310443203379,0.81123731044320335,2,0,-0.71999999999999997,0.091237310443203379,0.81123731044320335,1,2.9870944683794871,0.71999999999999997,-2.2670944683794874,,,,
"narrow_multi_obstacle",127,0,2,500,0.000122416,1,-0.032313521109788912,0.0031393494643243702,0.035452870574113282,3,1,-0.032313521109788912,0.0031393494643243702,0.035452870574113282,0,-0.71999999999999997,-2.7416692625165595,-2.0216692625165598,2,2.9833444345419435,0.71999999999999997,-2.2633444345419438
"narrow_multi_obstacle",127,1,1,500,9.9185999999999995e-05,1,0.017152203688804546,0.71999999999999997,0.70284779631119543,2,1,0.017152203688804546,0.71999999999999997,0.70284779631119543,0,-0.71999999999999997,-2.6813906137451342,-1.9613906137451342,,,,
"narrow_multi_obstacle",127,2,1,500,0.00010064399999999999,0,-0.71999999999999997,0.11434213163321494,0.83434213163321491,2,0,-0.71999999999999997,0.11434213163321494,0.83434213163321491,1,3.0123412726130496,0.71999999999999997,-2.2923412726130499,,,,
"narrow_multi_obstacle",127,3,2,500,0.000121722,1,-0.049112306590394894,0.14390173785590599,0.19301404444630088,3,1,-0.049112306590394894,0.14390173785590599,0.19301404444630088,0,-0.71999999999999997,-2.6147201387472445,-1.8947201387472445,2,3.0213187123594079,0.71999999999999997,-2.3013187123594081
"narrow_multi_obstacle",128,0,1,500,9.9105999999999996e-05,0,-0.71999999999999997,0.033956296665104135,0.75395629666510411,2,0,-0.71999999999999997,0.033956296665104135,0.75395629666510411,1,3.0399167100323981,0.71999999999999997,-2.3199167100323983,,,,
"narrow_multi_obstacle",128,1,1,500,0.00010009,1,-0.13983725146236825,0.71999999999999997,0.85983725146236822,2,1,-0.13983725146236825,0.71999999999999997,0.85983725146236822,0,-0.71999999999999997,-2.8794037197999067,-2.159403719799907,,,,
"narrow_multi_obstacle",128,2,2,500,0.00012228200000000001,1,-0.019504591135459437,0.10390760366009877,0.12341219479555821,3,1,-0.019504591135459437,0.10390760366009877,0.12341219479555821,0,-0.71999999999999997,-2.7172589458685446,-1.9972589458685446,2,3.0026878040982021,0.71999999999999997,-2.2826878040982024
"narrow_multi_obstacle",128,3,1,500,0.00010098999999999999,1,-0.1194250799626837,0.71999999999999997,0.83942507996268367,2,1,-0.1194250799626837,0.71999999999999997,0.83942507996268367,0,-0.71999999999999997,-2.7801171938483988,-2.0601171938483986,,,,
"narrow_multi_obstacle",128,4,1,500,0.000103422,0,-0.71999999999999997,0.20051015563485897,0.92051015563485894,2,0,-0.71999999999999997,0.20051015563485897,0.92051015563485894,1,3.0635637094371591,0.71999999999999997,-2.3435637094371593,,,,
"narrow_multi_obstacle",129,0,1,500,9.8552000000000001e-05,1,0.020094217901799993,0.71999999999999997,0.69990578209819998,2,1,0.020094217901799993,0.71999999999999997,0.69990578209819998,0,-0.71999999999999997,-2.7672399404547976,-2.0472399404547978,,,,
"narrow_multi_obstacle",129,1,1,500,0.00010220199999999999,0,-0.71999999999999997,0.092530884033658278,0.81253088403365825,2,0,-0.71999999999999997,0.092530884033658278,0.81253088403365825,1,3.059609594336488,0.71999999999999997,-2.3396095943364879,,,,
"narrow_multi_obstacle",129,2,1,500,0.00010867400000000001,1,-0.064421501245319979,0.71999999999999997,0.78442150124531995,2,1,-0.064421501245319979,0.71999999999999997,0.78442150124531995,0,-0.71999999999999997,-2.8302735738839786,-2.1102735738839788,,,,
"narrow_multi_obstacle",129,3,1,500,0.00010947800000000001,0,-0.71999999999999997,0.037827694584527061,0.75782769458452703,2,0,-0.71999999999999997,0.037827694584527061,0.75782769458452703,1,2.9987976026247072,0.71999999999999997,-2.2787976026247074,,,,
"narrow_multi_obstacle",129,4,2,500,0.00012880199999999999,1,-0.0055019896407957347,0.12217741302154805,0.12767940266234379,3,1,-0.0055019896407957347,0.12217741302154805,0.12767940266234379,0,-0.71999999999999997,-2.7082988904024745,-1.9882988904024745,2,2.9292167901336024,0.71999999999999997,-2.2092167901336026
"narrow_multi_obstacle",130,0,2,500,0.00012173,1,-0.068774228862304776,0.080655895389629251,0.14943012425193403,3,1,-0.068774228862304776,0.080655895389629251,0.14943012425193403,0,-0.71999999999999997,-2.8506327509319256,-2.1306327509319258,2,3.0677475423001246,0.71999999999999997,-2.3477475423001248
"narrow_multi_obstacle",130,1,2,500,0.000121598,1,0.052410834979984111,0.080276737269916243,0.027865902289932132,3,1,0.052410834979984111,0.080276737269916243,0.027865902289932132,0,-0.71999999999999997,-2.6975994631085198,-1.9775994631085199,2,2.9729291021836088,0.71999999999999997,-2.2529291021836091
"narrow_multi_obstacle",130,2,1,500,0.00010144200000000001,1,-0.037008587356848421,0.71999999999999997,0.75700858735684839,2,1,-0.037008587356848421,0.71999999999999997,0.75700858735684839,0,-0.71999999999999997,-2.7049097159689159,-1.984909715968916,,,,
"narrow_multi_obstacle",130,3,1,500,0.00010168,0,-0.71999999999999997,0.16401774761612864,0.88401774761612861,2,0,-0.71999999999999997,0.16401774761612864,0.88401774761612861,1,3.0483599843756188,0.71999999999999997,-2.3283599843756191,,,,
"narrow_multi_obstacle",131,0,1,500,0.00010135,1,-0.084613331208659215,0.71999999999999997,0.80461333120865919,2,1,-0.084613331208659215,0.71999999999999997,0.80461333120865919,0,-0.71999999999999997,-2.8620210562451072,-2.142021056245107,,,,
"narrow_multi_obstacle",131,1,1,500,0.00010138800000000001,0,-0.71999999999999997,0.02520358025753211,0.74520358025753208,2,0,-0.71999999999999997,0.02520358025753211,0.74520358025753208,1,2.9802859551517784,0.71999999999999997,-2.2602859551517787,,,,
"narrow_multi_obstacle",131,2,2,500,0.00012044599999999999,1,0.062333593318911973,0.096321894079162362,0.033988300760250389,3,1,0.062333593318911973,0.096321894079162362,0.033988300760250389,0,-0.71999999999999997,-2.6503970079848034,-1.9303970079848034,2,3.059146095330338,0.71999999999999997,-2.3391460953303378
"narrow_multi_obstacle",131,3,1,500,0.000100568,1,0.0066960493052821146,0.71999999999999997,0.71330395069471786,2,1,0.0066960493052821146,0.71999999999999997,0.71330395069471786,0,-0.71999999999999997,-2.6632536927170873,-1.9432536927170874,,,,
"narrow_multi_obstacle",131,4,1,500,0.00010119,0,-0.71999999999999997,0.075441240671019649,0.79544124067101962,2,0,-0.71999999999999997,0.075441240671019649,0.79544124067101962,1,2.8814994110717906,0.71999999999999997,-2.1614994110717909,,,,
"narrow_multi_obstacle",132,0,2,500,0.00011679399999999999,1,-0.044171480316751666,0.038726570753103706,0.082898051069855372,3,1,-0.044171480316751666,0.038726570753103706,0.082898051069855372,0,-0.71999999999999997,-2.8069244165626106,-2.0869244165626109,2,3.0466175721592466,0.71999999999999997,-2.3266175721592468
"narrow_multi_obstacle",132,1,2,500,0.00012155,1,0.01284070173100571,0.094712568368773287,0.081871866637767576,3,1,0.01284070173100571,0.094712568368773287,0.081871866637767576,0,-0.71999999999999997,-2.6842162078111729,-1.9642162078111729,2,2.9910341476807241,0.71999999999999997,-2.2710341476807239
"narrow_multi_obstacle",132,2,1,500,9.6426000000000001e-05,1,-0.066284250385346022,0.71999999999999997,0.786284250385346,2,1,-0.066284250385346022,0.71999999999999997,0.786284250385346,0,-0.71999999999999997,-2.712389159915328,-1.9923891599153281,,,,
"narrow_multi_obstacle",132,3,1,500,0.000101308,0,-0.71999999999999997,0.095598066172826179,0.81559806617282615,2,0,-0.71999999999999997,0.095598066172826179,0.81559806617282615,1,3.001070287994287,0.71999999999999997,-2.2810702879942868,,,,
"narrow_multi_obstacle",133,0,2,500,0.00011726399999999999,1,-0.0086517079021994903,0.058360881897502548,0.067012589799702038,3,1,-0.0086517079021994903,0.058360881897502548,0.067012589799702038,0,-0.71999999999999997,-2.7061761306150167,-1.9861761306150167,2,2.9661723900159194,0.71999999999999997,-2.2461723900159196
"narrow_multi_obstacle",133,1,2,500,0.00012170400000000001,1,-0.1231057938649176,0.057238881608737024,0.18034467547365463,3,1,-0.1231057938649176,0.057238881608737024,0.18034467547365463,0,-0.71999999999999997,-2.758676132055419,-2.0386761320554188,2,2.9900248554679778,0.71999999999999997,-2.2700248554679776
"narrow_multi_obstacle",133,2,1,500,0.000104036,0,-0.71999999999999997,0.10678934581971,0.82678934581970998,2,0,-0.71999999999999997,0.10678934581971,0.82678934581970998,1,2.9841981227877721,0.71999999999999997,-2.2641981227877723,,,,
"narrow_multi_obstacle",133,3,1,500,0.000102094,1,-0.038773056922385862,0.71999999999999997,0.75877305692238584,2,1,-0.038773056922385862,0.71999999999999997,0.75877305692238584,0,-0.71999999999999997,-2.6475782985354064,-1.9275782985354064,,,,
"narrow_multi_obstacle",134,0,2,500,0.000123402,1,-0.078151561315007223,-0.046884485081641669,0.031267076233365554,3,1,-0.078151561315007223,-0.046884485081641669,0.031267076233365554,0,-0.71999999999999997,-2.8251853282663024,-2.1051853282663027,2,2.9029293107430902,0.71999999999999997,-2.1829293107430905
"narrow_multi_obstacle",134,1,2,500,0.00011755400000000001,1,-0.02023004169415854,0.054791693921153684,0.075021735615312224,3,1,-0.02023004169415854,0.054791693921153684,0.075021735615312224,0,-0.71999999999999997,-2.6553157884976937,-1.9353157884976937,2,2.9561071632315241,0.71999999999999997,-2.2361071632315239
"narrow_multi_obstacle",134,2,2,500,0.00012734400000000002,1,-0.092545301317334516,0.17914672219435079,0.27169202351168531,3,1,-0.092545301317334516,0.17914672219435079,0.27169202351168531,0,-0.71999999999999997,-2.6727999818335557,-1.9527999818335557,2,2.9305765773594854,0.71999999999999997,-2.2105765773594852
"narrow_multi_obstacle",135,0,2,500,0.000119208,1,-0.15988661506920532,0.016682431549327692,0.17656904661853301,3,1,-0.15988661506920532,0.016682431549327692,0.17656904661853301,0,-0.71999999999999997,-2.8765825151173505,-2.1565825151173508,2,2.9682207994546705,0.71999999999999997,-2.2482207994546703
"narrow_multi_obstacle",135,1,1,500,0.00010008799999999999,1,-0.074405968129297007,0.71999999999999997,0.79440596812929698,2,1,-0.074405968129297007,0.71999999999999997,0.79440596812929698,0,-0.71999999999999997,-2.7906929117541761,-2.0706929117541764,,,,
"narrow_multi_obstacle",135,2,1,500,0.000101326,0,-0.71999999999999997,0.11931504943845805,0.83931504943845803,2,0,-0.71999999999999997,0.11931504943845805,0.83931504943845803,1,2.9815884368285177,0.71999999999999997,-2.261588436828518,,,,
"narrow_multi_obstacle",135,3,1,500,0.00010125000000000001,0,-0.71999999999999997,0.020641943748116232,0.7406419437481162,2,0,-0.71999999999999997,0.020641943748116232,0.7406419437481162,1,2.8653067477401306,0.71999999999999997,-2.1453067477401309,,,,
"narrow_multi_obstacle",135,4,1,500,0.00010008599999999999,1,-0.16414828004342508,0.71999999999999997,0.88414828004342505,2,1,-0.16414828004342508,0.71999999999999997,0.88414828004342505,0,-0.71999999999999997,-2.7512261893971264,-2.0312261893971266,,,,
"narrow_multi_obstacle",136,0,2,500,0.00012212200000000001,1,0.026660275096918484,-0.0028232992125671874,-0.029483574309485672,3,1,0.026660275096918484,-0.0028232992125671874,-0.029483574309485672,0,-0.71999999999999997,-2.717788744480429,-1.997788744480429,2,2.9755202994004106,0.71999999999999997,-2.2555202994004109
"narrow_multi_obstacle",136,1,1,500,0.00010132,1,0.051670816487719096,0.71999999999999997,0.66832918351228088,2,1,0.051670816487719096,0.71999999999999997,0.66832918351228088,0,-0.71999999999999997,-2.6470716818559294,-1.9270716818559295,,,,
"narrow_multi_obstacle",136,2,1,500,0.00010247,0,-0.71999999999999997,0.19982141389056007,0.91982141389056005,2,0,-0.71999999999999997,0.19982141389056007,0.91982141389056005,1,3.052864031959019,0.71999999999999997,-2.3328640319590193,,,,
"narrow_multi_obstacle",136,3,2,500,0.000118566,1,-0.02161399382505591,0.067968670130577058,0.089582663955632968,3,1,-0.02161399382505591,0.067968670130577058,0.089582663955632968,0,-0.71999999999999997,-2.6621152892634083,-1.9421152892634084,2,2.9947079125603979,0.71999999999999997,-2.2747079125603982
"narrow_multi_obstacle",137,0,1,500,0.00010691599999999999,0,-0.71999999999999997,-0.01862692751616235,0.70137307248383762,2,0,-0.71999999999999997,-0.01862692751616235,0.70137307248383762,1,3.0003864526620734,0.71999999999999997,-2.2803864526620732,,,,
"narrow_multi_obstacle",137,1,1,500,0.000102644,1,0.054621915035331092,0.71999999999999997,0.66537808496466888,2,1,0.054621915035331092,0.71999999999999997,0.66537808496466888,0,-0.71999999999999997,-2.709567972183156,-1.9895679721831561,,,,
"narrow_multi_obstacle",137,2,2,500,0.000120488,1,-0.075391103888243105,0.072445233029054146,0.14783633691729725,3,1,-0.075391103888243105,0.072445233029054146,0.14783633691729725,0,-0.71999999999999997,-2.8113013639796804,-2.0913013639796807,2,3.0322510885200993,0.71999999999999997,-2.3122510885200995
"narrow_multi_obstacle",137,3,1,500,0.000100728,0,-0.71999999999999997,0.062047135053521885,0.78204713505352186,2,0,-0.71999999999999997,0.062047135053521885,0.78204713505352186,1,2.9797367965760149,0.71999999999999997,-2.2597367965760151,,,,
"narrow_multi_obstacle",137,4,1,500,0.000100616,1,-0.081406196208280379,0.71999999999999997,0.80140619620828035,2,1,-0.081406196208280379,0.71999999999999997,0.80140619620828035,0,-0.71999999999999997,-2.6851845281016278,-1.9651845281016278,,,,
"narrow_multi_obstacle",138,0,2,500,0.00012643999999999999,1,-0.032042168804343296,0.038062705109960016,0.070104873914303312,3,1,-0.032042168804343296,0.038062705109960016,0.070104873914303312,0,-0.71999999999999997,-2.755447712914826,-2.0354477129148263,2,2.947478816278652,0.71999999999999997,-2.2274788162786523
"narrow_multi_obstacle",138,1,2,500,0.00012081,1,-0.078573928932471393,0.11452547205864483,0.19309940099111622,3,1,-0.078573928932471393,0.11452547205864483,0.19309940099111622,0,-0.71999999999999997,-2.8001692643206733,-2.0801692643206735,2,3.1052513288558936,0.71999999999999997,-2.3852513288558939
"narrow_multi_obstacle",138,2,2,500,0.000121224,1,-0.045577944603759635,0.10745490231583776,0.1530328469195974,3,1,-0.045577944603759635,0.10745490231583776,0.1530328469195974,0,-0.71999999999999997,-2.6980630389220037,-1.9780630389220037,2,2.928901568338921,0.71999999999999997,-2.2089015683389208
"narrow_multi_obstacle",139,0,1,500,9.9465999999999999e-05,1,-0.040856546582736186,0.71999999999999997,0.76085654658273616,2,1,-0.040856546582736186,0.71999999999999997,0.76085654658273616,0,-0.71999999999999997,-2.7930636233229422,-2.073063623322942,,,,
"narrow_multi_obstacle",139,1,1,500,0.000101698,0,-0.71999999999999997,-0.015492697172043268,0.70450730282795671,2,0,-0.71999999999999997,-0.015492697172043268,0.70450730282795671,1,3.0092601089740274,0.71999999999999997,-2.2892601089740277,,,,
"narrow_multi_obstacle",139,2,2,500,0.00012459600000000001,1,0.013133328340212636,-0.013956844109954236,-0.027090172450166872,3,1,0.013133328340212636,-0.013956844109954236,-0.027090172450166872,0,-0.71999999999999997,-2.7176615230901762,-1.9976615230901762,2,2.9618475669295368,0.71999999999999997,-2.241847566929537
"narrow_multi_obstacle",139,3,2,500,0.000122688,1,-0.080752952136114997,0.17200331376079325,0.25275626589690825,3,1,-0.080752952136114997,0.17200331376079325,0.25275626589690825,0,-0.71999999999999997,-2.7632081725529432,-2.0432081725529434,2,3.0691298997957919,0.71999999999999997,-2.3491298997957921
"narrow_multi_obstacle",140,0,1,500,9.7946e-05,0,-0.71999999999999997,0.02200515376314427,0.74200515376314424,2,0,-0.71999999999999997,0.02200515376314427,0.74200515376314424,1,2.9199293874278469,0.71999999999999997,-2.1999293874278472,,,,
"narrow_multi_obstacle",140,1,1,500,9.8308000000000008e-05,1,0.02082599719165712,0.71999999999999997,0.69917400280834285,2,1,0.02082599719165712,0.71999999999999997,0.69917400280834285,0,-0.71999999999999997,-2.7496848283750803,-2.0296848283750801,,,,
"narrow_multi_obstacle",140,2,2,500,0.000123058,1,-0.026045843226795595,0.086202348465248546,0.11224819169204414,3,1,-0.026045843226795595,0.086202348465248546,0.11224819169204414,0,-0.71999999999999997,-2.6949147655257155,-1.9749147655257155,2,3.0203941917926436,0.71999999999999997,-2.3003941917926438
"narrow_multi_obstacle",140,3,1,500,0.000101122,0,-0.71999999999999997,0.083538637223994128,0.8035386372239941,2,0,-0.71999999999999997,0.083538637223994128,0.8035386372239941,1,2.9345192274821725,0.71999999999999997,-2.2145192274821728,,,,
"narrow_multi_obstacle",140,4,1,500,0.000100008,1,-0.037201670114095808,0.71999999999999997,0.75720167011409578,2,1,-0.037201670114095808,0.71999999999999997,0.75720167011409578,0,-0.71999999999999997,-2.6541168280358467,-1.9341168280358467,,,,
"narrow_multi_obstacle",141,0,2,500,0.000120906,1,-0.084938617751090462,0.11981660368263025,0.20475522143372071,3,1,-0.084938617751090462,0.11981660368263025,0.20475522143372071,0,-0.71999999999999997,-2.8461428864620344,-2.1261428864620342,2,3.0925272437859563,0.71999999999999997,-2.3725272437859566
"narrow_multi_obstacle",141,1,2,500,0.00012250999999999999,1,-0.088298728810107363,0.094963508045347034,0.1832622368554544,3,1,-0.088298728810107363,0.094963508045347034,0.1832622368554544,0,-0.71999999999999997,-2.7603787955098595,-2.0403787955098593,2,3.0258808845727043,0.71999999999999997,-2.3058808845727041
"narrow_multi_obstacle",141,2,1,500,0.00010134200000000001,0,-0.71999999999999997,0.17041460813180853,0.8904146081318085,2,0,-0.71999999999999997,0.17041460813180853,0.8904146081318085,1,3.076669959743175,0.71999999999999997,-2.3566699597431748,,,,
"narrow_multi_obstacle",141,3,1,500,0.000101716,1,-0.079898602199883539,0.71999999999999997,0.79989860219988351,2,1,-0.079898602199883539,0.71999999999999997,0.79989860219988351,0,-0.71999999999999997,-2.674304876225376,-1.9543048762253761,,,,
"narrow_multi_obstacle",142,0,1,500,0.00010167600000000001,1,-0.10576117629055393,0.71999999999999997,0.8257611762905539,2,1,-0.10576117629055393,0.71999999999999997,0.8257611762905539,0,-0.71999999999999997,-2.8790664863849376,-2.1590664863849378,,,,
"narrow_multi_obstacle",142,1,1,500,0.000102196,0,-0.71999999999999997,0.10424863666661244,0.82424863666661241,2,0,-0.71999999999999997,0.10424863666661244,0.82424863666661241,1,3.0490063969031369,0.71999999999999997,-2.3290063969031367,,,,
"narrow_multi_obstacle",142,2,2,500,0.0001204,1,0.00011232273262717918,0.068455898527820302,0.068343575795193123,3,1,0.00011232273262717918,0.068455898527820302,0.068343575795193123,0,-0.71999999999999997,-2.7055520869310978,-1.9855520869310979,2,2.9222510830669779,0.71999999999999997,-2.2022510830669777
"narrow_multi_obstacle",142,3,2,500,0.000121544,1,-0.081816259691655624,0.20232929162533098,0.2841455513169866,3,1,-0.081816259691655624,0.20232929162533098,0.2841455513169866,0,-0.71999999999999997,-2.6955744794932839,-1.9755744794932839,2,3.0434851218978229,0.71999999999999997,-2.3234851218978232
"narrow_multi_obstacle",143,0,1,500,0.00010170600000000001,0,-0.71999999999999997,0.054475327251964911,0.77447532725196488,2,0,-0.71999999999999997,0.054475327251964911,0.77447532725196488,1,2.9494430502912081,0.71999999999999997,-2.2294430502912084,,,,
"narrow_multi_obstacle",143,1,1,500,0.00011726999999999999,1,0.021161699516169641,0.71999999999999997,0.69883830048383033,2,1,0.021161699516169641,0.71999999999999997,0.69883830048383033,0,-0.71999999999999997,-2.6956932460162446,-1.9756932460162446,,,,
"narrow_multi_obstacle",143,2,2,500,0.000120956,1,-0.042380919164844322,0.066385934025075644,0.10876685318991997,3,1,-0.042380919164844322,0.066385934025075644,0.10876685318991997,0,-0.71999999999999997,-2.7541514508495553,-2.0341514508495555,2,2.9527642269065018,0.71999999999999997,-2.232764226906502
"narrow_multi_obstacle",143,3,2,500,0.000120438,1,-0.04771587094704377,0.20053378045849923,0.248249651405543,3,1,-0.04771587094704377,0.20053378045849923,0.248249651405543,0,-0.71999999999999997,-2.6868726987030245,-1.9668726987030245,2,2.9643006257364899,0.71999999999999997,-2.2443006257364901
"narrow_multi_obstacle",144,0,2,500,0.000128388,1,-0.056232437062317064,0.066128103517527848,0.12236054057984491,3,1,-0.056232437062317064,0.066128103517527848,0.12236054057984491,0,-0.71999999999999997,-2.7606096027819667,-2.0406096027819665,2,3.0404410049398445,0.71999999999999997,-2.3204410049398447
"narrow_multi_obstacle",144,1,1,500,0.000108842,0,-0.71999999999999997,-0.013378133931199576,0.7066218660688004,2,0,-0.71999999999999997,-0.013378133931199576,0.7066218660688004,1,2.9162708989819883,0.71999999999999997,-2.1962708989819886,,,,
"narrow_multi_obstacle",144,2,1,500,0.00010172399999999999,1,-0.062989772623893714,0.71999999999999997,0.78298977262389369,2,1,-0.062989772623893714,0.71999999999999997,0.78298977262389369,0,-0.71999999999999997,-2.7185637988593276,-1.9985637988593277,,,,
"narrow_multi_obstacle",144,3,1,500,0.00010166600000000001,1,0.09607262014862239,0.71999999999999997,0.62392737985137758,2,1,0.09607262014862239,0.71999999999999997,0.62392737985137758,0,-0.71999999999999997,-2.5622406568592258,-1.8422406568592258,,,,
"narrow_multi_obstacle",144,4,1,500,0.00010163800000000001,0,-0.71999999999999997,0.15785367357323343,0.87785367357323341,2,0,-0.71999999999999997,0.15785367357323343,0.87785367357323341,1,3.0020970814682206,0.71999999999999997,-2.2820970814682209,,,,
"narrow_multi_obstacle",145,0,1,500,0.00010098999999999999,1,-0.028134240850117953,0.71999999999999997,0.74813424085011793,2,1,-0.028134240850117953,0.71999999999999997,0.74813424085011793,0,-0.71999999999999997,-2.7329472423778709,-2.0129472423778711,,,,
"narrow_multi_obstacle",145,1,1,500,0.000105448,0,-0.71999999999999997,0.14880632749445177,0.86880632749445175,2,0,-0.71999999999999997,0.14880632749445177,0.86880632749445175,1,3.1818930058691945,0.71999999999999997,-2.4618930058691948,,,,
"narrow_multi_obstacle",145,2,1,500,0.00010091600000000001,0,-0.71999999999999997,0.16964331359901985,0.88964331359901982,2,0,-0.71999999999999997,0.16964331359901985,0.88964331359901982,1,3.0629926182711698,0.71999999999999997,-2.34299261827117,,,,
"narrow_multi_obstacle",145,3,1,500,0.00010217600000000001,1,-0.14227425146911643,0.71999999999999997,0.8622742514691164,2,1,-0.14227425146911643,0.71999999999999997,0.8622742514691164,0,-0.71999999999999997,-2.8058891029347111,-2.0858891029347113,,,,
"narrow_multi_obstacle",145,4,2,500,0.00012066,1,-0.034693827883357953,-0.0074642244156344351,0.027229603467723518,3,1,-0.034693827883357953,-0.0074642244156344351,0.027229603467723518,0,-0.71999999999999997,-2.6804777860028466,-1.9604777860028466,2,2.7868644785452279,0.71999999999999997,-2.0668644785452281
"narrow_multi_obstacle",146,0,2,500,0.00012194800000000001,1,0.092943052498088319,0.08945732259521666,-0.0034857299028716593,3,1,0.092943052498088319,0.08945732259521666,-0.0034857299028716593,0,-0.71999999999999997,-2.6441289334428726,-1.9241289334428726,2,3.0270654141569069,0.71999999999999997,-2.3070654141569067
"narrow_multi_obstacle",146,1,2,500,0.000121394,1,0.021078492913495506,0.084792013796498589,0.063713520883003083,3,1,0.021078492913495506,0.084792013796498589,0.063713520883003083,0,-0.71999999999999997,-2.7031686832438608,-1.9831686832438609,2,2.9698638763166585,0.71999999999999997,-2.2498638763166587
"narrow_multi_obstacle",146,2,1,500,9.9953999999999999e-05,0,-0.71999999999999997,0.10410570540370023,0.82410570540370021,2,0,-0.71999999999999997,0.10410570540370023,0.82410570540370021,1,3.0316039275652216,0.71999999999999997,-2.3116039275652218,,,,
"narrow_multi_obstacle",146,3,1,500,0.00010044000000000001,1,-0.034800240092640822,0.71999999999999997,0.7548002400926408,2,1,-0.034800240092640822,0.71999999999999997,0.7548002400926408,0,-0.71999999999999997,-2.6630776569031287,-1.9430776569031287,,,,
"narrow_multi_obstacle",147,0,2,500,0.00012348,1,-0.010923809708458743,0.0097863922471006504,0.020710201955559393,3,1,-0.010923809708458743,0.0097863922471006504,0.020710201955559393,0,-0.71999999999999997,-2.7625737108777155,-2.0425737108777158,2,2.9805541821244885,0.71999999999999997,-2.2605541821244888
"narrow_multi_obstacle",147,1,1,500,0.00010011200000000001,0,-0.71999999999999997,0.052928686049888984,0.77292868604988896,2,0,-0.71999999999999997,0.052928686049888984,0.77292868604988896,1,2.9016170579951597,0.71999999999999997,-2.1816170579951599,,,,
"narrow_multi_obstacle",147,2,1,500,9.9549999999999994e-05,1,-0.10210357814109638,0.71999999999999997,0.82210357814109636,2,1,-0.10210357814109638,0.71999999999999997,0.82210357814109636,0,-0.71999999999999997,-2.7768077158102287,-2.0568077158102289,,,,
"narrow_multi_obstacle",147,3,1,500,9.8157999999999991e-05,0,-0.71999999999999997,0.080629019856792272,0.80062901985679225,2,0,-0.71999999999999997,0.080629019856792272,0.80062901985679225,1,2.8749009656266207,0.71999999999999997,-2.1549009656266209,,,,
"narrow_multi_obstacle",147,4,1,500,9.9968000000000002e-05,1,-0.049114961408659896,0.71999999999999997,0.76911496140865987,2,1,-0.049114961408659896,0.71999999999999997,0.76911496140865987,0,-0.71999999999999997,-2.6127332610096934,-1.8927332610096934,,,,
"narrow_multi_obstacle",148,0,2,500,0.00012281,1,0.021546710874930541,-0.01210680772109396,-0.033653518596024501,3,1,0.021546710874930541,-0.01210680772109396,-0.033653518596024501,0,-0.71999999999999997,-2.7733831798840018,-2.0533831798840021,2,2.9955422735577626,0.71999999999999997,-2.2755422735577628
"narrow_multi_obstacle",148,1,2,500,0.00012313799999999999,1,0.035970676180206995,0.097999130085995256,0.062028453905788261,3,1,0.035970676180206995,0.097999130085995256,0.062028453905788261,0,-0.71999999999999997,-2.6458742756194811,-1.9258742756194811,2,3.0081892763401088,0.71999999999999997,-2.288189276340109
"narrow_multi_obstacle",148,2,1,500,9.8016000000000005e-05,0,-0.71999999999999997,0.0031710146755816737,0.72317101467558165,2,0,-0.71999999999999997,0.0031710146755816737,0.72317101467558165,1,2.8809264429904502,0.71999999999999997,-2.1609264429904504,,,,
"narrow_multi_obstacle",148,3,1,500,9.9528e-05,1,0.092534841060053497,0.71999999999999997,0.62746515893994648,2,1,0.092534841060053497,0.71999999999999997,0.62746515893994648,0,-0.71999999999999997,-2.5941365970636738,-1.8741365970636739,,,,
"narrow_multi_obstacle",149,0,1,500,0.000104226,1,-0.052511441651988955,0.71999999999999997,0.77251144165198893,2,1,-0.052511441651988955,0.71999999999999997,0.77251144165198893,0,-0.71999999999999997,-2.8191032851070821,-2.0991032851070823,,,,
"narrow_multi_obstacle",149,1,1,500,0.00010159999999999999,0,-0.71999999999999997,0.089202851732822275,0.80920285173282225,2,0,-0.71999999999999997,0.089202851732822275,0.80920285173282225,1,2.9933168994806474,0.71999999999999997,-2.2733168994806476,,,,
"narrow_multi_obstacle",149,2,1,500,0.0001005,0,-0.71999999999999997,0.11370750610608393,0.83370750610608391,2,0,-0.71999999999999997,0.11370750610608393,0.83370750610608391,1,3.1161740032291263,0.71999999999999997,-2.3961740032291265,,,,
"narrow_multi_obstacle",149,3,1,500,0.00010092199999999999,1,-0.064201400112547491,0.71999999999999997,0.78420140011254746,2,1,-0.064201400112547491,0.71999999999999997,0.78420140011254746,0,-0.71999999999999997,-2.7434072096473745,-2.0234072096473747,,,,
"narrow_multi_obstacle",149,4,1,500,0.00010059600000000001,0,-0.71999999999999997,0.13219394777355409,0.85219394777355406,2,0,-0.71999999999999997,0.13219394777355409,0.85219394777355406,1,3.0444208546414888,0.71999999999999997,-2.3244208546414891,,,,
"narrow_multi_obstacle",149,5,1,500,0.00010026000000000001,1,-0.11214776163423013,0.71999999999999997,0.8321477616342301,2,1,-0.11214776163423013,0.71999999999999997,0.8321477616342301,0,-0.71999999999999997,-2.8026724738341242,-2.0826724738341245,,,,
"narrow_multi_obstacle",150,0,2,500,0.00012431000000000001,1,0.10633396364783598,0.14695877500381038,0.0406248113559744,3,1,0.10633396364783598,0.14695877500381038,0.0406248113559744,0,-0.71999999999999997,-2.6977561911104937,-1.9777561911104937,2,3.0701702100830506,0.71999999999999997,-2.3501702100830508
"narrow_multi_obstacle",150,1,2,500,0.00012446000000000001,1,-0.038962569477103859,0.044678510435339103,0.083641079912442962,3,1,-0.038962569477103859,0.044678510435339103,0.083641079912442962,0,-0.71999999999999997,-2.7230851650737953,-2.0030851650737951,2,2.9871623903580375,0.71999999999999997,-2.2671623903580373
"narrow_multi_obstacle",150,2,1,500,0.00010480999999999999,1,-0.015775805775365415,0.71999999999999997,0.73577580577536539,2,1,-0.015775805775365415,0.71999999999999997,0.73577580577536539,0,-0.71999999999999997,-2.7259492094254618,-2.0059492094254621,,,,
"narrow_multi_obstacle",150,3,1,500,0.000108152,0,-0.71999999999999997,0.0033303382571534534,0.72333033825715343,2,0,-0.71999999999999997,0.0033303382571534534,0.72333033825715343,1,2.9263640338230479,0.71999999999999997,-2.2063640338230481,,,,
"narrow_multi_obstacle",151,0,2,500,0.00012332400000000001,1,0.035455066256047107,0.084789565427937141,0.049334499171890034,3,1,0.035455066256047107,0.084789565427937141,0.049334499171890034,0,-0.71999999999999997,-2.7234836081577369,-2.0034836081577367,2,3.0550799185214697,0.71999999999999997,-2.3350799185214699
"narrow_multi_obstacle",151,1,2,500,0.000121904,1,-0.038619098211027492,0.12342313303494024,0.16204223124596773,3,1,-0.038619098211027492,0.12342313303494024,0.16204223124596773,0,-0.71999999999999997,-2.7944282601564598,-2.0744282601564601,2,3.0766479778176645,0.71999999999999997,-2.3566479778176648
"narrow_multi_obstacle",151,2,2,500,0.00012229600000000001,1,0.043316033701278123,0.12824817260730748,0.084932138906029353,3,1,0.043316033701278123,0.12824817260730748,0.084932138906029353,0,-0.71999999999999997,-2.6205410200973991,-1.9005410200973991,2,2.9331320293855914,0.71999999999999997,-2.2131320293855916
"narrow_multi_obstacle",152,0,1,500,9.7248000000000001e-05,0,-0.71999999999999997,0.067681839772572028,0.787681839772572,2,0,-0.71999999999999997,0.067681839772572028,0.787681839772572,1,2.9657847102290411,0.71999999999999997,-2.2457847102290414,,,,
"narrow_multi_obstacle",152,1,1,500,9.5671999999999988e-05,1,-0.16964287983286885,0.71999999999999997,0.88964287983286883,2,1,-0.16964287983286885,0.71999999999999997,0.88964287983286883,0,-0.71999999999999997,-2.9360823213487155,-2.2160823213487157,,,,
"narrow_multi_obstacle",152,2,2,500,0.00011987,1,-0.10104666325289346,0.10050903653780896,0.20155569979070243,3,1,-0.10104666325289346,0.10050903653780896,0.20155569979070243,0,-0.71999999999999997,-2.757526684188166,-2.0375266841881663,2,2.9726721371889968,0.71999999999999997,-2.2526721371889966
"narrow_multi_obstacle",152,3,2,500,0.00012412999999999999,1,0.020713866360914324,0.12734697870290912,0.1066331123419948,3,1,0.020713866360914324,0.12734697870290912,0.1066331123419948,0,-0.71999999999999997,-2.6451456969081946,-1.9251456969081946,2,2.9204915342271245,0.71999999999999997,-2.2004915342271243
"narrow_multi_obstacle",153,0,2,500,0.00011745800000000001,1,0.064900848384877197,0.038315027910845512,-0.026585820474031685,3,1,0.064900848384877197,0.038315027910845512,-0.026585820474031685,0,-0.71999999999999997,-2.7297367920311975,-2.0097367920311973,2,2.9541345792039322,0.71999999999999997,-2.234134579203932
"narrow_multi_obstacle",153,1,1,500,0.00010038999999999999,0,-0.71999999999999997,0.1151905188790443,0.83519051887904427,2,0,-0.71999999999999997,0.1151905188790443,0.83519051887904427,1,3.1100474008560584,0.71999999999999997,-2.3900474008560586,,,,
"narrow_multi_obstacle",153,2,1,500,0.000101996,1,-0.01905032749002733,0.71999999999999997,0.7390503274900273,2,1,-0.01905032749002733,0.71999999999999997,0.7390503274900273,0,-0.71999999999999997,-2.6869401404312478,-1.9669401404312479,,,,
"narrow_multi_obstacle",153,3,2,500,0.00012347199999999999,1,0.046237420413471009,0.081106620735170276,0.034869200321699267,3,1,0.046237420413471009,0.081106620735170276,0.034869200321699267,0,-0.71999999999999997,-2.6427976161312765,-1.9227976161312765,2,3.0036983072864754,0.71999999999999997,-2.2836983072864756
"narrow_multi_obstacle",154,0,1,500,0.000100388,1,0.12560355955386759,0.71999999999999997,0.59439644044613238,2,1,0.12560355955386759,0.71999999999999997,0.59439644044613238,0,-0.71999999999999997,-2.6195363553513014,-1.8995363553513014,,,,
"narrow_multi_obstacle",154,1,1,500,0.00010208399999999999,0,-0.71999999999999997,0.028818593387450964,0.74881859338745094,2,0,-0.71999999999999997,0.028818593387450964,0.74881859338745094,1,3.0003555639383217,0.71999999999999997,-2.2803555639383219,,,,
"narrow_multi_obstacle",154,2,1,500,9.8783999999999995e-05,0,-0.71999999999999997,0.15410629383067742,0.87410629383067739,2,0,-0.71999999999999997,0.15410629383067742,0.87410629383067739,1,3.0367079449852108,0.71999999999999997,-2.316707944985211,,,,
"narrow_multi_obstacle",154,3,1,500,0.00010098799999999999,1,0.071661059590865994,0.71999999999999997,0.64833894040913398,2,1,0.071661059590865994,0.71999999999999997,0.64833894040913398,0,-0.71999999999999997,-2.6893778524723846,-1.9693778524723846,,,,
"narrow_multi_obstacle",154,4,1,500,0.00010110800000000001,0,-0.71999999999999997,0.0016286183255354025,0.72162861832553538,2,0,-0.71999999999999997,0.0016286183255354025,0.72162861832553538,1,2.958213635924785,0.71999999999999997,-2.2382136359247848,,,,
"narrow_multi_obstacle",154,5,1,500,0.00010059600000000001,1,0.017824341650068298,0.71999999999999997,0.70217565834993168,2,1,0.017824341650068298,0.71999999999999997,0.70217565834993168,0,-0.71999999999999997,-2.6246473914161963,-1.9046473914161963,,,,
"narrow_multi_obstacle",155,0,1,500,0.000100048,0,-0.71999999999999997,-0.061887166660849813,0.65811283333915016,2,0,-0.71999999999999997,-0.061887166660849813,0.65811283333915016,1,2.9357239069944274,0.71999999999999997,-2.2157239069944277,,,,
"narrow_multi_obstacle",155,1,1,500,9.7603999999999996e-05,1,0.038713670049321136,0.71999999999999997,0.68128632995067884,2,1,0.038713670049321136,0.71999999999999997,0.68128632995067884,0,-0.71999999999999997,-2.6776034553544328,-1.9576034553544328,,,,
"narrow_multi_obstacle",155,2,2,500,0.000124244,1,0.0026993309906577778,0.054813455021164748,0.05211412403050697,3,1,0.0026993309906577778,0.054813455021164748,0.05211412403050697,0,-0.71999999999999997,-2.693661167747099,-1.973661167747099,2,2.9817784859272756,0.71999999999999997,-2.2617784859272758
"narrow_multi_obstacle",155,3,2,500,0.00012239400000000001,1,-0.048239744532767137,0.13865924887721182,0.18689899340997895,3,1,-0.048239744532767137,0.13865924887721182,0.18689899340997895,0,-0.71999999999999997,-2.6877632240367411,-1.9677632240367411,2,2.9382230568467795,0.71999999999999997,-2.2182230568467798
"narrow_multi_obstacle",156,0,1,500,9.9792000000000009e-05,0,-0.71999999999999997,0.040926333127447201,0.76092633312744717,2,0,-0.71999999999999997,0.040926333127447201,0.76092633312744717,1,2.9626667903221162,0.71999999999999997,-2.242666790322116,,,,
"narrow_multi_obstacle",156,1,1,500,9.923600000000001e-05,1,0.043016604578821838,0.71999999999999997,0.67698339542117814,2,1,0.043016604578821838,0.71999999999999997,0.67698339542117814,0,-0.71999999999999997,-2.72249407499628,-2.0024940749962798,,,,
"narrow_multi_obstacle",156,2,2,500,0.00012583399999999999,1,0.053275840082901427,0.1260191816802958,0.072743341597394373,3,1,0.053275840082901427,0.1260191816802958,0.072743341597394373,0,-0.71999999999999997,-2.6317062893307241,-1.9117062893307242,2,3.0204896552416569,0.71999999999999997,-2.3004896552416572
"narrow_multi_obstacle",156,3,2,500,0.000125506,1,-0.021416227654300402,0.25659181727608016,0.27800804493038056,3,1,-0.021416227654300402,0.25659181727608016,0.27800804493038056,0,-0.71999999999999997,-2.6730939600433254,-1.9530939600433255,2,3.0537806391393119,0.71999999999999997,-2.3337806391393121
"narrow_multi_obstacle",157,0,1,500,0.000101166,1,-0.088160866766625823,0.71999999999999997,0.8081608667666258,2,1,-0.088160866766625823,0.71999999999999997,0.8081608667666258,0,-0.71999999999999997,-2.8621062535690331,-2.1421062535690334,,,,
"narrow_multi_obstacle",157,1,1,500,0.00010220199999999999,0,-0.71999999999999997,-0.064156491749471689,0.65584350825052828,2,0,-0.71999999999999997,-0.064156491749471689,0.65584350825052828,1,2.9289769867173741,0.71999999999999997,-2.2089769867173743,,,,
"narrow_multi_obstacle",157,2,1,500,0.000102204,0,-0.71999999999999997,0.048624875453840755,0.76862487545384073,2,0,-0.71999999999999997,0.048624875453840755,0.76862487545384073,1,3.0084493021938119,0.71999999999999997,-2.2884493021938122,,,,
"narrow_multi_obstacle",157,3,1,500,0.00010455599999999999,1,0.033650644870044655,0.71999999999999997,0.68634935512995532,2,1,0.033650644870044655,0.71999999999999997,0.68634935512995532,0,-0.71999999999999997,-2.7240583987797189,-2.0040583987797191,,,,
"narrow_multi_obstacle",157,4,2,500,0.00013065799999999999,1,-0.047557481643267785,0.093866480510885086,0.14142396215415287,3,1,-0.047557481643267785,0.093866480510885086,0.14142396215415287,0,-0.71999999999999997,-2.6731341121528636,-1.9531341121528636,2,2.9454634797290278,0.71999999999999997,-2.2254634797290276
"narrow_multi_obstacle",158,0,1,500,0.000102018,1,-0.10953614909200371,0.71999999999999997,0.82953614909200368,2,1,-0.10953614909200371,0.71999999999999997,0.82953614909200368,0,-0.71999999999999997,-2.9013024790108588,-2.1813024790108591,,,,
"narrow_multi_obstacle",158,1,1,500,9.9124000000000008e-05,0,-0.71999999999999997,0.075432717348198564,0.79543271734819854,2,0,-0.71999999999999997,0.075432717348198564,0.79543271734819854,1,3.0745740660218317,0.71999999999999997,-2.3545740660218319,,,,
"narrow_multi_obstacle",158,2,1,500,0.000100404,1,-0.077841657873154668,0.71999999999999997,0.79784165787315464,2,1,-0.077841657873154668,0.71999999999999997,0.79784165787315464,0,-0.71999999999999997,-2.8084046173647508,-2.088404617364751,,,,
"narrow_multi_obstacle",158,3,1,500,9.8238000000000004e-05,0,-0.71999999999999997,0.078330545790501915,0.79833054579050189,2,0,-0.71999999999999997,0.078330545790501915,0.79833054579050189,1,2.9238670974791412,0.71999999999999997,-2.203867097479141,,,,
"narrow_multi_obstacle",158,4,2,500,0.00012062399999999999,1,-0.13639954372513485,0.039753733275434966,0.17615327700056982,3,1,-0.13639954372513485,0.039753733275434966,0.17615327700056982,0,-0.71999999999999997,-2.7435622005797411,-2.0235622005797413,2,2.9251206583709308,0.71999999999999997,-2.2051206583709311
"narrow_multi_obstacle",159,0,2,500,0.000124776,1,0.036607224733650412,0.051946738407514736,0.015339513673864325,3,1,0.036607224733650412,0.051946738407514736,0.015339513673864325,0,-0.71999999999999997,-2.7337661963564117,-2.0137661963564115,2,3.0073136853184259,0.71999999999999997,-2.2873136853184262
"narrow_multi_obstacle",159,1,2,500,0.000122934,1,-0.0074202258011761835,-0.013357735639747403,-0.0059375098385712199,3,1,-0.0074202258011761835,-0.013357735639747403,-0.0059375098385712199,0,-0.71999999999999997,-2.7123321739031616,-1.9923321739031616,2,2.9288082026738063,0.71999999999999997,-2.2088082026738061
"narrow_multi_obstacle",159,2,1,500,0.000100868,1,0.046879687135457981,0.71999999999999997,0.67312031286454199,2,1,0.046879687135457981,0.71999999999999997,0.67312031286454199,0,-0.71999999999999997,-2.6042070870953338,-1.8842070870953338,,,,
"narrow_multi_obstacle",159,3,1,500,0.00010105799999999999,0,-0.71999999999999997,0.22466429076624905,0.94466429076624903,2,0,-0.71999999999999997,0.22466429076624905,0.94466429076624903,1,3.0458546015280419,0.71999999999999997,-2.3258546015280421,,,,
"narrow_multi_obstacle",160,0,2,500,0.00012179399999999999,1,-0.05857335783361628,0.076716171303949254,0.13528952913756553,3,1,-0.05857335783361628,0.076716171303949254,0.13528952913756553,0,-0.71999999999999997,-2.8287785253401756,-2.1087785253401758,2,3.0927563972010734,0.71999999999999997,-2.3727563972010737
"narrow_multi_obstacle",160,1,1,500,9.7879999999999991e-05,0,-0.71999999999999997,0.03703954863605774,0.75703954863605771,2,0,-0.71999999999999997,0.03703954863605774,0.75703954863605771,1,2.9245946115019477,0.71999999999999997,-2.2045946115019479,,,,
"narrow_multi_obstacle",160,2,1,500,9.9306000000000001e-05,1,0.082222383550238254,0.71999999999999997,0.63777761644976172,2,1,0.082222383550238254,0.71999999999999997,0.63777761644976172,0,-0.71999999999999997,-2.6635571255211268,-1.9435571255211268,,,,
"narrow_multi_obstacle",160,3,2,500,0.00012195,1,-0.094863066952778574,-0.091092742365422641,0.0037703245873559332,3,1,-0.094863066952778574,-0.091092742365422641,0.0037703245873559332,0,-0.71999999999999997,-2.7143570824137702,-1.9943570824137702,2,2.8157382079103601,0.71999999999999997,-2.0957382079103599
"narrow_multi_obstacle",161,0,1,500,0.000102342,0,-0.71999999999999997,0.098214924143596116,0.81821492414359609,2,0,-0.71999999999999997,0.098214924143596116,0.81821492414359609,1,3.0467337341139711,0.71999999999999997,-2.3267337341139713,,,,
"narrow_multi_obstacle",161,1,1,500,0.00010127600000000001,1,0.081350217602294217,0.71999999999999997,0.63864978239770576,2,1,0.081350217602294217,0.71999999999999997,0.63864978239770576,0,-0.71999999999999997,-2.6760556869673406,-1.9560556869673407,,,,
"narrow_multi_obstacle",161,2,2,500,0.00011881999999999999,1,-0.074159449868330896,0.15953149036827519,0.23369094023660608,3,1,-0.074159449868330896,0.15953149036827519,0.23369094023660608,0,-0.71999999999999997,-2.7691501695555223,-2.0491501695555225,2,3.0530749116824274,0.71999999999999997,-2.3330749116824272
"narrow_multi_obstacle",161,3,1,500,0.00010239,1,0.042468453876021384,0.71999999999999997,0.67753154612397859,2,1,0.042468453876021384,0.71999999999999997,0.67753154612397859,0,-0.71999999999999997,-2.6577107769413288,-1.9377107769413289,,,,
"narrow_multi_obstacle",161,4,1,500,0.00010109,0,-0.71999999999999997,0.1145810477779734,0.83458104777797337,2,0,-0.71999999999999997,0.1145810477779734,0.83458104777797337,1,2.9486014628266783,0.71999999999999997,-2.2286014628266786,,,,
"narrow_multi_obstacle",162,0,1,500,0.00010169400000000001,0,-0.71999999999999997,-0.032691596109566401,0.68730840389043357,2,0,-0.71999999999999997,-0.032691596109566401,0.68730840389043357,1,2.9210998140601054,0.71999999999999997,-2.2010998140601057,,,,
"narrow_multi_obstacle",162,1,1,500,0.000101482,1,0.092881853470045295,0.71999999999999997,0.62711814652995468,2,1,0.092881853470045295,0.71999999999999997,0.62711814652995468,0,-0.71999999999999997,-2.6202394850753983,-1.9002394850753983,,,,
"narrow_multi_obstacle",162,2,2,500,0.000120944,1,0.062275324768380047,0.040664932742007887,-0.021610392026372161,3,1,0.062275324768380047,0.040664932742007887,-0.021610392026372161,0,-0.71999999999999997,-2.7027500677286866,-1.9827500677286867,2,2.9880022983765002,0.71999999999999997,-2.2680022983765005
"narrow_multi_obstacle",162,3,1,500,0.00010205799999999999,1,-0.17494574492092263,0.71999999999999997,0.8949457449209226,2,1,-0.17494574492092263,0.71999999999999997,0.8949457449209226,0,-0.71999999999999997,-2.8119113290051514,-2.0919113290051516,,,,
"narrow_multi_obstacle",162,4,1,500,0.00010262200000000001,0,-0.71999999999999997,0.20691602264195308,0.92691602264195305,2,0,-0.71999999999999997,0.20691602264195308,0.92691602264195305,1,3.0554425468465718,0.71999999999999997,-2.335442546846572,,,,
"narrow_multi_obstacle",163,0,1,500,0.000102706,1,0.036599024421234194,0.71999999999999997,0.68340097557876578,2,1,0.036599024421234194,0.71999999999999997,0.68340097557876578,0,-0.71999999999999997,-2.7368917181901087,-2.0168917181901085,,,,
"narrow_multi_obstacle",163,1,1,500,0.000102574,0,-0.71999999999999997,0.047742909497791031,0.767742909497791,2,0,-0.71999999999999997,0.047742909497791031,0.767742909497791,1,3.0421559839097103,0.71999999999999997,-2.3221559839097106,,,,
"narrow_multi_obstacle",163,2,1,500,0.000102784,1,-0.010734080734282614,0.71999999999999997,0.73073408073428259,2,1,-0.010734080734282614,0.71999999999999997,0.73073408073428259,0,-0.71999999999999997,-2.7211111989110552,-2.0011111989110555,,,,
"narrow_multi_obstacle",163,3,1,500,0.00010298599999999999,0,-0.71999999999999997,0.14629180137982689,0.86629180137982686,2,0,-0.71999999999999997,0.14629180137982689,0.86629180137982686,1,2.9909715828588492,0.71999999999999997,-2.2709715828588495,,,,
"narrow_multi_obstacle",163,4,2,500,0.00012231399999999999,1,-0.078781256549254719,0.26866002220912044,0.34744127875837516,3,1,-0.078781256549254719,0.26866002220912044,0.34744127875837516,0,-0.71999999999999997,-2.7035650823775335,-1.9835650823775335,2,3.1031303062872659,0.71999999999999997,-2.3831303062872662
"narrow_multi_obstacle",164,0,2,500,0.00011945,1,0.077902879081649834,-0.0036489928516250103,-0.081551871933274844,3,1,0.077902879081649834,-0.0036489928516250103,-0.081551871933274844,0,-0.71999999999999997,-2.6611337967564479,-1.9411337967564479,2,3.0017425938708113,0.71999999999999997,-2.2817425938708116
"narrow_multi_obstacle",164,1,1,500,0.000103868,1,-0.022010775701320151,0.71999999999999997,0.74201077570132012,2,1,-0.022010775701320151,0.71999999999999997,0.74201077570132012,0,-0.71999999999999997,-2.7956931617706999,-2.0756931617707002,,,,
"narrow_multi_obstacle",164,2,1,500,0.000109916,0,-0.71999999999999997,0.097487751700417569,0.81748775170041754,2,0,-0.71999999999999997,0.097487751700417569,0.81748775170041754,1,2.995438875126688,0.71999999999999997,-2.2754388751266879,,,,
"narrow_multi_obstacle",164,3,1,500,0.000103282,0,-0.71999999999999997,0.18490695391013734,0.90490695391013731,2,0,-0.71999999999999997,0.18490695391013734,0.90490695391013731,1,3.0197517704689298,0.71999999999999997,-2.2997517704689301,,,,
"narrow_multi_obstacle",164,4,1,500,0.000101122,1,-0.0464393563678418,0.71999999999999997,0.76643935636784177,2,1,-0.0464393563678418,0.71999999999999997,0.76643935636784177,0,-0.71999999999999997,-2.6897508829679646,-1.9697508829679646,,,,
"narrow_multi_obstacle",165,0,1,500,0.000100376,1,0.1758948468058632,0.71999999999999997,0.54410515319413677,2,1,0.1758948468058632,0.71999999999999997,0.54410515319413677,0,-0.71999999999999997,-2.5436768413406368,-1.8236768413406368,,,,
"narrow_multi_obstacle",165,1,1,500,0.00010115399999999999,0,-0.71999999999999997,0.0026105670399076963,0.72261056703990767,2,0,-0.71999999999999997,0.0026105670399076963,0.72261056703990767,1,2.9667161151536794,0.71999999999999997,-2.2467161151536796,,,,
"narrow_multi_obstacle",165,2,2,500,0.00012041000000000001,1,-0.037843394673812591,0.10442481464683029,0.14226820932064288,3,1,-0.037843394673812591,0.10442481464683029,0.14226820932064288,0,-0.71999999999999997,-2.7616784833273833,-2.0416784833273836,2,2.935408533932955,0.71999999999999997,-2.2154085339329548
"narrow_multi_obstacle",165,3,1,500,0.00010106400000000001,1,-0.13037588275508805,0.71999999999999997,0.85037588275508802,2,1,-0.13037588275508805,0.71999999999999997,0.85037588275508802,0,-0.71999999999999997,-2.7017639585982223,-1.9817639585982223,,,,
"narrow_multi_obstacle",165,4,1,500,0.00010170800000000001,0,-0.71999999999999997,0.16855709596848212,0.88855709596848209,2,0,-0.71999999999999997,0.16855709596848212,0.88855709596848209,1,2.9377650944374247,0.71999999999999997,-2.217765094437425,,,,
"narrow_multi_obstacle",166,0,2,500,0.000118682,1,0.0045492369699193791,0.11477215825464548,0.11022292128472611,3,1,0.0045492369699193791,0.11477215825464548,0.11022292128472611,0,-0.71999999999999997,-2.7113134569256063,-1.9913134569256064,2,3.0470672968245012,0.71999999999999997,-2.3270672968245014
"narrow_multi_obstacle",166,1,2,500,0.00011820400000000001,1,0.023273411422651602,0.13659017223354697,0.11331676081089537,3,1,0.023273411422651602,0.13659017223354697,0.11331676081089537,0,-0.71999999999999997,-2.6666980772703073,-1.9466980772703073,2,2.9659604345448938,0.71999999999999997,-2.2459604345448936
"narrow_multi_obstacle",166,2,2,500,0.00012022399999999999,1,-0.035861433868964232,-0.012232925934551719,0.023628507934412513,3,1,-0.035861433868964232,-0.012232925934551719,0.023628507934412513,0,-0.71999999999999997,-2.6894183304110948,-1.9694183304110948,2,2.8736063690123483,0.71999999999999997,-2.1536063690123486
"narrow_multi_obstacle",167,0,2,500,0.00012211399999999999,1,-0.0065236450979979654,-0.0054335251695156739,0.0010901199284822916,3,1,-0.0065236450979979654,-0.0054335251695156739,0.0010901199284822916,0,-0.71999999999999997,-2.8099085888283808,-2.089908588828381,2,2.9938263273660173,0.71999999999999997,-2.2738263273660175
"narrow_multi_obstacle",167,1,2,500,0.00012198399999999999,1,-0.02063468516799194,0.046667907877452786,0.067302593045444725,3,1,-0.02063468516799194,0.046667907877452786,0.067302593045444725,0,-0.71999999999999997,-2.7720212096042207,-2.052021209604221,2,3.0528873729551043,0.71999999999999997,-2.3328873729551045
"narrow_multi_obstacle",167,2,1,500,0.000100566,1,0.051931911962410204,0.71999999999999997,0.66806808803758977,2,1,0.051931911962410204,0.71999999999999997,0.66806808803758977,0,-0.71999999999999997,-2.6214643525309906,-1.9014643525309907,,,,
"narrow_multi_obstacle",167,3,1,500,9.9951999999999994e-05,0,-0.71999999999999997,0.09499783785986482,0.81499783785986479,2,0,-0.71999999999999997,0.09499783785986482,0.81499783785986479,1,2.9993622382638425,0.71999999999999997,-2.2793622382638423,,,,
"narrow_multi_obstacle",168,0,1,500,0.00010098799999999999,1,-0.022128590139214532,0.71999999999999997,0.74212859013921451,2,1,-0.022128590139214532,0.71999999999999997,0.74212859013921451,0,-0.71999999999999997,-2.7170735943507465,-1.9970735943507465,,,,
"narrow_multi_obstacle",168,1,1,500,0.0001015,0,-0.71999999999999997,0.02457217613567253,0.7445721761356725,2,0,-0.71999999999999997,0.02457217613567253,0.7445721761356725,1,3.0378480118383351,0.71999999999999997,-2.3178480118383353,,,,
"narrow_multi_obstacle",168,2,2,500,0.00012290000000000001,1,0.067406797481992964,0.037128047700525801,-0.030278749781467162,3,1,0.067406797481992964,0.037128047700525801,-0.030278749781467162,0,-0.71999999999999997,-2.6188276898152578,-1.8988276898152578,2,2.9314282251221808,0.71999999999999997,-2.2114282251221811
"narrow_multi_obstacle",168,3,2,500,0.00012458599999999999,1,-0.11832765052583238,0.14420388592525701,0.2625315364510894,3,1,-0.11832765052583238,0.14420388592525701,0.2625315364510894,0,-0.71999999999999997,-2.7632242381937147,-2.0432242381937149,2,2.9314635664480893,0.71999999999999997,-2.2114635664480895
"narrow_multi_obstacle",169,0,1,500,0.000102266,0,-0.71999999999999997,0.10997678590284976,0.82997678590284973,2,0,-0.71999999999999997,0.10997678590284976,0.82997678590284973,1,3.1120916092063835,0.71999999999999997,-2.3920916092063838,,,,
"narrow_multi_obstacle",169,1,1,500,0.000103504,1,0.0044529973019191704,0.71999999999999997,0.7155470026980808,2,1,0.0044529973019191704,0.71999999999999997,0.7155470026980808,0,-0.71999999999999997,-2.7362582461638505,-2.0162582461638507,,,,
"narrow_multi_obstacle",169,2,2,500,0.00012337599999999999,1,-0.19997569636856771,-0.033690235636631538,0.16628546073193617,3,1,-0.19997569636856771,-0.033690235636631538,0.16628546073193617,2,2.8404797571059857,0.71999999999999997,-2.1204797571059855,0,-0.71999999999999997,-2.8667030739435049,-2.1467030739435051
"narrow_multi_obstacle",169,3,2,500,0.00012546199999999999,1,-0.083307576312689369,0.024622390035136332,0.1079299663478257,3,1,-0.083307576312689369,0.024622390035136332,0.1079299663478257,0,-0.71999999999999997,-2.7108738909207277,-1.9908738909207278,2,2.9315748339603207,0.71999999999999997,-2.211574833960321
"narrow_multi_obstacle",170,0,2,500,0.00012136199999999999,1,0.022342574749349309,0.065877817955161122,0.043535243205811813,3,1,0.022342574749349309,0.065877817955161122,0.043535243205811813,0,-0.71999999999999997,-2.6680399400633261,-1.9480399400633261,2,3.092225036233156,0.71999999999999997,-2.3722250362331563
"narrow_multi_obstacle",170,1,2,500,0.00011805,1,0.097709458383706149,0.066225011768957787,-0.031484446614748363,3,1,0.097709458383706149,0.066225011768957787,-0.031484446614748363,0,-0.71999999999999997,-2.618982197391039,-1.898982197391039,2,2.960445466598661,0.71999999999999997,-2.2404454665986613
"narrow_multi_obstacle",170,2,2,500,0.00012338799999999999,1,-0.10828172842245465,0.068539000781162818,0.17682072920361747,3,1,-0.10828172842245465,0.068539000781162818,0.17682072920361747,0,-0.71999999999999997,-2.7033954257136412,-1.9833954257136412,2,2.9551887001420916,0.71999999999999997,-2.2351887001420918
"narrow_multi_obstacle",171,0,1,500,0.00010093199999999999,1,0.085929016053058804,0.71999999999999997,0.63407098394694117,2,1,0.085929016053058804,0.71999999999999997,0.63407098394694117,0,-0.71999999999999997,-2.6252894970597174,-1.9052894970597174,,,,
"narrow_multi_obstacle",171,1,1,500,0.000103372,0,-0.71999999999999997,0.056836912038954468,0.77683691203895444,2,0,-0.71999999999999997,0.056836912038954468,0.77683691203895444,1,2.9589265184481501,0.71999999999999997,-2.2389265184481504,,,,
"narrow_multi_obstacle",171,2,2,500,0.00012605799999999999,1,0.030736460287030143,0.15045362656836425,0.11971716628133411,3,1,0.030736460287030143,0.15045362656836425,0.11971716628133411,0,-0.71999999999999997,-2.6406174570392658,-1.9206174570392658,2,3.0131051393816985,0.71999999999999997,-2.2931051393816988
"narrow_multi_obstacle",171,3,2,500,0.00012886200000000001,1,-0.08029448801053185,0.077427452694070142,0.15772194070460199,3,1,-0.08029448801053185,0.077427452694070142,0.15772194070460199,0,-0.71999999999999997,-2.6545670928471501,-1.9345670928471501,2,2.912249843584938,0.71999999999999997,-2.1922498435849382
"narrow_multi_obstacle",172,0,2,500,0.00012342200000000001,1,-0.0030782643031403989,0.12932610222424534,0.13240436652738574,3,1,-0.0030782643031403989,0.12932610222424534,0.13240436652738574,0,-0.71999999999999997,-2.7461218914955312,-2.0261218914955315,2,3.0589884224213297,0.71999999999999997,-2.3389884224213295
"narrow_multi_obstacle",172,1,2,500,0.00012317599999999999,1,0.037462223875333267,0.014352660351931057,-0.02310956352340221,3,1,0.037462223875333267,0.014352660351931057,-0.02310956352340221,0,-0.71999999999999997,-2.6568842574905807,-1.9368842574905807,2,2.9904468551502053,0.71999999999999997,-2.2704468551502055
"narrow_multi_obstacle",172,2,2,500,0.000120684,1,-0.092273412763292262,0.13301050861229569,0.22528392137558795,3,1,-0.092273412763292262,0.13301050861229569,0.22528392137558795,0,-0.71999999999999997,-2.6716626275305417,-1.9516626275305418,2,3.0150705189087406,0.71999999999999997,-2.2950705189087408
"narrow_multi_obstacle",173,0,2,500,0.00012354,1,-0.1039931102163334,0.12155500697847588,0.22554811719480927,3,1,-0.1039931102163334,0.12155500697847588,0.22554811719480927,0,-0.71999999999999997,-2.8173464050120463,-2.0973464050120461,2,3.0786067998976834,0.71999999999999997,-2.3586067998976832
"narrow_multi_obstacle",173,1,1,500,9.9115999999999991e-05,0,-0.71999999999999997,0.056049895506673941,0.77604989550667391,2,0,-0.71999999999999997,0.056049895506673941,0.77604989550667391,1,2.9179777661932449,0.71999999999999997,-2.1979777661932447,,,,
"narrow_multi_obstacle",173,2,1,500,0.00010373999999999999,1,-0.016537423892451164,0.71999999999999997,0.73653742389245114,2,1,-0.016537423892451164,0.71999999999999997,0.73653742389245114,0,-0.71999999999999997,-2.7283833933465855,-2.0083833933465858,,,,
"narrow_multi_obstacle",173,3,1,500,0.00010130999999999999,0,-0.71999999999999997,0.08844657162648506,0.80844657162648503,2,0,-0.71999999999999997,0.08844657162648506,0.80844657162648503,1,2.9589897725049501,0.71999999999999997,-2.2389897725049499,,,,
"narrow_multi_obstacle",173,4,1,500,0.000104968,1,-0.14634357547371812,0.71999999999999997,0.8663435754737181,2,1,-0.14634357547371812,0.71999999999999997,0.8663435754737181,0,-0.71999999999999997,-2.752721703679927,-2.0327217036799272,,,,
"narrow_multi_obstacle",174,0,1,500,0.00010097200000000001,1,-0.013299543623467525,0.71999999999999997,0.7332995436234675,2,1,-0.013299543623467525,0.71999999999999997,0.7332995436234675,0,-0.71999999999999997,-2.7579716685975639,-2.0379716685975637,,,,
"narrow_multi_obstacle",174,1,1,500,0.00010186,0,-0.71999999999999997,0.1438956811566745,0.86389568115667448,2,0,-0.71999999999999997,0.1438956811566745,0.86389568115667448,1,3.1105845676728032,0.71999999999999997,-2.3905845676728035,,,,
"narrow_multi_obstacle",174,2,2,500,0.00012300599999999999,1,-0.055615433263750402,0.12732829352604624,0.18294372678979665,3,1,-0.055615433263750402,0.12732829352604624,0.18294372678979665,0,-0.71999999999999997,-2.7543104978440756,-2.0343104978440758,2,3.0653216265084149,0.71999999999999997,-2.3453216265084151
"narrow_multi_obstacle",174,3,1,500,0.00010099800000000001,1,-0.13938601024111152,0.71999999999999997,0.8593860102411115,2,1,-0.13938601024111152,0.71999999999999997,0.8593860102411115,0,-0.71999999999999997,-2.6996305658136635,-1.9796305658136635,,,,
"narrow_multi_obstacle",174,4,1,500,0.000101202,0,-0.71999999999999997,0.20592275674617144,0.92592275674617142,2,0,-0.71999999999999997,0.20592275674617144,0.92592275674617142,1,2.9632878546137951,0.71999999999999997,-2.2432878546137953,,,,
"narrow_multi_obstacle",175,0,2,500,0.00012191200000000001,1,-0.019911573808076621,-0.07422209068840524,-0.054310516880328619,3,1,-0.019911573808076621,-0.07422209068840524,-0.054310516880328619,0,-0.71999999999999997,-2.8172785696454046,-2.0972785696454048,2,2.9585133904370471,0.71999999999999997,-2.2385133904370473
"narrow_multi_obstacle",175,1,1,500,9.9904000000000011e-05,0,-0.71999999999999997,0.060354214012442231,0.7803542140124422,2,0,-0.71999999999999997,0.060354214012442231,0.7803542140124422,1,3.052791424921987,0.71999999999999997,-2.3327914249219868,,,,
"narrow_multi_obstacle",175,2,1,500,0.000101308,1,-0.041498393798212296,0.71999999999999997,0.76149839379821227,2,1,-0.041498393798212296,0.71999999999999997,0.76149839379821227,0,-0.71999999999999997,-2.7367462443466559,-2.0167462443466562,,,,
"narrow_multi_obstacle",175,3,2,500,0.00012301400000000001,1,-0.20256359749289077,0.027242644990890685,0.22980624248378145,3,1,-0.20256359749289077,0.027242644990890685,0.22980624248378145,0,-0.71999999999999997,-2.8187517533145687,-2.098751753314569,2,2.9008341773120145,0.71999999999999997,-2.1808341773120148
"narrow_multi_obstacle",176,0,2,500,0.00012152200000000001,1,0.003987611223538412,0.060235095413087469,0.056247484189549057,3,1,0.003987611223538412,0.060235095413087469,0.056247484189549057,0,-0.71999999999999997,-2.701498555482436,-1.981498555482436,2,3.05672988248946,0.71999999999999997,-2.3367298824894602
"narrow_multi_obstacle",176,1,1,500,0.00010026599999999999,0,-0.71999999999999997,0.005619764216546308,0.72561976421654628,2,0,-0.71999999999999997,0.005619764216546308,0.72561976421654628,1,2.9479297369071311,0.71999999999999997,-2.2279297369071314,,,,
"narrow_multi_obstacle",176,2,1,500,0.00010025000000000001,1,-0.039650102135432963,0.71999999999999997,0.75965010213543294,2,1,-0.039650102135432963,0.71999999999999997,0.75965010213543294,0,-0.71999999999999997,-2.6959940681330843,-1.9759940681330843,,,,
"narrow_multi_obstacle",176,3,2,500,0.00012359,1,-0.11242923405545691,0.21721637289954332,0.32964560695500023,3,1,-0.11242923405545691,0.21721637289954332,0.32964560695500023,0,-0.71999999999999997,-2.7094816518802349,-1.989481651880235,2,3.0297104463590161,0.71999999999999997,-2.3097104463590163
"narrow_multi_obstacle",177,0,1,500,0.000100022,0,-0.71999999999999997,-0.050676778806924228,0.66932322119307575,2,0,-0.71999999999999997,-0.050676778806924228,0.66932322119307575,1,2.9967617787318384,0.71999999999999997,-2.2767617787318386,,,,
"narrow_multi_obstacle",177,1,1,500,0.000100924,1,-0.039244166174689177,0.71999999999999997,0.75924416617468915,2,1,-0.039244166174689177,0.71999999999999997,0.75924416617468915,0,-0.71999999999999997,-2.8445991740546686,-2.1245991740546684,,,,
"narrow_multi_obstacle",177,2,2,500,0.00012119000000000001,1,-0.0013835097825711795,0.037779057518950498,0.039162567301521678,3,1,-0.0013835097825711795,0.037779057518950498,0.039162567301521678,0,-0.71999999999999997,-2.7321004481312317,-2.0121004481312319,2,3.0391999228065778,0.71999999999999997,-2.3191999228065781
"narrow_multi_obstacle",177,3,2,500,0.000121746,1,-0.015295306448540158,0.023652297156666391,0.038947603605206549,3,1,-0.015295306448540158,0.023652297156666391,0.038947603605206549,0,-0.71999999999999997,-2.663762587230857,-1.943762587230857,2,2.9040919574943436,0.71999999999999997,-2.1840919574943438
"narrow_multi_obstacle",178,0,2,500,0.00012364400000000001,1,-0.082404534562756426,-0.046416653965595689,0.035987880597160737,3,1,-0.082404534562756426,-0.046416653965595689,0.035987880597160737,0,-0.71999999999999997,-2.8017448589528984,-2.0817448589528986,2,2.9043057023632342,0.71999999999999997,-2.1843057023632344
"narrow_multi_obstacle",178,1,1,500,9.7789999999999997e-05,1,-0.16513804391427422,0.71999999999999997,0.8851380439142742,2,1,-0.16513804391427422,0.71999999999999997,0.8851380439142742,0,-0.71999999999999997,-2.8743269179312385,-2.1543269179312388,,,,
"narrow_multi_obstacle",178,2,1,500,0.00010356,0,-0.71999999999999997,-0.014122791036951465,0.70587720896304851,2,0,-0.71999999999999997,-0.014122791036951465,0.70587720896304851,1,2.8693409167620567,0.71999999999999997,-2.149340916762057,,,,
"narrow_multi_obstacle",178,3,1,500,0.00010495400000000001,0,-0.71999999999999997,0.065714272463713419,0.78571427246371339,2,0,-0.71999999999999997,0.065714272463713419,0.78571427246371339,1,2.9315522796214468,0.71999999999999997,-2.2115522796214471,,,,
"narrow_multi_obstacle",178,4,1,500,0.000108582,1,0.094343114016812724,0.71999999999999997,0.62565688598318725,2,1,0.094343114016812724,0.71999999999999997,0.62565688598318725,0,-0.71999999999999997,-2.589960757244925,-1.8699607572449251,,,,
"narrow_multi_obstacle",179,0,2,500,0.000124098,1,0.05235151793145687,0.090646357719151638,0.038294839787694768,3,1,0.05235151793145687,0.090646357719151638,0.038294839787694768,0,-0.71999999999999997,-2.6836243340305916,-1.9636243340305917,2,3.0463400766869104,0.71999999999999997,-2.3263400766869102
"narrow_multi_obstacle",179,1,2,500,0.00012114999999999999,1,-0.033858054980079322,0.15031040401563533,0.18416845899571466,3,1,-0.033858054980079322,0.15031040401563533,0.18416845899571466,0,-0.71999999999999997,-2.6916883794507829,-1.9716883794507829,2,2.9821930920388384,0.71999999999999997,-2.2621930920388387
"narrow_multi_obstacle",179,2,2,500,0.000119614,1,-0.10652524143066233,0.12431204745884172,0.23083728888950406,3,1,-0.10652524143066233,0.12431204745884172,0.23083728888950406,0,-0.71999999999999997,-2.749312392110979,-2.0293123921109792,2,2.9042429236371774,0.71999999999999997,-2.1842429236371776
"narrow_multi_obstacle",180,0,1,500,0.00010080400000000001,1,-0.037331231588584313,0.71999999999999997,0.75733123158858429,2,1,-0.037331231588584313,0.71999999999999997,0.75733123158858429,0,-0.71999999999999997,-2.7760579802266037,-2.0560579802266039,,,,
"narrow_multi_obstacle",180,1,1,500,0.00010136599999999999,0,-0.71999999999999997,0.12720973930394641,0.84720973930394639,2,0,-0.71999999999999997,0.12720973930394641,0.84720973930394639,1,3.0999238112508198,0.71999999999999997,-2.3799238112508201,,,,
"narrow_multi_obstacle",180,2,1,500,0.000100636,1,0.051643825165527124,0.71999999999999997,0.66835617483447285,2,1,0.051643825165527124,0.71999999999999997,0.66835617483447285,0,-0.71999999999999997,-2.6788426757043498,-1.9588426757043498,,,,
"narrow_multi_obstacle",180,3,1,500,0.00010137,0,-0.71999999999999997,-0.066545745130221379,0.65345425486977859,2,0,-0.71999999999999997,-0.066545745130221379,0.65345425486977859,1,2.91992723156884,0.71999999999999997,-2.1999272315688403,,,,
"narrow_multi_obstacle",180,4,1,500,0.000102286,0,-0.71999999999999997,0.099945923104152401,0.81994592310415237,2,0,-0.71999999999999997,0.099945923104152401,0.81994592310415237,1,2.9109048627429486,0.71999999999999997,-2.1909048627429488,,,,
"narrow_multi_obstacle",180,5,1,500,0.00010166,1,-0.18362543652255692,0.71999999999999997,0.90362543652255689,2,1,-0.18362543652255692,0.71999999999999997,0.90362543652255689,0,-0.71999999999999997,-2.8483509052950549,-2.1283509052950551,,,,
"narrow_multi_obstacle",181,0,1,500,0.000102612,0,-0.71999999999999997,0.0091831708764096298,0.7291831708764096,2,0,-0.71999999999999997,0.0091831708764096298,0.7291831708764096,1,2.9094407783674567,0.71999999999999997,-2.189440778367457,,,,
"narrow_multi_obstacle",181,1,1,500,0.000104078,1,0.027822505701002642,0.71999999999999997,0.69217749429899733,2,1,0.027822505701002642,0.71999999999999997,0.69217749429899733,0,-0.71999999999999997,-2.7172687860352536,-1.9972687860352536,,,,
"narrow_multi_obstacle",181,2,2,500,0.00012701999999999999,1,-0.085819379106724103,0.075205587990645029,0.16102496709736913,3,1,-0.085819379106724103,0.075205587990645029,0.16102496709736913,0,-0.71999999999999997,-2.7565590039393846,-2.0365590039393844,2,3.0403286872248354,0.71999999999999997,-2.3203286872248352
"narrow_multi_obstacle",181,3,2,500,0.00012347599999999999,1,-0.089049965819147259,0.096305495990650858,0.18535546180979812,3,1,-0.089049965819147259,0.096305495990650858,0.18535546180979812,0,-0.71999999999999997,-2.6921001944605898,-1.9721001944605898,2,2.9925390112995354,0.71999999999999997,-2.2725390112995356
"narrow_multi_obstacle",182,0,2,500,0.00011939600000000001,1,0.024816165143820346,0.07686593708553735,0.052049771941717005,3,1,0.024816165143820346,0.07686593708553735,0.052049771941717005,0,-0.71999999999999997,-2.7020254599532625,-1.9820254599532625,2,2.9965707149511505,0.71999999999999997,-2.2765707149511503
"narrow_multi_obstacle",182,1,2,500,0.000119652,1,-0.005666886186720399,0.10082723883011102,0.10649412501683142,3,1,-0.005666886186720399,0.10082723883011102,0.10649412501683142,0,-0.71999999999999997,-2.729813690606159,-2.0098136906061592,2,3.0467034898120331,0.71999999999999997,-2.3267034898120329
"narrow_multi_obstacle",182,2,1,500,9.7486000000000008e-05,0,-0.71999999999999997,0.035812797107896532,0.75581279710789651,2,0,-0.71999999999999997,0.035812797107896532,0.75581279710789651,1,2.9107888311724386,0.71999999999999997,-2.1907888311724388,,,,
"narrow_multi_obstacle",182,3,1,500,0.000102118,1,-0.094689744130690645,0.71999999999999997,0.81468974413069062,2,1,-0.094689744130690645,0.71999999999999997,0.81468974413069062,0,-0.71999999999999997,-2.7180768561529116,-1.9980768561529116,,,,
"narrow_multi_obstacle",183,0,1,500,9.8961999999999992e-05,0,-0.71999999999999997,0.010650443823655209,0.73065044382365518,2,0,-0.71999999999999997,0.010650443823655209,0.73065044382365518,1,3.0473010323555374,0.71999999999999997,-2.3273010323555372,,,,
"narrow_multi_obstacle",183,1,1,500,0.000102092,1,-0.039927773975714675,0.71999999999999997,0.75992777397571465,2,1,-0.039927773975714675,0.71999999999999997,0.75992777397571465,0,-0.71999999999999997,-2.8160954696419429,-2.0960954696419432,,,,
"narrow_multi_obstacle",183,2,1,500,0.000101924,1,0.031439239047265533,0.71999999999999997,0.68856076095273444,2,1,0.031439239047265533,0.71999999999999997,0.68856076095273444,0,-0.71999999999999997,-2.6850090421510124,-1.9650090421510125,,,,
"narrow_multi_obstacle",183,3,1,500,0.000101122,0,-0.71999999999999997,0.069379966713574159,0.78937996671357413,2,0,-0.71999999999999997,0.069379966713574159,0.78937996671357413,1,2.9792006737476511,0.71999999999999997,-2.2592006737476513,,,,
"narrow_multi_obstacle",183,4,2,500,0.00012836800000000002,1,-0.091246428222907738,0.14405471157882488,0.23530113980173262,3,1,-0.091246428222907738,0.14405471157882488,0.23530113980173262,0,-0.71999999999999997,-2.7840852387930139,-2.0640852387930142,2,2.9810475394987757,0.71999999999999997,-2.2610475394987759
"narrow_multi_obstacle",184,0,1,500,9.6516000000000009e-05,0,-0.71999999999999997,0.0091180778640758131,0.72911807786407579,2,0,-0.71999999999999997,0.0091180778640758131,0.72911807786407579,1,3.0185137462572253,0.71999999999999997,-2.2985137462572256,,,,
"narrow_multi_obstacle",184,1,1,500,9.7538e-05,1,-0.063149011515561515,0.71999999999999997,0.78314901151556149,2,1,-0.063149011515561515,0.71999999999999997,0.78314901151556149,0,-0.71999999999999997,-2.8488998651476991,-2.1288998651476989,,,,
"narrow_multi_obstacle",184,2,2,500,0.00012181200000000001,1,-0.17683245254264324,0.12111152204194608,0.29794397458458932,3,1,-0.17683245254264324,0.12111152204194608,0.29794397458458932,0,-0.71999999999999997,-2.8190252443042159,-2.0990252443042161,2,3.018862436088658,0.71999999999999997,-2.2988624360886583
"narrow_multi_obstacle",184,3,2,500,0.000121896,1,-0.057001718198000484,0.11242838118883269,0.16943009938683318,3,1,-0.057001718198000484,0.11242838118883269,0.16943009938683318,0,-0.71999999999999997,-2.7054931747628421,-1.9854931747628422,2,2.8768199277088033,0.71999999999999997,-2.1568199277088036
"narrow_multi_obstacle",185,0,1,500,9.6346000000000002e-05,0,-0.71999999999999997,0.087788622384634696,0.80778862238463467,2,0,-0.71999999999999997,0.087788622384634696,0.80778862238463467,1,3.0601554725968674,0.71999999999999997,-2.3401554725968676,,,,
"narrow_multi_obstacle",185,1,1,500,0.00010303600000000001,1,-0.089219551681526843,0.71999999999999997,0.80921955168152682,2,1,-0.089219551681526843,0.71999999999999997,0.80921955168152682,0,-0.71999999999999997,-2.8776072056303921,-2.1576072056303923,,,,
"narrow_multi_obstacle",185,2,1,500,0.000107268,0,-0.71999999999999997,0.06358408766510526,0.78358408766510523,2,0,-0.71999999999999997,0.06358408766510526,0.78358408766510523,1,3.0222043524453559,0.71999999999999997,-2.3022043524453562,,,,
"narrow_multi_obstacle",185,3,1,500,0.00010710799999999999,1,-0.16424629594214224,0.71999999999999997,0.88424629594214221,2,1,-0.16424629594214224,0.71999999999999997,0.88424629594214221,0,-0.71999999999999997,-2.8786330796799127,-2.1586330796799125,,,,
"narrow_multi_obstacle",185,4,1,500,0.00010144599999999999,1,-0.016678871695502639,0.71999999999999997,0.73667887169550261,2,1,-0.016678871695502639,0.71999999999999997,0.73667887169550261,0,-0.71999999999999997,-2.73864478767804,-2.0186447876780402,,,,
"narrow_multi_obstacle",185,5,1,500,0.000100958,0,-0.71999999999999997,0.19530471966965135,0.91530471966965132,2,0,-0.71999999999999997,0.19530471966965135,0.91530471966965132,1,3.0114525290511152,0.71999999999999997,-2.2914525290511154,,,,
"narrow_multi_obstacle",186,0,1,500,0.00010167600000000001,0,-0.71999999999999997,0.13259712736825757,0.85259712736825755,2,0,-0.71999999999999997,0.13259712736825757,0.85259712736825755,1,3.0806576035772499,0.71999999999999997,-2.3606576035772502,,,,
"narrow_multi_obstacle",186,1,1,500,0.000101618,1,-0.029737590861300678,0.71999999999999997,0.74973759086130065,2,1,-0.029737590861300678,0.71999999999999997,0.74973759086130065,0,-0.71999999999999997,-2.7316362389512356,-2.0116362389512359,,,,
"narrow_multi_obstacle",186,2,2,500,0.000124144,1,-0.040857956166366671,0.18638788606440015,0.22724584223076683,3,1,-0.040857956166366671,0.18638788606440015,0.22724584223076683,0,-0.71999999999999997,-2.7727891845722956,-2.0527891845722959,2,3.1118397890808343,0.71999999999999997,-2.3918397890808345
"narrow_multi_obstacle",186,3,2,500,0.000121756,1,0.033513108829537064,0.12063857527537625,0.087125466445839184,3,1,0.033513108829537064,0.12063857527537625,0.087125466445839184,0,-0.71999999999999997,-2.6227455247489013,-1.9027455247489014,2,2.9825459848583362,0.71999999999999997,-2.2625459848583365
"narrow_multi_obstacle",187,0,2,500,0.000120074,1,0.090627713645940355,0.046126721250285607,-0.044500992395654748,3,1,0.090627713645940355,0.046126721250285607,-0.044500992395654748,0,-0.71999999999999997,-2.6441771727328689,-1.9241771727328689,2,2.9538661628704519,0.71999999999999997,-2.2338661628704521
"narrow_multi_obstacle",187,1,2,500,0.000121074,1,-0.074138777462340766,-0.051270391859782549,0.022868385602558217,3,1,-0.074138777462340766,-0.051270391859782549,0.022868385602558217,0,-0.71999999999999997,-2.797286616363563,-2.0772866163635628,2,2.9122913271631101,0.71999999999999997,-2.1922913271631099
"narrow_multi_obstacle",187,2,2,500,0.00012239600000000001,1,-0.060658645819857249,0.02479482055148563,0.085453466371342879,3,1,-0.060658645819857249,0.02479482055148563,0.085453466371342879,0,-0.71999999999999997,-2.6801468525375527,-1.9601468525375527,2,2.9099434798558947,0.71999999999999997,-2.189943479855895
"narrow_multi_obstacle",188,0,2,500,0.00012142,1,-0.09738967160628631,0.089188224596874255,0.18657789620316056,3,1,-0.09738967160628631,0.089188224596874255,0.18657789620316056,0,-0.71999999999999997,-2.8330259188875506,-2.1130259188875504,2,3.0361045474754471,0.71999999999999997,-2.3161045474754474
"narrow_multi_obstacle",188,1,1,500,0.000101242,0,-0.71999999999999997,0.0036657025776871688,0.72366570257768714,2,0,-0.71999999999999997,0.0036657025776871688,0.72366570257768714,1,2.9698637181150858,0.71999999999999997,-2.249863718115086,,,,
"narrow_multi_obstacle",188,2,1,500,0.00010162599999999999,1,-0.14806163724698052,0.71999999999999997,0.86806163724698049,2,1,-0.14806163724698052,0.71999999999999997,0.86806163724698049,0,-0.71999999999999997,-2.7770373973396261,-2.0570373973396263,,,,
"narrow_multi_obstacle",188,3,1,500,9.7836000000000003e-05,0,-0.71999999999999997,0.069240183931767341,0.78924018393176731,2,0,-0.71999999999999997,0.069240183931767341,0.78924018393176731,1,2.953926029574546,0.71999999999999997,-2.2339260295745458,,,,
"narrow_multi_obstacle",188,4,1,500,0.00010090999999999999,1,-0.13206688737892658,0.71999999999999997,0.85206688737892655,2,1,-0.13206688737892658,0.71999999999999997,0.85206688737892655,0,-0.71999999999999997,-2.7166725072852431,-1.9966725072852431,,,,
"narrow_multi_obstacle",189,0,1,500,0.00010255,1,-0.029470934262437076,0.71999999999999997,0.74947093426243705,2,1,-0.029470934262437076,0.71999999999999997,0.74947093426243705,0,-0.71999999999999997,-2.7487491628389118,-2.0287491628389116,,,,
"narrow_multi_obstacle",189,1,1,500,0.00010319200000000001,0,-0.71999999999999997,0.20561588315879487,0.92561588315879484,2,0,-0.71999999999999997,0.20561588315879487,0.92561588315879484,1,3.1412651385167982,0.71999999999999997,-2.421265138516798,,,,
"narrow_multi_obstacle",189,2,2,500,0.00012212799999999999,1,-0.03752871567906868,-0.015613407280960168,0.021915308398108513,3,1,-0.03752871567906868,-0.015613407280960168,0.021915308398108513,0,-0.71999999999999997,-2.7744752774226908,-2.0544752774226911,2,2.9690577189402996,0.71999999999999997,-2.2490577189402998
"narrow_multi_obstacle",189,3,2,500,0.00012687399999999999,1,-0.016131205959183603,0.073623943040379558,0.089755148999563161,3,1,-0.016131205959183603,0.073623943040379558,0.089755148999563161,0,-0.71999999999999997,-2.6652290437297368,-1.9452290437297368,2,2.9169945383298619,0.71999999999999997,-2.1969945383298617
"narrow_multi_obstacle",190,0,2,500,0.000122328,1,0.067913425667880167,0.052182765609786852,-0.015730660058093315,3,1,0.067913425667880167,0.052182765609786852,-0.015730660058093315,0,-0.71999999999999997,-2.6726529820753742,-1.9526529820753742,2,2.9803956489027938,0.71999999999999997,-2.2603956489027937
"narrow_multi_obstacle",190,1,1,500,9.9185999999999995e-05,0,-0.71999999999999997,0.043060897823817834,0.76306089782381781,2,0,-0.71999999999999997,0.043060897823817834,0.76306089782381781,1,3.0145493338695335,0.71999999999999997,-2.2945493338695337,,,,
"narrow_multi_obstacle",190,2,1,500,0.000100734,1,-0.090940570328805981,0.71999999999999997,0.81094057032880595,2,1,-0.090940570328805981,0.71999999999999997,0.81094057032880595,0,-0.71999999999999997,-2.7196577492237211,-1.9996577492237211,,,,
"narrow_multi_obstacle",190,3,2,500,0.00011799,1,-0.049553218537167432,0.1410690605407845,0.19062227907795193,3,1,-0.049553218537167432,0.1410690605407845,0.19062227907795193,0,-0.71999999999999997,-2.7000023027257769,-1.9800023027257769,2,2.9952398818791091,0.71999999999999997,-2.2752398818791093
"narrow_multi_obstacle",191,0,2,500,0.00011987200000000001,1,0.044260661542414592,-0.0044404509634998757,-0.048701112505914468,3,1,0.044260661542414592,-0.0044404509634998757,-0.048701112505914468,0,-0.71999999999999997,-2.7036719681499459,-1.983671968149946,2,2.953598916986941,0.71999999999999997,-2.2335989169869412
"narrow_multi_obstacle",191,1,1,500,9.9166000000000006e-05,1,-0.15253505581183391,0.71999999999999997,0.87253505581183388,2,1,-0.15253505581183391,0.71999999999999997,0.87253505581183388,0,-0.71999999999999997,-2.8631393733892754,-2.1431393733892756,,,,
"narrow_multi_obstacle",191,2,1,500,0.000101916,0,-0.71999999999999997,0.10874745454896084,0.82874745454896082,2,0,-0.71999999999999997,0.10874745454896084,0.82874745454896082,1,2.9321491606317442,0.71999999999999997,-2.2121491606317445,,,,
"narrow_multi_obstacle",191,3,1,500,0.00010129199999999999,1,-0.096192434839698748,0.71999999999999997,0.81619243483969872,2,1,-0.096192434839698748,0.71999999999999997,0.81619243483969872,0,-0.71999999999999997,-2.6995964090664022,-1.9795964090664022,,,,
"narrow_multi_obstacle",191,4,1,500,0.000102272,0,-0.71999999999999997,0.047935349551205597,0.76793534955120557,2,0,-0.71999999999999997,0.047935349551205597,0.76793534955120557,1,2.8472130476443973,0.71999999999999997,-2.1272130476443971,,,,
"narrow_multi_obstacle",192,0,1,500,0.00010171199999999999,0,-0.71999999999999997,0.062363537043284234,0.78236353704328421,2,0,-0.71999999999999997,0.062363537043284234,0.78236353704328421,1,3.0234266634638374,0.71999999999999997,-2.3034266634638376,,,,
"narrow_multi_obstacle",192,1,1,500,0.00010281400000000001,1,0.040718298598355407,0.71999999999999997,0.67928170140164457,2,1,0.040718298598355407,0.71999999999999997,0.67928170140164457,0,-0.71999999999999997,-2.7298043552549278,-2.0098043552549276,,,,
"narrow_multi_obstacle",192,2,2,500,0.000124096,1,-0.0082775109667263536,-0.020678255140228696,-0.012400744173502343,3,1,-0.0082775109667263536,-0.020678255140228696,-0.012400744173502343,0,-0.71999999999999997,-2.6727930515627256,-1.9527930515627256,2,2.9270895293279158,0.71999999999999997,-2.2070895293279156
"narrow_multi_obstacle",192,3,2,500,0.00012704599999999999,1,-0.03600261857946041,0.15907000330269216,0.19507262188215257,3,1,-0.03600261857946041,0.15907000330269216,0.19507262188215257,0,-0.71999999999999997,-2.6081850240123101,-1.8881850240123101,2,3.0250377304639788,0.71999999999999997,-2.3050377304639786
"narrow_multi_obstacle",193,0,2,500,0.00012121400000000001,1,0.11735270328104086,0.056805312617280057,-0.060547390663760803,3,1,0.11735270328104086,0.056805312617280057,-0.060547390663760803,0,-0.71999999999999997,-2.643022756724319,-1.923022756724319,2,3.0913544862771465,0.71999999999999997,-2.3713544862771467
"narrow_multi_obstacle",193,1,2,500,0.00012128,1,-0.059601168234020729,0.080535673051523871,0.1401368412855446,3,1,-0.059601168234020729,0.080535673051523871,0.1401368412855446,0,-0.71999999999999997,-2.805105008447228,-2.0851050084472282,2,3.0468994476378697,0.71999999999999997,-2.3268994476378699
"narrow_multi_obstacle",193,2,2,500,0.000120006,1,-0.082492592180660962,0.16826813057327916,0.25076072275394012,3,1,-0.082492592180660962,0.16826813057327916,0.25076072275394012,0,-0.71999999999999997,-2.719698052295688,-1.999698052295688,2,2.9990028165662386,0.71999999999999997,-2.2790028165662388
"narrow_multi_obstacle",194,0,2,500,0.00012368200000000001,1,-0.052415367352762976,0.059732783454865102,0.11214815080762808,3,1,-0.052415367352762976,0.059732783454865102,0.11214815080762808,0,-0.71999999999999997,-2.7688974973478553,-2.0488974973478555,2,2.9627127747463273,0.71999999999999997,-2.2427127747463276
"narrow_multi_obstacle",194,1,1,500,9.9190000000000004e-05,1,-0.046608215744708303,0.71999999999999997,0.76660821574470828,2,1,-0.046608215744708303,0.71999999999999997,0.76660821574470828,0,-0.71999999999999997,-2.727505944147707,-2.0075059441477068,,,,
"narrow_multi_obstacle",194,2,1,500,0.00010107599999999999,0,-0.71999999999999997,0.058613211616474148,0.77861321161647412,2,0,-0.71999999999999997,0.058613211616474148,0.77861321161647412,1,2.909950490290024,0.71999999999999997,-2.1899504902900242,,,,
"narrow_multi_obstacle",194,3,1,500,0.000101474,1,-0.039904133621192273,0.71999999999999997,0.75990413362119225,2,1,-0.039904133621192273,0.71999999999999997,0.75990413362119225,0,-0.71999999999999997,-2.6692099708190526,-1.9492099708190527,,,,
"narrow_multi_obstacle",194,4,1,500,9.6547999999999998e-05,0,-0.71999999999999997,0.15768947591240789,0.87768947591240787,2,0,-0.71999999999999997,0.15768947591240789,0.87768947591240787,1,2.9542638964603114,0.71999999999999997,-2.2342638964603116,,,,
"narrow_multi_obstacle",195,0,1,500,9.7748e-05,0,-0.71999999999999997,0.0012251981901054698,0.72122519819010544,2,0,-0.71999999999999997,0.0012251981901054698,0.72122519819010544,1,2.9683304923624592,0.71999999999999997,-2.2483304923624594,,,,
"narrow_multi_obstacle",195,1,1,500,9.9474000000000003e-05,1,-0.049729648172248009,0.71999999999999997,0.76972964817224798,2,1,-0.049729648172248009,0.71999999999999997,0.76972964817224798,0,-0.71999999999999997,-2.7860650992293672,-2.066065099229367,,,,
"narrow_multi_obstacle",195,2,2,500,0.000120936,1,-0.14310911435249496,0.10950927115166897,0.25261838550416393,3,1,-0.14310911435249496,0.10950927115166897,0.25261838550416393,0,-0.71999999999999997,-2.8716907266098199,-2.1516907266098197,2,2.9919272426565531,0.71999999999999997,-2.2719272426565533
"narrow_multi_obstacle",195,3,2,500,0.00012199200000000001,1,0.014821988872872005,0.10983982425289396,0.095017835380021953,3,1,0.014821988872872005,0.10983982425289396,0.095017835380021953,0,-0.71999999999999997,-2.6142236640740952,-1.8942236640740953,2,2.9616744651867104,0.71999999999999997,-2.2416744651867102
"narrow_multi_obstacle",196,0,2,500,0.00012736600000000001,1,0.0063444991207375345,0.080832510641313471,0.074488011520575936,3,1,0.0063444991207375345,0.080832510641313471,0.074488011520575936,0,-0.71999999999999997,-2.7492913464055087,-2.0292913464055085,2,3.019596930180672,0.71999999999999997,-2.2995969301806722
"narrow_multi_obstacle",196,1,2,500,0.000123962,1,-0.14154530108980934,0.073543251834809809,0.21508855292461915,3,1,-0.14154530108980934,0.073543251834809809,0.21508855292461915,0,-0.71999999999999997,-2.8198009278948968,-2.099800927894897,2,3.0170697204904409,0.71999999999999997,-2.2970697204904411
"narrow_multi_obstacle",196,2,2,500,0.00012183199999999999,1,-0.023428345890368574,0.13744942698649809,0.16087777287686666,3,1,-0.023428345890368574,0.13744942698649809,0.16087777287686666,0,-0.71999999999999997,-2.6664841895335787,-1.9464841895335787,2,3.0076224602186068,0.71999999999999997,-2.287622460218607
"narrow_multi_obstacle",197,0,2,500,0.000121198,1,-0.023756148626432383,0.014538871720850333,0.038295020347282716,3,1,-0.023756148626432383,0.014538871720850333,0.038295020347282716,0,-0.71999999999999997,-2.8384556920130928,-2.118455692013093,2,3.0057884535590205,0.71999999999999997,-2.2857884535590207
"narrow_multi_obstacle",197,1,2,500,0.000122798,1,0.0052493379142399821,0.12797302507908115,0.12272368716484117,3,1,0.0052493379142399821,0.12797302507908115,0.12272368716484117,0,-0.71999999999999997,-2.6993646974625669,-1.9793646974625669,2,3.0136059387693583,0.71999999999999997,-2.2936059387693586
"narrow_multi_obstacle",197,2,2,500,0.00012230000000000002,1,-0.076030759942230297,0.13098316486134043,0.20701392480357073,3,1,-0.076030759942230297,0.13098316486134043,0.20701392480357073,0,-0.71999999999999997,-2.7079642892460178,-1.9879642892460179,2,3.0738248180021319,0.71999999999999997,-2.3538248180021322
"narrow_multi_obstacle",198,0,2,500,0.000125654,1,-0.018865313911440085,0.11399864725005382,0.1328639611614939,3,1,-0.018865313911440085,0.11399864725005382,0.1328639611614939,0,-0.71999999999999997,-2.7135551313634041,-1.9935551313634041,2,3.0649555437541354,0.71999999999999997,-2.3449555437541356
"narrow_multi_obstacle",198,1,2,500,0.000124688,1,-0.056590990119841589,0.065650088364773485,0.12224107848461507,3,1,-0.056590990119841589,0.065650088364773485,0.12224107848461507,0,-0.71999999999999997,-2.7449807206758825,-2.0249807206758828,2,2.8858623355086181,0.71999999999999997,-2.165862335508618
"narrow_multi_obstacle",198,2,2,500,0.00012606800000000001,1,0.017133094408768201,0.28322552117603661,0.26609242676726841,3,1,0.017133094408768201,0.28322552117603661,0.26609242676726841,0,-0.71999999999999997,-2.6306275422971104,-1.9106275422971104,2,3.0753660815343089,0.71999999999999997,-2.3553660815343092
"narrow_multi_obstacle",199,0,1,500,0.000100184,1,-0.032707206158643087,0.71999999999999997,0.75270720615864306,2,1,-0.032707206158643087,0.71999999999999997,0.75270720615864306,0,-0.71999999999999997,-2.7774563203162055,-2.0574563203162057,,,,
"narrow_multi_obstacle",199,1,1,500,0.00010057000000000001,0,-0.71999999999999997,0.078050810762715805,0.79805081076271578,2,0,-0.71999999999999997,0.078050810762715805,0.79805081076271578,1,3.0274874519262651,0.71999999999999997,-2.3074874519262654,,,,
"narrow_multi_obstacle",199,2,1,500,0.000101326,0,-0.71999999999999997,0.013581413698188216,0.73358141369818819,2,0,-0.71999999999999997,0.013581413698188216,0.73358141369818819,1,2.9598202275356664,0.71999999999999997,-2.2398202275356667,,,,
"narrow_multi_obstacle",199,3,1,500,9.890200000000001e-05,1,-0.033319361658222579,0.71999999999999997,0.75331936165822255,2,1,-0.033319361658222579,0.71999999999999997,0.75331936165822255,0,-0.71999999999999997,-2.710149278789217,-1.990149278789217,,,,
"narrow_multi_obstacle",199,4,1,500,0.000101894,0,-0.71999999999999997,0.1381148817939406,0.85811488179394058,2,0,-0.71999999999999997,0.1381148817939406,0.85811488179394058,1,3.0478173224622118,0.71999999999999997,-2.3278173224622121,,,,
"narrow_multi_obstacle",199,5,1,500,0.00010459999999999999,1,-0.1794391141388112,0.71999999999999997,0.89943911413881117,2,1,-0.1794391141388112,0.71999999999999997,0.89943911413881117,0,-0.71999999999999997,-2.7712716629888998,-2.0512716629889001,,,,
"narrow_multi_obstacle",200,0,2,500,0.00012878400000000001,1,-0.08564560779530872,0.052280216171104454,0.13792582396641317,3,1,-0.08564560779530872,0.052280216171104454,0.13792582396641317,0,-0.71999999999999997,-2.8566108663546634,-2.1366108663546637,2,2.9844589123976188,0.71999999999999997,-2.2644589123976191
"narrow_multi_obstacle",200,1,1,500,0.000100678,1,-0.063071512542507868,0.71999999999999997,0.78307151254250784,2,1,-0.063071512542507868,0.71999999999999997,0.78307151254250784,0,-0.71999999999999997,-2.7848096262145967,-2.064809626214597,,,,
"narrow_multi_obstacle",200,2,1,500,0.000101866,0,-0.71999999999999997,0.041710965640776365,0.76171096564077634,2,0,-0.71999999999999997,0.041710965640776365,0.76171096564077634,1,2.8833208456765562,0.71999999999999997,-2.163320845676556,,,,
"narrow_multi_obstacle",200,3,1,500,0.000100962,1,-0.062936555061080757,0.71999999999999997,0.78293655506108073,2,1,-0.062936555061080757,0.71999999999999997,0.78293655506108073,0,-0.71999999999999997,-2.7025535396558595,-1.9825535396558596,,,,
"narrow_multi_obstacle",200,4,1,500,0.000100466,0,-0.71999999999999997,0.040762337728713405,0.76076233772871338,2,0,-0.71999999999999997,0.040762337728713405,0.76076233772871338,1,2.9110594892930841,0.71999999999999997,-2.1910594892930844,,,,
"narrow_multi_obstacle",201,0,1,500,9.6521999999999995e-05,1,0.11000180604296306,0.71999999999999997,0.60999819395703692,2,1,0.11000180604296306,0.71999999999999997,0.60999819395703692,0,-0.71999999999999997,-2.6851536251709551,-1.9651536251709552,,,,
"narrow_multi_obstacle",201,1,1,500,0.000101,0,-0.71999999999999997,0.11995386331218838,0.83995386331218835,2,0,-0.71999999999999997,0.11995386331218838,0.83995386331218835,1,3.0311006498316955,0.71999999999999997,-2.3111006498316957,,,,
"narrow_multi_obstacle",201,2,2,500,0.00012159399999999999,1,-0.03391532628090399,0.049990102915061119,0.083905429195965109,3,1,-0.03391532628090399,0.049990102915061119,0.083905429195965109,0,-0.71999999999999997,-2.7231082411600953,-2.0031082411600956,2,2.9544807900933159,0.71999999999999997,-2.2344807900933157
"narrow_multi_obstacle",201,3,1,500,0.00010172399999999999,1,-0.11710310906129551,0.71999999999999997,0.83710310906129548,2,1,-0.11710310906129551,0.71999999999999997,0.83710310906129548,0,-0.71999999999999997,-2.8048166140977422,-2.0848166140977424,,,,
"narrow_multi_obstacle",201,4,1,500,0.000103514,0,-0.71999999999999997,0.19209833155842904,0.91209833155842901,2,0,-0.71999999999999997,0.19209833155842904,0.91209833155842901,1,3.0580646829390927,0.71999999999999997,-2.338064682939093,,,,
"narrow_multi_obstacle",202,0,2,500,0.00012428799999999999,1,-0.021360892632615203,0.10190408746354995,0.12326498009616516,3,1,-0.021360892632615203,0.10190408746354995,0.12326498009616516,0,-0.71999999999999997,-2.7870727853817678,-2.0670727853817681,2,3.0419035354485646,0.71999999999999997,-2.3219035354485644
"narrow_multi_obstacle",202,1,2,500,0.00012641399999999999,1,0.0025587472135328859,0.027350185470325084,0.024791438256792198,3,1,0.0025587472135328859,0.027350185470325084,0.024791438256792198,0,-0.71999999999999997,-2.7073194720433502,-1.9873194720433502,2,2.9297443958043226,0.71999999999999997,-2.2097443958043224
"narrow_multi_obstacle",202,2,1,500,0.000100756,1,-0.079972951178667095,0.71999999999999997,0.79997295117866707,2,1,-0.079972951178667095,0.71999999999999997,0.79997295117866707,0,-0.71999999999999997,-2.7445014090035773,-2.0245014090035776,,,,
"narrow_multi_obstacle",202,3,1,500,0.00010150199999999999,0,-0.71999999999999997,0.01088259938770797,0.73088259938770794,2,0,-0.71999999999999997,0.01088259938770797,0.73088259938770794,1,2.8856285042305037,0.71999999999999997,-2.1656285042305035,,,,
"narrow_multi_obstacle",203,0,1,500,0.000100812,1,0.015468095042370233,0.71999999999999997,0.70453190495762974,2,1,0.015468095042370233,0.71999999999999997,0.70453190495762974,0,-0.71999999999999997,-2.7275336541226336,-2.0075336541226338,,,,
"narrow_multi_obstacle",203,1,1,500,0.000101482,0,-0.71999999999999997,0.11378261539624823,0.83378261539624821,2,0,-0.71999999999999997,0.11378261539624823,0.83378261539624821,1,3.0198115150808729,0.71999999999999997,-2.2998115150808731,,,,
"narrow_multi_obstacle",203,2,1,500,0.00010012999999999999,1,-0.070746786569265474,0.71999999999999997,0.79074678656926545,2,1,-0.070746786569265474,0.71999999999999997,0.79074678656926545,0,-0.71999999999999997,-2.736476047161005,-2.0164760471610048,,,,
"narrow_multi_obstacle",203,3,1,500,0.000101984,0,-0.71999999999999997,0.076878660554890121,0.79687866055489009,2,0,-0.71999999999999997,0.076878660554890121,0.79687866055489009,1,2.9925017006764434,0.71999999999999997,-2.2725017006764432,,,,
"narrow_multi_obstacle",203,4,2,500,0.00011831999999999999,1,-0.13430088605939572,0.041752291172035827,0.17605317723143155,3,1,-0.13430088605939572,0.041752291172035827,0.17605317723143155,0,-0.71999999999999997,-2.7879968375627535,-2.0679968375627533,2,2.9183466306619028,0.71999999999999997,-2.1983466306619031
"narrow_multi_obstacle",204,0,2,500,0.00011905000000000001,1,-0.063843408895094766,0.059611890548691759,0.12345529944378653,3,1,-0.063843408895094766,0.059611890548691759,0.12345529944378653,0,-0.71999999999999997,-2.8136804360805217,-2.0936804360805219,2,3.1036068693938432,0.71999999999999997,-2.3836068693938435
"narrow_multi_obstacle",204,1,1,500,0.000101158,0,-0.71999999999999997,0.032073246846794801,0.75207324684679477,2,0,-0.71999999999999997,0.032073246846794801,0.75207324684679477,1,2.9108164992138068,0.71999999999999997,-2.1908164992138071,,,,
"narrow_multi_obstacle",204,2,1,500,0.000102422,1,-0.063697462943871574,0.71999999999999997,0.78369746294387155,2,1,-0.063697462943871574,0.71999999999999997,0.78369746294387155,0,-0.71999999999999997,-2.7831729756300212,-2.063172975630021,,,,
"narrow_multi_obstacle",204,3,1,500,0.000102252,0,-0.71999999999999997,0.12555225386493651,0.84555225386493649,2,0,-0.71999999999999997,0.12555225386493651,0.84555225386493649,1,2.9413077201980946,0.71999999999999997,-2.2213077201980944,,,,
"narrow_multi_obstacle",204,4,1,500,0.000101696,1,-0.098439392551269655,0.71999999999999997,0.81843939255126963,2,1,-0.098439392551269655,0.71999999999999997,0.81843939255126963,0,-0.71999999999999997,-2.7403674240347877,-2.020367424034788,,,,
"narrow_multi_obstacle",205,0,1,500,0.0001022,0,-0.71999999999999997,0.093057798287697668,0.81305779828769764,2,0,-0.71999999999999997,0.093057798287697668,0.81305779828769764,1,3.0200059192135926,0.71999999999999997,-2.3000059192135929,,,,
"narrow_multi_obstacle",205,1,1,500,0.00010170600000000001,1,-0.024340273302540183,0.71999999999999997,0.74434027330254016,2,1,-0.024340273302540183,0.71999999999999997,0.74434027330254016,0,-0.71999999999999997,-2.7815447624907281,-2.0615447624907279,,,,
"narrow_multi_obstacle",205,2,1,500,0.00010224600000000001,0,-0.71999999999999997,0.18510863349217099,0.90510863349217097,2,0,-0.71999999999999997,0.18510863349217099,0.90510863349217097,1,3.0798741187712837,0.71999999999999997,-2.3598741187712839,,,,
"narrow_multi_obstacle",205,3,1,500,0.00010405399999999999,1,-0.017769465677603513,0.71999999999999997,0.73776946567760349,2,1,-0.017769465677603513,0.71999999999999997,0.73776946567760349,0,-0.71999999999999997,-2.7254266116551338,-2.0054266116551336,,,,
"narrow_multi_obstacle",205,4,2,500,0.00011983399999999999,1,-0.066421650233868146,0.16850066422546184,0.23492231445932998,3,1,-0.066421650233868146,0.16850066422546184,0.23492231445932998,0,-0.71999999999999997,-2.7062982517082226,-1.9862982517082226,2,3.0135215944021665,0.71999999999999997,-2.2935215944021667
"narrow_multi_obstacle",206,0,2,500,0.00013008400000000001,1,-0.056839223650224868,0.0029424749302422448,0.059781698580467113,3,1,-0.056839223650224868,0.0029424749302422448,0.059781698580467113,0,-0.71999999999999997,-2.7458485477634795,-2.0258485477634798,2,2.9035641346425649,0.71999999999999997,-2.1835641346425652
"narrow_multi_obstacle",206,1,1,500,9.9858000000000005e-05,0,-0.71999999999999997,0.077750600803648151,0.79775060080364812,2,0,-0.71999999999999997,0.077750600803648151,0.79775060080364812,1,2.9463202101321597,0.71999999999999997,-2.22632021013216,,,,
"narrow_multi_obstacle",206,2,1,500,0.00010649000000000001,1,-0.068211811515375587,0.71999999999999997,0.78821181151537556,2,1,-0.068211811515375587,0.71999999999999997,0.78821181151537556,0,-0.71999999999999997,-2.7614971561044399,-2.0414971561044402,,,,
"narrow_multi_obstacle",206,3,2,500,0.00012601599999999998,1,0.0017774622713453425,0.14188422026962599,0.14010675799828065,3,1,0.0017774622713453425,0.14188422026962599,0.14010675799828065,0,-0.71999999999999997,-2.6518494585305774,-1.9318494585305774,2,2.9874616361134807,0.71999999999999997,-2.2674616361134809
"narrow_multi_obstacle",207,0,1,500,0.00010261399999999999,1,0.025265900621163517,0.71999999999999997,0.69473409937883646,2,1,0.025265900621163517,0.71999999999999997,0.69473409937883646,0,-0.71999999999999997,-2.68670770639033,-1.96670770639033,,,,
"narrow_multi_obstacle",207,1,1,500,0.000102304,0,-0.71999999999999997,0.094105236700216199,0.81410523670021617,2,0,-0.71999999999999997,0.094105236700216199,0.81410523670021617,1,2.9829282383045443,0.71999999999999997,-2.2629282383045446,,,,
"narrow_multi_obstacle",207,2,2,500,0.000117172,1,-0.10440832205489237,0.18036079394923576,0.28476911600412813,3,1,-0.10440832205489237,0.18036079394923576,0.28476911600412813,0,-0.71999999999999997,-2.7283401276235608,-2.0083401276235611,2,2.9935285144886681,0.71999999999999997,-2.2735285144886683
"narrow_multi_obstacle",207,3,1,500,0.00010059999999999999,1,-0.21472565813790756,0.71999999999999997,0.93472565813790753,2,1,-0.21472565813790756,0.71999999999999997,0.93472565813790753,0,-0.71999999999999997,-2.7787453419300956,-2.0587453419300958,,,,
"narrow_multi_obstacle",207,4,1,500,0.000100608,0,-0.71999999999999997,0.15462893580715731,0.87462893580715728,2,0,-0.71999999999999997,0.15462893580715731,0.87462893580715728,1,2.9779905403343916,0.71999999999999997,-2.2579905403343918,,,,
"narrow_multi_obstacle",208,0,1,500,0.00010192,0,-0.71999999999999997,-0.043667764975528822,0.67633223502447115,2,0,-0.71999999999999997,-0.043667764975528822,0.67633223502447115,1,2.9964369928990178,0.71999999999999997,-2.2764369928990176,,,,
"narrow_multi_obstacle",208,1,1,500,0.00010091999999999999,1,0.037349384507455285,0.71999999999999997,0.68265061549254469,2,1,0.037349384507455285,0.71999999999999997,0.68265061549254469,0,-0.71999999999999997,-2.6955051345230778,-1.9755051345230779,,,,
"narrow_multi_obstacle",208,2,1,500,0.00010034800000000001,0,-0.71999999999999997,0.1076712102208317,0.82767121022083168,2,0,-0.71999999999999997,0.1076712102208317,0.82767121022083168,1,3.0516143911998066,0.71999999999999997,-2.3316143911998068,,,,
"narrow_multi_obstacle",208,3,1,500,0.00010098799999999999,1,0.1669122929868081,0.71999999999999997,0.55308770701319188,2,1,0.1669122929868081,0.71999999999999997,0.55308770701319188,0,-0.71999999999999997,-2.5932715776695563,-1.8732715776695563,,,,
"narrow_multi_obstacle",208,4,2,500,0.00012003200000000001,1,-0.1020912438954289,0.12454661899429786,0.22663786288972676,3,1,-0.1020912438954289,0.12454661899429786,0.22663786288972676,0,-0.71999999999999997,-2.7583394040157665,-2.0383394040157663,2,2.980916318436857,0.71999999999999997,-2.2609163184368573
"narrow_multi_obstacle",209,0,1,500,9.9134000000000003e-05,1,0.096259996527820801,0.71999999999999997,0.62374000347217917,2,1,0.096259996527820801,0.71999999999999997,0.62374000347217917,0,-0.71999999999999997,-2.6978057700413816,-1.9778057700413816,,,,
"narrow_multi_obstacle",209,1,1,500,0.00010148999999999999,0,-0.71999999999999997,-0.025022253826842089,0.69497774617315788,2,0,-0.71999999999999997,-0.025022253826842089,0.69497774617315788,1,3.0317296533726585,0.71999999999999997,-2.3117296533726588,,,,
"narrow_multi_obstacle",209,2,2,500,0.00012481999999999999,1,-0.069194508898164031,0.031517986199569803,0.10071249509773383,3,1,-0.069194508898164031,0.031517986199569803,0.10071249509773383,0,-0.71999999999999997,-2.8121555948260375,-2.0921555948260373,2,3.0175765513367132,0.71999999999999997,-2.2975765513367135
"narrow_multi_obstacle",209,3,2,500,0.00012908200000000001,1,-0.056343524546389023,0.14784501441499609,0.20418853896138511,3,1,-0.056343524546389023,0.14784501441499609,0.20418853896138511,0,-0.71999999999999997,-2.7253626909486823,-2.0053626909486821,2,3.0811204172993825,0.71999999999999997,-2.3611204172993823
"narrow_multi_obstacle",210,0,2,500,0.000123478,1,0.075801467361380714,0.16851762690488448,0.092716159543503762,3,1,0.075801467361380714,0.16851762690488448,0.092716159543503762,0,-0.71999999999999997,-2.6760072990866695,-1.9560072990866695,2,3.0985411234336486,0.71999999999999997,-2.3785411234336484
"narrow_multi_obstacle",210,1,2,500,0.00011952000000000001,1,-0.015057965393890926,0.16340805984004425,0.17846602523393518,3,1,-0.015057965393890926,0.16340805984004425,0.17846602523393518,0,-0.71999999999999997,-2.7478113540171574,-2.0278113540171576,2,3.0458955168476578,0.71999999999999997,-2.3258955168476581
"narrow_multi_obstacle",210,2,2,500,0.00011909799999999999,1,-0.069222805922980468,0.13818754737858741,0.20741035330156787,3,1,-0.069222805922980468,0.13818754737858741,0.20741035330156787,0,-0.71999999999999997,-2.7597392411107755,-2.0397392411107758,2,3.0332770151192969,0.71999999999999997,-2.3132770151192972
"narrow_multi_obstacle",211,0,2,500,0.00011877200000000001,1,-0.047901424430911499,-0.090369612550010414,-0.042468188119098915,3,1,-0.047901424430911499,-0.090369612550010414,-0.042468188119098915,0,-0.71999999999999997,-2.7674178562786356,-2.0474178562786358,2,2.8982198085596425,0.71999999999999997,-2.1782198085596427
"narrow_multi_obstacle",211,1,2,500,0.000119438,1,0.055975747987028868,0.16440302849596122,0.10842728050893236,3,1,0.055975747987028868,0.16440302849596122,0.10842728050893236,0,-0.71999999999999997,-2.6630898045366163,-1.9430898045366163,2,2.9958731251545516,0.71999999999999997,-2.2758731251545514
"narrow_multi_obstacle",211,2,2,500,0.000117642,1,-0.0062595619142704617,0.053125910270215293,0.059385472184485755,3,1,-0.0062595619142704617,0.053125910270215293,0.059385472184485755,0,-0.71999999999999997,-2.6529692065092227,-1.9329692065092228,2,2.9232698362686622,0.71999999999999997,-2.203269836268662
"narrow_multi_obstacle",212,0,1,500,9.5858000000000003e-05,0,-0.71999999999999997,-0.0074018370580128945,0.71259816294198708,2,0,-0.71999999999999997,-0.0074018370580128945,0.71259816294198708,1,2.9956166143056162,0.71999999999999997,-2.2756166143056165,,,,
"narrow_multi_obstacle",212,1,1,500,9.9918000000000001e-05,1,0.0011623510400591286,0.71999999999999997,0.71883764895994084,2,1,0.0011623510400591286,0.71999999999999997,0.71883764895994084,0,-0.71999999999999997,-2.7791180862968652,-2.0591180862968654,,,,
"narrow_multi_obstacle",212,2,2,500,0.00011857,1,0.026829789986369645,0.13745024998754585,0.1106204600011762,3,1,0.026829789986369645,0.13745024998754585,0.1106204600011762,0,-0.71999999999999997,-2.6242942577675192,-1.9042942577675193,2,3.0046020402063069,0.71999999999999997,-2.2846020402063072
"narrow_multi_obstacle",212,3,1,500,0.00010128600000000001,1,-0.080738211082121536,0.71999999999999997,0.80073821108212151,2,1,-0.080738211082121536,0.71999999999999997,0.80073821108212151,0,-0.71999999999999997,-2.681139421369096,-1.961139421369096,,,,
"narrow_multi_obstacle",212,4,1,500,0.00010264600000000001,0,-0.71999999999999997,0.037501370439100956,0.75750137043910093,2,0,-0.71999999999999997,0.037501370439100956,0.75750137043910093,1,2.8665776934501728,0.71999999999999997,-2.1465776934501726,,,,
"narrow_multi_obstacle",213,0,1,500,0.00010134200000000001,1,0.067703609827179934,0.71999999999999997,0.65229639017282004,2,1,0.067703609827179934,0.71999999999999997,0.65229639017282004,0,-0.71999999999999997,-2.6615936210242142,-1.9415936210242142,,,,
"narrow_multi_obstacle",213,1,1,500,0.000102982,0,-0.71999999999999997,0.025398555132774892,0.74539855513277486,2,0,-0.71999999999999997,0.025398555132774892,0.74539855513277486,1,3.0537346866871542,0.71999999999999997,-2.333734686687154,,,,
"narrow_multi_obstacle",213,2,2,500,0.000122626,1,-0.11111167592232918,0.0102247591669542,0.12133643508928338,3,1,-0.11111167592232918,0.0102247591669542,0.12133643508928338,0,-0.71999999999999997,-2.8160696014425008,-2.0960696014425011,2,3.0219283109135762,0.71999999999999997,-2.301928310913576
"narrow_multi_obstacle",213,3,2,500,0.000128384,1,-0.066017842730677234,0.19805251019842118,0.26407035292909842,3,1,-0.066017842730677234,0.19805251019842118,0.26407035292909842,0,-0.71999999999999997,-2.7487807211962929,-2.0287807211962932,2,2.9989910798259611,0.71999999999999997,-2.2789910798259614
"narrow_multi_obstacle",214,0,2,500,0.00013004799999999999,1,-0.062998080994565608,0.11372060190958577,0.17671868290415138,3,1,-0.062998080994565608,0.11372060190958577,0.17671868290415138,0,-0.71999999999999997,-2.7601894676826393,-2.0401894676826391,2,3.0189087168953588,0.71999999999999997,-2.298908716895359
"narrow_multi_obstacle",214,1,1,500,0.00010006199999999999,1,2.3452670062207304e-05,0.71999999999999997,0.71997654732993777,2,1,2.3452670062207304e-05,0.71999999999999997,0.71997654732993777,0,-0.71999999999999997,-2.7093807137908108,-1.9893807137908108,,,,
"narrow_multi_obstacle",214,2,1,500,0.000101586,0,-0.71999999999999997,0.058379070260999422,0.7783790702609994,2,0,-0.71999999999999997,0.058379070260999422,0.7783790702609994,1,2.9764364580006379,0.71999999999999997,-2.2564364580006382,,,,
"narrow_multi_obstacle",214,3,2,500,0.00012216000000000001,1,-0.1441757959064951,0.13509482795625072,0.27927062386274581,3,1,-0.1441757959064951,0.13509482795625072,0.27927062386274581,0,-0.71999999999999997,-2.756022522699078,-2.0360225226990778,2,2.9670598548266023,0.71999999999999997,-2.2470598548266025
"narrow_multi_obstacle",215,0,1,500,9.6339999999999989e-05,1,-0.016520637112817704,0.71999999999999997,0.73652063711281768,2,1,-0.016520637112817704,0.71999999999999997,0.73652063711281768,0,-0.71999999999999997,-2.7673386621422047,-2.0473386621422049,,,,
"narrow_multi_obstacle",215,1,1,500,0.00010066200000000001,0,-0.71999999999999997,0.030524636554852158,0.75052463655485213,2,0,-0.71999999999999997,0.030524636554852158,0.75052463655485213,1,3.0237099096020903,0.71999999999999997,-2.3037099096020901,,,,
"narrow_multi_obstacle",215,2,1,500,0.000100426,0,-0.71999999999999997,0.059222592054362533,0.77922259205436251,2,0,-0.71999999999999997,0.059222592054362533,0.77922259205436251,1,2.9713917906070146,0.71999999999999997,-2.2513917906070144,,,,
"narrow_multi_obstacle",215,3,1,500,0.000102148,1,0.019049881862037932,0.71999999999999997,0.70095011813796204,2,1,0.019049881862037932,0.71999999999999997,0.70095011813796204,0,-0.71999999999999997,-2.6624148535127721,-1.9424148535127721,,,,
"narrow_multi_obstacle",215,4,2,500,0.00012657799999999999,1,-0.16965218102972224,0.050199502041438304,0.21985168307116054,3,1,-0.16965218102972224,0.050199502041438304,0.21985168307116054,0,-0.71999999999999997,-2.7944804430228301,-2.0744804430228303,2,2.9748446262170183,0.71999999999999997,-2.2548446262170181
"narrow_multi_obstacle",216,0,1,500,0.00010311599999999999,1,0.0612429597089581,0.71999999999999997,0.65875704029104187,2,1,0.0612429597089581,0.71999999999999997,0.65875704029104187,0,-0.71999999999999997,-2.675654023918125,-1.955654023918125,,,,
"narrow_multi_obstacle",216,1,1,500,0.000102118,0,-0.71999999999999997,0.10387924495818801,0.82387924495818798,2,0,-0.71999999999999997,0.10387924495818801,0.82387924495818798,1,3.0384603189825814,0.71999999999999997,-2.3184603189825816,,,,
"narrow_multi_obstacle",216,2,2,500,0.00012349599999999998,1,-0.097064823547386991,0.044160385221179821,0.14122520876856681,3,1,-0.097064823547386991,0.044160385221179821,0.14122520876856681,0,-0.71999999999999997,-2.788454104660091,-2.0684541046600913,2,3.0390318575618114,0.71999999999999997,-2.3190318575618116
"narrow_multi_obstacle",216,3,1,500,0.00010112599999999999,0,-0.71999999999999997,0.092828594781143359,0.81282859478114333,2,0,-0.71999999999999997,0.092828594781143359,0.81282859478114333,1,2.981341595026568,0.71999999999999997,-2.2613415950265683,,,,
"narrow_multi_obstacle",216,4,1,500,0.000101644,1,-0.023176742034411779,0.71999999999999997,0.74317674203441175,2,1,-0.023176742034411779,0.71999999999999997,0.74317674203441175,0,-0.71999999999999997,-2.6913347665546086,-1.9713347665546086,,,,
"narrow_multi_obstacle",217,0,2,500,0.00011752400000000001,1,0.10091943999375941,0.082759923642469202,-0.018159516351290206,3,1,0.10091943999375941,0.082759923642469202,-0.018159516351290206,0,-0.71999999999999997,-2.7024942268324201,-1.9824942268324202,2,3.0678624476863989,0.71999999999999997,-2.3478624476863992
"narrow_multi_obstacle",217,1,2,500,0.00012614599999999999,1,-0.021431975899826261,0.048016098895913517,0.069448074795739778,3,1,-0.021431975899826261,0.048016098895913517,0.069448074795739778,0,-0.71999999999999997,-2.7098468169227417,-1.9898468169227417,2,2.9178795652738545,0.71999999999999997,-2.1978795652738548
"narrow_multi_obstacle",217,2,1,500,9.9460000000000013e-05,1,-0.0040811210297080347,0.71999999999999997,0.72408112102970801,2,1,-0.0040811210297080347,0.71999999999999997,0.72408112102970801,0,-0.71999999999999997,-2.7003013811033565,-1.9803013811033565,,,,
"narrow_multi_obstacle",217,3,1,500,0.00010244200000000001,0,-0.71999999999999997,0.19606044992356919,0.91606044992356916,2,0,-0.71999999999999997,0.19606044992356919,0.91606044992356916,1,3.0169590110739466,0.71999999999999997,-2.2969590110739464,,,,
"narrow_multi_obstacle",218,0,1,500,9.8456000000000007e-05,0,-0.71999999999999997,0.04337151836551878,0.76337151836551875,2,0,-0.71999999999999997,0.04337151836551878,0.76337151836551875,1,3.0110628477568575,0.71999999999999997,-2.2910628477568578,,,,
"narrow_multi_obstacle",218,1,1,500,0.000108336,1,0.022709759760038084,0.71999999999999997,0.69729024023996189,2,1,0.022709759760038084,0.71999999999999997,0.69729024023996189,0,-0.71999999999999997,-2.7327451265347094,-2.0127451265347096,,,,
"narrow_multi_obstacle",218,2,2,500,0.00012721999999999999,1,-0.0075136705865603837,-0.0014141588729452703,0.0060995117136151134,3,1,-0.0075136705865603837,-0.0014141588729452703,0.0060995117136151134,0,-0.71999999999999997,-2.6583033252950337,-1.9383033252950337,2,2.9249344980996845,0.71999999999999997,-2.2049344980996848
"narrow_multi_obstacle",218,3,2,500,0.00012473399999999999,1,-0.10178577146313872,0.16015478288362073,0.26194055434675945,3,1,-0.10178577146313872,0.16015478288362073,0.26194055434675945,0,-0.71999999999999997,-2.65901383330494,-1.93901383330494,2,2.9643993098803971,0.71999999999999997,-2.2443993098803974
"narrow_multi_obstacle",219,0,1,500,0.000100336,0,-0.71999999999999997,-0.085226636514368126,0.63477336348563185,2,0,-0.71999999999999997,-0.085226636514368126,0.63477336348563185,1,2.9298172866114154,0.71999999999999997,-2.2098172866114156,,,,
"narrow_multi_obstacle",219,1,1,500,0.00010187,1,-0.00046880083227263114,0.71999999999999997,0.7204688008322726,2,1,-0.00046880083227263114,0.71999999999999997,0.7204688008322726,0,-0.71999999999999997,-2.7763477789947322,-2.0563477789947324,,,,
"narrow_multi_obstacle",219,2,1,500,0.000101584,0,-0.71999999999999997,0.19154310899681382,0.91154310899681379,2,0,-0.71999999999999997,0.19154310899681382,0.91154310899681379,1,3.0986027436619743,0.71999999999999997,-2.3786027436619746,,,,
"narrow_multi_obstacle",219,3,1,500,0.00010012400000000001,1,-0.0011610475109897767,0.71999999999999997,0.72116104751098975,2,1,-0.0011610475109897767,0.71999999999999997,0.72116104751098975,0,-0.71999999999999997,-2.7689795941859181,-2.0489795941859184,,,,
"narrow_multi_obstacle",219,4,1,500,0.000101026,1,0.049905215906438816,0.71999999999999997,0.67009478409356116,2,1,0.049905215906438816,0.71999999999999997,0.67009478409356116,0,-0.71999999999999997,-2.6719703997745166,-1.9519703997745166,,,,
"narrow_multi_obstacle",219,5,1,500,0.00010008799999999999,0,-0.71999999999999997,0.066475210498027737,0.78647521049802771,2,0,-0.71999999999999997,0.066475210498027737,0.78647521049802771,1,2.8988792686097193,0.71999999999999997,-2.1788792686097196,,,,
"narrow_multi_obstacle",220,0,2,500,0.00012181200000000001,1,-0.05600060418855346,-0.018048231903406764,0.037952372285146696,3,1,-0.05600060418855346,-0.018048231903406764,0.037952372285146696,0,-0.71999999999999997,-2.7723538445091336,-2.0523538445091338,2,2.9656354719028801,0.71999999999999997,-2.2456354719028804
"narrow_multi_obstacle",220,1,2,500,0.000120666,1,-0.096545578032161572,0.23578656806655562,0.3323321460987172,3,1,-0.096545578032161572,0.23578656806655562,0.3323321460987172,0,-0.71999999999999997,-2.7530633091482977,-2.0330633091482975,2,3.0500375293262363,0.71999999999999997,-2.3300375293262361
"narrow_multi_obstacle",220,2,2,500,0.000122254,1,-0.08194950156228642,0.20753801590287924,0.28948751746516566,3,1,-0.08194950156228642,0.20753801590287924,0.28948751746516566,0,-0.71999999999999997,-2.6697549750363621,-1.9497549750363621,2,2.988119895559616,0.71999999999999997,-2.2681198955596162
"narrow_multi_obstacle",221,0,1,500,0.00010062,1,0.088977600587034411,0.71999999999999997,0.63102239941296556,2,1,0.088977600587034411,0.71999999999999997,0.63102239941296556,0,-0.71999999999999997,-2.6114301959668325,-1.8914301959668325,,,,
"narrow_multi_obstacle",221,1,1,500,0.000100682,0,-0.71999999999999997,0.11357108744540145,0.83357108744540143,2,0,-0.71999999999999997,0.11357108744540145,0.83357108744540143,1,3.0567037415394029,0.71999999999999997,-2.3367037415394032,,,,
"narrow_multi_obstacle",221,2,1,500,0.000100614,0,-0.71999999999999997,0.15105134805945042,0.87105134805945039,2,0,-0.71999999999999997,0.15105134805945042,0.87105134805945039,1,3.0296334724442029,0.71999999999999997,-2.3096334724442027,,,,
"narrow_multi_obstacle",221,3,1,500,0.00010133599999999999,1,-0.014771259005569526,0.71999999999999997,0.7347712590055695,2,1,-0.014771259005569526,0.71999999999999997,0.7347712590055695,0,-0.71999999999999997,-2.715585415546657,-1.995585415546657,,,,
"narrow_multi_obstacle",221,4,2,500,0.000121328,1,-0.043628771315170622,0.084233787587771669,0.12786255890294229,3,1,-0.043628771315170622,0.084233787587771669,0.12786255890294229,0,-0.71999999999999997,-2.63098595866244,-1.91098595866244,2,2.933559144808878,0.71999999999999997,-2.2135591448088778
"narrow_multi_obstacle",222,0,2,500,0.00012361999999999999,1,-0.050016943177088935,-0.078248791903864801,-0.028231848726775866,3,1,-0.050016943177088935,-0.078248791903864801,-0.028231848726775866,0,-0.71999999999999997,-2.7515301590870829,-2.0315301590870831,2,2.9062951104937556,0.71999999999999997,-2.1862951104937558
"narrow_multi_obstacle",222,1,1,500,0.000106888,1,-0.095923413913123534,0.71999999999999997,0.81592341391312351,2,1,-0.095923413913123534,0.71999999999999997,0.81592341391312351,0,-0.71999999999999997,-2.7913353227603634,-2.0713353227603637,,,,
"narrow_multi_obstacle",222,2,1,500,0.000108204,0,-0.71999999999999997,0.12105105351977063,0.84105105351977061,2,0,-0.71999999999999997,0.12105105351977063,0.84105105351977061,1,3.0062253347861247,0.71999999999999997,-2.286225334786125,,,,
"narrow_multi_obstacle",222,3,2,500,0.000127038,1,-0.18311169919813786,0.092360980413114913,0.27547267961125277,3,1,-0.18311169919813786,0.092360980413114913,0.27547267961125277,0,-0.71999999999999997,-2.7625957487086494,-2.0425957487086492,2,2.9680622189765833,0.71999999999999997,-2.2480622189765835
"narrow_multi_obstacle",223,0,2,500,0.000123726,1,0.10466419569340291,0.10550015263071555,0.00083595693731264298,3,1,0.10466419569340291,0.10550015263071555,0.00083595693731264298,0,-0.71999999999999997,-2.6471316700817655,-1.9271316700817656,2,3.0765175943737972,0.71999999999999997,-2.3565175943737975
"narrow_multi_obstacle",223,1,2,500,0.00011691799999999999,1,0.052081494320121324,0.034119755715676492,-0.017961738604444832,3,1,0.052081494320121324,0.034119755715676492,-0.017961738604444832,0,-0.71999999999999997,-2.6711594264581757,-1.9511594264581757,2,3.0478796174050133,0.71999999999999997,-2.3278796174050136
"narrow_multi_obstacle",223,2,2,500,0.00012334800000000001,1,-0.040383377198250692,0.16207038738860113,0.20245376458685183,3,1,-0.040383377198250692,0.16207038738860113,0.20245376458685183,0,-0.71999999999999997,-2.6983435268788774,-1.9783435268788774,2,2.9932356299571845,0.71999999999999997,-2.2732356299571848
"narrow_multi_obstacle",224,0,1,500,0.00010103199999999999,1,0.042089675009428396,0.71999999999999997,0.67791032499057158,2,1,0.042089675009428396,0.71999999999999997,0.67791032499057158,0,-0.71999999999999997,-2.7474436879499748,-2.0274436879499751,,,,
"narrow_multi_obstacle",224,1,1,500,9.8295999999999995e-05,0,-0.71999999999999997,0.080084819694956177,0.80008481969495615,2,0,-0.71999999999999997,0.080084819694956177,0.80008481969495615,1,3.0347217594135545,0.71999999999999997,-2.3147217594135547,,,,
"narrow_multi_obstacle",224,2,1,500,0.00010034800000000001,0,-0.71999999999999997,-0.049739607945281872,0.6702603920547181,2,0,-0.71999999999999997,-0.049739607945281872,0.6702603920547181,1,2.9297914602744624,0.71999999999999997,-2.2097914602744622,,,,
"narrow_multi_obstacle",224,3,1,500,0.00010008400000000001,1,0.11904034033025712,0.71999999999999997,0.60095965966974285,2,1,0.11904034033025712,0.71999999999999997,0.60095965966974285,0,-0.71999999999999997,-2.6197377870833245,-1.8997377870833245,,,,
"narrow_multi_obstacle",224,4,1,500,0.0001014,0,-0.71999999999999997,0.0019214377119121107,0.72192143771191208,2,0,-0.71999999999999997,0.0019214377119121107,0.72192143771191208,1,2.839969638560488,0.71999999999999997,-2.1199696385604883,,,,
"narrow_multi_obstacle",224,5,1,500,0.000100958,1,-0.0052735456240144973,0.71999999999999997,0.72527354562401447,2,1,-0.0052735456240144973,0.71999999999999997,0.72527354562401447,0,-0.71999999999999997,-2.6074470904622666,-1.8874470904622667,,,,
"narrow_multi_obstacle",225,0,1,500,0.000100622,0,-0.71999999999999997,0.12622860675692138,0.84622860675692135,2,0,-0.71999999999999997,0.12622860675692138,0.84622860675692135,1,3.0479695660438293,0.71999999999999997,-2.3279695660438291,,,,
"narrow_multi_obstacle",225,1,1,500,0.000100332,1,-0.097301008369282016,0.71999999999999997,0.81730100836928199,2,1,-0.097301008369282016,0.71999999999999997,0.81730100836928199,0,-0.71999999999999997,-2.868071837234683,-2.1480718372346832,,,,
"narrow_multi_obstacle",225,2,2,500,0.00012339999999999999,1,-0.13641057242528287,0.028340063660616144,0.16475063608589902,3,1,-0.13641057242528287,0.028340063660616144,0.16475063608589902,0,-0.71999999999999997,-2.8800330081680263,-2.1600330081680266,2,2.920057713074157,0.71999999999999997,-2.2000577130741572
"narrow_multi_obstacle",225,3,2,500,0.000120172,1,-0.20550418030554463,0.1001694280855947,0.30567360839113933,3,1,-0.20550418030554463,0.1001694280855947,0.30567360839113933,0,-0.71999999999999997,-2.9056654765195007,-2.1856654765195005,2,2.9846445947082363,0.71999999999999997,-2.2646445947082361
"narrow_multi_obstacle",226,0,1,500,0.00010032199999999999,0,-0.71999999999999997,-0.01244677440024633,0.70755322559975364,2,0,-0.71999999999999997,-0.01244677440024633,0.70755322559975364,1,2.9263491502714936,0.71999999999999997,-2.2063491502714934,,,,
"narrow_multi_obstacle",226,1,1,500,0.000107588,1,0.04054501053596149,0.71999999999999997,0.67945498946403848,2,1,0.04054501053596149,0.71999999999999997,0.67945498946403848,0,-0.71999999999999997,-2.7368602286042751,-2.0168602286042754,,,,
"narrow_multi_obstacle",226,2,2,500,0.00012757999999999999,1,-0.060023502420947228,0.0075076672893814589,0.067531169710328687,3,1,-0.060023502420947228,0.0075076672893814589,0.067531169710328687,0,-0.71999999999999997,-2.7577197015725412,-2.0377197015725415,2,2.9410877250571184,0.71999999999999997,-2.2210877250571182
"narrow_multi_obstacle",226,3,1,500,0.000101226,0,-0.71999999999999997,0.11868742650069097,0.83868742650069095,2,0,-0.71999999999999997,0.11868742650069097,0.83868742650069095,1,3.0104956213979266,0.71999999999999997,-2.2904956213979268,,,,
"narrow_multi_obstacle",226,4,1,500,0.0001013,1,0.04535500576078566,0.71999999999999997,0.67464499423921431,2,1,0.04535500576078566,0.71999999999999997,0.67464499423921431,0,-0.71999999999999997,-2.5680233345271546,-1.8480233345271546,,,,
"narrow_multi_obstacle",227,0,1,500,0.000103976,1,-0.0013711588602511871,0.71999999999999997,0.72137115886025116,2,1,-0.0013711588602511871,0.71999999999999997,0.72137115886025116,0,-0.71999999999999997,-2.7720236441995638,-2.0520236441995641,,,,
"narrow_multi_obstacle",227,1,1,500,0.000107574,0,-0.71999999999999997,0.079212475842994623,0.7992124758429946,2,0,-0.71999999999999997,0.079212475842994623,0.7992124758429946,1,3.0361164037212234,0.71999999999999997,-2.3161164037212236,,,,
"narrow_multi_obstacle",227,2,2,500,0.000118798,1,-0.0048902298395165911,0.16101018503507869,0.16590041487459528,3,1,-0.0048902298395165911,0.16101018503507869,0.16590041487459528,0,-0.71999999999999997,-2.6925481510453988,-1.9725481510453988,2,3.0846530631678615,0.71999999999999997,-2.3646530631678617
"narrow_multi_obstacle",227,3,2,500,0.000118322,1,-0.073954016283119595,0.056444256825396444,0.13039827310851604,3,1,-0.073954016283119595,0.056444256825396444,0.13039827310851604,0,-0.71999999999999997,-2.6636594335121355,-1.9436594335121355,2,2.9329204551291035,0.71999999999999997,-2.2129204551291037
"narrow_multi_obstacle",228,0,1,500,9.8710000000000009e-05,0,-0.71999999999999997,-0.027562979895705775,0.6924370201042942,2,0,-0.71999999999999997,-0.027562979895705775,0.6924370201042942,1,2.9653308776017901,0.71999999999999997,-2.2453308776017904,,,,
"narrow_multi_obstacle",228,1,1,500,0.000101204,1,-0.1397733036836788,0.71999999999999997,0.85977330368367877,2,1,-0.1397733036836788,0.71999999999999997,0.85977330368367877,0,-0.71999999999999997,-2.8787608580303443,-2.1587608580303446,,,,
"narrow_multi_obstacle",228,2,2,500,0.000119494,1,-0.049162964799101427,0.096137121503627299,0.14530008630272873,3,1,-0.049162964799101427,0.096137121503627299,0.14530008630272873,0,-0.71999999999999997,-2.7749186854867443,-2.0549186854867445,2,2.9890594880383459,0.71999999999999997,-2.2690594880383461
"narrow_multi_obstacle",228,3,2,500,0.000121344,1,-0.093786227031020575,0.19416764063237357,0.28795386766339415,3,1,-0.093786227031020575,0.19416764063237357,0.28795386766339415,0,-0.71999999999999997,-2.7899922870652265,-2.0699922870652268,2,3.0352373090809421,0.71999999999999997,-2.3152373090809419
"narrow_multi_obstacle",229,0,1,500,0.00010222399999999999,0,-0.71999999999999997,0.069160060969482684,0.78916006096948266,2,0,-0.71999999999999997,0.069160060969482684,0.78916006096948266,1,3.0766979858271251,0.71999999999999997,-2.3566979858271253,,,,
"narrow_multi_obstacle",229,1,1,500,0.000100954,1,0.020092873293606983,0.71999999999999997,0.69990712670639299,2,1,0.020092873293606983,0.71999999999999997,0.69990712670639299,0,-0.71999999999999997,-2.6706471580318372,-1.9506471580318372,,,,
"narrow_multi_obstacle",229,2,2,500,0.00011730200000000001,1,-0.11151921525030351,0.13948824303002505,0.25100745828032855,3,1,-0.11151921525030351,0.13948824303002505,0.25100745828032855,0,-0.71999999999999997,-2.8136733109308274,-2.0936733109308276,2,2.9988874648987269,0.71999999999999997,-2.2788874648987267
"narrow_multi_obstacle",229,3,1,500,0.00010440199999999999,0,-0.71999999999999997,0.10115998214057753,0.8211599821405775,2,0,-0.71999999999999997,0.10115998214057753,0.8211599821405775,1,2.9383333797433808,0.71999999999999997,-2.2183333797433811,,,,
"narrow_multi_obstacle",229,4,1,500,0.00010166400000000001,1,-0.11917177026991377,0.71999999999999997,0.83917177026991374,2,1,-0.11917177026991377,0.71999999999999997,0.83917177026991374,0,-0.71999999999999997,-2.7208392758396278,-2.0008392758396276,,,,
"narrow_multi_obstacle",230,0,2,500,0.00012506800000000002,1,-0.11645865553449175,0.11561975885866271,0.23207841439315446,3,1,-0.11645865553449175,0.11561975885866271,0.23207841439315446,0,-0.71999999999999997,-2.8174105463450294,-2.0974105463450297,2,3.0771480600450185,0.71999999999999997,-2.3571480600450183
"narrow_multi_obstacle",230,1,2,500,0.00012235799999999998,1,0.011402346895412752,0.091501306589289788,0.080098959693877037,3,1,0.011402346895412752,0.091501306589289788,0.080098959693877037,0,-0.71999999999999997,-2.7012087475155826,-1.9812087475155826,2,3.024109692329346,0.71999999999999997,-2.3041096923293463
"narrow_multi_obstacle",230,2,1,500,0.00010179,1,-0.0094381505126952536,0.71999999999999997,0.72943815051269523,2,1,-0.0094381505126952536,0.71999999999999997,0.72943815051269523,0,-0.71999999999999997,-2.642397819354926,-1.922397819354926,,,,
"narrow_multi_obstacle",230,3,1,500,9.8003999999999992e-05,0,-0.71999999999999997,0.21850255973832589,0.93850255973832586,2,0,-0.71999999999999997,0.21850255973832589,0.93850255973832586,1,2.965319909171003,0.71999999999999997,-2.2453199091710028,,,,
"narrow_multi_obstacle",231,0,2,500,0.00012331399999999999,1,-0.0071232635057867366,0.072984057037915662,0.080107320543702398,3,1,-0.0071232635057867366,0.072984057037915662,0.080107320543702398,0,-0.71999999999999997,-2.758424956324518,-2.0384249563245183,2,2.9808587767768886,0.71999999999999997,-2.2608587767768888
"narrow_multi_obstacle",231,1,1,500,9.883400000000001e-05,1,-0.028589148684363241,0.71999999999999997,0.74858914868436321,2,1,-0.028589148684363241,0.71999999999999997,0.74858914868436321,0,-0.71999999999999997,-2.7196752196713079,-1.9996752196713079,,,,
"narrow_multi_obstacle",231,2,1,500,0.000101962,0,-0.71999999999999997,0.091895456657897778,0.81189545665789775,2,0,-0.71999999999999997,0.091895456657897778,0.81189545665789775,1,3.0267489555304388,0.71999999999999997,-2.3067489555304386,,,,
"narrow_multi_obstacle",231,3,2,500,0.000124282,1,-0.16973605526755309,0.19732742649942514,0.36706348176697823,3,1,-0.16973605526755309,0.19732742649942514,0.36706348176697823,0,-0.71999999999999997,-2.7893655018489065,-2.0693655018489068,2,3.0159833192470438,0.71999999999999997,-2.2959833192470436
"narrow_multi_obstacle",232,0,2,500,0.00012363399999999999,1,-0.12874021688507442,-0.024644885364095925,0.1040953315209785,3,1,-0.12874021688507442,-0.024644885364095925,0.1040953315209785,0,-0.71999999999999997,-2.9002220781002896,-2.1802220781002895,2,2.9043540680861399,0.71999999999999997,-2.1843540680861402
"narrow_multi_obstacle",232,1,1,500,0.00010140399999999999,1,-0.050962110680198069,0.71999999999999997,0.77096211068019804,2,1,-0.050962110680198069,0.71999999999999997,0.77096211068019804,0,-0.71999999999999997,-2.7331163480833358,-2.0131163480833356,,,,
"narrow_multi_obstacle",232,2,1,500,0.00010218,0,-0.71999999999999997,0.03704064652606176,0.75704064652606173,2,0,-0.71999999999999997,0.03704064652606176,0.75704064652606173,1,2.9936654991633174,0.71999999999999997,-2.2736654991633172,,,,
"narrow_multi_obstacle",232,3,2,500,0.000121332,1,-0.10429630370880805,0.18195157500570502,0.28624787871451307,3,1,-0.10429630370880805,0.18195157500570502,0.28624787871451307,0,-0.71999999999999997,-2.6807040373517812,-1.9607040373517812,2,3.0354765085436632,0.71999999999999997,-2.3154765085436635
"narrow_multi_obstacle",233,0,2,500,0.00012077999999999999,1,-0.073664662154192317,0.14366251973818422,0.21732718189237654,3,1,-0.073664662154192317,0.14366251973818422,0.21732718189237654,0,-0.71999999999999997,-2.8071234277092874,-2.0871234277092876,2,3.0934381233711061,0.71999999999999997,-2.3734381233711064
"narrow_multi_obstacle",233,1,2,500,0.00012254400000000001,1,0.010320142884618466,0.032402773544316865,0.022082630659698399,3,1,0.010320142884618466,0.032402773544316865,0.022082630659698399,0,-0.71999999999999997,-2.6888229030984681,-1.9688229030984681,2,3.0154452957389508,0.71999999999999997,-2.2954452957389506
"narrow_multi_obstacle",233,2,2,500,0.00012362399999999999,1,-0.048937642569164996,0.10487536207567016,0.15381300464483516,3,1,-0.048937642569164996,0.10487536207567016,0.15381300464483516,0,-0.71999999999999997,-2.6874317220391521,-1.9674317220391522,2,2.9747978831924042,0.71999999999999997,-2.2547978831924045
"narrow_multi_obstacle",234,0,1,500,0.00010398200000000001,0,-0.71999999999999997,0.048885212793215338,0.76888521279321531,2,0,-0.71999999999999997,0.048885212793215338,0.76888521279321531,1,3.0006776940571713,0.71999999999999997,-2.2806776940571716,,,,
"narrow_multi_obstacle",234,1,1,500,0.000102018,1,0.057556121598066001,0.71999999999999997,0.66244387840193397,2,1,0.057556121598066001,0.71999999999999997,0.66244387840193397,0,-0.71999999999999997,-2.7284916971218287,-2.008491697121829,,,,
"narrow_multi_obstacle",234,2,1,500,0.000103324,1,-0.025674249101288904,0.71999999999999997,0.74567424910128888,2,1,-0.025674249101288904,0.71999999999999997,0.74567424910128888,0,-0.71999999999999997,-2.7812227061021986,-2.0612227061021988,,,,
"narrow_multi_obstacle",234,3,1,500,9.8605999999999997e-05,0,-0.71999999999999997,-0.081961563674599835,0.63803843632540014,2,0,-0.71999999999999997,-0.081961563674599835,0.63803843632540014,1,2.9168063156719288,0.71999999999999997,-2.1968063156719291,,,,
"narrow_multi_obstacle",234,4,1,500,0.000103714,0,-0.71999999999999997,0.14517965770145169,0.86517965770145167,2,0,-0.71999999999999997,0.14517965770145169,0.86517965770145167,1,3.0670943721860842,0.71999999999999997,-2.347094372186084,,,,
"narrow_multi_obstacle",234,5,1,500,0.00010364800000000001,1,-0.084119268786351675,0.71999999999999997,0.80411926878635165,2,1,-0.084119268786351675,0.71999999999999997,0.80411926878635165,0,-0.71999999999999997,-2.74962540923014,-2.0296254092301398,,,,
"narrow_multi_obstacle",235,0,1,500,9.6841999999999992e-05,1,0.062358488485282804,0.71999999999999997,0.65764151151471717,2,1,0.062358488485282804,0.71999999999999997,0.65764151151471717,0,-0.71999999999999997,-2.7053757801193523,-1.9853757801193523,,,,
"narrow_multi_obstacle",235,1,1,500,0.000101752,0,-0.71999999999999997,0.046781052326785977,0.76678105232678595,2,0,-0.71999999999999997,0.046781052326785977,0.76678105232678595,1,3.0609327301628655,0.71999999999999997,-2.3409327301628657,,,,
"narrow_multi_obstacle",235,2,1,500,0.000102252,1,0.055005082634370872,0.71999999999999997,0.6649949173656291,2,1,0.055005082634370872,0.71999999999999997,0.6649949173656291,0,-0.71999999999999997,-2.6203484265371615,-1.9003484265371615,,,,
"narrow_multi_obstacle",235,3,1,500,0.00010257800000000001,0,-0.71999999999999997,0.018473748605988716,0.73847374860598869,2,0,-0.71999999999999997,0.018473748605988716,0.73847374860598869,1,2.9707942527323645,0.71999999999999997,-2.2507942527323648,,,,
"narrow_multi_obstacle",235,4,1,500,0.00010226,0,-0.71999999999999997,0.12004096745183701,0.84004096745183698,2,0,-0.71999999999999997,0.12004096745183701,0.84004096745183698,1,3.0168710591779426,0.71999999999999997,-2.2968710591779429,,,,
"narrow_multi_obstacle",235,5,1,500,0.00010204599999999999,1,0.088723725716935764,0.71999999999999997,0.63127627428306421,2,1,0.088723725716935764,0.71999999999999997,0.63127627428306421,0,-0.71999999999999997,-2.55008632017265,-1.83008632017265,,,,
"narrow_multi_obstacle",236,0,2,500,0.00011899,1,0.056643592824864086,0.12111471056077172,0.064471117735907635,3,1,0.056643592824864086,0.12111471056077172,0.064471117735907635,0,-0.71999999999999997,-2.7407742665653929,-2.0207742665653932,2,3.0304450456145373,0.71999999999999997,-2.3104450456145376
"narrow_multi_obstacle",236,1,2,500,0.000116654,1,0.13276165677698937,-0.0041137829097395162,-0.13687543968672888,3,1,0.13276165677698937,-0.0041137829097395162,-0.13687543968672888,0,-0.71999999999999997,-2.562135855872234,-1.8421358558722341,2,3.0000701741335134,0.71999999999999997,-2.2800701741335132
"narrow_multi_obstacle",236,2,1,500,9.9761999999999998e-05,0,-0.71999999999999997,0.12316876965925672,0.84316876965925669,2,0,-0.71999999999999997,0.12316876965925672,0.84316876965925669,1,3.0004925259790314,0.71999999999999997,-2.2804925259790316,,,,
"narrow_multi_obstacle",236,3,1,500,0.000100108,1,-0.099440846284634343,0.71999999999999997,0.81944084628463432,2,1,-0.099440846284634343,0.71999999999999997,0.81944084628463432,0,-0.71999999999999997,-2.7579037537010667,-2.0379037537010669,,,,
"narrow_multi_obstacle",237,0,1,500,0.00010064399999999999,1,-0.011835257583271863,0.71999999999999997,0.73183525758327184,2,1,-0.011835257583271863,0.71999999999999997,0.73183525758327184,0,-0.71999999999999997,-2.7590715436127935,-2.0390715436127937,,,,
"narrow_multi_obstacle",237,1,1,500,0.000100382,0,-0.71999999999999997,0.070931788153216102,0.79093178815321608,2,0,-0.71999999999999997,0.070931788153216102,0.79093178815321608,1,2.9867223174156825,0.71999999999999997,-2.2667223174156828,,,,
"narrow_multi_obstacle",237,2,1,500,9.5271999999999992e-05,1,-0.067154131641095738,0.71999999999999997,0.78715413164109571,2,1,-0.067154131641095738,0.71999999999999997,0.78715413164109571,0,-0.71999999999999997,-2.776736262454206,-2.0567362624542058,,,,
"narrow_multi_obstacle",237,3,1,500,0.000103504,0,-0.71999999999999997,0.05816514791262839,0.77816514791262836,2,0,-0.71999999999999997,0.05816514791262839,0.77816514791262836,1,2.9558006197044895,0.71999999999999997,-2.2358006197044897,,,,
"narrow_multi_obstacle",237,4,1,500,9.8031999999999999e-05,0,-0.71999999999999997,0.15292310155181243,0.87292310155181241,2,0,-0.71999999999999997,0.15292310155181243,0.87292310155181241,1,2.928431691319644,0.71999999999999997,-2.2084316913196442,,,,
"narrow_multi_obstacle",237,5,1,500,0.000109028,1,-0.11690080236379963,0.71999999999999997,0.8369008023637996,2,1,-0.11690080236379963,0.71999999999999997,0.8369008023637996,0,-0.71999999999999997,-2.7041923995699335,-1.9841923995699335,,,,
"narrow_multi_obstacle",238,0,2,500,0.000125578,1,0.14515265944836342,0.00076969182663577662,-0.14438296762172764,3,1,0.14515265944836342,0.00076969182663577662,-0.14438296762172764,0,-0.71999999999999997,-2.6553288808232058,-1.9353288808232059,2,3.0503813919455398,0.71999999999999997,-2.3303813919455401
"narrow_multi_obstacle",238,1,1,500,9.7919999999999998e-05,0,-0.71999999999999997,0.014784104533887676,0.73478410453388765,2,0,-0.71999999999999997,0.014784104533887676,0.73478410453388765,1,2.9286144360731576,0.71999999999999997,-2.2086144360731579,,,,
"narrow_multi_obstacle",238,2,1,500,9.9356000000000002e-05,1,0.0061851951530598193,0.71999999999999997,0.71381480484694015,2,1,0.0061851951530598193,0.71999999999999997,0.71381480484694015,0,-0.71999999999999997,-2.7567685280642569,-2.0367685280642567,,,,
"narrow_multi_obstacle",238,3,1,500,0.000101104,1,-0.079244524037021424,0.71999999999999997,0.7992445240370214,2,1,-0.079244524037021424,0.71999999999999997,0.7992445240370214,0,-0.71999999999999997,-2.7035308956774191,-1.9835308956774191,,,,
"narrow_multi_obstacle",238,4,1,500,9.9643999999999997e-05,0,-0.71999999999999997,0.10044063587441898,0.82044063587441896,2,0,-0.71999999999999997,0.10044063587441898,0.82044063587441896,1,3.0028399210170971,0.71999999999999997,-2.2828399210170973,,,,
"narrow_multi_obstacle",239,0,1,500,0.000101604,1,-0.024429497447658211,0.71999999999999997,0.74442949744765818,2,1,-0.024429497447658211,0.71999999999999997,0.74442949744765818,0,-0.71999999999999997,-2.7622046243128557,-2.0422046243128555,,,,
"narrow_multi_obstacle",239,1,1,500,0.00010244799999999999,0,-0.71999999999999997,-0.0025218008605256692,0.7174781991394743,2,0,-0.71999999999999997,-0.0025218008605256692,0.7174781991394743,1,2.9939684353220275,0.71999999999999997,-2.2739684353220273,,,,
"narrow_multi_obstacle",239,2,2,500,0.00011896399999999999,1,-0.0061754406770591075,0.13414801561917322,0.14032345629623233,3,1,-0.0061754406770591075,0.13414801561917322,0.14032345629623233,0,-0.71999999999999997,-2.6319368887245727,-1.9119368887245727,2,3.0180685853350879,0.71999999999999997,-2.2980685853350877
"narrow_multi_obstacle",239,3,2,500,0.00012473599999999999,1,-0.02841163009565717,0.0028658345059604518,0.031277464601617622,3,1,-0.02841163009565717,0.0028658345059604518,0.031277464601617622,0,-0.71999999999999997,-2.664823946600158,-1.944823946600158,2,2.8848386135446473,0.71999999999999997,-2.1648386135446476
"narrow_multi_obstacle",240,0,2,500,0.00012537599999999999,1,-0.054171438862116839,-0.010670356993186303,0.043501081868930536,3,1,-0.054171438862116839,-0.010670356993186303,0.043501081868930536,0,-0.71999999999999997,-2.7935040888855758,-2.073504088885576,2,2.9273344767102136,0.71999999999999997,-2.2073344767102139
"narrow_multi_obstacle",240,1,2,500,0.00013022400000000002,1,-0.05458393297489228,0.066862016634844368,0.12144594960973665,3,1,-0.05458393297489228,0.066862016634844368,0.12144594960973665,0,-0.71999999999999997,-2.6967566691481659,-1.9767566691481659,2,2.9853886899390405,0.71999999999999997,-2.2653886899390407
"narrow_multi_obstacle",240,2,2,500,0.00012158,1,-0.00045556532134183314,0.1527768284044122,0.15323239372575403,3,1,-0.00045556532134183314,0.1527768284044122,0.15323239372575403,0,-0.71999999999999997,-2.651511977749117,-1.931511977749117,2,3.0118553842049138,0.71999999999999997,-2.2918553842049141
"narrow_multi_obstacle",241,0,2,500,0.00012129399999999999,1,0.1042037436796428,0.01877324059159835,-0.085430503088044452,3,1,0.1042037436796428,0.01877324059159835,-0.085430503088044452,0,-0.71999999999999997,-2.6300591404584326,-1.9100591404584326,2,3.0360690739701655,0.71999999999999997,-2.3160690739701657
"narrow_multi_obstacle",241,1,2,500,0.00012974199999999999,1,-0.04614887527767797,0.17008843467275603,0.216237309950434,3,1,-0.04614887527767797,0.17008843467275603,0.216237309950434,0,-0.71999999999999997,-2.7605674527714243,-2.0405674527714242,2,3.0227565606955817,0.71999999999999997,-2.302756560695582
"narrow_multi_obstacle",241,2,1,500,0.000109598,1,-0.093019879950121398,0.71999999999999997,0.81301987995012137,2,1,-0.093019879950121398,0.71999999999999997,0.81301987995012137,0,-0.71999999999999997,-2.7105705434596556,-1.9905705434596557,,,,
"narrow_multi_obstacle",241,3,1,500,0.000100562,0,-0.71999999999999997,0.17222323631296654,0.89222323631296652,2,0,-0.71999999999999997,0.17222323631296654,0.89222323631296652,1,3.0419301266827468,0.71999999999999997,-2.321930126682747,,,,
"narrow_multi_obstacle",242,0,1,500,0.000100264,0,-0.71999999999999997,0.047810652130114262,0.76781065213011424,2,0,-0.71999999999999997,0.047810652130114262,0.76781065213011424,1,2.9949604358951083,0.71999999999999997,-2.2749604358951085,,,,
"narrow_multi_obstacle",242,1,1,500,0.000100982,1,-0.010719191117383842,0.71999999999999997,0.73071919111738382,2,1,-0.010719191117383842,0.71999999999999997,0.73071919111738382,0,-0.71999999999999997,-2.72083963577521,-2.0008396357752103,,,,
"narrow_multi_obstacle",242,2,1,500,0.00010074199999999999,1,-0.16470731395884486,0.71999999999999997,0.88470731395884483,2,1,-0.16470731395884486,0.71999999999999997,0.88470731395884483,0,-0.71999999999999997,-2.8928786964640487,-2.172878696464049,,,,
"narrow_multi_obstacle",242,3,1,500,9.8439999999999999e-05,0,-0.71999999999999997,0.056648511932052115,0.77664851193205209,2,0,-0.71999999999999997,0.056648511932052115,0.77664851193205209,1,2.9439353431278912,0.71999999999999997,-2.2239353431278914,,,,
"narrow_multi_obstacle",242,4,2,500,0.00012366000000000002,1,-0.071647197485072089,0.11693571312968709,0.18858291061475918,3,1,-0.071647197485072089,0.11693571312968709,0.18858291061475918,0,-0.71999999999999997,-2.7267136489377819,-2.0067136489377821,2,2.9185297047364593,0.71999999999999997,-2.1985297047364591
"narrow_multi_obstacle",243,0,2,500,0.00012095,1,0.027051880113880156,0.004144152693267511,-0.022907727420612645,3,1,0.027051880113880156,0.004144152693267511,-0.022907727420612645,0,-0.71999999999999997,-2.7207659234140102,-2.0007659234140105,2,3.0432164540237028,0.71999999999999997,-2.3232164540237026
"narrow_multi_obstacle",243,1,1,500,0.00010008599999999999,1,-0.032165279089594101,0.71999999999999997,0.75216527908959407,2,1,-0.032165279089594101,0.71999999999999997,0.75216527908959407,0,-0.71999999999999997,-2.7354712671726591,-2.0154712671726589,,,,
"narrow_multi_obstacle",243,2,1,500,0.000100572,0,-0.71999999999999997,0.14508049999210293,0.8650804999921029,2,0,-0.71999999999999997,0.14508049999210293,0.8650804999921029,1,3.0159217983815205,0.71999999999999997,-2.2959217983815208,,,,
"narrow_multi_obstacle",243,3,2,500,0.00012331200000000001,1,-0.012623242663823531,0.096450893764886469,0.10907413642871,3,1,-0.012623242663823531,0.096450893764886469,0.10907413642871,0,-0.71999999999999997,-2.6849766774917905,-1.9649766774917905,2,3.0062792264526488,0.71999999999999997,-2.286279226452649
"narrow_multi_obstacle",244,0,1,500,0.000101634,0,-0.71999999999999997,0.094490992784031835,0.81449099278403181,2,0,-0.71999999999999997,0.094490992784031835,0.81449099278403181,1,3.0667060768762768,0.71999999999999997,-2.3467060768762771,,,,
"narrow_multi_obstacle",244,1,1,500,0.00010098600000000001,1,-0.081066853713732456,0.71999999999999997,0.80106685371373243,2,1,-0.081066853713732456,0.71999999999999997,0.80106685371373243,0,-0.71999999999999997,-2.8087339824362103,-2.0887339824362101,,,,
"narrow_multi_obstacle",244,2,2,500,0.00012308800000000001,1,0.040394998896079892,0.04046405494089611,6.9056044816218076e-05,3,1,0.040394998896079892,0.04046405494089611,6.9056044816218076e-05,0,-0.71999999999999997,-2.7236304070354693,-2.0036304070354696,2,2.9286921448604168,0.71999999999999997,-2.2086921448604171
"narrow_multi_obstacle",244,3,2,500,0.000122316,1,-0.0075478743703736306,-0.023444719352066823,-0.015896844981693192,3,1,-0.0075478743703736306,-0.023444719352066823,-0.015896844981693192,0,-0.71999999999999997,-2.716487302417542,-1.996487302417542,2,2.8783286350155777,0.71999999999999997,-2.1583286350155779
"narrow_multi_obstacle",245,0,1,500,0.000101562,0,-0.71999999999999997,-0.016540566120660571,0.7034594338793394,2,0,-0.71999999999999997,-0.016540566120660571,0.7034594338793394,1,2.9628405274364358,0.71999999999999997,-2.242840527436436,,,,
"narrow_multi_obstacle",245,1,1,500,9.6685999999999989e-05,1,0.044654749113875347,0.71999999999999997,0.67534525088612463,2,1,0.044654749113875347,0.71999999999999997,0.67534525088612463,0,-0.71999999999999997,-2.7312327559669591,-2.0112327559669589,,,,
"narrow_multi_obstacle",245,2,1,500,9.6834000000000002e-05,0,-0.71999999999999997,0.18719457468872669,0.90719457468872666,2,0,-0.71999999999999997,0.18719457468872669,0.90719457468872666,1,3.0769499895206853,0.71999999999999997,-2.3569499895206851,,,,
"narrow_multi_obstacle",245,3,1,500,0.00010524799999999999,1,-0.069289935483924925,0.71999999999999997,0.7892899354839249,2,1,-0.069289935483924925,0.71999999999999997,0.7892899354839249,0,-0.71999999999999997,-2.7840428940939645,-2.0640428940939648,,,,
"narrow_multi_obstacle",245,4,1,500,0.000101772,1,-0.036768923030114919,0.71999999999999997,0.75676892303011489,2,1,-0.036768923030114919,0.71999999999999997,0.75676892303011489,0,-0.71999999999999997,-2.6475635566128211,-1.9275635566128211,,,,
"narrow_multi_obstacle",245,5,1,500,0.000100752,0,-0.71999999999999997,0.13621860858509072,0.85621860858509069,2,0,-0.71999999999999997,0.13621860858509072,0.85621860858509069,1,2.9191303051390931,0.71999999999999997,-2.1991303051390929,,,,
"narrow_multi_obstacle",246,0,1,500,0.00010580000000000001,1,0.037266662080756019,0.71999999999999997,0.68273333791924395,2,1,0.037266662080756019,0.71999999999999997,0.68273333791924395,0,-0.71999999999999997,-2.6809414568616141,-1.9609414568616141,,,,
"narrow_multi_obstacle",246,1,1,500,0.00010204000000000001,0,-0.71999999999999997,-0.037444025896150146,0.68255597410384983,2,0,-0.71999999999999997,-0.037444025896150146,0.68255597410384983,1,2.9744174593632211,0.71999999999999997,-2.2544174593632214,,,,
"narrow_multi_obstacle",246,2,2,500,0.00012184999999999999,1,-0.11942471507255559,0.24045414462274728,0.35987885969530287,3,1,-0.11942471507255559,0.24045414462274728,0.35987885969530287,0,-0.71999999999999997,-2.7988481233222195,-2.0788481233222198,2,3.1986249148470645,0.71999999999999997,-2.4786249148470647
"narrow_multi_obstacle",246,3,2,500,0.000120518,1,0.015116448115161774,0.05983396769848337,0.044717519583321597,3,1,0.015116448115161774,0.05983396769848337,0.044717519583321597,0,-0.71999999999999997,-2.6755423422336513,-1.9555423422336513,2,2.8497949083614396,0.71999999999999997,-2.1297949083614398
"narrow_multi_obstacle",247,0,2,500,0.00012528800000000001,1,-0.025615358597946392,0.024929637056655629,0.050544995654602021,3,1,-0.025615358597946392,0.024929637056655629,0.050544995654602021,0,-0.71999999999999997,-2.8110364564591093,-2.0910364564591095,2,3.0229467278603845,0.71999999999999997,-2.3029467278603848
"narrow_multi_obstacle",247,1,2,500,0.000121098,1,-0.09971090016516948,0.031235640500972162,0.13094654066614164,3,1,-0.09971090016516948,0.031235640500972162,0.13094654066614164,0,-0.71999999999999997,-2.7902986271797681,-2.0702986271797679,2,2.9581038143756615,0.71999999999999997,-2.2381038143756617
"narrow_multi_obstacle",247,2,1,500,0.000100556,0,-0.71999999999999997,0.081763760024528898,0.80176376002452887,2,0,-0.71999999999999997,0.081763760024528898,0.80176376002452887,1,2.8771144341527801,0.71999999999999997,-2.1571144341527804,,,,
"narrow_multi_obstacle",247,3,1,500,0.00010315199999999999,1,-0.016395868738704689,0.71999999999999997,0.73639586873870466,2,1,-0.016395868738704689,0.71999999999999997,0.73639586873870466,0,-0.71999999999999997,-2.6913861274911879,-1.9713861274911879,,,,
"narrow_multi_obstacle",248,0,2,500,0.00012819600000000002,1,-0.061712875824323277,0.062179655067266859,0.12389253089159014,3,1,-0.061712875824323277,0.062179655067266859,0.12389253089159014,0,-0.71999999999999997,-2.8103545311440343,-2.0903545311440341,2,3.026602702351922,0.71999999999999997,-2.3066027023519222
"narrow_multi_obstacle",248,1,2,500,0.00013051,1,-0.081115845828730215,0.094387558070923916,0.17550340389965413,3,1,-0.081115845828730215,0.094387558070923916,0.17550340389965413,0,-0.71999999999999997,-2.8375973202491465,-2.1175973202491463,2,3.0267468724807309,0.71999999999999997,-2.3067468724807307
"narrow_multi_obstacle",248,2,1,500,0.000106184,1,-0.062127953139129444,0.71999999999999997,0.78212795313912942,2,1,-0.062127953139129444,0.71999999999999997,0.78212795313912942,0,-0.71999999999999997,-2.7460696510708091,-2.0260696510708094,,,,
"narrow_multi_obstacle",248,3,1,500,0.00010774000000000001,0,-0.71999999999999997,0.085048763876999889,0.80504876387699986,2,0,-0.71999999999999997,0.085048763876999889,0.80504876387699986,1,3.0156409774135531,0.71999999999999997,-2.2956409774135533,,,,
"narrow_multi_obstacle",249,0,1,500,0.000113254,0,-0.71999999999999997,0.16907184872864245,0.88907184872864242,2,0,-0.71999999999999997,0.16907184872864245,0.88907184872864242,1,3.1512582376612466,0.71999999999999997,-2.4312582376612468,,,,
"narrow_multi_obstacle",249,1,1,500,0.00010689800000000001,1,-0.028079781610557797,0.71999999999999997,0.74807978161055777,2,1,-0.028079781610557797,0.71999999999999997,0.74807978161055777,0,-0.71999999999999997,-2.7976757552274085,-2.0776757552274088,,,,
"narrow_multi_obstacle",249,2,2,500,0.000132058,1,-0.088841775920736721,0.11249938706310925,0.20134116298384597,3,1,-0.088841775920736721,0.11249938706310925,0.20134116298384597,0,-0.71999999999999997,-2.7894752248751162,-2.0694752248751165,2,3.009469534118566,0.71999999999999997,-2.2894695341185658
"narrow_multi_obstacle",249,3,2,500,0.000130252,1,0.020858288488660115,0.15478007313650344,0.13392178464784332,3,1,0.020858288488660115,0.15478007313650344,0.13392178464784332,0,-0.71999999999999997,-2.6266713516275253,-1.9066713516275253,2,2.9498007068032104,0.71999999999999997,-2.2298007068032106
"narrow_multi_obstacle",250,0,1,500,0.000106394,1,-0.058693517523390026,0.71999999999999997,0.77869351752339,2,1,-0.058693517523390026,0.71999999999999997,0.77869351752339,0,-0.71999999999999997,-2.8081002185710009,-2.0881002185710011,,,,
"narrow_multi_obstacle",250,1,1,500,0.000107234,0,-0.71999999999999997,-0.070782887065830913,0.64921711293416906,2,0,-0.71999999999999997,-0.070782887065830913,0.64921711293416906,1,2.9183625781773541,0.71999999999999997,-2.1983625781773544,,,,
"narrow_multi_obstacle",250,2,2,500,0.00012012599999999999,1,-0.01483656529493671,0.0068988187740568474,0.021735384068993557,3,1,-0.01483656529493671,0.0068988187740568474,0.021735384068993557,0,-0.71999999999999997,-2.6873487805203498,-1.9673487805203498,2,2.9058548072371835,0.71999999999999997,-2.1858548072371837
"narrow_multi_obstacle",250,3,1,500,0.00010068599999999999,0,-0.71999999999999997,0.13916612598926559,0.85916612598926556,2,0,-0.71999999999999997,0.13916612598926559,0.85916612598926556,1,2.9609249536985929,0.71999999999999997,-2.2409249536985927,,,,
"narrow_multi_obstacle",250,4,1,500,0.00010092199999999999,1,0.018366394473060543,0.71999999999999997,0.70163360552693943,2,1,0.018366394473060543,0.71999999999999997,0.70163360552693943,0,-0.71999999999999997,-2.6592674926448261,-1.9392674926448261,,,,
"narrow_multi_obstacle",251,0,2,500,0.000121866,1,0.029211791438970014,0.081107859722271636,0.051896068283301622,3,1,0.029211791438970014,0.081107859722271636,0.051896068283301622,0,-0.71999999999999997,-2.7008506664628786,-1.9808506664628787,2,3.0536549012092058,0.71999999999999997,-2.333654901209206
"narrow_multi_obstacle",251,1,2,500,0.000121376,1,-0.042233646167698868,0.030087480727550187,0.072321126895249055,3,1,-0.042233646167698868,0.030087480727550187,0.072321126895249055,0,-0.71999999999999997,-2.777232581044959,-2.0572325810449588,2,2.9599797204218317,0.71999999999999997,-2.2399797204218315
"narrow_multi_obstacle",251,2,2,500,0.000120418,1,-0.0072857717132595035,0.14109562412581722,0.14838139583907672,3,1,-0.0072857717132595035,0.14109562412581722,0.14838139583907672,0,-0.71999999999999997,-2.6952543703825729,-1.9752543703825729,2,2.9495563161842022,0.71999999999999997,-2.229556316184202
"narrow_multi_obstacle",252,0,1,500,9.9877999999999995e-05,1,-0.022858497848241566,0.71999999999999997,0.74285849784824154,2,1,-0.022858497848241566,0.71999999999999997,0.74285849784824154,0,-0.71999999999999997,-2.7794403949565627,-2.0594403949565629,,,,
"narrow_multi_obstacle",252,1,1,500,0.000100824,0,-0.71999999999999997,-0.040302830033892345,0.67969716996610763,2,0,-0.71999999999999997,-0.040302830033892345,0.67969716996610763,1,3.0108985062653351,0.71999999999999997,-2.2908985062653349,,,,
"narrow_multi_obstacle",252,2,2,500,0.00012174,1,-0.058363799611014011,0.0084855391194769147,0.066849338730490926,3,1,-0.058363799611014011,0.0084855391194769147,0.066849338730490926,0,-0.71999999999999997,-2.8060800409964184,-2.0860800409964186,2,2.890810008611493,0.71999999999999997,-2.1708100086114932
"narrow_multi_obstacle",252,3,1,500,0.000100204,1,-0.086740175260488384,0.71999999999999997,0.80674017526048836,2,1,-0.086740175260488384,0.71999999999999997,0.80674017526048836,0,-0.71999999999999997,-2.8114010459299292,-2.0914010459299295,,,,
"narrow_multi_obstacle",252,4,1,500,0.000101148,0,-0.71999999999999997,0.026671425608867594,0.74667142560886757,2,0,-0.71999999999999997,0.026671425608867594,0.74667142560886757,1,2.9603479980553136,0.71999999999999997,-2.2403479980553138,,,,
"narrow_multi_obstacle",253,0,1,500,0.000100982,0,-0.71999999999999997,-0.11843826613457153,0.60156173386542844,2,0,-0.71999999999999997,-0.11843826613457153,0.60156173386542844,1,2.9125175724427024,0.71999999999999997,-2.1925175724427026,,,,
"narrow_multi_obstacle",253,1,1,500,9.8575999999999999e-05,1,-0.09207076482898513,0.71999999999999997,0.8120707648289851,2,1,-0.09207076482898513,0.71999999999999997,0.8120707648289851,0,-0.71999999999999997,-2.8672037371940808,-2.1472037371940811,,,,
"narrow_multi_obstacle",253,2,2,500,0.00012505399999999999,1,-0.043224268365039675,0.042444214987968909,0.085668483353008584,3,1,-0.043224268365039675,0.042444214987968909,0.085668483353008584,0,-0.71999999999999997,-2.740907357701591,-2.0209073577015912,2,2.9967703480135315,0.71999999999999997,-2.2767703480135317
"narrow_multi_obstacle",253,3,1,500,0.00010137400000000001,1,-0.095772687446456173,0.71999999999999997,0.81577268744645615,2,1,-0.095772687446456173,0.71999999999999997,0.81577268744645615,0,-0.71999999999999997,-2.7814693845161829,-2.0614693845161831,,,,
"narrow_multi_obstacle",253,4,1,500,0.000104184,0,-0.71999999999999997,0.11249740273194542,0.83249740273194539,2,0,-0.71999999999999997,0.11249740273194542,0.83249740273194539,1,2.9332999450320472,0.71999999999999997,-2.2132999450320474,,,,
"narrow_multi_obstacle",254,0,1,500,9.7892000000000004e-05,0,-0.71999999999999997,-0.0064833474357541832,0.71351665256424579,2,0,-0.71999999999999997,-0.0064833474357541832,0.71351665256424579,1,3.0182124727770199,0.71999999999999997,-2.2982124727770197,,,,
"narrow_multi_obstacle",254,1,1,500,0.00010124399999999999,1,-0.096256220012070459,0.71999999999999997,0.81625622001207043,2,1,-0.096256220012070459,0.71999999999999997,0.81625622001207043,0,-0.71999999999999997,-2.8290897570592657,-2.1090897570592659,,,,
"narrow_multi_obstacle",254,2,2,500,0.00012335800000000001,1,-0.01572178400622537,0.016082205720157949,0.031803989726383319,3,1,-0.01572178400622537,0.016082205720157949,0.031803989726383319,0,-0.71999999999999997,-2.7276905996244825,-2.0076905996244827,2,2.9647229638745731,0.71999999999999997,-2.2447229638745734
"narrow_multi_obstacle",254,3,1,500,0.00010205400000000001,0,-0.71999999999999997,0.1562735641663493,0.87627356416634927,2,0,-0.71999999999999997,0.1562735641663493,0.87627356416634927,1,2.9641725662659901,0.71999999999999997,-2.2441725662659904,,,,
"narrow_multi_obstacle",254,4,1,500,0.000102508,1,-0.086054881616801193,0.71999999999999997,0.80605488161680117,2,1,-0.086054881616801193,0.71999999999999997,0.80605488161680117,0,-0.71999999999999997,-2.7532854970273171,-2.0332854970273173,,,,
"narrow_multi_obstacle",255,0,2,500,0.00012196,1,-0.034337402850698195,0.048512889557610794,0.08285029240830899,3,1,-0.034337402850698195,0.048512889557610794,0.08285029240830899,0,-0.71999999999999997,-2.7215484899622382,-2.0015484899622384,2,3.0369414967234314,0.71999999999999997,-2.3169414967234312
"narrow_multi_obstacle",255,1,1,500,0.00010142,0,-0.71999999999999997,0.044798764453213957,0.76479876445321393,2,0,-0.71999999999999997,0.044798764453213957,0.76479876445321393,1,2.9453307232147132,0.71999999999999997,-2.2253307232147135,,,,
"narrow_multi_obstacle",255,2,1,500,0.00010024199999999999,1,-0.039944302407008747,0.71999999999999997,0.75994430240700872,2,1,-0.039944302407008747,0.71999999999999997,0.75994430240700872,0,-0.71999999999999997,-2.742667979962687,-2.0226679799626872,,,,
"narrow_multi_obstacle",255,3,1,500,0.000101524,0,-0.71999999999999997,0.22542977877199788,0.94542977877199785,2,0,-0.71999999999999997,0.22542977877199788,0.94542977877199785,1,3.0774375680841031,0.71999999999999997,-2.3574375680841033,,,,
"narrow_multi_obstacle",255,4,1,500,0.000101372,1,-0.1507866701217766,0.71999999999999997,0.87078667012177657,2,1,-0.1507866701217766,0.71999999999999997,0.87078667012177657,0,-0.71999999999999997,-2.7185485127445359,-1.9985485127445359,,,,
"narrow_multi_obstacle",256,0,2,500,0.000120396,1,0.044171365507071902,0.015908930868710591,-0.028262434638361311,3,1,0.044171365507071902,0.015908930868710591,-0.028262434638361311,0,-0.71999999999999997,-2.6446138788044031,-1.9246138788044032,2,2.8839926045693298,0.71999999999999997,-2.1639926045693301
"narrow_multi_obstacle",256,1,2,500,0.000121568,1,-0.030341342391947856,0.19427541571366702,0.22461675810561488,3,1,-0.030341342391947856,0.19427541571366702,0.22461675810561488,0,-0.71999999999999997,-2.666323219632786,-1.946323219632786,2,3.0477528412490749,0.71999999999999997,-2.3277528412490751
"narrow_multi_obstacle",256,2,2,500,0.00011723,1,-0.010184610287260698,0.18658273975982698,0.19676735004708767,3,1,-0.010184610287260698,0.18658273975982698,0.19676735004708767,0,-0.71999999999999997,-2.6222389693072445,-1.9022389693072446,2,3.0584543584528872,0.71999999999999997,-2.3384543584528874
"narrow_multi_obstacle",257,0,2,500,0.00011788800000000001,1,0.0028891903767915839,0.060478504333142835,0.057589313956351251,3,1,0.0028891903767915839,0.060478504333142835,0.057589313956351251,0,-0.71999999999999997,-2.7805215681169999,-2.0605215681170002,2,2.9703977105388564,0.71999999999999997,-2.2503977105388566
"narrow_multi_obstacle",257,1,2,500,0.000124416,1,0.03778512307081261,0.079608144602697939,0.041823021531885329,3,1,0.03778512307081261,0.079608144602697939,0.041823021531885329,0,-0.71999999999999997,-2.63196866826878,-1.91196866826878,2,2.9545369382093876,0.71999999999999997,-2.2345369382093878
"narrow_multi_obstacle",257,2,2,500,0.00012356800000000001,1,-0.13070686389139596,0.087782554394601364,0.21848941828599733,3,1,-0.13070686389139596,0.087782554394601364,0.21848941828599733,0,-0.71999999999999997,-2.7757135577893877,-2.0557135577893879,2,2.9938926225704492,0.71999999999999997,-2.2738926225704494
"narrow_multi_obstacle",258,0,2,500,0.00012509999999999998,1,-0.09425780078764201,-0.049936137055985208,0.044321663731656802,3,1,-0.09425780078764201,-0.049936137055985208,0.044321663731656802,0,-0.71999999999999997,-2.8058704699525823,-2.0858704699525825,2,2.905449320091404,0.71999999999999997,-2.1854493200914042
"narrow_multi_obstacle",258,1,1,500,0.00010224600000000001,0,-0.71999999999999997,0.28537514103695782,1.0053751410369578,2,0,-0.71999999999999997,0.28537514103695782,1.0053751410369578,1,3.1500792924906693,0.71999999999999997,-2.4300792924906691,,,,
"narrow_multi_obstacle",258,2,1,500,9.9959999999999998e-05,1,-0.13879103234212198,0.71999999999999997,0.85879103234212195,2,1,-0.13879103234212198,0.71999999999999997,0.85879103234212195,0,-0.71999999999999997,-2.7929480428370201,-2.0729480428370204,,,,
"narrow_multi_obstacle",258,3,1,500,0.000103006,0,-0.71999999999999997,0.01134889801408967,0.73134889801408964,2,0,-0.71999999999999997,0.01134889801408967,0.73134889801408964,1,2.8906808217069608,0.71999999999999997,-2.1706808217069611,,,,
"narrow_multi_obstacle",258,4,1,500,0.00010398,1,-0.0056932976926347134,0.71999999999999997,0.72569329769263469,2,1,-0.0056932976926347134,0.71999999999999997,0.72569329769263469,0,-0.71999999999999997,-2.6414521559125719,-1.9214521559125719,,,,
"narrow_multi_obstacle",259,0,1,500,0.00010102000000000001,1,-0.058754364189016473,0.71999999999999997,0.77875436418901645,2,1,-0.058754364189016473,0.71999999999999997,0.77875436418901645,0,-0.71999999999999997,-2.7862028834254833,-2.0662028834254835,,,,
"narrow_multi_obstacle",259,1,1,500,0.00010051400000000001,0,-0.71999999999999997,0.082212345097803619,0.80221234509780359,2,0,-0.71999999999999997,0.082212345097803619,0.80221234509780359,1,3.0343212168810298,0.71999999999999997,-2.3143212168810301,,,,
"narrow_multi_obstacle",259,2,1,500,0.000103038,0,-0.71999999999999997,0.1461067662670803,0.86610676626708027,2,0,-0.71999999999999997,0.1461067662670803,0.86610676626708027,1,3.0887184751714392,0.71999999999999997,-2.3687184751714394,,,,
"narrow_multi_obstacle",259,3,1,500,9.9475999999999994e-05,1,-0.037303288834321657,0.71999999999999997,0.75730328883432163,2,1,-0.037303288834321657,0.71999999999999997,0.75730328883432163,0,-0.71999999999999997,-2.7011090084348979,-1.9811090084348979,,,,
"narrow_multi_obstacle",259,4,2,500,0.00012113400000000001,1,0.052397995481937354,0.13022338426271496,0.077825388780777605,3,1,0.052397995481937354,0.13022338426271496,0.077825388780777605,0,-0.71999999999999997,-2.5955320066782059,-1.875532006678206,2,2.9561202613807001,0.71999999999999997,-2.2361202613806999
"narrow_multi_obstacle",260,0,1,500,9.8096000000000004e-05,0,-0.71999999999999997,0.10642326852861017,0.82642326852861014,2,0,-0.71999999999999997,0.10642326852861017,0.82642326852861014,1,3.0131972983673059,0.71999999999999997,-2.2931972983673061,,,,
"narrow_multi_obstacle",260,1,1,500,9.9741999999999995e-05,1,0.079823477091292894,0.71999999999999997,0.64017652290870708,2,1,0.079823477091292894,0.71999999999999997,0.64017652290870708,0,-0.71999999999999997,-2.6507727454136782,-1.9307727454136783,,,,
"narrow_multi_obstacle",260,2,1,500,9.967199999999999e-05,1,-0.036750824278463101,0.71999999999999997,0.75675082427846307,2,1,-0.036750824278463101,0.71999999999999997,0.75675082427846307,0,-0.71999999999999997,-2.7336751331930209,-2.0136751331930212,,,,
"narrow_multi_obstacle",260,3,1,500,9.6943999999999999e-05,0,-0.71999999999999997,0.032221373226675176,0.75222137322667515,2,0,-0.71999999999999997,0.032221373226675176,0.75222137322667515,1,2.9973662088006665,0.71999999999999997,-2.2773662088006663,,,,
"narrow_multi_obstacle",260,4,1,500,9.7030000000000011e-05,0,-0.71999999999999997,0.12500476315484099,0.84500476315484097,2,0,-0.71999999999999997,0.12500476315484099,0.84500476315484097,1,2.976226768105299,0.71999999999999997,-2.2562267681052992,,,,
"narrow_multi_obstacle",260,5,1,500,0.00010187400000000001,1,0.056615980530753562,0.71999999999999997,0.66338401946924641,2,1,0.056615980530753562,0.71999999999999997,0.66338401946924641,0,-0.71999999999999997,-2.5621983237810158,-1.8421983237810158,,,,
"narrow_multi_obstacle",261,0,1,500,9.9580000000000005e-05,0,-0.71999999999999997,-0.058051732922215216,0.66194826707778476,2,0,-0.71999999999999997,-0.058051732922215216,0.66194826707778476,1,2.9769244273748412,0.71999999999999997,-2.256924427374841,,,,
"narrow_multi_obstacle",261,1,1,500,0.000101854,1,0.014796225967984356,0.71999999999999997,0.70520377403201562,2,1,0.014796225967984356,0.71999999999999997,0.70520377403201562,0,-0.71999999999999997,-2.7519191345784018,-2.031919134578402,,,,
"narrow_multi_obstacle",261,2,2,500,0.00012301400000000001,1,0.0058620101237316646,-0.0081321732724148887,-0.013994183396146553,3,1,0.0058620101237316646,-0.0081321732724148887,-0.013994183396146553,0,-0.71999999999999997,-2.712062791617563,-1.9920627916175631,2,2.8580854737975199,0.71999999999999997,-2.1380854737975197
"narrow_multi_obstacle",261,3,2,500,0.000124246,1,0.051944145327863289,0.062712109647342862,0.010767964319479573,3,1,0.051944145327863289,0.062712109647342862,0.010767964319479573,0,-0.71999999999999997,-2.6181985422087655,-1.8981985422087655,2,2.9928551375023433,0.71999999999999997,-2.2728551375023436
"narrow_multi_obstacle",262,0,2,500,0.00012574400000000001,1,0.0087025661928710196,0.0093507902894069961,0.00064822409653597646,3,1,0.0087025661928710196,0.0093507902894069961,0.00064822409653597646,0,-0.71999999999999997,-2.737875534132308,-2.0178755341323082,2,3.0057839500760872,0.71999999999999997,-2.2857839500760875
"narrow_multi_obstacle",262,1,1,500,0.00010079200000000001,1,-0.12221300943696956,0.71999999999999997,0.84221300943696953,2,1,-0.12221300943696956,0.71999999999999997,0.84221300943696953,0,-0.71999999999999997,-2.825702796861667,-2.1057027968616673,,,,
"narrow_multi_obstacle",262,2,1,500,0.000102106,0,-0.71999999999999997,0.047394380271127412,0.76739438027112739,2,0,-0.71999999999999997,0.047394380271127412,0.76739438027112739,1,2.9909560610063481,0.71999999999999997,-2.2709560610063484,,,,
"narrow_multi_obstacle",262,3,1,500,0.00010112599999999999,1,-0.018562975261985359,0.71999999999999997,0.73856297526198533,2,1,-0.018562975261985359,0.71999999999999997,0.73856297526198533,0,-0.71999999999999997,-2.6978853520073613,-1.9778853520073614,,,,
"narrow_multi_obstacle",262,4,1,500,0.00010165599999999999,0,-0.71999999999999997,0.064062773133688911,0.78406277313368888,2,0,-0.71999999999999997,0.064062773133688911,0.78406277313368888,1,3.0079169907900054,0.71999999999999997,-2.2879169907900057,,,,
"narrow_multi_obstacle",263,0,1,500,0.00010098999999999999,1,0.11533511185628309,0.71999999999999997,0.60466488814371688,2,1,0.11533511185628309,0.71999999999999997,0.60466488814371688,0,-0.71999999999999997,-2.641270240834487,-1.9212702408344871,,,,
"narrow_multi_obstacle",263,1,1,500,0.00010291599999999999,0,-0.71999999999999997,0.13330171291474824,0.85330171291474821,2,0,-0.71999999999999997,0.13330171291474824,0.85330171291474821,1,3.0761250751166003,0.71999999999999997,-2.3561250751166005,,,,
"narrow_multi_obstacle",263,2,1,500,0.00010183200000000001,0,-0.71999999999999997,0.12577957850193533,0.8457795785019353,2,0,-0.71999999999999997,0.12577957850193533,0.8457795785019353,1,3.0678822549190183,0.71999999999999997,-2.3478822549190186,,,,
"narrow_multi_obstacle",263,3,1,500,0.0001021,1,0.07834627576594011,0.71999999999999997,0.64165372423405986,2,1,0.07834627576594011,0.71999999999999997,0.64165372423405986,0,-0.71999999999999997,-2.6535808433570502,-1.9335808433570503,,,,
"narrow_multi_obstacle",263,4,2,500,0.00011719000000000001,1,0.010516079253641175,0.036252198426937055,0.025736119173295879,3,1,0.010516079253641175,0.036252198426937055,0.025736119173295879,0,-0.71999999999999997,-2.6680117665968934,-1.9480117665968935,2,2.8684781044447583,0.71999999999999997,-2.1484781044447585
"narrow_multi_obstacle",264,0,1,500,9.986000000000001e-05,1,0.052776337003331175,0.71999999999999997,0.6672236629966688,2,1,0.052776337003331175,0.71999999999999997,0.6672236629966688,0,-0.71999999999999997,-2.7470527360675971,-2.0270527360675974,,,,
"narrow_multi_obstacle",264,1,1,500,0.00010156400000000001,0,-0.71999999999999997,0.078148852297759586,0.79814885229775956,2,0,-0.71999999999999997,0.078148852297759586,0.79814885229775956,1,2.9975371588368325,0.71999999999999997,-2.2775371588368323,,,,
"narrow_multi_obstacle",264,2,2,500,0.000121908,1,-0.031391580324091395,0.028327763682639784,0.059719344006731179,3,1,-0.031391580324091395,0.028327763682639784,0.059719344006731179,0,-0.71999999999999997,-2.7536499837260564,-2.0336499837260567,2,3.0127894849187089,0.71999999999999997,-2.2927894849187087
"narrow_multi_obstacle",264,3,2,500,0.00012291799999999999,1,-0.052744931531461425,0.2701410930533501,0.32288602458481153,3,1,-0.052744931531461425,0.2701410930533501,0.32288602458481153,0,-0.71999999999999997,-2.6824223833267689,-1.9624223833267689,2,3.1321258502862075,0.71999999999999997,-2.4121258502862073
"narrow_multi_obstacle",265,0,2,500,0.000122726,1,-0.01047681532096667,0.038554942443681739,0.049031757764648409,3,1,-0.01047681532096667,0.038554942443681739,0.049031757764648409,0,-0.71999999999999997,-2.795341024944114,-2.0753410249441142,2,3.0038578710806205,0.71999999999999997,-2.2838578710806203
"narrow_multi_obstacle",265,1,1,500,0.000100212,0,-0.71999999999999997,-0.068278962459133563,0.65172103754086641,2,0,-0.71999999999999997,-0.068278962459133563,0.65172103754086641,1,2.9186271985430867,0.71999999999999997,-2.198627198543087,,,,
"narrow_multi_obstacle",265,2,1,500,0.00010529800000000001,1,-0.016238499318311117,0.71999999999999997,0.73623849931831109,2,1,-0.016238499318311117,0.71999999999999997,0.73623849931831109,0,-0.71999999999999997,-2.7002505406166337,-1.9802505406166337,,,,
"narrow_multi_obstacle",265,3,2,500,0.00012296200000000001,1,-0.036524051958870318,0.10427707467037317,0.14080112662924349,3,1,-0.036524051958870318,0.10427707467037317,0.14080112662924349,0,-0.71999999999999997,-2.7177258183666204,-1.9977258183666204,2,2.925191767845948,0.71999999999999997,-2.2051917678459478
"narrow_multi_obstacle",266,0,2,500,0.000120338,1,-0.066014241557389663,0.19195747895432858,0.25797172051171824,3,1,-0.066014241557389663,0.19195747895432858,0.25797172051171824,0,-0.71999999999999997,-2.8378488844261121,-2.1178488844261123,2,3.1197922330592323,0.71999999999999997,-2.3997922330592321
"narrow_multi_obstacle",266,1,1,500,9.9919999999999992e-05,1,-0.038714985548627512,0.71999999999999997,0.75871498554862749,2,1,-0.038714985548627512,0.71999999999999997,0.75871498554862749,0,-0.71999999999999997,-2.7282382624016446,-2.0082382624016448,,,,
"narrow_multi_obstacle",266,2,1,500,0.000100222,0,-0.71999999999999997,0.16545477394197317,0.88545477394197314,2,0,-0.71999999999999997,0.16545477394197317,0.88545477394197314,1,3.0201941680627158,0.71999999999999997,-2.300194168062716,,,,
"narrow_multi_obstacle",266,3,1,500,0.000100702,1,-0.0048037428960470141,0.71999999999999997,0.72480374289604699,2,1,-0.0048037428960470141,0.71999999999999997,0.72480374289604699,0,-0.71999999999999997,-2.6501053999154394,-1.9301053999154394,,,,
"narrow_multi_obstacle",266,4,1,500,0.00010061,0,-0.71999999999999997,0.12179529153506707,0.84179529153506705,2,0,-0.71999999999999997,0.12179529153506707,0.84179529153506705,1,3.024612711697733,0.71999999999999997,-2.3046127116977333,,,,
"narrow_multi_obstacle",267,0,2,500,0.000121166,1,0.0336912283371118,0.06324539154549158,0.02955416320837978,3,1,0.0336912283371118,0.06324539154549158,0.02955416320837978,0,-0.71999999999999997,-2.742780941236175,-2.0227809412361752,2,2.961694730729528,0.71999999999999997,-2.2416947307295283
"narrow_multi_obstacle",267,1,1,500,0.000100782,1,-0.036932893525154276,0.71999999999999997,0.75693289352515425,2,1,-0.036932893525154276,0.71999999999999997,0.75693289352515425,0,-0.71999999999999997,-2.7510886683440816,-2.0310886683440819,,,,
"narrow_multi_obstacle",267,2,1,500,0.000101358,0,-0.71999999999999997,0.010365420921292889,0.73036542092129286,2,0,-0.71999999999999997,0.010365420921292889,0.73036542092129286,1,2.9660745300910882,0.71999999999999997,-2.2460745300910885,,,,
"narrow_multi_obstacle",267,3,2,500,0.000122652,1,-0.057846400601564429,0.14508175453834182,0.20292815513990625,3,1,-0.057846400601564429,0.14508175453834182,0.20292815513990625,0,-0.71999999999999997,-2.647624338933404,-1.927624338933404,2,3.032039541434747,0.71999999999999997,-2.3120395414347472
"narrow_multi_obstacle",268,0,1,500,0.000100658,1,-0.0089465189369464238,0.71999999999999997,0.7289465189369464,2,1,-0.0089465189369464238,0.71999999999999997,0.7289465189369464,0,-0.71999999999999997,-2.8083314236159165,-2.0883314236159167,,,,
"narrow_multi_obstacle",268,1,1,500,0.00010344999999999999,0,-0.71999999999999997,0.10551308578164598,0.82551308578164595,2,0,-0.71999999999999997,0.10551308578164598,0.82551308578164595,1,3.0297203151190808,0.71999999999999997,-2.3097203151190806,,,,
"narrow_multi_obstacle",268,2,2,500,0.00012555199999999999,1,0.043572928625012386,0.028398374601044774,-0.015174554023967612,3,1,0.043572928625012386,0.028398374601044774,-0.015174554023967612,0,-0.71999999999999997,-2.6493141166420671,-1.9293141166420671,2,3.0322294333653081,0.71999999999999997,-2.3122294333653084
"narrow_multi_obstacle",268,3,1,500,0.00010223200000000001,1,-0.06030947349149951,0.71999999999999997,0.78030947349149948,2,1,-0.06030947349149951,0.71999999999999997,0.78030947349149948,0,-0.71999999999999997,-2.7533537529582972,-2.0333537529582975,,,,
"narrow_multi_obstacle",268,4,1,500,0.00011040400000000001,0,-0.71999999999999997,0.078255587969260132,0.79825558796926011,2,0,-0.71999999999999997,0.078255587969260132,0.79825558796926011,1,3.0209175503881003,0.71999999999999997,-2.3009175503881005,,,,
"narrow_multi_obstacle",269,0,2,500,0.00012887799999999999,1,-0.052398247080883698,0.1164801376161142,0.1688783846969979,3,1,-0.052398247080883698,0.1164801376161142,0.1688783846969979,0,-0.71999999999999997,-2.7772996921924831,-2.0572996921924833,2,3.1212522012821093,0.71999999999999997,-2.4012522012821096
"narrow_multi_obstacle",269,1,1,500,0.000103018,0,-0.71999999999999997,0.29601486590667969,1.0160148659066797,2,0,-0.71999999999999997,0.29601486590667969,1.0160148659066797,1,3.1593933761532496,0.71999999999999997,-2.4393933761532498,,,,
"narrow_multi_obstacle",269,2,1,500,0.000103268,1,-0.030846063687312908,0.71999999999999997,0.75084606368731288,2,1,-0.030846063687312908,0.71999999999999997,0.75084606368731288,0,-0.71999999999999997,-2.7439279267169985,-2.0239279267169987,,,,
"narrow_multi_obstacle",269,3,2,500,0.000122514,1,-0.18156250249701333,0.28913935416711323,0.47070185666412656,3,1,-0.18156250249701333,0.28913935416711323,0.47070185666412656,0,-0.71999999999999997,-2.7766958970972557,-2.0566958970972555,2,3.1276511467509183,0.71999999999999997,-2.4076511467509185
"narrow_multi_obstacle",270,0,1,500,9.7730000000000001e-05,0,-0.71999999999999997,0.017032495252016444,0.73703249525201642,2,0,-0.71999999999999997,0.017032495252016444,0.73703249525201642,1,2.9853899417933318,0.71999999999999997,-2.2653899417933321,,,,
"narrow_multi_obstacle",270,1,1,500,0.000100828,1,0.027025416214930376,0.71999999999999997,0.6929745837850696,2,1,0.027025416214930376,0.71999999999999997,0.6929745837850696,0,-0.71999999999999997,-2.7295322129458084,-2.0095322129458086,,,,
"narrow_multi_obstacle",270,2,2,500,0.000122986,1,0.098951335103244498,0.16065216461025811,0.06170082950701361,3,1,0.098951335103244498,0.16065216461025811,0.06170082950701361,0,-0.71999999999999997,-2.5859077077374764,-1.8659077077374764,2,3.042016741736091,0.71999999999999997,-2.3220167417360909
"narrow_multi_obstacle",270,3,1,500,0.000100524,0,-0.71999999999999997,0.19087130553074605,0.91087130553074602,2,0,-0.71999999999999997,0.19087130553074605,0.91087130553074602,1,2.9429393820042762,0.71999999999999997,-2.2229393820042764,,,,
"narrow_multi_obstacle",270,4,1,500,9.786400000000001e-05,1,-0.073447254726596523,0.71999999999999997,0.7934472547265965,2,1,-0.073447254726596523,0.71999999999999997,0.7934472547265965,0,-0.71999999999999997,-2.7040679037546469,-1.9840679037546469,,,,
"narrow_multi_obstacle",271,0,1,500,0.00010177999999999999,1,-0.015041042351854994,0.71999999999999997,0.73504104235185497,2,1,-0.015041042351854994,0.71999999999999997,0.73504104235185497,0,-0.71999999999999997,-2.7343580678892012,-2.0143580678892015,,,,
"narrow_multi_obstacle",271,1,1,500,0.00010168,0,-0.71999999999999997,0.04838042765203876,0.76838042765203873,2,0,-0.71999999999999997,0.04838042765203876,0.76838042765203873,1,3.0904721370673203,0.71999999999999997,-2.3704721370673205,,,,
"narrow_multi_obstacle",271,2,1,500,0.00010085399999999999,0,-0.71999999999999997,0.044420557998555488,0.76442055799855546,2,0,-0.71999999999999997,0.044420557998555488,0.76442055799855546,1,2.9728650947789199,0.71999999999999997,-2.2528650947789197,,,,
"narrow_multi_obstacle",271,3,1,500,0.00010086599999999999,1,0.069143976468992729,0.71999999999999997,0.65085602353100724,2,1,0.069143976468992729,0.71999999999999997,0.65085602353100724,0,-0.71999999999999997,-2.6531493649092579,-1.9331493649092579,,,,
"narrow_multi_obstacle",271,4,2,500,0.00011700000000000001,1,-0.051211768287752868,0.12471357507812386,0.17592534336587673,3,1,-0.051211768287752868,0.12471357507812386,0.17592534336587673,0,-0.71999999999999997,-2.6696618988146805,-1.9496618988146805,2,2.9211418094351549,0.71999999999999997,-2.2011418094351551
"narrow_multi_obstacle",272,0,2,500,0.00012233,1,-0.014983408703501233,0.090523380576375656,0.10550678927987689,3,1,-0.014983408703501233,0.090523380576375656,0.10550678927987689,0,-0.71999999999999997,-2.7413669978227952,-2.0213669978227955,2,3.0725786146114746,0.71999999999999997,-2.3525786146114749
"narrow_multi_obstacle",272,1,2,500,0.00012119199999999999,1,0.047799455139760472,0.097953458438567953,0.050154003298807481,3,1,0.047799455139760472,0.097953458438567953,0.050154003298807481,0,-0.71999999999999997,-2.6678657883875179,-1.9478657883875179,2,3.0775563034182261,0.71999999999999997,-2.3575563034182263
"narrow_multi_obstacle",272,2,1,500,9.9580000000000005e-05,1,-0.007089226211001165,0.71999999999999997,0.72708922621100114,2,1,-0.007089226211001165,0.71999999999999997,0.72708922621100114,0,-0.71999999999999997,-2.6543969802632881,-1.9343969802632881,,,,
"narrow_multi_obstacle",272,3,1,500,0.000103448,0,-0.71999999999999997,0.14563814740210224,0.86563814740210221,2,0,-0.71999999999999997,0.14563814740210224,0.86563814740210221,1,2.9756034555706652,0.71999999999999997,-2.2556034555706654,,,,
"narrow_multi_obstacle",273,0,1,500,0.000102074,1,0.016911363619632303,0.71999999999999997,0.70308863638036767,2,1,0.016911363619632303,0.71999999999999997,0.70308863638036767,0,-0.71999999999999997,-2.7462887972696093,-2.0262887972696095,,,,
"narrow_multi_obstacle",273,1,1,500,0.00010651599999999999,0,-0.71999999999999997,0.080619120644445097,0.80061912064444507,2,0,-0.71999999999999997,0.080619120644445097,0.80061912064444507,1,3.0668395537494075,0.71999999999999997,-2.3468395537494073,,,,
"narrow_multi_obstacle",273,2,2,500,0.00013186200000000001,1,0.033561439576905716,0.1468640661979983,0.11330262662109258,3,1,0.033561439576905716,0.1468640661979983,0.11330262662109258,0,-0.71999999999999997,-2.6855765877797406,-1.9655765877797406,2,3.0470080763405987,0.71999999999999997,-2.3270080763405989
"narrow_multi_obstacle",273,3,1,500,0.00010674999999999999,0,-0.71999999999999997,0.09403432475903295,0.81403432475903292,2,0,-0.71999999999999997,0.09403432475903295,0.81403432475903292,1,2.9689911708834975,0.71999999999999997,-2.2489911708834978,,,,
"narrow_multi_obstacle",273,4,1,500,0.00010755000000000001,1,0.00010478256284596199,0.71999999999999997,0.71989521743715401,2,1,0.00010478256284596199,0.71999999999999997,0.71989521743715401,0,-0.71999999999999997,-2.5914119529196711,-1.8714119529196711,,,,
"narrow_multi_obstacle",274,0,2,500,0.00012627999999999999,1,0.057407770062054997,0.06167809658585055,0.0042703265237955534,3,1,0.057407770062054997,0.06167809658585055,0.0042703265237955534,0,-0.71999999999999997,-2.724689352823725,-2.0046893528237248,2,3.0541311001395104,0.71999999999999997,-2.3341311001395102
"narrow_multi_obstacle",274,1,2,500,0.00012603400000000002,1,0.15727847310391341,0.12456405298286355,-0.032714420121049859,3,1,0.15727847310391341,0.12456405298286355,-0.032714420121049859,0,-0.71999999999999997,-2.5766765468081063,-1.8566765468081063,2,2.9891803751397692,0.71999999999999997,-2.2691803751397694
"narrow_multi_obstacle",274,2,1,500,0.000105886,0,-0.71999999999999997,0.075489890338104493,0.79548989033810447,2,0,-0.71999999999999997,0.075489890338104493,0.79548989033810447,1,2.9206831981422985,0.71999999999999997,-2.2006831981422987,,,,
"narrow_multi_obstacle",274,3,1,500,0.000109194,1,0.019018485777207106,0.71999999999999997,0.70098151422279287,2,1,0.019018485777207106,0.71999999999999997,0.70098151422279287,0,-0.71999999999999997,-2.6202953415707526,-1.9002953415707526,,,,
"narrow_multi_obstacle",275,0,1,500,0.00010851800000000001,1,-0.030161735139689005,0.71999999999999997,0.75016173513968898,2,1,-0.030161735139689005,0.71999999999999997,0.75016173513968898,0,-0.71999999999999997,-2.7518528994130236,-2.0318528994130238,,,,
"narrow_multi_obstacle",275,1,1,500,0.000108924,0,-0.71999999999999997,0.11889829946470432,0.83889829946470429,2,0,-0.71999999999999997,0.11889829946470432,0.83889829946470429,1,3.0131884843553096,0.71999999999999997,-2.2931884843553094,,,,
"narrow_multi_obstacle",275,2,2,500,0.00012889600000000001,1,0.014588267127132459,-0.010272479249304967,-0.024860746376437426,3,1,0.014588267127132459,-0.010272479249304967,-0.024860746376437426,0,-0.71999999999999997,-2.7272605404388806,-2.0072605404388808,2,2.8977774424585414,0.71999999999999997,-2.1777774424585417
"narrow_multi_obstacle",275,3,1,500,0.000107366,1,-0.10944257079081021,0.71999999999999997,0.82944257079081019,2,1,-0.10944257079081021,0.71999999999999997,0.82944257079081019,0,-0.71999999999999997,-2.7282111646724094,-2.0082111646724092,,,,
"narrow_multi_obstacle",275,4,1,500,0.000110252,0,-0.71999999999999997,0.043809668857796691,0.76380966885779666,2,0,-0.71999999999999997,0.043809668857796691,0.76380966885779666,1,2.946581565901023,0.71999999999999997,-2.2265815659010233,,,,
"narrow_multi_obstacle",276,0,1,500,0.00010815,0,-0.71999999999999997,0.063869555796481237,0.78386955579648121,2,0,-0.71999999999999997,0.063869555796481237,0.78386955579648121,1,3.0199598899990403,0.71999999999999997,-2.2999598899990401,,,,
"narrow_multi_obstacle",276,1,1,500,0.00010712,1,-0.033843811348883257,0.71999999999999997,0.75384381134888323,2,1,-0.033843811348883257,0.71999999999999997,0.75384381134888323,0,-0.71999999999999997,-2.7655007124902147,-2.0455007124902149,,,,
"narrow_multi_obstacle",276,2,1,500,0.000112724,1,0.017346976029485983,0.71999999999999997,0.70265302397051399,2,1,0.017346976029485983,0.71999999999999997,0.70265302397051399,0,-0.71999999999999997,-2.6534584143369409,-1.9334584143369409,,,,
"narrow_multi_obstacle",276,3,1,500,0.000106098,0,-0.71999999999999997,0.14813559737168069,0.86813559737168067,2,0,-0.71999999999999997,0.14813559737168069,0.86813559737168067,1,2.9742433570014066,0.71999999999999997,-2.2542433570014069,,,,
"narrow_multi_obstacle",276,4,2,500,0.00012527600000000001,1,-0.041854287750485053,0.18264867375615212,0.22450296150663718,3,1,-0.041854287750485053,0.18264867375615212,0.22450296150663718,0,-0.71999999999999997,-2.6862339994422313,-1.9662339994422313,2,3.0134012397105367,0.71999999999999997,-2.293401239710537
"narrow_multi_obstacle",277,0,2,500,0.00013109999999999999,1,0.077006033430739862,1.8661167179967464e-05,-0.076987372263559894,3,1,0.077006033430739862,1.8661167179967464e-05,-0.076987372263559894,0,-0.71999999999999997,-2.7177550101238688,-1.9977550101238688,2,3.0326681823781794,0.71999999999999997,-2.3126681823781796
"narrow_multi_obstacle",277,1,1,500,0.00010518600000000001,1,-0.055800793869533738,0.71999999999999997,0.77580079386953371,2,1,-0.055800793869533738,0.71999999999999997,0.77580079386953371,0,-0.71999999999999997,-2.7398671780720321,-2.0198671780720323,,,,
"narrow_multi_obstacle",277,2,1,500,0.00010026599999999999,0,-0.71999999999999997,0.02490772732648594,0.74490772732648591,2,0,-0.71999999999999997,0.02490772732648594,0.74490772732648591,1,2.9207588949339378,0.71999999999999997,-2.2007588949339381,,,,
"narrow_multi_obstacle",277,3,1,500,0.000102378,0,-0.71999999999999997,0.11294332160976239,0.83294332160976237,2,0,-0.71999999999999997,0.11294332160976239,0.83294332160976237,1,2.9537558527756502,0.71999999999999997,-2.2337558527756505,,,,
"narrow_multi_obstacle",277,4,1,500,0.000101504,1,0.081060617357841425,0.71999999999999997,0.63893938264215855,2,1,0.081060617357841425,0.71999999999999997,0.63893938264215855,0,-0.71999999999999997,-2.5389262805490072,-1.8189262805490072,,,,
"narrow_multi_obstacle",278,0,2,500,0.00012660199999999999,1,0.035856744930486073,0.061423688570569457,0.025566943640083384,3,1,0.035856744930486073,0.061423688570569457,0.025566943640083384,0,-0.71999999999999997,-2.7418140962039774,-2.0218140962039772,2,2.9975634480205349,0.71999999999999997,-2.2775634480205351
"narrow_multi_obstacle",278,1,1,500,0.00010170600000000001,0,-0.71999999999999997,0.025600024949193223,0.7456000249491932,2,0,-0.71999999999999997,0.025600024949193223,0.7456000249491932,1,2.9877524246576814,0.71999999999999997,-2.2677524246576812,,,,
"narrow_multi_obstacle",278,2,1,500,0.000102302,1,0.014636153224208082,0.71999999999999997,0.70536384677579189,2,1,0.014636153224208082,0.71999999999999997,0.70536384677579189,0,-0.71999999999999997,-2.7273421050032258,-2.0073421050032261,,,,
"narrow_multi_obstacle",278,3,2,500,0.00012389400000000002,1,-0.0021462654352331079,0.036468505496775272,0.03861477093200838,3,1,-0.0021462654352331079,0.036468505496775272,0.03861477093200838,0,-0.71999999999999997,-2.6807043613011441,-1.9607043613011441,2,2.8980603662289499,0.71999999999999997,-2.1780603662289497
"narrow_multi_obstacle",279,0,2,500,0.00012103400000000001,1,0.069153397555427265,0.19165411019919976,0.12250071264377249,3,1,0.069153397555427265,0.19165411019919976,0.12250071264377249,0,-0.71999999999999997,-2.7010849512158339,-1.9810849512158339,2,3.1608781330917268,0.71999999999999997,-2.4408781330917266
"narrow_multi_obstacle",279,1,2,500,0.00012257999999999998,1,-0.024554020032540924,0.024605453029263646,0.049159473061804571,3,1,-0.024554020032540924,0.024605453029263646,0.049159473061804571,0,-0.71999999999999997,-2.7268457138351634,-2.0068457138351636,2,2.9438036811624029,0.71999999999999997,-2.2238036811624031
"narrow_multi_obstacle",279,2,2,500,0.00012390200000000001,1,0.0077485403429100597,0.044615754760080506,0.036867214417170446,3,1,0.0077485403429100597,0.044615754760080506,0.036867214417170446,0,-0.71999999999999997,-2.5987290806278871,-1.8787290806278871,2,2.8132572713043258,0.71999999999999997,-2.093257271304326
"narrow_multi_obstacle",280,0,1,500,0.00010087799999999999,0,-0.71999999999999997,-0.028846258636588518,0.69115374136341146,2,0,-0.71999999999999997,-0.028846258636588518,0.69115374136341146,1,2.9743017532797253,0.71999999999999997,-2.2543017532797256,,,,
"narrow_multi_obstacle",280,1,1,500,0.000104706,1,-0.029436822324359069,0.71999999999999997,0.74943682232435904,2,1,-0.029436822324359069,0.71999999999999997,0.74943682232435904,0,-0.71999999999999997,-2.7417311589831099,-2.0217311589831102,,,,
"narrow_multi_obstacle",280,2,2,500,0.00012592000000000001,1,0.031141495932201613,0.058527382260518124,0.027385886328316511,3,1,0.031141495932201613,0.058527382260518124,0.027385886328316511,0,-0.71999999999999997,-2.7191404483471091,-1.9991404483471091,2,3.0035772184142386,0.71999999999999997,-2.2835772184142389
"narrow_multi_obstacle",280,3,1,500,9.8322000000000012e-05,1,-0.098480311605082083,0.71999999999999997,0.81848031160508206,2,1,-0.098480311605082083,0.71999999999999997,0.81848031160508206,0,-0.71999999999999997,-2.7962824012265597,-2.0762824012265595,,,,
"narrow_multi_obstacle",280,4,1,500,0.000106362,0,-0.71999999999999997,0.13113222864027163,0.8511322286402716,2,0,-0.71999999999999997,0.13113222864027163,0.8511322286402716,1,2.9261014180570033,0.71999999999999997,-2.2061014180570035,,,,
"narrow_multi_obstacle",281,0,2,500,0.000123342,1,0.018631912848807053,-0.027440834640852119,-0.046072747489659172,3,1,0.018631912848807053,-0.027440834640852119,-0.046072747489659172,0,-0.71999999999999997,-2.7855248792672125,-2.0655248792672127,2,3.0158266201714845,0.71999999999999997,-2.2958266201714848
"narrow_multi_obstacle",281,1,2,500,0.00012585999999999999,1,-0.10544720787497508,0.043345267739668403,0.14879247561464348,3,1,-0.10544720787497508,0.043345267739668403,0.14879247561464348,0,-0.71999999999999997,-2.8473008521496075,-2.1273008521496077,2,3.0201727443644542,0.71999999999999997,-2.3001727443644544
"narrow_multi_obstacle",281,2,2,500,0.000129722,1,-0.052675842982852217,0.11123870498483113,0.16391454796768334,3,1,-0.052675842982852217,0.11123870498483113,0.16391454796768334,0,-0.71999999999999997,-2.6482588575686861,-1.9282588575686861,2,3.0119833064350141,0.71999999999999997,-2.2919833064350144
"narrow_multi_obstacle",282,0,2,500,0.00013109399999999998,1,-0.043594578962004471,-0.048002924417844595,-0.0044083454558401236,3,1,-0.043594578962004471,-0.048002924417844595,-0.0044083454558401236,0,-0.71999999999999997,-2.7812163656814386,-2.0612163656814388,2,2.9217496332227251,0.71999999999999997,-2.2017496332227253
"narrow_multi_obstacle",282,1,1,500,0.000107404,0,-0.71999999999999997,0.025855724306386829,0.7458557243063868,2,0,-0.71999999999999997,0.025855724306386829,0.7458557243063868,1,2.9840281628180589,0.71999999999999997,-2.2640281628180592,,,,
"narrow_multi_obstacle",282,2,1,500,0.00010891000000000001,1,-0.062854645530095121,0.71999999999999997,0.78285464553009509,2,1,-0.062854645530095121,0.71999999999999997,0.78285464553009509,0,-0.71999999999999997,-2.7154097275125704,-1.9954097275125704,,,,
"narrow_multi_obstacle",282,3,1,500,0.00010046399999999999,0,-0.71999999999999997,0.22319820242732846,0.94319820242732844,2,0,-0.71999999999999997,0.22319820242732846,0.94319820242732844,1,3.0230752835811803,0.71999999999999997,-2.3030752835811805,,,,
"narrow_multi_obstacle",282,4,1,500,0.00010088,1,-0.10867770140007971,0.71999999999999997,0.82867770140007968,2,1,-0.10867770140007971,0.71999999999999997,0.82867770140007968,0,-0.71999999999999997,-2.7342182790855354,-2.0142182790855356,,,,
"narrow_multi_obstacle",283,0,1,500,0.000102798,1,0.04670193074593354,0.71999999999999997,0.67329806925406643,2,1,0.04670193074593354,0.71999999999999997,0.67329806925406643,0,-0.71999999999999997,-2.7215700406012253,-2.0015700406012256,,,,
"narrow_multi_obstacle",283,1,1,500,0.00010131800000000001,0,-0.71999999999999997,0.02587965466739317,0.74587965466739314,2,0,-0.71999999999999997,0.02587965466739317,0.74587965466739314,1,3.0604425554249897,0.71999999999999997,-2.3404425554249899,,,,
"narrow_multi_obstacle",283,2,2,500,0.000121044,1,-0.035572886887212496,0.086111517582906805,0.1216844044701193,3,1,-0.035572886887212496,0.086111517582906805,0.1216844044701193,0,-0.71999999999999997,-2.7599311685056938,-2.039931168505694,2,3.0099026991174149,0.71999999999999997,-2.2899026991174152
"narrow_multi_obstacle",283,3,2,500,0.00012486999999999999,1,-0.0086514944507380953,0.12688102443885652,0.13553251888959461,3,1,-0.0086514944507380953,0.12688102443885652,0.13553251888959461,0,-0.71999999999999997,-2.6881036522343131,-1.9681036522343132,2,3.0746751479203809,0.71999999999999997,-2.3546751479203811
"narrow_multi_obstacle",284,0,1,500,0.00010198,1,0.053526015636730984,0.71999999999999997,0.66647398436326899,2,1,0.053526015636730984,0.71999999999999997,0.66647398436326899,0,-0.71999999999999997,-2.7143675411131838,-1.9943675411131838,,,,
"narrow_multi_obstacle",284,1,1,500,9.7963999999999999e-05,0,-0.71999999999999997,0.057490708592229378,0.77749070859222935,2,0,-0.71999999999999997,0.057490708592229378,0.77749070859222935,1,2.9893861003221471,0.71999999999999997,-2.2693861003221469,,,,
"narrow_multi_obstacle",284,2,1,500,0.00010400600000000001,1,-0.031193425769459271,0.71999999999999997,0.75119342576945924,2,1,-0.031193425769459271,0.71999999999999997,0.75119342576945924,0,-0.71999999999999997,-2.7841495501890026,-2.0641495501890024,,,,
"narrow_multi_obstacle",284,3,1,500,0.000102048,0,-0.71999999999999997,-0.034352351426546246,0.68564764857345373,2,0,-0.71999999999999997,-0.034352351426546246,0.68564764857345373,1,2.9659722733080121,0.71999999999999997,-2.2459722733080119,,,,
"narrow_multi_obstacle",284,4,2,500,0.000122772,1,-0.079908378924361312,0.099425026593030763,0.17933340551739207,3,1,-0.079908378924361312,0.099425026593030763,0.17933340551739207,0,-0.71999999999999997,-2.7861621384469486,-2.0661621384469484,2,2.9406445078491181,0.71999999999999997,-2.2206445078491184
"narrow_multi_obstacle",285,0,2,500,0.00012026,1,-0.017098818545959515,0.017979347303868076,0.035078165849827592,3,1,-0.017098818545959515,0.017979347303868076,0.035078165849827592,0,-0.71999999999999997,-2.7264052947439099,-2.0064052947439102,2,3.0434692111082491,0.71999999999999997,-2.3234692111082493
"narrow_multi_obstacle",285,1,1,500,0.00010063800000000001,1,-0.035287359844202948,0.71999999999999997,0.75528735984420292,2,1,-0.035287359844202948,0.71999999999999997,0.75528735984420292,0,-0.71999999999999997,-2.7340470084351081,-2.0140470084351083,,,,
"narrow_multi_obstacle",285,2,1,500,9.6712000000000005e-05,0,-0.71999999999999997,0.12035691338482302,0.84035691338482299,2,0,-0.71999999999999997,0.12035691338482302,0.84035691338482299,1,2.9899867857981759,0.71999999999999997,-2.2699867857981761,,,,
"narrow_multi_obstacle",285,3,2,500,0.00012392600000000001,1,-0.095727481100785994,0.07741938185989361,0.1731468629606796,3,1,-0.095727481100785994,0.07741938185989361,0.1731468629606796,0,-0.71999999999999997,-2.7116680167654064,-1.9916680167654064,2,2.8477968631132651,0.71999999999999997,-2.1277968631132653
"narrow_multi_obstacle",286,0,2,500,0.00012071,1,-0.06764469218005309,0.076631266516118846,0.14427595869617194,3,1,-0.06764469218005309,0.076631266516118846,0.14427595869617194,0,-0.71999999999999997,-2.8108358360661683,-2.0908358360661685,2,3.1112938129113301,0.71999999999999997,-2.3912938129113304
"narrow_multi_obstacle",286,1,1,500,0.00010133399999999999,1,-0.020454140449885694,0.71999999999999997,0.74045414044988567,2,1,-0.020454140449885694,0.71999999999999997,0.74045414044988567,0,-0.71999999999999997,-2.7527279770438486,-2.0327279770438489,,,,
"narrow_multi_obstacle",286,2,1,500,0.00010076400000000001,0,-0.71999999999999997,0.18480117835312893,0.9048011783531289,2,0,-0.71999999999999997,0.18480117835312893,0.9048011783531289,1,3.0216000311170435,0.71999999999999997,-2.3016000311170437,,,,
"narrow_multi_obstacle",286,3,1,500,9.9876000000000004e-05,0,-0.71999999999999997,0.15372480716740355,0.87372480716740353,2,0,-0.71999999999999997,0.15372480716740355,0.87372480716740353,1,2.987921910262981,0.71999999999999997,-2.2679219102629808,,,,
"narrow_multi_obstacle",286,4,1,500,0.000101054,1,-0.01542705142432399,0.71999999999999997,0.73542705142432396,2,1,-0.01542705142432399,0.71999999999999997,0.73542705142432396,0,-0.71999999999999997,-2.6103188719675039,-1.8903188719675039,,,,
"narrow_multi_obstacle",287,0,2,500,0.000120214,1,0.073008785394648834,0.095567500182763832,0.022558714788114997,3,1,0.073008785394648834,0.095567500182763832,0.022558714788114997,0,-0.71999999999999997,-2.6993243551643227,-1.9793243551643227,2,3.0443025763402636,0.71999999999999997,-2.3243025763402638
"narrow_multi_obstacle",287,1,1,500,0.000108212,0,-0.71999999999999997,0.087752044240345217,0.80775204424034519,2,0,-0.71999999999999997,0.087752044240345217,0.80775204424034519,1,2.9087063951381178,0.71999999999999997,-2.1887063951381176,,,,
"narrow_multi_obstacle",287,2,1,500,9.9292000000000011e-05,1,-0.014959192873294835,0.71999999999999997,0.73495919287329481,2,1,-0.014959192873294835,0.71999999999999997,0.73495919287329481,0,-0.71999999999999997,-2.6692981386302832,-1.9492981386302832,,,,
"narrow_multi_obstacle",287,3,2,500,0.000121586,1,-0.027369595039984818,0.06195070031550598,0.089320295355490797,3,1,-0.027369595039984818,0.06195070031550598,0.089320295355490797,0,-0.71999999999999997,-2.6327911550958492,-1.9127911550958492,2,2.9093737993950199,0.71999999999999997,-2.1893737993950202
"narrow_multi_obstacle",288,0,2,500,0.000118412,1,-0.011398770450075535,0.069148291438114518,0.080547061888190052,3,1,-0.011398770450075535,0.069148291438114518,0.080547061888190052,0,-0.71999999999999997,-2.7412629613074739,-2.0212629613074737,2,3.0975678222300198,0.71999999999999997,-2.3775678222300201
"narrow_multi_obstacle",288,1,2,500,0.000124218,1,-0.020161505659573198,-0.00859570475551652,0.011565800904056678,3,1,-0.020161505659573198,-0.00859570475551652,0.011565800904056678,0,-0.71999999999999997,-2.7476448870032848,-2.0276448870032846,2,2.8616946918866955,0.71999999999999997,-2.1416946918866957
"narrow_multi_obstacle",288,2,2,500,0.000117614,1,-0.068122002926078951,0.15339755887813733,0.22151956180421628,3,1,-0.068122002926078951,0.15339755887813733,0.22151956180421628,0,-0.71999999999999997,-2.6919188208731288,-1.9719188208731289,2,3.0395470188378022,0.71999999999999997,-2.3195470188378025
"narrow_multi_obstacle",289,0,1,500,0.00010871000000000001,1,0.10993346357505995,0.71999999999999997,0.61006653642494002,2,1,0.10993346357505995,0.71999999999999997,0.61006653642494002,0,-0.71999999999999997,-2.6943995948666566,-1.9743995948666566,,,,
"narrow_multi_obstacle",289,1,1,500,0.00010272599999999999,0,-0.71999999999999997,-0.00034112447942513668,0.71965887552057484,2,0,-0.71999999999999997,-0.00034112447942513668,0.71965887552057484,1,3.0196677686922948,0.71999999999999997,-2.2996677686922951,,,,
"narrow_multi_obstacle",289,2,1,500,0.00010757,1,-0.010658206724285524,0.71999999999999997,0.7306582067242855,2,1,-0.010658206724285524,0.71999999999999997,0.7306582067242855,0,-0.71999999999999997,-2.7208972526985833,-2.0008972526985831,,,,
"narrow_multi_obstacle",289,3,1,500,0.00010629,0,-0.71999999999999997,-0.10211507093636829,0.61788492906363168,2,0,-0.71999999999999997,-0.10211507093636829,0.61788492906363168,1,2.9064471713869908,0.71999999999999997,-2.1864471713869911,,,,
"narrow_multi_obstacle",289,4,2,500,0.000119114,1,-0.079040721539156866,0.15875592761180268,0.23779664915095955,3,1,-0.079040721539156866,0.15875592761180268,0.23779664915095955,0,-0.71999999999999997,-2.7486518993097033,-2.0286518993097031,2,3.1170881754664954,0.71999999999999997,-2.3970881754664957
"narrow_multi_obstacle",290,0,2,500,0.00011986599999999999,1,0.10296464091493474,0.13421637252562935,0.031251731610694611,3,1,0.10296464091493474,0.13421637252562935,0.031251731610694611,0,-0.71999999999999997,-2.6191377431569487,-1.8991377431569487,2,3.168936702230706,0.71999999999999997,-2.4489367022307063
"narrow_multi_obstacle",290,1,2,500,0.00012106400000000001,1,0.014404389078414015,0.22641022744578088,0.21200583836736686,3,1,0.014404389078414015,0.22641022744578088,0.21200583836736686,0,-0.71999999999999997,-2.7235052231546772,-2.0035052231546775,2,3.092109079456518,0.71999999999999997,-2.3721090794565178
"narrow_multi_obstacle",290,2,1,500,0.00010307,0,-0.71999999999999997,0.1335664733434605,0.85356647334346047,2,0,-0.71999999999999997,0.1335664733434605,0.85356647334346047,1,3.0082788606668376,0.71999999999999997,-2.2882788606668374,,,,
"narrow_multi_obstacle",290,3,1,500,0.000104682,1,-0.038240371200661372,0.71999999999999997,0.75824037120066134,2,1,-0.038240371200661372,0.71999999999999997,0.75824037120066134,0,-0.71999999999999997,-2.6591037094410139,-1.939103709441014,,,,
"narrow_multi_obstacle",291,0,2,500,0.00012613199999999999,1,0.063460301985134082,0.11529584962639317,0.051835547641259083,3,1,0.063460301985134082,0.11529584962639317,0.051835547641259083,0,-0.71999999999999997,-2.6651360820127064,-1.9451360820127064,2,3.0161044515375783,0.71999999999999997,-2.2961044515375786
"narrow_multi_obstacle",291,1,2,500,0.000121234,1,-0.094864745510954807,0.056307404185946819,0.15117214969690163,3,1,-0.094864745510954807,0.056307404185946819,0.15117214969690163,0,-0.71999999999999997,-2.7221715271136819,-2.0021715271136822,2,2.942736354775962,0.71999999999999997,-2.2227363547759618
"narrow_multi_obstacle",291,2,2,500,0.00011910800000000001,1,-0.10899623124393165,0.18455066458096914,0.29354689582490079,3,1,-0.10899623124393165,0.18455066458096914,0.29354689582490079,0,-0.71999999999999997,-2.7190108066247829,-1.9990108066247829,2,3.0526074087881248,0.71999999999999997,-2.3326074087881246
"narrow_multi_obstacle",292,0,2,500,0.000118664,1,-0.029589496984512742,0.15217009172726947,0.18175958871178222,3,1,-0.029589496984512742,0.15217009172726947,0.18175958871178222,0,-0.71999999999999997,-2.817045033310325,-2.0970450333103248,2,3.174807213543656,0.71999999999999997,-2.4548072135436563
"narrow_multi_obstacle",292,1,2,500,0.00012285400000000001,1,-0.05760108391403751,0.047190131498295873,0.10479121541233338,3,1,-0.05760108391403751,0.047190131498295873,0.10479121541233338,0,-0.71999999999999997,-2.7630996981136886,-2.0430996981136884,2,2.9230931929309087,0.71999999999999997,-2.2030931929309086
"narrow_multi_obstacle",292,2,1,500,0.00011118,0,-0.71999999999999997,0.0022858058193035991,0.72228580581930357,2,0,-0.71999999999999997,0.0022858058193035991,0.72228580581930357,1,2.9651018150856148,0.71999999999999997,-2.245101815085615,,,,
"narrow_multi_obstacle",292,3,1,500,0.00010291400000000001,1,-0.058014294679419987,0.71999999999999997,0.77801429467941996,2,1,-0.058014294679419987,0.71999999999999997,0.77801429467941996,0,-0.71999999999999997,-2.7524632116685162,-2.0324632116685164,,,,
"narrow_multi_obstacle",293,0,2,500,0.00012818399999999999,1,0.049955228595790491,0.00061946560426751063,-0.04933576299152298,3,1,0.049955228595790491,0.00061946560426751063,-0.04933576299152298,0,-0.71999999999999997,-2.7524030329872389,-2.0324030329872391,2,2.9066686172929366,0.71999999999999997,-2.1866686172929368
"narrow_multi_obstacle",293,1,2,500,0.000123874,1,-0.043294025414607917,0.017863835520573801,0.061157860935181718,3,1,-0.043294025414607917,0.017863835520573801,0.061157860935181718,0,-0.71999999999999997,-2.7384580642731704,-2.0184580642731706,2,2.8963100380436937,0.71999999999999997,-2.1763100380436935
"narrow_multi_obstacle",293,2,2,500,0.00012366800000000001,1,-0.049186682976693596,0.21279371512594669,0.26198039810264029,3,1,-0.049186682976693596,0.21279371512594669,0.26198039810264029,0,-0.71999999999999997,-2.7125780501830961,-1.9925780501830961,2,3.0219023379993342,0.71999999999999997,-2.3019023379993344
"narrow_multi_obstacle",294,0,2,500,0.000125024,1,0.020591497675435111,0.13151697861940104,0.11092548094396593,3,1,0.020591497675435111,0.13151697861940104,0.11092548094396593,0,-0.71999999999999997,-2.7841755900238159,-2.0641755900238161,2,3.1403983038379506,0.71999999999999997,-2.4203983038379508
"narrow_multi_obstacle",294,1,2,500,0.00012158399999999999,1,-0.062173904516091172,0.12192341331699397,0.18409731783308514,3,1,-0.062173904516091172,0.12192341331699397,0.18409731783308514,0,-0.71999999999999997,-2.7534077673511819,-2.0334077673511821,2,3.0186910614220226,0.71999999999999997,-2.2986910614220228
"narrow_multi_obstacle",294,2,2,500,0.000122216,1,-0.12559737651141467,0.26978887303296051,0.39538624954437518,3,1,-0.12559737651141467,0.26978887303296051,0.39538624954437518,0,-0.71999999999999997,-2.7320303318693346,-2.0120303318693349,2,3.0868301746618974,0.71999999999999997,-2.3668301746618976
"narrow_multi_obstacle",295,0,2,500,0.000119048,1,-0.040093372104510694,0.08207164875290851,0.1221650208574192,3,1,-0.040093372104510694,0.08207164875290851,0.1221650208574192,0,-0.71999999999999997,-2.7875139445480261,-2.0675139445480264,2,3.0428178779652333,0.71999999999999997,-2.3228178779652335
"narrow_multi_obstacle",295,1,2,500,0.000122192,1,-0.0016754398753122679,0.016230900193829445,0.017906340069141713,3,1,-0.0016754398753122679,0.016230900193829445,0.017906340069141713,0,-0.71999999999999997,-2.6780832769302729,-1.958083276930273,2,2.8998448502822249,0.71999999999999997,-2.1798448502822252
"narrow_multi_obstacle",295,2,2,500,0.000123242,1,-0.089292624290329581,0.074248642535619691,0.16354126682594927,3,1,-0.089292624290329581,0.074248642535619691,0.16354126682594927,0,-0.71999999999999997,-2.6714590455763259,-1.9514590455763259,2,2.8672430415266614,0.71999999999999997,-2.1472430415266617
"narrow_multi_obstacle",296,0,2,500,0.00012257199999999999,1,0.050018799678818171,0.074625375171836872,0.024606575493018701,3,1,0.050018799678818171,0.074625375171836872,0.024606575493018701,0,-0.71999999999999997,-2.7089886313670757,-1.9889886313670757,2,3.0656082233366027,0.71999999999999997,-2.3456082233366029
"narrow_multi_obstacle",296,1,2,500,0.00011879000000000001,1,0.054459861343793659,0.12672914551349912,0.072269284169705461,3,1,0.054459861343793659,0.12672914551349912,0.072269284169705461,0,-0.71999999999999997,-2.66412381385127,-1.94412381385127,2,2.9770712141308899,0.71999999999999997,-2.2570712141308897
"narrow_multi_obstacle",296,2,1,500,0.0001025,0,-0.71999999999999997,0.17675227187725762,0.89675227187725759,2,0,-0.71999999999999997,0.17675227187725762,0.89675227187725759,1,2.9720941902960787,0.71999999999999997,-2.2520941902960789,,,,
"narrow_multi_obstacle",296,3,1,500,0.00010374600000000001,1,-0.14007960231071093,0.71999999999999997,0.8600796023107109,2,1,-0.14007960231071093,0.71999999999999997,0.8600796023107109,0,-0.71999999999999997,-2.6963430503969281,-1.9763430503969281,,,,
"narrow_multi_obstacle",297,0,1,500,9.9010000000000002e-05,1,0.010446617497868349,0.71999999999999997,0.70955338250213162,2,1,0.010446617497868349,0.71999999999999997,0.70955338250213162,0,-0.71999999999999997,-2.78331138090171,-2.0633113809017098,,,,
"narrow_multi_obstacle",297,1,1,500,0.00010852399999999999,0,-0.71999999999999997,-0.015294077710807485,0.70470592228919249,2,0,-0.71999999999999997,-0.015294077710807485,0.70470592228919249,1,2.9624572382132466,0.71999999999999997,-2.2424572382132464,,,,
"narrow_multi_obstacle",297,2,2,500,0.000123538,1,0.081361899143263861,0.0063516525033737725,-0.075010246639890088,3,1,0.081361899143263861,0.0063516525033737725,-0.075010246639890088,0,-0.71999999999999997,-2.6142008725984045,-1.8942008725984045,2,2.9708753445996434,0.71999999999999997,-2.2508753445996437
"narrow_multi_obstacle",297,3,2,500,0.000119294,1,-0.038424339470390256,0.083248720746513794,0.12167306021690405,3,1,-0.038424339470390256,0.083248720746513794,0.12167306021690405,0,-0.71999999999999997,-2.6474054618540785,-1.9274054618540786,2,2.9425097807921934,0.71999999999999997,-2.2225097807921932
"narrow_multi_obstacle",298,0,1,500,0.00010151399999999999,0,-0.71999999999999997,0.12788698718775526,0.84788698718775524,2,0,-0.71999999999999997,0.12788698718775526,0.84788698718775524,1,3.0526142746510208,0.71999999999999997,-2.3326142746510206,,,,
"narrow_multi_obstacle",298,1,1,500,0.00010747,1,-0.10181440370731831,0.71999999999999997,0.82181440370731829,2,1,-0.10181440370731831,0.71999999999999997,0.82181440370731829,0,-0.71999999999999997,-2.8016426290775156,-2.0816426290775158,,,,
"narrow_multi_obstacle",298,2,1,500,0.00010057599999999999,0,-0.71999999999999997,0.060719634734350603,0.78071963473435058,2,0,-0.71999999999999997,0.060719634734350603,0.78071963473435058,1,2.9854529427704626,0.71999999999999997,-2.2654529427704624,,,,
"narrow_multi_obstacle",298,3,1,500,0.00010093000000000001,1,-0.058448275941729078,0.71999999999999997,0.77844827594172905,2,1,-0.058448275941729078,0.71999999999999997,0.77844827594172905,0,-0.71999999999999997,-2.6926160485954149,-1.972616048595415,,,,
"narrow_multi_obstacle",298,4,2,500,0.000118554,1,-0.020981246240532547,0.11244521981700761,0.13342646605754016,3,1,-0.020981246240532547,0.11244521981700761,0.13342646605754016,0,-0.71999999999999997,-2.643495492692101,-1.9234954926921011,2,2.8980552313961168,0.71999999999999997,-2.178055231396117
"narrow_multi_obstacle",299,0,1,500,0.000101538,0,-0.71999999999999997,0.018616539015093636,0.73861653901509361,2,0,-0.71999999999999997,0.018616539015093636,0.73861653901509361,1,2.9767608429036652,0.71999999999999997,-2.256760842903665,,,,
"narrow_multi_obstacle",299,1,1,500,0.00010778200000000001,1,0.13683301894283062,0.71999999999999997,0.58316698105716935,2,1,0.13683301894283062,0.71999999999999997,0.58316698105716935,0,-0.71999999999999997,-2.6778741228929404,-1.9578741228929404,,,,
"narrow_multi_obstacle",299,2,2,500,0.00012206599999999999,1,-0.017237316890571952,0.080127816341089009,0.097365133231660961,3,1,-0.017237316890571952,0.080127816341089009,0.097365133231660961,0,-0.71999999999999997,-2.7517503862394834,-2.0317503862394837,2,3.0252926816234367,0.71999999999999997,-2.3052926816234365
"narrow_multi_obstacle",299,3,2,500,0.00012844399999999999,1,-0.065900378980304763,0.21717546702607327,0.28307584600637803,3,1,-0.065900378980304763,0.21717546702607327,0.28307584600637803,0,-0.71999999999999997,-2.6944063890215322,-1.9744063890215322,2,3.0331200067417727,0.71999999999999997,-2.313120006741773
"narrow_multi_obstacle",300,0,2,500,0.000120992,1,0.009384457521634193,0.029682998151649764,0.020298540630015571,3,1,0.009384457521634193,0.029682998151649764,0.020298540630015571,0,-0.71999999999999997,-2.7277586217194432,-2.007758621719443,2,2.9733772819857434,0.71999999999999997,-2.2533772819857436
"narrow_multi_obstacle",300,1,2,500,0.00012289199999999999,1,-0.0035564589862837614,0.072842761877155882,0.076399220863439643,3,1,-0.0035564589862837614,0.072842761877155882,0.076399220863439643,0,-0.71999999999999997,-2.7655847530409394,-2.0455847530409397,2,2.9897637877234882,0.71999999999999997,-2.2697637877234884
"narrow_multi_obstacle",300,2,2,500,0.00012113400000000001,1,0.036983074449191689,0.13429450109492724,0.097311426645735555,3,1,0.036983074449191689,0.13429450109492724,0.097311426645735555,0,-0.71999999999999997,-2.6255602586767788,-1.9055602586767788,2,3.0020836878086037,0.71999999999999997,-2.2820836878086039
"narrow_multi_obstacle",301,0,1,500,0.000101302,0,-0.71999999999999997,0.051607368808748832,0.77160736880874881,2,0,-0.71999999999999997,0.051607368808748832,0.77160736880874881,1,3.0670270476060297,0.71999999999999997,-2.34702704760603,,,,
"narrow_multi_obstacle",301,1,1,500,9.9244000000000001e-05,1,-0.11982277129800845,0.71999999999999997,0.83982277129800842,2,1,-0.11982277129800845,0.71999999999999997,0.83982277129800842,0,-0.71999999999999997,-2.8535257669644931,-2.1335257669644934,,,,
"narrow_multi_obstacle",301,2,1,500,0.00010244,0,-0.71999999999999997,0.28158008123062417,1.0015800812306241,2,0,-0.71999999999999997,0.28158008123062417,1.0015800812306241,1,3.1942858185377787,0.71999999999999997,-2.474285818537779,,,,
"narrow_multi_obstacle",301,3,1,500,0.00010248000000000001,1,-0.12305752587844254,0.71999999999999997,0.84305752587844252,2,1,-0.12305752587844254,0.71999999999999997,0.84305752587844252,0,-0.71999999999999997,-2.784774159245031,-2.0647741592450313,,,,
"narrow_multi_obstacle",301,4,1,500,0.00010105799999999999,0,-0.71999999999999997,0.062027411964044932,0.78202741196404491,2,0,-0.71999999999999997,0.062027411964044932,0.78202741196404491,1,2.8153143734131723,0.71999999999999997,-2.0953143734131725,,,,
"narrow_multi_obstacle",301,5,1,500,0.000106096,1,-0.093419932991411159,0.71999999999999997,0.81341993299141113,2,1,-0.093419932991411159,0.71999999999999997,0.81341993299141113,0,-0.71999999999999997,-2.6949293000323502,-1.9749293000323502,,,,
"narrow_multi_obstacle",302,0,2,500,0.00012716,1,0.0098663287422817714,0.11768519356035023,0.10781886481806846,3,1,0.0098663287422817714,0.11768519356035023,0.10781886481806846,0,-0.71999999999999997,-2.7629861821126047,-2.042986182112605,2,3.0305902589245486,0.71999999999999997,-2.3105902589245488
"narrow_multi_obstacle",302,1,2,500,0.00012289000000000001,1,-0.11815893838876468,0.051116384353030675,0.16927532274179535,3,1,-0.11815893838876468,0.051116384353030675,0.16927532274179535,0,-0.71999999999999997,-2.8602880407244125,-2.1402880407244123,2,3.0573970240645711,0.71999999999999997,-2.3373970240645709
"narrow_multi_obstacle",302,2,2,500,0.00012072,1,-0.04402542597320025,0.18728604983268227,0.23131147580588252,3,1,-0.04402542597320025,0.18728604983268227,0.23131147580588252,0,-0.71999999999999997,-2.7001273223728366,-1.9801273223728366,2,3.0300531391155388,0.71999999999999997,-2.3100531391155386
"narrow_multi_obstacle",303,0,2,500,0.00012264,1,0.0063081914792293414,0.10273087795017055,0.09642268647094121,3,1,0.0063081914792293414,0.10273087795017055,0.09642268647094121,0,-0.71999999999999997,-2.7791943060265778,-2.059194306026578,2,3.0338763346230415,0.71999999999999997,-2.3138763346230418
"narrow_multi_obstacle",303,1,1,500,0.00010176799999999999,1,-0.025220125118028403,0.71999999999999997,0.74522012511802838,2,1,-0.025220125118028403,0.71999999999999997,0.74522012511802838,0,-0.71999999999999997,-2.7797707152853706,-2.0597707152853708,,,,
"narrow_multi_obstacle",303,2,1,500,0.00010144200000000001,0,-0.71999999999999997,0.066009503145663784,0.78600950314566376,2,0,-0.71999999999999997,0.066009503145663784,0.78600950314566376,1,3.0459144088294607,0.71999999999999997,-2.325914408829461,,,,
"narrow_multi_obstacle",303,3,1,500,9.7617999999999999e-05,0,-0.71999999999999997,0.014348960934909893,0.73434896093490987,2,0,-0.71999999999999997,0.014348960934909893,0.73434896093490987,1,2.9137756896308975,0.71999999999999997,-2.1937756896308978,,,,
"narrow_multi_obstacle",303,4,1,500,0.00010168199999999999,1,-0.1433153248226211,0.71999999999999997,0.86331532482262108,2,1,-0.1433153248226211,0.71999999999999997,0.86331532482262108,0,-0.71999999999999997,-2.7957035512312838,-2.0757035512312836,,,,
"narrow_multi_obstacle",304,0,2,500,0.00012582199999999999,1,-0.023894911951132691,0.069713650961477969,0.09360856291261066,3,1,-0.023894911951132691,0.069713650961477969,0.09360856291261066,0,-0.71999999999999997,-2.821965602308516,-2.1019656023085158,2,3.0742495726250825,0.71999999999999997,-2.3542495726250827
"narrow_multi_obstacle",304,1,2,500,0.000128066,1,-0.053141663614991286,0.14345374151938506,0.19659540513437634,3,1,-0.053141663614991286,0.14345374151938506,0.19659540513437634,0,-0.71999999999999997,-2.7836002721762689,-2.0636002721762692,2,3.0052752561127587,0.71999999999999997,-2.2852752561127589
"narrow_multi_obstacle",304,2,2,500,0.00012336199999999999,1,-0.0068400240715771332,0.20169794599248592,0.20853797006406305,3,1,-0.0068400240715771332,0.20169794599248592,0.20853797006406305,0,-0.71999999999999997,-2.6484187521027147,-1.9284187521027147,2,3.0323482209720156,0.71999999999999997,-2.3123482209720159
"narrow_multi_obstacle",305,0,1,500,0.000101686,1,-0.060639342687377251,0.71999999999999997,0.78063934268737722,2,1,-0.060639342687377251,0.71999999999999997,0.78063934268737722,0,-0.71999999999999997,-2.8386708083429455,-2.1186708083429453,,,,
"narrow_multi_obstacle",305,1,1,500,0.000102632,0,-0.71999999999999997,0.082685909072260921,0.80268590907226089,2,0,-0.71999999999999997,0.082685909072260921,0.80268590907226089,1,3.0054462277889993,0.71999999999999997,-2.2854462277889995,,,,
"narrow_multi_obstacle",305,2,1,500,0.00010382800000000001,0,-0.71999999999999997,0.18774331208244521,0.90774331208244519,2,0,-0.71999999999999997,0.18774331208244521,0.90774331208244519,1,3.0292268817020735,0.71999999999999997,-2.3092268817020738,,,,
"narrow_multi_obstacle",305,3,1,500,0.000157572,1,-0.12492592030192928,0.71999999999999997,0.84492592030192926,2,1,-0.12492592030192928,0.71999999999999997,0.84492592030192926,0,-0.71999999999999997,-2.8080378323086919,-2.0880378323086921,,,,
"narrow_multi_obstacle",305,4,1,500,0.000119326,0,-0.71999999999999997,0.11067278252822654,0.83067278252822652,2,0,-0.71999999999999997,0.11067278252822654,0.83067278252822652,1,2.9863447359732902,0.71999999999999997,-2.2663447359732904,,,,
"narrow_multi_obstacle",305,5,1,500,0.000107478,1,-0.10171086015244235,0.71999999999999997,0.82171086015244232,2,1,-0.10171086015244235,0.71999999999999997,0.82171086015244232,0,-0.71999999999999997,-2.6485391627587331,-1.9285391627587332,,,,
"narrow_multi_obstacle",306,0,1,500,0.000106382,1,0.10728393436685413,0.71999999999999997,0.61271606563314585,2,1,0.10728393436685413,0.71999999999999997,0.61271606563314585,0,-0.71999999999999997,-2.6917941533235199,-1.9717941533235199,,,,
"narrow_multi_obstacle",306,1,1,500,0.000105974,0,-0.71999999999999997,0.0047178824316838064,0.72471788243168378,2,0,-0.71999999999999997,0.0047178824316838064,0.72471788243168378,1,3.032914578331849,0.71999999999999997,-2.3129145783318492,,,,
"narrow_multi_obstacle",306,2,1,500,0.000105262,1,-0.043864241100118662,0.71999999999999997,0.76386424110011863,2,1,-0.043864241100118662,0.71999999999999997,0.76386424110011863,0,-0.71999999999999997,-2.7727270134311746,-2.0527270134311744,,,,
"narrow_multi_obstacle",306,3,1,500,0.000102464,0,-0.71999999999999997,0.12833914192889417,0.84833914192889415,2,0,-0.71999999999999997,0.12833914192889417,0.84833914192889415,1,3.0631918125723434,0.71999999999999997,-2.3431918125723437,,,,
"narrow_multi_obstacle",306,4,2,500,0.000126406,1,-0.10762346457523453,0.041560745251739251,0.14918420982697378,3,1,-0.10762346457523453,0.041560745251739251,0.14918420982697378,0,-0.71999999999999997,-2.712899223857316,-1.992899223857316,2,2.8887292804850944,0.71999999999999997,-2.1687292804850946
"narrow_multi_obstacle",307,0,1,500,0.00010321,1,0.038985071688690809,0.71999999999999997,0.68101492831130916,2,1,0.038985071688690809,0.71999999999999997,0.68101492831130916,0,-0.71999999999999997,-2.7149137418799008,-1.9949137418799008,,,,
"narrow_multi_obstacle",307,1,1,500,9.7306000000000007e-05,0,-0.71999999999999997,0.1181427676050526,0.83814276760505257,2,0,-0.71999999999999997,0.1181427676050526,0.83814276760505257,1,3.0259081303740119,0.71999999999999997,-2.3059081303740117,,,,
"narrow_multi_obstacle",307,2,2,500,0.00012024,1,-0.035997483435067368,0.11596383406556887,0.15196131750063624,3,1,-0.035997483435067368,0.11596383406556887,0.15196131750063624,0,-0.71999999999999997,-2.7076684997621427,-1.9876684997621428,2,2.9431304625949473,0.71999999999999997,-2.2231304625949475
"narrow_multi_obstacle",307,3,1,500,0.000100436,1,-0.036746986231147361,0.71999999999999997,0.75674698623114733,2,1,-0.036746986231147361,0.71999999999999997,0.75674698623114733,0,-0.71999999999999997,-2.6778198855894813,-1.9578198855894813,,,,
"narrow_multi_obstacle",307,4,1,500,0.000101914,0,-0.71999999999999997,0.2143810546904783,0.93438105469047827,2,0,-0.71999999999999997,0.2143810546904783,0.93438105469047827,1,3.0177392447241793,0.71999999999999997,-2.2977392447241796,,,,
"narrow_multi_obstacle",308,0,2,500,0.00011827799999999999,1,0.077018029026250767,-0.053524365937261509,-0.13054239496351228,3,1,0.077018029026250767,-0.053524365937261509,-0.13054239496351228,0,-0.71999999999999997,-2.6913529969074261,-1.9713529969074262,2,2.9598155758345968,0.71999999999999997,-2.239815575834597
"narrow_multi_obstacle",308,1,1,500,0.00010085,1,-0.055840117120038224,0.71999999999999997,0.7758401171200382,2,1,-0.055840117120038224,0.71999999999999997,0.7758401171200382,0,-0.71999999999999997,-2.7883259403162297,-2.06832594031623,,,,
"narrow_multi_obstacle",308,2,1,500,9.9349999999999989e-05,0,-0.71999999999999997,0.040683607704796731,0.7606836077047967,2,0,-0.71999999999999997,0.040683607704796731,0.7606836077047967,1,2.9977721006112263,0.71999999999999997,-2.2777721006112266,,,,
"narrow_multi_obstacle",308,3,1,500,9.9122000000000004e-05,1,-0.14040874574115225,0.71999999999999997,0.86040874574115223,2,1,-0.14040874574115225,0.71999999999999997,0.86040874574115223,0,-0.71999999999999997,-2.7884449353644292,-2.068444935364429,,,,
"narrow_multi_obstacle",308,4,1,500,0.000100312,0,-0.71999999999999997,0.1196352901788329,0.83963529017883287,2,0,-0.71999999999999997,0.1196352901788329,0.83963529017883287,1,2.9355603771803649,0.71999999999999997,-2.2155603771803651,,,,
"narrow_multi_obstacle",309,0,2,500,0.000128078,1,0.007828215175432307,-0.0094517643351978986,-0.017279979510630206,3,1,0.007828215175432307,-0.0094517643351978986,-0.017279979510630206,0,-0.71999999999999997,-2.7317789123993075,-2.0117789123993077,2,2.9077830562161564,0.71999999999999997,-2.1877830562161567
"narrow_multi_obstacle",309,1,1,500,0.00010324600000000001,0,-0.71999999999999997,0.16106445509076961,0.88106445509076958,2,0,-0.71999999999999997,0.16106445509076961,0.88106445509076958,1,3.0776615649938308,0.71999999999999997,-2.3576615649938306,,,,
"narrow_multi_obstacle",309,2,1,500,0.00010797400000000001,1,-0.021106534535156651,0.71999999999999997,0.74110653453515662,2,1,-0.021106534535156651,0.71999999999999997,0.74110653453515662,0,-0.71999999999999997,-2.7789734806929887,-2.0589734806929885,,,,
"narrow_multi_obstacle",309,3,1,500,0.00010499600000000001,1,-0.12494284839097047,0.71999999999999997,0.84494284839097045,2,1,-0.12494284839097047,0.71999999999999997,0.84494284839097045,0,-0.71999999999999997,-2.7507430088540969,-2.0307430088540972,,,,
"narrow_multi_obstacle",309,4,1,500,0.000107376,0,-0.71999999999999997,0.091855384339843082,0.81185538433984306,2,0,-0.71999999999999997,0.091855384339843082,0.81185538433984306,1,2.9930040198521803,0.71999999999999997,-2.2730040198521806,,,,
"narrow_multi_obstacle",310,0,1,500,0.000106032,1,0.07762362149602775,0.71999999999999997,0.64237637850397222,2,1,0.07762362149602775,0.71999999999999997,0.64237637850397222,0,-0.71999999999999997,-2.645424835897761,-1.925424835897761,,,,
"narrow_multi_obstacle",310,1,1,500,0.000114986,0,-0.71999999999999997,-0.00383452519715477,0.7161654748028452,2,0,-0.71999999999999997,-0.00383452519715477,0.7161654748028452,1,2.9994120905488639,0.71999999999999997,-2.2794120905488642,,,,
"narrow_multi_obstacle",310,2,1,500,0.00010398200000000001,0,-0.71999999999999997,0.1067917536011862,0.82679175360118617,2,0,-0.71999999999999997,0.1067917536011862,0.82679175360118617,1,3.0576811864547704,0.71999999999999997,-2.3376811864547706,,,,
"narrow_multi_obstacle",310,3,1,500,0.00010859199999999999,1,-0.0087099200766616036,0.71999999999999997,0.72870992007666158,2,1,-0.0087099200766616036,0.71999999999999997,0.72870992007666158,0,-0.71999999999999997,-2.6812127169632056,-1.9612127169632056,,,,
"narrow_multi_obstacle",310,4,1,500,0.000102414,0,-0.71999999999999997,-0.00501330586969706,0.71498669413030291,2,0,-0.71999999999999997,-0.00501330586969706,0.71498669413030291,1,2.8143996448021893,0.71999999999999997,-2.0943996448021895,,,,
"narrow_multi_obstacle",310,5,1,500,0.00010563200000000001,1,-0.0062562871338727177,0.71999999999999997,0.72625628713387269,2,1,-0.0062562871338727177,0.71999999999999997,0.72625628713387269,0,-0.71999999999999997,-2.6807647881619849,-1.960764788161985,,,,
"narrow_multi_obstacle",311,0,2,500,0.00012859799999999998,1,0.049011929620285111,0.15975659441033874,0.11074466479005363,3,1,0.049011929620285111,0.15975659441033874,0.11074466479005363,0,-0.71999999999999997,-2.7110268920592802,-1.9910268920592802,2,3.074194313612101,0.71999999999999997,-2.3541943136121013
"narrow_multi_obstacle",311,1,1,500,0.000106068,1,-0.0074050925855584371,0.71999999999999997,0.72740509258555841,2,1,-0.0074050925855584371,0.71999999999999997,0.72740509258555841,0,-0.71999999999999997,-2.754849562760592,-2.0348495627605923,,,,
"narrow_multi_obstacle",311,2,1,500,0.000102342,0,-0.71999999999999997,0.041434800458423071,0.76143480045842304,2,0,-0.71999999999999997,0.041434800458423071,0.76143480045842304,1,3.0015207918538716,0.71999999999999997,-2.2815207918538718,,,,
"narrow_multi_obstacle",311,3,1,500,0.000107984,1,-0.072256637171006499,0.71999999999999997,0.79225663717100647,2,1,-0.072256637171006499,0.71999999999999997,0.79225663717100647,0,-0.71999999999999997,-2.6922840005746478,-1.9722840005746478,,,,
"narrow_multi_obstacle",311,4,1,500,0.00010763399999999999,0,-0.71999999999999997,-0.028892986055210956,0.69110701394478902,2,0,-0.71999999999999997,-0.028892986055210956,0.69110701394478902,1,2.8702117762033694,0.71999999999999997,-2.1502117762033697,,,,
"narrow_multi_obstacle",312,0,2,500,0.00012482199999999999,1,0.077127806152671674,0.045070661943539703,-0.032057144209131971,3,1,0.077127806152671674,0.045070661943539703,-0.032057144209131971,0,-0.71999999999999997,-2.7332835873495975,-2.0132835873495978,2,3.0097893479275735,0.71999999999999997,-2.2897893479275737
"narrow_multi_obstacle",312,1,2,500,0.000139204,1,-0.11029865747736634,0.12382849376227512,0.23412715123964145,3,1,-0.11029865747736634,0.12382849376227512,0.23412715123964145,0,-0.71999999999999997,-2.8097190206018325,-2.0897190206018328,2,3.0603680696645497,0.71999999999999997,-2.3403680696645495
"narrow_multi_obstacle",312,2,2,500,0.00012101599999999999,1,-0.068415413902706446,-0.047106710268787655,0.021308703633918791,3,1,-0.068415413902706446,-0.047106710268787655,0.021308703633918791,0,-0.71999999999999997,-2.7741490406041978,-2.054149040604198,2,2.8449401234246392,0.71999999999999997,-2.124940123424639
"narrow_multi_obstacle",313,0,1,500,9.9767999999999998e-05,1,0.036177484427681428,0.71999999999999997,0.68382251557231855,2,1,0.036177484427681428,0.71999999999999997,0.68382251557231855,0,-0.71999999999999997,-2.7430391962301428,-2.0230391962301431,,,,
"narrow_multi_obstacle",313,1,1,500,0.00010106400000000001,0,-0.71999999999999997,0.037267421021489389,0.75726742102148936,2,0,-0.71999999999999997,0.037267421021489389,0.75726742102148936,1,3.0628772190110514,0.71999999999999997,-2.3428772190110516,,,,
"narrow_multi_obstacle",313,2,1,500,0.00010088,0,-0.71999999999999997,0.12315925860077792,0.84315925860077789,2,0,-0.71999999999999997,0.12315925860077792,0.84315925860077789,1,3.0314000776139345,0.71999999999999997,-2.3114000776139347,,,,
"narrow_multi_obstacle",313,3,1,500,0.000101192,1,-0.057318509277070273,0.71999999999999997,0.77731850927707025,2,1,-0.057318509277070273,0.71999999999999997,0.77731850927707025,0,-0.71999999999999997,-2.7621725309170269,-2.0421725309170267,,,,
"narrow_multi_obstacle",313,4,2,500,0.00011846,1,-0.047683892822546925,0.16025210219504094,0.20793599501758786,3,1,-0.047683892822546925,0.16025210219504094,0.20793599501758786,0,-0.71999999999999997,-2.7482992692432822,-2.0282992692432824,2,3.0325893503738595,0.71999999999999997,-2.3125893503738597
"narrow_multi_obstacle",314,0,2,500,0.000121666,1,0.025221546917371773,0.13093378934455435,0.10571224242718258,3,1,0.025221546917371773,0.13093378934455435,0.10571224242718258,0,-0.71999999999999997,-2.7815767634802731,-2.0615767634802733,2,3.100025503566791,0.71999999999999997,-2.3800255035667908
"narrow_multi_obstacle",314,1,2,500,0.000116808,1,-0.03285574720157669,0.17937744272605349,0.21223318992763018,3,1,-0.03285574720157669,0.17937744272605349,0.21223318992763018,0,-0.71999999999999997,-2.7218971728607344,-2.0018971728607342,2,3.1101142409760607,0.71999999999999997,-2.390114240976061
"narrow_multi_obstacle",314,2,2,500,0.00011915000000000001,1,-0.082807737904631473,0.16147956182508039,0.24428729972971186,3,1,-0.082807737904631473,0.16147956182508039,0.24428729972971186,0,-0.71999999999999997,-2.7510994524978436,-2.0310994524978438,2,3.0625001143904598,0.71999999999999997,-2.34250011439046
"narrow_multi_obstacle",315,0,2,500,0.00011843800000000001,1,0.039539136110174455,0.0039626867899391627,-0.035576449320235293,3,1,0.039539136110174455,0.0039626867899391627,-0.035576449320235293,0,-0.71999999999999997,-2.7512794789073638,-2.031279478907364,2,3.0571682301149745,0.71999999999999997,-2.3371682301149743
"narrow_multi_obstacle",315,1,1,500,0.00010241799999999999,1,-0.0056547953562553488,0.71999999999999997,0.72565479535625532,2,1,-0.0056547953562553488,0.71999999999999997,0.72565479535625532,0,-0.71999999999999997,-2.7322076539637132,-2.0122076539637135,,,,
"narrow_multi_obstacle",315,2,1,500,0.00010486,0,-0.71999999999999997,0.057105411053279376,0.77710541105327935,2,0,-0.71999999999999997,0.057105411053279376,0.77710541105327935,1,2.9960786706502391,0.71999999999999997,-2.2760786706502394,,,,
"narrow_multi_obstacle",315,3,2,500,0.000121922,1,-0.10898482705818124,0.065989727329070158,0.1749745543872514,3,1,-0.10898482705818124,0.065989727329070158,0.1749745543872514,0,-0.71999999999999997,-2.81261201407849,-2.0926120140784903,2,3.0121005220945163,0.71999999999999997,-2.2921005220945165
"narrow_multi_obstacle",316,0,2,500,0.000126508,1,0.0014833336176092171,0.03682247677621997,0.035339143158610753,3,1,0.0014833336176092171,0.03682247677621997,0.035339143158610753,0,-0.71999999999999997,-2.6956973481315902,-1.9756973481315903,2,2.9067370990092858,0.71999999999999997,-2.186737099009286
"narrow_multi_obstacle",316,1,2,500,0.000125654,1,-0.12388512138468633,0.10872351295163463,0.23260863433632095,3,1,-0.12388512138468633,0.10872351295163463,0.23260863433632095,0,-0.71999999999999997,-2.7906515956730829,-2.0706515956730831,2,2.98245627145615,0.71999999999999997,-2.2624562714561502
"narrow_multi_obstacle",316,2,1,500,0.000105506,1,-0.11155499356158805,0.71999999999999997,0.83155499356158802,2,1,-0.11155499356158805,0.71999999999999997,0.83155499356158802,0,-0.71999999999999997,-2.7517003239894398,-2.0317003239894396,,,,
"narrow_multi_obstacle",316,3,1,500,0.00011159600000000001,0,-0.71999999999999997,0.17366771156692073,0.89366771156692071,2,0,-0.71999999999999997,0.17366771156692073,0.89366771156692071,1,2.9446612169887274,0.71999999999999997,-2.2246612169887277,,,,
"narrow_multi_obstacle",317,0,2,500,0.00012773,1,-0.040247478795067293,-0.034442277103925223,0.0058052016911420701,3,1,-0.040247478795067293,-0.034442277103925223,0.0058052016911420701,0,-0.71999999999999997,-2.7693210897561187,-2.0493210897561189,2,2.8828491051550689,0.71999999999999997,-2.1628491051550691
"narrow_multi_obstacle",317,1,1,500,0.000108602,0,-0.71999999999999997,0.045936182692158045,0.76593618269215802,2,0,-0.71999999999999997,0.045936182692158045,0.76593618269215802,1,2.9185431339572006,0.71999999999999997,-2.1985431339572008,,,,
"narrow_multi_obstacle",317,2,1,500,0.000108916,1,0.018509720337873459,0.71999999999999997,0.70149027966212651,2,1,0.018509720337873459,0.71999999999999997,0.70149027966212651,0,-0.71999999999999997,-2.6828160742664675,-1.9628160742664675,,,,
"narrow_multi_obstacle",317,3,2,500,0.000125086,1,0.06645177624537224,0.1937655721622551,0.12731379591688285,3,1,0.06645177624537224,0.1937655721622551,0.12731379591688285,0,-0.71999999999999997,-2.6241116194857161,-1.9041116194857162,2,3.0472270625525066,0.71999999999999997,-2.3272270625525069
"narrow_multi_obstacle",318,0,1,500,0.00010449400000000001,0,-0.71999999999999997,0.010953926474592368,0.73095392647459234,2,0,-0.71999999999999997,0.010953926474592368,0.73095392647459234,1,2.9369569122820893,0.71999999999999997,-2.2169569122820896,,,,
"narrow_multi_obstacle",318,1,1,500,0.00010110800000000001,1,0.0062023810897640086,0.71999999999999997,0.71379761891023596,2,1,0.0062023810897640086,0.71999999999999997,0.71379761891023596,0,-0.71999999999999997,-2.7056609801288865,-1.9856609801288865,,,,
"narrow_multi_obstacle",318,2,1,500,0.00010205,1,-0.055016460612927975,0.71999999999999997,0.77501646061292795,2,1,-0.055016460612927975,0.71999999999999997,0.77501646061292795,0,-0.71999999999999997,-2.7592997656708325,-2.0392997656708323,,,,
"narrow_multi_obstacle",318,3,1,500,0.00010171199999999999,0,-0.71999999999999997,0.072801207618953478,0.79280120761895345,2,0,-0.71999999999999997,0.072801207618953478,0.79280120761895345,1,3.0276015678599695,0.71999999999999997,-2.3076015678599697,,,,
"narrow_multi_obstacle",318,4,2,500,0.00012246799999999998,1,-0.010706368775834196,0.11421239853604082,0.12491876731187501,3,1,-0.010706368775834196,0.11421239853604082,0.12491876731187501,0,-0.71999999999999997,-2.6999081311793089,-1.979908131179309,2,2.9011644979412221,0.71999999999999997,-2.1811644979412224
"narrow_multi_obstacle",319,0,1,500,0.00010220799999999999,0,-0.71999999999999997,0.053809802897659464,0.77380980289765944,2,0,-0.71999999999999997,0.053809802897659464,0.77380980289765944,1,3.0911466186939505,0.71999999999999997,-2.3711466186939507,,,,
"narrow_multi_obstacle",319,1,1,500,0.000102428,1,0.030749610813932016,0.71999999999999997,0.68925038918606796,2,1,0.030749610813932016,0.71999999999999997,0.68925038918606796,0,-0.71999999999999997,-2.6844379097884277,-1.9644379097884277,,,,
"narrow_multi_obstacle",319,2,1,500,0.000101686,1,0.039917689346971263,0.71999999999999997,0.68008231065302871,2,1,0.039917689346971263,0.71999999999999997,0.68008231065302871,0,-0.71999999999999997,-2.7041048317261795,-1.9841048317261796,,,,
"narrow_multi_obstacle",319,3,1,500,0.00010172000000000001,0,-0.71999999999999997,-0.037205988255606837,0.68279401174439314,2,0,-0.71999999999999997,-0.037205988255606837,0.68279401174439314,1,2.9114786737977583,0.71999999999999997,-2.1914786737977581,,,,
"narrow_multi_obstacle",319,4,1,500,0.000100418,1,-0.028294184369738407,0.71999999999999997,0.74829418436973838,2,1,-0.028294184369738407,0.71999999999999997,0.74829418436973838,0,-0.71999999999999997,-2.7435087014992492,-2.0235087014992494,,,,
"narrow_multi_obstacle",319,5,1,500,9.9019999999999997e-05,0,-0.71999999999999997,0.17630330250066661,0.89630330250066659,2,0,-0.71999999999999997,0.17630330250066661,0.89630330250066659,1,3.0324000187119373,0.71999999999999997,-2.3124000187119371,,,,
"narrow_multi_obstacle",320,0,2,500,0.000122154,1,-0.10877936220795714,0.020326385260995172,0.12910574746895231,3,1,-0.10877936220795714,0.020326385260995172,0.12910574746895231,0,-0.71999999999999997,-2.8880106321509049,-2.1680106321509047,2,3.0133568522722127,0.71999999999999997,-2.293356852272213
"narrow_multi_obstacle",320,1,2,500,0.00012641799999999999,1,-0.0036903097448597322,0.1060006338906363,0.10969094363549603,3,1,-0.0036903097448597322,0.1060006338906363,0.10969094363549603,0,-0.71999999999999997,-2.7265765698224311,-2.0065765698224309,2,2.9795137205166644,0.71999999999999997,-2.2595137205166642
"narrow_multi_obstacle",320,2,2,500,0.00012307600000000001,1,8.5327179806693465e-05,0.11492080972836671,0.11483548254856002,3,1,8.5327179806693465e-05,0.11492080972836671,0.11483548254856002,0,-0.71999999999999997,-2.6863213320652073,-1.9663213320652073,2,2.9607915904709121,0.71999999999999997,-2.2407915904709119
"narrow_multi_obstacle",321,0,2,500,0.00011931999999999999,1,-0.035033369001477688,0.044972941154356905,0.080006310155834592,3,1,-0.035033369001477688,0.044972941154356905,0.080006310155834592,0,-0.71999999999999997,-2.7719039454150276,-2.0519039454150274,2,2.9381271821346946,0.71999999999999997,-2.2181271821346948
"narrow_multi_obstacle",321,1,1,500,9.7476e-05,0,-0.71999999999999997,0.091692574789725034,0.81169257478972501,2,0,-0.71999999999999997,0.091692574789725034,0.81169257478972501,1,2.9602281866370568,0.71999999999999997,-2.240228186637057,,,,
"narrow_multi_obstacle",321,2,1,500,0.000100846,1,-0.052328000936572083,0.71999999999999997,0.77232800093657206,2,1,-0.052328000936572083,0.71999999999999997,0.77232800093657206,0,-0.71999999999999997,-2.7122764552448366,-1.9922764552448367,,,,
"narrow_multi_obstacle",321,3,2,500,0.000118164,1,-0.026064769305479851,0.13384632656005535,0.1599110958655352,3,1,-0.026064769305479851,0.13384632656005535,0.1599110958655352,0,-0.71999999999999997,-2.6304305940580948,-1.9104305940580948,2,3.0336437570627401,0.71999999999999997,-2.3136437570627404
"narrow_multi_obstacle",322,0,1,500,9.6804000000000004e-05,1,-0.079025986843829887,0.71999999999999997,0.79902598684382986,2,1,-0.079025986843829887,0.71999999999999997,0.79902598684382986,0,-0.71999999999999997,-2.8047208292155337,-2.0847208292155335,,,,
"narrow_multi_obstacle",322,1,1,500,0.00010138800000000001,0,-0.71999999999999997,0.019127497579190411,0.73912749757919038,2,0,-0.71999999999999997,0.019127497579190411,0.73912749757919038,1,3.0367859662062013,0.71999999999999997,-2.3167859662062016,,,,
"narrow_multi_obstacle",322,2,2,500,0.00011905000000000001,1,0.11973785656679503,0.10689464171643404,-0.012843214850360996,3,1,0.11973785656679503,0.10689464171643404,-0.012843214850360996,0,-0.71999999999999997,-2.6094687101783443,-1.8894687101783443,2,3.1245012204077955,0.71999999999999997,-2.4045012204077958
"narrow_multi_obstacle",322,3,2,500,0.00011943,1,-0.11457484970856746,0.11345739923903153,0.22803224894759899,3,1,-0.11457484970856746,0.11345739923903153,0.22803224894759899,0,-0.71999999999999997,-2.7896657015809625,-2.0696657015809627,2,2.9969485877650692,0.71999999999999997,-2.2769485877650695
"narrow_multi_obstacle",323,0,1,500,0.000101518,0,-0.71999999999999997,0.0852612536751709,0.80526125367517087,2,0,-0.71999999999999997,0.0852612536751709,0.80526125367517087,1,2.9942258520620584,0.71999999999999997,-2.2742258520620586,,,,
"narrow_multi_obstacle",323,1,1,500,0.000101306,1,0.0095949430014106163,0.71999999999999997,0.71040505699858936,2,1,0.0095949430014106163,0.71999999999999997,0.71040505699858936,0,-0.71999999999999997,-2.7329568199904157,-2.012956819990416,,,,
"narrow_multi_obstacle",323,2,1,500,0.000101174,0,-0.71999999999999997,0.022030813248464565,0.74203081324846454,2,0,-0.71999999999999997,0.022030813248464565,0.74203081324846454,1,2.9382853358293137,0.71999999999999997,-2.2182853358293135,,,,
"narrow_multi_obstacle",323,3,1,500,0.00010097599999999999,1,-0.0080050243751959016,0.71999999999999997,0.72800502437519587,2,1,-0.0080050243751959016,0.71999999999999997,0.72800502437519587,0,-0.71999999999999997,-2.7109170999572409,-1.990917099957241,,,,
"narrow_multi_obstacle",323,4,2,500,0.00012523799999999998,1,-0.14221048479063692,0.13469883124634485,0.27690931603698177,3,1,-0.14221048479063692,0.13469883124634485,0.27690931603698177,0,-0.71999999999999997,-2.752393688134029,-2.0323936881340288,2,2.9897258056213678,0.71999999999999997,-2.2697258056213681
"narrow_multi_obstacle",324,0,2,500,0.00012305000000000001,1,0.049755028493675635,0.0075103000725633695,-0.042244728421112265,3,1,0.049755028493675635,0.0075103000725633695,-0.042244728421112265,0,-0.71999999999999997,-2.6623911706608436,-1.9423911706608437,2,2.9739590946773538,0.71999999999999997,-2.253959094677354
"narrow_multi_obstacle",324,1,1,500,0.000110056,0,-0.71999999999999997,0.14846782335938791,0.86846782335938788,2,0,-0.71999999999999997,0.14846782335938791,0.86846782335938788,1,2.9694957417748169,0.71999999999999997,-2.2494957417748171,,,,
"narrow_multi_obstacle",324,2,1,500,0.000106226,1,-0.052167140771883558,0.71999999999999997,0.77216714077188353,2,1,-0.052167140771883558,0.71999999999999997,0.77216714077188353,0,-0.71999999999999997,-2.6846348452867721,-1.9646348452867721,,,,
"narrow_multi_obstacle",324,3,2,500,0.000128116,1,-0.050158662428822387,0.23985961241262999,0.29001827484145237,3,1,-0.050158662428822387,0.23985961241262999,0.29001827484145237,0,-0.71999999999999997,-2.6377493637490179,-1.9177493637490179,2,2.9933180675189739,0.71999999999999997,-2.2733180675189741
"narrow_multi_obstacle",325,0,1,500,0.00010269599999999999,0,-0.71999999999999997,-0.0082499652638057253,0.71175003473619425,2,0,-0.71999999999999997,-0.0082499652638057253,0.71175003473619425,1,3.0112321348053719,0.71999999999999997,-2.2912321348053721,,,,
"narrow_multi_obstacle",325,1,1,500,0.000105102,1,0.048403756921030272,0.71999999999999997,0.6715962430789697,2,1,0.048403756921030272,0.71999999999999997,0.6715962430789697,0,-0.71999999999999997,-2.7299732471828277,-2.0099732471828275,,,,
"narrow_multi_obstacle",325,2,1,500,0.00010632,1,0.0266743941123464,0.71999999999999997,0.69332560588765357,2,1,0.0266743941123464,0.71999999999999997,0.69332560588765357,0,-0.71999999999999997,-2.6628708234977267,-1.9428708234977268,,,,
"narrow_multi_obstacle",325,3,1,500,0.000105938,0,-0.71999999999999997,0.1035172384205969,0.82351723842059688,2,0,-0.71999999999999997,0.1035172384205969,0.82351723842059688,1,2.97771643601354,0.71999999999999997,-2.2577164360135402,,,,
"narrow_multi_obstacle",325,4,1,500,0.00010460800000000001,0,-0.71999999999999997,0.061834272287850878,0.78183427228785085,2,0,-0.71999999999999997,0.061834272287850878,0.78183427228785085,1,2.9273210673990118,0.71999999999999997,-2.207321067399012,,,,
"narrow_multi_obstacle",325,5,1,500,0.000101074,1,-0.10778489548200443,0.71999999999999997,0.8277848954820044,2,1,-0.10778489548200443,0.71999999999999997,0.8277848954820044,0,-0.71999999999999997,-2.689124126163053,-1.969124126163053,,,,
"narrow_multi_obstacle",326,0,2,500,0.00011894399999999999,1,0.021641036173821737,0.058199862012179526,0.036558825838357789,3,1,0.021641036173821737,0.058199862012179526,0.036558825838357789,0,-0.71999999999999997,-2.6877228746346296,-1.9677228746346296,2,2.9675416060698434,0.71999999999999997,-2.2475416060698432
"narrow_multi_obstacle",326,1,2,500,0.00012328400000000001,1,-0.00038772191748015494,0.11056913313148731,0.11095685504896746,3,1,-0.00038772191748015494,0.11056913313148731,0.11095685504896746,0,-0.71999999999999997,-2.6948667823695658,-1.9748667823695658,2,3.0000131480740029,0.71999999999999997,-2.2800131480740031
"narrow_multi_obstacle",326,2,1,500,9.7331999999999996e-05,0,-0.71999999999999997,0.096780246803147119,0.81678024680314709,2,0,-0.71999999999999997,0.096780246803147119,0.81678024680314709,1,2.9466973233701399,0.71999999999999997,-2.2266973233701401,,,,
"narrow_multi_obstacle",326,3,1,500,9.933799999999999e-05,1,0.096963752858352903,0.71999999999999997,0.62303624714164707,2,1,0.096963752858352903,0.71999999999999997,0.62303624714164707,0,-0.71999999999999997,-2.5765712269402687,-1.8565712269402688,,,,
"narrow_multi_obstacle",327,0,2,500,0.00012176,1,0.048446652822720759,0.037647245974738786,-0.010799406847981974,3,1,0.048446652822720759,0.037647245974738786,-0.010799406847981974,0,-0.71999999999999997,-2.664822048369321,-1.944822048369321,2,2.9921559021515449,0.71999999999999997,-2.2721559021515452
"narrow_multi_obstacle",327,1,2,500,0.000123022,1,0.10766572027113419,0.15691985239948214,0.049254132128347949,3,1,0.10766572027113419,0.15691985239948214,0.049254132128347949,0,-0.71999999999999997,-2.5596609320208406,-1.8396609320208406,2,3.010614039234536,0.71999999999999997,-2.2906140392345362
"narrow_multi_obstacle",327,2,1,500,0.000101368,0,-0.71999999999999997,-0.014391686519122704,0.70560831348087727,2,0,-0.71999999999999997,-0.014391686519122704,0.70560831348087727,1,2.9040811446404389,0.71999999999999997,-2.1840811446404391,,,,
"narrow_multi_obstacle",327,3,1,500,0.00010063199999999999,1,-0.055594056334199449,0.71999999999999997,0.77559405633419942,2,1,-0.055594056334199449,0.71999999999999997,0.77559405633419942,0,-0.71999999999999997,-2.6547982495102209,-1.9347982495102209,,,,
"narrow_multi_obstacle",328,0,1,500,0.00010003800000000001,1,0.032900249212763244,0.71999999999999997,0.68709975078723673,2,1,0.032900249212763244,0.71999999999999997,0.68709975078723673,0,-0.71999999999999997,-2.7763683495975142,-2.0563683495975145,,,,
"narrow_multi_obstacle",328,1,1,500,0.000101128,0,-0.71999999999999997,0.073294661639697889,0.79329466163969786,2,0,-0.71999999999999997,0.073294661639697889,0.79329466163969786,1,3.0204640102582667,0.71999999999999997,-2.300464010258267,,,,
"narrow_multi_obstacle",328,2,1,500,0.000104596,1,-0.093063881650446101,0.71999999999999997,0.81306388165044607,2,1,-0.093063881650446101,0.71999999999999997,0.81306388165044607,0,-0.71999999999999997,-2.86702362226956,-2.1470236222695602,,,,
"narrow_multi_obstacle",328,3,1,500,0.00010030999999999999,0,-0.71999999999999997,-0.038665630234951287,0.68133436976504869,2,0,-0.71999999999999997,-0.038665630234951287,0.68133436976504869,1,2.9148822378507155,0.71999999999999997,-2.1948822378507158,,,,
"narrow_multi_obstacle",328,4,2,500,0.000125446,1,0.012232229373348114,0.064294366505398104,0.05206213713204999,3,1,0.012232229373348114,0.064294366505398104,0.05206213713204999,0,-0.71999999999999997,-2.6987006490710339,-1.9787006490710339,2,2.9662936599096241,0.71999999999999997,-2.2462936599096244
"narrow_multi_obstacle",329,0,1,500,0.00010392800000000001,0,-0.71999999999999997,-0.018616350234552659,0.70138364976544731,2,0,-0.71999999999999997,-0.018616350234552659,0.70138364976544731,1,2.9552054403853569,0.71999999999999997,-2.2352054403853572,,,,
"narrow_multi_obstacle",329,1,1,500,0.00010197199999999999,1,0.0064552722267317009,0.71999999999999997,0.71354472777326827,2,1,0.0064552722267317009,0.71999999999999997,0.71354472777326827,0,-0.71999999999999997,-2.707513262116898,-1.987513262116898,,,,
"narrow_multi_obstacle",329,2,2,500,0.000122636,1,-0.15925589683139996,0.10420567983936513,0.26346157667076509,3,1,-0.15925589683139996,0.10420567983936513,0.26346157667076509,0,-0.71999999999999997,-2.8007341104424723,-2.0807341104424726,2,2.9820325048699501,0.71999999999999997,-2.2620325048699499
"narrow_multi_obstacle",329,3,1,500,0.00010059400000000001,1,-0.036842154818374606,0.71999999999999997,0.75684215481837458,2,1,-0.036842154818374606,0.71999999999999997,0.75684215481837458,0,-0.71999999999999997,-2.607277634015416,-1.887277634015416,,,,
"narrow_multi_obstacle",329,4,1,500,0.000103078,0,-0.71999999999999997,0.15321359086071573,0.8732135908607157,2,0,-0.71999999999999997,0.15321359086071573,0.8732135908607157,1,2.9904079743429177,0.71999999999999997,-2.270407974342918,,,,
"narrow_multi_obstacle",330,0,2,500,0.00012091000000000001,1,-0.052766615588113464,0.069819363635496012,0.12258597922360948,3,1,-0.052766615588113464,0.069819363635496012,0.12258597922360948,0,-0.71999999999999997,-2.7845447610670351,-2.0645447610670349,2,3.0623234573279605,0.71999999999999997,-2.3423234573279608
"narrow_multi_obstacle",330,1,2,500,0.00012124400000000001,1,0.10690321439778105,0.03882292876191995,-0.068080285635861104,3,1,0.10690321439778105,0.03882292876191995,-0.068080285635861104,0,-0.71999999999999997,-2.6425725017632917,-1.9225725017632918,2,3.0385917315445754,0.71999999999999997,-2.3185917315445757
"narrow_multi_obstacle",330,2,2,500,0.00012405599999999999,1,-0.15177276716398902,0.15131948321974398,0.303092250383733,3,1,-0.15177276716398902,0.15131948321974398,0.303092250383733,0,-0.71999999999999997,-2.7845091361600613,-2.0645091361600612,2,3.0309199425299047,0.71999999999999997,-2.310919942529905
"narrow_multi_obstacle",331,0,1,500,9.9096000000000001e-05,0,-0.71999999999999997,0.043205943393187507,0.76320594339318748,2,0,-0.71999999999999997,0.043205943393187507,0.76320594339318748,1,3.0683537916470827,0.71999999999999997,-2.3483537916470825,,,,
"narrow_multi_obstacle",331,1,1,500,0.00012270599999999999,1,-0.092847614446822657,0.71999999999999997,0.81284761444682263,2,1,-0.092847614446822657,0.71999999999999997,0.81284761444682263,0,-0.71999999999999997,-2.8759676568362833,-2.1559676568362836,,,,
"narrow_multi_obstacle",331,2,1,500,0.000106946,0,-0.71999999999999997,0.079717926548432683,0.79971792654843266,2,0,-0.71999999999999997,0.079717926548432683,0.79971792654843266,1,3.0647186395708248,0.71999999999999997,-2.344718639570825,,,,
"narrow_multi_obstacle",331,3,1,500,0.00010585,1,-0.081845267255618248,0.71999999999999997,0.80184526725561822,2,1,-0.081845267255618248,0.71999999999999997,0.80184526725561822,0,-0.71999999999999997,-2.8187786905097258,-2.0987786905097261,,,,
"narrow_multi_obstacle",331,4,2,500,0.00012935599999999999,1,-0.087440540431026559,0.0084901845952203292,0.095930725026246888,3,1,-0.087440540431026559,0.0084901845952203292,0.095930725026246888,0,-0.71999999999999997,-2.7263117552613463,-2.0063117552613461,2,2.9124909228730518,0.71999999999999997,-2.192490922873052
"narrow_multi_obstacle",332,0,2,500,0.00012868999999999999,1,-0.042053706298859961,0.077121181527766591,0.11917488782662655,3,1,-0.042053706298859961,0.077121181527766591,0.11917488782662655,0,-0.71999999999999997,-2.796992610459351,-2.0769926104593512,2,3.0084911477031904,0.71999999999999997,-2.2884911477031906
"narrow_multi_obstacle",332,1,2,500,0.00013309199999999999,1,-0.1946124629146877,0.031908675704136691,0.22652113861882439,3,1,-0.1946124629146877,0.031908675704136691,0.22652113861882439,0,-0.71999999999999997,-2.8860125646691168,-2.1660125646691171,2,2.9838566319569209,0.71999999999999997,-2.2638566319569211
"narrow_multi_obstacle",332,2,1,500,0.00010462399999999999,0,-0.71999999999999997,0.19174269531770949,0.91174269531770946,2,0,-0.71999999999999997,0.19174269531770949,0.91174269531770946,1,3.0226430545857612,0.71999999999999997,-2.3026430545857615,,,,
"narrow_multi_obstacle",332,3,1,500,0.00010596999999999999,1,-0.084039063990139162,0.71999999999999997,0.80403906399013914,2,1,-0.084039063990139162,0.71999999999999997,0.80403906399013914,0,-0.71999999999999997,-2.7309176612393893,-2.0109176612393895,,,,
"narrow_multi_obstacle",333,0,2,500,0.00013066800000000002,1,-0.026961711155571111,0.09597142696092531,0.12293313811649642,3,1,-0.026961711155571111,0.09597142696092531,0.12293313811649642,0,-0.71999999999999997,-2.7458792636088747,-2.0258792636088749,2,3.0275517397927914,0.71999999999999997,-2.3075517397927916
"narrow_multi_obstacle",333,1,1,500,0.000100602,0,-0.71999999999999997,0.16512986840209321,0.88512986840209318,2,0,-0.71999999999999997,0.16512986840209321,0.88512986840209318,1,3.068217205296345,0.71999999999999997,-2.3482172052963453,,,,
"narrow_multi_obstacle",333,2,1,500,0.00010205799999999999,1,-0.004563484836766607,0.71999999999999997,0.72456348483676658,2,1,-0.004563484836766607,0.71999999999999997,0.72456348483676658,0,-0.71999999999999997,-2.6988645714695645,-1.9788645714695645,,,,
"narrow_multi_obstacle",333,3,2,500,0.00012914400000000001,1,-0.059459271879843234,0.15904337202952146,0.21850264390936469,3,1,-0.059459271879843234,0.15904337202952146,0.21850264390936469,0,-0.71999999999999997,-2.7460077749550758,-2.026007774955076,2,3.0681141831875944,0.71999999999999997,-2.3481141831875947
"narrow_multi_obstacle",334,0,2,500,0.00012439799999999998,1,0.023555575442091303,0.057641917518906238,0.034086342076814935,3,1,0.023555575442091303,0.057641917518906238,0.034086342076814935,0,-0.71999999999999997,-2.7669014885309617,-2.0469014885309615,2,3.0342995384575833,0.71999999999999997,-2.3142995384575835
"narrow_multi_obstacle",334,1,1,500,0.000100282,1,-0.066243640411188576,0.71999999999999997,0.78624364041118855,2,1,-0.066243640411188576,0.71999999999999997,0.78624364041118855,0,-0.71999999999999997,-2.7832747896744143,-2.0632747896744146,,,,
"narrow_multi_obstacle",334,2,1,500,9.9315999999999996e-05,0,-0.71999999999999997,0.12062646563831803,0.840626465638318,2,0,-0.71999999999999997,0.12062646563831803,0.840626465638318,1,3.0272143722088751,0.71999999999999997,-2.3072143722088754,,,,
"narrow_multi_obstacle",334,3,1,500,0.000101376,1,-0.13107523130071819,0.71999999999999997,0.85107523130071816,2,1,-0.13107523130071819,0.71999999999999997,0.85107523130071816,0,-0.71999999999999997,-2.8254241321027518,-2.105424132102752,,,,
"narrow_multi_obstacle",334,4,1,500,0.000102228,0,-0.71999999999999997,0.087943383234661221,0.80794338323466119,2,0,-0.71999999999999997,0.087943383234661221,0.80794338323466119,1,2.9566534930213448,0.71999999999999997,-2.2366534930213451,,,,
"narrow_multi_obstacle",335,0,2,500,0.00013673799999999999,1,-0.063195446765553109,0.012913975330747007,0.076109422096300117,3,1,-0.063195446765553109,0.012913975330747007,0.076109422096300117,0,-0.71999999999999997,-2.7971958060362825,-2.0771958060362827,2,2.9933097683123715,0.71999999999999997,-2.2733097683123713
"narrow_multi_obstacle",335,1,2,500,0.000120158,1,-0.11765113051041087,0.16272275702680616,0.28037388753721704,3,1,-0.11765113051041087,0.16272275702680616,0.28037388753721704,0,-0.71999999999999997,-2.8048200065583742,-2.084820006558374,2,2.9868132371645468,0.71999999999999997,-2.2668132371645466
"narrow_multi_obstacle",335,2,2,500,0.00012799799999999999,1,-0.18682462392365951,0.19153155194720961,0.37835617587086912,3,1,-0.18682462392365951,0.19153155194720961,0.37835617587086912,0,-0.71999999999999997,-2.7877430902147822,-2.0677430902147824,2,2.9644941716299509,0.71999999999999997,-2.2444941716299507
"narrow_multi_obstacle",336,0,2,500,0.00012523000000000002,1,-0.019256859707681873,0.056069343899973312,0.075326203607655184,3,1,-0.019256859707681873,0.056069343899973312,0.075326203607655184,0,-0.71999999999999997,-2.8204965547666574,-2.1004965547666572,2,3.1010663212107423,0.71999999999999997,-2.3810663212107421
"narrow_multi_obstacle",336,1,1,500,0.000107592,0,-0.71999999999999997,0.052351001367473504,0.77235100136747348,2,0,-0.71999999999999997,0.052351001367473504,0.77235100136747348,1,3.0396354193877579,0.71999999999999997,-2.3196354193877582,,,,
"narrow_multi_obstacle",336,2,1,500,0.000111512,1,-0.04433017480964585,0.71999999999999997,0.76433017480964582,2,1,-0.04433017480964585,0.71999999999999997,0.76433017480964582,0,-0.71999999999999997,-2.7734414273165493,-2.0534414273165496,,,,
"narrow_multi_obstacle",336,3,1,500,0.000108664,1,-0.076675173141997011,0.71999999999999997,0.79667517314199698,2,1,-0.076675173141997011,0.71999999999999997,0.79667517314199698,0,-0.71999999999999997,-2.7077142214936543,-1.9877142214936543,,,,
"narrow_multi_obstacle",336,4,1,500,0.00010812800000000001,0,-0.71999999999999997,0.10917910715721346,0.82917910715721344,2,0,-0.71999999999999997,0.10917910715721346,0.82917910715721344,1,2.9998687413472949,0.71999999999999997,-2.2798687413472951,,,,
"narrow_multi_obstacle",337,0,1,500,0.00010482,1,-0.0031704721033323224,0.71999999999999997,0.7231704721033323,2,1,-0.0031704721033323224,0.71999999999999997,0.7231704721033323,0,-0.71999999999999997,-2.74203930616545,-2.0220393061654498,,,,
"narrow_multi_obstacle",337,1,1,500,0.00010322,0,-0.71999999999999997,0.09802258993603874,0.81802258993603871,2,0,-0.71999999999999997,0.09802258993603874,0.81802258993603871,1,3.1286314380748976,0.71999999999999997,-2.4086314380748979,,,,
"narrow_multi_obstacle",337,2,2,500,0.00012663999999999999,1,-0.049832097897987149,0.04186234672723721,0.091694444625224358,3,1,-0.049832097897987149,0.04186234672723721,0.091694444625224358,0,-0.71999999999999997,-2.7649728689596715,-2.0449728689596718,2,2.9903988443980674,0.71999999999999997,-2.2703988443980672
"narrow_multi_obstacle",337,3,1,500,0.000106418,1,-0.11847477822378294,0.71999999999999997,0.83847477822378291,2,1,-0.11847477822378294,0.71999999999999997,0.83847477822378291,0,-0.71999999999999997,-2.7259476729465177,-2.005947672946518,,,,
"narrow_multi_obstacle",337,4,1,500,0.000107768,0,-0.71999999999999997,0.12788448604761671,0.84788448604761668,2,0,-0.71999999999999997,0.12788448604761671,0.84788448604761668,1,2.9636721516638986,0.71999999999999997,-2.2436721516638984,,,,
"narrow_multi_obstacle",338,0,1,500,0.00010857600000000001,1,0.037713567079811217,0.71999999999999997,0.68228643292018876,2,1,0.037713567079811217,0.71999999999999997,0.68228643292018876,0,-0.71999999999999997,-2.7622406006980995,-2.0422406006980998,,,,
"narrow_multi_obstacle",338,1,1,500,0.00010907999999999999,0,-0.71999999999999997,0.083372891187097453,0.80337289118709743,2,0,-0.71999999999999997,0.083372891187097453,0.80337289118709743,1,3.0611529830264788,0.71999999999999997,-2.341152983026479,,,,
"narrow_multi_obstacle",338,2,2,500,0.00012837999999999999,1,0.03718135378011711,0.047405615486491914,0.010224261706374804,3,1,0.03718135378011711,0.047405615486491914,0.010224261706374804,0,-0.71999999999999997,-2.6422709393450896,-1.9222709393450896,2,3.0244851950715819,0.71999999999999997,-2.3044851950715817
"narrow_multi_obstacle",338,3,1,500,0.000104262,1,-0.094721696189952853,0.71999999999999997,0.81472169618995283,2,1,-0.094721696189952853,0.71999999999999997,0.81472169618995283,0,-0.71999999999999997,-2.7579313828291205,-2.0379313828291208,,,,
"narrow_multi_obstacle",338,4,1,500,0.000107736,0,-0.71999999999999997,0.16022702967099001,0.88022702967098998,2,0,-0.71999999999999997,0.16022702967099001,0.88022702967098998,1,3.0002681755872302,0.71999999999999997,-2.2802681755872305,,,,
"narrow_multi_obstacle",339,0,1,500,0.00010658,0,-0.71999999999999997,0.074775363560820818,0.79477536356082079,2,0,-0.71999999999999997,0.074775363560820818,0.79477536356082079,1,3.0870321883978149,0.71999999999999997,-2.3670321883978147,,,,
"narrow_multi_obstacle",339,1,1,500,0.000107372,1,-0.14794594869699451,0.71999999999999997,0.86794594869699448,2,1,-0.14794594869699451,0.71999999999999997,0.86794594869699448,0,-0.71999999999999997,-2.8587694178090182,-2.1387694178090184,,,,
"narrow_multi_obstacle",339,2,2,500,0.00013223999999999999,1,0.026400389448563377,0.065421658493679757,0.03902126904511638,3,1,0.026400389448563377,0.065421658493679757,0.03902126904511638,0,-0.71999999999999997,-2.7071384243281962,-1.9871384243281962,2,2.9139577516630246,0.71999999999999997,-2.1939577516630244
"narrow_multi_obstacle",339,3,1,500,0.000107126,1,-0.06384192097561403,0.71999999999999997,0.783841920975614,2,1,-0.06384192097561403,0.71999999999999997,0.783841920975614,0,-0.71999999999999997,-2.6931364934740665,-1.9731364934740665,,,,
"narrow_multi_obstacle",339,4,1,500,0.00010720599999999999,0,-0.71999999999999997,0.087406116848904203,0.80740611684890418,2,0,-0.71999999999999997,0.087406116848904203,0.80740611684890418,1,2.9839725128411851,0.71999999999999997,-2.2639725128411854,,,,
"narrow_multi_obstacle",340,0,2,500,0.00012908800000000002,1,-0.040210032443712018,-0.0088918572339378166,0.031318175209774202,3,1,-0.040210032443712018,-0.0088918572339378166,0.031318175209774202,0,-0.71999999999999997,-2.7507659596767402,-2.0307659596767405,2,2.9893531015650034,0.71999999999999997,-2.2693531015650033
"narrow_multi_obstacle",340,1,1,500,0.000111976,1,0.023420024234783954,0.71999999999999997,0.69657997576521602,2,1,0.023420024234783954,0.71999999999999997,0.69657997576521602,0,-0.71999999999999997,-2.690159868767263,-1.970159868767263,,,,
"narrow_multi_obstacle",340,2,1,500,0.000107712,0,-0.71999999999999997,0.064217570416053915,0.78421757041605389,2,0,-0.71999999999999997,0.064217570416053915,0.78421757041605389,1,2.8967095189021013,0.71999999999999997,-2.1767095189021015,,,,
"narrow_multi_obstacle",340,3,1,500,0.00010738599999999999,0,-0.71999999999999997,0.044176925088327268,0.76417692508832724,2,0,-0.71999999999999997,0.044176925088327268,0.76417692508832724,1,2.8593141992302078,0.71999999999999997,-2.139314199230208,,,,
"narrow_multi_obstacle",340,4,1,500,0.000106224,1,-0.1502326903701201,0.71999999999999997,0.87023269037012008,2,1,-0.1502326903701201,0.71999999999999997,0.87023269037012008,0,-0.71999999999999997,-2.740830709902895,-2.0208307099028948,,,,
"narrow_multi_obstacle",341,0,2,500,0.00012478599999999999,1,-0.025349329832865752,0.034594155724448683,0.059943485557314435,3,1,-0.025349329832865752,0.034594155724448683,0.059943485557314435,0,-0.71999999999999997,-2.7587468961917239,-2.0387468961917241,2,3.0652377472083536,0.71999999999999997,-2.3452377472083539
"narrow_multi_obstacle",341,1,1,500,0.00010223599999999999,0,-0.71999999999999997,0.026587674144941342,0.74658767414494132,2,0,-0.71999999999999997,0.026587674144941342,0.74658767414494132,1,2.9955387713663417,0.71999999999999997,-2.2755387713663415,,,,
"narrow_multi_obstacle",341,2,1,500,0.000100692,1,-0.013726631380802434,0.71999999999999997,0.73372663138080241,2,1,-0.013726631380802434,0.71999999999999997,0.73372663138080241,0,-0.71999999999999997,-2.7450454284149362,-2.025045428414936,,,,
"narrow_multi_obstacle",341,3,2,500,0.000121756,1,-0.093150580644916881,0.11257407204584613,0.20572465269076301,3,1,-0.093150580644916881,0.11257407204584613,0.20572465269076301,0,-0.71999999999999997,-2.7014311315640187,-1.9814311315640187,2,2.9271033434491027,0.71999999999999997,-2.207103343449103
"narrow_multi_obstacle",342,0,1,500,0.00010094599999999999,0,-0.71999999999999997,0.0012736108045530159,0.72127361080455299,2,0,-0.71999999999999997,0.0012736108045530159,0.72127361080455299,1,2.9099985114685305,0.71999999999999997,-2.1899985114685308,,,,
"narrow_multi_obstacle",342,1,1,500,0.000100256,1,0.031837496023680467,0.71999999999999997,0.68816250397631951,2,1,0.031837496023680467,0.71999999999999997,0.68816250397631951,0,-0.71999999999999997,-2.7209304765224607,-2.0009304765224609,,,,
"narrow_multi_obstacle",342,2,1,500,0.00010036200000000001,1,-0.0021336052748028855,0.71999999999999997,0.72213360527480286,2,1,-0.0021336052748028855,0.71999999999999997,0.72213360527480286,0,-0.71999999999999997,-2.6851722558703832,-1.9651722558703832,,,,
"narrow_multi_obstacle",342,3,1,500,0.00010188999999999999,0,-0.71999999999999997,0.083019299314007977,0.80301929931400795,2,0,-0.71999999999999997,0.083019299314007977,0.80301929931400795,1,3.0749587535120888,0.71999999999999997,-2.3549587535120891,,,,
"narrow_multi_obstacle",342,4,2,500,0.00012425199999999999,1,-0.028325508513996844,0.071230369546008809,0.099555878060005654,3,1,-0.028325508513996844,0.071230369546008809,0.099555878060005654,0,-0.71999999999999997,-2.6648839568267491,-1.9448839568267491,2,2.9547921991623771,0.71999999999999997,-2.2347921991623769
"narrow_multi_obstacle",343,0,2,500,0.00012892400000000001,1,0.070763615739118713,0.1024694961074295,0.03170588036831079,3,1,0.070763615739118713,0.1024694961074295,0.03170588036831079,0,-0.71999999999999997,-2.6753905337158157,-1.9553905337158157,2,3.0831212162843169,0.71999999999999997,-2.3631212162843171
"narrow_multi_obstacle",343,1,1,500,0.000102716,1,-0.11962790893465125,0.71999999999999997,0.83962790893465122,2,1,-0.11962790893465125,0.71999999999999997,0.83962790893465122,0,-0.71999999999999997,-2.8090952342974473,-2.0890952342974476,,,,
"narrow_multi_obstacle",343,2,1,500,0.00011035,0,-0.71999999999999997,0.1540236603432481,0.87402366034324808,2,0,-0.71999999999999997,0.1540236603432481,0.87402366034324808,1,3.029647517978316,0.71999999999999997,-2.3096475179783162,,,,
"narrow_multi_obstacle",343,3,1,500,0.00010796200000000001,0,-0.71999999999999997,0.22977849689427132,0.9497784968942713,2,0,-0.71999999999999997,0.22977849689427132,0.9497784968942713,1,3.0207078171761026,0.71999999999999997,-2.3007078171761028,,,,
"narrow_multi_obstacle",343,4,1,500,0.00010525400000000001,1,-0.081092822956104982,0.71999999999999997,0.80109282295610496,2,1,-0.081092822956104982,0.71999999999999997,0.80109282295610496,0,-0.71999999999999997,-2.7021815517633896,-1.9821815517633896,,,,
"narrow_multi_obstacle",344,0,2,500,0.00013081599999999999,1,0.11425630225863492,0.15520141550663968,0.040945113248004761,3,1,0.11425630225863492,0.15520141550663968,0.040945113248004761,0,-0.71999999999999997,-2.6849289893923451,-1.9649289893923452,2,3.1054014374476786,0.71999999999999997,-2.3854014374476789
"narrow_multi_obstacle",344,1,2,500,0.00013114999999999999,1,-0.054487498125499023,0.016177886555168497,0.07066538468066752,3,1,-0.054487498125499023,0.016177886555168497,0.07066538468066752,0,-0.71999999999999997,-2.7583516807394823,-2.0383516807394821,2,2.9855115043157392,0.71999999999999997,-2.2655115043157394
"narrow_multi_obstacle",344,2,2,500,0.000130624,1,-0.074880887777524885,0.11151818088610321,0.1863990686636281,3,1,-0.074880887777524885,0.11151818088610321,0.1863990686636281,0,-0.71999999999999997,-2.7477690221879776,-2.0277690221879778,2,3.056059423945269,0.71999999999999997,-2.3360594239452688
"narrow_multi_obstacle",345,0,1,500,0.000107458,0,-0.71999999999999997,0.065244496496698723,0.7852444964966987,2,0,-0.71999999999999997,0.065244496496698723,0.7852444964966987,1,3.0530781168170016,0.71999999999999997,-2.3330781168170018,,,,
"narrow_multi_obstacle",345,1,1,500,0.000104746,1,-0.078414293810719293,0.71999999999999997,0.79841429381071927,2,1,-0.078414293810719293,0.71999999999999997,0.79841429381071927,0,-0.71999999999999997,-2.8885498637298692,-2.1685498637298695,,,,
"narrow_multi_obstacle",345,2,1,500,0.000105686,0,-0.71999999999999997,-0.010499364766515917,0.70950063523348406,2,0,-0.71999999999999997,-0.010499364766515917,0.70950063523348406,1,2.9983365806348337,0.71999999999999997,-2.2783365806348339,,,,
"narrow_multi_obstacle",345,3,1,500,0.00010625800000000001,1,0.014318025598327733,0.71999999999999997,0.70568197440167224,2,1,0.014318025598327733,0.71999999999999997,0.70568197440167224,0,-0.71999999999999997,-2.6603814670933716,-1.9403814670933717,,,,
"narrow_multi_obstacle",345,4,2,500,0.00012933200000000001,1,-0.054280164222348493,0.091902638188582575,0.14618280241093107,3,1,-0.054280164222348493,0.091902638188582575,0.14618280241093107,0,-0.71999999999999997,-2.7071378209827901,-1.9871378209827901,2,2.9675834572201869,0.71999999999999997,-2.2475834572201867
"narrow_multi_obstacle",346,0,2,500,0.000132464,1,-0.040119623890616962,0.071674427970276122,0.11179405186089308,3,1,-0.040119623890616962,0.071674427970276122,0.11179405186089308,0,-0.71999999999999997,-2.7140238124828846,-1.9940238124828846,2,3.001234491912891,0.71999999999999997,-2.2812344919128913
"narrow_multi_obstacle",346,1,1,500,0.00010714999999999999,1,-0.034134319103834576,0.71999999999999997,0.75413431910383455,2,1,-0.034134319103834576,0.71999999999999997,0.75413431910383455,0,-0.71999999999999997,-2.6787918133003688,-1.9587918133003688,,,,
"narrow_multi_obstacle",346,2,1,500,0.000108458,0,-0.71999999999999997,0.27600799050532498,0.99600799050532496,2,0,-0.71999999999999997,0.27600799050532498,0.99600799050532496,1,3.1149019370965432,0.71999999999999997,-2.3949019370965434,,,,
"narrow_multi_obstacle",346,3,1,500,0.00010614600000000001,0,-0.71999999999999997,0.17453206427913814,0.89453206427913812,2,0,-0.71999999999999997,0.17453206427913814,0.89453206427913812,1,3.0028220606437501,0.71999999999999997,-2.2828220606437499,,,,
"narrow_multi_obstacle",346,4,1,500,0.000106728,1,-0.1200190700239705,0.71999999999999997,0.84001907002397047,2,1,-0.1200190700239705,0.71999999999999997,0.84001907002397047,0,-0.71999999999999997,-2.7258280453149242,-2.0058280453149244,,,,
"narrow_multi_obstacle",347,0,2,500,0.00013008800000000002,1,-0.022814428188082436,-0.060102316471102313,-0.037287888283019877,3,1,-0.022814428188082436,-0.060102316471102313,-0.037287888283019877,0,-0.71999999999999997,-2.7564858509720374,-2.0364858509720376,2,2.9903721274701898,0.71999999999999997,-2.27037212747019
"narrow_multi_obstacle",347,1,1,500,0.00012587200000000002,1,-0.020636227700275844,0.71999999999999997,0.74063622770027582,2,1,-0.020636227700275844,0.71999999999999997,0.74063622770027582,0,-0.71999999999999997,-2.7580155491483778,-2.038015549148378,,,,
"narrow_multi_obstacle",347,2,1,500,0.000107082,0,-0.71999999999999997,0.10347656092951518,0.82347656092951516,2,0,-0.71999999999999997,0.10347656092951518,0.82347656092951516,1,2.9768207674761467,0.71999999999999997,-2.2568207674761469,,,,
"narrow_multi_obstacle",347,3,2,500,0.000128584,1,-0.0037742070047110943,0.13585621242611445,0.13963041943082555,3,1,-0.0037742070047110943,0.13585621242611445,0.13963041943082555,0,-0.71999999999999997,-2.6880943758303086,-1.9680943758303087,2,3.0883892797322416,0.71999999999999997,-2.3683892797322414
"narrow_multi_obstacle",348,0,2,500,0.00012803400000000001,1,-0.024098462476260796,0.040968057538309122,0.065066520014569917,3,1,-0.024098462476260796,0.040968057538309122,0.065066520014569917,0,-0.71999999999999997,-2.739829725133557,-2.0198297251335573,2,3.0257694047572787,0.71999999999999997,-2.305769404757279
"narrow_multi_obstacle",348,1,2,500,0.00012929599999999999,1,-0.051410852608892776,0.021015081960527926,0.072425934569420702,3,1,-0.051410852608892776,0.021015081960527926,0.072425934569420702,0,-0.71999999999999997,-2.7535427614536028,-2.033542761453603,2,2.9588653458075185,0.71999999999999997,-2.2388653458075183
"narrow_multi_obstacle",348,2,1,500,0.00010682,1,-0.055674850967325051,0.71999999999999997,0.77567485096732502,2,1,-0.055674850967325051,0.71999999999999997,0.77567485096732502,0,-0.71999999999999997,-2.6490256815660516,-1.9290256815660516,,,,
"narrow_multi_obstacle",348,3,1,500,0.000106922,0,-0.71999999999999997,0.13856174380077091,0.85856174380077088,2,0,-0.71999999999999997,0.13856174380077091,0.85856174380077088,1,2.9701594990690228,0.71999999999999997,-2.2501594990690226,,,,
"narrow_multi_obstacle",349,0,2,500,0.00012768799999999999,1,-0.080787993382202439,0.13480926685855033,0.21559726024075276,3,1,-0.080787993382202439,0.13480926685855033,0.21559726024075276,0,-0.71999999999999997,-2.8354537790688212,-2.1154537790688215,2,3.0893778300268284,0.71999999999999997,-2.3693778300268287
"narrow_multi_obstacle",349,1,1,500,0.00010499,1,0.10064594488446299,0.71999999999999997,0.61935405511553698,2,1,0.10064594488446299,0.71999999999999997,0.61935405511553698,0,-0.71999999999999997,-2.6308855356553886,-1.9108855356553887,,,,
"narrow_multi_obstacle",349,2,1,500,0.00010653,0,-0.71999999999999997,0.089994401642515598,0.80999440164251557,2,0,-0.71999999999999997,0.089994401642515598,0.80999440164251557,1,3.0160465192697066,0.71999999999999997,-2.2960465192697068,,,,
"narrow_multi_obstacle",349,3,2,500,0.00012707199999999999,1,-0.19734428159781325,0.13032362249480323,0.32766790409261648,3,1,-0.19734428159781325,0.13032362249480323,0.32766790409261648,0,-0.71999999999999997,-2.8354451325403289,-2.1154451325403292,2,3.016692804468331,0.71999999999999997,-2.2966928044683312
"narrow_multi_obstacle",350,0,1,500,0.00010694199999999999,0,-0.71999999999999997,0.11787684163830203,0.83787684163830201,2,0,-0.71999999999999997,0.11787684163830203,0.83787684163830201,1,3.1231550832863215,0.71999999999999997,-2.4031550832863218,,,,
"narrow_multi_obstacle",350,1,1,500,0.000105606,1,-0.030322619558388997,0.71999999999999997,0.75032261955838897,2,1,-0.030322619558388997,0.71999999999999997,0.75032261955838897,0,-0.71999999999999997,-2.7240853392333366,-2.0040853392333364,,,,
"narrow_multi_obstacle",350,2,2,500,0.00012919600000000001,1,-0.063386296342292203,0.099003706998318064,0.16239000334061027,3,1,-0.063386296342292203,0.099003706998318064,0.16239000334061027,0,-0.71999999999999997,-2.7976259589500634,-2.0776259589500636,2,2.92515574604138,0.71999999999999997,-2.2051557460413802
"narrow_multi_obstacle",350,3,1,500,0.000106396,0,-0.71999999999999997,0.11769306055697593,0.8376930605569759,2,0,-0.71999999999999997,0.11769306055697593,0.8376930605569759,1,2.9659996874597705,0.71999999999999997,-2.2459996874597703,,,,
"narrow_multi_obstacle",350,4,1,500,0.00010589800000000001,1,-0.058378629023517314,0.71999999999999997,0.77837862902351729,2,1,-0.058378629023517314,0.71999999999999997,0.77837862902351729,0,-0.71999999999999997,-2.6264430382959736,-1.9064430382959736,,,,
"narrow_multi_obstacle",351,0,1,500,0.00011022,1,0.041874348262632033,0.71999999999999997,0.67812565173736794,2,1,0.041874348262632033,0.71999999999999997,0.67812565173736794,0,-0.71999999999999997,-2.7439630423927177,-2.023963042392718,,,,
"narrow_multi_obstacle",351,1,1,500,0.00010708399999999999,0,-0.71999999999999997,0.071821098747250511,0.79182109874725048,2,0,-0.71999999999999997,0.071821098747250511,0.79182109874725048,1,3.0466854313784761,0.71999999999999997,-2.3266854313784764,,,,
"narrow_multi_obstacle",351,2,1,500,0.00010778799999999999,0,-0.71999999999999997,0.21380682427281794,0.93380682427281791,2,0,-0.71999999999999997,0.21380682427281794,0.93380682427281791,1,3.1905471340224492,0.71999999999999997,-2.470547134022449,,,,
"narrow_multi_obstacle",351,3,1,500,0.00010756599999999999,1,-0.00058788916544316727,0.71999999999999997,0.72058788916544314,2,1,-0.00058788916544316727,0.71999999999999997,0.72058788916544314,0,-0.71999999999999997,-2.7383771923273104,-2.0183771923273106,,,,
"narrow_multi_obstacle",351,4,1,500,0.000106098,0,-0.71999999999999997,0.08322294539231434,0.80322294539231431,2,0,-0.71999999999999997,0.08322294539231434,0.80322294539231431,1,2.9112884082310893,0.71999999999999997,-2.1912884082310891,,,,
"narrow_multi_obstacle",351,5,1,500,0.00010137799999999999,1,-0.0038318158403765068,0.71999999999999997,0.72383181584037648,2,1,-0.0038318158403765068,0.71999999999999997,0.72383181584037648,0,-0.71999999999999997,-2.6402113934244329,-1.9202113934244329,,,,
"narrow_multi_obstacle",352,0,1,500,0.00010167600000000001,0,-0.71999999999999997,-0.013249829230504995,0.70675017076949498,2,0,-0.71999999999999997,-0.013249829230504995,0.70675017076949498,1,3.0163057629538912,0.71999999999999997,-2.2963057629538914,,,,
"narrow_multi_obstacle",352,1,1,500,0.00010135,1,-0.068877536560085106,0.71999999999999997,0.78887753656008508,2,1,-0.068877536560085106,0.71999999999999997,0.78887753656008508,0,-0.71999999999999997,-2.8591916151930468,-2.139191615193047,,,,
"narrow_multi_obstacle",352,2,2,500,0.00011820400000000001,1,-0.15501577056672944,0.13350948921587147,0.28852525978260091,3,1,-0.15501577056672944,0.13350948921587147,0.28852525978260091,0,-0.71999999999999997,-2.8882517369870495,-2.1682517369870498,2,3.1041839430495308,0.71999999999999997,-2.3841839430495311
"narrow_multi_obstacle",352,3,1,500,0.000106962,1,0.033633154749281635,0.71999999999999997,0.68636684525071834,2,1,0.033633154749281635,0.71999999999999997,0.68636684525071834,0,-0.71999999999999997,-2.6372595879356577,-1.9172595879356578,,,,
"narrow_multi_obstacle",352,4,1,500,0.000108442,0,-0.71999999999999997,0.11140990632890779,0.83140990632890777,2,0,-0.71999999999999997,0.11140990632890779,0.83140990632890777,1,2.9916258824255877,0.71999999999999997,-2.2716258824255879,,,,
"narrow_multi_obstacle",353,0,1,500,0.000107946,1,-0.0082053441614911016,0.71999999999999997,0.72820534416149107,2,1,-0.0082053441614911016,0.71999999999999997,0.72820534416149107,0,-0.71999999999999997,-2.7880772009338584,-2.0680772009338586,,,,
"narrow_multi_obstacle",353,1,1,500,0.000108516,0,-0.71999999999999997,0.084450140372850369,0.80445014037285034,2,0,-0.71999999999999997,0.084450140372850369,0.80445014037285034,1,3.0124091211155992,0.71999999999999997,-2.2924091211155995,,,,
"narrow_multi_obstacle",353,2,2,500,0.000125296,1,0.088038097199398146,0.092912107757764817,0.0048740105583666704,3,1,0.088038097199398146,0.092912107757764817,0.0048740105583666704,0,-0.71999999999999997,-2.6489685866054202,-1.9289685866054203,2,3.0417792818111176,0.71999999999999997,-2.3217792818111178
"narrow_multi_obstacle",353,3,2,500,0.00012920400000000001,1,-0.026792947023783764,0.1372713312856868,0.16406427830947057,3,1,-0.026792947023783764,0.1372713312856868,0.16406427830947057,0,-0.71999999999999997,-2.7347911926755257,-2.014791192675526,2,2.9471108239496129,0.71999999999999997,-2.2271108239496131
"narrow_multi_obstacle",354,0,2,500,0.00012606800000000001,1,-0.0021511404939975609,0.14260241023299103,0.14475355072698859,3,1,-0.0021511404939975609,0.14260241023299103,0.14475355072698859,0,-0.71999999999999997,-2.7560623260957637,-2.036062326095764,2,3.0635971341135297,0.71999999999999997,-2.34359713411353
"narrow_multi_obstacle",354,1,2,500,0.00012953000000000002,1,0.095191373789489164,0.048622136953836881,-0.046569236835652283,3,1,0.095191373789489164,0.048622136953836881,-0.046569236835652283,0,-0.71999999999999997,-2.6146055939167008,-1.8946055939167008,2,3.0330233361227217,0.71999999999999997,-2.3130233361227219
"narrow_multi_obstacle",354,2,2,500,0.00012830600000000001,1,-0.035298288116117904,0.17636437009195349,0.2116626582080714,3,1,-0.035298288116117904,0.17636437009195349,0.2116626582080714,0,-0.71999999999999997,-2.7036512916414388,-1.9836512916414388,2,3.0793257681246571,0.71999999999999997,-2.3593257681246573
"narrow_multi_obstacle",355,0,2,500,0.00012791199999999999,1,-0.0056981731978567041,0.069190782899789971,0.074888956097646675,3,1,-0.0056981731978567041,0.069190782899789971,0.074888956097646675,0,-0.71999999999999997,-2.7624935672853792,-2.042493567285379,2,3.0861588013295229,0.71999999999999997,-2.3661588013295232
"narrow_multi_obstacle",355,1,1,500,0.000107762,0,-0.71999999999999997,0.096134608839073987,0.81613460883907396,2,0,-0.71999999999999997,0.096134608839073987,0.81613460883907396,1,3.03956204137552,0.71999999999999997,-2.3195620413755202,,,,
"narrow_multi_obstacle",355,2,1,500,0.000107168,1,-0.037924251132388287,0.71999999999999997,0.75792425113238826,2,1,-0.037924251132388287,0.71999999999999997,0.75792425113238826,0,-0.71999999999999997,-2.7653438656380169,-2.0453438656380172,,,,
"narrow_multi_obstacle",355,3,1,500,0.000107754,0,-0.71999999999999997,0.039503785893448606,0.75950378589344858,2,0,-0.71999999999999997,0.039503785893448606,0.75950378589344858,1,2.9267189217900551,0.71999999999999997,-2.2067189217900554,,,,
"narrow_multi_obstacle",355,4,1,500,0.00010712,1,-0.039246677574440447,0.71999999999999997,0.75924667757444042,2,1,-0.039246677574440447,0.71999999999999997,0.75924667757444042,0,-0.71999999999999997,-2.6967561895814303,-1.9767561895814303,,,,
"narrow_multi_obstacle",356,0,1,500,0.00010679399999999999,0,-0.71999999999999997,0.10213953255269126,0.82213953255269123,2,0,-0.71999999999999997,0.10213953255269126,0.82213953255269123,1,3.0123688429179341,0.71999999999999997,-2.2923688429179343,,,,
"narrow_multi_obstacle",356,1,1,500,0.00010018599999999999,1,0.013838646471505234,0.71999999999999997,0.70616135352849474,2,1,0.013838646471505234,0.71999999999999997,0.70616135352849474,0,-0.71999999999999997,-2.7719518120493243,-2.0519518120493245,,,,
"narrow_multi_obstacle",356,2,1,500,0.000100202,1,-0.10559522891235118,0.71999999999999997,0.82559522891235115,2,1,-0.10559522891235118,0.71999999999999997,0.82559522891235115,0,-0.71999999999999997,-2.7911120917365198,-2.07111209173652,,,,
"narrow_multi_obstacle",356,3,1,500,0.000100232,0,-0.71999999999999997,-0.069347900497201964,0.65065209950279801,2,0,-0.71999999999999997,-0.069347900497201964,0.65065209950279801,1,2.9232415926522313,0.71999999999999997,-2.2032415926522315,,,,
"narrow_multi_obstacle",356,4,2,500,0.00012987799999999999,1,0.011320391046179212,0.031294002471893068,0.019973611425713855,3,1,0.011320391046179212,0.031294002471893068,0.019973611425713855,0,-0.71999999999999997,-2.6380313245738511,-1.9180313245738512,2,2.8896546140704009,0.71999999999999997,-2.1696546140704012
"narrow_multi_obstacle",357,0,2,500,0.000120324,1,-0.0022165041130812746,-0.070913023430981603,-0.068696519317900329,3,1,-0.0022165041130812746,-0.070913023430981603,-0.068696519317900329,0,-0.71999999999999997,-2.7650938007214503,-2.0450938007214505,2,2.9104591732851297,0.71999999999999997,-2.19045917328513
"narrow_multi_obstacle",357,1,1,500,9.9224000000000011e-05,1,-0.041597911281050282,0.71999999999999997,0.76159791128105025,2,1,-0.041597911281050282,0.71999999999999997,0.76159791128105025,0,-0.71999999999999997,-2.7306322071180276,-2.0106322071180278,,,,
"narrow_multi_obstacle",357,2,1,500,0.000100414,0,-0.71999999999999997,0.053332843817903042,0.77333284381790302,2,0,-0.71999999999999997,0.053332843817903042,0.77333284381790302,1,2.8698221823266241,0.71999999999999997,-2.1498221823266244,,,,
"narrow_multi_obstacle",357,3,1,500,0.00010943,0,-0.71999999999999997,0.18062375399940245,0.90062375399940242,2,0,-0.71999999999999997,0.18062375399940245,0.90062375399940242,1,3.024655313675181,0.71999999999999997,-2.3046553136751813,,,,
"narrow_multi_obstacle",357,4,1,500,9.9498000000000002e-05,1,-0.16954368604817938,0.71999999999999997,0.88954368604817935,2,1,-0.16954368604817938,0.71999999999999997,0.88954368604817935,0,-0.71999999999999997,-2.715047485861386,-1.995047485861386,,,,
"narrow_multi_obstacle",358,0,2,500,0.000120902,1,0.039938360143614737,-0.0062090460402266512,-0.046147406183841388,3,1,0.039938360143614737,-0.0062090460402266512,-0.046147406183841388,0,-0.71999999999999997,-2.7803088852492639,-2.0603088852492641,2,3.0431868771495516,0.71999999999999997,-2.3231868771495519
"narrow_multi_obstacle",358,1,2,500,0.00013103999999999999,1,-0.085008154196615227,0.21205904677950271,0.29706720097611794,3,1,-0.085008154196615227,0.21205904677950271,0.29706720097611794,0,-0.71999999999999997,-2.8200030253870025,-2.1000030253870028,2,3.090212339674661,0.71999999999999997,-2.3702123396746613
"narrow_multi_obstacle",358,2,2,500,0.00012942799999999998,1,-0.10735094749308249,0.095251152836228092,0.20260210032931059,3,1,-0.10735094749308249,0.095251152836228092,0.20260210032931059,0,-0.71999999999999997,-2.7276247540501393,-2.0076247540501395,2,3.0311227947106376,0.71999999999999997,-2.3111227947106379
"narrow_multi_obstacle",359,0,1,500,0.00010699200000000001,0,-0.71999999999999997,0.067998324754773076,0.78799832475477305,2,0,-0.71999999999999997,0.067998324754773076,0.78799832475477305,1,3.0778626225742998,0.71999999999999997,-2.3578626225742996,,,,
"narrow_multi_obstacle",359,1,1,500,0.000108316,1,-0.10058435337536809,0.71999999999999997,0.82058435337536806,2,1,-0.10058435337536809,0.71999999999999997,0.82058435337536806,0,-0.71999999999999997,-2.8491020241161604,-2.1291020241161602,,,,
"narrow_multi_obstacle",359,2,2,500,0.000129954,1,-0.0013739779168917554,0.00071507530573278189,0.0020890532226245373,3,1,-0.0013739779168917554,0.00071507530573278189,0.0020890532226245373,0,-0.71999999999999997,-2.7300769531054083,-2.0100769531054086,2,2.8792535204074259,0.71999999999999997,-2.1592535204074261
"narrow_multi_obstacle",359,3,1,500,0.00010451,0,-0.71999999999999997,0.14829902217499158,0.86829902217499155,2,0,-0.71999999999999997,0.14829902217499158,0.86829902217499155,1,2.9537568404835257,0.71999999999999997,-2.233756840483526,,,,
"narrow_multi_obstacle",359,4,1,500,0.000107182,1,-0.026133065238100661,0.71999999999999997,0.74613306523810063,2,1,-0.026133065238100661,0.71999999999999997,0.74613306523810063,0,-0.71999999999999997,-2.6392794239138935,-1.9192794239138935,,,,
"narrow_multi_obstacle",360,0,1,500,0.000103854,1,0.012480525664115838,0.71999999999999997,0.70751947433588414,2,1,0.012480525664115838,0.71999999999999997,0.70751947433588414,0,-0.71999999999999997,-2.7901197253086991,-2.0701197253086994,,,,
"narrow_multi_obstacle",360,1,1,500,0.00010043,0,-0.71999999999999997,0.13637765624701204,0.85637765624701201,2,0,-0.71999999999999997,0.13637765624701204,0.85637765624701201,1,3.0872553350136016,0.71999999999999997,-2.3672553350136019,,,,
"narrow_multi_obstacle",360,2,2,500,0.000122886,1,0.01505435931959842,0.07384644083822578,0.058792081518627359,3,1,0.01505435931959842,0.07384644083822578,0.058792081518627359,0,-0.71999999999999997,-2.7549983195459458,-2.034998319545946,2,2.9661977689659853,0.71999999999999997,-2.2461977689659856
"narrow_multi_obstacle",360,3,2,500,0.00012320399999999999,1,0.050049476668627912,0.046497446871525128,-0.0035520297971027848,3,1,0.050049476668627912,0.046497446871525128,-0.0035520297971027848,0,-0.71999999999999997,-2.626453006594085,-1.906453006594085,2,2.9429862402803391,0.71999999999999997,-2.2229862402803393
"narrow_multi_obstacle",361,0,1,500,0.00010080999999999999,0,-0.71999999999999997,0.061655398428624109,0.78165539842862408,2,0,-0.71999999999999997,0.061655398428624109,0.78165539842862408,1,2.9990307457981364,0.71999999999999997,-2.2790307457981367,,,,
"narrow_multi_obstacle",361,1,1,500,0.000107242,1,0.00063506152246328718,0.71999999999999997,0.71936493847753669,2,1,0.00063506152246328718,0.71999999999999997,0.71936493847753669,0,-0.71999999999999997,-2.7579278583049529,-2.0379278583049532,,,,
"narrow_multi_obstacle",361,2,2,500,0.000121846,1,-0.04698685288860549,0.043651484981406252,0.090638337870011743,3,1,-0.04698685288860549,0.043651484981406252,0.090638337870011743,0,-0.71999999999999997,-2.736985644663684,-2.0169856446636842,2,3.0011717590604543,0.71999999999999997,-2.2811717590604541
"narrow_multi_obstacle",361,3,2,500,0.00012270200000000001,1,-0.017162434271594362,0.080107836454790249,0.097270270726384611,3,1,-0.017162434271594362,0.080107836454790249,0.097270270726384611,0,-0.71999999999999997,-2.7000269855555441,-1.9800269855555441,2,2.9963515543976893,0.71999999999999997,-2.2763515543976895
"narrow_multi_obstacle",362,0,2,500,0.00012062399999999999,1,-0.004573097776236823,-0.0015009581570577524,0.0030721396191790706,3,1,-0.004573097776236823,-0.0015009581570577524,0.0030721396191790706,0,-0.71999999999999997,-2.8005339150262101,-2.0805339150262103,2,2.9548894546989239,0.71999999999999997,-2.2348894546989237
"narrow_multi_obstacle",362,1,2,500,0.000123034,1,-0.045864611499502717,0.066880432034140069,0.11274504353364279,3,1,-0.045864611499502717,0.066880432034140069,0.11274504353364279,0,-0.71999999999999997,-2.7798560451997743,-2.0598560451997745,2,3.0490483574263285,0.71999999999999997,-2.3290483574263288
"narrow_multi_obstacle",362,2,1,500,0.00010567600000000001,1,0.01634280180739478,0.71999999999999997,0.70365719819260519,2,1,0.01634280180739478,0.71999999999999997,0.70365719819260519,0,-0.71999999999999997,-2.6889531165245826,-1.9689531165245826,,,,
"narrow_multi_obstacle",362,3,1,500,0.00010320799999999999,0,-0.71999999999999997,0.061847383382637622,0.7818473833826376,2,0,-0.71999999999999997,0.061847383382637622,0.7818473833826376,1,2.9281687279218014,0.71999999999999997,-2.2081687279218016,,,,
"narrow_multi_obstacle",363,0,2,500,0.00012962000000000002,1,-0.055407212249097837,0.03292401870261652,0.088331230951714357,3,1,-0.055407212249097837,0.03292401870261652,0.088331230951714357,0,-0.71999999999999997,-2.7995017310090402,-2.0795017310090405,2,3.0493948395343136,0.71999999999999997,-2.3293948395343138
"narrow_multi_obstacle",363,1,2,500,0.00012829599999999999,1,0.046717378024864198,0.12669596406611894,0.07997858604125474,3,1,0.046717378024864198,0.12669596406611894,0.07997858604125474,0,-0.71999999999999997,-2.678103793057736,-1.9581037930577361,2,3.0454635852000838,0.71999999999999997,-2.325463585200084
"narrow_multi_obstacle",363,2,1,500,0.000105664,1,-0.090858111729253732,0.71999999999999997,0.81085811172925371,2,1,-0.090858111729253732,0.71999999999999997,0.81085811172925371,0,-0.71999999999999997,-2.7867552168330025,-2.0667552168330028,,,,
"narrow_multi_obstacle",363,3,1,500,0.000106588,0,-0.71999999999999997,0.099563430564200583,0.81956343056420056,2,0,-0.71999999999999997,0.099563430564200583,0.81956343056420056,1,2.9445424144276151,0.71999999999999997,-2.2245424144276154,,,,
"narrow_multi_obstacle",364,0,1,500,0.000103146,1,-0.013437656051702662,0.71999999999999997,0.73343765605170264,2,1,-0.013437656051702662,0.71999999999999997,0.73343765605170264,0,-0.71999999999999997,-2.7331835115657448,-2.013183511565745,,,,
"narrow_multi_obstacle",364,1,1,500,9.782399999999999e-05,0,-0.71999999999999997,0.025851156332371117,0.74585115633237109,2,0,-0.71999999999999997,0.025851156332371117,0.74585115633237109,1,3.0369375066869351,0.71999999999999997,-2.3169375066869353,,,,
"narrow_multi_obstacle",364,2,1,500,9.9832000000000002e-05,1,-0.064673686881947967,0.71999999999999997,0.78467368688194794,2,1,-0.064673686881947967,0.71999999999999997,0.78467368688194794,0,-0.71999999999999997,-2.8131426288298425,-2.0931426288298427,,,,
"narrow_multi_obstacle",364,3,1,500,0.000100222,0,-0.71999999999999997,0.088394805075618255,0.80839480507561823,2,0,-0.71999999999999997,0.088394805075618255,0.80839480507561823,1,3.0618645344288078,0.71999999999999997,-2.341864534428808,,,,
"narrow_multi_obstacle",364,4,2,500,0.000123566,1,0.13274393894718273,0.10019360383145304,-0.032550335115729689,3,1,0.13274393894718273,0.10019360383145304,-0.032550335115729689,0,-0.71999999999999997,-2.4919675101903387,-1.7719675101903387,2,2.9111492029491064,0.71999999999999997,-2.1911492029491066
"narrow_multi_obstacle",365,0,2,500,0.00012317400000000001,1,0.016413740233163887,0.092898335120759956,0.076484594887596069,3,1,0.016413740233163887,0.092898335120759956,0.076484594887596069,0,-0.71999999999999997,-2.7054520435869271,-1.9854520435869272,2,3.0819108003893585,0.71999999999999997,-2.3619108003893583
"narrow_multi_obstacle",365,1,1,500,0.000103686,0,-0.71999999999999997,0.027124763366056737,0.74712476336605671,2,0,-0.71999999999999997,0.027124763366056737,0.74712476336605671,1,2.9831902393803431,0.71999999999999997,-2.2631902393803429,,,,
"narrow_multi_obstacle",365,2,1,500,0.00010740600000000001,1,0.16369501217807825,0.71999999999999997,0.55630498782192173,2,1,0.16369501217807825,0.71999999999999997,0.55630498782192173,0,-0.71999999999999997,-2.4934105575375227,-1.7734105575375227,,,,
"narrow_multi_obstacle",365,3,1,500,0.00010871000000000001,0,-0.71999999999999997,0.22922351116811601,0.94922351116811599,2,0,-0.71999999999999997,0.22922351116811601,0.94922351116811599,1,3.0685075970258961,0.71999999999999997,-2.348507597025896,,,,
"narrow_multi_obstacle",365,4,1,500,0.00010791800000000001,1,-0.15035168568210966,0.71999999999999997,0.87035168568210963,2,1,-0.15035168568210966,0.71999999999999997,0.87035168568210963,0,-0.71999999999999997,-2.7944600635925019,-2.0744600635925021,,,,
"narrow_multi_obstacle",366,0,2,500,0.00012876599999999999,1,0.021918612701886886,0.000200678715369218,-0.021717933986517668,3,1,0.021918612701886886,0.000200678715369218,-0.021717933986517668,0,-0.71999999999999997,-2.736256047627172,-2.0162560476271718,2,3.0102127713485043,0.71999999999999997,-2.2902127713485045
"narrow_multi_obstacle",366,1,2,500,0.00012909999999999999,1,-0.032320244870470027,0.080420246019077268,0.1127404908895473,3,1,-0.032320244870470027,0.080420246019077268,0.1127404908895473,0,-0.71999999999999997,-2.6829773812997026,-1.9629773812997027,2,2.9265950079288423,0.71999999999999997,-2.2065950079288426
"narrow_multi_obstacle",366,2,1,500,0.000104926,1,-0.051777907405379464,0.71999999999999997,0.77177790740537944,2,1,-0.051777907405379464,0.71999999999999997,0.77177790740537944,0,-0.71999999999999997,-2.6248512194726459,-1.9048512194726459,,,,
"narrow_multi_obstacle",366,3,1,500,0.00010358000000000001,0,-0.71999999999999997,0.14205319501920188,0.86205319501920186,2,0,-0.71999999999999997,0.14205319501920188,0.86205319501920186,1,2.997312621222969,0.71999999999999997,-2.2773126212229693,,,,
"narrow_multi_obstacle",367,0,1,500,0.000106382,0,-0.71999999999999997,0.0012269804720443922,0.72122698047204437,2,0,-0.71999999999999997,0.0012269804720443922,0.72122698047204437,1,2.899361671739435,0.71999999999999997,-2.1793616717394348,,,,
"narrow_multi_obstacle",367,1,1,500,0.00010936600000000001,1,0.052016599386315088,0.71999999999999997,0.66798340061368489,2,1,0.052016599386315088,0.71999999999999997,0.66798340061368489,0,-0.71999999999999997,-2.7112531080348168,-1.9912531080348168,,,,
"narrow_multi_obstacle",367,2,2,500,0.00012544800000000001,1,-0.028222415529151723,0.15516144182934966,0.18338385735850138,3,1,-0.028222415529151723,0.15516144182934966,0.18338385735850138,0,-0.71999999999999997,-2.6929925712214828,-1.9729925712214829,2,3.0031753525843867,0.71999999999999997,-2.2831753525843865
"narrow_multi_obstacle",367,3,2,500,0.00012682199999999999,1,-0.088056429521710111,0.061845899299123985,0.1499023288208341,3,1,-0.088056429521710111,0.061845899299123985,0.1499023288208341,0,-0.71999999999999997,-2.7144763701986734,-1.9944763701986734,2,2.8388757441852346,0.71999999999999997,-2.1188757441852344
"narrow_multi_obstacle",368,0,1,500,0.00010226,1,-0.035341232532325906,0.71999999999999997,0.75534123253232588,2,1,-0.035341232532325906,0.71999999999999997,0.75534123253232588,0,-0.71999999999999997,-2.8474081648266854,-2.1274081648266856,,,,
"narrow_multi_obstacle",368,1,1,500,0.00010257800000000001,0,-0.71999999999999997,0.024370259946476125,0.7443702599464761,2,0,-0.71999999999999997,0.024370259946476125,0.7443702599464761,1,3.0200403193012271,0.71999999999999997,-2.3000403193012273,,,,
"narrow_multi_obstacle",368,2,1,500,0.000101198,0,-0.71999999999999997,0.10887805168684328,0.82887805168684325,2,0,-0.71999999999999997,0.10887805168684328,0.82887805168684325,1,3.0381085877701235,0.71999999999999997,-2.3181085877701237,,,,
"narrow_multi_obstacle",368,3,1,500,0.000100344,1,-0.084833089285361485,0.71999999999999997,0.80483308928536146,2,1,-0.084833089285361485,0.71999999999999997,0.80483308928536146,0,-0.71999999999999997,-2.7949951123348677,-2.074995112334868,,,,
"narrow_multi_obstacle",368,4,2,500,0.00011982800000000001,1,-0.1673493213617534,0.15157090647696458,0.31892022783871798,3,1,-0.1673493213617534,0.15157090647696458,0.31892022783871798,0,-0.71999999999999997,-2.8601430579460989,-2.1401430579460987,2,2.9551623670206295,0.71999999999999997,-2.2351623670206298
"narrow_multi_obstacle",369,0,2,500,0.0001226,1,0.0036821060415024309,0.087940878932305955,0.084258772890803524,3,1,0.0036821060415024309,0.087940878932305955,0.084258772890803524,0,-0.71999999999999997,-2.7287787826365602,-2.0087787826365604,2,3.0766277383820322,0.71999999999999997,-2.3566277383820324
"narrow_multi_obstacle",369,1,1,500,0.00010057599999999999,1,0.0031121536330294131,0.71999999999999997,0.71688784636697056,2,1,0.0031121536330294131,0.71999999999999997,0.71688784636697056,0,-0.71999999999999997,-2.680353778826178,-1.960353778826178,,,,
"narrow_multi_obstacle",369,2,1,500,9.8318000000000003e-05,0,-0.71999999999999997,0.056058207457258868,0.77605820745725884,2,0,-0.71999999999999997,0.056058207457258868,0.77605820745725884,1,3.014943710692493,0.71999999999999997,-2.2949437106924933,,,,
"narrow_multi_obstacle",369,3,2,500,0.000119844,1,-0.14599171218815288,0.1066255080197005,0.25261722020785338,3,1,-0.14599171218815288,0.1066255080197005,0.25261722020785338,0,-0.71999999999999997,-2.800439398980155,-2.0804393989801548,2,2.9454167976026726,0.71999999999999997,-2.2254167976026729
"narrow_multi_obstacle",370,0,1,500,9.8722000000000008e-05,0,-0.71999999999999997,0.11577526316585596,0.83577526316585593,2,0,-0.71999999999999997,0.11577526316585596,0.83577526316585593,1,3.0379570752339657,0.71999999999999997,-2.3179570752339655,,,,
"narrow_multi_obstacle",370,1,1,500,0.00010463000000000001,1,0.0031553265559840504,0.71999999999999997,0.71684467344401592,2,1,0.0031553265559840504,0.71999999999999997,0.71684467344401592,0,-0.71999999999999997,-2.7583221274084049,-2.0383221274084047,,,,
"narrow_multi_obstacle",370,2,2,500,0.00012961,1,-0.11035237290388333,0.093925786402182299,0.20427815930606563,3,1,-0.11035237290388333,0.093925786402182299,0.20427815930606563,0,-0.71999999999999997,-2.8085239175604633,-2.0885239175604635,2,2.9724497107563854,0.71999999999999997,-2.2524497107563857
"narrow_multi_obstacle",370,3,2,500,0.00012709200000000001,1,-0.086337225320502142,0.13198848718837541,0.21832571250887756,3,1,-0.086337225320502142,0.13198848718837541,0.21832571250887756,0,-0.71999999999999997,-2.7060368736800431,-1.9860368736800431,2,2.8738290853152648,0.71999999999999997,-2.1538290853152651
"narrow_multi_obstacle",371,0,1,500,0.000102822,1,-0.044031757501350688,0.71999999999999997,0.76403175750135066,2,1,-0.044031757501350688,0.71999999999999997,0.76403175750135066,0,-0.71999999999999997,-2.7803368896726495,-2.0603368896726497,,,,
"narrow_multi_obstacle",371,1,1,500,0.00010435800000000001,0,-0.71999999999999997,0.079006869359175447,0.79900686935917542,2,0,-0.71999999999999997,0.079006869359175447,0.79900686935917542,1,3.070163528692325,0.71999999999999997,-2.3501635286923248,,,,
"narrow_multi_obstacle",371,2,1,500,9.8815999999999997e-05,1,0.042847982836367704,0.71999999999999997,0.67715201716363227,2,1,0.042847982836367704,0.71999999999999997,0.67715201716363227,0,-0.71999999999999997,-2.738709944676871,-2.0187099446768713,,,,
"narrow_multi_obstacle",371,3,1,500,0.000102608,0,-0.71999999999999997,0.058489638808732369,0.77848963880873234,2,0,-0.71999999999999997,0.058489638808732369,0.77848963880873234,1,2.9705805178232461,0.71999999999999997,-2.2505805178232459,,,,
"narrow_multi_obstacle",371,4,1,500,0.000102228,1,-0.1528860474834477,0.71999999999999997,0.87288604748344767,2,1,-0.1528860474834477,0.71999999999999997,0.87288604748344767,0,-0.71999999999999997,-2.809589338468399,-2.0895893384683992,,,,
"narrow_multi_obstacle",371,5,1,500,0.00010553,0,-0.71999999999999997,0.16639009569281416,0.88639009569281413,2,0,-0.71999999999999997,0.16639009569281416,0.88639009569281413,1,3.0116089124183958,0.71999999999999997,-2.291608912418396,,,,
"narrow_multi_obstacle",372,0,2,500,0.00012674,1,0.076315000739173078,0.087231291475738271,0.010916290736565193,3,1,0.076315000739173078,0.087231291475738271,0.010916290736565193,0,-0.71999999999999997,-2.6579595801423519,-1.9379595801423519,2,3.0882855421616218,0.71999999999999997,-2.3682855421616216
"narrow_multi_obstacle",372,1,2,500,0.00011909799999999999,1,-0.036210564099626197,0.061470881461964888,0.097681445561591085,3,1,-0.036210564099626197,0.061470881461964888,0.097681445561591085,0,-0.71999999999999997,-2.7982830773399727,-2.0782830773399725,2,3.043551137025629,0.71999999999999997,-2.3235511370256292
"narrow_multi_obstacle",372,2,1,500,0.000101136,0,-0.71999999999999997,0.056603887022398602,0.77660388702239858,2,0,-0.71999999999999997,0.056603887022398602,0.77660388702239858,1,2.9512706788835583,0.71999999999999997,-2.2312706788835586,,,,
"narrow_multi_obstacle",372,3,1,500,0.000103022,1,-0.076259860893823417,0.71999999999999997,0.79625986089382339,2,1,-0.076259860893823417,0.71999999999999997,0.79625986089382339,0,-0.71999999999999997,-2.7046483458961026,-1.9846483458961026,,,,
"narrow_multi_obstacle",373,0,1,500,0.00010658199999999999,0,-0.71999999999999997,0.067852608060155806,0.78785260806015578,2,0,-0.71999999999999997,0.067852608060155806,0.78785260806015578,1,2.9483088618430657,0.71999999999999997,-2.2283088618430655,,,,
"narrow_multi_obstacle",373,1,1,500,0.000104966,1,-0.053664886059543226,0.71999999999999997,0.7736648860595432,2,1,-0.053664886059543226,0.71999999999999997,0.7736648860595432,0,-0.71999999999999997,-2.7775674361588525,-2.0575674361588527,,,,
"narrow_multi_obstacle",373,2,1,500,0.00010753600000000001,0,-0.71999999999999997,0.059097093711775184,0.77909709371177516,2,0,-0.71999999999999997,0.059097093711775184,0.77909709371177516,1,2.9838105783376472,0.71999999999999997,-2.2638105783376474,,,,
"narrow_multi_obstacle",373,3,1,500,0.000103466,1,-0.043424402672288531,0.71999999999999997,0.7634244026722885,2,1,-0.043424402672288531,0.71999999999999997,0.7634244026722885,0,-0.71999999999999997,-2.7660214600187505,-2.0460214600187507,,,,
"narrow_multi_obstacle",373,4,2,500,0.000117718,1,-0.1022249026224813,0.07846913025510438,0.18069403287758568,3,1,-0.1022249026224813,0.07846913025510438,0.18069403287758568,0,-0.71999999999999997,-2.6971466613230772,-1.9771466613230773,2,2.9102109908326357,0.71999999999999997,-2.1902109908326359
"narrow_multi_obstacle",374,0,1,500,0.00010665199999999999,0,-0.71999999999999997,-0.019206007505389477,0.7007939924946105,2,0,-0.71999999999999997,-0.019206007505389477,0.7007939924946105,1,3.0109836534982204,0.71999999999999997,-2.2909836534982206,,,,
"narrow_multi_obstacle",374,1,1,500,0.00010409,1,-0.027374032824673655,0.71999999999999997,0.74737403282467363,2,1,-0.027374032824673655,0.71999999999999997,0.74737403282467363,0,-0.71999999999999997,-2.7905475390660932,-2.0705475390660935,,,,
"narrow_multi_obstacle",374,2,1,500,0.000106486,0,-0.71999999999999997,-0.014073736175356677,0.7059262638246433,2,0,-0.71999999999999997,-0.014073736175356677,0.7059262638246433,1,2.9954013356070579,0.71999999999999997,-2.2754013356070582,,,,
"narrow_multi_obstacle",374,3,1,500,0.000105822,1,-0.020287815598218017,0.71999999999999997,0.74028781559821799,2,1,-0.020287815598218017,0.71999999999999997,0.74028781559821799,0,-0.71999999999999997,-2.7347942300867056,-2.0147942300867054,,,,
"narrow_multi_obstacle",374,4,1,500,0.000108916,1,-0.036919068935809651,0.71999999999999997,0.75691906893580962,2,1,-0.036919068935809651,0.71999999999999997,0.75691906893580962,0,-0.71999999999999997,-2.6822844252837514,-1.9622844252837515,,,,
"narrow_multi_obstacle",374,5,1,500,0.000103742,0,-0.71999999999999997,0.26907861547300493,0.98907861547300491,2,0,-0.71999999999999997,0.26907861547300493,0.98907861547300491,1,3.0983543065133721,0.71999999999999997,-2.3783543065133719,,,,
"narrow_multi_obstacle",375,0,1,500,0.00010541399999999999,0,-0.71999999999999997,0.081072220540854278,0.80107222054085425,2,0,-0.71999999999999997,0.081072220540854278,0.80107222054085425,1,3.0312952725167115,0.71999999999999997,-2.3112952725167117,,,,
"narrow_multi_obstacle",375,1,1,500,0.000108342,1,-0.050041911940013728,0.71999999999999997,0.7700419119400137,2,1,-0.050041911940013728,0.71999999999999997,0.7700419119400137,0,-0.71999999999999997,-2.8536421525231574,-2.1336421525231577,,,,
"narrow_multi_obstacle",375,2,1,500,0.000106166,1,-0.067385300141680649,0.71999999999999997,0.78738530014168062,2,1,-0.067385300141680649,0.71999999999999997,0.78738530014168062,0,-0.71999999999999997,-2.7899927011665486,-2.0699927011665489,,,,
"narrow_multi_obstacle",375,3,1,500,0.00011338800000000001,0,-0.71999999999999997,0.10320238754525235,0.82320238754525232,2,0,-0.71999999999999997,0.10320238754525235,0.82320238754525232,1,3.0571592973038308,0.71999999999999997,-2.3371592973038311,,,,
"narrow_multi_obstacle",375,4,1,500,0.000101068,0,-0.71999999999999997,0.044786324559650925,0.7647863245596509,2,0,-0.71999999999999997,0.044786324559650925,0.7647863245596509,1,2.9548447474654114,0.71999999999999997,-2.2348447474654112,,,,
"narrow_multi_obstacle",375,5,1,500,0.00010034800000000001,1,-0.05282003712242278,0.71999999999999997,0.77282003712242275,2,1,-0.05282003712242278,0.71999999999999997,0.77282003712242275,0,-0.71999999999999997,-2.6988555880885787,-1.9788555880885788,,,,
"narrow_multi_obstacle",376,0,2,500,0.000120264,1,0.024850193979508717,0.076922966227019218,0.052072772247510501,3,1,0.024850193979508717,0.076922966227019218,0.052072772247510501,0,-0.71999999999999997,-2.6989978731195596,-1.9789978731195597,2,3.0790880241219352,0.71999999999999997,-2.3590880241219354
"narrow_multi_obstacle",376,1,2,500,0.00012102,1,-0.050861826528290077,0.10369397922738122,0.15455580575567129,3,1,-0.050861826528290077,0.10369397922738122,0.15455580575567129,0,-0.71999999999999997,-2.7752388227907874,-2.0552388227907876,2,2.9800114546563892,0.71999999999999997,-2.2600114546563894
"narrow_multi_obstacle",376,2,2,500,0.00012105200000000001,1,0.017223089778113376,0.014450269026803797,-0.0027728207513095793,3,1,0.017223089778113376,0.014450269026803797,-0.0027728207513095793,0,-0.71999999999999997,-2.673875566405175,-1.953875566405175,2,2.8673626123866649,0.71999999999999997,-2.1473626123866651
"narrow_multi_obstacle",377,0,2,500,0.00012439600000000001,1,0.059885582050824393,0.084554467502089281,0.024668885451264888,3,1,0.059885582050824393,0.084554467502089281,0.024668885451264888,0,-0.71999999999999997,-2.6729575146888309,-1.9529575146888309,2,3.0090790636690423,0.71999999999999997,-2.2890790636690426
"narrow_multi_obstacle",377,1,2,500,0.00012248599999999999,1,-0.089115520535728132,0.16350635608661657,0.2526218766223447,3,1,-0.089115520535728132,0.16350635608661657,0.2526218766223447,0,-0.71999999999999997,-2.7613827839039118,-2.041382783903912,2,3.1139494597061286,0.71999999999999997,-2.3939494597061284
"narrow_multi_obstacle",377,2,2,500,0.00012529999999999998,1,-0.0032966911783869346,0.22054351064405231,0.22384020182243924,3,1,-0.0032966911783869346,0.22054351064405231,0.22384020182243924,0,-0.71999999999999997,-2.6870636260072924,-1.9670636260072925,2,3.124487411701419,0.71999999999999997,-2.4044874117014192
"narrow_multi_obstacle",378,0,1,500,9.9748000000000008e-05,1,-0.092388774001456619,0.71999999999999997,0.81238877400145659,2,1,-0.092388774001456619,0.71999999999999997,0.81238877400145659,0,-0.71999999999999997,-2.8377503008601437,-2.1177503008601439,,,,
"narrow_multi_obstacle",378,1,1,500,0.00010216600000000001,0,-0.71999999999999997,0.0078660275104507349,0.72786602751045071,2,0,-0.71999999999999997,0.0078660275104507349,0.72786602751045071,1,3.0389240818173211,0.71999999999999997,-2.3189240818173209,,,,
"narrow_multi_obstacle",378,2,2,500,0.00012794400000000001,1,-0.081994685972858417,0.090944481979408298,0.17293916795226671,3,1,-0.081994685972858417,0.090944481979408298,0.17293916795226671,0,-0.71999999999999997,-2.775898916342312,-2.0558989163423123,2,3.06051401766626,0.71999999999999997,-2.3405140176662602
"narrow_multi_obstacle",378,3,2,500,0.00012264600000000002,1,-0.18058960212400765,0.23263159564522096,0.41322119776922861,3,1,-0.18058960212400765,0.23263159564522096,0.41322119776922861,0,-0.71999999999999997,-2.7663777372201181,-2.0463777372201184,2,3.0872902785818868,0.71999999999999997,-2.367290278581887
"narrow_multi_obstacle",379,0,1,500,0.00010513599999999999,1,0.053625002400963018,0.71999999999999997,0.66637499759903696,2,1,0.053625002400963018,0.71999999999999997,0.66637499759903696,0,-0.71999999999999997,-2.7308561643585847,-2.0108561643585849,,,,
"narrow_multi_obstacle",379,1,1,500,0.00010527,0,-0.71999999999999997,0.19945233093617687,0.91945233093617684,2,0,-0.71999999999999997,0.19945233093617687,0.91945233093617684,1,3.169216635065939,0.71999999999999997,-2.4492166350659392,,,,
"narrow_multi_obstacle",379,2,2,500,0.00012365600000000001,1,-0.014650938281553172,0.044943762654744646,0.059594700936297818,3,1,-0.014650938281553172,0.044943762654744646,0.059594700936297818,0,-0.71999999999999997,-2.6721321669853104,-1.9521321669853104,2,2.9751910563702104,0.71999999999999997,-2.2551910563702107
"narrow_multi_obstacle",379,3,2,500,0.00012181400000000001,1,-0.049241173260195836,0.18172573785413793,0.23096691111433376,3,1,-0.049241173260195836,0.18172573785413793,0.23096691111433376,0,-0.71999999999999997,-2.6284062280797502,-1.9084062280797502,2,2.9642975415348181,0.71999999999999997,-2.2442975415348183
"narrow_multi_obstacle",380,0,2,500,0.00012271,1,-0.078596586660740098,0.013327405279583537,0.091923991940323635,3,1,-0.078596586660740098,0.013327405279583537,0.091923991940323635,0,-0.71999999999999997,-2.8341185583852488,-2.1141185583852486,2,3.0119213487000285,0.71999999999999997,-2.2919213487000283
"narrow_multi_obstacle",380,1,2,500,0.00012183199999999999,1,0.090080863215963758,0.061469579536697516,-0.028611283679266242,3,1,0.090080863215963758,0.061469579536697516,-0.028611283679266242,0,-0.71999999999999997,-2.6350113963522848,-1.9150113963522848,2,3.0193249397012125,0.71999999999999997,-2.2993249397012123
"narrow_multi_obstacle",380,2,1,500,0.000101106,0,-0.71999999999999997,0.089091241726132697,0.80909124172613267,2,0,-0.71999999999999997,0.089091241726132697,0.80909124172613267,1,3.0101813979286747,0.71999999999999997,-2.2901813979286745,,,,
"narrow_multi_obstacle",380,3,1,500,0.00010176799999999999,1,-0.096041165707715814,0.71999999999999997,0.81604116570771579,2,1,-0.096041165707715814,0.71999999999999997,0.81604116570771579,0,-0.71999999999999997,-2.7295041382482994,-2.0095041382482997,,,,
"narrow_multi_obstacle",381,0,1,500,0.00010104399999999999,0,-0.71999999999999997,0.048679235554154321,0.76867923555415429,2,0,-0.71999999999999997,0.048679235554154321,0.76867923555415429,1,2.9457841317769069,0.71999999999999997,-2.2257841317769067,,,,
"narrow_multi_obstacle",381,1,1,500,9.7260000000000001e-05,1,0.0039057501698507302,0.71999999999999997,0.71609424983014924,2,1,0.0039057501698507302,0.71999999999999997,0.71609424983014924,0,-0.71999999999999997,-2.7550788623789511,-2.0350788623789509,,,,
"narrow_multi_obstacle",381,2,1,500,0.00010231,1,-0.067284705865748196,0.71999999999999997,0.78728470586574817,2,1,-0.067284705865748196,0.71999999999999997,0.78728470586574817,0,-0.71999999999999997,-2.7084737531426217,-1.9884737531426218,,,,
"narrow_multi_obstacle",381,3,1,500,0.00010252400000000001,0,-0.71999999999999997,0.17455714723543903,0.894557147235439,2,0,-0.71999999999999997,0.17455714723543903,0.894557147235439,1,3.0956895816718779,0.71999999999999997,-2.3756895816718782,,,,
"narrow_multi_obstacle",381,4,1,500,0.000100154,0,-0.71999999999999997,0.15108928291968193,0.87108928291968191,2,0,-0.71999999999999997,0.15108928291968193,0.87108928291968191,1,2.99989921204405,0.71999999999999997,-2.2798992120440502,,,,
"narrow_multi_obstacle",381,5,1,500,0.000102092,1,-0.11263046900711116,0.71999999999999997,0.83263046900711113,2,1,-0.11263046900711116,0.71999999999999997,0.83263046900711113,0,-0.71999999999999997,-2.6809053453868459,-1.9609053453868459,,,,
"narrow_multi_obstacle",382,0,2,500,0.000128448,1,0.094985520793042788,-0.016740117046923242,-0.11172563783996603,3,1,0.094985520793042788,-0.016740117046923242,-0.11172563783996603,0,-0.71999999999999997,-2.6768218300410616,-1.9568218300410616,2,2.9647593859920867,0.71999999999999997,-2.2447593859920865
"narrow_multi_obstacle",382,1,1,500,9.9697999999999993e-05,0,-0.71999999999999997,0.0010391026295246686,0.72103910262952464,2,0,-0.71999999999999997,0.0010391026295246686,0.72103910262952464,1,2.9849548304499782,0.71999999999999997,-2.2649548304499785,,,,
"narrow_multi_obstacle",382,2,1,500,0.000100608,1,0.0026720117310348179,0.71999999999999997,0.71732798826896516,2,1,0.0026720117310348179,0.71999999999999997,0.71732798826896516,0,-0.71999999999999997,-2.7018333165131714,-1.9818333165131714,,,,
"narrow_multi_obstacle",382,3,2,500,0.000124134,1,-0.11120261824390942,0.11987551926539197,0.2310781375093014,3,1,-0.11120261824390942,0.11987551926539197,0.2310781375093014,0,-0.71999999999999997,-2.7359195206528892,-2.015919520652889,2,2.9845636053687379,0.71999999999999997,-2.2645636053687381
"narrow_multi_obstacle",383,0,1,500,0.000100246,1,0.0070042528161740059,0.71999999999999997,0.71299574718382597,2,1,0.0070042528161740059,0.71999999999999997,0.71299574718382597,0,-0.71999999999999997,-2.7730025441968951,-2.0530025441968949,,,,
"narrow_multi_obstacle",383,1,1,500,0.00010057000000000001,0,-0.71999999999999997,0.091584603091628969,0.81158460309162894,2,0,-0.71999999999999997,0.091584603091628969,0.81158460309162894,1,3.0548317554089603,0.71999999999999997,-2.3348317554089606,,,,
"narrow_multi_obstacle",383,2,1,500,9.9199999999999999e-05,1,-0.0018627745263237738,0.71999999999999997,0.72186277452632375,2,1,-0.0018627745263237738,0.71999999999999997,0.72186277452632375,0,-0.71999999999999997,-2.714569663092921,-1.9945696630929211,,,,
"narrow_multi_obstacle",383,3,1,500,0.000102118,0,-0.71999999999999997,0.026505762414474443,0.74650576241447442,2,0,-0.71999999999999997,0.026505762414474443,0.74650576241447442,1,3.0110844817304874,0.71999999999999997,-2.2910844817304872,,,,
"narrow_multi_obstacle",383,4,2,500,0.00012650000000000001,1,-0.084579050574169923,0.078781705300091209,0.16336075587426113,3,1,-0.084579050574169923,0.078781705300091209,0.16336075587426113,0,-0.71999999999999997,-2.7621037357709102,-2.04210373577091,2,2.9873848370287464,0.71999999999999997,-2.2673848370287466
"narrow_multi_obstacle",384,0,1,500,9.9587999999999996e-05,1,-0.069946762926975437,0.71999999999999997,0.78994676292697541,2,1,-0.069946762926975437,0.71999999999999997,0.78994676292697541,0,-0.71999999999999997,-2.8457395494593039,-2.1257395494593041,,,,
"narrow_multi_obstacle",384,1,1,500,0.000100618,0,-0.71999999999999997,0.1030323261954309,0.82303232619543087,2,0,-0.71999999999999997,0.1030323261954309,0.82303232619543087,1,3.0359057685216562,0.71999999999999997,-2.315905768521656,,,,
"narrow_multi_obstacle",384,2,2,500,0.00012282800000000001,1,-0.04776601424307958,0.15256092394753473,0.20032693819061431,3,1,-0.04776601424307958,0.15256092394753473,0.20032693819061431,0,-0.71999999999999997,-2.767722975804741,-2.0477229758047413,2,3.0827981907018134,0.71999999999999997,-2.3627981907018132
"narrow_multi_obstacle",384,3,2,500,0.00012314999999999998,1,-0.032724885013482252,0.045891822033112595,0.078616707046594847,3,1,-0.032724885013482252,0.045891822033112595,0.078616707046594847,0,-0.71999999999999997,-2.6717020197830674,-1.9517020197830675,2,2.8828806727844336,0.71999999999999997,-2.1628806727844339
"narrow_multi_obstacle",385,0,2,500,0.000120822,1,-0.0023130255397383337,0.02306880390038879,0.025381829440127124,3,1,-0.0023130255397383337,0.02306880390038879,0.025381829440127124,0,-0.71999999999999997,-2.7439474849254126,-2.0239474849254124,2,3.0176435845824536,0.71999999999999997,-2.2976435845824534
"narrow_multi_obstacle",385,1,2,500,0.00012297400000000001,1,0.042484725821376079,0.081578561225710056,0.039093835404333976,3,1,0.042484725821376079,0.081578561225710056,0.039093835404333976,0,-0.71999999999999997,-2.6697862947069071,-1.9497862947069071,2,3.0736284184926781,0.71999999999999997,-2.3536284184926783
"narrow_multi_obstacle",385,2,2,500,0.00012231000000000001,1,-0.05013964182854469,0.056364507184397894,0.10650414901294258,3,1,-0.05013964182854469,0.056364507184397894,0.10650414901294258,0,-0.71999999999999997,-2.6939288843875118,-1.9739288843875118,2,2.995303213957734,0.71999999999999997,-2.2753032139577343
"narrow_multi_obstacle",386,0,1,500,0.00010517600000000001,0,-0.71999999999999997,0.02743018310418055,0.74743018310418052,2,0,-0.71999999999999997,0.02743018310418055,0.74743018310418052,1,2.957912757949873,0.71999999999999997,-2.2379127579498732,,,,
"narrow_multi_obstacle",386,1,1,500,0.00010894,1,-0.031053440187915671,0.71999999999999997,0.75105344018791564,2,1,-0.031053440187915671,0.71999999999999997,0.75105344018791564,0,-0.71999999999999997,-2.7801180513730284,-2.0601180513730286,,,,
"narrow_multi_obstacle",386,2,1,500,0.000105504,1,-0.0087869764790420302,0.71999999999999997,0.728786976479042,2,1,-0.0087869764790420302,0.71999999999999997,0.728786976479042,0,-0.71999999999999997,-2.6556892581987954,-1.9356892581987954,,,,
"narrow_multi_obstacle",386,3,1,500,0.000105048,0,-0.71999999999999997,-0.085001566199066181,0.63499843380093379,2,0,-0.71999999999999997,-0.085001566199066181,0.63499843380093379,1,2.8687859068244945,0.71999999999999997,-2.1487859068244948,,,,
"narrow_multi_obstacle",386,4,2,500,0.00013156000000000002,1,-0.062199323996615652,0.22315408422225702,0.28535340821887267,3,1,-0.062199323996615652,0.22315408422225702,0.28535340821887267,0,-0.71999999999999997,-2.7014384861125285,-1.9814384861125285,2,2.9924836513959514,0.71999999999999997,-2.2724836513959517
"narrow_multi_obstacle",387,0,2,500,0.00012222599999999999,1,-0.13298914793967609,0.026160849656474028,0.15914999759615012,3,1,-0.13298914793967609,0.026160849656474028,0.15914999759615012,0,-0.71999999999999997,-2.8578607365553452,-2.1378607365553455,2,3.0170306576222425,0.71999999999999997,-2.2970306576222423
"narrow_multi_obstacle",387,1,2,500,0.00011866599999999999,1,-0.054856909684654953,0.037550764700465811,0.092407674385120764,3,1,-0.054856909684654953,0.037550764700465811,0.092407674385120764,0,-0.71999999999999997,-2.7741342789646648,-2.0541342789646651,2,2.9175360762216265,0.71999999999999997,-2.1975360762216267
"narrow_multi_obstacle",387,2,2,500,0.00012366000000000002,1,-0.13777944989590019,0.011565722304313741,0.14934517220021393,3,1,-0.13777944989590019,0.011565722304313741,0.14934517220021393,0,-0.71999999999999997,-2.7059799692324851,-1.9859799692324851,2,2.8815262291691122,0.71999999999999997,-2.1615262291691124
"narrow_multi_obstacle",388,0,2,500,0.00012123799999999999,1,-0.018220046539991319,0.22297279080412769,0.241192837344119,3,1,-0.018220046539991319,0.22297279080412769,0.241192837344119,0,-0.71999999999999997,-2.786186657710692,-2.0661866577106922,2,3.1140526894927261,0.71999999999999997,-2.3940526894927263
"narrow_multi_obstacle",388,1,1,500,0.000101538,0,-0.71999999999999997,0.099082938398340037,0.81908293839834001,2,0,-0.71999999999999997,0.099082938398340037,0.81908293839834001,1,3.0816200819636275,0.71999999999999997,-2.3616200819636273,,,,
"narrow_multi_obstacle",388,2,1,500,0.000101494,1,0.045270340789933083,0.71999999999999997,0.67472965921006689,2,1,0.045270340789933083,0.71999999999999997,0.67472965921006689,0,-0.71999999999999997,-2.6468277093327246,-1.9268277093327246,,,,
"narrow_multi_obstacle",388,3,1,500,0.00010207800000000001,0,-0.71999999999999997,0.20961618574839469,0.92961618574839466,2,0,-0.71999999999999997,0.20961618574839469,0.92961618574839466,1,3.0456316958586029,0.71999999999999997,-2.3256316958586032,,,,
"narrow_multi_obstacle",388,4,1,500,0.000101048,1,0.069561238765813993,0.71999999999999997,0.65043876123418598,2,1,0.069561238765813993,0.71999999999999997,0.65043876123418598,0,-0.71999999999999997,-2.5794279993956728,-1.8594279993956728,,,,
"narrow_multi_obstacle",389,0,1,500,0.00010076,1,-0.0028825578314719547,0.71999999999999997,0.72288255783147193,2,1,-0.0028825578314719547,0.71999999999999997,0.72288255783147193,0,-0.71999999999999997,-2.7667493183861938,-2.046749318386194,,,,
"narrow_multi_obstacle",389,1,1,500,0.00010134799999999999,0,-0.71999999999999997,0.020427660722509566,0.74042766072250954,2,0,-0.71999999999999997,0.020427660722509566,0.74042766072250954,1,2.9662918250796979,0.71999999999999997,-2.2462918250796982,,,,
"narrow_multi_obstacle",389,2,2,500,0.00011743000000000001,1,0.045169512836658487,0.21623523632669372,0.17106572349003524,3,1,0.045169512836658487,0.21623523632669372,0.17106572349003524,0,-0.71999999999999997,-2.664727289498626,-1.9447272894986261,2,3.1155060561737464,0.71999999999999997,-2.3955060561737467
"narrow_multi_obstacle",389,3,2,500,0.000121632,1,0.023277277224736714,0.18057933679824978,0.15730205957351306,3,1,0.023277277224736714,0.18057933679824978,0.15730205957351306,0,-0.71999999999999997,-2.6236408139664436,-1.9036408139664436,2,2.9733554283370998,0.71999999999999997,-2.2533554283371
"narrow_multi_obstacle",390,0,2,500,0.00012361199999999999,1,-0.017115382319629058,0.13739262921991213,0.15450801153954119,3,1,-0.017115382319629058,0.13739262921991213,0.15450801153954119,0,-0.71999999999999997,-2.7303133192210041,-2.0103133192210043,2,3.0917306869187726,0.71999999999999997,-2.3717306869187729
"narrow_multi_obstacle",390,1,2,500,0.00012089199999999999,1,-0.057436507176585216,0.054843719211309594,0.11228022638789481,3,1,-0.057436507176585216,0.054843719211309594,0.11228022638789481,0,-0.71999999999999997,-2.7811645169594112,-2.0611645169594111,2,2.9745053814807711,0.71999999999999997,-2.2545053814807714
"narrow_multi_obstacle",390,2,1,500,0.00010471600000000001,0,-0.71999999999999997,0.2274910228167919,0.94749102281679187,2,0,-0.71999999999999997,0.2274910228167919,0.94749102281679187,1,2.9884103819587846,0.71999999999999997,-2.2684103819587849,,,,
"narrow_multi_obstacle",390,3,1,500,0.000103242,1,-0.096751329569496836,0.71999999999999997,0.81675132956949681,2,1,-0.096751329569496836,0.71999999999999997,0.81675132956949681,0,-0.71999999999999997,-2.7461289891553893,-2.0261289891553895,,,,
"narrow_multi_obstacle",391,0,1,500,0.00010063,0,-0.71999999999999997,0.031859909159325461,0.75185990915932543,2,0,-0.71999999999999997,0.031859909159325461,0.75185990915932543,1,2.9628080549141389,0.71999999999999997,-2.2428080549141391,,,,
"narrow_multi_obstacle",391,1,1,500,0.000100052,1,-0.037578889794404491,0.71999999999999997,0.75757888979440446,2,1,-0.037578889794404491,0.71999999999999997,0.75757888979440446,0,-0.71999999999999997,-2.778810697202589,-2.0588106972025892,,,,
"narrow_multi_obstacle",391,2,1,500,9.6012000000000002e-05,1,-0.029568277754152827,0.71999999999999997,0.7495682777541528,2,1,-0.029568277754152827,0.71999999999999997,0.7495682777541528,0,-0.71999999999999997,-2.7950943669626174,-2.0750943669626176,,,,
"narrow_multi_obstacle",391,3,1,500,0.00010155599999999999,0,-0.71999999999999997,0.13627883087250314,0.85627883087250312,2,0,-0.71999999999999997,0.13627883087250314,0.85627883087250312,1,3.0685734239202676,0.71999999999999997,-2.3485734239202678,,,,
"narrow_multi_obstacle",391,4,1,500,0.00010119,0,-0.71999999999999997,0.022179626849039069,0.74217962684903904,2,0,-0.71999999999999997,0.022179626849039069,0.74217962684903904,1,2.9011253696233856,0.71999999999999997,-2.1811253696233859,,,,
"narrow_multi_obstacle",391,5,1,500,9.8859999999999999e-05,1,-0.11091792385445043,0.71999999999999997,0.8309179238544504,2,1,-0.11091792385445043,0.71999999999999997,0.8309179238544504,0,-0.71999999999999997,-2.7326519916872907,-2.0126519916872905,,,,
"narrow_multi_obstacle",392,0,2,500,0.00012048399999999999,1,0.0002816911772525188,0.016310376319797149,0.01602868514254463,3,1,0.0002816911772525188,0.016310376319797149,0.01602868514254463,0,-0.71999999999999997,-2.7535964833018682,-2.033596483301868,2,2.9650100496387735,0.71999999999999997,-2.2450100496387737
"narrow_multi_obstacle",392,1,2,500,0.00012211399999999999,1,-0.089155203068711053,0.19107389475202941,0.28022909782074046,3,1,-0.089155203068711053,0.19107389475202941,0.28022909782074046,0,-0.71999999999999997,-2.8159250677081871,-2.0959250677081869,2,3.1880762073889706,0.71999999999999997,-2.4680762073889708
"narrow_multi_obstacle",392,2,1,500,0.000102044,0,-0.71999999999999997,0.1427825544579715,0.86278255445797147,2,0,-0.71999999999999997,0.1427825544579715,0.86278255445797147,1,2.9608377124223719,0.71999999999999997,-2.2408377124223717,,,,
"narrow_multi_obstacle",392,3,1,500,0.000102444,1,-0.00188377978687293,0.71999999999999997,0.7218837797868729,2,1,-0.00188377978687293,0.71999999999999997,0.7218837797868729,0,-0.71999999999999997,-2.5965096362592082,-1.8765096362592082,,,,
"narrow_multi_obstacle",393,0,2,500,0.00012951599999999998,1,-0.029259764172235636,0.15473133454107724,0.18399109871331287,3,1,-0.029259764172235636,0.15473133454107724,0.18399109871331287,0,-0.71999999999999997,-2.7524459027867696,-2.0324459027867698,2,3.1166137794703692,0.71999999999999997,-2.3966137794703695
"narrow_multi_obstacle",393,1,1,500,0.00010128600000000001,1,-0.080776814560337584,0.71999999999999997,0.80077681456033756,2,1,-0.080776814560337584,0.71999999999999997,0.80077681456033756,0,-0.71999999999999997,-2.7740674543604538,-2.054067454360454,,,,
"narrow_multi_obstacle",393,2,1,500,0.000101102,0,-0.71999999999999997,-0.03130747723857974,0.68869252276142023,2,0,-0.71999999999999997,-0.03130747723857974,0.68869252276142023,1,2.8678534840538505,0.71999999999999997,-2.1478534840538508,,,,
"narrow_multi_obstacle",393,3,2,500,0.00012066999999999999,1,-0.015681503453699452,0.10225198992633278,0.11793349338003223,3,1,-0.015681503453699452,0.10225198992633278,0.11793349338003223,0,-0.71999999999999997,-2.6578607682576081,-1.9378607682576081,2,2.9269242464425029,0.71999999999999997,-2.2069242464425027
"narrow_multi_obstacle",394,0,1,500,0.000102484,1,-0.014840105799829306,0.71999999999999997,0.73484010579982928,2,1,-0.014840105799829306,0.71999999999999997,0.73484010579982928,0,-0.71999999999999997,-2.7676429606255821,-2.0476429606255824,,,,
"narrow_multi_obstacle",394,1,1,500,9.9259999999999995e-05,0,-0.71999999999999997,0.035654920070165019,0.75565492007016499,2,0,-0.71999999999999997,0.035654920070165019,0.75565492007016499,1,3.0381677147573782,0.71999999999999997,-2.3181677147573785,,,,
"narrow_multi_obstacle",394,2,1,500,0.000100388,0,-0.71999999999999997,0.10388949077034004,0.82388949077034002,2,0,-0.71999999999999997,0.10388949077034004,0.82388949077034002,1,2.9950385408572497,0.71999999999999997,-2.27503854085725,,,,
"narrow_multi_obstacle",394,3,1,500,0.00010323799999999999,1,-0.027700999385260605,0.71999999999999997,0.74770099938526058,2,1,-0.027700999385260605,0.71999999999999997,0.74770099938526058,0,-0.71999999999999997,-2.7496547090605472,-2.029654709060547,,,,
"narrow_multi_obstacle",394,4,2,500,0.0001238,1,-0.0029189536052407483,0.047996187614736119,0.050915141219976867,3,1,-0.0029189536052407483,0.047996187614736119,0.050915141219976867,0,-0.71999999999999997,-2.664002946222662,-1.944002946222662,2,2.9049683004702436,0.71999999999999997,-2.1849683004702438
"narrow_multi_obstacle",395,0,1,500,9.7343999999999995e-05,0,-0.71999999999999997,0.058839396744668759,0.77883939674466873,2,0,-0.71999999999999997,0.058839396744668759,0.77883939674466873,1,2.9600924030136904,0.71999999999999997,-2.2400924030136906,,,,
"narrow_multi_obstacle",395,1,1,500,0.000101094,1,0.09308369031565733,0.71999999999999997,0.62691630968434264,2,1,0.09308369031565733,0.71999999999999997,0.62691630968434264,0,-0.71999999999999997,-2.6773149109650882,-1.9573149109650883,,,,
"narrow_multi_obstacle",395,2,1,500,0.00010077,1,-0.089217063103849581,0.71999999999999997,0.80921706310384955,2,1,-0.089217063103849581,0.71999999999999997,0.80921706310384955,0,-0.71999999999999997,-2.7557684229308554,-2.0357684229308557,,,,
"narrow_multi_obstacle",395,3,1,500,0.000100646,0,-0.71999999999999997,0.15551290755664438,0.87551290755664435,2,0,-0.71999999999999997,0.15551290755664438,0.87551290755664435,1,2.9900134478245257,0.71999999999999997,-2.2700134478245255,,,,
"narrow_multi_obstacle",395,4,1,500,0.000100868,1,-0.15887979313972922,0.71999999999999997,0.87887979313972919,2,1,-0.15887979313972922,0.71999999999999997,0.87887979313972919,0,-0.71999999999999997,-2.7312120278970418,-2.0112120278970416,,,,
"narrow_multi_obstacle",395,5,1,500,0.00010053800000000001,0,-0.71999999999999997,0.17117177503342029,0.89117177503342027,2,0,-0.71999999999999997,0.17117177503342029,0.89117177503342027,1,2.9178920743366614,0.71999999999999997,-2.1978920743366617,,,,
"narrow_multi_obstacle",396,0,2,500,0.0001239,1,-0.0026681637962384652,0.044884392951638485,0.047552556747876951,3,1,-0.0026681637962384652,0.044884392951638485,0.047552556747876951,0,-0.71999999999999997,-2.6844731673281697,-1.9644731673281697,2,2.9881791999175484,0.71999999999999997,-2.2681791999175482
"narrow_multi_obstacle",396,1,1,500,9.8222000000000009e-05,1,-0.047303877735850985,0.71999999999999997,0.76730387773585096,2,1,-0.047303877735850985,0.71999999999999997,0.76730387773585096,0,-0.71999999999999997,-2.7121078917996151,-1.9921078917996151,,,,
"narrow_multi_obstacle",396,2,1,500,0.00010119999999999999,0,-0.71999999999999997,0.099592543699100533,0.81959254369910051,2,0,-0.71999999999999997,0.099592543699100533,0.81959254369910051,1,2.918126037260901,0.71999999999999997,-2.1981260372609013,,,,
"narrow_multi_obstacle",396,3,1,500,9.9475999999999994e-05,0,-0.71999999999999997,0.16539415981804595,0.88539415981804592,2,0,-0.71999999999999997,0.16539415981804595,0.88539415981804592,1,2.9482985569129583,0.71999999999999997,-2.2282985569129581,,,,
"narrow_multi_obstacle",396,4,1,500,0.00010221,1,-0.12821064221998779,0.71999999999999997,0.84821064221998776,2,1,-0.12821064221998779,0.71999999999999997,0.84821064221998776,0,-0.71999999999999997,-2.71393421974813,-1.99393421974813,,,,
"narrow_multi_obstacle",397,0,2,500,0.00012378000000000001,1,0.017756166372693283,0.043575013510110949,0.025818847137417666,3,1,0.017756166372693283,0.043575013510110949,0.025818847137417666,0,-0.71999999999999997,-2.6999507490636767,-1.9799507490636767,2,2.9576207432260162,0.71999999999999997,-2.2376207432260165
"narrow_multi_obstacle",397,1,1,500,0.00010067400000000001,0,-0.71999999999999997,0.054196139996324444,0.77419613999632442,2,0,-0.71999999999999997,0.054196139996324444,0.77419613999632442,1,2.9676340763547229,0.71999999999999997,-2.2476340763547231,,,,
"narrow_multi_obstacle",397,2,1,500,0.00010444000000000001,1,-0.080636922517251852,0.71999999999999997,0.80063692251725183,2,1,-0.080636922517251852,0.71999999999999997,0.80063692251725183,0,-0.71999999999999997,-2.710846321544981,-1.990846321544981,,,,
"narrow_multi_obstacle",397,3,2,500,0.00011963,1,-0.10253080419591143,0.26029590417529591,0.36282670837120734,3,1,-0.10253080419591143,0.26029590417529591,0.36282670837120734,0,-0.71999999999999997,-2.6684714457431746,-1.9484714457431747,2,3.0043703862881523,0.71999999999999997,-2.2843703862881526
"narrow_multi_obstacle",398,0,1,500,0.00010014,1,0.025801250255468755,0.71999999999999997,0.69419874974453122,2,1,0.025801250255468755,0.71999999999999997,0.69419874974453122,0,-0.71999999999999997,-2.6844848868715023,-1.9644848868715024,,,,
"narrow_multi_obstacle",398,1,1,500,0.000100734,0,-0.71999999999999997,0.0019451528445424415,0.72194515284454241,2,0,-0.71999999999999997,0.0019451528445424415,0.72194515284454241,1,2.91771072289042,0.71999999999999997,-2.1977107228904202,,,,
"narrow_multi_obstacle",398,2,1,500,0.00010069400000000001,1,-0.11312700519874452,0.71999999999999997,0.8331270051987445,2,1,-0.11312700519874452,0.71999999999999997,0.8331270051987445,0,-0.71999999999999997,-2.8328249408780728,-2.112824940878073,,,,
"narrow_multi_obstacle",398,3,1,500,0.000101512,0,-0.71999999999999997,0.031987463312807662,0.75198746331280764,2,0,-0.71999999999999997,0.031987463312807662,0.75198746331280764,1,2.9788701117264722,0.71999999999999997,-2.2588701117264725,,,,
"narrow_multi_obstacle",398,4,1,500,0.00010058400000000001,1,-0.016015640283686405,0.71999999999999997,0.73601564028368638,2,1,-0.016015640283686405,0.71999999999999997,0.73601564028368638,0,-0.71999999999999997,-2.631617892151028,-1.9116178921510281,,,,
"narrow_multi_obstacle",398,5,1,500,0.000100314,0,-0.71999999999999997,0.12167587644393807,0.84167587644393804,2,0,-0.71999999999999997,0.12167587644393807,0.84167587644393804,1,2.9994057427275118,0.71999999999999997,-2.2794057427275121,,,,
"narrow_multi_obstacle",399,0,1,500,0.00010139199999999999,1,-0.044390592762850289,0.71999999999999997,0.76439059276285026,2,1,-0.044390592762850289,0.71999999999999997,0.76439059276285026,0,-0.71999999999999997,-2.7810555747733683,-2.0610555747733681,,,,
"narrow_multi_obstacle",399,1,1,500,0.00010493,0,-0.71999999999999997,0.10308478411711164,0.82308478411711161,2,0,-0.71999999999999997,0.10308478411711164,0.82308478411711161,1,3.0048723710354448,0.71999999999999997,-2.284872371035445,,,,
"narrow_multi_obstacle",399,2,2,500,0.000129438,1,-0.12610118785266011,0.023213185422003235,0.14931437327466335,3,1,-0.12610118785266011,0.023213185422003235,0.14931437327466335,0,-0.71999999999999997,-2.79288946242362,-2.0728894624236203,2,3.0061199316086253,0.71999999999999997,-2.2861199316086251
"narrow_multi_obstacle",399,3,2,500,0.000120834,1,-0.14016548008696006,0.08987315587645095,0.23003863596341101,3,1,-0.14016548008696006,0.08987315587645095,0.23003863596341101,0,-0.71999999999999997,-2.7611075340529965,-2.0411075340529967,2,2.890242798904616,0.71999999999999997,-2.1702427989046162
"narrow_multi_obstacle",400,0,1,500,9.9607999999999999e-05,1,0.00055537858875354118,0.71999999999999997,0.71944462141124643,2,1,0.00055537858875354118,0.71999999999999997,0.71944462141124643,0,-0.71999999999999997,-2.7238586921379357,-2.0038586921379355,,,,
"narrow_multi_obstacle",400,1,1,500,0.000101576,0,-0.71999999999999997,0.047719297453977294,0.76771929745397727,2,0,-0.71999999999999997,0.047719297453977294,0.76771929745397727,1,3.0410197288148311,0.71999999999999997,-2.3210197288148313,,,,
"narrow_multi_obstacle",400,2,1,500,0.00010098400000000001,1,-0.024522655183130571,0.71999999999999997,0.74452265518313054,2,1,-0.024522655183130571,0.71999999999999997,0.74452265518313054,0,-0.71999999999999997,-2.7515838455749781,-2.0315838455749784,,,,
"narrow_multi_obstacle",400,3,1,500,0.00010223200000000001,0,-0.71999999999999997,0.17897841301138495,0.89897841301138492,2,0,-0.71999999999999997,0.17897841301138495,0.89897841301138492,1,3.0936704394587955,0.71999999999999997,-2.3736704394587953,,,,
"narrow_multi_obstacle",400,4,2,500,0.0001226,1,-0.14055931581134495,0.062070544031053609,0.20262985984239856,3,1,-0.14055931581134495,0.062070544031053609,0.20262985984239856,0,-0.71999999999999997,-2.816940824395548,-2.0969408243955483,2,2.9804815175864148,0.71999999999999997,-2.260481517586415
"narrow_multi_obstacle",401,0,2,500,0.000121802,1,0.036622081374580118,0.24699887886242577,0.21037679748784566,3,1,0.036622081374580118,0.24699887886242577,0.21037679748784566,0,-0.71999999999999997,-2.7332923297185632,-2.0132923297185634,2,3.1322068214198948,0.71999999999999997,-2.4122068214198951
"narrow_multi_obstacle",401,1,1,500,0.00010423399999999999,1,0.012640980800330048,0.71999999999999997,0.70735901919966993,2,1,0.012640980800330048,0.71999999999999997,0.70735901919966993,0,-0.71999999999999997,-2.7060462912689234,-1.9860462912689234,,,,
"narrow_multi_obstacle",401,2,1,500,9.9244000000000001e-05,0,-0.71999999999999997,0.019890206449707737,0.73989020644970771,2,0,-0.71999999999999997,0.019890206449707737,0.73989020644970771,1,2.8353190294435358,0.71999999999999997,-2.115319029443536,,,,
"narrow_multi_obstacle",401,3,2,500,0.000124652,1,-0.013418127984440753,0.092158104252237028,0.10557623223667778,3,1,-0.013418127984440753,0.092158104252237028,0.10557623223667778,0,-0.71999999999999997,-2.6486933443364897,-1.9286933443364898,2,2.9437160047062307,0.71999999999999997,-2.2237160047062305
"narrow_multi_obstacle",402,0,1,500,0.00010234600000000001,0,-0.71999999999999997,0.14628688842956894,0.86628688842956891,2,0,-0.71999999999999997,0.14628688842956894,0.86628688842956891,1,3.1464331884434862,0.71999999999999997,-2.426433188443486,,,,
"narrow_multi_obstacle",402,1,1,500,0.000101426,1,0.025314453251542579,0.71999999999999997,0.69468554674845739,2,1,0.025314453251542579,0.71999999999999997,0.69468554674845739,0,-0.71999999999999997,-2.6812625652263176,-1.9612625652263176,,,,
"narrow_multi_obstacle",402,2,2,500,0.000123738,1,0.060433569482720051,0.16058154561210691,0.10014797612938686,3,1,0.060433569482720051,0.16058154561210691,0.10014797612938686,0,-0.71999999999999997,-2.6496922099854316,-1.9296922099854317,2,3.0503945259151974,0.71999999999999997,-2.3303945259151977
"narrow_multi_obstacle",402,3,1,500,0.00010079200000000001,1,-0.083571999923401474,0.71999999999999997,0.80357199992340145,2,1,-0.083571999923401474,0.71999999999999997,0.80357199992340145,0,-0.71999999999999997,-2.6877741092226803,-1.9677741092226804,,,,
"narrow_multi_obstacle",402,4,1,500,0.00010116799999999999,0,-0.71999999999999997,0.15251255388590712,0.87251255388590709,2,0,-0.71999999999999997,0.15251255388590712,0.87251255388590709,1,2.9763839724383834,0.71999999999999997,-2.2563839724383836,,,,
"narrow_multi_obstacle",403,0,1,500,0.000100924,0,-0.71999999999999997,0.034336089859112517,0.75433608985911249,2,0,-0.71999999999999997,0.034336089859112517,0.75433608985911249,1,2.9262688876561072,0.71999999999999997,-2.2062688876561074,,,,
"narrow_multi_obstacle",403,1,1,500,0.000100968,1,-0.085436487686379792,0.71999999999999997,0.80543648768637977,2,1,-0.085436487686379792,0.71999999999999997,0.80543648768637977,0,-0.71999999999999997,-2.8627155277695868,-2.1427155277695871,,,,
"narrow_multi_obstacle",403,2,2,500,0.00011812400000000001,1,-0.068398380914731494,0.13567752907121844,0.20407590998594993,3,1,-0.068398380914731494,0.13567752907121844,0.20407590998594993,0,-0.71999999999999997,-2.687726020845866,-1.967726020845866,2,3.0326138074356228,0.71999999999999997,-2.3126138074356231
"narrow_multi_obstacle",403,3,2,500,0.000119022,1,-0.043762327666944767,0.20668133202127192,0.25044365968821669,3,1,-0.043762327666944767,0.20668133202127192,0.25044365968821669,0,-0.71999999999999997,-2.6155073371782365,-1.8955073371782365,2,3.0795721179213045,0.71999999999999997,-2.3595721179213047
"narrow_multi_obstacle",404,0,2,500,0.000122306,1,-0.087033915795973193,-0.013632811441209203,0.073401104354763991,3,1,-0.087033915795973193,-0.013632811441209203,0.073401104354763991,0,-0.71999999999999997,-2.8714741531477128,-2.1514741531477126,2,3.0040972643520991,0.71999999999999997,-2.2840972643520994
"narrow_multi_obstacle",404,1,1,500,9.9965999999999998e-05,0,-0.71999999999999997,0.11314873574847928,0.83314873574847925,2,0,-0.71999999999999997,0.11314873574847928,0.83314873574847925,1,3.0185285298692297,0.71999999999999997,-2.2985285298692295,,,,
"narrow_multi_obstacle",404,2,1,500,0.000100566,1,0.11953431338159892,0.71999999999999997,0.60046568661840105,2,1,0.11953431338159892,0.71999999999999997,0.60046568661840105,0,-0.71999999999999997,-2.6484102896245316,-1.9284102896245316,,,,
"narrow_multi_obstacle",404,3,1,500,0.00010064399999999999,1,-0.030841899074325552,0.71999999999999997,0.75084189907432553,2,1,-0.030841899074325552,0.71999999999999997,0.75084189907432553,0,-0.71999999999999997,-2.7283150672516321,-2.0083150672516323,,,,
"narrow_multi_obstacle",404,4,1,500,9.9904000000000011e-05,0,-0.71999999999999997,0.087560753680302472,0.80756075368030245,2,0,-0.71999999999999997,0.087560753680302472,0.80756075368030245,1,3.0001282097686097,0.71999999999999997,-2.28012820976861,,,,
"narrow_multi_obstacle",405,0,1,500,9.9099999999999996e-05,0,-0.71999999999999997,-0.0057894755508061113,0.71421052444919386,2,0,-0.71999999999999997,-0.0057894755508061113,0.71421052444919386,1,2.9772887997322268,0.71999999999999997,-2.2572887997322271,,,,
"narrow_multi_obstacle",405,1,1,500,0.00010333,1,-0.085946664908318038,0.71999999999999997,0.80594666490831801,2,1,-0.085946664908318038,0.71999999999999997,0.80594666490831801,0,-0.71999999999999997,-2.8421539584596225,-2.1221539584596227,,,,
"narrow_multi_obstacle",405,2,2,500,0.00011919,1,-0.057835988302559427,0.14969608797306666,0.20753207627562609,3,1,-0.057835988302559427,0.14969608797306666,0.20753207627562609,0,-0.71999999999999997,-2.8140424374577062,-2.0940424374577065,2,3.056173412810844,0.71999999999999997,-2.3361734128108438
"narrow_multi_obstacle",405,3,1,500,0.00010154599999999999,0,-0.71999999999999997,0.13606254300084619,0.85606254300084617,2,0,-0.71999999999999997,0.13606254300084619,0.85606254300084617,1,2.9434698371712145,0.71999999999999997,-2.2234698371712147,,,,
"narrow_multi_obstacle",405,4,1,500,0.000102278,1,-0.12355091640407911,0.71999999999999997,0.84355091640407909,2,1,-0.12355091640407911,0.71999999999999997,0.84355091640407909,0,-0.71999999999999997,-2.8103682446656806,-2.0903682446656804,,,,
"narrow_multi_obstacle",406,0,1,500,0.000107026,0,-0.71999999999999997,0.11980523865300352,0.83980523865300349,2,0,-0.71999999999999997,0.11980523865300352,0.83980523865300349,1,3.0806821651578216,0.71999999999999997,-2.3606821651578214,,,,
"narrow_multi_obstacle",406,1,1,500,0.000104258,1,-0.032142081102140452,0.71999999999999997,0.75214208110214043,2,1,-0.032142081102140452,0.71999999999999997,0.75214208110214043,0,-0.71999999999999997,-2.7262650676355729,-2.0062650676355727,,,,
"narrow_multi_obstacle",406,2,1,500,0.00010135400000000001,1,-0.040949053925168455,0.71999999999999997,0.76094905392516843,2,1,-0.040949053925168455,0.71999999999999997,0.76094905392516843,0,-0.71999999999999997,-2.684580431403826,-1.964580431403826,,,,
"narrow_multi_obstacle",406,3,1,500,0.000101902,0,-0.71999999999999997,0.14796216870020396,0.86796216870020393,2,0,-0.71999999999999997,0.14796216870020396,0.86796216870020393,1,3.0262696956526369,0.71999999999999997,-2.3062696956526372,,,,
"narrow_multi_obstacle",406,4,2,500,0.00012116,1,-0.057414957480978579,0.21640381892971972,0.27381877641069829,3,1,-0.057414957480978579,0.21640381892971972,0.27381877641069829,0,-0.71999999999999997,-2.6631767458249263,-1.9431767458249263,2,3.0557478326380663,0.71999999999999997,-2.3357478326380665
"narrow_multi_obstacle",407,0,2,500,0.000117176,1,-0.0061025175979105839,0.041199057942106876,0.04730157554001746,3,1,-0.0061025175979105839,0.041199057942106876,0.04730157554001746,0,-0.71999999999999997,-2.7521097039775921,-2.0321097039775919,2,3.0567996617415214,0.71999999999999997,-2.3367996617415212
"narrow_multi_obstacle",407,1,2,500,0.00012139200000000001,1,0.021929347893315576,-0.0016359705484236819,-0.023565318441739258,3,1,0.021929347893315576,-0.0016359705484236819,-0.023565318441739258,0,-0.71999999999999997,-2.7129228467467374,-1.9929228467467375,2,2.9499717329585655,0.71999999999999997,-2.2299717329585658
"narrow_multi_obstacle",407,2,1,500,0.000100232,1,-0.11371505250042468,0.71999999999999997,0.83371505250042466,2,1,-0.11371505250042468,0.71999999999999997,0.83371505250042466,0,-0.71999999999999997,-2.7669759267051894,-2.0469759267051897,,,,
"narrow_multi_obstacle",407,3,1,500,0.00010133599999999999,0,-0.71999999999999997,0.10065376895432165,0.82065376895432163,2,0,-0.71999999999999997,0.10065376895432165,0.82065376895432163,1,2.9554907404160957,0.71999999999999997,-2.235490740416096,,,,
"narrow_multi_obstacle",408,0,2,500,0.000120436,1,0.014739589592095204,0.15425078319547247,0.13951119360337727,3,1,0.014739589592095204,0.15425078319547247,0.13951119360337727,0,-0.71999999999999997,-2.7462224695362711,-2.0262224695362709,2,3.0613827156847861,0.71999999999999997,-2.3413827156847864
"narrow_multi_obstacle",408,1,2,500,0.000120764,1,-0.10727320630512382,0.17807704666897828,0.2853502529741021,3,1,-0.10727320630512382,0.17807704666897828,0.2853502529741021,0,-0.71999999999999997,-2.7485098820628022,-2.028509882062802,2,3.0676990438668916,0.71999999999999997,-2.3476990438668919
"narrow_multi_obstacle",408,2,1,500,0.00010045,0,-0.71999999999999997,0.17938540276585302,0.89938540276585299,2,0,-0.71999999999999997,0.17938540276585302,0.89938540276585299,1,2.9987222006438103,0.71999999999999997,-2.2787222006438101,,,,
"narrow_multi_obstacle",408,3,1,500,0.000101282,1,0.022656694016319312,0.71999999999999997,0.69734330598368066,2,1,0.022656694016319312,0.71999999999999997,0.69734330598368066,0,-0.71999999999999997,-2.562612397322563,-1.842612397322563,,,,
"narrow_multi_obstacle",409,0,1,500,0.00010132,0,-0.71999999999999997,0.070193979193581946,0.79019397919358192,2,0,-0.71999999999999997,0.070193979193581946,0.79019397919358192,1,3.0199760494009089,0.71999999999999997,-2.2999760494009092,,,,
"narrow_multi_obstacle",409,1,1,500,0.000105216,1,-0.061181952915671411,0.71999999999999997,0.78118195291567138,2,1,-0.061181952915671411,0.71999999999999997,0.78118195291567138,0,-0.71999999999999997,-2.7509228039303864,-2.0309228039303866,,,,
"narrow_multi_obstacle",409,2,2,500,0.00012417599999999998,1,-0.11057632878031787,0.01733373516921799,0.12791006394953586,3,1,-0.11057632878031787,0.01733373516921799,0.12791006394953586,0,-0.71999999999999997,-2.7414242920946723,-2.0214242920946726,2,2.9187932928802303,0.71999999999999997,-2.1987932928802305
"narrow_multi_obstacle",409,3,2,500,0.000121678,1,-0.15122166378040069,0.18812559623840808,0.33934726001880877,3,1,-0.15122166378040069,0.18812559623840808,0.33934726001880877,0,-0.71999999999999997,-2.7033687030962383,-1.9833687030962384,2,2.9559418038853957,0.71999999999999997,-2.235941803885396
"narrow_multi_obstacle",410,0,2,500,0.00012112000000000001,1,0.034467758811271398,-0.0067254583007496649,-0.041193217112021063,3,1,0.034467758811271398,-0.0067254583007496649,-0.041193217112021063,0,-0.71999999999999997,-2.7211723774374472,-2.001172377437447,2,3.001582754464057,0.71999999999999997,-2.2815827544640568
"narrow_multi_obstacle",410,1,2,500,0.00012206599999999999,1,-0.026405310919951575,0.10853897464449913,0.13494428556445071,3,1,-0.026405310919951575,0.10853897464449913,0.13494428556445071,0,-0.71999999999999997,-2.7287892358518473,-2.0087892358518475,2,3.0173863360222648,0.71999999999999997,-2.2973863360222646
"narrow_multi_obstacle",410,2,2,500,0.00012389400000000002,1,-0.089138552632215262,0.07528368116818096,0.16442223380039622,3,1,-0.089138552632215262,0.07528368116818096,0.16442223380039622,0,-0.71999999999999997,-2.6991175038479724,-1.9791175038479725,2,2.8867931419702266,0.71999999999999997,-2.1667931419702269
"narrow_multi_obstacle",411,0,2,500,0.00012348599999999999,1,0.020111451746409603,0.090929362254025703,0.0708179105076161,3,1,0.020111451746409603,0.090929362254025703,0.0708179105076161,0,-0.71999999999999997,-2.7541551327339366,-2.0341551327339369,2,3.0654972026804517,0.71999999999999997,-2.3454972026804519
"narrow_multi_obstacle",411,1,1,500,0.000101158,1,0.021719084679837186,0.71999999999999997,0.69828091532016279,2,1,0.021719084679837186,0.71999999999999997,0.69828091532016279,0,-0.71999999999999997,-2.6768634741206148,-1.9568634741206148,,,,
"narrow_multi_obstacle",411,2,1,500,9.6682000000000007e-05,0,-0.71999999999999997,0.1249145435244734,0.84491454352447337,2,0,-0.71999999999999997,0.1249145435244734,0.84491454352447337,1,2.9393994403702783,0.71999999999999997,-2.2193994403702781,,,,
"narrow_multi_obstacle",411,3,2,500,0.000128214,1,-0.053814062720188627,0.23118844051205478,0.28500250323224341,3,1,-0.053814062720188627,0.23118844051205478,0.28500250323224341,0,-0.71999999999999997,-2.6076052084147849,-1.887605208414785,2,3.0656036726739009,0.71999999999999997,-2.3456036726739011
"narrow_multi_obstacle",412,0,2,500,0.00012160400000000001,1,0.063777328203574291,-0.11251027375816647,-0.17628760196174076,3,1,0.063777328203574291,-0.11251027375816647,-0.17628760196174076,0,-0.71999999999999997,-2.6358983845886943,-1.9158983845886943,2,2.9082926287429869,0.71999999999999997,-2.1882926287429871
"narrow_multi_obstacle",412,1,2,500,0.000121562,1,0.015713472990836141,-0.04362176469381529,-0.059335237684651432,3,1,0.015713472990836141,-0.04362176469381529,-0.059335237684651432,0,-0.71999999999999997,-2.7080778200685764,-1.9880778200685765,2,2.9206843369972719,0.71999999999999997,-2.2006843369972717
"narrow_multi_obstacle",412,2,1,500,9.7954000000000004e-05,0,-0.71999999999999997,0.042200272472011413,0.76220027247201139,2,0,-0.71999999999999997,0.042200272472011413,0.76220027247201139,1,2.9419598770300261,0.71999999999999997,-2.2219598770300264,,,,
"narrow_multi_obstacle",412,3,1,500,9.9568000000000006e-05,1,-0.11382176568899527,0.71999999999999997,0.83382176568899524,2,1,-0.11382176568899527,0.71999999999999997,0.83382176568899524,0,-0.71999999999999997,-2.7480928141864363,-2.0280928141864365,,,,
"narrow_multi_obstacle",413,0,1,500,0.000101952,1,-0.029904720610107294,0.71999999999999997,0.74990472061010727,2,1,-0.029904720610107294,0.71999999999999997,0.74990472061010727,0,-0.71999999999999997,-2.759075811276579,-2.0390758112765788,,,,
"narrow_multi_obstacle",413,1,1,500,0.00010401199999999999,0,-0.71999999999999997,0.063543687982971608,0.78354368798297158,2,0,-0.71999999999999997,0.063543687982971608,0.78354368798297158,1,3.0514970622156015,0.71999999999999997,-2.3314970622156013,,,,
"narrow_multi_obstacle",413,2,2,500,0.00013243599999999999,1,-0.08255263210133279,0.22670791732456341,0.3092605494258962,3,1,-0.08255263210133279,0.22670791732456341,0.3092605494258962,0,-0.71999999999999997,-2.7338708821532323,-2.0138708821532321,2,3.0865775935088244,0.71999999999999997,-2.3665775935088247
"narrow_multi_obstacle",413,3,1,500,0.000101814,0,-0.71999999999999997,0.15281112606069347,0.87281112606069344,2,0,-0.71999999999999997,0.15281112606069347,0.87281112606069344,1,2.9296528939276802,0.71999999999999997,-2.2096528939276805,,,,
"narrow_multi_obstacle",413,4,1,500,0.00010217800000000001,1,-0.064571240674105246,0.71999999999999997,0.78457124067410522,2,1,-0.064571240674105246,0.71999999999999997,0.78457124067410522,0,-0.71999999999999997,-2.6731688926205548,-1.9531688926205548,,,,
"narrow_multi_obstacle",414,0,1,500,0.000102542,1,-0.032393246983631663,0.71999999999999997,0.75239324698363164,2,1,-0.032393246983631663,0.71999999999999997,0.75239324698363164,0,-0.71999999999999997,-2.7861080797980655,-2.0661080797980658,,,,
"narrow_multi_obstacle",414,1,1,500,9.8022000000000004e-05,0,-0.71999999999999997,0.070165451731579065,0.79016545173157904,2,0,-0.71999999999999997,0.070165451731579065,0.79016545173157904,1,2.9771533850390379,0.71999999999999997,-2.2571533850390377,,,,
"narrow_multi_obstacle",414,2,1,500,0.00010171199999999999,1,0.063160424803149429,0.71999999999999997,0.65683957519685054,2,1,0.063160424803149429,0.71999999999999997,0.65683957519685054,0,-0.71999999999999997,-2.6966181277293622,-1.9766181277293622,,,,
"narrow_multi_obstacle",414,3,1,500,0.000100994,0,-0.71999999999999997,-0.018670825893122966,0.70132917410687701,2,0,-0.71999999999999997,-0.018670825893122966,0.70132917410687701,1,2.8412202310510106,0.71999999999999997,-2.1212202310510104,,,,
"narrow_multi_obstacle",414,4,2,500,0.000122612,1,0.072360468407985934,0.28379258625724813,0.21143211784926219,3,1,0.072360468407985934,0.28379258625724813,0.21143211784926219,0,-0.71999999999999997,-2.5856341834329393,-1.8656341834329393,2,3.0879051897226626,0.71999999999999997,-2.3679051897226628
"narrow_multi_obstacle",415,0,1,500,9.6367999999999996e-05,1,-0.031952913857615339,0.71999999999999997,0.75195291385761531,2,1,-0.031952913857615339,0.71999999999999997,0.75195291385761531,0,-0.71999999999999997,-2.7416163668920088,-2.0216163668920091,,,,
"narrow_multi_obstacle",415,1,1,500,9.7901999999999999e-05,0,-0.71999999999999997,-0.0035819385920838887,0.71641806140791608,2,0,-0.71999999999999997,-0.0035819385920838887,0.71641806140791608,1,2.9099798949026452,0.71999999999999997,-2.1899798949026454,,,,
"narrow_multi_obstacle",415,2,1,500,0.000100812,1,-0.059783275775329603,0.71999999999999997,0.77978327577532958,2,1,-0.059783275775329603,0.71999999999999997,0.77978327577532958,0,-0.71999999999999997,-2.8165536618103943,-2.0965536618103942,,,,
"narrow_multi_obstacle",415,3,1,500,0.00010064,0,-0.71999999999999997,0.067669906747394926,0.7876699067473949,2,0,-0.71999999999999997,0.067669906747394926,0.7876699067473949,1,3.0349789988935973,0.71999999999999997,-2.3149789988935972,,,,
"narrow_multi_obstacle",415,4,1,500,9.9947999999999999e-05,1,-0.09102954806003094,0.71999999999999997,0.81102954806003091,2,1,-0.09102954806003094,0.71999999999999997,0.81102954806003091,0,-0.71999999999999997,-2.7164223336719679,-1.996422333671968,,,,
"narrow_multi_obstacle",415,5,1,500,0.000100346,0,-0.71999999999999997,0.065543460935819864,0.78554346093581984,2,0,-0.71999999999999997,0.065543460935819864,0.78554346093581984,1,2.9123275240374396,0.71999999999999997,-2.1923275240374398,,,,
"narrow_multi_obstacle",416,0,1,500,9.7662000000000001e-05,0,-0.71999999999999997,-0.00080222723179734778,0.71919777276820263,2,0,-0.71999999999999997,-0.00080222723179734778,0.71919777276820263,1,3.021246528159744,0.71999999999999997,-2.3012465281597443,,,,
"narrow_multi_obstacle",416,1,1,500,9.9959999999999998e-05,1,-0.067731921917795868,0.71999999999999997,0.78773192191779584,2,1,-0.067731921917795868,0.71999999999999997,0.78773192191779584,0,-0.71999999999999997,-2.8264322375899829,-2.1064322375899831,,,,
"narrow_multi_obstacle",416,2,2,500,0.00012386800000000001,1,-0.16496842706990122,0.1558453103086439,0.32081373737854513,3,1,-0.16496842706990122,0.1558453103086439,0.32081373737854513,0,-0.71999999999999997,-2.8035533603474478,-2.0835533603474481,2,3.0661645649069049,0.71999999999999997,-2.3461645649069052
"narrow_multi_obstacle",416,3,2,500,0.00012258199999999999,1,-0.027128108943173856,0.067491687731920269,0.094619796675094126,3,1,-0.027128108943173856,0.067491687731920269,0.094619796675094126,0,-0.71999999999999997,-2.6400981794890934,-1.9200981794890934,2,2.9106295252746288,0.71999999999999997,-2.1906295252746286
"narrow_multi_obstacle",417,0,1,500,9.8144000000000001e-05,0,-0.71999999999999997,0.14242671249953398,0.86242671249953395,2,0,-0.71999999999999997,0.14242671249953398,0.86242671249953395,1,3.0645825821691992,0.71999999999999997,-2.344582582169199,,,,
"narrow_multi_obstacle",417,1,1,500,0.000103936,1,0.059427314584508117,0.71999999999999997,0.66057268541549186,2,1,0.059427314584508117,0.71999999999999997,0.66057268541549186,0,-0.71999999999999997,-2.6487516186281304,-1.9287516186281304,,,,
"narrow_multi_obstacle",417,2,2,500,0.00012260400000000001,1,-0.025427018271670931,-0.016082099375947623,0.0093449188957233087,3,1,-0.025427018271670931,-0.016082099375947623,0.0093449188957233087,0,-0.71999999999999997,-2.7742074933776193,-2.0542074933776195,2,2.9331141664113165,0.71999999999999997,-2.2131141664113168
"narrow_multi_obstacle",417,3,2,500,0.00012317599999999999,1,-0.071541190186836356,0.15691086712851754,0.2284520573153539,3,1,-0.071541190186836356,0.15691086712851754,0.2284520573153539,0,-0.71999999999999997,-2.7202553459807182,-2.000255345980718,2,3.0341425236857704,0.71999999999999997,-2.3141425236857707
"narrow_multi_obstacle",418,0,1,500,0.00010096,1,-0.068880404960092401,0.71999999999999997,0.78888040496009237,2,1,-0.068880404960092401,0.71999999999999997,0.78888040496009237,0,-0.71999999999999997,-2.7871113915025623,-2.0671113915025625,,,,
"narrow_multi_obstacle",418,1,1,500,0.000100954,0,-0.71999999999999997,0.0032225449177016863,0.72322254491770166,2,0,-0.71999999999999997,0.0032225449177016863,0.72322254491770166,1,2.8721833269273662,0.71999999999999997,-2.152183326927366,,,,
"narrow_multi_obstacle",418,2,2,500,0.00012194800000000001,1,0.11931130653434119,-0.0100195492024584,-0.12933085573679959,3,1,0.11931130653434119,-0.0100195492024584,-0.12933085573679959,0,-0.71999999999999997,-2.5155903177218795,-1.7955903177218795,2,2.890966796963562,0.71999999999999997,-2.1709667969635618
"narrow_multi_obstacle",418,3,1,500,0.000102116,0,-0.71999999999999997,0.060904928676869918,0.78090492867686989,2,0,-0.71999999999999997,0.060904928676869918,0.78090492867686989,1,2.9038906721282385,0.71999999999999997,-2.1838906721282383,,,,
"narrow_multi_obstacle",418,4,1,500,0.000101674,1,-0.067887536630374168,0.71999999999999997,0.78788753663037414,2,1,-0.067887536630374168,0.71999999999999997,0.78788753663037414,0,-0.71999999999999997,-2.6531948954884017,-1.9331948954884017,,,,
"narrow_multi_obstacle",419,0,2,500,0.00011832600000000001,1,-0.050478417033078316,0.052908111192747187,0.1033865282258255,3,1,-0.050478417033078316,0.052908111192747187,0.1033865282258255,0,-0.71999999999999997,-2.7571351336785712,-2.0371351336785715,2,2.9821195492183072,0.71999999999999997,-2.2621195492183075
"narrow_multi_obstacle",419,1,1,500,0.00010110800000000001,1,-0.013524713914992326,0.71999999999999997,0.7335247139149923,2,1,-0.013524713914992326,0.71999999999999997,0.7335247139149923,0,-0.71999999999999997,-2.7106099153683125,-1.9906099153683126,,,,
"narrow_multi_obstacle",419,2,1,500,0.00010156400000000001,0,-0.71999999999999997,0.18707465424341563,0.9070746542434156,2,0,-0.71999999999999997,0.18707465424341563,0.9070746542434156,1,3.1045236285802931,0.71999999999999997,-2.3845236285802933,,,,
"narrow_multi_obstacle",419,3,1,500,0.00010320799999999999,0,-0.71999999999999997,0.11014372615393442,0.83014372615393439,2,0,-0.71999999999999997,0.11014372615393442,0.83014372615393439,1,2.9829332735989675,0.71999999999999997,-2.2629332735989678,,,,
"narrow_multi_obstacle",419,4,1,500,0.000107372,1,-0.12847719748322906,0.71999999999999997,0.84847719748322903,2,1,-0.12847719748322906,0.71999999999999997,0.84847719748322903,0,-0.71999999999999997,-2.7917606746633705,-2.0717606746633708,,,,
"narrow_multi_obstacle",420,0,2,500,0.000121976,1,-0.060049284282860604,0.13685441605615467,0.19690370033901528,3,1,-0.060049284282860604,0.13685441605615467,0.19690370033901528,0,-0.71999999999999997,-2.8083135000981687,-2.0883135000981685,2,3.0479372555966577,0.71999999999999997,-2.327937255596658
"narrow_multi_obstacle",420,1,1,500,0.000101506,1,-0.13121394104482831,0.71999999999999997,0.85121394104482828,2,1,-0.13121394104482831,0.71999999999999997,0.85121394104482828,0,-0.71999999999999997,-2.8704078351849436,-2.1504078351849438,,,,
"narrow_multi_obstacle",420,2,1,500,0.000102204,0,-0.71999999999999997,0.028350860498968844,0.74835086049896882,2,0,-0.71999999999999997,0.028350860498968844,0.74835086049896882,1,3.0216106038421184,0.71999999999999997,-2.3016106038421187,,,,
"narrow_multi_obstacle",420,3,1,500,0.00010603400000000001,0,-0.71999999999999997,0.11744740400873233,0.8374474040087323,2,0,-0.71999999999999997,0.11744740400873233,0.8374474040087323,1,2.9365854299019354,0.71999999999999997,-2.2165854299019356,,,,
"narrow_multi_obstacle",420,4,1,500,0.00010404,1,-0.018715044012783233,0.71999999999999997,0.73871504401278321,2,1,-0.018715044012783233,0.71999999999999997,0.73871504401278321,0,-0.71999999999999997,-2.6686188445112276,-1.9486188445112276,,,,
"narrow_multi_obstacle",421,0,2,500,0.000120852,1,0.015864550821665269,-0.017759300459781135,-0.033623851281446404,3,1,0.015864550821665269,-0.017759300459781135,-0.033623851281446404,0,-0.71999999999999997,-2.7204939702892768,-2.000493970289277,2,2.9176836077388,0.71999999999999997,-2.1976836077388002
"narrow_multi_obstacle",421,1,2,500,0.00012402,1,-0.0092699806276312913,-0.020150407868091857,-0.010880427240460566,3,1,-0.0092699806276312913,-0.020150407868091857,-0.010880427240460566,0,-0.71999999999999997,-2.7201889850488641,-2.0001889850488643,2,2.9709259849925176,0.71999999999999997,-2.2509259849925174
"narrow_multi_obstacle",421,2,1,500,0.00010291400000000001,0,-0.71999999999999997,0.16956989176917281,0.88956989176917278,2,0,-0.71999999999999997,0.16956989176917281,0.88956989176917278,1,3.1165073753106372,0.71999999999999997,-2.3965073753106374,,,,
"narrow_multi_obstacle",421,3,1,500,0.000104966,1,-0.070077501023583455,0.71999999999999997,0.79007750102358343,2,1,-0.070077501023583455,0.71999999999999997,0.79007750102358343,0,-0.71999999999999997,-2.7532122824688634,-2.0332122824688632,,,,
"narrow_multi_obstacle",422,0,2,500,0.000125038,1,0.0069453485351085309,0.10954890330929423,0.1026035547741857,3,1,0.0069453485351085309,0.10954890330929423,0.1026035547741857,0,-0.71999999999999997,-2.7408972460690206,-2.0208972460690209,2,3.026029290134939,0.71999999999999997,-2.3060292901349388
"narrow_multi_obstacle",422,1,2,500,0.00012968999999999999,1,0.059356913030108149,0.0013103520468351615,-0.058046560983272988,3,1,0.059356913030108149,0.0013103520468351615,-0.058046560983272988,0,-0.71999999999999997,-2.6605874917027177,-1.9405874917027177,2,2.9295502552617565,0.71999999999999997,-2.2095502552617567
"narrow_multi_obstacle",422,2,1,500,0.000105472,1,-0.015231853958441288,0.71999999999999997,0.73523185395844126,2,1,-0.015231853958441288,0.71999999999999997,0.73523185395844126,0,-0.71999999999999997,-2.7319324806039025,-2.0119324806039023,,,,
"narrow_multi_obstacle",422,3,1,500,0.00010563599999999999,0,-0.71999999999999997,0.12833989011922853,0.8483398901192285,2,0,-0.71999999999999997,0.12833989011922853,0.8483398901192285,1,3.0138471300380174,0.71999999999999997,-2.2938471300380172,,,,
"narrow_multi_obstacle",423,0,2,500,0.00012667600000000002,1,0.073282936842371527,0.12722875712186021,0.053945820279488688,3,1,0.073282936842371527,0.12722875712186021,0.053945820279488688,0,-0.71999999999999997,-2.7094399019541551,-1.9894399019541551,2,3.0334725345286158,0.71999999999999997,-2.313472534528616
"narrow_multi_obstacle",423,1,1,500,0.000101092,1,-0.13739875915673938,0.71999999999999997,0.85739875915673935,2,1,-0.13739875915673938,0.71999999999999997,0.85739875915673935,0,-0.71999999999999997,-2.8318743057579989,-2.1118743057579987,,,,
"narrow_multi_obstacle",423,2,1,500,0.000100824,0,-0.71999999999999997,0.094510461406152269,0.81451046140615224,2,0,-0.71999999999999997,0.094510461406152269,0.81451046140615224,1,2.9705585418612177,0.71999999999999997,-2.250558541861218,,,,
"narrow_multi_obstacle",423,3,2,500,0.00011676400000000001,1,0.056815978407378287,0.22023159531127279,0.1634156169038945,3,1,0.056815978407378287,0.22023159531127279,0.1634156169038945,0,-0.71999999999999997,-2.588552389596372,-1.868552389596372,2,3.0097959240261782,0.71999999999999997,-2.289795924026178
"narrow_multi_obstacle",424,0,2,500,0.000119066,1,0.0063580528423528015,0.081133014527561054,0.074774961685208252,3,1,0.0063580528423528015,0.081133014527561054,0.074774961685208252,0,-0.71999999999999997,-2.8036448990672738,-2.0836448990672736,2,3.0660493367665405,0.71999999999999997,-2.3460493367665407
"narrow_multi_obstacle",424,1,2,500,0.000121636,1,-0.056750002241589881,0.058559697822897716,0.1153097000644876,3,1,-0.056750002241589881,0.058559697822897716,0.1153097000644876,0,-0.71999999999999997,-2.8107548611335682,-2.0907548611335685,2,2.9621328412721333,0.71999999999999997,-2.2421328412721335
"narrow_multi_obstacle",424,2,2,500,0.00012233,1,0.0040131386241639699,-0.012868927356390669,-0.016882065980554639,3,1,0.0040131386241639699,-0.012868927356390669,-0.016882065980554639,0,-0.71999999999999997,-2.6289718104021995,-1.9089718104021995,2,2.8856076786310485,0.71999999999999997,-2.1656076786310487
"narrow_multi_obstacle",425,0,2,500,0.00012248199999999998,1,0.057656536512166179,0.096898745512017825,0.039242208999851647,3,1,0.057656536512166179,0.096898745512017825,0.039242208999851647,0,-0.71999999999999997,-2.6741495845071013,-1.9541495845071013,2,3.1074019269476709,0.71999999999999997,-2.3874019269476712
"narrow_multi_obstacle",425,1,2,500,0.00012003,1,-0.18699399855524956,0.12774937964599142,0.31474337820124099,3,1,-0.18699399855524956,0.12774937964599142,0.31474337820124099,0,-0.71999999999999997,-2.8259198322449492,-2.1059198322449495,2,2.9551116362628926,0.71999999999999997,-2.2351116362628929
"narrow_multi_obstacle",425,2,1,500,0.000100238,0,-0.71999999999999997,0.10789956347885088,0.82789956347885085,2,0,-0.71999999999999997,0.10789956347885088,0.82789956347885085,1,2.9726253787831758,0.71999999999999997,-2.2526253787831756,,,,
"narrow_multi_obstacle",425,3,1,500,0.00010098400000000001,1,-0.0631389687387236,0.71999999999999997,0.78313896873872357,2,1,-0.0631389687387236,0.71999999999999997,0.78313896873872357,0,-0.71999999999999997,-2.6520976361413506,-1.9320976361413507,,,,
"narrow_multi_obstacle",426,0,1,500,0.00010093000000000001,1,-0.11985129923633964,0.71999999999999997,0.83985129923633961,2,1,-0.11985129923633964,0.71999999999999997,0.83985129923633961,0,-0.71999999999999997,-2.8959786563820638,-2.175978656382064,,,,
"narrow_multi_obstacle",426,1,1,500,0.000101162,0,-0.71999999999999997,-0.054337523266099419,0.66566247673390055,2,0,-0.71999999999999997,-0.054337523266099419,0.66566247673390055,1,2.8609023761439287,0.71999999999999997,-2.140902376143929,,,,
"narrow_multi_obstacle",426,2,1,500,9.9897999999999998e-05,0,-0.71999999999999997,0.094269692746852263,0.81426969274685224,2,0,-0.71999999999999997,0.094269692746852263,0.81426969274685224,1,3.0660108827027726,0.71999999999999997,-2.3460108827027728,,,,
"narrow_multi_obstacle",426,3,1,500,0.000102828,1,-0.023126441405831866,0.71999999999999997,0.74312644140583184,2,1,-0.023126441405831866,0.71999999999999997,0.74312644140583184,0,-0.71999999999999997,-2.7409727945138185,-2.0209727945138187,,,,
"narrow_multi_obstacle",426,4,1,500,0.00010223200000000001,1,-0.023414375896043227,0.71999999999999997,0.7434143758960432,2,1,-0.023414375896043227,0.71999999999999997,0.7434143758960432,0,-0.71999999999999997,-2.7149308155239131,-1.9949308155239132,,,,
"narrow_multi_obstacle",426,5,1,500,0.00010227600000000001,0,-0.71999999999999997,0.123942700600018,0.84394270060001797,2,0,-0.71999999999999997,0.123942700600018,0.84394270060001797,1,2.9338440084443476,0.71999999999999997,-2.2138440084443474,,,,
"narrow_multi_obstacle",427,0,2,500,0.00011684,1,0.0064894789146368037,0.1761438346750388,0.169654355760402,3,1,0.0064894789146368037,0.1761438346750388,0.169654355760402,0,-0.71999999999999997,-2.7945409324430006,-2.0745409324430009,2,3.0929730789069145,0.71999999999999997,-2.3729730789069148
"narrow_multi_obstacle",427,1,1,500,0.00010125000000000001,1,-0.037635793754863256,0.71999999999999997,0.75763579375486323,2,1,-0.037635793754863256,0.71999999999999997,0.75763579375486323,0,-0.71999999999999997,-2.7265928662570067,-2.0065928662570069,,,,
"narrow_multi_obstacle",427,2,1,500,0.00010056,0,-0.71999999999999997,0.10194713746463746,0.82194713746463743,2,0,-0.71999999999999997,0.10194713746463746,0.82194713746463743,1,3.0643026978104473,0.71999999999999997,-2.3443026978104475,,,,
"narrow_multi_obstacle",427,3,2,500,0.00011774800000000001,1,-0.14301622165810124,0.044367049798405667,0.18738327145650691,3,1,-0.14301622165810124,0.044367049798405667,0.18738327145650691,0,-0.71999999999999997,-2.782349642755241,-2.0623496427552412,2,2.9471892770535022,0.71999999999999997,-2.227189277053502
"narrow_multi_obstacle",428,0,2,500,0.000118,1,0.021400889255498656,0.10357897429286567,0.08217808503736701,3,1,0.021400889255498656,0.10357897429286567,0.08217808503736701,0,-0.71999999999999997,-2.709391899834924,-1.989391899834924,2,3.0304665025740625,0.71999999999999997,-2.3104665025740623
"narrow_multi_obstacle",428,1,1,500,0.000100616,1,-0.046070776526360824,0.71999999999999997,0.7660707765263608,2,1,-0.046070776526360824,0.71999999999999997,0.7660707765263608,0,-0.71999999999999997,-2.7387993322753648,-2.018799332275365,,,,
"narrow_multi_obstacle",428,2,1,500,0.00010097200000000001,0,-0.71999999999999997,0.11535044300159369,0.83535044300159367,2,0,-0.71999999999999997,0.11535044300159369,0.83535044300159367,1,2.9867658234970946,0.71999999999999997,-2.2667658234970949,,,,
"narrow_multi_obstacle",428,3,2,500,0.000123008,1,-0.045930149295403622,0.27298990691633329,0.31892005621173691,3,1,-0.045930149295403622,0.27298990691633329,0.31892005621173691,0,-0.71999999999999997,-2.6937191828630072,-1.9737191828630072,2,3.097626881575037,0.71999999999999997,-2.3776268815750372
"narrow_multi_obstacle",429,0,2,500,0.000120852,1,0.018685919004046037,0.022860876906431571,0.0041749579023855343,3,1,0.018685919004046037,0.022860876906431571,0.0041749579023855343,0,-0.71999999999999997,-2.6989860932759102,-1.9789860932759102,2,3.0344815815541941,0.71999999999999997,-2.3144815815541939
"narrow_multi_obstacle",429,1,2,500,0.00012333799999999999,1,0.061732498948620096,0.30337392551830611,0.24164142656968601,3,1,0.061732498948620096,0.30337392551830611,0.24164142656968601,0,-0.71999999999999997,-2.6450779696035776,-1.9250779696035776,2,3.1283634965270819,0.71999999999999997,-2.4083634965270821
"narrow_multi_obstacle",429,2,1,500,0.000101616,1,0.11521646434024646,0.71999999999999997,0.60478353565975351,2,1,0.11521646434024646,0.71999999999999997,0.60478353565975351,0,-0.71999999999999997,-2.4996776595724302,-1.7796776595724302,,,,
"narrow_multi_obstacle",429,3,1,500,0.00010698399999999999,0,-0.71999999999999997,0.10093355748318955,0.82093355748318952,2,0,-0.71999999999999997,0.10093355748318955,0.82093355748318952,1,2.9769941865461087,0.71999999999999997,-2.2569941865461089,,,,
"narrow_multi_obstacle",430,0,1,500,9.9524000000000005e-05,1,0.089698030933631712,0.71999999999999997,0.63030196906636826,2,1,0.089698030933631712,0.71999999999999997,0.63030196906636826,0,-0.71999999999999997,-2.7174060753216098,-1.9974060753216099,,,,
"narrow_multi_obstacle",430,1,1,500,0.000100542,0,-0.71999999999999997,0.01041432386652863,0.7304143238665286,2,0,-0.71999999999999997,0.01041432386652863,0.7304143238665286,1,3.0516105207221713,0.71999999999999997,-2.3316105207221716,,,,
"narrow_multi_obstacle",430,2,2,500,0.00012240800000000001,1,-0.018017124162185816,0.13290526950065318,0.15092239366283899,3,1,-0.018017124162185816,0.13290526950065318,0.15092239366283899,0,-0.71999999999999997,-2.783858913152117,-2.0638589131521172,2,3.1485440003452521,0.71999999999999997,-2.4285440003452523
"narrow_multi_obstacle",430,3,2,500,0.000123232,1,-0.13835749890871063,0.10083510608063029,0.23919260498934092,3,1,-0.13835749890871063,0.10083510608063029,0.23919260498934092,0,-0.71999999999999997,-2.7796545372488817,-2.0596545372488819,2,3.0501999926356866,0.71999999999999997,-2.3301999926356869
"narrow_multi_obstacle",431,0,2,500,0.000123626,1,0.012260236475488462,0.051645302604427901,0.039385066128939439,3,1,0.012260236475488462,0.051645302604427901,0.039385066128939439,0,-0.71999999999999997,-2.74964601926118,-2.0296460192611798,2,2.9694542000008406,0.71999999999999997,-2.2494542000008408
"narrow_multi_obstacle",431,1,1,500,9.9081999999999998e-05,1,-0.092330216365238194,0.71999999999999997,0.81233021636523817,2,1,-0.092330216365238194,0.71999999999999997,0.81233021636523817,0,-0.71999999999999997,-2.7547527414337778,-2.0347527414337776,,,,
"narrow_multi_obstacle",431,2,1,500,0.00010057000000000001,0,-0.71999999999999997,0.1266450018822558,0.84664500188225578,2,0,-0.71999999999999997,0.1266450018822558,0.84664500188225578,1,2.9685134716522681,0.71999999999999997,-2.2485134716522683,,,,
"narrow_multi_obstacle",431,3,2,500,0.00012431000000000001,1,0.033063186729970884,0.10404817550910717,0.070984988779136282,3,1,0.033063186729970884,0.10404817550910717,0.070984988779136282,0,-0.71999999999999997,-2.5196669038933823,-1.7996669038933824,2,2.9507651433670015,0.71999999999999997,-2.2307651433670017
"narrow_multi_obstacle",432,0,1,500,0.000101352,0,-0.71999999999999997,0.17127864150771788,0.89127864150771785,2,0,-0.71999999999999997,0.17127864150771788,0.89127864150771785,1,3.1837972245273889,0.71999999999999997,-2.4637972245273891,,,,
"narrow_multi_obstacle",432,1,1,500,0.000101964,1,-0.10112488294772448,0.71999999999999997,0.82112488294772445,2,1,-0.10112488294772448,0.71999999999999997,0.82112488294772445,0,-0.71999999999999997,-2.8241756965546037,-2.1041756965546039,,,,
"narrow_multi_obstacle",432,2,1,500,0.000103064,1,-0.031786112347411466,0.71999999999999997,0.75178611234741144,2,1,-0.031786112347411466,0.71999999999999997,0.75178611234741144,0,-0.71999999999999997,-2.8038630918367708,-2.0838630918367711,,,,
"narrow_multi_obstacle",432,3,1,500,0.000100646,0,-0.71999999999999997,0.14473183589615557,0.86473183589615554,2,0,-0.71999999999999997,0.14473183589615557,0.86473183589615554,1,3.0441337988833981,0.71999999999999997,-2.3241337988833983,,,,
"narrow_multi_obstacle",432,4,2,500,0.00012274400000000002,1,-0.054405660322473626,0.262413953892219,0.31681961421469262,3,1,-0.054405660322473626,0.262413953892219,0.31681961421469262,0,-0.71999999999999997,-2.7240083663889241,-2.0040083663889243,2,3.1240609993665922,0.71999999999999997,-2.4040609993665925
"narrow_multi_obstacle",433,0,1,500,0.000100122,0,-0.71999999999999997,0.11219658588845127,0.83219658588845125,2,0,-0.71999999999999997,0.11219658588845127,0.83219658588845125,1,3.1100066647693501,0.71999999999999997,-2.3900066647693503,,,,
"narrow_multi_obstacle",433,1,1,500,0.000103948,1,0.049160601489043998,0.71999999999999997,0.67083939851095598,2,1,0.049160601489043998,0.71999999999999997,0.67083939851095598,0,-0.71999999999999997,-2.7426335445298107,-2.0226335445298105,,,,
"narrow_multi_obstacle",433,2,2,500,0.00012368200000000001,1,-0.13951867124679529,-0.039271684853501743,0.10024698639329355,3,1,-0.13951867124679529,-0.039271684853501743,0.10024698639329355,0,-0.71999999999999997,-2.8178665972723902,-2.0978665972723904,2,2.9540634147966829,0.71999999999999997,-2.2340634147966831
"narrow_multi_obstacle",433,3,1,500,9.8615999999999992e-05,0,-0.71999999999999997,0.15172787695842249,0.87172787695842247,2,0,-0.71999999999999997,0.15172787695842249,0.87172787695842247,1,3.0711729722105523,0.71999999999999997,-2.3511729722105521,,,,
"narrow_multi_obstacle",433,4,1,500,0.00010137,1,-0.078826043243009458,0.71999999999999997,0.79882604324300943,2,1,-0.078826043243009458,0.71999999999999997,0.79882604324300943,0,-0.71999999999999997,-2.7332661212543612,-2.013266121254361,,,,
"narrow_multi_obstacle",434,0,1,500,0.000103282,1,-0.0054401821001537343,0.71999999999999997,0.72544018210015371,2,1,-0.0054401821001537343,0.71999999999999997,0.72544018210015371,0,-0.71999999999999997,-2.7783495526370339,-2.0583495526370337,,,,
"narrow_multi_obstacle",434,1,1,500,9.9584000000000001e-05,0,-0.71999999999999997,0.16392009292923193,0.8839200929292319,2,0,-0.71999999999999997,0.16392009292923193,0.8839200929292319,1,3.0781004918329931,0.71999999999999997,-2.3581004918329933,,,,
"narrow_multi_obstacle",434,2,2,500,0.000118522,1,-0.052796133611329177,-0.013027378846546478,0.039768754764782699,3,1,-0.052796133611329177,-0.013027378846546478,0.039768754764782699,0,-0.71999999999999997,-2.800766399008741,-2.0807663990087413,2,2.9619172139649033,0.71999999999999997,-2.2419172139649035
"narrow_multi_obstacle",434,3,1,500,0.000100604,1,-0.045161238483317767,0.71999999999999997,0.76516123848331774,2,1,-0.045161238483317767,0.71999999999999997,0.76516123848331774,0,-0.71999999999999997,-2.6911427863642863,-1.9711427863642863,,,,
"narrow_multi_obstacle",434,4,1,500,0.000103786,0,-0.71999999999999997,0.10148747406254155,0.82148747406254152,2,0,-0.71999999999999997,0.10148747406254155,0.82148747406254152,1,2.8713674516945584,0.71999999999999997,-2.1513674516945587,,,,
"narrow_multi_obstacle",435,0,1,500,0.00010325800000000001,1,-0.019304510652727425,0.71999999999999997,0.7393045106527274,2,1,-0.019304510652727425,0.71999999999999997,0.7393045106527274,0,-0.71999999999999997,-2.7182216459048911,-1.9982216459048912,,,,
"narrow_multi_obstacle",435,1,1,500,0.00010188800000000001,0,-0.71999999999999997,-0.032508019325726334,0.68749198067427364,2,0,-0.71999999999999997,-0.032508019325726334,0.68749198067427364,1,2.9019438514562363,0.71999999999999997,-2.1819438514562366,,,,
"narrow_multi_obstacle",435,2,2,500,0.00012249400000000001,1,-0.066721918794702795,0.081344550245279201,0.148066469039982,3,1,-0.066721918794702795,0.081344550245279201,0.148066469039982,0,-0.71999999999999997,-2.7456642026750937,-2.0256642026750935,2,2.9778856389120665,0.71999999999999997,-2.2578856389120663
"narrow_multi_obstacle",435,3,1,500,9.800000000000001e-05,0,-0.71999999999999997,0.1574347011238042,0.87743470112380417,2,0,-0.71999999999999997,0.1574347011238042,0.87743470112380417,1,3.022644828840678,0.71999999999999997,-2.3026448288406778,,,,
"narrow_multi_obstacle",435,4,1,500,0.000103144,1,-0.10842806994741405,0.71999999999999997,0.82842806994741403,2,1,-0.10842806994741405,0.71999999999999997,0.82842806994741403,0,-0.71999999999999997,-2.7349062418473111,-2.0149062418473109,,,,
"narrow_multi_obstacle",436,0,2,500,0.00012252200000000002,1,-0.0080002892860437935,0.17242858735510636,0.18042887664115015,3,1,-0.0080002892860437935,0.17242858735510636,0.18042887664115015,0,-0.71999999999999997,-2.7820020976643791,-2.0620020976643794,2,3.1026811394192779,0.71999999999999997,-2.3826811394192777
"narrow_multi_obstacle",436,1,1,500,0.00010181,0,-0.71999999999999997,0.068799100161498261,0.78879910016149823,2,0,-0.71999999999999997,0.068799100161498261,0.78879910016149823,1,2.9698700392201474,0.71999999999999997,-2.2498700392201476,,,,
"narrow_multi_obstacle",436,2,1,500,9.9900000000000002e-05,1,0.034046376087970343,0.71999999999999997,0.68595362391202963,2,1,0.034046376087970343,0.71999999999999997,0.68595362391202963,0,-0.71999999999999997,-2.7231716718302073,-2.0031716718302075,,,,
"narrow_multi_obstacle",436,3,2,500,0.000123814,1,-0.099426435368001442,0.0098807153313684726,0.10930715069936991,3,1,-0.099426435368001442,0.0098807153313684726,0.10930715069936991,0,-0.71999999999999997,-2.7329136331006918,-2.012913633100692,2,2.932636903161324,0.71999999999999997,-2.2126369031613242
"narrow_multi_obstacle",437,0,2,500,0.00012637799999999999,1,-0.018865888879844528,0.014419968896466795,0.033285857776311323,3,1,-0.018865888879844528,0.014419968896466795,0.033285857776311323,0,-0.71999999999999997,-2.7307172090302592,-2.0107172090302594,2,3.0208970158936941,0.71999999999999997,-2.3008970158936943
"narrow_multi_obstacle",437,1,2,500,0.000120152,1,0.013976321026376137,0.042959350108177974,0.028983029081801837,3,1,0.013976321026376137,0.042959350108177974,0.028983029081801837,0,-0.71999999999999997,-2.6639765472315258,-1.9439765472315258,2,2.9218344028767911,0.71999999999999997,-2.2018344028767913
"narrow_multi_obstacle",437,2,1,500,0.00010797,0,-0.71999999999999997,0.038889508935069594,0.75888950893506957,2,0,-0.71999999999999997,0.038889508935069594,0.75888950893506957,1,2.8660134156717465,0.71999999999999997,-2.1460134156717467,,,,
"narrow_multi_obstacle",437,3,1,500,0.000102,1,-0.019375051941986188,0.71999999999999997,0.73937505194198616,2,1,-0.019375051941986188,0.71999999999999997,0.73937505194198616,0,-0.71999999999999997,-2.6878479981232113,-1.9678479981232113,,,,
"narrow_multi_obstacle",438,0,2,500,0.00012339600000000001,1,0.034608502044984002,0.08262779720573854,0.048019295160754538,3,1,0.034608502044984002,0.08262779720573854,0.048019295160754538,0,-0.71999999999999997,-2.7374027434526482,-2.0174027434526485,2,2.9903653216385901,0.71999999999999997,-2.2703653216385904
"narrow_multi_obstacle",438,1,1,500,0.000101178,1,0.0023544381454991825,0.71999999999999997,0.71764556185450079,2,1,0.0023544381454991825,0.71999999999999997,0.71764556185450079,0,-0.71999999999999997,-2.7406952065705097,-2.0206952065705099,,,,
"narrow_multi_obstacle",438,2,1,500,0.00010184400000000001,0,-0.71999999999999997,0.076463263186880237,0.79646326318688021,2,0,-0.71999999999999997,0.076463263186880237,0.79646326318688021,1,3.0170917542815761,0.71999999999999997,-2.2970917542815759,,,,
"narrow_multi_obstacle",438,3,2,500,0.00012438,1,-0.072200947645825408,0.0031325914976183533,0.075333539143443762,3,1,-0.072200947645825408,0.0031325914976183533,0.075333539143443762,0,-0.71999999999999997,-2.6926569341950133,-1.9726569341950133,2,2.9417361263130837,0.71999999999999997,-2.2217361263130835
"narrow_multi_obstacle",439,0,2,500,0.00012365400000000001,1,0.013262430630164523,0.04251710454275015,0.029254673912585627,3,1,0.013262430630164523,0.04251710454275015,0.029254673912585627,0,-0.71999999999999997,-2.738725970685715,-2.0187259706857148,2,3.0437335662849723,0.71999999999999997,-2.3237335662849725
"narrow_multi_obstacle",439,1,2,500,0.000122676,1,-0.1117739363218424,0.095478213797888678,0.20725215011973108,3,1,-0.1117739363218424,0.095478213797888678,0.20725215011973108,0,-0.71999999999999997,-2.8044721330332765,-2.0844721330332767,2,3.0366918834142784,0.71999999999999997,-2.3166918834142782
"narrow_multi_obstacle",439,2,2,500,0.00012298000000000002,1,-0.019389088152963696,0.065204718997105005,0.084593807150068701,3,1,-0.019389088152963696,0.065204718997105005,0.084593807150068701,0,-0.71999999999999997,-2.6581611594055836,-1.9381611594055836,2,2.8629554794006262,0.71999999999999997,-2.1429554794006265
"narrow_multi_obstacle",440,0,1,500,9.9146000000000002e-05,1,-0.039410810430508425,0.71999999999999997,0.7594108104305084,2,1,-0.039410810430508425,0.71999999999999997,0.7594108104305084,0,-0.71999999999999997,-2.8050131112845245,-2.0850131112845247,,,,
"narrow_multi_obstacle",440,1,1,500,9.7577999999999993e-05,0,-0.71999999999999997,0.011375467738492073,0.73137546773849205,2,0,-0.71999999999999997,0.011375467738492073,0.73137546773849205,1,2.9921969480829942,0.71999999999999997,-2.2721969480829944,,,,
"narrow_multi_obstacle",440,2,2,500,0.00012192400000000001,1,-0.083904124652421697,0.16154670617281686,0.24545083082523855,3,1,-0.083904124652421697,0.16154670617281686,0.24545083082523855,0,-0.71999999999999997,-2.737879877920006,-2.0178798779200058,2,2.9991863220291446,0.71999999999999997,-2.2791863220291448
"narrow_multi_obstacle",440,3,2,500,0.00012312599999999999,1,-0.034872668846772648,0.059988769103243689,0.094861437950016336,3,1,-0.034872668846772648,0.059988769103243689,0.094861437950016336,0,-0.71999999999999997,-2.650666020605756,-1.930666020605756,2,2.8460554128636266,0.71999999999999997,-2.1260554128636269
"narrow_multi_obstacle",441,0,2,500,0.000123394,1,0.11974529336219408,0.12289641861862943,0.0031511252564353498,3,1,0.11974529336219408,0.12289641861862943,0.0031511252564353498,0,-0.71999999999999997,-2.6966782116623462,-1.9766782116623463,2,3.1824545693292645,0.71999999999999997,-2.4624545693292648
"narrow_multi_obstacle",441,1,2,500,0.00012324600000000001,1,0.0053241871852232059,0.11906822596312572,0.11374403877790251,3,1,0.0053241871852232059,0.11906822596312572,0.11374403877790251,0,-0.71999999999999997,-2.7496611699710782,-2.029661169971078,2,3.1039891286822172,0.71999999999999997,-2.3839891286822175
"narrow_multi_obstacle",441,2,2,500,0.000136456,1,-0.052662821750489197,0.017676496220071725,0.070339317970560922,3,1,-0.052662821750489197,0.017676496220071725,0.070339317970560922,0,-0.71999999999999997,-2.7556665398896967,-2.0356665398896965,2,2.843338654637515,0.71999999999999997,-2.1233386546375153
"narrow_multi_obstacle",442,0,2,500,0.000120322,1,-0.077413356569875358,0.071695776517540555,0.14910913308741591,3,1,-0.077413356569875358,0.071695776517540555,0.14910913308741591,0,-0.71999999999999997,-2.782649055197306,-2.0626490551973058,2,2.9614566202727612,0.71999999999999997,-2.2414566202727615
"narrow_multi_obstacle",442,1,1,500,0.00010399999999999999,0,-0.71999999999999997,0.11756509074523236,0.83756509074523233,2,0,-0.71999999999999997,0.11756509074523236,0.83756509074523233,1,2.984324974087877,0.71999999999999997,-2.2643249740878773,,,,
"narrow_multi_obstacle",442,2,1,500,0.00010552200000000001,1,-0.019438417712737577,0.71999999999999997,0.73943841771273755,2,1,-0.019438417712737577,0.71999999999999997,0.73943841771273755,0,-0.71999999999999997,-2.6854778410076161,-1.9654778410076161,,,,
"narrow_multi_obstacle",442,3,2,500,0.000121056,1,-0.15698630140313918,0.10233387277811445,0.25932017418125364,3,1,-0.15698630140313918,0.10233387277811445,0.25932017418125364,0,-0.71999999999999997,-2.7754296280900324,-2.0554296280900326,2,2.8985523430112234,0.71999999999999997,-2.1785523430112237
"narrow_multi_obstacle",443,0,2,500,0.00012073799999999999,1,-0.018554908818648297,0.099962109944881306,0.1185170187635296,3,1,-0.018554908818648297,0.099962109944881306,0.1185170187635296,0,-0.71999999999999997,-2.7544820763482436,-2.0344820763482439,2,3.0761643745850633,0.71999999999999997,-2.3561643745850631
"narrow_multi_obstacle",443,1,2,500,0.000122328,1,0.026956531663546279,0.077461016042067232,0.050504484378520953,3,1,0.026956531663546279,0.077461016042067232,0.050504484378520953,0,-0.71999999999999997,-2.7237218300853661,-2.0037218300853663,2,2.9513275932755838,0.71999999999999997,-2.2313275932755836
"narrow_multi_obstacle",443,2,2,500,0.00012333999999999999,1,-0.11207107997306309,0.082753616278029796,0.19482469625109289,3,1,-0.11207107997306309,0.082753616278029796,0.19482469625109289,0,-0.71999999999999997,-2.7589863247075335,-2.0389863247075333,2,2.9865350556561423,0.71999999999999997,-2.2665350556561421
"narrow_multi_obstacle",444,0,1,500,0.00010203,1,-0.045655328739222956,0.71999999999999997,0.76565532873922293,2,1,-0.045655328739222956,0.71999999999999997,0.76565532873922293,0,-0.71999999999999997,-2.8171712600581031,-2.0971712600581034,,,,
"narrow_multi_obstacle",444,1,1,500,0.00010148,0,-0.71999999999999997,0.12471171679683146,0.84471171679683144,2,0,-0.71999999999999997,0.12471171679683146,0.84471171679683144,1,3.0682710641353621,0.71999999999999997,-2.3482710641353624,,,,
"narrow_multi_obstacle",444,2,2,500,0.00012195,1,-0.036152603131256011,0.050267918700368952,0.086420521831624963,3,1,-0.036152603131256011,0.050267918700368952,0.086420521831624963,0,-0.71999999999999997,-2.72249748295798,-2.0024974829579802,2,2.9402768827215717,0.71999999999999997,-2.2202768827215715
"narrow_multi_obstacle",444,3,2,500,0.00012103999999999999,1,-0.21317235491389264,0.1196156921229119,0.33278804703680454,3,1,-0.21317235491389264,0.1196156921229119,0.33278804703680454,0,-0.71999999999999997,-2.8149052392127478,-2.0949052392127481,2,3.0250961852551415,0.71999999999999997,-2.3050961852551417
"narrow_multi_obstacle",445,0,2,500,0.000121332,1,-0.028025803305578023,0.03715155953909921,0.065177362844677234,3,1,-0.028025803305578023,0.03715155953909921,0.065177362844677234,0,-0.71999999999999997,-2.8090857907542639,-2.0890857907542637,2,3.0069599540836225,0.71999999999999997,-2.2869599540836223
"narrow_multi_obstacle",445,1,2,500,0.000121308,1,-0.047448750884852009,0.0030715453132392767,0.050520296198091286,3,1,-0.047448750884852009,0.0030715453132392767,0.050520296198091286,0,-0.71999999999999997,-2.7771767616959933,-2.0571767616959935,2,2.9265276163966543,0.71999999999999997,-2.2065276163966541
"narrow_multi_obstacle",445,2,2,500,0.00012395,1,-0.11771206810810919,0.085798369060239965,0.20351043716834916,3,1,-0.11771206810810919,0.085798369060239965,0.20351043716834916,0,-0.71999999999999997,-2.7619509179632624,-2.0419509179632627,2,2.9646658384862228,0.71999999999999997,-2.244665838486223
"narrow_multi_obstacle",446,0,1,500,0.00010257800000000001,1,0.0086531236973086401,0.71999999999999997,0.71134687630269133,2,1,0.0086531236973086401,0.71999999999999997,0.71134687630269133,0,-0.71999999999999997,-2.7799249850474275,-2.0599249850474273,,,,
"narrow_multi_obstacle",446,1,1,500,0.00010477799999999999,0,-0.71999999999999997,0.081985375012672668,0.80198537501267264,2,0,-0.71999999999999997,0.081985375012672668,0.80198537501267264,1,3.1163106677313008,0.71999999999999997,-2.3963106677313011,,,,
"narrow_multi_obstacle",446,2,2,500,0.00012496599999999998,1,-0.0010603070550236904,0.065531583896560663,0.066591890951584354,3,1,-0.0010603070550236904,0.065531583896560663,0.066591890951584354,0,-0.71999999999999997,-2.7656599138266387,-2.0456599138266389,2,3.0078381480427288,0.71999999999999997,-2.287838148042729
"narrow_multi_obstacle",446,3,2,500,0.00013416200000000001,1,-0.026560137241597781,0.10608108235585734,0.13264121959745512,3,1,-0.026560137241597781,0.10608108235585734,0.13264121959745512,0,-0.71999999999999997,-2.7454536182074429,-2.0254536182074432,2,2.9522564428512807,0.71999999999999997,-2.2322564428512806
"narrow_multi_obstacle",447,0,2,500,0.000123406,1,0.021957467000565334,0.054793164391905957,0.032835697391340624,3,1,0.021957467000565334,0.054793164391905957,0.032835697391340624,0,-0.71999999999999997,-2.7836066079610613,-2.0636066079610611,2,3.0261882037706331,0.71999999999999997,-2.3061882037706329
"narrow_multi_obstacle",447,1,2,500,0.000121396,1,-0.012659965292519004,0.093006530293104905,0.10566649558562391,3,1,-0.012659965292519004,0.093006530293104905,0.10566649558562391,0,-0.71999999999999997,-2.7776787203234385,-2.0576787203234383,2,2.9494997379992949,0.71999999999999997,-2.2294997379992951
"narrow_multi_obstacle",447,2,1,500,0.000100948,0,-0.71999999999999997,0.00010557169770541996,0.72010557169770539,2,0,-0.71999999999999997,0.00010557169770541996,0.72010557169770539,1,2.8909765129732277,0.71999999999999997,-2.1709765129732279,,,,
"narrow_multi_obstacle",447,3,1,500,9.8738000000000002e-05,1,-0.062494027551015296,0.71999999999999997,0.78249402755101527,2,1,-0.062494027551015296,0.71999999999999997,0.78249402755101527,0,-0.71999999999999997,-2.7377504812959454,-2.0177504812959457,,,,
"narrow_multi_obstacle",448,0,1,500,9.8647999999999995e-05,1,0.0035301462609820256,0.71999999999999997,0.71646985373901795,2,1,0.0035301462609820256,0.71999999999999997,0.71646985373901795,0,-0.71999999999999997,-2.6966868090769007,-1.9766868090769008,,,,
"narrow_multi_obstacle",448,1,1,500,9.9312000000000001e-05,0,-0.71999999999999997,0.039209265895687073,0.75920926589568705,2,0,-0.71999999999999997,0.039209265895687073,0.75920926589568705,1,2.9231265720300703,0.71999999999999997,-2.2031265720300706,,,,
"narrow_multi_obstacle",448,2,1,500,0.000101628,1,-0.090283880019701668,0.71999999999999997,0.81028388001970164,2,1,-0.090283880019701668,0.71999999999999997,0.81028388001970164,0,-0.71999999999999997,-2.7495470038812559,-2.0295470038812562,,,,
"narrow_multi_obstacle",448,3,1,500,0.000102642,0,-0.71999999999999997,0.11264066593985533,0.83264066593985531,2,0,-0.71999999999999997,0.11264066593985533,0.83264066593985531,1,2.9951604552623579,0.71999999999999997,-2.2751604552623581,,,,
"narrow_multi_obstacle",448,4,2,500,0.00012761600000000002,1,-0.0050281274588108715,0.095163253740187859,0.10019138119899873,3,1,-0.0050281274588108715,0.095163253740187859,0.10019138119899873,0,-0.71999999999999997,-2.6088320939373189,-1.8888320939373189,2,2.9281429967442012,0.71999999999999997,-2.2081429967442014
"narrow_multi_obstacle",449,0,2,500,0.00013024400000000001,1,0.058083666818145474,0.15296028721180988,0.094876620393664401,3,1,0.058083666818145474,0.15296028721180988,0.094876620393664401,0,-0.71999999999999997,-2.7127441970540405,-1.9927441970540405,2,3.1144565610657811,0.71999999999999997,-2.3944565610657813
"narrow_multi_obstacle",449,1,1,500,0.00010043199999999999,0,-0.71999999999999997,0.076129332729749866,0.79612933272974984,2,0,-0.71999999999999997,0.076129332729749866,0.79612933272974984,1,3.0403068428946041,0.71999999999999997,-2.3203068428946043,,,,
"narrow_multi_obstacle",449,2,1,500,0.00010438600000000001,1,-0.035488451788571851,0.71999999999999997,0.75548845178857182,2,1,-0.035488451788571851,0.71999999999999997,0.75548845178857182,0,-0.71999999999999997,-2.7278500343102401,-2.0078500343102403,,,,
"narrow_multi_obstacle",449,3,2,500,0.00012311599999999999,1,0.0035053682359962313,0.036250610817330609,0.032745242581334377,3,1,0.0035053682359962313,0.036250610817330609,0.032745242581334377,0,-0.71999999999999997,-2.6327850258088423,-1.9127850258088424,2,2.940755791933011,0.71999999999999997,-2.2207557919330112
"narrow_multi_obstacle",450,0,1,500,0.00010133200000000001,0,-0.71999999999999997,0.020933201501372789,0.74093320150137276,2,0,-0.71999999999999997,0.020933201501372789,0.74093320150137276,1,3.0063228932531563,0.71999999999999997,-2.2863228932531561,,,,
"narrow_multi_obstacle",450,1,1,500,0.000108816,1,0.081780007223495543,0.71999999999999997,0.63821999277650443,2,1,0.081780007223495543,0.71999999999999997,0.63821999277650443,0,-0.71999999999999997,-2.6464283470868999,-1.9264283470868999,,,,
"narrow_multi_obstacle",450,2,2,500,0.000121678,1,-0.0082707246404647439,0.032269469513101834,0.040540194153566578,3,1,-0.0082707246404647439,0.032269469513101834,0.040540194153566578,0,-0.71999999999999997,-2.7321130686301576,-2.0121130686301578,2,3.0328275145154322,0.71999999999999997,-2.3128275145154324
"narrow_multi_obstacle",450,3,1,500,0.000102768,0,-0.71999999999999997,0.07043804872105941,0.79043804872105938,2,0,-0.71999999999999997,0.07043804872105941,0.79043804872105938,1,3.0401211581175929,0.71999999999999997,-2.3201211581175931,,,,
"narrow_multi_obstacle",450,4,1,500,0.00010619399999999999,1,-0.071804445890705448,0.71999999999999997,0.79180444589070542,2,1,-0.071804445890705448,0.71999999999999997,0.79180444589070542,0,-0.71999999999999997,-2.7682908044963352,-2.048290804496335,,,,
"narrow_multi_obstacle",451,0,1,500,0.00010166,0,-0.71999999999999997,0.097045973263373053,0.81704597326337303,2,0,-0.71999999999999997,0.097045973263373053,0.81704597326337303,1,3.1056404506774147,0.71999999999999997,-2.3856404506774149,,,,
"narrow_multi_obstacle",451,1,1,500,0.000101356,1,-0.06528503777312622,0.71999999999999997,0.78528503777312619,2,1,-0.06528503777312622,0.71999999999999997,0.78528503777312619,0,-0.71999999999999997,-2.795376279902571,-2.0753762799025708,,,,
"narrow_multi_obstacle",451,2,1,500,0.00010168199999999999,0,-0.71999999999999997,0.11987811944437943,0.8398781194443794,2,0,-0.71999999999999997,0.11987811944437943,0.8398781194443794,1,2.9959655129460625,0.71999999999999997,-2.2759655129460628,,,,
"narrow_multi_obstacle",451,3,1,500,0.000101574,1,-0.07996692223416435,0.71999999999999997,0.79996692223416432,2,1,-0.07996692223416435,0.71999999999999997,0.79996692223416432,0,-0.71999999999999997,-2.7198360631581462,-1.9998360631581462,,,,
"narrow_multi_obstacle",451,4,2,500,0.00012208600000000001,1,-0.0041908023384278348,0.13020928043059832,0.13440008276902615,3,1,-0.0041908023384278348,0.13020928043059832,0.13440008276902615,0,-0.71999999999999997,-2.6231542056789046,-1.9031542056789046,2,2.9296587691679914,0.71999999999999997,-2.2096587691679916
"narrow_multi_obstacle",452,0,2,500,0.00011875199999999999,1,0.087700280185944779,0.046017422586148715,-0.041682857599796064,3,1,0.087700280185944779,0.046017422586148715,-0.041682857599796064,0,-0.71999999999999997,-2.6135281380054893,-1.8935281380054894,2,3.0335122574746425,0.71999999999999997,-2.3135122574746427
"narrow_multi_obstacle",452,1,2,500,0.00012472199999999999,1,-0.12272336843577647,0.18585917204887692,0.30858254048465339,3,1,-0.12272336843577647,0.18585917204887692,0.30858254048465339,0,-0.71999999999999997,-2.7900292111176057,-2.070029211117606,2,3.0539042816868021,0.71999999999999997,-2.3339042816868023
"narrow_multi_obstacle",452,2,2,500,0.000120308,1,-0.095325499019772053,0.17623498187514897,0.27156048089492102,3,1,-0.095325499019772053,0.17623498187514897,0.27156048089492102,0,-0.71999999999999997,-2.7437939933423072,-2.0237939933423075,2,3.0687512230025629,0.71999999999999997,-2.3487512230025631
"narrow_multi_obstacle",453,0,2,500,0.00012170200000000001,1,-0.074439071194843942,0.10050667131957636,0.1749457425144203,3,1,-0.074439071194843942,0.10050667131957636,0.1749457425144203,0,-0.71999999999999997,-2.8608647476222417,-2.140864747622242,2,3.0623599086387649,0.71999999999999997,-2.3423599086387652
"narrow_multi_obstacle",453,1,2,500,0.0001225,1,-0.013978209992210777,0.046390234946796616,0.060368444939007393,3,1,-0.013978209992210777,0.046390234946796616,0.060368444939007393,0,-0.71999999999999997,-2.7696140049691111,-2.0496140049691114,2,3.0099402746083568,0.71999999999999997,-2.289940274608357
"narrow_multi_obstacle",453,2,1,500,9.9099999999999996e-05,1,-0.035066009345970262,0.71999999999999997,0.75506600934597023,2,1,-0.035066009345970262,0.71999999999999997,0.75506600934597023,0,-0.71999999999999997,-2.6445152622717152,-1.9245152622717152,,,,
"narrow_multi_obstacle",453,3,1,500,0.000101896,0,-0.71999999999999997,0.01592890699761873,0.7359289069976187,2,0,-0.71999999999999997,0.01592890699761873,0.7359289069976187,1,2.9021903699974141,0.71999999999999997,-2.1821903699974143,,,,
"narrow_multi_obstacle",454,0,2,500,0.000121672,1,-0.048200602927696679,0.032540073231083211,0.080740676158779889,3,1,-0.048200602927696679,0.032540073231083211,0.080740676158779889,0,-0.71999999999999997,-2.7799943397013709,-2.0599943397013707,2,3.072701004900857,0.71999999999999997,-2.3527010049008572
"narrow_multi_obstacle",454,1,2,500,0.00012428599999999998,1,-0.030429320995628339,0.018149102996754207,0.048578423992382547,3,1,-0.030429320995628339,0.018149102996754207,0.048578423992382547,0,-0.71999999999999997,-2.753706639918633,-2.0337066399186332,2,2.9842886002218503,0.71999999999999997,-2.2642886002218505
"narrow_multi_obstacle",454,2,2,500,0.000122686,1,-0.11718587004019021,0.052225634605889804,0.16941150464608001,3,1,-0.11718587004019021,0.052225634605889804,0.16941150464608001,0,-0.71999999999999997,-2.8075981164532462,-2.087598116453246,2,2.9780095659377794,0.71999999999999997,-2.2580095659377797
"narrow_multi_obstacle",455,0,1,500,0.00010907999999999999,0,-0.71999999999999997,-0.073546806248512731,0.64645319375148724,2,0,-0.71999999999999997,-0.073546806248512731,0.64645319375148724,1,2.963075189600314,0.71999999999999997,-2.2430751896003143,,,,
"narrow_multi_obstacle",455,1,1,500,0.00010125000000000001,1,-0.049953389669614712,0.71999999999999997,0.76995338966961469,2,1,-0.049953389669614712,0.71999999999999997,0.76995338966961469,0,-0.71999999999999997,-2.7542724159703935,-2.0342724159703938,,,,
"narrow_multi_obstacle",455,2,2,500,0.00012252399999999999,1,-0.070119034726374929,0.10067860610380919,0.17079764083018412,3,1,-0.070119034726374929,0.10067860610380919,0.17079764083018412,0,-0.71999999999999997,-2.785670046037108,-2.0656700460371082,2,3.0100793757672824,0.71999999999999997,-2.2900793757672826
"narrow_multi_obstacle",455,3,2,500,0.00012542600000000002,1,-0.13748636578580031,0.11911245083252342,0.25659881661832373,3,1,-0.13748636578580031,0.11911245083252342,0.25659881661832373,0,-0.71999999999999997,-2.7893495486728375,-2.0693495486728377,2,2.9195914340843911,0.71999999999999997,-2.1995914340843914
"narrow_multi_obstacle",456,0,2,500,0.00012369,1,0.042483384295968207,0.10115858375486897,0.058675199458900762,3,1,0.042483384295968207,0.10115858375486897,0.058675199458900762,0,-0.71999999999999997,-2.7336192749976109,-2.0136192749976107,2,3.1048217586860645,0.71999999999999997,-2.3848217586860647
"narrow_multi_obstacle",456,1,2,500,0.00012328600000000001,1,0.028969361568161212,0.10197615665401716,0.073006795085855947,3,1,0.028969361568161212,0.10197615665401716,0.073006795085855947,0,-0.71999999999999997,-2.712507573890413,-1.992507573890413,2,2.9467916527869091,0.71999999999999997,-2.2267916527869094
"narrow_multi_obstacle",456,2,2,500,0.00012300000000000001,1,-0.013198896208205912,0.036041094767590209,0.049239990975796122,3,1,-0.013198896208205912,0.036041094767590209,0.049239990975796122,0,-0.71999999999999997,-2.6113907048360465,-1.8913907048360465,2,2.9215186826988697,0.71999999999999997,-2.20151868269887
"narrow_multi_obstacle",457,0,1,500,9.8437999999999995e-05,0,-0.71999999999999997,0.05813049182378438,0.77813049182378435,2,0,-0.71999999999999997,0.05813049182378438,0.77813049182378435,1,3.0280599556614103,0.71999999999999997,-2.3080599556614105,,,,
"narrow_multi_obstacle",457,1,1,500,9.6290000000000001e-05,1,0.023573483015535635,0.71999999999999997,0.69642651698446434,2,1,0.023573483015535635,0.71999999999999997,0.69642651698446434,0,-0.71999999999999997,-2.7866734857492341,-2.0666734857492344,,,,
"narrow_multi_obstacle",457,2,2,500,0.000122426,1,0.076697031349829636,-0.010893478516587285,-0.087590509866416921,3,1,0.076697031349829636,-0.010893478516587285,-0.087590509866416921,0,-0.71999999999999997,-2.6236794551375904,-1.9036794551375904,2,2.9088719073883693,0.71999999999999997,-2.1888719073883696
"narrow_multi_obstacle",457,3,1,500,9.984800000000001e-05,1,0.019615605846837525,0.71999999999999997,0.70038439415316245,2,1,0.019615605846837525,0.71999999999999997,0.70038439415316245,0,-0.71999999999999997,-2.6727573002007396,-1.9527573002007397,,,,
"narrow_multi_obstacle",457,4,1,500,9.9782000000000001e-05,0,-0.71999999999999997,0.076709658918825419,0.79670965891882539,2,0,-0.71999999999999997,0.076709658918825419,0.79670965891882539,1,2.9765115543882983,0.71999999999999997,-2.2565115543882985,,,,
"narrow_multi_obstacle",458,0,1,500,0.00010024199999999999,1,-0.082650712569098284,0.71999999999999997,0.80265071256909826,2,1,-0.082650712569098284,0.71999999999999997,0.80265071256909826,0,-0.71999999999999997,-2.8203411424939695,-2.1003411424939697,,,,
"narrow_multi_obstacle",458,1,1,500,9.8044000000000012e-05,0,-0.71999999999999997,0.01301002746038038,0.73301002746038035,2,0,-0.71999999999999997,0.01301002746038038,0.73301002746038035,1,2.9765944050211024,0.71999999999999997,-2.2565944050211026,,,,
"narrow_multi_obstacle",458,2,2,500,0.00012448799999999999,1,0.048724941316886428,0.1000962508130776,0.051371309496191175,3,1,0.048724941316886428,0.1000962508130776,0.051371309496191175,0,-0.71999999999999997,-2.64790092083489,-1.9279009208348901,2,2.9411060969811831,0.71999999999999997,-2.2211060969811829
"narrow_multi_obstacle",458,3,1,500,0.00010477599999999999,1,-0.20049583852654362,0.71999999999999997,0.9204958385265436,2,1,-0.20049583852654362,0.71999999999999997,0.9204958385265436,0,-0.71999999999999997,-2.8446406293843181,-2.1246406293843183,,,,
"narrow_multi_obstacle",458,4,1,500,0.000102588,0,-0.71999999999999997,-0.10299397547983813,0.61700602452016184,2,0,-0.71999999999999997,-0.10299397547983813,0.61700602452016184,1,2.724785787544179,0.71999999999999997,-2.0047857875441792,,,,
"narrow_multi_obstacle",459,0,2,500,0.000125174,1,-0.045196465424310439,0.018238877801247,0.063435343225557439,3,1,-0.045196465424310439,0.018238877801247,0.063435343225557439,0,-0.71999999999999997,-2.7571590520020881,-2.0371590520020879,2,2.9145763372807352,0.71999999999999997,-2.1945763372807354
"narrow_multi_obstacle",459,1,2,500,0.00012422600000000001,1,0.035786879641682923,0.052408408210053103,0.016621528568370181,3,1,0.035786879641682923,0.052408408210053103,0.016621528568370181,0,-0.71999999999999997,-2.6434974689941164,-1.9234974689941164,2,2.9910991518220014,0.71999999999999997,-2.2710991518220016
"narrow_multi_obstacle",459,2,1,500,0.00010308399999999999,0,-0.71999999999999997,0.21481977848163614,0.93481977848163611,2,0,-0.71999999999999997,0.21481977848163614,0.93481977848163611,1,2.9900237184514857,0.71999999999999997,-2.270023718451486,,,,
"narrow_multi_obstacle",459,3,1,500,9.9205999999999999e-05,1,-0.11192323113829228,0.71999999999999997,0.83192323113829225,2,1,-0.11192323113829228,0.71999999999999997,0.83192323113829225,0,-0.71999999999999997,-2.6835905892091541,-1.9635905892091541,,,,
"narrow_multi_obstacle",460,0,1,500,0.00010169400000000001,1,-0.12623359520621125,0.71999999999999997,0.84623359520621122,2,1,-0.12623359520621125,0.71999999999999997,0.84623359520621122,0,-0.71999999999999997,-2.8751168929620823,-2.1551168929620825,,,,
"narrow_multi_obstacle",460,1,1,500,0.00010047599999999999,0,-0.71999999999999997,0.0021600014235463316,0.7221600014235463,2,0,-0.71999999999999997,0.0021600014235463316,0.7221600014235463,1,2.9809770953641994,0.71999999999999997,-2.2609770953641997,,,,
"narrow_multi_obstacle",460,2,2,500,0.00012402800000000001,1,0.016298618115808017,0.016583146809407534,0.00028452869359951727,3,1,0.016298618115808017,0.016583146809407534,0.00028452869359951727,0,-0.71999999999999997,-2.756442800561091,-2.0364428005610913,2,3.0211544868205635,0.71999999999999997,-2.3011544868205638
"narrow_multi_obstacle",460,3,1,500,0.000103226,1,-0.10177106894182608,0.71999999999999997,0.82177106894182606,2,1,-0.10177106894182608,0.71999999999999997,0.82177106894182606,0,-0.71999999999999997,-2.7474364532149602,-2.0274364532149605,,,,
"narrow_multi_obstacle",460,4,1,500,0.00010261399999999999,0,-0.71999999999999997,0.10760155960635709,0.82760155960635706,2,0,-0.71999999999999997,0.10760155960635709,0.82760155960635706,1,2.9189718234533508,0.71999999999999997,-2.1989718234533511,,,,
"narrow_multi_obstacle",461,0,1,500,0.000101976,1,-0.13730893452105364,0.71999999999999997,0.85730893452105361,2,1,-0.13730893452105364,0.71999999999999997,0.85730893452105361,0,-0.71999999999999997,-2.8508265990725805,-2.1308265990725808,,,,
"narrow_multi_obstacle",461,1,1,500,9.8500000000000009e-05,0,-0.71999999999999997,0.080879063008717056,0.80087906300871703,2,0,-0.71999999999999997,0.080879063008717056,0.80087906300871703,1,2.9817357519761289,0.71999999999999997,-2.2617357519761292,,,,
"narrow_multi_obstacle",461,2,2,500,0.00012103,1,-0.13649522460138153,0.086981496076340203,0.22347672067772173,3,1,-0.13649522460138153,0.086981496076340203,0.22347672067772173,0,-0.71999999999999997,-2.7709046680813092,-2.0509046680813094,2,2.9406075500304873,0.71999999999999997,-2.2206075500304872
"narrow_multi_obstacle",461,3,1,500,0.00010069799999999999,1,-0.035050476233698058,0.71999999999999997,0.75505047623369803,2,1,-0.035050476233698058,0.71999999999999997,0.75505047623369803,0,-0.71999999999999997,-2.6337222485932559,-1.9137222485932559,,,,
"narrow_multi_obstacle",461,4,1,500,0.00010112000000000001,0,-0.71999999999999997,0.059811777991715109,0.77981177799171508,2,0,-0.71999999999999997,0.059811777991715109,0.77981177799171508,1,2.8858987411691794,0.71999999999999997,-2.1658987411691797,,,,
"narrow_multi_obstacle",462,0,1,500,9.7561999999999999e-05,1,-0.052266952470402028,0.71999999999999997,0.772266952470402,2,1,-0.052266952470402028,0.71999999999999997,0.772266952470402,0,-0.71999999999999997,-2.8004176589029401,-2.0804176589029399,,,,
"narrow_multi_obstacle",462,1,1,500,9.6928000000000004e-05,0,-0.71999999999999997,0.13035564662645038,0.85035564662645036,2,0,-0.71999999999999997,0.13035564662645038,0.85035564662645036,1,3.0298510055062851,0.71999999999999997,-2.3098510055062853,,,,
"narrow_multi_obstacle",462,2,2,500,0.00012486800000000001,1,0.05622804140501958,0.098637298811738994,0.042409257406719414,3,1,0.05622804140501958,0.098637298811738994,0.042409257406719414,0,-0.71999999999999997,-2.6920300130472672,-1.9720300130472672,2,2.9651375347824107,0.71999999999999997,-2.245137534782411
"narrow_multi_obstacle",462,3,1,500,0.00010216400000000001,0,-0.71999999999999997,0.014884636208776447,0.73488463620877642,2,0,-0.71999999999999997,0.014884636208776447,0.73488463620877642,1,2.9247258834947507,0.71999999999999997,-2.204725883494751,,,,
"narrow_multi_obstacle",462,4,1,500,0.00010552000000000001,1,-0.10011675415662036,0.71999999999999997,0.82011675415662033,2,1,-0.10011675415662036,0.71999999999999997,0.82011675415662033,0,-0.71999999999999997,-2.7261848108162203,-2.0061848108162206,,,,
"narrow_multi_obstacle",463,0,2,500,0.000125368,1,-0.019483479880341381,0.052205911497373192,0.071689391377714573,3,1,-0.019483479880341381,0.052205911497373192,0.071689391377714573,0,-0.71999999999999997,-2.6992495520676743,-1.9792495520676743,2,2.9367487347246506,0.71999999999999997,-2.2167487347246508
"narrow_multi_obstacle",463,1,1,500,9.9066000000000003e-05,1,-0.0044620433558006933,0.71999999999999997,0.72446204335580067,2,1,-0.0044620433558006933,0.71999999999999997,0.72446204335580067,0,-0.71999999999999997,-2.7287457903524226,-2.0087457903524228,,,,
"narrow_multi_obstacle",463,2,1,500,0.000101358,0,-0.71999999999999997,0.068953540636501165,0.78895354063650114,2,0,-0.71999999999999997,0.068953540636501165,0.78895354063650114,1,2.9394939546273138,0.71999999999999997,-2.219493954627314,,,,
"narrow_multi_obstacle",463,3,1,500,0.000102264,0,-0.71999999999999997,0.26399582771329477,0.98399582771329475,2,0,-0.71999999999999997,0.26399582771329477,0.98399582771329475,1,3.0599851457193896,0.71999999999999997,-2.3399851457193899,,,,
"narrow_multi_obstacle",463,4,1,500,0.000100958,1,-0.046600253618612975,0.71999999999999997,0.76660025361861295,2,1,-0.046600253618612975,0.71999999999999997,0.76660025361861295,0,-0.71999999999999997,-2.6620509591937571,-1.9420509591937571,,,,
"narrow_multi_obstacle",464,0,1,500,0.000101314,0,-0.71999999999999997,-0.021290418939491351,0.69870958106050862,2,0,-0.71999999999999997,-0.021290418939491351,0.69870958106050862,1,2.9915254373162758,0.71999999999999997,-2.2715254373162761,,,,
"narrow_multi_obstacle",464,1,1,500,0.00010116799999999999,1,-0.086893495188938852,0.71999999999999997,0.80689349518893883,2,1,-0.086893495188938852,0.71999999999999997,0.80689349518893883,0,-0.71999999999999997,-2.8111947676509175,-2.0911947676509177,,,,
"narrow_multi_obstacle",464,2,2,500,0.00012341199999999999,1,-0.028189675406242731,0.11708367822710031,0.14527335363334304,3,1,-0.028189675406242731,0.11708367822710031,0.14527335363334304,0,-0.71999999999999997,-2.7215927462135614,-2.0015927462135616,2,3.0709005185834553,0.71999999999999997,-2.3509005185834555
"narrow_multi_obstacle",464,3,2,500,0.000121338,1,-0.071161858452680082,0.12618713756043598,0.19734899601311606,3,1,-0.071161858452680082,0.12618713756043598,0.19734899601311606,0,-0.71999999999999997,-2.7046661494655262,-1.9846661494655262,2,2.910597471387856,0.71999999999999997,-2.1905974713878562
"narrow_multi_obstacle",465,0,1,500,0.00010132199999999999,1,0.0017385213268925614,0.71999999999999997,0.71826147867310741,2,1,0.0017385213268925614,0.71999999999999997,0.71826147867310741,0,-0.71999999999999997,-2.7429611593684298,-2.02296115936843,,,,
"narrow_multi_obstacle",465,1,1,500,0.00010203,0,-0.71999999999999997,0.096454062320157963,0.81645406232015794,2,0,-0.71999999999999997,0.096454062320157963,0.81645406232015794,1,3.0464404165725938,0.71999999999999997,-2.326440416572594,,,,
"narrow_multi_obstacle",465,2,1,500,0.00010203400000000001,1,0.034175595682751858,0.71999999999999997,0.68582440431724812,2,1,0.034175595682751858,0.71999999999999997,0.68582440431724812,0,-0.71999999999999997,-2.6997579723483351,-1.9797579723483352,,,,
"narrow_multi_obstacle",465,3,1,500,0.000101338,0,-0.71999999999999997,0.051559911477484732,0.77155991147748471,2,0,-0.71999999999999997,0.051559911477484732,0.77155991147748471,1,2.8934844756544598,0.71999999999999997,-2.17348447565446,,,,
"narrow_multi_obstacle",465,4,2,500,0.00012334600000000001,1,-0.010789336245362602,0.11820826900992176,0.12899760525528436,3,1,-0.010789336245362602,0.11820826900992176,0.12899760525528436,0,-0.71999999999999997,-2.6218563316410428,-1.9018563316410428,2,2.9704353252177889,0.71999999999999997,-2.2504353252177891
"narrow_multi_obstacle",466,0,1,500,0.000102928,0,-0.71999999999999997,0.02483948076268816,0.74483948076268813,2,0,-0.71999999999999997,0.02483948076268816,0.74483948076268813,1,2.9392944746707235,0.71999999999999997,-2.2192944746707237,,,,
"narrow_multi_obstacle",466,1,1,500,0.00011132400000000001,1,0.022919020268176382,0.71999999999999997,0.69708097973182359,2,1,0.022919020268176382,0.71999999999999997,0.69708097973182359,0,-0.71999999999999997,-2.6940192799288467,-1.9740192799288467,,,,
"narrow_multi_obstacle",466,2,1,500,0.000106734,1,-0.042505109817127407,0.71999999999999997,0.76250510981712738,2,1,-0.042505109817127407,0.71999999999999997,0.76250510981712738,0,-0.71999999999999997,-2.6933053375443228,-1.9733053375443228,,,,
"narrow_multi_obstacle",466,3,1,500,0.000103018,0,-0.71999999999999997,0.10376148165478383,0.8237614816547838,2,0,-0.71999999999999997,0.10376148165478383,0.8237614816547838,1,2.9712583308529386,0.71999999999999997,-2.2512583308529388,,,,
"narrow_multi_obstacle",466,4,2,500,0.00012006600000000001,1,-0.084593154661843473,0.086047393355419555,0.17064054801726303,3,1,-0.084593154661843473,0.086047393355419555,0.17064054801726303,0,-0.71999999999999997,-2.7403093450073541,-2.0203093450073544,2,2.9127512464070997,0.71999999999999997,-2.1927512464070995
"narrow_multi_obstacle",467,0,2,500,0.000118794,1,0.046886041713755544,0.083097437556754583,0.036211395842999039,3,1,0.046886041713755544,0.083097437556754583,0.036211395842999039,0,-0.71999999999999997,-2.6740576345209375,-1.9540576345209375,2,3.0058380707832519,0.71999999999999997,-2.2858380707832522
"narrow_multi_obstacle",467,1,1,500,0.000101452,1,-0.10708876202526629,0.71999999999999997,0.82708876202526627,2,1,-0.10708876202526629,0.71999999999999997,0.82708876202526627,0,-0.71999999999999997,-2.8190505237652514,-2.0990505237652517,,,,
"narrow_multi_obstacle",467,2,1,500,0.00010138600000000001,0,-0.71999999999999997,0.049126922776130844,0.76912692277613082,2,0,-0.71999999999999997,0.049126922776130844,0.76912692277613082,1,2.9496158825703711,0.71999999999999997,-2.2296158825703714,,,,
"narrow_multi_obstacle",467,3,1,500,0.00010047599999999999,1,-0.028153243227543312,0.71999999999999997,0.74815324322754329,2,1,-0.028153243227543312,0.71999999999999997,0.74815324322754329,0,-0.71999999999999997,-2.6634934224845299,-1.9434934224845299,,,,
"narrow_multi_obstacle",467,4,1,500,0.000101894,0,-0.71999999999999997,0.23619462237894551,0.95619462237894548,2,0,-0.71999999999999997,0.23619462237894551,0.95619462237894548,1,3.0463303638706507,0.71999999999999997,-2.3263303638706505,,,,
"narrow_multi_obstacle",468,0,2,500,0.000123192,1,0.038048622341042115,0.020786387961859942,-0.017262234379182173,3,1,0.038048622341042115,0.020786387961859942,-0.017262234379182173,0,-0.71999999999999997,-2.704315609279174,-1.9843156092791741,2,3.0129859595699067,0.71999999999999997,-2.2929859595699069
"narrow_multi_obstacle",468,1,1,500,0.00010059,1,-0.075050279856601509,0.71999999999999997,0.79505027985660148,2,1,-0.075050279856601509,0.71999999999999997,0.79505027985660148,0,-0.71999999999999997,-2.783927415454186,-2.0639274154541862,,,,
"narrow_multi_obstacle",468,2,1,500,0.000110754,0,-0.71999999999999997,0.18219313346037036,0.90219313346037033,2,0,-0.71999999999999997,0.18219313346037036,0.90219313346037033,1,2.9980667157016354,0.71999999999999997,-2.2780667157016357,,,,
"narrow_multi_obstacle",468,3,1,500,9.9073999999999994e-05,1,-0.035257903878513464,0.71999999999999997,0.75525790387851344,2,1,-0.035257903878513464,0.71999999999999997,0.75525790387851344,0,-0.71999999999999997,-2.6684598316006398,-1.9484598316006398,,,,
"narrow_multi_obstacle",468,4,1,500,0.00010080400000000001,0,-0.71999999999999997,0.18698549840154866,0.90698549840154863,2,0,-0.71999999999999997,0.18698549840154866,0.90698549840154863,1,2.9743546158409728,0.71999999999999997,-2.2543546158409731,,,,
"narrow_multi_obstacle",469,0,2,500,0.00012280200000000001,1,-0.027619581057029663,0.097628992216931554,0.12524857327396122,3,1,-0.027619581057029663,0.097628992216931554,0.12524857327396122,0,-0.71999999999999997,-2.7547667589384255,-2.0347667589384253,2,3.0748799273125775,0.71999999999999997,-2.3548799273125773
"narrow_multi_obstacle",469,1,2,500,0.00012913200000000001,1,-0.098288618401422667,0.07714170181460589,0.17543032021602856,3,1,-0.098288618401422667,0.07714170181460589,0.17543032021602856,0,-0.71999999999999997,-2.8323806828315443,-2.1123806828315441,2,3.0728377571234802,0.71999999999999997,-2.3528377571234804
"narrow_multi_obstacle",469,2,1,500,0.00010658399999999999,0,-0.71999999999999997,0.12772730952152078,0.84772730952152076,2,0,-0.71999999999999997,0.12772730952152078,0.84772730952152076,1,2.9609861941484255,0.71999999999999997,-2.2409861941484257,,,,
"narrow_multi_obstacle",469,3,1,500,0.00010925999999999999,1,0.015505099798827748,0.71999999999999997,0.70449490020117222,2,1,0.015505099798827748,0.71999999999999997,0.70449490020117222,0,-0.71999999999999997,-2.6092912014434013,-1.8892912014434013,,,,
"narrow_multi_obstacle",470,0,2,500,0.000130304,1,0.026257085829287208,-0.015204380452174648,-0.041461466281461856,3,1,0.026257085829287208,-0.015204380452174648,-0.041461466281461856,0,-0.71999999999999997,-2.7537565593355779,-2.0337565593355782,2,2.9000467052887373,0.71999999999999997,-2.1800467052887376
"narrow_multi_obstacle",470,1,2,500,0.000120562,1,0.0031725978103849251,0.13716423589097682,0.13399163808059189,3,1,0.0031725978103849251,0.13716423589097682,0.13399163808059189,0,-0.71999999999999997,-2.7208751969826772,-2.000875196982677,2,3.0283770729009527,0.71999999999999997,-2.308377072900953
"narrow_multi_obstacle",470,2,1,500,0.000100604,1,-0.10905772223801669,0.71999999999999997,0.82905772223801666,2,1,-0.10905772223801669,0.71999999999999997,0.82905772223801666,0,-0.71999999999999997,-2.7736737749160669,-2.0536737749160672,,,,
"narrow_multi_obstacle",470,3,1,500,0.00010063800000000001,0,-0.71999999999999997,0.10277451979337116,0.82277451979337113,2,0,-0.71999999999999997,0.10277451979337116,0.82277451979337113,1,2.887203968807754,0.71999999999999997,-2.1672039688077538,,,,
"narrow_multi_obstacle",471,0,2,500,0.000130624,1,-0.065254482548294357,0.067686107422828767,0.13294058997112312,3,1,-0.065254482548294357,0.067686107422828767,0.13294058997112312,0,-0.71999999999999997,-2.8056659456968713,-2.0856659456968716,2,3.0075528361329518,0.71999999999999997,-2.287552836132952
"narrow_multi_obstacle",471,1,2,500,0.000121682,1,0.0070876145208722541,0.049483946176545057,0.042396331655672803,3,1,0.0070876145208722541,0.049483946176545057,0.042396331655672803,0,-0.71999999999999997,-2.7276938191923139,-2.0076938191923137,2,2.9605340502454269,0.71999999999999997,-2.2405340502454267
"narrow_multi_obstacle",471,2,2,500,0.00012322,1,-0.020799326022226783,0.10226660839940682,0.1230659344216336,3,1,-0.020799326022226783,0.10226660839940682,0.1230659344216336,0,-0.71999999999999997,-2.6136525900368617,-1.8936525900368617,2,3.0075063105426025,0.71999999999999997,-2.2875063105426028
"narrow_multi_obstacle",472,0,2,500,0.000120326,1,0.03963634085391976,0.03300448400455136,-0.0066318568493684005,3,1,0.03963634085391976,0.03300448400455136,-0.0066318568493684005,0,-0.71999999999999997,-2.7106654045767415,-1.9906654045767416,2,2.9589588141026084,0.71999999999999997,-2.2389588141026087
"narrow_multi_obstacle",472,1,2,500,0.00012149799999999999,1,-0.063194360564269747,0.021166461844802198,0.084360822409071945,3,1,-0.063194360564269747,0.021166461844802198,0.084360822409071945,0,-0.71999999999999997,-2.7142553676757148,-1.9942553676757149,2,2.9024389963346202,0.71999999999999997,-2.1824389963346205
"narrow_multi_obstacle",472,2,2,500,0.00012468599999999999,1,-0.11649163656077799,0.29340803147899841,0.4098996680397764,3,1,-0.11649163656077799,0.29340803147899841,0.4098996680397764,0,-0.71999999999999997,-2.7057843405541249,-1.9857843405541249,2,3.0785281376983118,0.71999999999999997,-2.358528137698312
"narrow_multi_obstacle",473,0,2,500,0.00012077999999999999,1,-0.096087158745599588,0.13361181376069831,0.22969897250629789,3,1,-0.096087158745599588,0.13361181376069831,0.22969897250629789,0,-0.71999999999999997,-2.7823855708368637,-2.0623855708368639,2,3.1016656766260002,0.71999999999999997,-2.3816656766260005
"narrow_multi_obstacle",473,1,2,500,0.000119536,1,-0.097627693323757425,0.055022255452592761,0.15264994877635019,3,1,-0.097627693323757425,0.055022255452592761,0.15264994877635019,0,-0.71999999999999997,-2.7561240004184855,-2.0361240004184857,2,2.9635706265858826,0.71999999999999997,-2.2435706265858828
"narrow_multi_obstacle",473,2,1,500,0.00010133599999999999,0,-0.71999999999999997,0.22382909563645281,0.94382909563645279,2,0,-0.71999999999999997,0.22382909563645281,0.94382909563645279,1,3.0361736867854718,0.71999999999999997,-2.3161736867854721,,,,
"narrow_multi_obstacle",473,3,1,500,0.000101382,1,-0.10943595368891601,0.71999999999999997,0.82943595368891598,2,1,-0.10943595368891601,0.71999999999999997,0.82943595368891598,0,-0.71999999999999997,-2.668537346385671,-1.948537346385671,,,,
"narrow_multi_obstacle",474,0,1,500,0.000101338,0,-0.71999999999999997,-0.01232135412200619,0.70767864587799378,2,0,-0.71999999999999997,-0.01232135412200619,0.70767864587799378,1,3.0003168400130473,0.71999999999999997,-2.2803168400130476,,,,
"narrow_multi_obstacle",474,1,1,500,0.000100958,1,-0.053420317849875998,0.71999999999999997,0.77342031784987597,2,1,-0.053420317849875998,0.71999999999999997,0.77342031784987597,0,-0.71999999999999997,-2.8408678130956302,-2.1208678130956304,,,,
"narrow_multi_obstacle",474,2,1,500,0.00010580399999999999,1,0.045469168504437496,0.71999999999999997,0.67453083149556248,2,1,0.045469168504437496,0.71999999999999997,0.67453083149556248,0,-0.71999999999999997,-2.6834081793346156,-1.9634081793346156,,,,
"narrow_multi_obstacle",474,3,1,500,0.000100906,0,-0.71999999999999997,0.16498712661676618,0.88498712661676615,2,0,-0.71999999999999997,0.16498712661676618,0.88498712661676615,1,3.0273982157155981,0.71999999999999997,-2.3073982157155983,,,,
"narrow_multi_obstacle",474,4,2,500,0.000124132,1,-0.011552579275233121,0.19938492351819592,0.21093750279342904,3,1,-0.011552579275233121,0.19938492351819592,0.21093750279342904,0,-0.71999999999999997,-2.6673015572249841,-1.9473015572249841,2,2.9667346296570254,0.71999999999999997,-2.2467346296570252
"narrow_multi_obstacle",475,0,2,500,0.000129264,1,0.039905436042229736,0.059051980616693145,0.019146544574463409,3,1,0.039905436042229736,0.059051980616693145,0.019146544574463409,0,-0.71999999999999997,-2.7086815235129391,-1.9886815235129391,2,2.9780581228157006,0.71999999999999997,-2.2580581228157008
"narrow_multi_obstacle",475,1,1,500,9.9025999999999997e-05,1,-0.089506661973125734,0.71999999999999997,0.80950666197312571,2,1,-0.089506661973125734,0.71999999999999997,0.80950666197312571,0,-0.71999999999999997,-2.7601874818244538,-2.0401874818244536,,,,
"narrow_multi_obstacle",475,2,1,500,9.9882000000000004e-05,0,-0.71999999999999997,0.0093920238366886899,0.72939202383668866,2,0,-0.71999999999999997,0.0093920238366886899,0.72939202383668866,1,3.001613180225537,0.71999999999999997,-2.2816131802255368,,,,
"narrow_multi_obstacle",475,3,1,500,9.9358000000000007e-05,0,-0.71999999999999997,0.12611856479134853,0.8461185647913485,2,0,-0.71999999999999997,0.12611856479134853,0.8461185647913485,1,2.9984866500875826,0.71999999999999997,-2.2784866500875829,,,,
"narrow_multi_obstacle",475,4,1,500,0.00010148999999999999,1,-0.060271208442487012,0.71999999999999997,0.78027120844248699,2,1,-0.060271208442487012,0.71999999999999997,0.78027120844248699,0,-0.71999999999999997,-2.7434375383280574,-2.0234375383280572,,,,
"narrow_multi_obstacle",476,0,1,500,9.9736000000000009e-05,1,0.027047433194250292,0.71999999999999997,0.69295256680574968,2,1,0.027047433194250292,0.71999999999999997,0.69295256680574968,0,-0.71999999999999997,-2.7597704521652311,-2.0397704521652313,,,,
"narrow_multi_obstacle",476,1,1,500,0.000102266,0,-0.71999999999999997,-0.1075514176944532,0.61244858230554677,2,0,-0.71999999999999997,-0.1075514176944532,0.61244858230554677,1,2.8771628323165372,0.71999999999999997,-2.157162832316537,,,,
"narrow_multi_obstacle",476,2,2,500,0.00012194800000000001,1,0.038922007694902838,0.18762456247348669,0.14870255477858385,3,1,0.038922007694902838,0.18762456247348669,0.14870255477858385,0,-0.71999999999999997,-2.6544295424737419,-1.9344295424737419,2,3.1018873338532478,0.71999999999999997,-2.381887333853248
"narrow_multi_obstacle",476,3,1,500,0.000106764,0,-0.71999999999999997,0.15036286180168723,0.8703628618016872,2,0,-0.71999999999999997,0.15036286180168723,0.8703628618016872,1,3.0511974128492185,0.71999999999999997,-2.3311974128492183,,,,
"narrow_multi_obstacle",476,4,1,500,9.9102000000000001e-05,1,0.0041638344890915224,0.71999999999999997,0.71583616551090845,2,1,0.0041638344890915224,0.71999999999999997,0.71583616551090845,0,-0.71999999999999997,-2.6209915098193193,-1.9009915098193193,,,,
"narrow_multi_obstacle",477,0,2,500,0.00012337399999999999,1,-0.032296211330786306,0.11962688823072121,0.15192309956150751,3,1,-0.032296211330786306,0.11962688823072121,0.15192309956150751,0,-0.71999999999999997,-2.8270039675355583,-2.1070039675355581,2,3.0185312345053528,0.71999999999999997,-2.2985312345053526
"narrow_multi_obstacle",477,1,1,500,0.000102032,0,-0.71999999999999997,0.088536025488287651,0.80853602548828762,2,0,-0.71999999999999997,0.088536025488287651,0.80853602548828762,1,2.9496595219120598,0.71999999999999997,-2.2296595219120601,,,,
"narrow_multi_obstacle",477,2,1,500,9.8573999999999995e-05,1,-0.02599795641968039,0.71999999999999997,0.74599795641968036,2,1,-0.02599795641968039,0.71999999999999997,0.74599795641968036,0,-0.71999999999999997,-2.6973363811651749,-1.977336381165175,,,,
"narrow_multi_obstacle",477,3,2,500,0.00012037800000000001,1,0.10174408402484958,0.050328966205701375,-0.051415117819148204,3,1,0.10174408402484958,0.050328966205701375,-0.051415117819148204,0,-0.71999999999999997,-2.5562701800519623,-1.8362701800519623,2,2.8965663212566417,0.71999999999999997,-2.176566321256642
"narrow_multi_obstacle",478,0,1,500,0.00010049600000000001,1,0.058626482002515301,0.71999999999999997,0.66137351799748467,2,1,0.058626482002515301,0.71999999999999997,0.66137351799748467,0,-0.71999999999999997,-2.6459415884971813,-1.9259415884971813,,,,
"narrow_multi_obstacle",478,1,1,500,0.000104374,0,-0.71999999999999997,0.15024059815297242,0.87024059815297239,2,0,-0.71999999999999997,0.15024059815297242,0.87024059815297239,1,3.0814655333580756,0.71999999999999997,-2.3614655333580759,,,,
"narrow_multi_obstacle",478,2,2,500,0.00012615199999999998,1,-0.029573534817144864,0.054504286944082159,0.084077821761227023,3,1,-0.029573534817144864,0.054504286944082159,0.084077821761227023,0,-0.71999999999999997,-2.7316924690595492,-2.0116924690595495,2,2.9223058136168722,0.71999999999999997,-2.2023058136168725
"narrow_multi_obstacle",478,3,2,500,0.00012473399999999999,1,-0.1396220659686298,0.055211718171585877,0.19483378414021568,3,1,-0.1396220659686298,0.055211718171585877,0.19483378414021568,0,-0.71999999999999997,-2.7385600987506598,-2.01856009875066,2,2.9287000315094138,0.71999999999999997,-2.2087000315094141
"narrow_multi_obstacle",479,0,1,500,0.000101984,1,0.11035822054587818,0.71999999999999997,0.60964177945412179,2,1,0.11035822054587818,0.71999999999999997,0.60964177945412179,0,-0.71999999999999997,-2.6682982022518309,-1.9482982022518309,,,,
"narrow_multi_obstacle",479,1,1,500,0.000101204,0,-0.71999999999999997,-0.0048177713684260937,0.71518222863157388,2,0,-0.71999999999999997,-0.0048177713684260937,0.71518222863157388,1,2.989515905024041,0.71999999999999997,-2.2695159050240408,,,,
"narrow_multi_obstacle",479,2,2,500,0.000124218,1,0.043587944235111031,0.061099298021230153,0.017511353786119122,3,1,0.043587944235111031,0.061099298021230153,0.017511353786119122,0,-0.71999999999999997,-2.6608288171158914,-1.9408288171158914,2,3.0606801044782657,0.71999999999999997,-2.3406801044782659
"narrow_multi_obstacle",479,3,1,500,0.00010308199999999999,0,-0.71999999999999997,0.060313129245912034,0.78031312924591201,2,0,-0.71999999999999997,0.060313129245912034,0.78031312924591201,1,3.0070973952607432,0.71999999999999997,-2.2870973952607434,,,,
"narrow_multi_obstacle",479,4,1,500,9.9140000000000003e-05,1,-0.045281330205725334,0.71999999999999997,0.76528133020572531,2,1,-0.045281330205725334,0.71999999999999997,0.76528133020572531,0,-0.71999999999999997,-2.7362310190767598,-2.0162310190767601,,,,
"narrow_multi_obstacle",480,0,2,500,0.00012486999999999999,1,-0.042015971894834303,-0.0097443120896900659,0.032271659805144237,3,1,-0.042015971894834303,-0.0097443120896900659,0.032271659805144237,0,-0.71999999999999997,-2.8002777977844575,-2.0802777977844578,2,2.9671338790527444,0.71999999999999997,-2.2471338790527442
"narrow_multi_obstacle",480,1,2,500,0.00012179399999999999,1,0.035052295606010864,0.18146510786703085,0.14641281226101999,3,1,0.035052295606010864,0.18146510786703085,0.14641281226101999,0,-0.71999999999999997,-2.6552076358526211,-1.9352076358526211,2,3.0626924654635443,0.71999999999999997,-2.3426924654635446
"narrow_multi_obstacle",480,2,2,500,0.000121,1,-0.1106180077577632,0.092309980863176433,0.20292798862093964,3,1,-0.1106180077577632,0.092309980863176433,0.20292798862093964,0,-0.71999999999999997,-2.7208979523446502,-2.0008979523446504,2,3.0233508226803512,0.71999999999999997,-2.3033508226803514
"narrow_multi_obstacle",481,0,1,500,9.7586000000000011e-05,0,-0.71999999999999997,0.057752987162180469,0.77775298716218044,2,0,-0.71999999999999997,0.057752987162180469,0.77775298716218044,1,2.9687408681805296,0.71999999999999997,-2.2487408681805299,,,,
"narrow_multi_obstacle",481,1,1,500,0.00010179399999999999,1,-0.071222656520798289,0.71999999999999997,0.79122265652079826,2,1,-0.071222656520798289,0.71999999999999997,0.79122265652079826,0,-0.71999999999999997,-2.7817751981249415,-2.0617751981249413,,,,
"narrow_multi_obstacle",481,2,2,500,0.00012457200000000001,1,-0.054357208999125106,0.034289861445465641,0.088647070444590748,3,1,-0.054357208999125106,0.034289861445465641,0.088647070444590748,0,-0.71999999999999997,-2.7245909645560435,-2.0045909645560434,2,2.8914086239198227,0.71999999999999997,-2.1714086239198229
"narrow_multi_obstacle",481,3,2,500,0.00011855599999999999,1,-0.12689963099606838,0.071910097409246365,0.19880972840531475,3,1,-0.12689963099606838,0.071910097409246365,0.19880972840531475,0,-0.71999999999999997,-2.7203510236520652,-2.0003510236520654,2,2.9143051851137494,0.71999999999999997,-2.1943051851137492
"narrow_multi_obstacle",482,0,1,500,0.00010112000000000001,1,-0.006555162642819079,0.71999999999999997,0.72655516264281905,2,1,-0.006555162642819079,0.71999999999999997,0.72655516264281905,0,-0.71999999999999997,-2.799409707760784,-2.0794097077607843,,,,
"narrow_multi_obstacle",482,1,1,500,0.00010095,0,-0.71999999999999997,0.002523331137390894,0.72252333113739087,2,0,-0.71999999999999997,0.002523331137390894,0.72252333113739087,1,3.0263218590373224,0.71999999999999997,-2.3063218590373227,,,,
"narrow_multi_obstacle",482,2,2,500,0.000125368,1,0.092772622682429917,0.029441426161591178,-0.06333119652083874,3,1,0.092772622682429917,0.029441426161591178,-0.06333119652083874,0,-0.71999999999999997,-2.6105931766116406,-1.8905931766116406,2,2.9813580714775294,0.71999999999999997,-2.2613580714775292
"narrow_multi_obstacle",482,3,1,500,0.000102922,0,-0.71999999999999997,0.11532057882583202,0.83532057882583199,2,0,-0.71999999999999997,0.11532057882583202,0.83532057882583199,1,2.939502260503347,0.71999999999999997,-2.2195022605033472,,,,
"narrow_multi_obstacle",482,4,1,500,0.00010188800000000001,1,-0.069480004758173619,0.71999999999999997,0.78948000475817359,2,1,-0.069480004758173619,0.71999999999999997,0.78948000475817359,0,-0.71999999999999997,-2.6972297110611247,-1.9772297110611248,,,,
"narrow_multi_obstacle",483,0,1,500,0.00010213999999999999,1,0.011468764613558502,0.71999999999999997,0.70853123538644147,2,1,0.011468764613558502,0.71999999999999997,0.70853123538644147,0,-0.71999999999999997,-2.7677832291295785,-2.0477832291295783,,,,
"narrow_multi_obstacle",483,1,1,500,0.00010644199999999999,0,-0.71999999999999997,0.041054548675787617,0.76105454867578759,2,0,-0.71999999999999997,0.041054548675787617,0.76105454867578759,1,3.043610442929868,0.71999999999999997,-2.3236104429298683,,,,
"narrow_multi_obstacle",483,2,2,500,0.000118726,1,-0.024491517364332749,0.02259972157488277,0.047091238939215518,3,1,-0.024491517364332749,0.02259972157488277,0.047091238939215518,0,-0.71999999999999997,-2.6971978886272643,-1.9771978886272643,2,2.9604809302545796,0.71999999999999997,-2.2404809302545798
"narrow_multi_obstacle",483,3,1,500,0.00010093399999999999,0,-0.71999999999999997,0.0098853598847719049,0.72988535988477188,2,0,-0.71999999999999997,0.0098853598847719049,0.72988535988477188,1,2.9524077427809714,0.71999999999999997,-2.2324077427809712,,,,
"narrow_multi_obstacle",483,4,1,500,0.00010524400000000001,1,-0.068327839430310844,0.71999999999999997,0.78832783943031082,2,1,-0.068327839430310844,0.71999999999999997,0.78832783943031082,0,-0.71999999999999997,-2.7055534316841774,-1.9855534316841774,,,,
"narrow_multi_obstacle",484,0,2,500,0.00012733800000000001,1,0.072070773881289352,0.099568211016631158,0.027497437135341807,3,1,0.072070773881289352,0.099568211016631158,0.027497437135341807,0,-0.71999999999999997,-2.7123634411449355,-1.9923634411449356,2,3.0221442052150618,0.71999999999999997,-2.302144205215062
"narrow_multi_obstacle",484,1,2,500,0.00012244999999999999,1,-0.067504062406425369,0.08833101218243633,0.1558350745888617,3,1,-0.067504062406425369,0.08833101218243633,0.1558350745888617,0,-0.71999999999999997,-2.7111992140962364,-1.9911992140962365,2,2.9767691302451844,0.71999999999999997,-2.2567691302451847
"narrow_multi_obstacle",484,2,2,500,0.000119492,1,-0.0651367647509693,0.20095601775583871,0.26609278250680801,3,1,-0.0651367647509693,0.20095601775583871,0.26609278250680801,0,-0.71999999999999997,-2.6865895289683461,-1.9665895289683462,2,3.0012021325494018,0.71999999999999997,-2.2812021325494021
"narrow_multi_obstacle",485,0,2,500,0.00012511,1,-0.06952577545448424,-0.0057203253861026759,0.063805450068381564,3,1,-0.06952577545448424,-0.0057203253861026759,0.063805450068381564,0,-0.71999999999999997,-2.7855639366565583,-2.0655639366565586,2,2.9988020789852703,0.71999999999999997,-2.2788020789852705
"narrow_multi_obstacle",485,1,2,500,0.000121692,1,-0.0085476138774884802,0.062418187169876793,0.070965801047365273,3,1,-0.0085476138774884802,0.062418187169876793,0.070965801047365273,0,-0.71999999999999997,-2.6761254536387433,-1.9561254536387434,2,2.9362335661803298,0.71999999999999997,-2.2162335661803301
"narrow_multi_obstacle",485,2,1,500,0.00010063199999999999,1,0.080889481112538242,0.71999999999999997,0.63911051888746173,2,1,0.080889481112538242,0.71999999999999997,0.63911051888746173,0,-0.71999999999999997,-2.6232622161505192,-1.9032622161505193,,,,
"narrow_multi_obstacle",485,3,1,500,9.9965999999999998e-05,0,-0.71999999999999997,0.047105006223194579,0.76710500622319455,2,0,-0.71999999999999997,0.047105006223194579,0.76710500622319455,1,2.8950678103331202,0.71999999999999997,-2.17506781033312,,,,
"narrow_multi_obstacle",486,0,1,500,9.9862e-05,1,0.0055520542494857938,0.71999999999999997,0.71444794575051418,2,1,0.0055520542494857938,0.71999999999999997,0.71444794575051418,0,-0.71999999999999997,-2.7758180524207967,-2.055818052420797,,,,
"narrow_multi_obstacle",486,1,1,500,9.8183999999999994e-05,0,-0.71999999999999997,0.045243642583287835,0.76524364258328781,2,0,-0.71999999999999997,0.045243642583287835,0.76524364258328781,1,3.0027378038574994,0.71999999999999997,-2.2827378038574997,,,,
"narrow_multi_obstacle",486,2,2,500,0.000126592,1,-0.060232137990936296,0.011621937920584413,0.071854075911520709,3,1,-0.060232137990936296,0.011621937920584413,0.071854075911520709,0,-0.71999999999999997,-2.7388104855406947,-2.018810485540695,2,2.9774279922955218,0.71999999999999997,-2.257427992295522
"narrow_multi_obstacle",486,3,2,500,0.000122664,1,-0.014898449108698752,0.043798637116468253,0.058697086225167006,3,1,-0.014898449108698752,0.043798637116468253,0.058697086225167006,0,-0.71999999999999997,-2.5837798284383537,-1.8637798284383538,2,2.8167298972940222,0.71999999999999997,-2.096729897294022
"narrow_multi_obstacle",487,0,1,500,0.000101746,0,-0.71999999999999997,0.074266671612146284,0.79426667161214626,2,0,-0.71999999999999997,0.074266671612146284,0.79426667161214626,1,3.0111917171074243,0.71999999999999997,-2.2911917171074245,,,,
"narrow_multi_obstacle",487,1,1,500,0.000101306,1,-0.12382109915425343,0.71999999999999997,0.84382109915425341,2,1,-0.12382109915425343,0.71999999999999997,0.84382109915425341,0,-0.71999999999999997,-2.8538168963804154,-2.1338168963804156,,,,
"narrow_multi_obstacle",487,2,2,500,0.00012229600000000001,1,-0.04726802627460569,0.045421069449263829,0.092689095723869519,3,1,-0.04726802627460569,0.045421069449263829,0.092689095723869519,0,-0.71999999999999997,-2.8187056492077218,-2.0987056492077221,2,2.9556238525777334,0.71999999999999997,-2.2356238525777332
"narrow_multi_obstacle",487,3,1,500,0.000100802,1,-0.015431967452161466,0.71999999999999997,0.73543196745216144,2,1,-0.015431967452161466,0.71999999999999997,0.73543196745216144,0,-0.71999999999999997,-2.6613248862673871,-1.9413248862673871,,,,
"narrow_multi_obstacle",487,4,1,500,0.00010261399999999999,0,-0.71999999999999997,0.19686389480235444,0.91686389480235442,2,0,-0.71999999999999997,0.19686389480235444,0.91686389480235442,1,3.1164227254121926,0.71999999999999997,-2.3964227254121928,,,,
"narrow_multi_obstacle",488,0,2,500,0.000123946,1,0.057731068128864749,0.056144883567073256,-0.0015861845617914927,3,1,0.057731068128864749,0.056144883567073256,-0.0015861845617914927,0,-0.71999999999999997,-2.6371929258846194,-1.9171929258846194,2,2.9705809413576505,0.71999999999999997,-2.2505809413576507
"narrow_multi_obstacle",488,1,1,500,0.00010080999999999999,0,-0.71999999999999997,0.12093537367074103,0.840935373670741,2,0,-0.71999999999999997,0.12093537367074103,0.840935373670741,1,3.0555471705338171,0.71999999999999997,-2.3355471705338173,,,,
"narrow_multi_obstacle",488,2,1,500,9.9610000000000003e-05,1,-0.14750749041197975,0.71999999999999997,0.86750749041197972,2,1,-0.14750749041197975,0.71999999999999997,0.86750749041197972,0,-0.71999999999999997,-2.8037048692870243,-2.0837048692870246,,,,
"narrow_multi_obstacle",488,3,2,500,0.00012291799999999999,1,-0.10721437062723349,0.11713503899175848,0.22434940961899197,3,1,-0.10721437062723349,0.11713503899175848,0.22434940961899197,0,-0.71999999999999997,-2.7281187708974839,-2.0081187708974841,2,2.9206538063297005,0.71999999999999997,-2.2006538063297008
"narrow_multi_obstacle",489,0,1,500,0.00010041,1,0.052909510833586859,0.71999999999999997,0.66709048916641311,2,1,0.052909510833586859,0.71999999999999997,0.66709048916641311,0,-0.71999999999999997,-2.6725167624150519,-1.9525167624150519,,,,
"narrow_multi_obstacle",489,1,1,500,0.000101562,0,-0.71999999999999997,0.041813446281831368,0.76181344628183134,2,0,-0.71999999999999997,0.041813446281831368,0.76181344628183134,1,3.0251264607241986,0.71999999999999997,-2.3051264607241988,,,,
"narrow_multi_obstacle",489,2,2,500,0.000123752,1,0.005593450318868598,0.046605187720801133,0.041011737401932535,3,1,0.005593450318868598,0.046605187720801133,0.041011737401932535,0,-0.71999999999999997,-2.7022136723398802,-1.9822136723398802,2,3.0250522942844333,0.71999999999999997,-2.3050522942844331
"narrow_multi_obstacle",489,3,2,500,0.000125592,1,-0.098497152119824793,0.11040708898430429,0.20890424110412908,3,1,-0.098497152119824793,0.11040708898430429,0.20890424110412908,0,-0.71999999999999997,-2.8067445579113621,-2.0867445579113619,2,2.9565327827936319,0.71999999999999997,-2.2365327827936321
"narrow_multi_obstacle",490,0,2,500,0.000119434,1,-0.091811465979500184,0.011107773969448509,0.10291923994894869,3,1,-0.091811465979500184,0.011107773969448509,0.10291923994894869,0,-0.71999999999999997,-2.8469009578493627,-2.1269009578493625,2,3.0311184194385605,0.71999999999999997,-2.3111184194385608
"narrow_multi_obstacle",490,1,2,500,0.000123738,1,0.0044905994915680481,0.11278910163587819,0.10829850214431014,3,1,0.0044905994915680481,0.11278910163587819,0.10829850214431014,0,-0.71999999999999997,-2.7048067456579097,-1.9848067456579097,2,2.9808989253211582,0.71999999999999997,-2.2608989253211584
"narrow_multi_obstacle",490,2,2,500,0.00012979199999999999,1,0.11259497743526659,0.15044094840070832,0.037845970965441733,3,1,0.11259497743526659,0.15044094840070832,0.037845970965441733,0,-0.71999999999999997,-2.5230356200516888,-1.8030356200516888,2,3.0391217740928012,0.71999999999999997,-2.3191217740928014
"narrow_multi_obstacle",491,0,2,500,0.00012345600000000001,1,-0.026461453429683424,-0.032635082248419156,-0.0061736288187357324,3,1,-0.026461453429683424,-0.032635082248419156,-0.0061736288187357324,0,-0.71999999999999997,-2.7772550768321373,-2.0572550768321376,2,2.96194234107432,0.71999999999999997,-2.2419423410743198
"narrow_multi_obstacle",491,1,2,500,0.00012951799999999999,1,-0.11507062954459268,0.023979488837107876,0.13905011838170056,3,1,-0.11507062954459268,0.023979488837107876,0.13905011838170056,0,-0.71999999999999997,-2.8735316616433382,-2.1535316616433384,2,2.9844629911839737,0.71999999999999997,-2.264462991183974
"narrow_multi_obstacle",491,2,1,500,0.00010775,1,-0.0532049839844837,0.71999999999999997,0.77320498398448367,2,1,-0.0532049839844837,0.71999999999999997,0.77320498398448367,0,-0.71999999999999997,-2.6654086449176995,-1.9454086449176995,,,,
"narrow_multi_obstacle",491,3,1,500,0.00010029200000000001,0,-0.71999999999999997,0.23820914739129906,0.95820914739129903,2,0,-0.71999999999999997,0.23820914739129906,0.95820914739129903,1,3.0689641886172687,0.71999999999999997,-2.348964188617269,,,,
"narrow_multi_obstacle",492,0,1,500,0.00010632,0,-0.71999999999999997,0.10868006288003307,0.82868006288003304,2,0,-0.71999999999999997,0.10868006288003307,0.82868006288003304,1,3.0826188507434527,0.71999999999999997,-2.3626188507434529,,,,
"narrow_multi_obstacle",492,1,1,500,0.00010205799999999999,1,-0.06276183391299317,0.71999999999999997,0.78276183391299314,2,1,-0.06276183391299317,0.71999999999999997,0.78276183391299314,0,-0.71999999999999997,-2.8404292963577733,-2.1204292963577736,,,,
"narrow_multi_obstacle",492,2,2,500,0.00012409399999999999,1,-0.019478866709840448,0.14170398763214043,0.16118285434198087,3,1,-0.019478866709840448,0.14170398763214043,0.16118285434198087,0,-0.71999999999999997,-2.7356551892788996,-2.0156551892788999,2,3.093451376488475,0.71999999999999997,-2.3734513764884753
"narrow_multi_obstacle",492,3,2,500,0.000125878,1,-0.053122215426573582,0.1368063145005296,0.18992852992710318,3,1,-0.053122215426573582,0.1368063145005296,0.18992852992710318,0,-0.71999999999999997,-2.6776398609831453,-1.9576398609831454,2,2.9583308632588041,0.71999999999999997,-2.2383308632588044
"narrow_multi_obstacle",493,0,2,500,0.00012500800000000002,1,-0.015576831563936189,0.12038389844370667,0.13596073000764286,3,1,-0.015576831563936189,0.12038389844370667,0.13596073000764286,0,-0.71999999999999997,-2.7422834505668785,-2.0222834505668787,2,3.0553191702462055,0.71999999999999997,-2.3353191702462057
"narrow_multi_obstacle",493,1,2,500,0.000124764,1,-0.059880066703142276,0.12636142223611935,0.18624148893926162,3,1,-0.059880066703142276,0.12636142223611935,0.18624148893926162,0,-0.71999999999999997,-2.7524362188525964,-2.0324362188525962,2,3.0051392052477741,0.71999999999999997,-2.2851392052477744
"narrow_multi_obstacle",493,2,2,500,0.00012148399999999999,1,-0.10286777905322064,0.17512912869337738,0.27799690774659802,3,1,-0.10286777905322064,0.17512912869337738,0.27799690774659802,0,-0.71999999999999997,-2.7200505434990365,-2.0000505434990368,2,2.9368256399427159,0.71999999999999997,-2.2168256399427158
"narrow_multi_obstacle",494,0,1,500,0.00010098999999999999,1,0.032078866641172654,0.71999999999999997,0.68792113335882732,2,1,0.032078866641172654,0.71999999999999997,0.68792113335882732,0,-0.71999999999999997,-2.7409356127308131,-2.0209356127308133,,,,
"narrow_multi_obstacle",494,1,1,500,0.00010155599999999999,0,-0.71999999999999997,0.066530340278753819,0.78653034027875379,2,0,-0.71999999999999997,0.066530340278753819,0.78653034027875379,1,3.0403170936490187,0.71999999999999997,-2.3203170936490185,,,,
"narrow_multi_obstacle",494,2,2,500,0.000123872,1,-0.15235840338586248,0.15511501287008889,0.30747341625595137,3,1,-0.15235840338586248,0.15511501287008889,0.30747341625595137,0,-0.71999999999999997,-2.8144523766649834,-2.0944523766649832,2,3.1113994249607724,0.71999999999999997,-2.3913994249607722
"narrow_multi_obstacle",494,3,2,500,0.00012374,1,-0.14571675549647378,0.12997552188659744,0.27569227738307123,3,1,-0.14571675549647378,0.12997552188659744,0.27569227738307123,0,-0.71999999999999997,-2.7562880292853142,-2.0362880292853145,2,2.9785946244936894,0.71999999999999997,-2.2585946244936892
"narrow_multi_obstacle",495,0,1,500,0.000100486,1,-0.10290585521404738,0.71999999999999997,0.82290585521404735,2,1,-0.10290585521404738,0.71999999999999997,0.82290585521404735,0,-0.71999999999999997,-2.8581461882773813,-2.1381461882773811,,,,
"narrow_multi_obstacle",495,1,1,500,0.00010494000000000001,0,-0.71999999999999997,0.064388666675167183,0.78438866667516716,2,0,-0.71999999999999997,0.064388666675167183,0.78438866667516716,1,3.070515475823135,0.71999999999999997,-2.3505154758231352,,,,
"narrow_multi_obstacle",495,2,2,500,0.00011977,1,-0.028647934429135713,-0.039096858959734027,-0.010448924530598314,3,1,-0.028647934429135713,-0.039096858959734027,-0.010448924530598314,0,-0.71999999999999997,-2.7257807935996303,-2.0057807935996301,2,2.9073545949665238,0.71999999999999997,-2.1873545949665241
"narrow_multi_obstacle",495,3,1,500,0.00010403800000000001,0,-0.71999999999999997,0.10534578544178586,0.82534578544178583,2,0,-0.71999999999999997,0.10534578544178586,0.82534578544178583,1,3.0303151313560335,0.71999999999999997,-2.3103151313560337,,,,
"narrow_multi_obstacle",495,4,1,500,0.000104836,1,-0.09521238078741967,0.71999999999999997,0.81521238078741964,2,1,-0.09521238078741967,0.71999999999999997,0.81521238078741964,0,-0.71999999999999997,-2.747077313395077,-2.0270773133950772,,,,
"narrow_multi_obstacle",496,0,1,500,0.00010042800000000001,0,-0.71999999999999997,0.052873660320339688,0.77287366032033966,2,0,-0.71999999999999997,0.052873660320339688,0.77287366032033966,1,3.0314792558465489,0.71999999999999997,-2.3114792558465487,,,,
"narrow_multi_obstacle",496,1,1,500,0.000100424,1,0.084627767127518627,0.71999999999999997,0.63537223287248135,2,1,0.084627767127518627,0.71999999999999997,0.63537223287248135,0,-0.71999999999999997,-2.6866144104854062,-1.9666144104854062,,,,
"narrow_multi_obstacle",496,2,1,500,0.000101648,1,-0.047947625715552666,0.71999999999999997,0.76794762571555264,2,1,-0.047947625715552666,0.71999999999999997,0.76794762571555264,0,-0.71999999999999997,-2.7757416351607098,-2.0557416351607101,,,,
"narrow_multi_obstacle",496,3,1,500,0.00010262,0,-0.71999999999999997,0.1770729858710931,0.89707298587109308,2,0,-0.71999999999999997,0.1770729858710931,0.89707298587109308,1,3.0246151594423076,0.71999999999999997,-2.3046151594423074,,,,
"narrow_multi_obstacle",496,4,2,500,0.000122328,1,-0.12952099983802112,0.13978111058859799,0.26930211042661911,3,1,-0.12952099983802112,0.13978111058859799,0.26930211042661911,0,-0.71999999999999997,-2.7381958625538849,-2.0181958625538847,2,2.8902307277300618,0.71999999999999997,-2.1702307277300621
"narrow_multi_obstacle",497,0,2,500,0.00012040199999999999,1,0.15184902263262878,-0.059634194144268848,-0.21148321677689763,3,1,0.15184902263262878,-0.059634194144268848,-0.21148321677689763,0,-0.71999999999999997,-2.589925083400197,-1.869925083400197,2,2.9479996749732535,0.71999999999999997,-2.2279996749732538
"narrow_multi_obstacle",497,1,2,500,0.00012300200000000001,1,0.046295790910315882,0.0035406479911230804,-0.042755142919192801,3,1,0.046295790910315882,0.0035406479911230804,-0.042755142919192801,0,-0.71999999999999997,-2.6997504537615962,-1.9797504537615962,2,2.8494172912024771,0.71999999999999997,-2.1294172912024774
"narrow_multi_obstacle",497,2,1,500,0.000101358,1,-0.11749630058605232,0.71999999999999997,0.83749630058605229,2,1,-0.11749630058605232,0.71999999999999997,0.83749630058605229,0,-0.71999999999999997,-2.8092400544001004,-2.0892400544001006,,,,
"narrow_multi_obstacle",497,3,1,500,0.000103582,0,-0.71999999999999997,0.17269287275441991,0.89269287275441989,2,0,-0.71999999999999997,0.17269287275441991,0.89269287275441989,1,3.0113504201715,0.71999999999999997,-2.2913504201714998,,,,
"narrow_multi_obstacle",498,0,2,500,0.00012126800000000001,1,-0.054922660330730233,0.057147471633218316,0.11207013196394855,3,1,-0.054922660330730233,0.057147471633218316,0.11207013196394855,0,-0.71999999999999997,-2.8507756159195941,-2.1307756159195943,2,3.0360285010146049,0.71999999999999997,-2.3160285010146051
"narrow_multi_obstacle",498,1,1,500,0.000108286,1,-0.0087050912481096976,0.71999999999999997,0.72870509124810967,2,1,-0.0087050912481096976,0.71999999999999997,0.72870509124810967,0,-0.71999999999999997,-2.6921056434370332,-1.9721056434370332,,,,
"narrow_multi_obstacle",498,2,1,500,0.00010015599999999999,0,-0.71999999999999997,0.19438324386096162,0.91438324386096159,2,0,-0.71999999999999997,0.19438324386096162,0.91438324386096159,1,3.0677992767067224,0.71999999999999997,-2.3477992767067226,,,,
"narrow_multi_obstacle",498,3,1,500,0.000101018,1,0.026914572772369638,0.71999999999999997,0.69308542722763034,2,1,0.026914572772369638,0.71999999999999997,0.69308542722763034,0,-0.71999999999999997,-2.6665825121406801,-1.9465825121406801,,,,
"narrow_multi_obstacle",498,4,1,500,0.00010582,0,-0.71999999999999997,0.071273756195237237,0.79127375619523721,2,0,-0.71999999999999997,0.071273756195237237,0.79127375619523721,1,2.9871197536085639,0.71999999999999997,-2.2671197536085641,,,,
"narrow_multi_obstacle",499,0,1,500,0.000101674,1,0.0070363912539870288,0.71999999999999997,0.71296360874601294,2,1,0.0070363912539870288,0.71999999999999997,0.71296360874601294,0,-0.71999999999999997,-2.7418188224912496,-2.0218188224912499,,,,
"narrow_multi_obstacle",499,1,1,500,0.00010133399999999999,0,-0.71999999999999997,0.03951042277641581,0.75951042277641578,2,0,-0.71999999999999997,0.03951042277641581,0.75951042277641578,1,3.0381635308056074,0.71999999999999997,-2.3181635308056077,,,,
"narrow_multi_obstacle",499,2,1,500,0.000102896,1,-0.013775880317342892,0.71999999999999997,0.73377588031734287,2,1,-0.013775880317342892,0.71999999999999997,0.73377588031734287,0,-0.71999999999999997,-2.6470349680975023,-1.9270349680975023,,,,
"narrow_multi_obstacle",499,3,1,500,0.000111382,0,-0.71999999999999997,0.14735946885305973,0.8673594688530597,2,0,-0.71999999999999997,0.14735946885305973,0.8673594688530597,1,3.0434338203857725,0.71999999999999997,-2.3234338203857723,,,,
"narrow_multi_obstacle",499,4,2,500,0.000124764,1,-0.073938686723569402,0.23710915564597457,0.31104784236954397,3,1,-0.073938686723569402,0.23710915564597457,0.31104784236954397,0,-0.71999999999999997,-2.6261728841334033,-1.9061728841334034,2,2.982686644882115,0.71999999999999997,-2.2626866448821152
"prediction_noise",0,0,1,500,9.7136e-05,0,-0.71999999999999997,-0.63384122954876454,0.086158770451235434,2,0,-0.71999999999999997,-0.63384122954876454,0.086158770451235434,1,3.5759502224371107,0.71999999999999997,-2.8559502224371105,,,,
"prediction_noise",7,0,1,500,9.9392e-05,0,-0.71999999999999997,-0.63415000968383162,0.085849990316168356,2,0,-0.71999999999999997,-0.63415000968383162,0.085849990316168356,1,3.7585051525212259,0.71999999999999997,-3.0385051525212257,,,,
"prediction_noise",9,0,1,500,9.9682000000000012e-05,0,-0.71999999999999997,-0.5554052387546633,0.16459476124533667,2,0,-0.71999999999999997,-0.5554052387546633,0.16459476124533667,1,3.7798309213606691,0.71999999999999997,-3.0598309213606694,,,,
"prediction_noise",16,0,1,500,9.9897999999999998e-05,1,0.48096610793385786,0.71999999999999997,0.23903389206614212,2,1,0.48096610793385786,0.71999999999999997,0.23903389206614212,0,-0.71999999999999997,-3.8167193178017533,-3.0967193178017531,,,,
"prediction_noise",20,0,1,500,0.00010034800000000001,1,0.45203552511930123,0.71999999999999997,0.26796447488069874,2,1,0.45203552511930123,0.71999999999999997,0.26796447488069874,0,-0.71999999999999997,-4.0022416556890397,-3.2822416556890399,,,,
"prediction_noise",25,0,1,500,9.9904000000000011e-05,0,-0.71999999999999997,-0.60122156630781942,0.11877843369218055,2,0,-0.71999999999999997,-0.60122156630781942,0.11877843369218055,1,3.7250271930347778,0.71999999999999997,-3.0050271930347776,,,,
"prediction_noise",28,0,1,500,0.00010245,0,-0.71999999999999997,-0.6319156872498598,0.08808431275014017,2,0,-0.71999999999999997,-0.6319156872498598,0.08808431275014017,1,3.6760985345622572,0.71999999999999997,-2.9560985345622575,,,,
"prediction_noise",33,0,1,500,0.000102882,1,0.6080695138167217,0.71999999999999997,0.11193048618327828,2,1,0.6080695138167217,0.71999999999999997,0.11193048618327828,0,-0.71999999999999997,-3.954438950923131,-3.2344389509231313,,,,
"prediction_noise",72,0,1,500,9.9649999999999996e-05,0,-0.71999999999999997,-0.48441257675189431,0.23558742324810567,2,0,-0.71999999999999997,-0.48441257675189431,0.23558742324810567,1,3.7823044711420186,0.71999999999999997,-3.0623044711420189,,,,
"prediction_noise",92,0,1,500,0.000101172,1,0.55089643756093842,0.71999999999999997,0.16910356243906155,2,1,0.55089643756093842,0.71999999999999997,0.16910356243906155,0,-0.71999999999999997,-3.8473482564811672,-3.1273482564811674,,,,
"prediction_noise",95,0,1,500,0.00010421999999999999,1,0.12523646027595881,0.71999999999999997,0.59476353972404117,2,1,0.12523646027595881,0.71999999999999997,0.59476353972404117,0,-0.71999999999999997,-4.415002661010706,-3.6950026610107063,,,,
"prediction_noise",99,0,1,500,0.00010002800000000001,0,-0.71999999999999997,-0.5846756295143305,0.13532437048566948,2,0,-0.71999999999999997,-0.5846756295143305,0.13532437048566948,1,3.8168095322408648,0.71999999999999997,-3.0968095322408651,,,,
"prediction_noise",100,0,1,500,0.00010035,0,-0.71999999999999997,-0.33867416798883077,0.38132583201116921,2,0,-0.71999999999999997,-0.33867416798883077,0.38132583201116921,1,4.0262612404612064,0.71999999999999997,-3.3062612404612066,,,,
"prediction_noise",106,0,1,500,0.00010815,0,-0.71999999999999997,-0.71268232176558122,0.0073176782344187563,2,0,-0.71999999999999997,-0.71268232176558122,0.0073176782344187563,1,3.6608131212696726,0.71999999999999997,-2.9408131212696729,,,,
"prediction_noise",110,0,1,500,0.000105956,0,-0.71999999999999997,-0.69552111102521141,0.02447888897478856,2,0,-0.71999999999999997,-0.69552111102521141,0.02447888897478856,1,3.6124765911030949,0.71999999999999997,-2.8924765911030947,,,,
"prediction_noise",111,0,1,500,9.8688000000000001e-05,0,-0.71999999999999997,-0.60749181786644946,0.11250818213355052,2,0,-0.71999999999999997,-0.60749181786644946,0.11250818213355052,1,3.6808533899087017,0.71999999999999997,-2.9608533899087019,,,,
"prediction_noise",113,0,1,500,0.00010149800000000001,0,-0.71999999999999997,-0.66345949588625386,0.056540504113746115,2,0,-0.71999999999999997,-0.66345949588625386,0.056540504113746115,1,3.6177435036984926,0.71999999999999997,-2.8977435036984929,,,,
"prediction_noise",140,0,1,500,0.000101166,0,-0.71999999999999997,-0.47780389958122238,0.24219610041877759,2,0,-0.71999999999999997,-0.47780389958122238,0.24219610041877759,1,3.8395625739354045,0.71999999999999997,-3.1195625739354043,,,,
"prediction_noise",144,0,1,500,0.00010156400000000001,0,-0.71999999999999997,-0.048302449103113432,0.67169755089688654,2,0,-0.71999999999999997,-0.048302449103113432,0.67169755089688654,1,4.3605597383453354,0.71999999999999997,-3.6405597383453356,,,,
"prediction_noise",145,0,1,500,0.000101158,0,-0.71999999999999997,-0.51903911206423448,0.2009608879357655,2,0,-0.71999999999999997,-0.51903911206423448,0.2009608879357655,1,3.8187795342212834,0.71999999999999997,-3.0987795342212836,,,,
"prediction_noise",159,0,1,500,0.00010112000000000001,0,-0.71999999999999997,-0.51344138132947537,0.20655861867052461,2,0,-0.71999999999999997,-0.51344138132947537,0.20655861867052461,1,3.7342143367547496,0.71999999999999997,-3.0142143367547494,,,,
"prediction_noise",168,0,1,500,0.00010120600000000001,0,-0.71999999999999997,-0.71110262345545894,0.0088973765445410358,2,0,-0.71999999999999997,-0.71110262345545894,0.0088973765445410358,1,3.659153661186223,0.71999999999999997,-2.9391536611862232,,,,
"prediction_noise",218,0,1,500,0.000102112,1,0.45386187142633028,0.71999999999999997,0.2661381285736697,2,1,0.45386187142633028,0.71999999999999997,0.2661381285736697,0,-0.71999999999999997,-3.9705259036296905,-3.2505259036296907,,,,
"prediction_noise",223,0,1,500,0.000102204,1,0.57747465389579999,0.71999999999999997,0.14252534610419998,2,1,0.57747465389579999,0.71999999999999997,0.14252534610419998,0,-0.71999999999999997,-3.8807397536160577,-3.160739753616058,,,,
"prediction_noise",229,0,1,500,0.000108886,0,-0.71999999999999997,-0.65225174551788045,0.067748254482119519,2,0,-0.71999999999999997,-0.65225174551788045,0.067748254482119519,1,3.7487276116513604,0.71999999999999997,-3.0287276116513606,,,,
"prediction_noise",277,0,1,500,0.000105268,0,-0.71999999999999997,-0.59933072097968709,0.12066927902031288,2,0,-0.71999999999999997,-0.59933072097968709,0.12066927902031288,1,3.7386991708032196,0.71999999999999997,-3.0186991708032194,,,,
"prediction_noise",282,0,1,500,0.00010156600000000001,1,0.59528164037863307,0.71999999999999997,0.1247183596213669,2,1,0.59528164037863307,0.71999999999999997,0.1247183596213669,0,-0.71999999999999997,-3.9070555040700317,-3.1870555040700319,,,,
"prediction_noise",291,0,1,500,0.00010201599999999999,0,-0.71999999999999997,-0.54001874188250965,0.17998125811749033,2,0,-0.71999999999999997,-0.54001874188250965,0.17998125811749033,1,3.9406095454370562,0.71999999999999997,-3.220609545437056,,,,
"prediction_noise",293,0,1,500,0.00010158,1,0.50469570322953794,0.71999999999999997,0.21530429677046203,2,1,0.50469570322953794,0.71999999999999997,0.21530429677046203,0,-0.71999999999999997,-3.7588852324580131,-3.0388852324580133,,,,
"prediction_noise",298,0,1,500,0.000101196,1,0.56285825585090199,0.71999999999999997,0.15714174414909798,2,1,0.56285825585090199,0.71999999999999997,0.15714174414909798,0,-0.71999999999999997,-3.8534987562272267,-3.133498756227227,,,,
"prediction_noise",304,0,1,500,0.00010110800000000001,1,0.63422682507076256,0.71999999999999997,0.085773174929237417,2,1,0.63422682507076256,0.71999999999999997,0.085773174929237417,0,-0.71999999999999997,-3.8514769840604779,-3.1314769840604777,,,,
"prediction_noise",309,0,1,500,0.000101134,1,0.68482496117397162,0.71999999999999997,0.035175038826028349,2,1,0.68482496117397162,0.71999999999999997,0.035175038826028349,0,-0.71999999999999997,-3.663113139318614,-2.9431131393186138,,,,
"prediction_noise",315,0,1,500,0.000103646,1,0.5568443265445352,0.71999999999999997,0.16315567345546478,2,1,0.5568443265445352,0.71999999999999997,0.16315567345546478,0,-0.71999999999999997,-3.7790477368321405,-3.0590477368321407,,,,
"prediction_noise",336,0,1,500,0.00010054000000000001,0,-0.71999999999999997,-0.10781315963735683,0.61218684036264315,2,0,-0.71999999999999997,-0.10781315963735683,0.61218684036264315,1,4.2153221259154954,0.71999999999999997,-3.4953221259154956,,,,
"prediction_noise",342,0,1,500,0.00010093399999999999,1,0.1238596558562981,0.71999999999999997,0.59614034414370187,2,1,0.1238596558562981,0.71999999999999997,0.59614034414370187,0,-0.71999999999999997,-4.2100100658312485,-3.4900100658312487,,,,
"prediction_noise",356,0,1,500,0.000102106,0,-0.71999999999999997,-0.60728593282314869,0.11271406717685128,2,0,-0.71999999999999997,-0.60728593282314869,0.11271406717685128,1,3.8697601662678247,0.71999999999999997,-3.149760166267825,,,,
"prediction_noise",378,0,1,500,0.000101686,1,0.53737655375085291,0.71999999999999997,0.18262344624914706,2,1,0.53737655375085291,0.71999999999999997,0.18262344624914706,0,-0.71999999999999997,-3.7313926273275877,-3.0113926273275879,,,,
"prediction_noise",382,0,1,500,0.000101654,1,0.60290592240696106,0.71999999999999997,0.11709407759303891,2,1,0.60290592240696106,0.71999999999999997,0.11709407759303891,0,-0.71999999999999997,-3.8976657171682128,-3.177665717168213,,,,
"prediction_noise",385,0,1,500,0.00010336199999999999,0,-0.71999999999999997,-0.53422960136207664,0.18577039863792333,2,0,-0.71999999999999997,-0.53422960136207664,0.18577039863792333,1,3.9016725109200756,0.71999999999999997,-3.1816725109200759,,,,
"prediction_noise",392,0,1,500,0.00010261599999999999,0,-0.71999999999999997,-0.37978863972780186,0.34021136027219812,2,0,-0.71999999999999997,-0.37978863972780186,0.34021136027219812,1,4.093472130770512,0.71999999999999997,-3.3734721307705122,,,,
"prediction_noise",399,0,1,500,0.00010204000000000001,1,0.27323409580126334,0.71999999999999997,0.44676590419873663,2,1,0.27323409580126334,0.71999999999999997,0.44676590419873663,0,-0.71999999999999997,-4.1341084817268792,-3.4141084817268794,,,,
"prediction_noise",415,0,1,500,0.000101878,1,0.6148753259718619,0.71999999999999997,0.10512467402813808,2,1,0.6148753259718619,0.71999999999999997,0.10512467402813808,0,-0.71999999999999997,-3.7279293513510172,-3.0079293513510175,,,,
"prediction_noise",420,0,1,500,0.000101302,0,-0.71999999999999997,-0.69778099762199208,0.02221900237800789,2,0,-0.71999999999999997,-0.69778099762199208,0.02221900237800789,1,3.5799566169934343,0.71999999999999997,-2.8599566169934345,,,,
"prediction_noise",423,0,1,500,0.00010166600000000001,1,0.44420715783199027,0.71999999999999997,0.2757928421680097,2,1,0.44420715783199027,0.71999999999999997,0.2757928421680097,0,-0.71999999999999997,-4.1177377534205988,-3.397737753420599,,,,
"prediction_noise",427,0,1,500,0.000101294,0,-0.71999999999999997,-0.52925504594996053,0.19074495405003944,2,0,-0.71999999999999997,-0.52925504594996053,0.19074495405003944,1,4.0055506621306352,0.71999999999999997,-3.2855506621306354,,,,
"prediction_noise",432,0,1,500,0.000101356,0,-0.71999999999999997,-0.1852234507279551,0.53477654927204488,2,0,-0.71999999999999997,-0.1852234507279551,0.53477654927204488,1,4.2034960722668462,0.71999999999999997,-3.4834960722668464,,,,
"prediction_noise",433,0,1,500,0.000101102,1,0.61458386106491603,0.71999999999999997,0.10541613893508395,2,1,0.61458386106491603,0.71999999999999997,0.10541613893508395,0,-0.71999999999999997,-3.7632933227329444,-3.0432933227329446,,,,
"prediction_noise",466,0,1,500,0.000101284,0,-0.71999999999999997,-0.70599034320641485,0.014009656793585124,2,0,-0.71999999999999997,-0.70599034320641485,0.014009656793585124,1,3.5969466598465996,0.71999999999999997,-2.8769466598465998,,,,
"prediction_noise",473,0,1,500,9.8603999999999993e-05,0,-0.71999999999999997,-0.40438444092373815,0.31561555907626182,2,0,-0.71999999999999997,-0.40438444092373815,0.31561555907626182,1,4.0000796166712771,0.71999999999999997,-3.2800796166712773,,,,
"prediction_noise",478,0,1,500,0.000100336,1,0.54421379161792194,0.71999999999999997,0.17578620838207804,2,1,0.54421379161792194,0.71999999999999997,0.17578620838207804,0,-0.71999999999999997,-3.8570837404313032,-3.1370837404313034,,,,
"prediction_noise",487,0,1,500,0.00010434000000000001,1,0.31105521369182121,0.71999999999999997,0.40894478630817876,2,1,0.31105521369182121,0.71999999999999997,0.40894478630817876,0,-0.71999999999999997,-3.9994246428185338,-3.2794246428185341,,,,
