case_kind,seed,runtime_ms,repeats,solved,terminal_goal_relaxed
crossing_pedestrian,0,4.5054940274,3,1,0
crossing_pedestrian,1,4.27402497735,3,1,0
crossing_pedestrian,2,4.18091204483,3,1,0
crossing_pedestrian,3,31.8755469052,3,1,0
crossing_pedestrian,4,2.66296998598,3,1,0
crossing_pedestrian,5,2.65849300195,3,1,0
crossing_pedestrian,6,5.76175400056,3,1,0
crossing_pedestrian,7,31.0004919302,3,1,0
crossing_pedestrian,8,4.53488295898,3,1,0
crossing_pedestrian,9,4.86097496469,3,1,0
crossing_pedestrian,10,4.44400799461,3,1,0
crossing_pedestrian,11,3.95610905252,3,1,0
crossing_pedestrian,12,6.21781405061,3,1,0
crossing_pedestrian,13,23.1491880259,3,1,0
crossing_pedestrian,14,3.86208400596,3,1,0
crossing_pedestrian,15,4.33065800462,3,1,0
crossing_pedestrian,16,5.66123996396,3,1,0
crossing_pedestrian,17,3.89463896863,3,1,0
crossing_pedestrian,18,3.97934694774,3,1,0
crossing_pedestrian,19,6.72173604835,3,1,0
crossing_pedestrian,20,6.65971799754,3,1,0
crossing_pedestrian,21,4.32977103628,3,1,0
crossing_pedestrian,22,4.48547094129,3,1,0
crossing_pedestrian,23,9.04761697166,3,1,0
crossing_pedestrian,24,4.37710795086,3,1,0
crossing_pedestrian,25,3.89420101419,3,1,0
crossing_pedestrian,26,3.98266897537,3,1,0
crossing_pedestrian,27,4.2236270383,3,1,0
crossing_pedestrian,28,3.99689201731,3,1,0
crossing_pedestrian,29,4.27541299723,3,1,0
crossing_pedestrian,30,3.97879607044,3,1,0
crossing_pedestrian,31,4.77732997388,3,1,0
crossing_pedestrian,32,27.1733270492,3,1,0
crossing_pedestrian,33,4.00872796308,3,1,0
crossing_pedestrian,34,4.23904100899,3,1,0
crossing_pedestrian,35,6.75348099321,3,1,0
crossing_pedestrian,36,8.42866499443,3,1,0
crossing_pedestrian,37,4.15970396716,3,1,0
crossing_pedestrian,38,4.90520196036,3,1,0
crossing_pedestrian,39,2.78891902417,3,1,0
crossing_pedestrian,40,2.7281770017,3,1,0
crossing_pedestrian,41,4.40513098147,3,1,0
crossing_pedestrian,42,4.74042608403,3,1,0
crossing_pedestrian,43,4.49532095809,3,1,0
crossing_pedestrian,44,3.98892001249,3,1,0
crossing_pedestrian,45,2.72847502492,3,1,0
crossing_pedestrian,46,2.76241998654,3,1,0
crossing_pedestrian,47,4.46858699434,3,1,0
crossing_pedestrian,48,3.90828901436,3,1,0
crossing_pedestrian,49,5.81041304395,3,1,0
crossing_pedestrian,50,2.66402109992,3,1,0
crossing_pedestrian,51,7.67393398564,3,1,0
crossing_pedestrian,52,4.81994298752,3,1,0
crossing_pedestrian,53,7.93978699949,3,1,0
crossing_pedestrian,54,5.51772199105,3,1,0
crossing_pedestrian,55,4.10002993885,3,1,0
crossing_pedestrian,56,4.15304198395,3,1,0
crossing_pedestrian,57,4.1675940156,3,1,0
crossing_pedestrian,58,4.46067005396,3,1,0
crossing_pedestrian,59,4.29942505434,3,1,0
crossing_pedestrian,60,2.74305790663,3,1,0
crossing_pedestrian,61,7.10564397741,3,1,0
crossing_pedestrian,62,4.33516909834,3,1,0
crossing_pedestrian,63,2.7407790767,3,1,0
crossing_pedestrian,64,4.10375604406,3,1,0
crossing_pedestrian,65,2.64453503769,3,1,0
crossing_pedestrian,66,5.33335097134,3,1,0
crossing_pedestrian,67,4.08084806986,3,1,0
crossing_pedestrian,68,4.09812096041,3,1,0
crossing_pedestrian,69,63.5724760359,3,1,0
crossing_pedestrian,70,5.73057599831,3,1,0
crossing_pedestrian,71,4.00862609968,3,1,0
crossing_pedestrian,72,6.20788603555,3,1,0
crossing_pedestrian,73,8.46735201776,3,1,0
crossing_pedestrian,74,6.37975207064,3,1,0
crossing_pedestrian,75,4.22533694655,3,1,0
crossing_pedestrian,76,4.00998897385,3,1,0
crossing_pedestrian,77,2.67291907221,3,1,0
crossing_pedestrian,78,5.25343499612,3,1,0
crossing_pedestrian,79,3.6167189246,3,1,0
crossing_pedestrian,80,2.76371103246,3,1,0
crossing_pedestrian,81,10.1915049599,3,1,0
crossing_pedestrian,82,5.84770401474,3,1,0
crossing_pedestrian,83,3.9687770186,3,1,0
crossing_pedestrian,84,3.8102439139,3,1,0
crossing_pedestrian,85,2.65136500821,3,1,0
crossing_pedestrian,86,2.75610701647,3,1,0
crossing_pedestrian,87,2.74724105839,3,1,0
crossing_pedestrian,88,26.7713030335,3,1,0
crossing_pedestrian,89,6.11756904982,3,1,0
crossing_pedestrian,90,8.39148100931,3,1,0
crossing_pedestrian,91,4.02144098189,3,1,0
crossing_pedestrian,92,9.22787794843,3,1,0
crossing_pedestrian,93,6.8414589623,3,1,0
crossing_pedestrian,94,4.53025999013,3,1,0
crossing_pedestrian,95,4.0079850005,3,1,0
crossing_pedestrian,96,6.08974101488,3,1,0
crossing_pedestrian,97,6.48174399976,3,1,0
crossing_pedestrian,98,6.54320302419,3,1,0
crossing_pedestrian,99,2.76277493685,3,1,0
crossing_pedestrian,100,3.99903196376,3,1,0
crossing_pedestrian,101,4.63013199624,3,1,0
crossing_pedestrian,102,18.9986419864,3,1,0
crossing_pedestrian,103,2.77051504236,3,1,0
crossing_pedestrian,104,4.98301209882,3,1,0
crossing_pedestrian,105,15.7922059298,3,1,0
crossing_pedestrian,106,7.16226990335,3,1,0
crossing_pedestrian,107,119.014427997,3,1,0
crossing_pedestrian,108,2.6663710596,3,1,0
crossing_pedestrian,109,2.75228405371,3,1,0
crossing_pedestrian,110,5.42993005365,3,1,0
crossing_pedestrian,111,3.9025490405,3,1,0
crossing_pedestrian,112,3.91194305848,3,1,0
crossing_pedestrian,113,6.82237092406,3,1,0
crossing_pedestrian,114,2.75510293432,3,1,0
crossing_pedestrian,115,4.2989338981,3,1,0
crossing_pedestrian,116,4.08795895055,3,1,0
crossing_pedestrian,117,4.74453193601,3,1,0
crossing_pedestrian,118,4.27599600516,3,1,0
crossing_pedestrian,119,2.73669091985,3,1,0
crossing_pedestrian,120,7.84494599793,3,1,0
crossing_pedestrian,121,7.80973199289,3,1,0
crossing_pedestrian,122,4.81438310817,3,1,0
crossing_pedestrian,123,4.32557996828,3,1,0
crossing_pedestrian,124,4.08350804355,3,1,0
crossing_pedestrian,125,4.2633630801,3,1,0
crossing_pedestrian,126,4.18507505674,3,1,0
crossing_pedestrian,127,64.6353439661,3,1,0
crossing_pedestrian,128,18.4486170765,3,1,0
crossing_pedestrian,129,5.22922107484,3,1,0
crossing_pedestrian,130,4.14139800705,3,1,0
crossing_pedestrian,131,14.219649951,3,1,0
crossing_pedestrian,132,3.8919239305,3,1,0
crossing_pedestrian,133,4.3507500086,3,1,0
crossing_pedestrian,134,3.9905939484,3,1,0
crossing_pedestrian,135,4.36615000945,3,1,0
crossing_pedestrian,136,88.3378899889,3,1,0
crossing_pedestrian,137,4.56189399119,3,1,0
crossing_pedestrian,138,2.74299702141,3,1,0
crossing_pedestrian,139,17.7386869909,3,1,0
crossing_pedestrian,140,4.53095301054,3,1,0
crossing_pedestrian,141,6.74993707798,3,1,0
crossing_pedestrian,142,7.22192204557,3,1,0
crossing_pedestrian,143,2.72992404643,3,1,0
crossing_pedestrian,144,6.07144099195,3,1,0
crossing_pedestrian,145,4.7566780122,3,1,0
crossing_pedestrian,146,4.17961797211,3,1,0
crossing_pedestrian,147,5.42158295866,3,1,0
crossing_pedestrian,148,5.32981497236,3,1,0
crossing_pedestrian,149,4.19584207702,3,1,0
crossing_pedestrian,150,2.63342796825,3,1,0
crossing_pedestrian,151,6.11881003715,3,1,0
crossing_pedestrian,152,2.75038310792,3,1,0
crossing_pedestrian,153,4.56117198337,3,1,0
crossing_pedestrian,154,3.81449202541,3,1,0
crossing_pedestrian,155,4.18004207313,3,1,0
crossing_pedestrian,156,4.15253010578,3,1,0
crossing_pedestrian,157,19.0709750168,3,1,0
crossing_pedestrian,158,2.80943000689,3,1,0
crossing_pedestrian,159,5.68466598634,3,1,0
crossing_pedestrian,160,4.07783896662,3,1,0
crossing_pedestrian,161,2.64975603204,3,1,0
crossing_pedestrian,162,63.4378389223,3,1,0
crossing_pedestrian,163,4.00098401587,3,1,0
crossing_pedestrian,164,4.55157808028,3,1,0
crossing_pedestrian,165,2.74538807571,3,1,0
crossing_pedestrian,166,2.74847005494,3,1,0
crossing_pedestrian,167,2.63724499382,3,1,0
crossing_pedestrian,168,4.17836394627,3,1,0
crossing_pedestrian,169,4.27361007314,3,1,0
crossing_pedestrian,170,6.57299207523,3,1,0
crossing_pedestrian,171,3.92597401515,3,1,0
crossing_pedestrian,172,14.2328341026,3,1,0
crossing_pedestrian,173,6.02617196273,3,1,0
crossing_pedestrian,174,455.343603971,3,0,1
crossing_pedestrian,175,5.14991697855,3,1,0
crossing_pedestrian,176,4.18045604602,3,1,0
crossing_pedestrian,177,3.82509105839,3,1,0
crossing_pedestrian,178,4.19448304456,3,1,0
crossing_pedestrian,179,2.64680606779,3,1,0
crossing_pedestrian,180,6.77116902079,3,1,0
crossing_pedestrian,181,6.44599599764,3,1,0
crossing_pedestrian,182,5.69791800808,3,1,0
crossing_pedestrian,183,4.84578392934,3,1,0
crossing_pedestrian,184,3.81376000587,3,1,0
crossing_pedestrian,185,3.80360893905,3,1,0
crossing_pedestrian,186,4.5560519211,3,1,0
crossing_pedestrian,187,9.69233503565,3,1,0
crossing_pedestrian,188,6.74460898153,3,1,0
crossing_pedestrian,189,7.9087249469,3,1,0
crossing_pedestrian,190,4.30108595174,3,1,0
crossing_pedestrian,191,4.38120402396,3,1,0
crossing_pedestrian,192,17.3427019035,3,1,0
crossing_pedestrian,193,4.75150800776,3,1,0
crossing_pedestrian,194,4.8694399884,3,1,0
crossing_pedestrian,195,33.1171459984,3,1,0
crossing_pedestrian,196,4.52118495014,3,1,0
crossing_pedestrian,197,4.19921602588,3,1,0
crossing_pedestrian,198,2.77522904798,3,1,0
crossing_pedestrian,199,4.14234399796,3,1,0
crossing_pedestrian,200,5.05853502546,3,1,0
crossing_pedestrian,201,4.29184699897,3,1,0
crossing_pedestrian,202,3.97800502833,3,1,0
crossing_pedestrian,203,4.22767794225,3,1,0
crossing_pedestrian,204,4.57263691351,3,1,0
crossing_pedestrian,205,5.42816193774,3,1,0
crossing_pedestrian,206,4.87184803933,3,1,0
crossing_pedestrian,207,3.97950003389,3,1,0
crossing_pedestrian,208,4.23357100226,3,1,0
crossing_pedestrian,209,3.83189704735,3,1,0
crossing_pedestrian,210,4.64969000313,3,1,0
crossing_pedestrian,211,4.74173296243,3,1,0
crossing_pedestrian,212,4.00343805086,3,1,0
crossing_pedestrian,213,2.68987298477,3,1,0
crossing_pedestrian,214,9.07272403128,3,1,0
crossing_pedestrian,215,4.24959498923,3,1,0
crossing_pedestrian,216,3.83423699532,3,1,0
crossing_pedestrian,217,3.98491090164,3,1,0
crossing_pedestrian,218,4.0818679845,3,1,0
crossing_pedestrian,219,3.96515300963,3,1,0
crossing_pedestrian,220,3.98548704106,3,1,0
crossing_pedestrian,221,6.28317904193,3,1,0
crossing_pedestrian,222,7.12168798782,3,1,0
crossing_pedestrian,223,8.09138093609,3,1,0
crossing_pedestrian,224,4.07690694556,3,1,0
crossing_pedestrian,225,4.87658195198,3,1,0
crossing_pedestrian,226,4.1810789844,3,1,0
crossing_pedestrian,227,2.78146204073,3,1,0
crossing_pedestrian,228,22.8461760562,3,1,0
crossing_pedestrian,229,4.0798780974,3,1,0
crossing_pedestrian,230,15.9591879928,3,1,0
crossing_pedestrian,231,8.74222093262,3,1,0
crossing_pedestrian,232,4.02196298819,3,1,0
crossing_pedestrian,233,3.95552895498,3,1,0
crossing_pedestrian,234,6.21562695596,3,1,0
crossing_pedestrian,235,3.94146202598,3,1,0
crossing_pedestrian,236,101.014749962,3,1,0
crossing_pedestrian,237,4.62263904046,3,1,0
crossing_pedestrian,238,2.75630201213,3,1,0
crossing_pedestrian,239,4.06408100389,3,1,0
crossing_pedestrian,240,6.72082800884,3,1,0
crossing_pedestrian,241,9.92262095679,3,1,0
crossing_pedestrian,242,4.57785103936,3,1,0
crossing_pedestrian,243,11.7244470166,3,1,0
crossing_pedestrian,244,6.47364603356,3,1,0
crossing_pedestrian,245,2.66356894281,3,1,0
crossing_pedestrian,246,2.74527608417,3,1,0
crossing_pedestrian,247,6.39279198367,3,1,0
crossing_pedestrian,248,3.6363810068,3,1,0
crossing_pedestrian,249,4.12779697217,3,1,0
crossing_pedestrian,250,5.80493593588,3,1,0
crossing_pedestrian,251,6.24142796732,3,1,0
crossing_pedestrian,252,84.5239839982,3,1,0
crossing_pedestrian,253,5.44903194532,3,1,0
crossing_pedestrian,254,3.82184702903,3,1,0
crossing_pedestrian,255,3.93608096056,3,1,0
crossing_pedestrian,256,7.06099998206,3,1,0
crossing_pedestrian,257,8.16907710396,3,1,0
crossing_pedestrian,258,3.99762601592,3,1,0
crossing_pedestrian,259,2.77791603003,3,1,0
crossing_pedestrian,260,2.76822096203,3,1,0
crossing_pedestrian,261,2.64551397413,3,1,0
crossing_pedestrian,262,2.8020630125,3,1,0
crossing_pedestrian,263,17.2450620448,3,1,0
crossing_pedestrian,264,4.22509200871,3,1,0
crossing_pedestrian,265,4.26532304846,3,1,0
crossing_pedestrian,266,3.89038398862,3,1,0
crossing_pedestrian,267,2.75093992241,3,1,0
crossing_pedestrian,268,4.38995205332,3,1,0
crossing_pedestrian,269,3.94443806726,3,1,0
crossing_pedestrian,270,8.6196300108,3,1,0
crossing_pedestrian,271,3.88492899947,3,1,0
crossing_pedestrian,272,4.28452005144,3,1,0
crossing_pedestrian,273,4.00617509149,3,1,0
crossing_pedestrian,274,3.81189305335,3,1,0
crossing_pedestrian,275,4.19206905644,3,1,0
crossing_pedestrian,276,4.90640499629,3,1,0
crossing_pedestrian,277,7.48126395047,3,1,0
crossing_pedestrian,278,3.79422400147,3,1,0
crossing_pedestrian,279,4.74238896277,3,1,0
crossing_pedestrian,280,3.80692793988,3,1,0
crossing_pedestrian,281,2.85430205986,3,1,0
crossing_pedestrian,282,4.29253291804,3,1,0
crossing_pedestrian,283,6.87559403013,3,1,0
crossing_pedestrian,284,4.65391797479,3,1,0
crossing_pedestrian,285,3.98494699039,3,1,0
crossing_pedestrian,286,2.67082697246,3,1,0
crossing_pedestrian,287,4.94648690801,3,1,0
crossing_pedestrian,288,2.74131400511,3,1,0
crossing_pedestrian,289,10.6432210887,3,1,0
crossing_pedestrian,290,5.7956869714,3,1,0
crossing_pedestrian,291,4.07539599109,3,1,0
crossing_pedestrian,292,5.17614197452,3,1,0
crossing_pedestrian,293,2.73439695593,3,1,0
crossing_pedestrian,294,2.74454499595,3,1,0
crossing_pedestrian,295,5.05273696035,3,1,0
crossing_pedestrian,296,3.71049600653,3,1,0
crossing_pedestrian,297,5.58464496862,3,1,0
crossing_pedestrian,298,3.94802400842,3,1,0
crossing_pedestrian,299,4.14874299895,3,1,0
crossing_pedestrian,300,4.18173300568,3,1,0
crossing_pedestrian,301,4.0724480059,3,1,0
crossing_pedestrian,302,26.7030060058,3,1,0
crossing_pedestrian,303,5.35595300607,3,1,0
crossing_pedestrian,304,3.75994900241,3,1,0
crossing_pedestrian,305,4.51782695018,3,1,0
crossing_pedestrian,306,5.92128303833,3,1,0
crossing_pedestrian,307,2.78449000325,3,1,0
crossing_pedestrian,308,5.03665395081,3,1,0
crossing_pedestrian,309,9.0631559724,3,1,0
crossing_pedestrian,310,4.47498203721,3,1,0
crossing_pedestrian,311,9.74845793098,3,1,0
crossing_pedestrian,312,4.16105100885,3,1,0
crossing_pedestrian,313,5.03855303396,3,1,0
crossing_pedestrian,314,4.72558790352,3,1,0
crossing_pedestrian,315,4.35800908599,3,1,0
crossing_pedestrian,316,5.45920990407,3,1,0
crossing_pedestrian,317,16.5490470827,3,1,0
crossing_pedestrian,318,7.33219704125,3,1,0
crossing_pedestrian,319,3.88242199551,3,1,0
crossing_pedestrian,320,14.5849949913,3,1,0
crossing_pedestrian,321,29.291390907,3,0,1
crossing_pedestrian,322,4.05585998669,3,1,0
crossing_pedestrian,323,4.15547704324,3,1,0
crossing_pedestrian,324,4.16572601534,3,1,0
crossing_pedestrian,325,5.21966896486,3,1,0
crossing_pedestrian,326,3.99695092347,3,1,0
crossing_pedestrian,327,4.00527298916,3,1,0
crossing_pedestrian,328,2.72629200481,3,1,0
crossing_pedestrian,329,4.18092007749,3,1,0
crossing_pedestrian,330,3.88998899143,3,1,0
crossing_pedestrian,331,4.06079599634,3,1,0
crossing_pedestrian,332,4.46890597232,3,1,0
crossing_pedestrian,333,11.1573050963,3,1,0
crossing_pedestrian,334,4.05009207316,3,1,0
crossing_pedestrian,335,10.3168890346,3,1,0
crossing_pedestrian,336,6.51210302021,3,1,0
crossing_pedestrian,337,10.2546440903,3,1,0
crossing_pedestrian,338,4.46389289573,3,1,0
crossing_pedestrian,339,2.72888201289,3,1,0
crossing_pedestrian,340,6.77694298793,3,1,0
crossing_pedestrian,341,2.73756997194,3,1,0
crossing_pedestrian,342,5.9133709874,3,1,0
crossing_pedestrian,343,6.35313801467,3,1,0
crossing_pedestrian,344,4.73257398698,3,1,0
crossing_pedestrian,345,35.5409419863,3,1,0
crossing_pedestrian,346,4.24040504731,3,1,0
crossing_pedestrian,347,2.67876801081,3,1,0
crossing_pedestrian,348,3.5619570408,3,1,0
crossing_pedestrian,349,2.72187509108,3,1,0
crossing_pedestrian,350,4.48813301045,3,1,0
crossing_pedestrian,351,7.71145999897,3,1,0
crossing_pedestrian,352,5.12243597768,3,1,0
crossing_pedestrian,353,4.80908399913,3,1,0
crossing_pedestrian,354,4.11971297581,3,1,0
crossing_pedestrian,355,4.39604604617,3,1,0
crossing_pedestrian,356,4.03030903544,3,1,0
crossing_pedestrian,357,8.10588698369,3,1,0
crossing_pedestrian,358,4.53141506296,3,1,0
crossing_pedestrian,359,4.08639304806,3,1,0
crossing_pedestrian,360,6.21062307619,3,1,0
crossing_pedestrian,361,4.64892503805,3,1,0
crossing_pedestrian,362,19.2460040562,3,1,0
crossing_pedestrian,363,5.05414092913,3,1,0
crossing_pedestrian,364,4.22496790998,3,1,0
crossing_pedestrian,365,4.07940405421,3,1,0
crossing_pedestrian,366,4.05026006047,3,1,0
crossing_pedestrian,367,7.492940058,3,1,0
crossing_pedestrian,368,15.3597800527,3,1,0
crossing_pedestrian,369,4.58895904012,3,1,0
crossing_pedestrian,370,3.84578690864,3,1,0
crossing_pedestrian,371,4.34246100485,3,1,0
crossing_pedestrian,372,5.37352194078,3,1,0
crossing_pedestrian,373,9.38812899403,3,1,0
crossing_pedestrian,374,4.27858298644,3,1,0
crossing_pedestrian,375,39.8112039547,3,0,1
crossing_pedestrian,376,4.6829120256,3,1,0
crossing_pedestrian,377,5.59596496169,3,1,0
crossing_pedestrian,378,4.5244920766,3,1,0
crossing_pedestrian,379,3.97893297486,3,1,0
crossing_pedestrian,380,4.30013099685,3,1,0
crossing_pedestrian,381,4.09608799964,3,1,0
crossing_pedestrian,382,4.80206997599,3,1,0
crossing_pedestrian,383,4.16602496989,3,1,0
crossing_pedestrian,384,10.9637769638,3,1,0
crossing_pedestrian,385,2.72707990371,3,1,0
crossing_pedestrian,386,4.17421897873,3,1,0
crossing_pedestrian,387,2.66900006682,3,1,0
crossing_pedestrian,388,4.54834895208,3,1,0
crossing_pedestrian,389,4.74813999608,3,1,0
crossing_pedestrian,390,8.48940690048,3,1,0
crossing_pedestrian,391,17.1483519953,3,1,0
crossing_pedestrian,392,3.80652106833,3,1,0
crossing_pedestrian,393,4.02326101903,3,1,0
crossing_pedestrian,394,29.0957660181,3,1,0
crossing_pedestrian,395,3.82390199229,3,1,0
crossing_pedestrian,396,5.35488000605,3,1,0
crossing_pedestrian,397,2.77493102476,3,1,0
crossing_pedestrian,398,4.63091593701,3,1,0
crossing_pedestrian,399,4.21871803701,3,1,0
crossing_pedestrian,400,10.5827159714,3,1,0
crossing_pedestrian,401,22.231188952,3,1,0
crossing_pedestrian,402,24.0732500097,3,1,0
crossing_pedestrian,403,4.92056203075,3,1,0
crossing_pedestrian,404,2.74216593243,3,1,0
crossing_pedestrian,405,8.18067102227,3,1,0
crossing_pedestrian,406,4.46894799825,3,1,0
crossing_pedestrian,407,3.86656308547,3,1,0
crossing_pedestrian,408,4.12922503892,3,1,0
crossing_pedestrian,409,7.57092807908,3,1,0
crossing_pedestrian,410,3.96440003533,3,1,0
crossing_pedestrian,411,6.77294190973,3,1,0
crossing_pedestrian,412,4.77282493375,3,1,0
crossing_pedestrian,413,4.08614100888,3,1,0
crossing_pedestrian,414,4.40554693341,3,1,0
crossing_pedestrian,415,6.76994095556,3,1,0
crossing_pedestrian,416,4.08794602845,3,1,0
crossing_pedestrian,417,5.91063406318,3,1,0
crossing_pedestrian,418,4.01156791486,3,1,0
crossing_pedestrian,419,6.61290297285,3,1,0
crossing_pedestrian,420,8.33568710368,3,1,0
crossing_pedestrian,421,3.72964097187,3,1,0
crossing_pedestrian,422,2.84837803338,3,1,0
crossing_pedestrian,423,2.64175201301,3,1,0
crossing_pedestrian,424,14.5278709242,3,1,0
crossing_pedestrian,425,4.48811496608,3,1,0
crossing_pedestrian,426,10.298952926,3,1,0
crossing_pedestrian,427,4.59873001091,3,1,0
crossing_pedestrian,428,4.07626805827,3,1,0
crossing_pedestrian,429,7.83519400284,3,1,0
crossing_pedestrian,430,5.50348602701,3,1,0
crossing_pedestrian,431,10.5723940069,3,1,0
crossing_pedestrian,432,6.72001007479,3,1,0
crossing_pedestrian,433,2.75744998362,3,1,0
crossing_pedestrian,434,5.38074597716,3,1,0
crossing_pedestrian,435,2.65815504827,3,1,0
crossing_pedestrian,436,6.22633704916,3,1,0
crossing_pedestrian,437,4.62974200491,3,1,0
crossing_pedestrian,438,4.18162997812,3,1,0
crossing_pedestrian,439,4.496071022,3,1,0
crossing_pedestrian,440,4.72007796634,3,1,0
crossing_pedestrian,441,63.4197790641,3,1,0
crossing_pedestrian,442,3.9378979709,3,1,0
crossing_pedestrian,443,4.48005902581,3,1,0
crossing_pedestrian,444,22.8390520206,3,1,0
crossing_pedestrian,445,4.6231149463,3,1,0
crossing_pedestrian,446,13.8074400602,3,1,0
crossing_pedestrian,447,3.47097904887,3,1,0
crossing_pedestrian,448,4.86980704591,3,1,0
crossing_pedestrian,449,6.72429602128,3,1,0
crossing_pedestrian,450,4.79213905055,3,1,0
crossing_pedestrian,451,4.00395598263,3,1,0
crossing_pedestrian,452,4.64637600817,3,1,0
crossing_pedestrian,453,11.0652680742,3,1,0
crossing_pedestrian,454,6.03826099541,3,1,0
crossing_pedestrian,455,2.75200803299,3,1,0
crossing_pedestrian,456,9.1826079879,3,1,0
crossing_pedestrian,457,5.64740190748,3,1,0
crossing_pedestrian,458,4.39233600628,3,1,0
crossing_pedestrian,459,3.9832679322,3,1,0
crossing_pedestrian,460,2.67477903981,3,1,0
crossing_pedestrian,461,2.7412349591,3,1,0
crossing_pedestrian,462,7.00735498685,3,1,0
crossing_pedestrian,463,9.75382002071,3,1,0
crossing_pedestrian,464,14.3981099827,3,1,0
crossing_pedestrian,465,4.09455702174,3,1,0
crossing_pedestrian,466,4.2677189922,3,1,0
crossing_pedestrian,467,7.62451905757,3,1,0
crossing_pedestrian,468,4.00356005412,3,1,0
crossing_pedestrian,469,2.75234796572,3,1,0
crossing_pedestrian,470,3.91652609687,3,1,0
crossing_pedestrian,471,3.98366700392,3,1,0
crossing_pedestrian,472,2.66401004046,3,1,0
crossing_pedestrian,473,15.7891600393,3,1,0
crossing_pedestrian,474,4.35040891171,3,1,0
crossing_pedestrian,475,3.84407793172,3,1,0
crossing_pedestrian,476,3.9367179852,3,1,0
crossing_pedestrian,477,46.6253469931,3,1,0
crossing_pedestrian,478,12.0660710381,3,1,0
crossing_pedestrian,479,4.28430491593,3,1,0
crossing_pedestrian,480,4.2023670394,3,1,0
crossing_pedestrian,481,6.56999391504,3,1,0
crossing_pedestrian,482,2.74741603062,3,1,0
crossing_pedestrian,483,5.92845794745,3,1,0
crossing_pedestrian,484,2.74690799415,3,1,0
crossing_pedestrian,485,4.56376699731,3,1,0
crossing_pedestrian,486,3.90626699664,3,1,0
crossing_pedestrian,487,7.78553297278,3,1,0
crossing_pedestrian,488,3.16613505129,3,1,0
crossing_pedestrian,489,4.11508395337,3,1,0
crossing_pedestrian,490,9.64210706297,3,1,0
crossing_pedestrian,491,2.66176799778,3,1,0
crossing_pedestrian,492,15.7412919216,3,1,0
crossing_pedestrian,493,4.29520197213,3,1,0
crossing_pedestrian,494,4.92324098013,3,1,0
crossing_pedestrian,495,6.61235908046,3,1,0
crossing_pedestrian,496,3.96973104216,3,1,0
crossing_pedestrian,497,5.24089997634,3,1,0
crossing_pedestrian,498,4.73717099521,3,1,0
crossing_pedestrian,499,4.5550679788,3,1,0
vehicle_cut_in,0,6.24050002079,3,1,0
vehicle_cut_in,1,2.96086596791,3,1,0
vehicle_cut_in,2,2.85979104228,3,1,0
vehicle_cut_in,3,2.69549305085,3,1,0
vehicle_cut_in,4,3.01192200277,3,1,0
vehicle_cut_in,5,7.90637289174,3,1,0
vehicle_cut_in,6,2.84455402289,3,1,0
vehicle_cut_in,7,2.85206001718,3,1,0
vehicle_cut_in,8,2.91415199172,3,1,0
vehicle_cut_in,9,6.5977970371,3,1,0
vehicle_cut_in,10,2.88741406985,3,1,0
vehicle_cut_in,11,4.81490499806,3,1,0
vehicle_cut_in,12,3.14654200338,3,1,0
vehicle_cut_in,13,2.7435910888,3,1,0
vehicle_cut_in,14,36.245508003,3,1,0
vehicle_cut_in,15,4.62083297316,3,1,0
vehicle_cut_in,16,4.25978598651,3,1,0
vehicle_cut_in,17,3.00150900148,3,1,0
vehicle_cut_in,18,2.8913730057,3,1,0
vehicle_cut_in,19,2.94055300765,3,1,0
vehicle_cut_in,20,5.6808500085,3,1,0
vehicle_cut_in,21,3.07102594525,3,1,0
vehicle_cut_in,22,2.76926695369,3,1,0
vehicle_cut_in,23,5.97081903834,3,1,0
vehicle_cut_in,24,2.91629694402,3,1,0
vehicle_cut_in,25,5.88198599871,3,1,0
vehicle_cut_in,26,23.0126719689,3,1,0
vehicle_cut_in,27,10.7148500392,3,1,0
vehicle_cut_in,28,8.43160704244,3,1,0
vehicle_cut_in,29,2.87629896775,3,1,0
vehicle_cut_in,30,7.90839502588,3,1,0
vehicle_cut_in,31,25.1977700973,3,1,0
vehicle_cut_in,32,3.03898006678,3,1,0
vehicle_cut_in,33,7.41614901926,3,1,0
vehicle_cut_in,34,29.1117150337,3,1,0
vehicle_cut_in,35,31.4365780214,3,1,1
vehicle_cut_in,36,2.6899559889,3,1,0
vehicle_cut_in,37,9.60941601079,3,1,0
vehicle_cut_in,38,2.85182299558,3,1,0
vehicle_cut_in,39,2.87807104178,3,1,0
vehicle_cut_in,40,40.1857959805,3,1,0
vehicle_cut_in,41,2.95977096539,3,1,0
vehicle_cut_in,42,14.5619759569,3,1,0
vehicle_cut_in,43,2.99913797062,3,1,0
vehicle_cut_in,44,7.05744302832,3,1,0
vehicle_cut_in,45,3.06276301853,3,1,0
vehicle_cut_in,46,2.8810959775,3,1,0
vehicle_cut_in,47,10.6885459973,3,1,0
vehicle_cut_in,48,3.02563700825,3,1,0
vehicle_cut_in,49,10.5139788939,3,1,0
vehicle_cut_in,50,183.711903985,3,1,1
vehicle_cut_in,51,2.95600492973,3,1,0
vehicle_cut_in,52,2.80675897375,3,1,0
vehicle_cut_in,53,2.95498804189,3,1,0
vehicle_cut_in,54,2.85664596595,3,1,0
vehicle_cut_in,55,2.81119300053,3,1,0
vehicle_cut_in,56,2.83918494824,3,1,0
vehicle_cut_in,57,10.7928910293,3,1,0
vehicle_cut_in,58,13.5794839589,3,1,0
vehicle_cut_in,59,2.718542004,3,1,0
vehicle_cut_in,60,2.8283870779,3,1,0
vehicle_cut_in,61,2.84684507642,3,1,0
vehicle_cut_in,62,22.3471400095,3,1,0
vehicle_cut_in,63,11.3968849182,3,1,0
vehicle_cut_in,64,2.86885094829,3,1,0
vehicle_cut_in,65,2.8106890386,3,1,0
vehicle_cut_in,66,2.66351201572,3,1,0
vehicle_cut_in,67,7.5246199267,3,1,0
vehicle_cut_in,68,3.00084101036,3,1,0
vehicle_cut_in,69,2.84110405482,3,1,0
vehicle_cut_in,70,2.74960207753,3,1,0
vehicle_cut_in,71,13.0540990504,3,1,0
vehicle_cut_in,72,45.1746099861,3,1,0
vehicle_cut_in,73,2.83573300112,3,1,0
vehicle_cut_in,74,23.2785990229,3,1,0
vehicle_cut_in,75,2.80914304312,3,1,0
vehicle_cut_in,76,2.86633800715,3,1,0
vehicle_cut_in,77,2.88960104808,3,1,0
vehicle_cut_in,78,2.73664295673,3,1,0
vehicle_cut_in,79,2.81926896423,3,1,0
vehicle_cut_in,80,15.4808009975,3,1,0
vehicle_cut_in,81,8.44029698055,3,1,0
vehicle_cut_in,82,2.88427202031,3,1,0
vehicle_cut_in,83,2.64573190361,3,1,0
vehicle_cut_in,84,4.10320993979,3,1,0
vehicle_cut_in,85,6.50414207485,3,1,0
vehicle_cut_in,86,5.34174998756,3,1,0
vehicle_cut_in,87,2.70501489285,3,1,0
vehicle_cut_in,88,9.67974204104,3,1,0
vehicle_cut_in,89,2.91308108717,3,1,0
vehicle_cut_in,90,2.74245801847,3,1,0
vehicle_cut_in,91,5.90546499006,3,1,0
vehicle_cut_in,92,7.55081593525,3,1,0
vehicle_cut_in,93,2.91823898442,3,1,0
vehicle_cut_in,94,3.08810500428,3,1,0
vehicle_cut_in,95,4.5121909352,3,1,0
vehicle_cut_in,96,8.93318804447,3,1,0
vehicle_cut_in,97,3.09602601919,3,1,0
vehicle_cut_in,98,4.27766900975,3,1,0
vehicle_cut_in,99,5.67655207124,3,1,0
vehicle_cut_in,100,2.84095807001,3,1,0
vehicle_cut_in,101,5.12228801381,3,1,0
vehicle_cut_in,102,16.059761052,3,1,0
vehicle_cut_in,103,2.93665297795,3,1,0
vehicle_cut_in,104,2.84148508217,3,1,0
vehicle_cut_in,105,2.7696499601,3,1,0
vehicle_cut_in,106,2.91644700337,3,1,0
vehicle_cut_in,107,2.76321708225,3,1,0
vehicle_cut_in,108,4.77563799359,3,1,0
vehicle_cut_in,109,2.69667210523,3,1,0
vehicle_cut_in,110,7.91300507262,3,1,0
vehicle_cut_in,111,2.66396591906,3,1,0
vehicle_cut_in,112,2.93738301843,3,1,0
vehicle_cut_in,113,2.77897296473,3,1,0
vehicle_cut_in,114,2.65432707965,3,1,0
vehicle_cut_in,115,7.75624008384,3,1,0
vehicle_cut_in,116,2.91654700413,3,1,0
vehicle_cut_in,117,2.85764003638,3,1,0
vehicle_cut_in,118,7.79150100425,3,1,0
vehicle_cut_in,119,3.01754195243,3,1,0
vehicle_cut_in,120,7.00604193844,3,1,0
vehicle_cut_in,121,2.77788599487,3,1,0
vehicle_cut_in,122,5.06169500295,3,1,0
vehicle_cut_in,123,16.4474700578,3,1,0
vehicle_cut_in,124,7.37294903956,3,1,0
vehicle_cut_in,125,2.63111304957,3,1,0
vehicle_cut_in,126,2.74389295373,3,1,0
vehicle_cut_in,127,2.65762000345,3,1,0
vehicle_cut_in,128,7.73876905441,3,1,0
vehicle_cut_in,129,5.18954603467,3,1,0
vehicle_cut_in,130,2.79759801924,3,1,0
vehicle_cut_in,131,2.76850303635,3,1,0
vehicle_cut_in,132,5.64019905869,3,1,0
vehicle_cut_in,133,5.77202800196,3,1,0
vehicle_cut_in,134,2.82944890205,3,1,0
vehicle_cut_in,135,24.1955060046,3,1,0
vehicle_cut_in,136,7.76377494913,3,1,0
vehicle_cut_in,137,8.08383501135,3,1,0
vehicle_cut_in,138,2.91933701374,3,1,0
vehicle_cut_in,139,2.83762102481,3,1,0
vehicle_cut_in,140,6.09408598393,3,1,0
vehicle_cut_in,141,2.70945800003,3,1,0
vehicle_cut_in,142,10.780334007,3,1,0
vehicle_cut_in,143,19.4591860054,3,1,0
vehicle_cut_in,144,50.6644570269,3,1,0
vehicle_cut_in,145,6.9500990212,3,1,0
vehicle_cut_in,146,19.6709000738,3,1,0
vehicle_cut_in,147,2.94518005103,3,1,0
vehicle_cut_in,148,2.89624300785,3,1,0
vehicle_cut_in,149,9.78208298329,3,1,0
vehicle_cut_in,150,6.56160304789,3,1,0
vehicle_cut_in,151,2.69583403133,3,1,0
vehicle_cut_in,152,2.75864393916,3,1,0
vehicle_cut_in,153,9.02118207887,3,1,0
vehicle_cut_in,154,2.85325502045,3,1,0
vehicle_cut_in,155,3.00606898963,3,1,0
vehicle_cut_in,156,3.0144728953,3,1,0
vehicle_cut_in,157,7.43232702371,3,1,0
vehicle_cut_in,158,7.60174891911,3,1,0
vehicle_cut_in,159,10.0700180046,3,1,0
vehicle_cut_in,160,2.97021795996,3,1,0
vehicle_cut_in,161,2.87022604607,3,1,0
vehicle_cut_in,162,5.3467489779,3,1,0
vehicle_cut_in,163,2.9664109461,3,1,0
vehicle_cut_in,164,2.89459503256,3,1,0
vehicle_cut_in,165,17.9970819736,3,1,0
vehicle_cut_in,166,6.0713859275,3,1,0
vehicle_cut_in,167,6.59788097255,3,1,0
vehicle_cut_in,168,2.69525393378,3,1,0
vehicle_cut_in,169,24.647692102,3,1,0
vehicle_cut_in,170,25.0088080065,3,1,1
vehicle_cut_in,171,2.73417797871,3,1,0
vehicle_cut_in,172,18.3066350874,3,1,0
vehicle_cut_in,173,2.9768900713,3,1,0
vehicle_cut_in,174,6.16341002751,3,1,0
vehicle_cut_in,175,2.80303996988,3,1,0
vehicle_cut_in,176,2.90876801591,3,1,0
vehicle_cut_in,177,2.88125197403,3,1,0
vehicle_cut_in,178,55.4792219773,3,1,0
vehicle_cut_in,179,8.32756003365,3,1,0
vehicle_cut_in,180,2.88725201972,3,1,0
vehicle_cut_in,181,4.41258598585,3,1,0
vehicle_cut_in,182,3.01497895271,3,1,0
vehicle_cut_in,183,2.80941498931,3,1,0
vehicle_cut_in,184,7.78580794577,3,1,0
vehicle_cut_in,185,2.68503499683,3,1,0
vehicle_cut_in,186,27.0850240486,3,1,0
vehicle_cut_in,187,7.08491192199,3,1,0
vehicle_cut_in,188,3.07750492357,3,1,0
vehicle_cut_in,189,17.3129279865,3,1,0
vehicle_cut_in,190,2.71433009766,3,1,0
vehicle_cut_in,191,8.81721696351,3,1,0
vehicle_cut_in,192,15.4636090156,3,1,0
vehicle_cut_in,193,8.10599199031,3,1,0
vehicle_cut_in,194,2.98787199426,3,1,0
vehicle_cut_in,195,4.94682195131,3,1,0
vehicle_cut_in,196,2.83769401722,3,1,0
vehicle_cut_in,197,2.97497608699,3,1,0
vehicle_cut_in,198,5.63176500145,3,1,0
vehicle_cut_in,199,5.11547795031,3,1,0
vehicle_cut_in,200,8.33687593695,3,1,0
vehicle_cut_in,201,8.82546894718,3,1,0
vehicle_cut_in,202,2.99371802248,3,1,0
vehicle_cut_in,203,8.31831805408,3,1,0
vehicle_cut_in,204,3.01339197904,3,1,0
vehicle_cut_in,205,7.1195049677,3,1,0
vehicle_cut_in,206,2.72405194119,3,1,0
vehicle_cut_in,207,2.86951300222,3,1,0
vehicle_cut_in,208,7.45809392538,3,1,0
vehicle_cut_in,209,2.95910402201,3,1,0
vehicle_cut_in,210,7.47959699947,3,1,0
vehicle_cut_in,211,3.21196892764,3,1,0
vehicle_cut_in,212,3.05443594698,3,1,0
vehicle_cut_in,213,2.93561595026,3,1,0
vehicle_cut_in,214,11.6205279483,3,1,0
vehicle_cut_in,215,3.09694302268,3,1,0
vehicle_cut_in,216,4.99405502342,3,1,0
vehicle_cut_in,217,2.86203599535,3,1,0
vehicle_cut_in,218,16.7501070537,3,1,0
vehicle_cut_in,219,2.83184298314,3,1,0
vehicle_cut_in,220,10.0708130049,3,1,0
vehicle_cut_in,221,11.1319529824,3,1,0
vehicle_cut_in,222,6.83125702199,3,1,0
vehicle_cut_in,223,4.72905894276,3,1,0
vehicle_cut_in,224,2.78648303356,3,1,0
vehicle_cut_in,225,11.5326800151,3,1,0
vehicle_cut_in,226,5.61494496651,3,1,0
vehicle_cut_in,227,7.75765196886,3,1,0
vehicle_cut_in,228,5.99186308682,3,1,0
vehicle_cut_in,229,2.82994296867,3,1,0
vehicle_cut_in,230,2.87877395749,3,1,0
vehicle_cut_in,231,2.79644806869,3,1,0
vehicle_cut_in,232,2.72834906355,3,1,0
vehicle_cut_in,233,2.9126170557,3,1,0
vehicle_cut_in,234,9.27787797991,3,1,0
vehicle_cut_in,235,8.71422409546,3,1,0
vehicle_cut_in,236,11.2972850911,3,1,0
vehicle_cut_in,237,2.79829709325,3,1,0
vehicle_cut_in,238,28.0436100438,3,1,0
vehicle_cut_in,239,4.80943697039,3,1,0
vehicle_cut_in,240,5.88716892526,3,1,0
vehicle_cut_in,241,2.90022802074,3,1,0
vehicle_cut_in,242,4.84111194964,3,1,0
vehicle_cut_in,243,10.7810059562,3,1,0
vehicle_cut_in,244,7.84470303915,3,1,0
vehicle_cut_in,245,2.82880698796,3,1,0
vehicle_cut_in,246,22.5457849447,3,1,0
vehicle_cut_in,247,2.78640899342,3,1,0
vehicle_cut_in,248,2.88829999045,3,1,0
vehicle_cut_in,249,2.77561799157,3,1,0
vehicle_cut_in,250,8.14717507455,3,1,0
vehicle_cut_in,251,2.89367395453,3,1,0
vehicle_cut_in,252,58.5343620041,3,1,0
vehicle_cut_in,253,2.67825904302,3,1,0
vehicle_cut_in,254,2.92418291792,3,1,0
vehicle_cut_in,255,2.80412798747,3,1,0
vehicle_cut_in,256,2.69002304412,3,1,0
vehicle_cut_in,257,2.88114196155,3,1,0
vehicle_cut_in,258,2.83315801062,3,1,0
vehicle_cut_in,259,124.554186943,3,1,1
vehicle_cut_in,260,45.9205129882,3,1,1
vehicle_cut_in,261,3.02981503773,3,1,0
vehicle_cut_in,262,5.00301003922,3,1,0
vehicle_cut_in,263,12.2373679187,3,1,0
vehicle_cut_in,264,6.35385094211,3,1,0
vehicle_cut_in,265,7.92607292533,3,1,0
vehicle_cut_in,266,2.90644797496,3,1,0
vehicle_cut_in,267,2.73727602325,3,1,0
vehicle_cut_in,268,6.53045298532,3,1,0
vehicle_cut_in,269,2.93678697199,3,1,0
vehicle_cut_in,270,7.40525091533,3,1,0
vehicle_cut_in,271,6.06647692621,3,1,0
vehicle_cut_in,272,3.03785398137,3,1,0
vehicle_cut_in,273,2.93450790923,3,1,0
vehicle_cut_in,274,6.56964501832,3,1,0
vehicle_cut_in,275,5.44673705008,3,1,0
vehicle_cut_in,276,2.93488998432,3,1,0
vehicle_cut_in,277,2.85973201972,3,1,0
vehicle_cut_in,278,2.79739592224,3,1,0
vehicle_cut_in,279,2.88263289258,3,1,0
vehicle_cut_in,280,2.72791995667,3,1,0
vehicle_cut_in,281,7.18993099872,3,1,0
vehicle_cut_in,282,2.80600599945,3,1,0
vehicle_cut_in,283,25.0494139036,3,1,0
vehicle_cut_in,284,7.57434801199,3,1,0
vehicle_cut_in,285,3.90754407272,3,1,0
vehicle_cut_in,286,9.3104270054,3,1,0
vehicle_cut_in,287,2.83823802602,3,1,0
vehicle_cut_in,288,6.92719093058,3,1,0
vehicle_cut_in,289,3.03269503638,3,1,0
vehicle_cut_in,290,2.73487507366,3,1,0
vehicle_cut_in,291,2.85997195169,3,1,0
vehicle_cut_in,292,2.999032964,3,1,0
vehicle_cut_in,293,2.74713302497,3,1,0
vehicle_cut_in,294,2.97085102648,3,1,0
vehicle_cut_in,295,15.4845629586,3,1,0
vehicle_cut_in,296,5.60166791547,3,1,0
vehicle_cut_in,297,2.71707598586,3,1,0
vehicle_cut_in,298,2.98262608703,3,1,0
vehicle_cut_in,299,2.97419703566,3,1,0
vehicle_cut_in,300,4.46577300318,3,1,0
vehicle_cut_in,301,2.96596006956,3,1,0
vehicle_cut_in,302,8.62892589066,3,1,0
vehicle_cut_in,303,2.87515798118,3,1,0
vehicle_cut_in,304,12.6338700065,3,1,0
vehicle_cut_in,305,2.70972703584,3,1,0
vehicle_cut_in,306,2.80761101749,3,1,0
vehicle_cut_in,307,2.73810897488,3,1,0
vehicle_cut_in,308,5.11854304932,3,1,0
vehicle_cut_in,309,3.06081597228,3,1,0
vehicle_cut_in,310,64.8299050517,3,1,0
vehicle_cut_in,311,6.1211650027,3,1,0
vehicle_cut_in,312,5.98561298102,3,1,0
vehicle_cut_in,313,6.74532109406,3,1,0
vehicle_cut_in,314,30.2306259982,3,1,1
vehicle_cut_in,315,6.02199498098,3,1,0
vehicle_cut_in,316,2.95158091467,3,1,0
vehicle_cut_in,317,2.88630195428,3,1,0
vehicle_cut_in,318,7.21883203369,3,1,0
vehicle_cut_in,319,7.68909300677,3,1,0
vehicle_cut_in,320,2.66335508786,3,1,0
vehicle_cut_in,321,5.25574898347,3,1,0
vehicle_cut_in,322,7.91750301141,3,1,0
vehicle_cut_in,323,8.42851097696,3,1,0
vehicle_cut_in,324,2.89984804112,3,1,0
vehicle_cut_in,325,3.02272802219,3,1,0
vehicle_cut_in,326,7.64322699979,3,1,0
vehicle_cut_in,327,6.20015303139,3,1,0
vehicle_cut_in,328,4.90295200143,3,1,0
vehicle_cut_in,329,8.65642400458,3,1,0
vehicle_cut_in,330,9.26029705442,3,1,0
vehicle_cut_in,331,2.92332097888,3,1,0
vehicle_cut_in,332,2.81935103703,3,1,0
vehicle_cut_in,333,2.79264699202,3,1,0
vehicle_cut_in,334,2.75933498051,3,1,0
vehicle_cut_in,335,2.85301008262,3,1,0
vehicle_cut_in,336,5.28410507832,3,1,0
vehicle_cut_in,337,10.2999740047,3,1,0
vehicle_cut_in,338,2.85843398888,3,1,0
vehicle_cut_in,339,9.26729501225,3,1,0
vehicle_cut_in,340,2.9384229565,3,1,0
vehicle_cut_in,341,20.6734819803,3,1,0
vehicle_cut_in,342,49.4777309941,3,1,0
vehicle_cut_in,343,9.30973200593,3,1,0
vehicle_cut_in,344,3.00999509636,3,1,0
vehicle_cut_in,345,8.11303802766,3,1,0
vehicle_cut_in,346,11.4843790652,3,1,0
vehicle_cut_in,347,2.86385207437,3,1,0
vehicle_cut_in,348,7.78627896216,3,1,0
vehicle_cut_in,349,15.6962060137,3,1,0
vehicle_cut_in,350,7.31959298719,3,1,0
vehicle_cut_in,351,2.89136799984,3,1,0
vehicle_cut_in,352,2.77250201907,3,1,0
vehicle_cut_in,353,2.76583607774,3,1,0
vehicle_cut_in,354,2.8232409386,3,1,0
vehicle_cut_in,355,2.83369899262,3,1,0
vehicle_cut_in,356,7.03213002998,3,1,0
vehicle_cut_in,357,2.7658380568,3,1,0
vehicle_cut_in,358,9.43117006682,3,1,0
vehicle_cut_in,359,2.99295107834,3,1,0
vehicle_cut_in,360,6.05994905345,3,1,0
vehicle_cut_in,361,36.2424770137,3,1,0
vehicle_cut_in,362,6.70093600638,3,1,0
vehicle_cut_in,363,4.93651698343,3,1,0
vehicle_cut_in,364,3.04719700944,3,1,0
vehicle_cut_in,365,6.25224004034,3,1,0
vehicle_cut_in,366,7.98623694573,3,1,0
vehicle_cut_in,367,5.70664391853,3,1,0
vehicle_cut_in,368,2.70512001589,3,1,0
vehicle_cut_in,369,7.73467298131,3,1,0
vehicle_cut_in,370,2.98401503824,3,1,0
vehicle_cut_in,371,6.09134300612,3,1,0
vehicle_cut_in,372,14.1168499831,3,1,0
vehicle_cut_in,373,2.79856391717,3,1,0
vehicle_cut_in,374,2.76499299798,3,1,0
vehicle_cut_in,375,2.80361296609,3,1,0
vehicle_cut_in,376,4.84504201449,3,1,0
vehicle_cut_in,377,2.94795597438,3,1,0
vehicle_cut_in,378,12.3327219626,3,1,0
vehicle_cut_in,379,2.86995794158,3,1,0
vehicle_cut_in,380,12.5519559951,3,1,0
vehicle_cut_in,381,2.77464895044,3,1,0
vehicle_cut_in,382,5.75039500836,3,1,0
vehicle_cut_in,383,7.32547009829,3,1,0
vehicle_cut_in,384,5.51374792121,3,1,0
vehicle_cut_in,385,2.65022902749,3,1,0
vehicle_cut_in,386,4.48420201428,3,1,0
vehicle_cut_in,387,7.40467605647,3,1,0
vehicle_cut_in,388,37.2923789546,3,1,1
vehicle_cut_in,389,2.99683306366,3,1,0
vehicle_cut_in,390,2.81317299232,3,1,0
vehicle_cut_in,391,2.84669199027,3,1,0
vehicle_cut_in,392,6.47726701573,3,1,0
vehicle_cut_in,393,2.91087699588,3,1,0
vehicle_cut_in,394,10.6050289469,3,1,0
vehicle_cut_in,395,2.71178898402,3,1,0
vehicle_cut_in,396,4.20766999014,3,1,0
vehicle_cut_in,397,2.97386106104,3,1,0
vehicle_cut_in,398,2.8212639736,3,1,0
vehicle_cut_in,399,16.4964830037,3,1,0
vehicle_cut_in,400,23.9081379259,3,1,0
vehicle_cut_in,401,2.75732798036,3,1,0
vehicle_cut_in,402,8.57616704889,3,1,0
vehicle_cut_in,403,5.05287095439,3,1,0
vehicle_cut_in,404,2.94260994997,3,1,0
vehicle_cut_in,405,3.05552501231,3,1,0
vehicle_cut_in,406,17.4823449925,3,1,0
vehicle_cut_in,407,3.34391801152,3,1,0
vehicle_cut_in,408,2.82103195786,3,1,0
vehicle_cut_in,409,2.82891700044,3,1,0
vehicle_cut_in,410,2.92371399701,3,1,0
vehicle_cut_in,411,2.71288503427,3,1,0
vehicle_cut_in,412,8.00817098934,3,1,0
vehicle_cut_in,413,7.94521602802,3,1,0
vehicle_cut_in,414,2.92999588419,3,1,0
vehicle_cut_in,415,5.70477801375,3,1,0
vehicle_cut_in,416,3.41358198784,3,1,0
vehicle_cut_in,417,7.83219491132,3,1,0
vehicle_cut_in,418,19.5803709794,3,1,0
vehicle_cut_in,419,2.75061989669,3,1,0
vehicle_cut_in,420,5.40182099212,3,1,0
vehicle_cut_in,421,4.62236301973,3,1,0
vehicle_cut_in,422,2.84740200732,3,1,0
vehicle_cut_in,423,5.04568999168,3,1,0
vehicle_cut_in,424,2.76849698275,3,1,0
vehicle_cut_in,425,112.192447064,3,1,1
vehicle_cut_in,426,2.89967795834,3,1,0
vehicle_cut_in,427,12.9049040843,3,1,0
vehicle_cut_in,428,2.91145802476,3,1,0
vehicle_cut_in,429,9.44181403611,3,1,0
vehicle_cut_in,430,2.73104594089,3,1,0
vehicle_cut_in,431,15.9740210511,3,1,0
vehicle_cut_in,432,6.42360490747,3,1,0
vehicle_cut_in,433,26.5743159689,3,1,1
vehicle_cut_in,434,2.6867169654,3,1,0
vehicle_cut_in,435,2.90259998292,3,1,0
vehicle_cut_in,436,2.98779003788,3,1,0
vehicle_cut_in,437,2.95221793931,3,1,0
vehicle_cut_in,438,3.10346903279,3,1,0
vehicle_cut_in,439,5.79808803741,3,1,0
vehicle_cut_in,440,14.2845489318,3,1,0
vehicle_cut_in,441,37.7969460096,3,1,1
vehicle_cut_in,442,5.02304499969,3,1,0
vehicle_cut_in,443,7.76193896309,3,1,0
vehicle_cut_in,444,2.9859499773,3,1,0
vehicle_cut_in,445,2.98564101104,3,1,0
vehicle_cut_in,446,2.9839000199,3,1,0
vehicle_cut_in,447,16.2771519972,3,1,1
vehicle_cut_in,448,4.98630409129,3,1,0
vehicle_cut_in,449,7.01289204881,3,1,0
vehicle_cut_in,450,2.85789498594,3,1,0
vehicle_cut_in,451,6.35845004581,3,1,0
vehicle_cut_in,452,9.3281379668,3,1,0
vehicle_cut_in,453,2.89406697266,3,1,0
vehicle_cut_in,454,266.094734077,3,1,1
vehicle_cut_in,455,2.80661496799,3,1,0
vehicle_cut_in,456,21.0718669696,3,1,0
vehicle_cut_in,457,110.377512057,3,1,1
vehicle_cut_in,458,2.86020000931,3,1,0
vehicle_cut_in,459,2.95332702808,3,1,0
vehicle_cut_in,460,5.50099101383,3,1,0
vehicle_cut_in,461,8.69540602434,3,1,0
vehicle_cut_in,462,2.8560210485,3,1,0
vehicle_cut_in,463,8.51526902989,3,1,0
vehicle_cut_in,464,6.72877603211,3,1,0
vehicle_cut_in,465,8.52871499956,3,1,0
vehicle_cut_in,466,5.18173596356,3,1,0
vehicle_cut_in,467,2.88812094368,3,1,0
vehicle_cut_in,468,36.0492209438,3,1,0
vehicle_cut_in,469,2.89186299779,3,1,0
vehicle_cut_in,470,2.80534301419,3,1,0
vehicle_cut_in,471,2.90685496293,3,1,0
vehicle_cut_in,472,22.303297068,3,1,0
vehicle_cut_in,473,5.23169606458,3,1,0
vehicle_cut_in,474,4.27944993135,3,1,0
vehicle_cut_in,475,12.0385959744,3,1,0
vehicle_cut_in,476,9.25426010508,3,1,0
vehicle_cut_in,477,7.34982790891,3,1,0
vehicle_cut_in,478,3.14055196941,3,1,0
vehicle_cut_in,479,8.74950690195,3,1,0
vehicle_cut_in,480,10.5815409916,3,1,0
vehicle_cut_in,481,2.67032498959,3,1,0
vehicle_cut_in,482,2.76762095746,3,1,0
vehicle_cut_in,483,3.01225797739,3,1,0
vehicle_cut_in,484,5.05532592069,3,1,0
vehicle_cut_in,485,2.83219700214,3,1,0
vehicle_cut_in,486,2.8457849985,3,1,0
vehicle_cut_in,487,3.0024331063,3,1,0
vehicle_cut_in,488,2.96360091306,3,1,0
vehicle_cut_in,489,3.04163899273,3,1,0
vehicle_cut_in,490,3.02872504108,3,1,0
vehicle_cut_in,491,2.74124904536,3,1,0
vehicle_cut_in,492,4.30020899512,3,1,0
vehicle_cut_in,493,2.82699405216,3,1,0
vehicle_cut_in,494,6.65809900966,3,1,0
vehicle_cut_in,495,8.66346701514,3,1,0
vehicle_cut_in,496,8.36782099213,3,1,0
vehicle_cut_in,497,2.81300395727,3,1,0
vehicle_cut_in,498,2.82418099232,3,1,0
vehicle_cut_in,499,2.8456459986,3,1,0
parked_and_oncoming,0,4.07413206995,3,1,0
parked_and_oncoming,1,3.86610301211,3,1,0
parked_and_oncoming,2,4.82345302589,3,1,0
parked_and_oncoming,3,56.4741429407,3,1,1
parked_and_oncoming,4,3.93989100121,3,1,0
parked_and_oncoming,5,43.7969809864,3,1,1
parked_and_oncoming,6,3.92748194281,3,1,0
parked_and_oncoming,7,16.3739969721,3,0,1
parked_and_oncoming,8,30.7549020508,3,1,1
parked_and_oncoming,9,36.4059860585,3,0,1
parked_and_oncoming,10,4.09819302149,3,1,0
parked_and_oncoming,11,3.95245093387,3,1,0
parked_and_oncoming,12,3.95856006071,3,1,0
parked_and_oncoming,13,23.5670360271,3,1,1
parked_and_oncoming,14,3.94450302701,3,1,0
parked_and_oncoming,15,3.94361594226,3,1,0
parked_and_oncoming,16,15.4289349448,3,1,0
parked_and_oncoming,17,3.92777298111,3,1,0
parked_and_oncoming,18,56.0902730795,3,1,1
parked_and_oncoming,19,3.84745607153,3,1,0
parked_and_oncoming,20,4.15042298846,3,1,0
parked_and_oncoming,21,52.7067489456,3,1,1
parked_and_oncoming,22,22.9595849523,3,1,1
parked_and_oncoming,23,5.13855507597,3,1,0
parked_and_oncoming,24,9.74358292297,3,1,0
parked_and_oncoming,25,46.1414380698,3,1,1
parked_and_oncoming,26,13.8961339835,3,0,1
parked_and_oncoming,27,36.7983119795,3,1,1
parked_and_oncoming,28,23.4022319783,3,1,1
parked_and_oncoming,29,3.92683804967,3,1,0
parked_and_oncoming,30,54.9351540394,3,1,0
parked_and_oncoming,31,3.9428549353,3,1,0
parked_and_oncoming,32,4.15983097628,3,1,0
parked_and_oncoming,33,3.93871404231,3,1,0
parked_and_oncoming,34,93.6771429842,3,1,0
parked_and_oncoming,35,3.93907004036,3,1,0
parked_and_oncoming,36,19.4383349735,3,0,1
parked_and_oncoming,37,3.99659003597,3,1,0
parked_and_oncoming,38,3.96857899614,3,1,0
parked_and_oncoming,39,3.97908908781,3,1,0
parked_and_oncoming,40,3.96455498412,3,1,0
parked_and_oncoming,41,48.7190779531,3,1,1
parked_and_oncoming,42,3.8360140752,3,1,0
parked_and_oncoming,43,3.92797891982,3,1,0
parked_and_oncoming,44,4.65109699871,3,1,0
parked_and_oncoming,45,5.36322500557,3,1,0
parked_and_oncoming,46,4.20459802262,3,1,0
parked_and_oncoming,47,3.88548104092,3,1,0
parked_and_oncoming,48,3.98323801346,3,1,0
parked_and_oncoming,49,68.0883160094,3,1,0
parked_and_oncoming,50,3.92272893805,3,1,0
parked_and_oncoming,51,49.2693829583,3,1,1
parked_and_oncoming,52,3.9964390453,3,1,0
parked_and_oncoming,53,3.79787303973,3,1,0
parked_and_oncoming,54,3.90543101821,3,1,0
parked_and_oncoming,55,3.80079296883,3,1,0
parked_and_oncoming,56,4.15006408002,3,1,0
parked_and_oncoming,57,26.1316610267,3,1,1
parked_and_oncoming,58,49.5011230232,3,1,1
parked_and_oncoming,59,3.95569996908,3,1,0
parked_and_oncoming,60,9.10457002465,3,0,1
parked_and_oncoming,61,57.4683009181,3,1,1
parked_and_oncoming,62,3.82427393924,3,1,0
parked_and_oncoming,63,3.92660009675,3,1,0
parked_and_oncoming,64,3.94705601502,3,1,0
parked_and_oncoming,65,3.97811690345,3,1,0
parked_and_oncoming,66,12.2987219365,3,0,1
parked_and_oncoming,67,3.97054001223,3,1,0
parked_and_oncoming,68,3.93970590085,3,1,0
parked_and_oncoming,69,3.86341707781,3,1,0
parked_and_oncoming,70,3.95200599451,3,1,0
parked_and_oncoming,71,3.8707019994,3,1,0
parked_and_oncoming,72,4.00210299995,3,1,0
parked_and_oncoming,73,3.75220389105,3,1,0
parked_and_oncoming,74,50.899785012,3,1,1
parked_and_oncoming,75,15.5994800152,3,0,1
parked_and_oncoming,76,32.681045006,3,0,1
parked_and_oncoming,77,3.73155903071,3,1,0
parked_and_oncoming,78,47.5641010562,3,1,1
parked_and_oncoming,79,3.87649098411,3,1,0
parked_and_oncoming,80,4.26598498598,3,1,0
parked_and_oncoming,81,3.95715399645,3,1,0
parked_and_oncoming,82,28.0841189669,3,1,1
parked_and_oncoming,83,53.7702610018,3,1,1
parked_and_oncoming,84,54.0318039712,3,1,1
parked_and_oncoming,85,3.93362599425,3,1,0
parked_and_oncoming,86,3.93363891635,3,1,0
parked_and_oncoming,87,42.5318580819,3,1,1
parked_and_oncoming,88,3.92533000559,3,1,0
parked_and_oncoming,89,3.73308698181,3,1,0
parked_and_oncoming,90,58.5319940001,3,1,1
parked_and_oncoming,91,4.02593892068,3,1,0
parked_and_oncoming,92,3.92599997576,3,1,0
parked_and_oncoming,93,41.5940459352,3,1,1
parked_and_oncoming,94,3.85465903673,3,1,0
parked_and_oncoming,95,3.77535901498,3,1,0
parked_and_oncoming,96,3.83440603036,3,1,0
parked_and_oncoming,97,3.98343289271,3,1,0
parked_and_oncoming,98,5.08801406249,3,1,0
parked_and_oncoming,99,18.4166210238,3,1,1
parked_and_oncoming,100,3.89685307164,3,1,0
parked_and_oncoming,101,3.80305806175,3,1,0
parked_and_oncoming,102,45.1683200663,3,0,1
parked_and_oncoming,103,3.93580202945,3,1,0
parked_and_oncoming,104,10.4349220637,3,0,1
parked_and_oncoming,105,108.442350989,3,1,1
parked_and_oncoming,106,44.6650419617,3,1,1
parked_and_oncoming,107,29.0659250459,3,1,1
parked_and_oncoming,108,49.11468504,3,1,1
parked_and_oncoming,109,68.8312869752,3,1,1
parked_and_oncoming,110,3.92419600394,3,1,0
parked_and_oncoming,111,67.8107839776,3,1,1
parked_and_oncoming,112,4.6954639256,3,1,0
parked_and_oncoming,113,4.06076898798,3,1,0
parked_and_oncoming,114,3.88549291529,3,1,0
parked_and_oncoming,115,14.5740089938,3,0,1
parked_and_oncoming,116,3.72820394114,3,1,0
parked_and_oncoming,117,4.02630597819,3,1,0
parked_and_oncoming,118,4.01018199045,3,1,0
parked_and_oncoming,119,4.20079997275,3,1,0
parked_and_oncoming,120,6.19504589122,3,0,0
parked_and_oncoming,121,28.2541350462,3,1,1
parked_and_oncoming,122,4.00857604109,3,1,0
parked_and_oncoming,123,3.99574299809,3,1,0
parked_and_oncoming,124,4.13013191428,3,1,0
parked_and_oncoming,125,27.7727739885,3,1,1
parked_and_oncoming,126,3.76273004804,3,1,0
parked_and_oncoming,127,10.6483199634,3,0,1
parked_and_oncoming,128,3.92775598448,3,1,0
parked_and_oncoming,129,4.04001097195,3,1,0
parked_and_oncoming,130,5.06077893078,3,1,0
parked_and_oncoming,131,57.9130758997,3,1,1
parked_and_oncoming,132,4.00592503138,3,1,0
parked_and_oncoming,133,4.00687707588,3,1,0
parked_and_oncoming,134,4.03247994836,3,1,0
parked_and_oncoming,135,69.7772830026,3,1,1
parked_and_oncoming,136,3.96821903996,3,1,0
parked_and_oncoming,137,4.21765702777,3,1,0
parked_and_oncoming,138,24.4092269568,3,1,1
parked_and_oncoming,139,3.92852700315,3,1,0
parked_and_oncoming,140,41.3920209976,3,1,1
parked_and_oncoming,141,3.72969999444,3,1,0
parked_and_oncoming,142,79.9818870146,3,1,1
parked_and_oncoming,143,4.43772901781,3,1,0
parked_and_oncoming,144,51.4137760038,3,1,1
parked_and_oncoming,145,3.94596997648,3,1,0
parked_and_oncoming,146,41.8709000805,3,1,1
parked_and_oncoming,147,3.93149000593,3,1,0
parked_and_oncoming,148,3.93992697354,3,1,0
parked_and_oncoming,149,51.4330229489,3,1,1
parked_and_oncoming,150,3.85610107332,3,1,0
parked_and_oncoming,151,3.86830896605,3,1,0
parked_and_oncoming,152,10.6677350122,3,0,1
parked_and_oncoming,153,27.4898729986,3,1,1
parked_and_oncoming,154,3.90351295937,3,1,0
parked_and_oncoming,155,3.76018800307,3,1,0
parked_and_oncoming,156,4.01370390318,3,1,0
parked_and_oncoming,157,4.04828798492,3,1,0
parked_and_oncoming,158,3.89407703187,3,1,0
parked_and_oncoming,159,22.8332009865,3,1,1
parked_and_oncoming,160,4.00894798804,3,1,0
parked_and_oncoming,161,9.15165699553,3,0,1
parked_and_oncoming,162,3.9200510364,3,1,0
parked_and_oncoming,163,14.5227949833,3,0,1
parked_and_oncoming,164,11.982064927,3,0,1
parked_and_oncoming,165,32.0208979538,3,1,1
parked_and_oncoming,166,4.00416494813,3,1,0
parked_and_oncoming,167,36.5449340316,3,1,1
parked_and_oncoming,168,4.00636403356,3,1,0
parked_and_oncoming,169,3.94452898763,3,1,0
parked_and_oncoming,170,18.2841279311,3,0,1
parked_and_oncoming,171,45.2561969869,3,1,1
parked_and_oncoming,172,36.5459059831,3,1,1
parked_and_oncoming,173,262.257450027,3,0,1
parked_and_oncoming,174,44.7686520638,3,1,0
parked_and_oncoming,175,4.03506692965,3,1,0
parked_and_oncoming,176,17.7689279662,3,0,1
parked_and_oncoming,177,4.07086999621,3,1,0
parked_and_oncoming,178,3.89648403507,3,1,0
parked_and_oncoming,179,52.8262529988,3,1,1
parked_and_oncoming,180,21.1541629396,3,1,1
parked_and_oncoming,181,3.95726901479,3,1,0
parked_and_oncoming,182,3.90204496216,3,1,0
parked_and_oncoming,183,13.0167849129,3,0,1
parked_and_oncoming,184,3.93502996303,3,1,0
parked_and_oncoming,185,4.01554105338,3,1,0
parked_and_oncoming,186,32.9321119934,3,1,1
parked_and_oncoming,187,59.0958619723,3,0,1
parked_and_oncoming,188,29.4350560289,3,1,1
parked_and_oncoming,189,4.00983996224,3,1,0
parked_and_oncoming,190,5.18861506134,3,1,0
parked_and_oncoming,191,4.1766789509,3,1,0
parked_and_oncoming,192,3.99024307262,3,1,0
parked_and_oncoming,193,4.1717980057,3,1,0
parked_and_oncoming,194,26.8972859485,3,1,1
parked_and_oncoming,195,56.9581119344,3,1,1
parked_and_oncoming,196,71.7387769837,3,1,1
parked_and_oncoming,197,23.6232170137,3,1,1
parked_and_oncoming,198,4.07338398509,3,1,0
parked_and_oncoming,199,3.89490195084,3,1,0
parked_and_oncoming,200,3.99374205153,3,1,0
parked_and_oncoming,201,29.9371690489,3,1,1
parked_and_oncoming,202,30.7305260794,3,1,1
parked_and_oncoming,203,4.08878095914,3,1,0
parked_and_oncoming,204,48.3537720283,3,1,1
parked_and_oncoming,205,66.0633629886,3,1,0
parked_and_oncoming,206,31.9264970021,3,1,1
parked_and_oncoming,207,4.00421000086,3,1,0
parked_and_oncoming,208,14.7771759657,3,1,0
parked_and_oncoming,209,13.9112309553,3,1,1
parked_and_oncoming,210,3.78921208903,3,1,0
parked_and_oncoming,211,4.00865694974,3,1,0
parked_and_oncoming,212,14.5000830526,3,0,1
parked_and_oncoming,213,29.1001650039,3,1,1
parked_and_oncoming,214,34.21144397,3,1,1
parked_and_oncoming,215,3.75398504548,3,1,0
parked_and_oncoming,216,3.94697696902,3,1,0
parked_and_oncoming,217,17.3065629788,3,1,0
parked_and_oncoming,218,23.1658129487,3,0,1
parked_and_oncoming,219,4.01383999269,3,1,0
parked_and_oncoming,220,4.1350540705,3,1,0
parked_and_oncoming,221,3.81682207808,3,1,0
parked_and_oncoming,222,121.394490008,3,1,0
parked_and_oncoming,223,4.03097900562,3,1,0
parked_and_oncoming,224,3.93425498623,3,1,0
parked_and_oncoming,225,25.2644990105,3,0,1
parked_and_oncoming,226,4.13209595717,3,1,0
parked_and_oncoming,227,22.7991689462,3,0,1
parked_and_oncoming,228,3.90665698797,3,1,0
parked_and_oncoming,229,4.02210501488,3,1,0
parked_and_oncoming,230,4.05149103608,3,1,0
parked_and_oncoming,231,53.5717150196,3,1,1
parked_and_oncoming,232,3.91956802923,3,1,0
parked_and_oncoming,233,45.7659220556,3,1,1
parked_and_oncoming,234,13.8114159927,3,0,1
parked_and_oncoming,235,59.8276029341,3,0,1
parked_and_oncoming,236,24.0303840255,3,1,1
parked_and_oncoming,237,3.96911799908,3,1,0
parked_and_oncoming,238,35.0430199178,3,1,1
parked_and_oncoming,239,4.0675069904,3,1,0
parked_and_oncoming,240,14.6995190298,3,0,1
parked_and_oncoming,241,3.99309606291,3,1,0
parked_and_oncoming,242,9.33432998136,3,0,1
parked_and_oncoming,243,3.97748500109,3,1,0
parked_and_oncoming,244,3.77338600811,3,1,0
parked_and_oncoming,245,4.0164750535,3,1,0
parked_and_oncoming,246,23.7561339745,3,1,0
parked_and_oncoming,247,3.94199998118,3,1,0
parked_and_oncoming,248,12.6096230233,3,0,1
parked_and_oncoming,249,4.08629397862,3,1,0
parked_and_oncoming,250,21.2638309458,3,1,1
parked_and_oncoming,251,3.93949297722,3,1,0
parked_and_oncoming,252,11.4418660523,3,0,1
parked_and_oncoming,253,3.95365594886,3,1,0
parked_and_oncoming,254,57.5227789814,3,1,1
parked_and_oncoming,255,29.9394449685,3,1,1
parked_and_oncoming,256,3.93214798532,3,1,0
parked_and_oncoming,257,3.91990796197,3,1,0
parked_and_oncoming,258,40.6045290874,3,1,0
parked_and_oncoming,259,4.07420902047,3,1,0
parked_and_oncoming,260,18.9558099955,3,0,1
parked_and_oncoming,261,3.78583208658,3,1,0
parked_and_oncoming,262,37.4769730261,3,1,0
parked_and_oncoming,263,3.93507094122,3,1,0
parked_and_oncoming,264,3.9687610697,3,1,0
parked_and_oncoming,265,28.6652198993,3,1,1
parked_and_oncoming,266,3.944281023,3,1,0
parked_and_oncoming,267,3.84499796201,3,1,0
parked_and_oncoming,268,3.94781294744,3,1,0
parked_and_oncoming,269,9.95773496106,3,0,1
parked_and_oncoming,270,3.81232402287,3,1,0
parked_and_oncoming,271,3.96306300536,3,1,0
parked_and_oncoming,272,4.21707390342,3,1,0
parked_and_oncoming,273,3.90582100954,3,1,0
parked_and_oncoming,274,3.73237999156,3,1,0
parked_and_oncoming,275,22.2457440104,3,1,1
parked_and_oncoming,276,75.0842080452,3,1,1
parked_and_oncoming,277,9.56157303881,3,0,1
parked_and_oncoming,278,4.03017003555,3,1,0
parked_and_oncoming,279,86.0037910752,3,1,1
parked_and_oncoming,280,14.3449190073,3,0,1
parked_and_oncoming,281,3.9091759827,3,1,0
parked_and_oncoming,282,42.7414709702,3,1,1
parked_and_oncoming,283,43.173515005,3,1,0
parked_and_oncoming,284,10.8879880281,3,1,0
parked_and_oncoming,285,41.5069980081,3,1,1
parked_and_oncoming,286,4.22061001882,3,1,0
parked_and_oncoming,287,3.93669400364,3,1,0
parked_and_oncoming,288,3.97881993558,3,1,0
parked_and_oncoming,289,47.6686630864,3,1,1
parked_and_oncoming,290,3.86550603434,3,1,0
parked_and_oncoming,291,3.88382794335,3,1,0
parked_and_oncoming,292,4.14085399825,3,1,0
parked_and_oncoming,293,3.95155593287,3,1,0
parked_and_oncoming,294,3.79401294049,3,1,0
parked_and_oncoming,295,3.98846005555,3,1,0
parked_and_oncoming,296,35.9445810318,3,1,1
parked_and_oncoming,297,13.4503049776,3,0,1
parked_and_oncoming,298,11.6621569032,3,0,1
parked_and_oncoming,299,3.83810303174,3,1,0
parked_and_oncoming,300,3.98023892194,3,1,0
parked_and_oncoming,301,3.78689100035,3,1,0
parked_and_oncoming,302,4.24012506846,3,1,0
parked_and_oncoming,303,4.03861596715,3,1,0
parked_and_oncoming,304,4.24654502422,3,1,0
parked_and_oncoming,305,238.198415027,3,0,1
parked_and_oncoming,306,4.12112299819,3,1,0
parked_and_oncoming,307,4.18630207423,3,1,0
parked_and_oncoming,308,3.88035306241,3,1,0
parked_and_oncoming,309,3.9339979412,3,1,0
parked_and_oncoming,310,17.8156379843,3,0,1
parked_and_oncoming,311,3.99461993948,3,1,0
parked_and_oncoming,312,3.98832093924,3,1,0
parked_and_oncoming,313,26.3297510101,3,1,1
parked_and_oncoming,314,3.82246903609,3,1,0
parked_and_oncoming,315,27.0827140193,3,1,1
parked_and_oncoming,316,32.9861859791,3,1,1
parked_and_oncoming,317,4.11571597215,3,1,0
parked_and_oncoming,318,13.0642110016,3,0,1
parked_and_oncoming,319,3.89273604378,3,1,0
parked_and_oncoming,320,37.1509620454,3,1,1
parked_and_oncoming,321,3.99287592154,3,1,0
parked_and_oncoming,322,3.93480097409,3,1,0
parked_and_oncoming,323,14.6498540416,3,0,1
parked_and_oncoming,324,3.92042403109,3,1,0
parked_and_oncoming,325,49.86378795,3,1,1
parked_and_oncoming,326,3.85813205503,3,1,0
parked_and_oncoming,327,4.19288605917,3,1,0
parked_and_oncoming,328,4.1921309894,3,1,0
parked_and_oncoming,329,84.4861030346,3,1,0
parked_and_oncoming,330,3.74869606458,3,1,0
parked_and_oncoming,331,3.99415497668,3,1,0
parked_and_oncoming,332,14.1123479698,3,0,0
parked_and_oncoming,333,10.1008079946,3,0,1
parked_and_oncoming,334,52.146636066,3,1,1
parked_and_oncoming,335,10.5638219975,3,0,1
parked_and_oncoming,336,4.00244595949,3,1,0
parked_and_oncoming,337,78.5607219441,3,1,1
parked_and_oncoming,338,22.3584759515,3,1,0
parked_and_oncoming,339,3.91909200698,3,1,0
parked_and_oncoming,340,11.3709319849,3,0,1
parked_and_oncoming,341,4.03321103659,3,1,0
parked_and_oncoming,342,3.97602410521,3,1,0
parked_and_oncoming,343,4.03227098286,3,1,0
parked_and_oncoming,344,3.99810494855,3,1,0
parked_and_oncoming,345,3.87380889151,3,1,0
parked_and_oncoming,346,19.1718870774,3,1,1
parked_and_oncoming,347,4.01177897584,3,1,0
parked_and_oncoming,348,4.17163094971,3,1,0
parked_and_oncoming,349,4.20785602182,3,1,0
parked_and_oncoming,350,26.811548043,3,1,1
parked_and_oncoming,351,3.94792598672,3,1,0
parked_and_oncoming,352,4.02894092258,3,1,0
parked_and_oncoming,353,4.03037096839,3,1,0
parked_and_oncoming,354,3.99770692457,3,1,0
parked_and_oncoming,355,4.02842194308,3,1,0
parked_and_oncoming,356,4.25077194814,3,1,0
parked_and_oncoming,357,56.0148410732,3,1,1
parked_and_oncoming,358,4.12177096587,3,1,0
parked_and_oncoming,359,4.05229395255,3,1,0
parked_and_oncoming,360,84.7889920697,3,1,1
parked_and_oncoming,361,12.7105959691,3,1,1
parked_and_oncoming,362,51.9878070336,3,1,1
parked_and_oncoming,363,25.8973919554,3,1,1
parked_and_oncoming,364,25.3903319826,3,1,1
parked_and_oncoming,365,5.16538508236,3,1,0
parked_and_oncoming,366,49.5760779595,3,1,1
parked_and_oncoming,367,3.7307740422,3,1,0
parked_and_oncoming,368,9.15646005888,3,0,1
parked_and_oncoming,369,3.93230002373,3,1,0
parked_and_oncoming,370,35.6945929816,3,1,1
parked_and_oncoming,371,31.5827429295,3,1,1
parked_and_oncoming,372,3.94826510455,3,1,0
parked_and_oncoming,373,12.2568639927,3,0,1
parked_and_oncoming,374,3.96808900405,3,1,0
parked_and_oncoming,375,4.0911269607,3,1,0
parked_and_oncoming,376,75.156855979,3,1,1
parked_and_oncoming,377,3.94314597361,3,1,0
parked_and_oncoming,378,3.88603599276,3,1,0
parked_and_oncoming,379,4.03705006465,3,1,0
parked_and_oncoming,380,3.97021893878,3,1,0
parked_and_oncoming,381,35.762405023,3,1,1
parked_and_oncoming,382,24.1474489449,3,1,1
parked_and_oncoming,383,3.87972500175,3,1,0
parked_and_oncoming,384,4.00221499149,3,1,0
parked_and_oncoming,385,3.82820493542,3,1,0
parked_and_oncoming,386,41.5220699506,3,1,0
parked_and_oncoming,387,3.85458394885,3,1,0
parked_and_oncoming,388,45.547734946,3,1,1
parked_and_oncoming,389,20.0916900067,3,0,1
parked_and_oncoming,390,29.5145870186,3,1,1
parked_and_oncoming,391,53.0793009093,3,1,1
parked_and_oncoming,392,40.7801060937,3,1,1
parked_and_oncoming,393,3.87515197508,3,1,0
parked_and_oncoming,394,28.5607459955,3,1,1
parked_and_oncoming,395,3.94104409497,3,1,0
parked_and_oncoming,396,55.6092079496,3,1,1
parked_and_oncoming,397,89.4879730185,3,1,0
parked_and_oncoming,398,3.72222298756,3,1,0
parked_and_oncoming,399,3.98590101395,3,1,0
parked_and_oncoming,400,3.92760604154,3,1,0
parked_and_oncoming,401,39.2045760527,3,1,1
parked_and_oncoming,402,29.7881440492,3,1,1
parked_and_oncoming,403,3.91077389941,3,1,0
parked_and_oncoming,404,168.265869957,3,0,1
parked_and_oncoming,405,11.6623040522,3,0,1
parked_and_oncoming,406,3.9544920437,3,1,0
parked_and_oncoming,407,4.24565293361,3,1,0
parked_and_oncoming,408,3.86556400917,3,1,0
parked_and_oncoming,409,4.09865495749,3,1,0
parked_and_oncoming,410,11.8748770328,3,0,1
parked_and_oncoming,411,3.98614595179,3,1,0
parked_and_oncoming,412,19.3824940361,3,1,1
parked_and_oncoming,413,3.97359300405,3,1,0
parked_and_oncoming,414,4.15597390383,3,1,0
parked_and_oncoming,415,4.03027201537,3,1,0
parked_and_oncoming,416,37.193069933,3,1,1
parked_and_oncoming,417,36.9371329434,3,1,1
parked_and_oncoming,418,3.75776796136,3,1,0
parked_and_oncoming,419,3.99812601972,3,1,0
parked_and_oncoming,420,4.10653196741,3,1,0
parked_and_oncoming,421,22.3598160082,3,0,1
parked_and_oncoming,422,4.16063505691,3,1,0
parked_and_oncoming,423,4.02782100718,3,1,0
parked_and_oncoming,424,4.07612894196,3,1,0
parked_and_oncoming,425,4.15101600811,3,1,0
parked_and_oncoming,426,60.7493770076,3,1,1
parked_and_oncoming,427,23.605747032,3,1,1
parked_and_oncoming,428,18.2722540339,3,1,0
parked_and_oncoming,429,4.11189696752,3,1,0
parked_and_oncoming,430,4.1946049314,3,1,0
parked_and_oncoming,431,4.03724994976,3,1,0
parked_and_oncoming,432,3.98325000424,3,1,0
parked_and_oncoming,433,10.3074640501,3,0,1
parked_and_oncoming,434,3.98036697879,3,1,0
parked_and_oncoming,435,4.19259502087,3,1,0
parked_and_oncoming,436,12.3504711082,3,0,1
parked_and_oncoming,437,3.84576595388,3,1,0
parked_and_oncoming,438,61.301604961,3,0,1
parked_and_oncoming,439,15.4155350756,3,0,1
parked_and_oncoming,440,30.3966780193,3,0,1
parked_and_oncoming,441,3.72274802066,3,1,0
parked_and_oncoming,442,3.9342000382,3,1,0
parked_and_oncoming,443,3.83761606645,3,1,0
parked_and_oncoming,444,4.1309989756,3,1,0
parked_and_oncoming,445,12.1569819748,3,0,1
parked_and_oncoming,446,3.94626893103,3,1,0
parked_and_oncoming,447,25.0182679156,3,1,1
parked_and_oncoming,448,3.9625200443,3,1,0
parked_and_oncoming,449,64.1517180484,3,1,1
parked_and_oncoming,450,35.6285909656,3,1,1
parked_and_oncoming,451,12.4572690111,3,0,1
parked_and_oncoming,452,170.336961048,3,1,0
parked_and_oncoming,453,4.13538294379,3,1,0
parked_and_oncoming,454,3.93226009328,3,1,0
parked_and_oncoming,455,4.04242391232,3,1,0
parked_and_oncoming,456,3.96995304618,3,1,0
parked_and_oncoming,457,4.09538904205,3,1,0
parked_and_oncoming,458,17.9669290083,3,1,1
parked_and_oncoming,459,3.9546090411,3,1,0
parked_and_oncoming,460,4.15384396911,3,1,0
parked_and_oncoming,461,33.850822947,3,1,1
parked_and_oncoming,462,10.3295349982,3,0,1
parked_and_oncoming,463,49.6012209915,3,1,1
parked_and_oncoming,464,3.94197902642,3,1,0
parked_and_oncoming,465,3.93212202471,3,1,0
parked_and_oncoming,466,3.82719701156,3,1,0
parked_and_oncoming,467,3.98707692511,3,1,0
parked_and_oncoming,468,4.01166302618,3,1,0
parked_and_oncoming,469,3.95213498268,3,1,0
parked_and_oncoming,470,20.7931839395,3,0,1
parked_and_oncoming,471,43.8290749444,3,1,1
parked_and_oncoming,472,3.86612804141,3,1,0
parked_and_oncoming,473,4.25877398811,3,1,0
parked_and_oncoming,474,3.8748269435,3,1,0
parked_and_oncoming,475,41.3092189701,3,1,1
parked_and_oncoming,476,51.9625470042,3,1,1
parked_and_oncoming,477,23.4866009559,3,1,0
parked_and_oncoming,478,15.3114899294,3,0,1
parked_and_oncoming,479,40.5145550612,3,1,1
parked_and_oncoming,480,3.91765101813,3,1,0
parked_and_oncoming,481,3.89644596726,3,1,0
parked_and_oncoming,482,70.7872390049,3,1,1
parked_and_oncoming,483,50.6491269916,3,1,1
parked_and_oncoming,484,21.8631559983,3,1,1
parked_and_oncoming,485,4.12431894802,3,1,0
parked_and_oncoming,486,3.88533598743,3,1,0
parked_and_oncoming,487,4.23436402343,3,1,0
parked_and_oncoming,488,4.03655692935,3,1,0
parked_and_oncoming,489,22.8866699617,3,1,1
parked_and_oncoming,490,3.9293729933,3,1,0
parked_and_oncoming,491,5.98806398921,3,1,0
parked_and_oncoming,492,3.94502701238,3,1,0
parked_and_oncoming,493,4.00346098468,3,1,0
parked_and_oncoming,494,4.00655297562,3,1,0
parked_and_oncoming,495,64.0457759146,3,1,1
parked_and_oncoming,496,54.9812089885,3,1,1
parked_and_oncoming,497,3.88149102218,3,1,0
parked_and_oncoming,498,35.341206938,3,1,1
parked_and_oncoming,499,21.7575320276,3,1,1
narrow_multi_obstacle,0,8.53698095307,3,1,0
narrow_multi_obstacle,1,21.1952789687,3,1,0
narrow_multi_obstacle,2,8.62174399663,3,1,0
narrow_multi_obstacle,3,8.54043394793,3,1,0
narrow_multi_obstacle,4,8.61443893518,3,1,0
narrow_multi_obstacle,5,8.57509789057,3,1,0
narrow_multi_obstacle,6,8.59031092841,3,1,0
narrow_multi_obstacle,7,8.75672197435,3,1,0
narrow_multi_obstacle,8,19.1927900305,3,1,0
narrow_multi_obstacle,9,9.19514195994,3,1,0
narrow_multi_obstacle,10,9.42779297475,3,1,0
narrow_multi_obstacle,11,8.82474298123,3,1,0
narrow_multi_obstacle,12,8.7142509874,3,1,0
narrow_multi_obstacle,13,8.6542700883,3,1,0
narrow_multi_obstacle,14,8.99353297427,3,1,0
narrow_multi_obstacle,15,8.67105205543,3,1,0
narrow_multi_obstacle,16,8.86927393731,3,1,0
narrow_multi_obstacle,17,9.50126408134,3,1,0
narrow_multi_obstacle,18,8.79381096456,3,1,0
narrow_multi_obstacle,19,8.67176696192,3,1,0
narrow_multi_obstacle,20,8.48588894587,3,1,0
narrow_multi_obstacle,21,16.0980790388,3,1,0
narrow_multi_obstacle,22,9.02825291269,3,1,0
narrow_multi_obstacle,23,8.5153139662,3,1,0
narrow_multi_obstacle,24,8.69815296028,3,1,0
narrow_multi_obstacle,25,8.72750510462,3,1,0
narrow_multi_obstacle,26,8.85191792622,3,1,0
narrow_multi_obstacle,27,8.71907896362,3,1,0
narrow_multi_obstacle,28,9.13896597922,3,1,0
narrow_multi_obstacle,29,8.79236299079,3,1,0
narrow_multi_obstacle,30,8.7262049783,3,1,0
narrow_multi_obstacle,31,13.0605399609,3,1,0
narrow_multi_obstacle,32,8.75188899226,3,1,0
narrow_multi_obstacle,33,50.7162320428,3,1,0
narrow_multi_obstacle,34,8.45700094942,3,1,0
narrow_multi_obstacle,35,21.574901999,3,1,0
narrow_multi_obstacle,36,8.45633994322,3,1,0
narrow_multi_obstacle,37,8.8444899302,3,1,0
narrow_multi_obstacle,38,8.90678190626,3,1,0
narrow_multi_obstacle,39,8.58769693878,3,1,0
narrow_multi_obstacle,40,8.6937219603,3,1,0
narrow_multi_obstacle,41,8.61381506547,3,1,0
narrow_multi_obstacle,42,61.8821089156,3,1,0
narrow_multi_obstacle,43,27.4280930171,3,1,0
narrow_multi_obstacle,44,8.46438703593,3,1,0
narrow_multi_obstacle,45,8.80761293229,3,1,0
narrow_multi_obstacle,46,8.51527706254,3,1,0
narrow_multi_obstacle,47,72.7089949651,3,1,0
narrow_multi_obstacle,48,8.65679699928,3,1,0
narrow_multi_obstacle,49,8.76883394085,3,1,0
narrow_multi_obstacle,50,8.70972895063,3,1,0
narrow_multi_obstacle,51,13.3722228929,3,1,0
narrow_multi_obstacle,52,8.51239892654,3,1,0
narrow_multi_obstacle,53,8.82124295458,3,1,0
narrow_multi_obstacle,54,8.6226699641,3,1,0
narrow_multi_obstacle,55,9.31843195576,3,1,0
narrow_multi_obstacle,56,8.72826797422,3,1,0
narrow_multi_obstacle,57,8.67905199993,3,1,0
narrow_multi_obstacle,58,8.64200701471,3,1,0
narrow_multi_obstacle,59,8.90053994954,3,1,0
narrow_multi_obstacle,60,8.73264798429,3,1,0
narrow_multi_obstacle,61,23.0757290265,3,1,0
narrow_multi_obstacle,62,8.86484305374,3,1,0
narrow_multi_obstacle,63,8.66666203365,3,1,0
narrow_multi_obstacle,64,8.6999789346,3,1,0
narrow_multi_obstacle,65,19.9647800764,3,1,0
narrow_multi_obstacle,66,24.899829994,3,1,0
narrow_multi_obstacle,67,8.48021393176,3,1,0
narrow_multi_obstacle,68,8.53466207627,3,1,0
narrow_multi_obstacle,69,8.55768099427,3,1,0
narrow_multi_obstacle,70,17.6434670575,3,1,0
narrow_multi_obstacle,71,22.0424609724,3,1,0
narrow_multi_obstacle,72,8.73014400713,3,1,0
narrow_multi_obstacle,73,8.75692500267,3,1,0
narrow_multi_obstacle,74,8.73079500161,3,1,0
narrow_multi_obstacle,75,8.68711504154,3,1,0
narrow_multi_obstacle,76,8.53330397513,3,1,0
narrow_multi_obstacle,77,8.7165980367,3,1,0
narrow_multi_obstacle,78,8.58306500595,3,1,0
narrow_multi_obstacle,79,17.1922579175,3,1,0
narrow_multi_obstacle,80,8.43686505686,3,1,0
narrow_multi_obstacle,81,8.73588689137,3,1,0
narrow_multi_obstacle,82,8.76409595367,3,1,0
narrow_multi_obstacle,83,8.62985698041,3,1,0
narrow_multi_obstacle,84,8.52143904194,3,1,0
narrow_multi_obstacle,85,17.2114650486,3,1,0
narrow_multi_obstacle,86,8.52180295624,3,1,0
narrow_multi_obstacle,87,8.65268800408,3,1,0
narrow_multi_obstacle,88,34.184508957,3,1,0
narrow_multi_obstacle,89,64.4376470009,3,1,0
narrow_multi_obstacle,90,8.60172405373,3,1,0
narrow_multi_obstacle,91,8.39747907594,3,1,0
narrow_multi_obstacle,92,8.59118893277,3,1,0
narrow_multi_obstacle,93,8.59935197514,3,1,0
narrow_multi_obstacle,94,15.7382930629,3,1,0
narrow_multi_obstacle,95,8.44577501994,3,1,0
narrow_multi_obstacle,96,8.58159409836,3,1,0
narrow_multi_obstacle,97,8.79755394999,3,1,0
narrow_multi_obstacle,98,8.73082003091,3,1,0
narrow_multi_obstacle,99,8.68652004283,3,1,0
narrow_multi_obstacle,100,8.69823200628,3,1,0
narrow_multi_obstacle,101,18.3718570042,3,1,0
narrow_multi_obstacle,102,8.69275897276,3,1,0
narrow_multi_obstacle,103,8.60325200483,3,1,0
narrow_multi_obstacle,104,8.55020910967,3,1,0
narrow_multi_obstacle,105,58.5696239723,3,1,0
narrow_multi_obstacle,106,8.39907093905,3,1,0
narrow_multi_obstacle,107,8.58161994256,3,1,0
narrow_multi_obstacle,108,27.4216010002,3,1,0
narrow_multi_obstacle,109,9.01779299602,3,1,0
narrow_multi_obstacle,110,9.08415496815,3,1,0
narrow_multi_obstacle,111,8.70437093545,3,1,0
narrow_multi_obstacle,112,8.57068190817,3,1,0
narrow_multi_obstacle,113,13.7144599576,3,1,0
narrow_multi_obstacle,114,8.7556890212,3,1,0
narrow_multi_obstacle,115,8.81115801167,3,1,0
narrow_multi_obstacle,116,45.6632119603,3,1,0
narrow_multi_obstacle,117,8.42167402152,3,1,0
narrow_multi_obstacle,118,8.59916897025,3,1,0
narrow_multi_obstacle,119,8.76826595049,3,1,0
narrow_multi_obstacle,120,13.3443649393,3,1,0
narrow_multi_obstacle,121,36.6589130135,3,1,0
narrow_multi_obstacle,122,8.71267996263,3,1,0
narrow_multi_obstacle,123,8.81300703622,3,1,0
narrow_multi_obstacle,124,8.8933550287,3,1,0
narrow_multi_obstacle,125,35.8991569374,3,1,0
narrow_multi_obstacle,126,79.0178399766,3,1,0
narrow_multi_obstacle,127,8.40066000819,3,1,0
narrow_multi_obstacle,128,8.63284000661,3,1,0
narrow_multi_obstacle,129,8.50367604289,3,1,0
narrow_multi_obstacle,130,8.65703797899,3,1,0
narrow_multi_obstacle,131,8.78113694489,3,1,0
narrow_multi_obstacle,132,8.86724307202,3,1,0
narrow_multi_obstacle,133,8.70750995819,3,1,0
narrow_multi_obstacle,134,8.85371305048,3,1,0
narrow_multi_obstacle,135,8.81907902658,3,1,0
narrow_multi_obstacle,136,26.4834329719,3,1,0
narrow_multi_obstacle,137,14.7448369535,3,1,0
narrow_multi_obstacle,138,8.86050600093,3,1,0
narrow_multi_obstacle,139,12.914550025,3,1,0
narrow_multi_obstacle,140,8.54782597162,3,1,0
narrow_multi_obstacle,141,8.74786009081,3,1,0
narrow_multi_obstacle,142,8.783673984,3,1,0
narrow_multi_obstacle,143,8.53779003955,3,1,0
narrow_multi_obstacle,144,8.74241790734,3,1,0
narrow_multi_obstacle,145,8.74889595434,3,1,0
narrow_multi_obstacle,146,55.425751023,3,1,0
narrow_multi_obstacle,147,8.45335493796,3,1,0
narrow_multi_obstacle,148,62.6378899906,3,1,0
narrow_multi_obstacle,149,8.48574109841,3,1,0
narrow_multi_obstacle,150,8.47113702912,3,1,0
narrow_multi_obstacle,151,8.67686606944,3,1,0
narrow_multi_obstacle,152,8.74073803425,3,1,0
narrow_multi_obstacle,153,45.5252199899,3,1,0
narrow_multi_obstacle,154,61.968027032,3,1,0
narrow_multi_obstacle,155,20.7149010384,3,1,0
narrow_multi_obstacle,156,14.956953004,3,1,0
narrow_multi_obstacle,157,8.43774399254,3,1,0
narrow_multi_obstacle,158,8.62437300384,3,1,0
narrow_multi_obstacle,159,12.2262500226,3,1,0
narrow_multi_obstacle,160,9.2265290441,3,1,0
narrow_multi_obstacle,161,8.52236291394,3,1,0
narrow_multi_obstacle,162,17.3682420282,3,1,0
narrow_multi_obstacle,163,8.46782396547,3,1,0
narrow_multi_obstacle,164,35.8291829471,3,1,0
narrow_multi_obstacle,165,21.224987926,3,1,0
narrow_multi_obstacle,166,8.75293498393,3,1,0
narrow_multi_obstacle,167,8.63141100854,3,1,0
narrow_multi_obstacle,168,9.14928899147,3,1,0
narrow_multi_obstacle,169,8.99844593368,3,1,0
narrow_multi_obstacle,170,9.10885306075,3,1,0
narrow_multi_obstacle,171,17.664397019,3,1,0
narrow_multi_obstacle,172,12.847075006,3,1,0
narrow_multi_obstacle,173,8.58756701928,3,1,0
narrow_multi_obstacle,174,8.58848600183,3,1,0
narrow_multi_obstacle,175,69.0858419985,3,1,0
narrow_multi_obstacle,176,8.3818230778,3,1,0
narrow_multi_obstacle,177,76.05069899,3,1,0
narrow_multi_obstacle,178,8.97463399451,3,1,0
narrow_multi_obstacle,179,8.67566105444,3,1,0
narrow_multi_obstacle,180,11.7327469634,3,1,0
narrow_multi_obstacle,181,22.3302090308,3,1,0
narrow_multi_obstacle,182,8.43467796221,3,1,0
narrow_multi_obstacle,183,8.58952698763,3,1,0
narrow_multi_obstacle,184,8.56772100087,3,1,0
narrow_multi_obstacle,185,8.54226609226,3,1,0
narrow_multi_obstacle,186,8.7118409574,3,1,0
narrow_multi_obstacle,187,35.9904009383,3,1,0
narrow_multi_obstacle,188,8.55278398376,3,1,0
narrow_multi_obstacle,189,8.6874399567,3,1,0
narrow_multi_obstacle,190,24.4516809471,3,1,0
narrow_multi_obstacle,191,16.9500870397,3,1,0
narrow_multi_obstacle,192,8.89220496174,3,1,0
narrow_multi_obstacle,193,25.3427439602,3,1,0
narrow_multi_obstacle,194,8.51627707016,3,1,0
narrow_multi_obstacle,195,8.58374696691,3,1,0
narrow_multi_obstacle,196,8.82494205143,3,1,0
narrow_multi_obstacle,197,8.60267307144,3,1,0
narrow_multi_obstacle,198,8.97023000289,3,1,0
narrow_multi_obstacle,199,8.71304306202,3,1,0
narrow_multi_obstacle,200,8.70285392739,3,1,0
narrow_multi_obstacle,201,8.93936201464,3,1,0
narrow_multi_obstacle,202,8.56106600258,3,1,0
narrow_multi_obstacle,203,8.79459199496,3,1,0
narrow_multi_obstacle,204,8.86851700488,3,1,0
narrow_multi_obstacle,205,8.6524549406,3,1,0
narrow_multi_obstacle,206,8.57803295366,3,1,0
narrow_multi_obstacle,207,8.38169397321,3,1,0
narrow_multi_obstacle,208,26.8527510343,3,1,0
narrow_multi_obstacle,209,26.4612769242,3,1,0
narrow_multi_obstacle,210,8.47141200211,3,1,0
narrow_multi_obstacle,211,18.1254480267,3,1,0
narrow_multi_obstacle,212,21.961439983,3,1,0
narrow_multi_obstacle,213,65.9026930807,3,1,0
narrow_multi_obstacle,214,8.39202501811,3,1,0
narrow_multi_obstacle,215,8.55355605017,3,1,0
narrow_multi_obstacle,216,8.56836698949,3,1,0
narrow_multi_obstacle,217,49.3049549405,3,1,0
narrow_multi_obstacle,218,8.59049498104,3,1,0
narrow_multi_obstacle,219,45.0506359339,3,1,0
narrow_multi_obstacle,220,8.42754100449,3,1,0
narrow_multi_obstacle,221,8.40197806247,3,1,0
narrow_multi_obstacle,222,13.0508400034,3,1,0
narrow_multi_obstacle,223,55.0875769695,3,1,0
narrow_multi_obstacle,224,9.10927192308,3,1,0
narrow_multi_obstacle,225,8.66983900778,3,1,0
narrow_multi_obstacle,226,25.1926790224,3,1,0
narrow_multi_obstacle,227,8.58813594095,3,1,0
narrow_multi_obstacle,228,8.4317419678,3,1,0
narrow_multi_obstacle,229,8.38717003353,3,1,0
narrow_multi_obstacle,230,8.39837593958,3,1,0
narrow_multi_obstacle,231,8.42950597871,3,1,0
narrow_multi_obstacle,232,8.44522099942,3,1,0
narrow_multi_obstacle,233,8.45743797254,3,1,0
narrow_multi_obstacle,234,69.7655919939,3,1,0
narrow_multi_obstacle,235,30.3324629785,3,1,0
narrow_multi_obstacle,236,57.593840058,3,1,0
narrow_multi_obstacle,237,8.76289000735,3,1,0
narrow_multi_obstacle,238,31.3205600251,3,1,0
narrow_multi_obstacle,239,8.42929305509,3,1,0
narrow_multi_obstacle,240,8.3893550327,3,1,0
narrow_multi_obstacle,241,20.9189220332,3,1,0
narrow_multi_obstacle,242,8.58061003964,3,1,0
narrow_multi_obstacle,243,28.1430010218,3,1,0
narrow_multi_obstacle,244,8.43881594483,3,1,0
narrow_multi_obstacle,245,18.9638349693,3,1,0
narrow_multi_obstacle,246,25.930910022,3,1,0
narrow_multi_obstacle,247,8.69842502289,3,1,0
narrow_multi_obstacle,248,8.44744301867,3,1,0
narrow_multi_obstacle,249,8.52256198414,3,1,0
narrow_multi_obstacle,250,17.7150549134,3,1,0
narrow_multi_obstacle,251,8.35409201682,3,1,0
narrow_multi_obstacle,252,42.7653529914,3,1,0
narrow_multi_obstacle,253,23.4416159801,3,1,0
narrow_multi_obstacle,254,8.55068000965,3,1,0
narrow_multi_obstacle,255,8.44225904439,3,1,0
narrow_multi_obstacle,256,14.2469250131,3,1,0
narrow_multi_obstacle,257,8.41081293765,3,1,0
narrow_multi_obstacle,258,8.40078003239,3,1,0
narrow_multi_obstacle,259,8.39419802651,3,1,0
narrow_multi_obstacle,260,8.5736309411,3,1,0
narrow_multi_obstacle,261,45.5850309227,3,1,0
narrow_multi_obstacle,262,8.44901998062,3,1,0
narrow_multi_obstacle,263,8.37010098621,3,1,0
narrow_multi_obstacle,264,8.45073198434,3,1,0
narrow_multi_obstacle,265,53.2425540732,3,1,0
narrow_multi_obstacle,266,8.63779103383,3,1,0
narrow_multi_obstacle,267,8.47036892083,3,1,0
narrow_multi_obstacle,268,11.7928850232,3,1,0
narrow_multi_obstacle,269,8.9780590497,3,1,0
narrow_multi_obstacle,270,14.9950139457,3,1,0
narrow_multi_obstacle,271,9.05706000049,3,1,0
narrow_multi_obstacle,272,8.90266196802,3,1,0
narrow_multi_obstacle,273,8.44638096169,3,1,0
narrow_multi_obstacle,274,9.04913397972,3,1,0
narrow_multi_obstacle,275,9.11472295411,3,1,0
narrow_multi_obstacle,276,8.38780403137,3,1,0
narrow_multi_obstacle,277,18.560749013,3,1,0
narrow_multi_obstacle,278,8.6010369705,3,1,0
narrow_multi_obstacle,279,8.48509010393,3,1,0
narrow_multi_obstacle,280,8.51795903873,3,1,0
narrow_multi_obstacle,281,44.4455459947,3,1,0
narrow_multi_obstacle,282,17.1499550343,3,1,0
narrow_multi_obstacle,283,22.1334770322,3,1,0
narrow_multi_obstacle,284,55.5584050016,3,1,0
narrow_multi_obstacle,285,8.57556797564,3,1,0
narrow_multi_obstacle,286,8.67666397244,3,1,0
narrow_multi_obstacle,287,8.47707805224,3,1,0
narrow_multi_obstacle,288,8.71475005988,3,1,0
narrow_multi_obstacle,289,43.4539429843,3,1,0
narrow_multi_obstacle,290,8.61838192213,3,1,0
narrow_multi_obstacle,291,8.58823501039,3,1,0
narrow_multi_obstacle,292,8.65758897271,3,1,0
narrow_multi_obstacle,293,23.5562679591,3,1,0
narrow_multi_obstacle,294,8.59682599548,3,1,0
narrow_multi_obstacle,295,8.58062494081,3,1,0
narrow_multi_obstacle,296,8.54179204907,3,1,0
narrow_multi_obstacle,297,27.1517999936,3,1,0
narrow_multi_obstacle,298,8.51313897874,3,1,0
narrow_multi_obstacle,299,50.6522520445,3,1,0
narrow_multi_obstacle,300,8.46551405266,3,1,0
narrow_multi_obstacle,301,8.84145195596,3,1,0
narrow_multi_obstacle,302,8.82869400084,3,1,0
narrow_multi_obstacle,303,8.62413994037,3,1,0
narrow_multi_obstacle,304,8.75026907306,3,1,0
narrow_multi_obstacle,305,8.54131497908,3,1,0
narrow_multi_obstacle,306,30.33830598,3,1,0
narrow_multi_obstacle,307,8.47807095852,3,1,0
narrow_multi_obstacle,308,42.7413920406,3,1,0
narrow_multi_obstacle,309,16.9192240573,3,1,0
narrow_multi_obstacle,310,40.5470390106,3,1,0
narrow_multi_obstacle,311,8.53434694,3,1,0
narrow_multi_obstacle,312,20.7422910025,3,1,0
narrow_multi_obstacle,313,8.46019492019,3,1,0
narrow_multi_obstacle,314,8.54369602166,3,1,0
narrow_multi_obstacle,315,66.23459002,3,1,0
narrow_multi_obstacle,316,8.44711798709,3,1,0
narrow_multi_obstacle,317,8.71460000053,3,1,0
narrow_multi_obstacle,318,8.66737298202,3,1,0
narrow_multi_obstacle,319,11.6384379799,3,1,0
narrow_multi_obstacle,320,8.57883808203,3,1,0
narrow_multi_obstacle,321,8.70581099298,3,1,0
narrow_multi_obstacle,322,13.3835499873,3,1,0
narrow_multi_obstacle,323,8.70524800848,3,1,0
narrow_multi_obstacle,324,15.3801559936,3,1,0
narrow_multi_obstacle,325,22.9176409775,3,1,0
narrow_multi_obstacle,326,8.73953697737,3,1,0
narrow_multi_obstacle,327,55.3373569855,3,1,0
narrow_multi_obstacle,328,8.44150595367,3,1,0
narrow_multi_obstacle,329,14.1886309721,3,1,0
narrow_multi_obstacle,330,11.7472249549,3,1,0
narrow_multi_obstacle,331,8.65155400243,3,1,0
narrow_multi_obstacle,332,8.70363600552,3,1,0
narrow_multi_obstacle,333,8.80200299434,3,1,0
narrow_multi_obstacle,334,8.52226605639,3,1,0
narrow_multi_obstacle,335,8.63990699872,3,1,0
narrow_multi_obstacle,336,8.59668804333,3,1,0
narrow_multi_obstacle,337,8.90066195279,3,1,0
narrow_multi_obstacle,338,8.80535400938,3,1,0
narrow_multi_obstacle,339,8.64254590124,3,1,0
narrow_multi_obstacle,340,9.13024996407,3,1,0
narrow_multi_obstacle,341,8.80646391306,3,1,0
narrow_multi_obstacle,342,28.7356509361,3,1,0
narrow_multi_obstacle,343,8.42212198768,3,1,0
narrow_multi_obstacle,344,8.60100600403,3,1,0
narrow_multi_obstacle,345,13.3397160098,3,1,0
narrow_multi_obstacle,346,8.3993190201,3,1,0
narrow_multi_obstacle,347,65.5110430671,3,1,0
narrow_multi_obstacle,348,8.8046269957,3,1,0
narrow_multi_obstacle,349,9.10045299679,3,1,0
narrow_multi_obstacle,350,8.58563708607,3,1,0
narrow_multi_obstacle,351,8.8011479238,3,1,0
narrow_multi_obstacle,352,8.58023692854,3,1,0
narrow_multi_obstacle,353,8.55453300755,3,1,0
narrow_multi_obstacle,354,13.96887796,3,1,0
narrow_multi_obstacle,355,8.88212595601,3,1,0
narrow_multi_obstacle,356,8.53061501402,3,1,0
narrow_multi_obstacle,357,19.8435808998,3,1,0
narrow_multi_obstacle,358,24.2637720658,3,1,0
narrow_multi_obstacle,359,8.63418297376,3,1,0
narrow_multi_obstacle,360,8.55841697194,3,1,0
narrow_multi_obstacle,361,8.57749499846,3,1,0
narrow_multi_obstacle,362,8.54420196265,3,1,0
narrow_multi_obstacle,363,8.55804805178,3,1,0
narrow_multi_obstacle,364,8.74176400248,3,1,0
narrow_multi_obstacle,365,9.08369908575,3,1,0
narrow_multi_obstacle,366,20.1617829734,3,1,0
narrow_multi_obstacle,367,14.3551870715,3,1,0
narrow_multi_obstacle,368,8.52696900256,3,1,0
narrow_multi_obstacle,369,8.7576219812,3,1,0
narrow_multi_obstacle,370,8.5541009903,3,1,0
narrow_multi_obstacle,371,8.7390888948,3,1,0
narrow_multi_obstacle,372,8.71567404829,3,1,0
narrow_multi_obstacle,373,8.84579401463,3,1,0
narrow_multi_obstacle,374,8.81909008604,3,1,0
narrow_multi_obstacle,375,8.62097495701,3,1,0
narrow_multi_obstacle,376,8.88493598904,3,1,0
narrow_multi_obstacle,377,8.84245499037,3,1,0
narrow_multi_obstacle,378,8.73177102767,3,1,0
narrow_multi_obstacle,379,8.6275349604,3,1,0
narrow_multi_obstacle,380,16.0922240466,3,1,0
narrow_multi_obstacle,381,8.53250699583,3,1,0
narrow_multi_obstacle,382,28.9135270286,3,1,0
narrow_multi_obstacle,383,8.50488804281,3,1,0
narrow_multi_obstacle,384,8.74993891921,3,1,0
narrow_multi_obstacle,385,8.67835094687,3,1,0
narrow_multi_obstacle,386,8.84496199433,3,1,0
narrow_multi_obstacle,387,8.64033796825,3,1,0
narrow_multi_obstacle,388,8.63427307922,3,1,0
narrow_multi_obstacle,389,8.56857397594,3,1,0
narrow_multi_obstacle,390,8.79657105543,3,1,0
narrow_multi_obstacle,391,8.69627890643,3,1,0
narrow_multi_obstacle,392,8.64038604777,3,1,0
narrow_multi_obstacle,393,8.88835906517,3,1,0
narrow_multi_obstacle,394,8.81662394386,3,1,0
narrow_multi_obstacle,395,21.9586149324,3,1,0
narrow_multi_obstacle,396,8.54644901119,3,1,0
narrow_multi_obstacle,397,8.5586369969,3,1,0
narrow_multi_obstacle,398,14.8680720013,3,1,0
narrow_multi_obstacle,399,8.74316098634,3,1,0
narrow_multi_obstacle,400,8.59489000868,3,1,0
narrow_multi_obstacle,401,8.66719894111,3,1,0
narrow_multi_obstacle,402,8.78196302801,3,1,0
narrow_multi_obstacle,403,8.62374901772,3,1,0
narrow_multi_obstacle,404,16.0398549633,3,1,0
narrow_multi_obstacle,405,8.60289402772,3,1,0
narrow_multi_obstacle,406,8.69114603847,3,1,0
narrow_multi_obstacle,407,43.2811749633,3,1,0
narrow_multi_obstacle,408,8.42795101926,3,1,0
narrow_multi_obstacle,409,8.75155697577,3,1,0
narrow_multi_obstacle,410,19.1061639925,3,1,0
narrow_multi_obstacle,411,8.46841104794,3,1,0
narrow_multi_obstacle,412,13.9869829873,3,1,0
narrow_multi_obstacle,413,8.5817410145,3,1,0
narrow_multi_obstacle,414,9.02191491332,3,1,0
narrow_multi_obstacle,415,8.85440898128,3,1,0
narrow_multi_obstacle,416,8.51775391493,3,1,0
narrow_multi_obstacle,417,8.7060269434,3,1,0
narrow_multi_obstacle,418,9.38495004084,3,1,0
narrow_multi_obstacle,419,8.90997494571,3,1,0
narrow_multi_obstacle,420,8.66547599435,3,1,0
narrow_multi_obstacle,421,32.5990129495,3,1,0
narrow_multi_obstacle,422,54.009348969,3,1,0
narrow_multi_obstacle,423,8.46854702104,3,1,0
narrow_multi_obstacle,424,8.79675592296,3,1,0
narrow_multi_obstacle,425,8.53800203186,3,1,0
narrow_multi_obstacle,426,8.56362399645,3,1,0
narrow_multi_obstacle,427,8.43209796585,3,1,0
narrow_multi_obstacle,428,8.75243800692,3,1,0
narrow_multi_obstacle,429,8.81234696135,3,1,0
narrow_multi_obstacle,430,19.764722907,3,1,0
narrow_multi_obstacle,431,8.45611398108,3,1,0
narrow_multi_obstacle,432,8.80824204069,3,1,0
narrow_multi_obstacle,433,8.47574195359,3,1,0
narrow_multi_obstacle,434,8.64514696877,3,1,0
narrow_multi_obstacle,435,28.9110519225,3,1,0
narrow_multi_obstacle,436,8.4517399082,3,1,0
narrow_multi_obstacle,437,8.72740801424,3,1,0
narrow_multi_obstacle,438,8.56824999209,3,1,0
narrow_multi_obstacle,439,8.47191608045,3,1,0
narrow_multi_obstacle,440,8.56380700134,3,1,0
narrow_multi_obstacle,441,8.51956801489,3,1,0
narrow_multi_obstacle,442,8.56720702723,3,1,0
narrow_multi_obstacle,443,9.11596801598,3,1,0
narrow_multi_obstacle,444,8.90066404827,3,1,0
narrow_multi_obstacle,445,8.80243396387,3,1,0
narrow_multi_obstacle,446,8.56674998067,3,1,0
narrow_multi_obstacle,447,8.70458397549,3,1,0
narrow_multi_obstacle,448,8.68030404672,3,1,0
narrow_multi_obstacle,449,8.69879103266,3,1,0
narrow_multi_obstacle,450,27.0825239131,3,1,0
narrow_multi_obstacle,451,8.51541594602,3,1,0
narrow_multi_obstacle,452,34.3599290354,3,1,0
narrow_multi_obstacle,453,8.64831905346,3,1,0
narrow_multi_obstacle,454,9.05393902212,3,1,0
narrow_multi_obstacle,455,22.6149709197,3,1,0
narrow_multi_obstacle,456,8.60043603461,3,1,0
narrow_multi_obstacle,457,57.8329890268,3,1,0
narrow_multi_obstacle,458,8.42702004593,3,1,0
narrow_multi_obstacle,459,8.66399006918,3,1,0
narrow_multi_obstacle,460,8.68211302441,3,1,0
narrow_multi_obstacle,461,8.77816800494,3,1,0
narrow_multi_obstacle,462,8.85268102866,3,1,0
narrow_multi_obstacle,463,8.57111101504,3,1,0
narrow_multi_obstacle,464,8.51426704321,3,1,0
narrow_multi_obstacle,465,8.8194089476,3,1,0
narrow_multi_obstacle,466,8.54161696043,3,1,0
narrow_multi_obstacle,467,8.54630803224,3,1,0
narrow_multi_obstacle,468,17.208659905,3,1,0
narrow_multi_obstacle,469,8.59790400136,3,1,0
narrow_multi_obstacle,470,22.7504810318,3,1,0
narrow_multi_obstacle,471,8.66130390204,3,1,0
narrow_multi_obstacle,472,28.5886269994,3,1,0
narrow_multi_obstacle,473,8.62525298726,3,1,0
narrow_multi_obstacle,474,8.64417501725,3,1,0
narrow_multi_obstacle,475,8.58634000178,3,1,0
narrow_multi_obstacle,476,21.3495719945,3,1,0
narrow_multi_obstacle,477,8.69329296984,3,1,0
narrow_multi_obstacle,478,8.73380701523,3,1,0
narrow_multi_obstacle,479,61.386199086,3,1,0
narrow_multi_obstacle,480,8.50483204704,3,1,0
narrow_multi_obstacle,481,8.81008501165,3,1,0
narrow_multi_obstacle,482,11.4100800129,3,1,0
narrow_multi_obstacle,483,8.75523500144,3,1,0
narrow_multi_obstacle,484,8.77761899028,3,1,0
narrow_multi_obstacle,485,9.10269690212,3,1,0
narrow_multi_obstacle,486,8.69992095977,3,1,0
narrow_multi_obstacle,487,8.95735004451,3,1,0
narrow_multi_obstacle,488,24.450869998,3,1,0
narrow_multi_obstacle,489,28.7669990212,3,1,0
narrow_multi_obstacle,490,8.66047397722,3,1,0
narrow_multi_obstacle,491,44.2368140211,3,1,0
narrow_multi_obstacle,492,8.46069399267,3,1,0
narrow_multi_obstacle,493,8.58486408833,3,1,0
narrow_multi_obstacle,494,8.58989707194,3,1,0
narrow_multi_obstacle,495,20.4461909598,3,1,0
narrow_multi_obstacle,496,15.7853179844,3,1,0
narrow_multi_obstacle,497,27.1046949783,3,1,0
narrow_multi_obstacle,498,8.4221449215,3,1,0
narrow_multi_obstacle,499,8.50131106563,3,1,0
interleaved_dynamic,0,8.78854899202,3,1,0
interleaved_dynamic,1,42.4596470548,3,1,0
interleaved_dynamic,2,7.73254293017,3,1,0
interleaved_dynamic,3,7.96611001715,3,1,0
interleaved_dynamic,4,7.3781220708,3,1,0
interleaved_dynamic,5,39.2610130366,3,1,0
interleaved_dynamic,6,23.5248799436,3,1,0
interleaved_dynamic,7,8.09777900577,3,1,0
interleaved_dynamic,8,25.1182479551,3,1,0
interleaved_dynamic,9,26.4978259802,3,1,0
interleaved_dynamic,10,8.32428596914,3,1,0
interleaved_dynamic,11,8.39066400658,3,1,0
interleaved_dynamic,12,7.89690401871,3,1,0
interleaved_dynamic,13,31.2044270104,3,1,0
interleaved_dynamic,14,7.85584596451,3,1,0
interleaved_dynamic,15,12.3954400187,3,1,0
interleaved_dynamic,16,25.1455189427,3,1,0
interleaved_dynamic,17,11.7246750742,3,1,0
interleaved_dynamic,18,8.08463594876,3,1,0
interleaved_dynamic,19,21.3357079774,3,1,0
interleaved_dynamic,20,8.06675211061,3,1,0
interleaved_dynamic,21,10.7514109695,3,1,0
interleaved_dynamic,22,8.37865704671,3,1,0
interleaved_dynamic,23,30.4388430668,3,1,0
interleaved_dynamic,24,8.56141606346,3,1,0
interleaved_dynamic,25,9.46936395485,3,1,0
interleaved_dynamic,26,9.92376194336,3,1,0
interleaved_dynamic,27,11.1008159583,3,1,0
interleaved_dynamic,28,8.07818595786,3,1,0
interleaved_dynamic,29,37.5294679543,3,1,0
interleaved_dynamic,30,7.80115707312,3,1,0
interleaved_dynamic,31,9.26243397407,3,1,0
interleaved_dynamic,32,9.71243996173,3,1,0
interleaved_dynamic,33,8.92281904817,3,1,0
interleaved_dynamic,34,27.6454339037,3,1,0
interleaved_dynamic,35,8.73698398937,3,1,0
interleaved_dynamic,36,38.6102320626,3,1,0
interleaved_dynamic,37,12.2866379097,3,1,0
interleaved_dynamic,38,18.7568909023,3,1,0
interleaved_dynamic,39,9.80209698901,3,1,0
interleaved_dynamic,40,11.1643449636,3,1,0
interleaved_dynamic,41,20.4862579703,3,1,0
interleaved_dynamic,42,10.825544945,3,1,0
interleaved_dynamic,43,7.49552203342,3,1,0
interleaved_dynamic,44,8.51811200846,3,1,0
interleaved_dynamic,45,8.40277399402,3,1,0
interleaved_dynamic,46,17.7410619799,3,1,0
interleaved_dynamic,47,7.71793001331,3,1,0
interleaved_dynamic,48,9.18849604204,3,1,0
interleaved_dynamic,49,10.9136539977,3,1,0
interleaved_dynamic,50,17.9433459416,3,1,0
interleaved_dynamic,51,8.74053104781,3,1,0
interleaved_dynamic,52,8.17493000068,3,1,0
interleaved_dynamic,53,10.922331945,3,1,0
interleaved_dynamic,54,10.4233419988,3,1,0
interleaved_dynamic,55,20.0075090397,3,1,0
interleaved_dynamic,56,7.19091692008,3,1,0
interleaved_dynamic,57,24.6588949813,3,1,0
interleaved_dynamic,58,10.4004329769,3,1,0
interleaved_dynamic,59,7.30517494958,3,1,0
interleaved_dynamic,60,9.56624594983,3,1,0
interleaved_dynamic,61,8.85057309642,3,1,0
interleaved_dynamic,62,48.1373090297,3,1,0
interleaved_dynamic,63,8.27930902597,3,1,0
interleaved_dynamic,64,39.494097,3,1,0
interleaved_dynamic,65,9.6782639157,3,1,0
interleaved_dynamic,66,68.4805710334,3,1,0
interleaved_dynamic,67,9.80323401745,3,1,0
interleaved_dynamic,68,13.2144379895,3,1,0
interleaved_dynamic,69,8.66897194646,3,1,0
interleaved_dynamic,70,8.6054779822,3,1,0
interleaved_dynamic,71,8.56958003715,3,1,0
interleaved_dynamic,72,8.75274790451,3,1,0
interleaved_dynamic,73,8.80550500005,3,1,0
interleaved_dynamic,74,18.6931600329,3,1,0
interleaved_dynamic,75,8.8718739571,3,1,0
interleaved_dynamic,76,10.0844190456,3,1,0
interleaved_dynamic,77,8.61009198707,3,1,0
interleaved_dynamic,78,8.68638604879,3,1,0
interleaved_dynamic,79,48.3597519342,3,1,0
interleaved_dynamic,80,8.96991894115,3,1,0
interleaved_dynamic,81,15.2099960251,3,1,0
interleaved_dynamic,82,8.5367859574,3,1,0
interleaved_dynamic,83,12.0620910311,3,1,0
interleaved_dynamic,84,10.7817490352,3,1,0
interleaved_dynamic,85,8.74569395091,3,1,0
interleaved_dynamic,86,14.77406302,3,1,0
interleaved_dynamic,87,9.08797397278,3,1,0
interleaved_dynamic,88,8.81587504409,3,1,0
interleaved_dynamic,89,14.0566990012,3,1,0
interleaved_dynamic,90,8.44375195447,3,1,0
interleaved_dynamic,91,8.05562199093,3,1,0
interleaved_dynamic,92,8.32855794579,3,1,0
interleaved_dynamic,93,17.6764089847,3,1,0
interleaved_dynamic,94,17.0882450184,3,1,0
interleaved_dynamic,95,8.52788705379,3,1,0
interleaved_dynamic,96,39.4174900139,3,1,0
interleaved_dynamic,97,32.3697129497,3,1,0
interleaved_dynamic,98,12.1051390888,3,1,0
interleaved_dynamic,99,8.31620104145,3,1,0
interleaved_dynamic,100,7.88264302537,3,1,0
interleaved_dynamic,101,26.8251039088,3,1,0
interleaved_dynamic,102,19.7440679185,3,1,0
interleaved_dynamic,103,8.53937701322,3,1,0
interleaved_dynamic,104,23.7222479191,3,1,0
interleaved_dynamic,105,21.7782369582,3,1,0
interleaved_dynamic,106,10.7402200811,3,1,0
interleaved_dynamic,107,8.80196306389,3,1,0
interleaved_dynamic,108,8.90448503196,3,1,0
interleaved_dynamic,109,9.68136801384,3,1,0
interleaved_dynamic,110,12.2560590971,3,1,0
interleaved_dynamic,111,8.10361199547,3,1,0
interleaved_dynamic,112,25.9316969896,3,1,0
interleaved_dynamic,113,9.37118404545,3,1,0
interleaved_dynamic,114,8.21153994184,3,1,0
interleaved_dynamic,115,11.0570309917,3,1,0
interleaved_dynamic,116,9.34134004638,3,1,0
interleaved_dynamic,117,36.1181300832,3,1,0
interleaved_dynamic,118,8.66551604122,3,1,0
interleaved_dynamic,119,10.0324830273,3,1,0
interleaved_dynamic,120,41.9132909738,3,1,0
interleaved_dynamic,121,8.3836709382,3,1,0
interleaved_dynamic,122,9.59457294084,3,1,0
interleaved_dynamic,123,7.67744297627,3,1,0
interleaved_dynamic,124,9.03186702635,3,1,0
interleaved_dynamic,125,9.4930739142,3,1,0
interleaved_dynamic,126,10.5778389843,3,1,0
interleaved_dynamic,127,8.31846694928,3,1,0
interleaved_dynamic,128,10.0696900627,3,1,0
interleaved_dynamic,129,24.1872259649,3,1,0
interleaved_dynamic,130,8.01806303207,3,1,0
interleaved_dynamic,131,10.2241639979,3,1,0
interleaved_dynamic,132,12.40658795,3,1,0
interleaved_dynamic,133,8.22949607391,3,1,0
interleaved_dynamic,134,10.3070619516,3,1,0
interleaved_dynamic,135,7.72872800007,3,1,0
interleaved_dynamic,136,12.1513840277,3,1,0
interleaved_dynamic,137,24.4262339547,3,1,0
interleaved_dynamic,138,10.0443989504,3,1,0
interleaved_dynamic,139,10.6719150208,3,1,0
interleaved_dynamic,140,8.78856191412,3,1,0
interleaved_dynamic,141,8.89093091246,3,1,0
interleaved_dynamic,142,20.2969789971,3,1,0
interleaved_dynamic,143,13.9207579195,3,1,0
interleaved_dynamic,144,8.46116000321,3,1,0
interleaved_dynamic,145,45.1977060875,3,1,0
interleaved_dynamic,146,10.5226910673,3,1,0
interleaved_dynamic,147,8.63395899069,3,1,0
interleaved_dynamic,148,19.4969050353,3,1,0
interleaved_dynamic,149,8.68792401161,3,1,0
interleaved_dynamic,150,8.3262269618,3,1,0
interleaved_dynamic,151,10.5730590876,3,1,0
interleaved_dynamic,152,9.19881206937,3,1,0
interleaved_dynamic,153,7.98562297132,3,1,0
interleaved_dynamic,154,8.72222403996,3,1,0
interleaved_dynamic,155,9.92117600981,3,1,0
interleaved_dynamic,156,22.813440999,3,1,0
interleaved_dynamic,157,8.62665101886,3,1,0
interleaved_dynamic,158,13.9064480318,3,1,0
interleaved_dynamic,159,9.92670899723,3,1,0
interleaved_dynamic,160,9.28843894508,3,1,0
interleaved_dynamic,161,9.01462393813,3,1,0
interleaved_dynamic,162,9.10147593822,3,1,0
interleaved_dynamic,163,26.2006990379,3,1,0
interleaved_dynamic,164,8.46544199158,3,1,0
interleaved_dynamic,165,8.86315607931,3,1,0
interleaved_dynamic,166,9.17245296296,3,1,0
interleaved_dynamic,167,8.99263389874,3,1,0
interleaved_dynamic,168,9.52875602525,3,1,0
interleaved_dynamic,169,22.4823399913,3,1,0
interleaved_dynamic,170,12.9100700142,3,1,0
interleaved_dynamic,171,26.3026179746,3,1,0
interleaved_dynamic,172,27.2834609495,3,1,0
interleaved_dynamic,173,8.87340400368,3,1,0
interleaved_dynamic,174,8.95588996354,3,1,0
interleaved_dynamic,175,16.238327953,3,1,0
interleaved_dynamic,176,8.98188899737,3,1,0
interleaved_dynamic,177,9.61171498057,3,1,0
interleaved_dynamic,178,8.58414999675,3,1,0
interleaved_dynamic,179,9.99409693759,3,1,0
interleaved_dynamic,180,8.51092999801,3,1,0
interleaved_dynamic,181,19.7554599727,3,1,0
interleaved_dynamic,182,9.09323105589,3,1,0
interleaved_dynamic,183,8.02428694442,3,1,0
interleaved_dynamic,184,9.23324993346,3,1,0
interleaved_dynamic,185,11.6741140373,3,1,0
interleaved_dynamic,186,11.4051200217,3,1,0
interleaved_dynamic,187,19.5816339692,3,1,0
interleaved_dynamic,188,14.0434210189,3,1,0
interleaved_dynamic,189,20.8370359614,3,1,0
interleaved_dynamic,190,10.8349279035,3,1,0
interleaved_dynamic,191,9.56597900949,3,1,0
interleaved_dynamic,192,28.0669649364,3,1,0
interleaved_dynamic,193,9.42448398564,3,1,0
interleaved_dynamic,194,8.61641089432,3,1,0
interleaved_dynamic,195,22.3208901007,3,1,0
interleaved_dynamic,196,8.44742089976,3,1,0
interleaved_dynamic,197,10.6481229886,3,1,0
interleaved_dynamic,198,8.24366498273,3,1,0
interleaved_dynamic,199,9.38295607921,3,1,0
interleaved_dynamic,200,10.2808559313,3,1,0
interleaved_dynamic,201,9.72627406009,3,1,0
interleaved_dynamic,202,74.1592220729,3,1,0
interleaved_dynamic,203,9.00612201076,3,1,0
interleaved_dynamic,204,9.39461693633,3,1,0
interleaved_dynamic,205,11.851217947,3,1,0
interleaved_dynamic,206,8.90042504761,3,1,0
interleaved_dynamic,207,7.75965803768,3,1,0
interleaved_dynamic,208,24.9730499927,3,1,0
interleaved_dynamic,209,10.0367119303,3,1,0
interleaved_dynamic,210,8.42321291566,3,1,0
interleaved_dynamic,211,20.8348759916,3,1,0
interleaved_dynamic,212,15.1545749977,3,1,0
interleaved_dynamic,213,9.00054501835,3,1,0
interleaved_dynamic,214,9.70111507922,3,1,0
interleaved_dynamic,215,8.93774302676,3,1,0
interleaved_dynamic,216,8.80238902755,3,1,0
interleaved_dynamic,217,8.66449496243,3,1,0
interleaved_dynamic,218,8.42971901875,3,1,0
interleaved_dynamic,219,8.74008692335,3,1,0
interleaved_dynamic,220,8.68696998805,3,1,0
interleaved_dynamic,221,9.79695096612,3,1,0
interleaved_dynamic,222,23.2000099495,3,1,0
interleaved_dynamic,223,8.08593793772,3,1,0
interleaved_dynamic,224,29.7551830299,3,1,0
interleaved_dynamic,225,14.9630729575,3,1,0
interleaved_dynamic,226,9.13733092602,3,1,0
interleaved_dynamic,227,9.56666504499,3,1,0
interleaved_dynamic,228,17.40229805,3,1,0
interleaved_dynamic,229,42.1799040632,3,1,0
interleaved_dynamic,230,8.90692498069,3,1,0
interleaved_dynamic,231,9.72930307034,3,1,0
interleaved_dynamic,232,28.8255090127,3,1,0
interleaved_dynamic,233,11.6415040102,3,1,0
interleaved_dynamic,234,8.08846298605,3,1,0
interleaved_dynamic,235,8.42654600274,3,1,0
interleaved_dynamic,236,8.78444092814,3,1,0
interleaved_dynamic,237,8.70867702179,3,1,0
interleaved_dynamic,238,9.17216599919,3,1,0
interleaved_dynamic,239,33.5515539628,3,1,0
interleaved_dynamic,240,7.84774997737,3,1,0
interleaved_dynamic,241,8.60175909474,3,1,0
interleaved_dynamic,242,13.3028459968,3,1,0
interleaved_dynamic,243,11.446855031,3,1,0
interleaved_dynamic,244,7.73148890585,3,1,0
interleaved_dynamic,245,8.06237896904,3,1,0
interleaved_dynamic,246,8.73850809876,3,1,0
interleaved_dynamic,247,8.951789001,3,1,0
interleaved_dynamic,248,35.6012131087,3,1,0
interleaved_dynamic,249,20.0329530053,3,1,0
interleaved_dynamic,250,10.0961679127,3,1,0
interleaved_dynamic,251,22.2791890847,3,1,0
interleaved_dynamic,252,9.53407702036,3,1,0
interleaved_dynamic,253,10.7982880436,3,1,0
interleaved_dynamic,254,9.10936598666,3,1,0
interleaved_dynamic,255,38.7346480275,3,1,0
interleaved_dynamic,256,14.8052809527,3,1,0
interleaved_dynamic,257,50.2971119713,3,1,0
interleaved_dynamic,258,12.1466480196,3,1,0
interleaved_dynamic,259,45.5086079892,3,1,0
interleaved_dynamic,260,25.1380869886,3,1,0
interleaved_dynamic,261,9.50900395401,3,1,0
interleaved_dynamic,262,7.95837503392,3,1,0
interleaved_dynamic,263,14.1966870287,3,1,0
interleaved_dynamic,264,35.854724003,3,1,0
interleaved_dynamic,265,9.85737296287,3,1,0
interleaved_dynamic,266,8.61221295781,3,1,0
interleaved_dynamic,267,9.27891302854,3,1,0
interleaved_dynamic,268,9.34855802916,3,1,0
interleaved_dynamic,269,30.9732910246,3,1,0
interleaved_dynamic,270,21.8667170266,3,1,0
interleaved_dynamic,271,19.6361920098,3,1,0
interleaved_dynamic,272,16.9035540894,3,1,0
interleaved_dynamic,273,22.8651330108,3,1,0
interleaved_dynamic,274,8.35907296278,3,1,0
interleaved_dynamic,275,8.68658500258,3,1,0
interleaved_dynamic,276,8.5361530073,3,1,0
interleaved_dynamic,277,21.4880860876,3,1,0
interleaved_dynamic,278,17.3894179752,3,1,0
interleaved_dynamic,279,9.40772693139,3,1,0
interleaved_dynamic,280,9.57406207453,3,1,0
interleaved_dynamic,281,8.46017897129,3,1,0
interleaved_dynamic,282,10.3188490029,3,1,0
interleaved_dynamic,283,9.74980997853,3,1,0
interleaved_dynamic,284,9.32009902317,3,1,0
interleaved_dynamic,285,7.98519991804,3,1,0
interleaved_dynamic,286,20.4813040327,3,1,0
interleaved_dynamic,287,33.891123021,3,1,0
interleaved_dynamic,288,7.81941600144,3,1,0
interleaved_dynamic,289,8.72925599106,3,1,0
interleaved_dynamic,290,8.68206401356,3,1,0
interleaved_dynamic,291,9.3496160116,3,1,0
interleaved_dynamic,292,16.1000100197,3,1,0
interleaved_dynamic,293,9.85671998933,3,1,0
interleaved_dynamic,294,10.3690850083,3,1,0
interleaved_dynamic,295,8.15550703555,3,1,0
interleaved_dynamic,296,10.4662320809,3,1,0
interleaved_dynamic,297,8.75427399296,3,1,0
interleaved_dynamic,298,11.4548039855,3,1,0
interleaved_dynamic,299,8.95655795466,3,1,0
interleaved_dynamic,300,9.80110606179,3,1,0
interleaved_dynamic,301,9.1973679373,3,1,0
interleaved_dynamic,302,37.0237060124,3,1,0
interleaved_dynamic,303,9.20878199395,3,1,0
interleaved_dynamic,304,8.7069059955,3,1,0
interleaved_dynamic,305,9.17641702108,3,1,0
interleaved_dynamic,306,25.3151670331,3,1,0
interleaved_dynamic,307,34.1504099779,3,1,0
interleaved_dynamic,308,10.585054988,3,1,0
interleaved_dynamic,309,8.95740895066,3,1,0
interleaved_dynamic,310,8.4310710663,3,1,0
interleaved_dynamic,311,11.014895048,3,1,0
interleaved_dynamic,312,39.0492089791,3,1,0
interleaved_dynamic,313,18.4547100216,3,1,0
interleaved_dynamic,314,18.6051559867,3,1,0
interleaved_dynamic,315,43.4750029817,3,1,0
interleaved_dynamic,316,14.583215001,3,1,0
interleaved_dynamic,317,9.12994798273,3,1,0
interleaved_dynamic,318,22.9789249133,3,1,0
interleaved_dynamic,319,18.5734640108,3,1,0
interleaved_dynamic,320,11.1720060231,3,1,0
interleaved_dynamic,321,9.08780598547,3,1,0
interleaved_dynamic,322,18.2190469932,3,1,0
interleaved_dynamic,323,9.79685399216,3,1,0
interleaved_dynamic,324,8.94125597551,3,1,0
interleaved_dynamic,325,17.7778159268,3,1,0
interleaved_dynamic,326,61.3378809066,3,1,0
interleaved_dynamic,327,8.38632194791,3,1,0
interleaved_dynamic,328,9.15547809564,3,1,0
interleaved_dynamic,329,8.98834096733,3,1,0
interleaved_dynamic,330,76.235539047,3,1,0
interleaved_dynamic,331,9.00791597087,3,1,0
interleaved_dynamic,332,12.5603249762,3,1,0
interleaved_dynamic,333,9.57782799378,3,1,0
interleaved_dynamic,334,8.04167997558,3,1,0
interleaved_dynamic,335,8.77645099536,3,1,0
interleaved_dynamic,336,9.71328094602,3,1,0
interleaved_dynamic,337,7.96084094327,3,1,0
interleaved_dynamic,338,10.0241050823,3,1,0
interleaved_dynamic,339,10.6110859197,3,1,0
interleaved_dynamic,340,18.6643979978,3,1,0
interleaved_dynamic,341,8.63999198191,3,1,0
interleaved_dynamic,342,9.55037702806,3,1,0
interleaved_dynamic,343,9.2640100047,3,1,0
interleaved_dynamic,344,8.08530603535,3,1,0
interleaved_dynamic,345,8.84866598062,3,1,0
interleaved_dynamic,346,38.7610270409,3,1,0
interleaved_dynamic,347,8.52758996189,3,1,0
interleaved_dynamic,348,8.65498301573,3,1,0
interleaved_dynamic,349,32.7311649453,3,1,0
interleaved_dynamic,350,15.6196679454,3,1,0
interleaved_dynamic,351,11.2877709325,3,1,0
interleaved_dynamic,352,20.4841060331,3,1,0
interleaved_dynamic,353,8.1574380165,3,1,0
interleaved_dynamic,354,7.91270297486,3,1,0
interleaved_dynamic,355,8.31495400053,3,1,0
interleaved_dynamic,356,21.8465279322,3,1,0
interleaved_dynamic,357,9.50916996226,3,1,0
interleaved_dynamic,358,11.3812150666,3,1,0
interleaved_dynamic,359,8.30191199202,3,1,0
interleaved_dynamic,360,32.4286550749,3,1,0
interleaved_dynamic,361,8.07388999965,3,1,0
interleaved_dynamic,362,20.8484919276,3,1,0
interleaved_dynamic,363,11.0759870149,3,1,0
interleaved_dynamic,364,14.5939100767,3,1,0
interleaved_dynamic,365,58.7396050105,3,1,0
interleaved_dynamic,366,24.1416658973,3,1,0
interleaved_dynamic,367,16.8552530231,3,1,0
interleaved_dynamic,368,22.8192430222,3,1,0
interleaved_dynamic,369,33.8224850129,3,1,0
interleaved_dynamic,370,9.0279179858,3,1,0
interleaved_dynamic,371,7.81782506965,3,1,0
interleaved_dynamic,372,7.69127905369,3,1,0
interleaved_dynamic,373,9.45260899607,3,1,0
interleaved_dynamic,374,10.3148299968,3,1,0
interleaved_dynamic,375,8.76542506739,3,1,0
interleaved_dynamic,376,7.57843593601,3,1,0
interleaved_dynamic,377,19.3285470596,3,1,0
interleaved_dynamic,378,7.42948695552,3,1,0
interleaved_dynamic,379,41.3244280498,3,1,0
interleaved_dynamic,380,8.94828501623,3,1,0
interleaved_dynamic,381,8.3207009593,3,1,0
interleaved_dynamic,382,11.3116190769,3,1,0
interleaved_dynamic,383,9.15907497983,3,1,0
interleaved_dynamic,384,28.9024090162,3,1,0
interleaved_dynamic,385,10.1305380231,3,1,0
interleaved_dynamic,386,8.42023291625,3,1,0
interleaved_dynamic,387,8.15446802881,3,1,0
interleaved_dynamic,388,7.76153907645,3,1,0
interleaved_dynamic,389,9.19264508411,3,1,0
interleaved_dynamic,390,11.0919239232,3,1,0
interleaved_dynamic,391,7.23757105879,3,1,0
interleaved_dynamic,392,14.3163580215,3,1,0
interleaved_dynamic,393,7.78252398595,3,1,0
interleaved_dynamic,394,7.86258105654,3,1,0
interleaved_dynamic,395,12.8266509855,3,1,0
interleaved_dynamic,396,9.91810602136,3,1,0
interleaved_dynamic,397,19.8160120053,3,1,0
interleaved_dynamic,398,8.51019599941,3,1,0
interleaved_dynamic,399,11.036469019,3,1,0
interleaved_dynamic,400,7.72977399174,3,1,0
interleaved_dynamic,401,9.48788400274,3,1,0
interleaved_dynamic,402,9.41598892678,3,1,0
interleaved_dynamic,403,8.91164294444,3,1,0
interleaved_dynamic,404,8.45874100924,3,1,0
interleaved_dynamic,405,8.25551606249,3,1,0
interleaved_dynamic,406,8.25067795813,3,1,0
interleaved_dynamic,407,8.02830792964,3,1,0
interleaved_dynamic,408,9.41584899556,3,1,0
interleaved_dynamic,409,21.1193200666,3,1,0
interleaved_dynamic,410,9.62827901822,3,1,0
interleaved_dynamic,411,8.05271905847,3,1,0
interleaved_dynamic,412,14.5643820288,3,1,0
interleaved_dynamic,413,12.3990019783,3,1,0
interleaved_dynamic,414,9.47751104832,3,1,0
interleaved_dynamic,415,9.44151799195,3,1,0
interleaved_dynamic,416,9.35724598821,3,1,0
interleaved_dynamic,417,18.0658770259,3,1,0
interleaved_dynamic,418,23.3357560355,3,1,0
interleaved_dynamic,419,11.4056239836,3,1,0
interleaved_dynamic,420,15.3944940539,3,1,0
interleaved_dynamic,421,8.23525700253,3,1,0
interleaved_dynamic,422,8.56792007107,3,1,0
interleaved_dynamic,423,15.2127069887,3,1,0
interleaved_dynamic,424,15.1265719905,3,1,0
interleaved_dynamic,425,8.81980895065,3,1,0
interleaved_dynamic,426,9.94761590846,3,1,0
interleaved_dynamic,427,21.3649220532,3,1,0
interleaved_dynamic,428,11.2033139449,3,1,0
interleaved_dynamic,429,18.7041860772,3,1,0
interleaved_dynamic,430,8.86710407212,3,1,0
interleaved_dynamic,431,19.5956709795,3,1,0
interleaved_dynamic,432,38.3342879359,3,1,0
interleaved_dynamic,433,12.1416370384,3,1,0
interleaved_dynamic,434,19.6130339755,3,1,0
interleaved_dynamic,435,35.7913069893,3,1,0
interleaved_dynamic,436,16.6705260053,3,1,0
interleaved_dynamic,437,8.90965491999,3,1,0
interleaved_dynamic,438,7.9218839528,3,1,0
interleaved_dynamic,439,14.5587110892,3,1,0
interleaved_dynamic,440,11.4999079378,3,1,0
interleaved_dynamic,441,28.8370050257,3,1,0
interleaved_dynamic,442,11.6754840128,3,1,0
interleaved_dynamic,443,8.53324204218,3,1,0
interleaved_dynamic,444,12.0007309597,3,1,0
interleaved_dynamic,445,13.4042240679,3,1,0
interleaved_dynamic,446,10.3228529915,3,1,0
interleaved_dynamic,447,73.6359349685,3,1,0
interleaved_dynamic,448,8.82827793248,3,1,0
interleaved_dynamic,449,22.5588689791,3,1,0
interleaved_dynamic,450,8.05502501316,3,1,0
interleaved_dynamic,451,22.4999919301,3,1,0
interleaved_dynamic,452,9.2482350301,3,1,0
interleaved_dynamic,453,10.2096560877,3,1,0
interleaved_dynamic,454,11.1129439902,3,1,0
interleaved_dynamic,455,12.4989649048,3,1,0
interleaved_dynamic,456,8.22636997327,3,1,0
interleaved_dynamic,457,16.4001020603,3,1,0
interleaved_dynamic,458,9.77591995616,3,1,0
interleaved_dynamic,459,8.29581008293,3,1,0
interleaved_dynamic,460,8.2301159855,3,1,0
interleaved_dynamic,461,8.51887906902,3,1,0
interleaved_dynamic,462,9.26569290459,3,1,0
interleaved_dynamic,463,9.3305290211,3,1,0
interleaved_dynamic,464,27.5232810527,3,1,0
interleaved_dynamic,465,7.41159601603,3,1,0
interleaved_dynamic,466,7.86153506488,3,1,0
interleaved_dynamic,467,34.2320400523,3,1,0
interleaved_dynamic,468,10.4612869909,3,1,0
interleaved_dynamic,469,9.1979339486,3,1,0
interleaved_dynamic,470,8.74518894125,3,1,0
interleaved_dynamic,471,11.0367889283,3,1,0
interleaved_dynamic,472,8.62946093548,3,1,0
interleaved_dynamic,473,8.44991800841,3,1,0
interleaved_dynamic,474,11.0527030192,3,1,0
interleaved_dynamic,475,9.51295101549,3,1,0
interleaved_dynamic,476,7.87188706454,3,1,0
interleaved_dynamic,477,9.46177006699,3,1,0
interleaved_dynamic,478,8.89429100789,3,1,0
interleaved_dynamic,479,7.681938936,3,1,0
interleaved_dynamic,480,8.59445298556,3,1,0
interleaved_dynamic,481,9.86077799462,3,1,0
interleaved_dynamic,482,14.4817139953,3,1,0
interleaved_dynamic,483,8.96983791608,3,1,0
interleaved_dynamic,484,8.12809600029,3,1,0
interleaved_dynamic,485,7.54432892427,3,1,0
interleaved_dynamic,486,18.5442980146,3,1,0
interleaved_dynamic,487,8.47759097815,3,1,0
interleaved_dynamic,488,28.6317620194,3,1,0
interleaved_dynamic,489,11.682640994,3,1,0
interleaved_dynamic,490,11.118585011,3,1,0
interleaved_dynamic,491,50.2063930035,3,1,0
interleaved_dynamic,492,10.1795749506,3,1,0
interleaved_dynamic,493,19.5761490613,3,1,0
interleaved_dynamic,494,23.8327779807,3,1,0
interleaved_dynamic,495,8.85492295492,3,1,0
interleaved_dynamic,496,13.4625840001,3,1,0
interleaved_dynamic,497,25.1847379841,3,1,0
interleaved_dynamic,498,8.82570189424,3,1,0
interleaved_dynamic,499,12.0303529548,3,1,0
prediction_noise,0,2.75338802021,3,1,0
prediction_noise,1,9.59422602318,3,0,1
prediction_noise,2,9.32044407818,3,0,1
prediction_noise,3,6.21594896074,3,1,0
prediction_noise,4,17.3733320553,3,0,1
prediction_noise,5,21.2133250898,3,0,1
prediction_noise,6,11.5843850654,3,0,1
prediction_noise,7,18.7828759663,3,0,1
prediction_noise,8,146.302897017,3,0,1
prediction_noise,9,9.01539309416,3,0,1
prediction_noise,10,7.65156000853,3,1,0
prediction_noise,11,7.72998295724,3,1,0
prediction_noise,12,8.86170193553,3,0,1
prediction_noise,13,10.6930820039,3,0,1
prediction_noise,14,2.91742198169,3,1,0
prediction_noise,15,3.06368502788,3,1,0
prediction_noise,16,11.5940680262,3,0,1
prediction_noise,17,2.83070106525,3,1,0
prediction_noise,18,14.3296848983,3,1,0
prediction_noise,19,3.09144507628,3,1,0
prediction_noise,20,8.38117604144,3,0,1
prediction_noise,21,9.7678800812,3,0,1
prediction_noise,22,8.72361904476,3,1,0
prediction_noise,23,17.3367899843,3,1,1
prediction_noise,24,2.71066802088,3,1,0
prediction_noise,25,11.6439670091,3,1,0
prediction_noise,26,4.35856101103,3,1,0
prediction_noise,27,29.0111349896,3,1,0
prediction_noise,28,10.479971068,3,0,1
prediction_noise,29,8.86731094215,3,0,1
prediction_noise,30,9.36825107783,3,0,1
prediction_noise,31,5.24006201886,3,0,1
prediction_noise,32,2.9570220504,3,1,0
prediction_noise,33,14.8583441041,3,0,1
prediction_noise,34,8.70454194956,3,0,1
prediction_noise,35,15.2129309718,3,0,1
prediction_noise,36,2.72130896337,3,1,0
prediction_noise,37,9.71241190564,3,0,1
prediction_noise,38,8.06736305822,3,1,0
prediction_noise,39,14.5358699374,3,0,1
prediction_noise,40,9.94925410487,3,0,1
prediction_noise,41,12.7682670718,3,0,1
prediction_noise,42,8.9804410236,3,0,1
prediction_noise,43,3.43941501342,3,1,0
prediction_noise,44,6.07734697405,3,1,0
prediction_noise,45,2.74851999711,3,1,0
prediction_noise,46,13.4820149979,3,0,1
prediction_noise,47,13.1074590608,3,0,1
prediction_noise,48,9.57899505738,3,0,1
prediction_noise,49,15.7191100297,3,0,1
prediction_noise,50,9.09167795908,3,0,1
prediction_noise,51,2.72538990248,3,1,0
prediction_noise,52,5.71938499343,3,1,0
prediction_noise,53,29.1107730009,3,0,1
prediction_noise,54,2.8587540146,3,1,0
prediction_noise,55,2.80085206032,3,1,0
prediction_noise,56,9.4766409602,3,0,1
prediction_noise,57,8.66649893578,3,0,1
prediction_noise,58,2.69662903156,3,1,0
prediction_noise,59,2.90726299863,3,1,0
prediction_noise,60,9.3953149626,3,0,1
prediction_noise,61,7.75252096355,3,1,0
prediction_noise,62,10.5850810651,3,1,0
prediction_noise,63,2.62427900452,3,1,0
prediction_noise,64,5.00272097997,3,1,0
prediction_noise,65,19.6397120599,3,0,1
prediction_noise,66,17.3234390095,3,0,1
prediction_noise,67,20.9263280267,3,1,0
prediction_noise,68,11.9395179208,3,0,1
prediction_noise,69,7.89646909107,3,1,0
prediction_noise,70,6.38739799615,3,1,0
prediction_noise,71,5.27994404547,3,1,0
prediction_noise,72,6.38087594416,3,1,0
prediction_noise,73,7.29385297745,3,1,0
prediction_noise,74,7.39950302523,3,1,0
prediction_noise,75,5.09802589659,3,1,0
prediction_noise,76,14.8043760564,3,1,0
prediction_noise,77,16.0684359726,3,0,1
prediction_noise,78,13.5251239408,3,0,1
prediction_noise,79,15.4363609618,3,0,1
prediction_noise,80,5.76532201376,3,1,0
prediction_noise,81,2.88148398977,3,1,0
prediction_noise,82,2.69110698719,3,1,0
prediction_noise,83,3.01009998657,3,1,0
prediction_noise,84,5.78694604337,3,1,0
prediction_noise,85,9.68014600221,3,0,1
prediction_noise,86,17.9026119877,3,0,1
prediction_noise,87,5.03044505604,3,1,0
prediction_noise,88,2.71120097023,3,1,0
prediction_noise,89,5.86826005019,3,1,0
prediction_noise,90,27.2100669099,3,1,0
prediction_noise,91,8.03378096316,3,0,1
prediction_noise,92,9.75079101045,3,1,0
prediction_noise,93,10.3864100529,3,0,1
prediction_noise,94,11.6510810331,3,0,1
prediction_noise,95,3.60203895252,3,1,0
prediction_noise,96,2.89272004738,3,1,0
prediction_noise,97,15.4675839003,3,0,1
prediction_noise,98,10.6455700006,3,0,1
prediction_noise,99,9.07363102306,3,1,0
prediction_noise,100,5.69170399103,3,1,0
prediction_noise,101,22.567995009,3,0,1
prediction_noise,102,9.02462902013,3,0,1
prediction_noise,103,10.1276679197,3,0,1
prediction_noise,104,3.09149594977,3,1,0
prediction_noise,105,6.10825396143,3,0,1
prediction_noise,106,5.75889507309,3,1,0
prediction_noise,107,3.05716495495,3,1,0
prediction_noise,108,6.84303301387,3,1,0
prediction_noise,109,8.95039003808,3,0,1
prediction_noise,110,10.7053259853,3,0,1
prediction_noise,111,22.4503300851,3,0,1
prediction_noise,112,8.66490602493,3,0,1
prediction_noise,113,9.7632650286,3,1,0
prediction_noise,114,13.1909869378,3,1,0
prediction_noise,115,2.71965900902,3,1,0
prediction_noise,116,2.82896403223,3,1,0
prediction_noise,117,11.3692530431,3,0,1
prediction_noise,118,6.05641293805,3,1,0
prediction_noise,119,4.50943002943,3,1,0
prediction_noise,120,8.87079909444,3,0,1
prediction_noise,121,8.87821696233,3,0,1
prediction_noise,122,9.1969340574,3,0,1
prediction_noise,123,9.80306498241,3,0,1
prediction_noise,124,16.2174199941,3,0,1
prediction_noise,125,16.0901669879,3,0,1
prediction_noise,126,10.6371570146,3,0,1
prediction_noise,127,19.8544150917,3,0,1
prediction_noise,128,13.3399179904,3,1,0
prediction_noise,129,23.7428649561,3,1,0
prediction_noise,130,9.83986700885,3,0,1
prediction_noise,131,2.89450096898,3,1,0
prediction_noise,132,6.63852598518,3,1,0
prediction_noise,133,10.4087369982,3,0,1
prediction_noise,134,9.76102100685,3,0,1
prediction_noise,135,14.5458880579,3,0,1
prediction_noise,136,18.0174910929,3,0,1
prediction_noise,137,9.62493696716,3,0,1
prediction_noise,138,15.2560590068,3,1,0
prediction_noise,139,8.00652196631,3,1,0
prediction_noise,140,10.1020529401,3,0,1
prediction_noise,141,10.2904210798,3,0,1
prediction_noise,142,9.42243810277,3,0,1
prediction_noise,143,6.71045295894,3,1,0
prediction_noise,144,3.59611900058,3,1,0
prediction_noise,145,24.4278470054,3,0,1
prediction_noise,146,2.9380399501,3,1,0
prediction_noise,147,2.82651197631,3,1,0
prediction_noise,148,5.44607895426,3,1,0
prediction_noise,149,9.80093399994,3,0,1
prediction_noise,150,31.7794190487,3,0,1
prediction_noise,151,8.82343400735,3,1,0
prediction_noise,152,9.02540201787,3,0,1
prediction_noise,153,9.71481192391,3,0,1
prediction_noise,154,2.95711297076,3,1,0
prediction_noise,155,7.80763407238,3,1,0
prediction_noise,156,5.67423191387,3,1,0
prediction_noise,157,12.3933251016,3,1,1
prediction_noise,158,8.94038204569,3,0,1
prediction_noise,159,5.18005096819,3,1,0
prediction_noise,160,7.40775302984,3,0,1
prediction_noise,161,9.68076405115,3,0,1
prediction_noise,162,29.7308899462,3,1,0
prediction_noise,163,2.75015400257,3,1,0
prediction_noise,164,10.100394953,3,0,1
prediction_noise,165,14.6460259566,3,0,1
prediction_noise,166,4.57552610897,3,1,0
prediction_noise,167,29.3868150329,3,0,1
prediction_noise,168,8.31921491772,3,1,0
prediction_noise,169,5.91699604411,3,0,1
prediction_noise,170,4.68226301018,3,1,0
prediction_noise,171,9.15765890386,3,0,1
prediction_noise,172,14.4981379854,3,1,0
prediction_noise,173,30.8452819008,3,1,0
prediction_noise,174,10.3732340503,3,0,1
prediction_noise,175,11.0789390747,3,0,1
prediction_noise,176,21.261600079,3,0,1
prediction_noise,177,9.39499598462,3,0,1
prediction_noise,178,11.8275450077,3,0,1
prediction_noise,179,15.4686670285,3,0,1
prediction_noise,180,16.8633309659,3,0,1
prediction_noise,181,14.4352739444,3,1,0
prediction_noise,182,2.84728396218,3,1,0
prediction_noise,183,27.2065339377,3,1,1
prediction_noise,184,16.0908990074,3,0,1
prediction_noise,185,14.851473039,3,0,1
prediction_noise,186,18.9777460182,3,0,1
prediction_noise,187,9.92998108268,3,0,1
prediction_noise,188,16.6900800541,3,0,1
prediction_noise,189,12.6823839964,3,0,1
prediction_noise,190,9.8313789349,3,0,1
prediction_noise,191,9.15334897581,3,0,1
prediction_noise,192,7.45163799729,3,0,1
prediction_noise,193,5.62711490784,3,1,0
prediction_noise,194,2.95228092,3,1,0
prediction_noise,195,9.5144569641,3,0,1
prediction_noise,196,10.3082560236,3,0,1
prediction_noise,197,11.5373880835,3,1,0
prediction_noise,198,16.1363430088,3,1,0
prediction_noise,199,17.4910690403,3,0,1
prediction_noise,200,5.96799701452,3,1,0
prediction_noise,201,7.27089203428,3,1,0
prediction_noise,202,2.77758296579,3,1,0
prediction_noise,203,13.2841940504,3,0,1
prediction_noise,204,2.84873391502,3,1,0
prediction_noise,205,9.89744800609,3,0,1
prediction_noise,206,14.1143469373,3,0,1
prediction_noise,207,17.2062620986,3,0,1
prediction_noise,208,9.03922808357,3,0,1
prediction_noise,209,9.27572289947,3,1,0
prediction_noise,210,4.81316493824,3,1,0
prediction_noise,211,9.24079702236,3,0,1
prediction_noise,212,2.89728306234,3,1,0
prediction_noise,213,2.81982100569,3,1,0
prediction_noise,214,5.27068495285,3,1,0
prediction_noise,215,8.03554907907,3,0,1
prediction_noise,216,10.1800760021,3,0,1
prediction_noise,217,156.322982977,3,1,0
prediction_noise,218,9.83713997994,3,1,0
prediction_noise,219,15.5231129611,3,0,1
prediction_noise,220,13.5791299399,3,0,1
prediction_noise,221,5.33702992834,3,1,0
prediction_noise,222,5.16195199452,3,1,0
prediction_noise,223,14.300400042,3,0,1
prediction_noise,224,9.50234697666,3,0,1
prediction_noise,225,10.9165629838,3,0,1
prediction_noise,226,3.48039309029,3,1,0
prediction_noise,227,7.34693498816,3,1,0
prediction_noise,228,4.68026299495,3,1,0
prediction_noise,229,9.01007198263,3,1,0
prediction_noise,230,9.35315608513,3,1,0
prediction_noise,231,5.36367495079,3,0,1
prediction_noise,232,2.83929496072,3,1,0
prediction_noise,233,18.3177059516,3,0,1
prediction_noise,234,8.76216497272,3,0,1
prediction_noise,235,19.2709090188,3,0,1
prediction_noise,236,8.22713796515,3,0,1
prediction_noise,237,7.56886810996,3,1,0
prediction_noise,238,10.0792730227,3,0,1
prediction_noise,239,11.0418960685,3,0,1
prediction_noise,240,12.5201209448,3,0,1
prediction_noise,241,10.1391080534,3,0,1
prediction_noise,242,6.46410509944,3,1,0
prediction_noise,243,8.21945595089,3,1,0
prediction_noise,244,12.9060149193,3,0,1
prediction_noise,245,15.5307780951,3,0,1
prediction_noise,246,5.37600601092,3,1,0
prediction_noise,247,2.94700299855,3,1,0
prediction_noise,248,6.37625902891,3,1,0
prediction_noise,249,2.88230297156,3,1,0
prediction_noise,250,16.0422159825,3,0,1
prediction_noise,251,16.6761870496,3,0,1
prediction_noise,252,8.56458605267,3,0,1
prediction_noise,253,8.87118594255,3,0,1
prediction_noise,254,8.60601791646,3,0,1
prediction_noise,255,4.6668369323,3,1,0
prediction_noise,256,2.76032404508,3,1,0
prediction_noise,257,9.19479306322,3,0,1
prediction_noise,258,6.1427539913,3,1,0
prediction_noise,259,2.83336197026,3,1,0
prediction_noise,260,11.8861490628,3,1,0
prediction_noise,261,8.70343402494,3,0,1
prediction_noise,262,2.76813993696,3,1,0
prediction_noise,263,2.81089299824,3,1,0
prediction_noise,264,8.82764393464,3,0,1
prediction_noise,265,2.81983602326,3,1,0
prediction_noise,266,5.16771699768,3,1,0
prediction_noise,267,8.84565105662,3,0,1
prediction_noise,268,8.38025298435,3,1,0
prediction_noise,269,2.87917302921,3,1,0
prediction_noise,270,11.0163560603,3,0,1
prediction_noise,271,25.8303899318,3,1,0
prediction_noise,272,2.92891799472,3,1,0
prediction_noise,273,4.65645396616,3,1,0
prediction_noise,274,5.12900494505,3,1,0
prediction_noise,275,9.37442702707,3,0,1
prediction_noise,276,18.6493230285,3,0,1
prediction_noise,277,16.7103770655,3,0,1
prediction_noise,278,3.04872891866,3,1,0
prediction_noise,279,20.0397610897,3,0,1
prediction_noise,280,8.47386498936,3,0,1
prediction_noise,281,11.1145219998,3,0,1
prediction_noise,282,13.6805659859,3,0,1
prediction_noise,283,12.2621189803,3,0,1
prediction_noise,284,2.85317806993,3,1,0
prediction_noise,285,3.04994999897,3,1,0
prediction_noise,286,13.8736729277,3,1,1
prediction_noise,287,16.4056100184,3,0,1
prediction_noise,288,7.28498899844,3,1,0
prediction_noise,289,2.88819207344,3,1,0
prediction_noise,290,11.2389860442,3,0,1
prediction_noise,291,12.0788370259,3,0,1
prediction_noise,292,8.82880797144,3,0,1
prediction_noise,293,2.84284097143,3,1,0
prediction_noise,294,8.91770503949,3,0,1
prediction_noise,295,5.2350780461,3,1,0
prediction_noise,296,262.880933005,3,1,1
prediction_noise,297,6.37610501144,3,1,0
prediction_noise,298,5.31863397919,3,1,0
prediction_noise,299,23.1565240538,3,0,1
prediction_noise,300,5.50583808217,3,1,0
prediction_noise,301,22.6748179412,3,0,1
prediction_noise,302,11.2816859037,3,0,1
prediction_noise,303,2.87531502545,3,1,0
prediction_noise,304,4.91442193743,3,1,0
prediction_noise,305,5.67546195816,3,0,1
prediction_noise,306,2.75009591132,3,1,0
prediction_noise,307,10.4367239401,3,0,1
prediction_noise,308,5.37931895815,3,1,0
prediction_noise,309,56.0613910202,3,1,0
prediction_noise,310,17.5659919623,3,0,1
prediction_noise,311,22.7932719281,3,0,1
prediction_noise,312,15.4576759087,3,0,1
prediction_noise,313,2.87032208871,3,1,0
prediction_noise,314,11.733771069,3,0,1
prediction_noise,315,11.5707149962,3,0,1
prediction_noise,316,15.1355009293,3,0,1
prediction_noise,317,24.44766392,3,0,1
prediction_noise,318,10.6473119231,3,0,1
prediction_noise,319,2.74779403117,3,1,0
prediction_noise,320,8.80210206378,3,0,1
prediction_noise,321,8.20954400115,3,0,1
prediction_noise,322,9.7241490148,3,0,1
prediction_noise,323,9.35907603707,3,0,1
prediction_noise,324,9.98007901944,3,1,0
prediction_noise,325,9.55631199758,3,0,1
prediction_noise,326,2.899101004,3,1,0
prediction_noise,327,18.522311002,3,1,0
prediction_noise,328,9.80127800722,3,1,0
prediction_noise,329,2.86364206113,3,1,0
prediction_noise,330,2.86796002183,3,1,0
prediction_noise,331,2.79517401941,3,1,0
prediction_noise,332,2.77959601954,3,1,0
prediction_noise,333,18.5670530191,3,0,1
prediction_noise,334,5.55215997156,3,1,0
prediction_noise,335,9.70329204574,3,0,1
prediction_noise,336,11.9159840979,3,1,0
prediction_noise,337,2.67906300724,3,1,0
prediction_noise,338,16.9296630193,3,0,1
prediction_noise,339,14.425602043,3,0,1
prediction_noise,340,2.73674400523,3,1,0
prediction_noise,341,8.59275902621,3,0,1
prediction_noise,342,29.7819080297,3,1,0
prediction_noise,343,2.88653001189,3,1,0
prediction_noise,344,5.91751199681,3,0,1
prediction_noise,345,11.9850960327,3,0,1
prediction_noise,346,7.69420794677,3,1,0
prediction_noise,347,14.0270049451,3,0,1
prediction_noise,348,19.7186310543,3,0,1
prediction_noise,349,2.86977097858,3,1,0
prediction_noise,350,8.90512496699,3,0,1
prediction_noise,351,9.02698701248,3,1,0
prediction_noise,352,13.7719890336,3,0,1
prediction_noise,353,6.16337696556,3,0,1
prediction_noise,354,18.2635849342,3,1,0
prediction_noise,355,15.22556704,3,0,1
prediction_noise,356,16.7787049431,3,0,1
prediction_noise,357,2.79951898847,3,1,0
prediction_noise,358,15.7915280433,3,0,1
prediction_noise,359,2.93784402311,3,1,0
prediction_noise,360,2.84920807462,3,1,0
prediction_noise,361,22.2387720132,3,1,0
prediction_noise,362,6.68128905818,3,1,0
prediction_noise,363,25.8102350635,3,0,1
prediction_noise,364,10.6263089692,3,1,0
prediction_noise,365,2.77669192292,3,1,0
prediction_noise,366,9.15876799263,3,0,1
prediction_noise,367,4.83919796534,3,1,0
prediction_noise,368,2.88314395584,3,1,0
prediction_noise,369,10.895918007,3,0,1
prediction_noise,370,17.8642070387,3,0,1
prediction_noise,371,3.36000497919,3,1,0
prediction_noise,372,9.14551096503,3,0,1
prediction_noise,373,2.88722198457,3,1,0
prediction_noise,374,22.086881916,3,0,1
prediction_noise,375,8.20217293222,3,1,0
prediction_noise,376,5.50435506739,3,1,0
prediction_noise,377,12.1852350421,3,0,1
prediction_noise,378,2.77832604479,3,1,0
prediction_noise,379,7.51019094605,3,1,0
prediction_noise,380,9.42339200992,3,0,1
prediction_noise,381,10.1309301099,3,1,0
prediction_noise,382,9.07461310271,3,0,1
prediction_noise,383,4.99803002458,3,1,0
prediction_noise,384,2.79465899803,3,1,0
prediction_noise,385,17.12799503,3,0,1
prediction_noise,386,17.2651160974,3,0,1
prediction_noise,387,5.54843002465,3,1,0
prediction_noise,388,9.65442194138,3,0,1
prediction_noise,389,8.05687194224,3,1,0
prediction_noise,390,2.63490399811,3,1,0
prediction_noise,391,13.4674160508,3,1,0
prediction_noise,392,7.89212097879,3,1,0
prediction_noise,393,11.1375459237,3,1,0
prediction_noise,394,2.76902795304,3,1,0
prediction_noise,395,12.2455810197,3,0,1
prediction_noise,396,2.96104501467,3,1,0
prediction_noise,397,20.988608012,3,0,1
prediction_noise,398,22.2386469832,3,1,1
prediction_noise,399,19.0106319496,3,0,1
prediction_noise,400,2.94742500409,3,1,0
prediction_noise,401,2.72674905136,3,1,0
prediction_noise,402,2.7998520527,3,1,0
prediction_noise,403,7.94146803673,3,1,0
prediction_noise,404,9.7845090786,3,0,1
prediction_noise,405,35.2907930501,3,0,1
prediction_noise,406,24.6135509806,3,1,0
prediction_noise,407,5.5225440301,3,1,0
prediction_noise,408,2.68819497433,3,1,0
prediction_noise,409,8.54113895912,3,0,1
prediction_noise,410,13.7570679653,3,0,1
prediction_noise,411,15.0503868936,3,0,1
prediction_noise,412,2.7881830465,3,1,0
prediction_noise,413,9.16034390684,3,0,1
prediction_noise,414,10.4970890097,3,0,1
prediction_noise,415,8.7040370563,3,0,1
prediction_noise,416,11.4269540645,3,0,1
prediction_noise,417,9.94289596565,3,0,1
prediction_noise,418,6.99411798269,3,1,0
prediction_noise,419,5.7845490519,3,1,0
prediction_noise,420,6.34369300678,3,1,0
prediction_noise,421,2.74049700238,3,1,0
prediction_noise,422,5.9117450146,3,1,0
prediction_noise,423,16.867339029,3,0,1
prediction_noise,424,17.1779829543,3,0,1
prediction_noise,425,13.6645960156,3,0,1
prediction_noise,426,26.1537070619,3,1,0
prediction_noise,427,11.8856759509,3,1,0
prediction_noise,428,9.4691880513,3,0,1
prediction_noise,429,3.0031260103,3,1,0
prediction_noise,430,14.0776479384,3,0,1
prediction_noise,431,3.91856301576,3,1,0
prediction_noise,432,2.73820501752,3,1,0
prediction_noise,433,9.5523489872,3,0,1
prediction_noise,434,8.96492507309,3,0,1
prediction_noise,435,19.2277659662,3,0,1
prediction_noise,436,14.6645610221,3,0,1
prediction_noise,437,15.5789810233,3,0,1
prediction_noise,438,2.83292797394,3,1,0
prediction_noise,439,10.357158957,3,0,1
prediction_noise,440,19.5853629848,3,1,1
prediction_noise,441,10.0480960682,3,0,1
prediction_noise,442,8.07806500234,3,0,1
prediction_noise,443,29.9139219569,3,1,0
prediction_noise,444,8.71542992536,3,0,1
prediction_noise,445,12.0280619012,3,0,1
prediction_noise,446,17.4741080264,3,0,1
prediction_noise,447,2.81418499071,3,1,0
prediction_noise,448,39.723074995,3,1,1
prediction_noise,449,10.1622910006,3,0,1
prediction_noise,450,4.72571398132,3,1,0
prediction_noise,451,9.56120307092,3,0,1
prediction_noise,452,2.77030305006,3,1,0
prediction_noise,453,16.119480948,3,0,1
prediction_noise,454,13.6442320654,3,1,0
prediction_noise,455,2.78340396471,3,1,0
prediction_noise,456,15.7207769807,3,0,1
prediction_noise,457,21.3973020436,3,1,1
prediction_noise,458,2.71645199973,3,1,0
prediction_noise,459,2.65458610374,3,1,0
prediction_noise,460,25.634890073,3,0,1
prediction_noise,461,9.59304801654,3,0,1
prediction_noise,462,14.6637269063,3,0,1
prediction_noise,463,15.5267389491,3,0,1
prediction_noise,464,17.9703560425,3,0,1
prediction_noise,465,15.4110608855,3,1,0
prediction_noise,466,15.8608930651,3,0,1
prediction_noise,467,7.6395899523,3,1,0
prediction_noise,468,41.36591102,3,0,1
prediction_noise,469,2.95860599726,3,1,0
prediction_noise,470,2.90666695219,3,1,0
prediction_noise,471,11.463802075,3,0,1
prediction_noise,472,9.69840597827,3,0,1
prediction_noise,473,2.8139409842,3,1,0
prediction_noise,474,2.91175406892,3,1,0
prediction_noise,475,4.87635994796,3,1,0
prediction_noise,476,2.91674910113,3,1,0
prediction_noise,477,8.26867204159,3,0,1
prediction_noise,478,41.8501610402,3,0,1
prediction_noise,479,2.60947295465,3,1,0
prediction_noise,480,22.5468570134,3,1,0
prediction_noise,481,2.73294304498,3,1,0
prediction_noise,482,2.69546196796,3,1,0
prediction_noise,483,5.61860203743,3,1,0
prediction_noise,484,2.99513700884,3,1,0
prediction_noise,485,5.95912092831,3,1,0
prediction_noise,486,9.04615095351,3,0,1
prediction_noise,487,48.9715629956,3,1,0
prediction_noise,488,2.90294608567,3,1,0
prediction_noise,489,5.99663995672,3,0,1
prediction_noise,490,9.9620380206,3,0,1
prediction_noise,491,18.1734689977,3,0,1
prediction_noise,492,2.77258991264,3,1,0
prediction_noise,493,9.54877503682,3,0,1
prediction_noise,494,4.6957860468,3,1,0
prediction_noise,495,2.78103898745,3,1,0
prediction_noise,496,2.92232690845,3,1,0
prediction_noise,497,15.5609810026,3,0,1
prediction_noise,498,9.48166300077,3,0,1
prediction_noise,499,2.66969401855,3,1,0
delayed_crossing,0,8.74518393539,3,1,0
delayed_crossing,1,7.50101997983,3,1,0
delayed_crossing,2,6.01970800199,3,1,0
delayed_crossing,3,12.2337300563,3,1,0
delayed_crossing,4,23.0217269855,3,1,0
delayed_crossing,5,18.4806339676,3,1,0
delayed_crossing,6,14.6787409903,3,1,0
delayed_crossing,7,9.48480295483,3,1,0
delayed_crossing,8,35.8576050494,3,1,0
delayed_crossing,9,5.33464201726,3,1,0
delayed_crossing,10,4.24740603194,3,1,0
delayed_crossing,11,15.4736110708,3,1,0
delayed_crossing,12,249.688062002,3,0,1
delayed_crossing,13,15.3268399881,3,0,1
delayed_crossing,14,9.76585003082,3,1,0
delayed_crossing,15,6.15682895295,3,1,0
delayed_crossing,16,46.4999109972,3,1,0
delayed_crossing,17,15.9918270074,3,1,0
delayed_crossing,18,9.83172492124,3,1,0
delayed_crossing,19,7.41755694617,3,1,0
delayed_crossing,20,4.67982306145,3,1,0
delayed_crossing,21,9.64128493797,3,1,0
delayed_crossing,22,20.8027090412,3,1,1
delayed_crossing,23,13.7312939623,3,1,0
delayed_crossing,24,465.255861054,3,0,1
delayed_crossing,25,11.5519820247,3,1,0
delayed_crossing,26,11.8527580053,3,1,0
delayed_crossing,27,478.284341982,3,0,1
delayed_crossing,28,139.328267076,3,1,0
delayed_crossing,29,6.15781499073,3,1,0
delayed_crossing,30,23.5099829733,3,1,1
delayed_crossing,31,19.7807319928,3,1,0
delayed_crossing,32,6.14855997264,3,1,0
delayed_crossing,33,12.3310940107,3,1,0
delayed_crossing,34,25.6115200464,3,1,0
delayed_crossing,35,7.59330403525,3,1,0
delayed_crossing,36,20.317203016,3,1,0
delayed_crossing,37,191.101158969,3,1,1
delayed_crossing,38,7.37550505437,3,1,0
delayed_crossing,39,18.657861976,3,1,0
delayed_crossing,40,10.2250120835,3,1,0
delayed_crossing,41,7.20391096547,3,1,0
delayed_crossing,42,12.0099490741,3,1,0
delayed_crossing,43,13.173761894,3,1,0
delayed_crossing,44,6.07782392763,3,1,0
delayed_crossing,45,5.91152103152,3,1,0
delayed_crossing,46,22.057895083,3,1,1
delayed_crossing,47,88.6749969795,3,1,0
delayed_crossing,48,20.3452209244,3,1,0
delayed_crossing,49,5.98404905759,3,1,0
delayed_crossing,50,3.84957902133,3,1,0
delayed_crossing,51,26.2732350966,3,1,0
delayed_crossing,52,24.7614301043,3,1,0
delayed_crossing,53,26.428440935,3,1,0
delayed_crossing,54,14.7607389372,3,1,0
delayed_crossing,55,7.27053103037,3,1,0
delayed_crossing,56,13.8696089853,3,1,0
delayed_crossing,57,8.04708700161,3,1,0
delayed_crossing,58,3.86181403883,3,1,0
delayed_crossing,59,11.0112029361,3,1,0
delayed_crossing,60,12.3174429173,3,1,0
delayed_crossing,61,32.3642609874,3,0,1
delayed_crossing,62,12.7717939904,3,1,0
delayed_crossing,63,4.26624401007,3,1,0
delayed_crossing,64,8.18570004776,3,1,0
delayed_crossing,65,283.931677928,3,0,1
delayed_crossing,66,7.32643390074,3,1,0
delayed_crossing,67,8.81924096029,3,1,0
delayed_crossing,68,10.9926669393,3,1,0
delayed_crossing,69,6.22033805121,3,1,0
delayed_crossing,70,45.7305780146,3,1,1
delayed_crossing,71,9.66886198148,3,1,0
delayed_crossing,72,59.5234479988,3,1,0
delayed_crossing,73,13.3206580067,3,1,0
delayed_crossing,74,26.4516250463,3,1,0
delayed_crossing,75,6.21530099306,3,1,0
delayed_crossing,76,8.46071902197,3,1,0
delayed_crossing,77,3.90218000393,3,1,0
delayed_crossing,78,29.0764200035,3,1,1
delayed_crossing,79,13.8736868976,3,1,0
delayed_crossing,80,10.8428079402,3,1,0
delayed_crossing,81,9.07670601737,3,1,0
delayed_crossing,82,10.802385048,3,1,0
delayed_crossing,83,21.2307330221,3,0,1
delayed_crossing,84,6.47882791236,3,1,0
delayed_crossing,85,42.1875870088,3,1,0
delayed_crossing,86,10.207158979,3,1,0
delayed_crossing,87,16.3513510488,3,1,0
delayed_crossing,88,71.5086029377,3,1,0
delayed_crossing,89,11.185662006,3,1,0
delayed_crossing,90,3.06712207384,3,1,0
delayed_crossing,91,5.98266604356,3,1,0
delayed_crossing,92,64.732657047,3,1,1
delayed_crossing,93,4.64829604607,3,1,0
delayed_crossing,94,12.1098249219,3,1,0
delayed_crossing,95,5.95510494895,3,1,0
delayed_crossing,96,8.90977599192,3,1,0
delayed_crossing,97,9.225339978,3,1,0
delayed_crossing,98,82.8572820174,3,1,1
delayed_crossing,99,29.2741609737,3,1,0
delayed_crossing,100,11.6921439767,3,1,0
delayed_crossing,101,4.01484500617,3,1,0
delayed_crossing,102,12.4826990068,3,1,0
delayed_crossing,103,7.82707496546,3,1,0
delayed_crossing,104,32.110553002,3,1,1
delayed_crossing,105,8.03791894577,3,1,0
delayed_crossing,106,11.6433179937,3,1,0
delayed_crossing,107,6.89437997062,3,1,0
delayed_crossing,108,5.85863692686,3,1,0
delayed_crossing,109,9.84030298423,3,1,0
delayed_crossing,110,5.45636808965,3,1,0
delayed_crossing,111,24.6207109885,3,1,0
delayed_crossing,112,25.7979939925,3,1,0
delayed_crossing,113,8.6231600726,3,1,0
delayed_crossing,114,10.5442409404,3,1,0
delayed_crossing,115,24.0874530282,3,1,0
delayed_crossing,116,22.5914679468,3,1,0
delayed_crossing,117,10.6392359594,3,1,0
delayed_crossing,118,10.5534029426,3,1,0
delayed_crossing,119,15.8606689656,3,1,0
delayed_crossing,120,10.8831730904,3,1,0
delayed_crossing,121,4.45770798251,3,1,0
delayed_crossing,122,466.020224034,3,0,1
delayed_crossing,123,16.3557409542,3,1,0
delayed_crossing,124,10.8585848939,3,1,0
delayed_crossing,125,9.48485499248,3,1,0
delayed_crossing,126,16.5203720098,3,0,1
delayed_crossing,127,39.6590769524,3,1,0
delayed_crossing,128,10.040380992,3,1,0
delayed_crossing,129,8.38158896659,3,1,0
delayed_crossing,130,5.44741598424,3,1,0
delayed_crossing,131,6.35433499701,3,1,0
delayed_crossing,132,9.07760497648,3,1,0
delayed_crossing,133,14.7072490072,3,0,1
delayed_crossing,134,13.1040449487,3,1,0
delayed_crossing,135,8.84401600342,3,1,0
delayed_crossing,136,14.3236629665,3,1,0
delayed_crossing,137,21.8296819367,3,1,0
delayed_crossing,138,5.57428307366,3,1,0
delayed_crossing,139,150.144062005,3,1,0
delayed_crossing,140,6.96058699396,3,1,0
delayed_crossing,141,4.69744892325,3,1,0
delayed_crossing,142,5.99146191962,3,1,0
delayed_crossing,143,230.557680014,3,0,1
delayed_crossing,144,16.8814570643,3,1,0
delayed_crossing,145,5.57251099963,3,1,0
delayed_crossing,146,5.63265196979,3,1,0
delayed_crossing,147,21.670765942,3,1,0
delayed_crossing,148,12.855974026,3,1,0
delayed_crossing,149,13.7674569851,3,1,0
delayed_crossing,150,16.6190479649,3,1,0
delayed_crossing,151,34.7203320125,3,1,0
delayed_crossing,152,18.2615009835,3,1,0
delayed_crossing,153,3.80189798307,3,1,0
delayed_crossing,154,5.16042800155,3,1,0
delayed_crossing,155,7.2694409173,3,1,0
delayed_crossing,156,16.9018160086,3,1,0
delayed_crossing,157,4.03558404651,3,1,0
delayed_crossing,158,5.50869503058,3,1,0
delayed_crossing,159,9.36997996178,3,1,0
delayed_crossing,160,28.028298053,3,1,0
delayed_crossing,161,50.9272220079,3,1,0
delayed_crossing,162,87.9720939556,3,1,0
delayed_crossing,163,3.85873601772,3,1,0
delayed_crossing,164,10.428236099,3,1,0
delayed_crossing,165,26.362020988,3,1,0
delayed_crossing,166,7.92135798838,3,1,0
delayed_crossing,167,16.837320989,3,1,0
delayed_crossing,168,34.6677859779,3,0,1
delayed_crossing,169,10.6119379634,3,1,0
delayed_crossing,170,22.1445040079,3,1,0
delayed_crossing,171,25.3975439118,3,1,0
delayed_crossing,172,5.15007507056,3,1,0
delayed_crossing,173,4.75653295871,3,1,0
delayed_crossing,174,5.80654595979,3,1,0
delayed_crossing,175,8.44125996809,3,1,0
delayed_crossing,176,13.4605729254,3,1,0
delayed_crossing,177,11.3337279763,3,1,0
delayed_crossing,178,9.00541606825,3,1,0
delayed_crossing,179,10.9179610154,3,1,0
delayed_crossing,180,13.7864700519,3,1,0
delayed_crossing,181,4.82114695478,3,1,0
delayed_crossing,182,3.876904957,3,1,0
delayed_crossing,183,63.4351780172,3,1,0
delayed_crossing,184,23.7240130082,3,1,0
delayed_crossing,185,4.70539589878,3,1,0
delayed_crossing,186,4.96656598989,3,1,0
delayed_crossing,187,33.6853279732,3,1,0
delayed_crossing,188,9.08975093625,3,1,0
delayed_crossing,189,39.0600379324,3,1,0
delayed_crossing,190,4.96064894833,3,1,0
delayed_crossing,191,22.9784860276,3,1,0
delayed_crossing,192,5.74180705007,3,1,0
delayed_crossing,193,20.6411019899,3,1,1
delayed_crossing,194,16.029749997,3,1,0
delayed_crossing,195,7.87444307934,3,1,0
delayed_crossing,196,257.098344038,3,1,1
delayed_crossing,197,7.45515502058,3,1,0
delayed_crossing,198,7.35082500614,3,1,0
delayed_crossing,199,82.155262935,3,1,0
delayed_crossing,200,23.1130230241,3,0,1
delayed_crossing,201,72.6817590185,3,1,1
delayed_crossing,202,4.71064005978,3,1,0
delayed_crossing,203,4.83708397951,3,1,0
delayed_crossing,204,6.68993894942,3,1,0
delayed_crossing,205,12.333964929,3,1,0
delayed_crossing,206,9.60072106682,3,1,0
delayed_crossing,207,65.5693080043,3,1,0
delayed_crossing,208,10.4842550354,3,1,0
delayed_crossing,209,413.380781072,3,0,1
delayed_crossing,210,8.19776800927,3,1,0
delayed_crossing,211,457.417621976,3,0,1
delayed_crossing,212,408.981559915,3,0,1
delayed_crossing,213,8.32187000196,3,1,0
delayed_crossing,214,16.2020480493,3,1,0
delayed_crossing,215,4.95475099888,3,1,0
delayed_crossing,216,40.3329300461,3,1,0
delayed_crossing,217,6.24776398763,3,1,0
delayed_crossing,218,4.32496494614,3,1,0
delayed_crossing,219,23.4848769614,3,1,0
delayed_crossing,220,4.11701994017,3,1,0
delayed_crossing,221,5.98201504909,3,1,0
delayed_crossing,222,34.4764640322,3,1,0
delayed_crossing,223,105.245249928,3,1,1
delayed_crossing,224,5.25911897421,3,1,0
delayed_crossing,225,10.4666759726,3,1,0
delayed_crossing,226,5.06903394125,3,1,0
delayed_crossing,227,5.45463594608,3,1,0
delayed_crossing,228,26.2191209476,3,1,0
delayed_crossing,229,15.6796700321,3,1,0
delayed_crossing,230,221.848826972,3,1,1
delayed_crossing,231,35.4295299621,3,1,0
delayed_crossing,232,22.6113530807,3,1,0
delayed_crossing,233,11.4227439044,3,1,0
delayed_crossing,234,10.3056170046,3,1,0
delayed_crossing,235,23.6175790196,3,1,0
delayed_crossing,236,9.10355197266,3,1,0
delayed_crossing,237,10.9167409828,3,1,0
delayed_crossing,238,5.81507000607,3,1,0
delayed_crossing,239,5.40132599417,3,1,0
delayed_crossing,240,238.645486068,3,0,1
delayed_crossing,241,9.73808998242,3,1,0
delayed_crossing,242,33.8044890668,3,1,0
delayed_crossing,243,112.081341911,3,0,1
delayed_crossing,244,4.55911201425,3,1,0
delayed_crossing,245,17.0433410676,3,1,0
delayed_crossing,246,37.1043280466,3,1,0
delayed_crossing,247,11.8724569911,3,1,0
delayed_crossing,248,6.31220603827,3,1,0
delayed_crossing,249,10.5856829323,3,1,0
delayed_crossing,250,48.678171006,3,1,0
delayed_crossing,251,7.98346707597,3,1,0
delayed_crossing,252,38.6369940825,3,1,0
delayed_crossing,253,10.1055459818,3,1,0
delayed_crossing,254,20.8949889056,3,1,0
delayed_crossing,255,6.51168299373,3,1,0
delayed_crossing,256,5.3792669205,3,1,0
delayed_crossing,257,4.81078703888,3,1,0
delayed_crossing,258,7.57229200099,3,1,0
delayed_crossing,259,10.2056999458,3,1,0
delayed_crossing,260,28.0211219797,3,1,0
delayed_crossing,261,11.5784429945,3,1,0
delayed_crossing,262,4.80281899218,3,1,0
delayed_crossing,263,2.75284401141,3,1,0
delayed_crossing,264,22.0114110271,3,1,0
delayed_crossing,265,344.862401951,3,0,1
delayed_crossing,266,14.0926049789,3,1,0
delayed_crossing,267,9.85375000164,3,1,0
delayed_crossing,268,14.2452759901,3,1,0
delayed_crossing,269,4.249110003,3,1,0
delayed_crossing,270,15.4678020626,3,1,0
delayed_crossing,271,13.9998730738,3,1,0
delayed_crossing,272,39.3041080097,3,0,1
delayed_crossing,273,3.77731607296,3,1,0
delayed_crossing,274,10.7315860223,3,1,0
delayed_crossing,275,18.3068780461,3,1,0
delayed_crossing,276,12.3375219991,3,1,0
delayed_crossing,277,8.54725006502,3,1,0
delayed_crossing,278,49.9457109254,3,1,1
delayed_crossing,279,49.2272280389,3,1,0
delayed_crossing,280,37.4474599957,3,1,0
delayed_crossing,281,4.97372099198,3,1,0
delayed_crossing,282,17.7776330383,3,1,0
delayed_crossing,283,493.77644097,3,0,1
delayed_crossing,284,3.64318408538,3,1,0
delayed_crossing,285,11.510574026,3,1,0
delayed_crossing,286,18.4010210214,3,1,0
delayed_crossing,287,28.1902730931,3,1,0
delayed_crossing,288,5.19493105821,3,1,0
delayed_crossing,289,10.6123230653,3,1,0
delayed_crossing,290,6.12545700278,3,1,0
delayed_crossing,291,9.70979209524,3,1,0
delayed_crossing,292,8.17556900438,3,1,0
delayed_crossing,293,14.7533799754,3,1,0
delayed_crossing,294,11.3246210385,3,1,0
delayed_crossing,295,4.24728496,3,1,0
delayed_crossing,296,34.039951046,3,1,0
delayed_crossing,297,84.7566170851,3,1,1
delayed_crossing,298,8.28951597214,3,1,0
delayed_crossing,299,473.763332004,3,0,1
delayed_crossing,300,11.5196530242,3,1,0
delayed_crossing,301,14.4854439422,3,1,0
delayed_crossing,302,3.73249303084,3,1,0
delayed_crossing,303,13.1001740228,3,1,0
delayed_crossing,304,24.6254900703,3,1,0
delayed_crossing,305,9.11982893012,3,1,0
delayed_crossing,306,6.5809530206,3,1,0
delayed_crossing,307,4.49615193065,3,1,0
delayed_crossing,308,5.67900994793,3,1,0
delayed_crossing,309,11.6077639395,3,1,0
delayed_crossing,310,35.1834960748,3,1,0
delayed_crossing,311,22.6485379972,3,1,1
delayed_crossing,312,32.3012149893,3,1,0
delayed_crossing,313,4.75522899069,3,1,0
delayed_crossing,314,4.77057299577,3,1,0
delayed_crossing,315,15.3403950389,3,1,0
delayed_crossing,316,7.67324096523,3,1,0
delayed_crossing,317,5.05173497368,3,1,0
delayed_crossing,318,12.0956579922,3,1,0
delayed_crossing,319,11.5660580341,3,1,0
delayed_crossing,320,10.7780810213,3,1,0
delayed_crossing,321,8.90394102316,3,1,0
delayed_crossing,322,20.016849041,3,1,0
delayed_crossing,323,51.2187100248,3,1,0
delayed_crossing,324,34.8643100588,3,1,1
delayed_crossing,325,11.1921359785,3,1,0
delayed_crossing,326,10.8422950143,3,1,0
delayed_crossing,327,491.336500039,3,0,1
delayed_crossing,328,51.1796770152,3,1,0
delayed_crossing,329,4.59485501051,3,1,0
delayed_crossing,330,5.87605894543,3,1,0
delayed_crossing,331,11.8007001001,3,1,0
delayed_crossing,332,25.1141360495,3,1,0
delayed_crossing,333,6.21775595937,3,1,0
delayed_crossing,334,68.4789819643,3,1,0
delayed_crossing,335,19.0860170405,3,1,1
delayed_crossing,336,9.83413599897,3,1,0
delayed_crossing,337,10.6621540617,3,1,0
delayed_crossing,338,4.11663297564,3,1,0
delayed_crossing,339,18.4687699657,3,1,1
delayed_crossing,340,29.5716109686,3,1,0
delayed_crossing,341,42.7640780108,3,1,0
delayed_crossing,342,26.7943619983,3,1,0
delayed_crossing,343,6.68664195109,3,1,0
delayed_crossing,344,7.05365394242,3,1,0
delayed_crossing,345,32.2011139942,3,1,0
delayed_crossing,346,10.8255619416,3,1,0
delayed_crossing,347,3.28557007015,3,1,0
delayed_crossing,348,7.36311799847,3,1,0
delayed_crossing,349,68.9608199755,3,1,0
delayed_crossing,350,11.2896580249,3,1,0
delayed_crossing,351,20.9645810537,3,1,0
delayed_crossing,352,12.451622053,3,1,0
delayed_crossing,353,470.59972398,3,0,1
delayed_crossing,354,4.49064595159,3,1,0
delayed_crossing,355,13.4972959058,3,1,0
delayed_crossing,356,7.26080394816,3,1,0
delayed_crossing,357,6.41477003228,3,1,0
delayed_crossing,358,148.173616966,3,0,1
delayed_crossing,359,9.98117309064,3,1,0
delayed_crossing,360,54.1157780681,3,1,1
delayed_crossing,361,47.1230540425,3,1,1
delayed_crossing,362,9.97137499508,3,1,0
delayed_crossing,363,8.58363695443,3,1,0
delayed_crossing,364,4.941849038,3,1,0
delayed_crossing,365,54.2612849968,3,1,0
delayed_crossing,366,80.8931600768,3,1,0
delayed_crossing,367,5.20844489802,3,1,0
delayed_crossing,368,4.0043379413,3,1,0
delayed_crossing,369,6.34644599631,3,1,0
delayed_crossing,370,14.7318580421,3,1,0
delayed_crossing,371,5.63543708995,3,1,0
delayed_crossing,372,9.6682269359,3,1,0
delayed_crossing,373,16.3685850566,3,1,0
delayed_crossing,374,9.34239092749,3,1,0
delayed_crossing,375,8.71843192726,3,1,0
delayed_crossing,376,12.926780968,3,1,0
delayed_crossing,377,9.94659704156,3,1,0
delayed_crossing,378,23.905232898,3,1,0
delayed_crossing,379,372.918952024,3,0,1
delayed_crossing,380,10.8521879883,3,1,0
delayed_crossing,381,12.8914940869,3,1,0
delayed_crossing,382,34.2249759706,3,1,0
delayed_crossing,383,12.5688810367,3,1,0
delayed_crossing,384,56.6799739609,3,1,1
delayed_crossing,385,5.88449300267,3,1,0
delayed_crossing,386,4.10212494899,3,1,0
delayed_crossing,387,10.977031081,3,1,0
delayed_crossing,388,11.7181150708,3,1,0
delayed_crossing,389,4.75863402244,3,1,0
delayed_crossing,390,13.7684140354,3,1,0
delayed_crossing,391,3.54156200774,3,1,0
delayed_crossing,392,11.995579931,3,1,0
delayed_crossing,393,6.06873503421,3,1,0
delayed_crossing,394,6.81198306847,3,1,0
delayed_crossing,395,57.8673710115,3,1,0
delayed_crossing,396,3.94517497625,3,1,0
delayed_crossing,397,52.001581993,3,1,0
delayed_crossing,398,6.15714595187,3,1,0
delayed_crossing,399,66.7036719387,3,1,0
delayed_crossing,400,5.78634999692,3,1,0
delayed_crossing,401,15.5423720134,3,1,0
delayed_crossing,402,7.77451100294,3,1,0
delayed_crossing,403,6.352784927,3,1,0
delayed_crossing,404,52.1384859458,3,1,0
delayed_crossing,405,7.44623097125,3,1,0
delayed_crossing,406,5.13455900364,3,1,0
delayed_crossing,407,3.23062809184,3,1,0
delayed_crossing,408,12.2630050173,3,1,0
delayed_crossing,409,9.90452500992,3,1,0
delayed_crossing,410,6.725698011,3,1,0
delayed_crossing,411,12.2378320666,3,1,0
delayed_crossing,412,6.86649396084,3,1,0
delayed_crossing,413,8.18390003406,3,1,0
delayed_crossing,414,12.7973459894,3,1,0
delayed_crossing,415,10.3740300983,3,1,0
delayed_crossing,416,4.63510700502,3,1,0
delayed_crossing,417,8.97570000961,3,1,0
delayed_crossing,418,7.12008809205,3,1,0
delayed_crossing,419,10.4806600139,3,1,0
delayed_crossing,420,5.28177304659,3,1,0
delayed_crossing,421,13.1585969357,3,1,0
delayed_crossing,422,58.0221290002,3,1,1
delayed_crossing,423,10.9637409914,3,1,0
delayed_crossing,424,5.99261501338,3,1,0
delayed_crossing,425,197.547661024,3,1,1
delayed_crossing,426,5.25921001099,3,1,0
delayed_crossing,427,158.752564923,3,1,1
delayed_crossing,428,10.5180519167,3,1,0
delayed_crossing,429,248.594786972,3,0,1
delayed_crossing,430,3.8332460681,3,1,0
delayed_crossing,431,23.0303459102,3,1,0
delayed_crossing,432,18.3490409981,3,1,0
delayed_crossing,433,18.4706039727,3,1,0
delayed_crossing,434,32.2284109425,3,1,0
delayed_crossing,435,3.98808903992,3,1,0
delayed_crossing,436,63.421947998,3,1,0
delayed_crossing,437,57.6899619773,3,1,1
delayed_crossing,438,21.4279040229,3,1,0
delayed_crossing,439,42.6027880749,3,1,0
delayed_crossing,440,6.70767796692,3,1,0
delayed_crossing,441,61.3626090344,3,1,0
delayed_crossing,442,9.87405900378,3,1,0
delayed_crossing,443,4.03627799824,3,1,0
delayed_crossing,444,10.6991250068,3,1,0
delayed_crossing,445,14.5027469844,3,1,0
delayed_crossing,446,174.589222996,3,1,1
delayed_crossing,447,5.22173405625,3,1,0
delayed_crossing,448,4.12839709315,3,1,0
delayed_crossing,449,12.3603310203,3,1,0
delayed_crossing,450,48.0458140373,3,1,0
delayed_crossing,451,7.38015002571,3,1,0
delayed_crossing,452,5.95853000414,3,1,0
delayed_crossing,453,9.55489103217,3,1,0
delayed_crossing,454,22.2705650376,3,1,0
delayed_crossing,455,34.1283240123,3,0,1
delayed_crossing,456,4.03504900169,3,1,0
delayed_crossing,457,22.2964930581,3,1,0
delayed_crossing,458,9.26175597124,3,1,0
delayed_crossing,459,8.42088693753,3,1,0
delayed_crossing,460,314.156990964,3,1,1
delayed_crossing,461,23.4538769582,3,1,0
delayed_crossing,462,53.6598640028,3,1,0
delayed_crossing,463,4.89407207351,3,1,0
delayed_crossing,464,2.76548299007,3,1,0
delayed_crossing,465,8.71656904928,3,1,0
delayed_crossing,466,5.95871300902,3,1,0
delayed_crossing,467,6.8331270013,3,1,0
delayed_crossing,468,224.50342204,3,1,0
delayed_crossing,469,15.2526389575,3,1,0
delayed_crossing,470,10.6610539369,3,1,0
delayed_crossing,471,17.7207550732,3,1,1
delayed_crossing,472,58.667137986,3,1,1
delayed_crossing,473,4.4071089942,3,1,0
delayed_crossing,474,101.793374983,3,0,1
delayed_crossing,475,36.4360630047,3,1,0
delayed_crossing,476,8.2278669579,3,1,0
delayed_crossing,477,11.4771299995,3,1,0
delayed_crossing,478,14.3856969662,3,1,0
delayed_crossing,479,4.75813995581,3,1,0
delayed_crossing,480,2.78370990418,3,1,0
delayed_crossing,481,12.3547739349,3,1,0
delayed_crossing,482,5.00429002568,3,1,0
delayed_crossing,483,18.0666500237,3,1,0
delayed_crossing,484,7.20392295625,3,1,0
delayed_crossing,485,27.2832210176,3,1,0
delayed_crossing,486,8.8564370526,3,1,0
delayed_crossing,487,33.9233709965,3,1,0
delayed_crossing,488,6.83269405272,3,1,0
delayed_crossing,489,4.71486197785,3,1,0
delayed_crossing,490,257.38133199,3,1,1
delayed_crossing,491,26.4778509736,3,1,1
delayed_crossing,492,12.6717620296,3,1,0
delayed_crossing,493,111.089337966,3,1,0
delayed_crossing,494,66.1350840237,3,1,0
delayed_crossing,495,15.9350100439,3,1,0
delayed_crossing,496,16.1382410442,3,1,0
delayed_crossing,497,18.1710029719,3,1,0
delayed_crossing,498,9.89844906144,3,1,0
delayed_crossing,499,40.5078179901,3,1,1
