case_kind,seed,runtime_ms,repeats,solved,terminal_goal_relaxed,parity_ok,parity_reason
crossing_pedestrian,0,3.094142,3,1,0,1,
crossing_pedestrian,1,2.398129,3,1,0,1,
crossing_pedestrian,2,2.283459,3,1,0,1,
crossing_pedestrian,3,30.009371,3,1,0,1,
crossing_pedestrian,4,0.745575,3,1,0,1,
crossing_pedestrian,5,0.755764,3,1,0,1,
crossing_pedestrian,6,3.807776,3,1,0,1,
crossing_pedestrian,7,28.998342,3,1,0,1,
crossing_pedestrian,8,2.634288,3,1,0,1,
crossing_pedestrian,9,2.929069,3,1,0,1,
crossing_pedestrian,10,2.549563,3,1,0,1,
crossing_pedestrian,11,2.013824,3,1,0,1,
crossing_pedestrian,12,4.302983,3,1,0,1,
crossing_pedestrian,13,21.23872,3,1,0,1,
crossing_pedestrian,14,1.934194,3,1,0,1,
crossing_pedestrian,15,2.438724,3,1,0,1,
crossing_pedestrian,16,3.725864,3,1,0,1,
crossing_pedestrian,17,1.936178,3,1,0,1,
crossing_pedestrian,18,2.032658,3,1,0,1,
crossing_pedestrian,19,4.787104,3,1,0,1,
crossing_pedestrian,20,4.724896,3,1,0,1,
crossing_pedestrian,21,2.439858,3,1,0,1,
crossing_pedestrian,22,2.501776,3,1,0,1,
crossing_pedestrian,23,7.145963,3,1,0,1,
crossing_pedestrian,24,2.420564,3,1,0,1,
crossing_pedestrian,25,2.020341,3,1,0,1,
crossing_pedestrian,26,2.165216,3,1,0,1,
crossing_pedestrian,27,2.320471,3,1,0,1,
crossing_pedestrian,28,2.014417,3,1,0,1,
crossing_pedestrian,29,2.30921,3,1,0,1,
crossing_pedestrian,30,2.047795,3,1,0,1,
crossing_pedestrian,31,2.800608,3,1,0,1,
crossing_pedestrian,32,25.356999,3,1,0,1,
crossing_pedestrian,33,2.028244,3,1,0,1,
crossing_pedestrian,34,2.31399,3,1,0,1,
crossing_pedestrian,35,4.99321,3,1,0,1,
crossing_pedestrian,36,6.678562,3,1,0,1,
crossing_pedestrian,37,2.309671,3,1,0,1,
crossing_pedestrian,38,2.961168,3,1,0,1,
crossing_pedestrian,39,0.837688,3,1,0,1,
crossing_pedestrian,40,0.739895,3,1,0,1,
crossing_pedestrian,41,2.526621,3,1,0,1,
crossing_pedestrian,42,2.928411,3,1,0,1,
crossing_pedestrian,43,2.626324,3,1,0,1,
crossing_pedestrian,44,2.15219,3,1,0,1,
crossing_pedestrian,45,0.830565,3,1,0,1,
crossing_pedestrian,46,0.835543,3,1,0,1,
crossing_pedestrian,47,2.503355,3,1,0,1,
crossing_pedestrian,48,2.029523,3,1,0,1,
crossing_pedestrian,49,4.028208,3,1,0,1,
crossing_pedestrian,50,0.753448,3,1,0,1,
crossing_pedestrian,51,6.088857,3,1,0,1,
crossing_pedestrian,52,3.087407,3,1,0,1,
crossing_pedestrian,53,6.092522,3,1,0,1,
crossing_pedestrian,54,3.596184,3,1,0,1,
crossing_pedestrian,55,2.145015,3,1,0,1,
crossing_pedestrian,56,2.246178,3,1,0,1,
crossing_pedestrian,57,2.250689,3,1,0,1,
crossing_pedestrian,58,2.494602,3,1,0,1,
crossing_pedestrian,59,2.312263,3,1,0,1,
crossing_pedestrian,60,0.802885,3,1,0,1,
crossing_pedestrian,61,5.247232,3,1,0,1,
crossing_pedestrian,62,2.412523,3,1,0,1,
crossing_pedestrian,63,0.79433,3,1,0,1,
crossing_pedestrian,64,2.158074,3,1,0,1,
crossing_pedestrian,65,0.720129,3,1,0,1,
crossing_pedestrian,66,3.399924,3,1,0,1,
crossing_pedestrian,67,2.135467,3,1,0,1,
crossing_pedestrian,68,2.143181,3,1,0,1,
crossing_pedestrian,69,61.897579,3,1,0,1,
crossing_pedestrian,70,3.828157,3,1,0,1,
crossing_pedestrian,71,1.951431,3,1,0,1,
crossing_pedestrian,72,4.317858,3,1,0,1,
crossing_pedestrian,73,6.571461,3,1,0,1,
crossing_pedestrian,74,4.458991,3,1,0,1,
crossing_pedestrian,75,2.336542,3,1,0,1,
crossing_pedestrian,76,2.025121,3,1,0,1,
crossing_pedestrian,77,0.720041,3,1,0,1,
crossing_pedestrian,78,3.363064,3,1,0,1,
crossing_pedestrian,79,1.722422,3,1,0,1,
crossing_pedestrian,80,0.816134,3,1,0,1,
crossing_pedestrian,81,8.364274,3,1,0,1,
crossing_pedestrian,82,3.886215,3,1,0,1,
crossing_pedestrian,83,1.94779,3,1,0,1,
crossing_pedestrian,84,1.862721,3,1,0,1,
crossing_pedestrian,85,0.719296,3,1,0,1,
crossing_pedestrian,86,0.805864,3,1,0,1,
crossing_pedestrian,87,0.80395,3,1,0,1,
crossing_pedestrian,88,24.903313,3,1,0,1,
crossing_pedestrian,89,4.135247,3,1,0,1,
crossing_pedestrian,90,6.405808,3,1,0,1,
crossing_pedestrian,91,2.037291,3,1,0,1,
crossing_pedestrian,92,7.254879,3,1,0,1,
crossing_pedestrian,93,4.885244,3,1,0,1,
crossing_pedestrian,94,2.542952,3,1,0,1,
crossing_pedestrian,95,2.044077,3,1,0,1,
crossing_pedestrian,96,4.119134,3,1,0,1,
crossing_pedestrian,97,4.513882,3,1,0,1,
crossing_pedestrian,98,4.686522,3,1,0,1,
crossing_pedestrian,99,0.811905,3,1,0,1,
crossing_pedestrian,100,2.069713,3,1,0,1,
crossing_pedestrian,101,2.68149,3,1,0,1,
crossing_pedestrian,102,17.216698,3,1,0,1,
crossing_pedestrian,103,0.824787,3,1,0,1,
crossing_pedestrian,104,3.050461,3,1,0,1,
crossing_pedestrian,105,13.639111,3,1,0,1,
crossing_pedestrian,106,5.240977,3,1,0,1,
crossing_pedestrian,107,119.886661,3,1,0,1,
crossing_pedestrian,108,0.714861,3,1,0,1,
crossing_pedestrian,109,0.80876,3,1,0,1,
crossing_pedestrian,110,3.419449,3,1,0,1,
crossing_pedestrian,111,1.950501,3,1,0,1,
crossing_pedestrian,112,1.966606,3,1,0,1,
crossing_pedestrian,113,4.874112,3,1,0,1,
crossing_pedestrian,114,0.801352,3,1,0,1,
crossing_pedestrian,115,2.339546,3,1,0,1,
crossing_pedestrian,116,2.129051,3,1,0,1,
crossing_pedestrian,117,2.817083,3,1,0,1,
crossing_pedestrian,118,2.358847,3,1,0,1,
crossing_pedestrian,119,0.800613,3,1,0,1,
crossing_pedestrian,120,5.809057,3,1,0,1,
crossing_pedestrian,121,5.718381,3,1,0,1,
crossing_pedestrian,122,2.866385,3,1,0,1,
crossing_pedestrian,123,2.307848,3,1,0,1,
crossing_pedestrian,124,2.162749,3,1,0,1,
crossing_pedestrian,125,2.315057,3,1,0,1,
crossing_pedestrian,126,2.224747,3,1,0,1,
crossing_pedestrian,127,63.62692,3,1,0,1,
crossing_pedestrian,128,16.631138,3,1,0,1,
crossing_pedestrian,129,3.284478,3,1,0,1,
crossing_pedestrian,130,2.143059,3,1,0,1,
crossing_pedestrian,131,12.229151,3,1,0,1,
crossing_pedestrian,132,1.925015,3,1,0,1,
crossing_pedestrian,133,2.404299,3,1,0,1,
crossing_pedestrian,134,2.080183,3,1,0,1,
crossing_pedestrian,135,2.492446,3,1,0,1,
crossing_pedestrian,136,87.210045,3,1,0,1,
crossing_pedestrian,137,2.53363,3,1,0,1,
crossing_pedestrian,138,0.819497,3,1,0,1,
crossing_pedestrian,139,15.534722,3,1,0,1,
crossing_pedestrian,140,2.463771,3,1,0,1,
crossing_pedestrian,141,4.862384,3,1,0,1,
crossing_pedestrian,142,5.389889,3,1,0,1,
crossing_pedestrian,143,0.810408,3,1,0,1,
crossing_pedestrian,144,4.126417,3,1,0,1,
crossing_pedestrian,145,2.785524,3,1,0,1,
crossing_pedestrian,146,2.286881,3,1,0,1,
crossing_pedestrian,147,3.632058,3,1,0,1,
crossing_pedestrian,148,3.548887,3,1,0,1,
crossing_pedestrian,149,2.338505,3,1,0,1,
crossing_pedestrian,150,0.738091,3,1,0,1,
crossing_pedestrian,151,4.376309,3,1,0,1,
crossing_pedestrian,152,0.842079,3,1,0,1,
crossing_pedestrian,153,2.752874,3,1,0,1,
crossing_pedestrian,154,1.977806,3,1,0,1,
crossing_pedestrian,155,2.320604,3,1,0,1,
crossing_pedestrian,156,2.327186,3,1,0,1,
crossing_pedestrian,157,17.161893,3,1,0,1,
crossing_pedestrian,158,0.845095,3,1,0,1,
crossing_pedestrian,159,3.833723,3,1,0,1,
crossing_pedestrian,160,2.236059,3,1,0,1,
crossing_pedestrian,161,0.742081,3,1,0,1,
crossing_pedestrian,162,63.435025,3,1,0,1,
crossing_pedestrian,163,2.166153,3,1,0,1,
crossing_pedestrian,164,2.752516,3,1,0,1,
crossing_pedestrian,165,0.842848,3,1,0,1,
crossing_pedestrian,166,0.817584,3,1,0,1,
crossing_pedestrian,167,0.739647,3,1,0,1,
crossing_pedestrian,168,2.347871,3,1,0,1,
crossing_pedestrian,169,2.408479,3,1,0,1,
crossing_pedestrian,170,4.722035,3,1,0,1,
crossing_pedestrian,171,2.019548,3,1,0,1,
crossing_pedestrian,172,12.704637,3,1,0,1,
crossing_pedestrian,173,4.138249,3,1,0,1,
crossing_pedestrian,174,457.724203,3,0,1,1,
crossing_pedestrian,175,3.284085,3,1,0,1,
crossing_pedestrian,176,2.255818,3,1,0,1,
crossing_pedestrian,177,1.888756,3,1,0,1,
crossing_pedestrian,178,2.295993,3,1,0,1,
crossing_pedestrian,179,0.724372,3,1,0,1,
crossing_pedestrian,180,5.028105,3,1,0,1,
crossing_pedestrian,181,4.603744,3,1,0,1,
crossing_pedestrian,182,4.000539,3,1,0,1,
crossing_pedestrian,183,3.057824,3,1,0,1,
crossing_pedestrian,184,1.966765,3,1,0,1,
crossing_pedestrian,185,1.972002,3,1,0,1,
crossing_pedestrian,186,2.645097,3,1,0,1,
crossing_pedestrian,187,7.895012,3,1,0,1,
crossing_pedestrian,188,4.926808,3,1,0,1,
crossing_pedestrian,189,5.996671,3,1,0,1,
crossing_pedestrian,190,2.355779,3,1,0,1,
crossing_pedestrian,191,2.448065,3,1,0,1,
crossing_pedestrian,192,15.609935,3,1,0,1,
crossing_pedestrian,193,2.842822,3,1,0,1,
crossing_pedestrian,194,2.958072,3,1,0,1,
crossing_pedestrian,195,31.948164,3,1,0,1,
crossing_pedestrian,196,2.536586,3,1,0,1,
crossing_pedestrian,197,2.153857,3,1,0,1,
crossing_pedestrian,198,0.814727,3,1,0,1,
crossing_pedestrian,199,2.167682,3,1,0,1,
crossing_pedestrian,200,3.12578,3,1,0,1,
crossing_pedestrian,201,2.377085,3,1,0,1,
crossing_pedestrian,202,2.114364,3,1,0,1,
crossing_pedestrian,203,2.304333,3,1,0,1,
crossing_pedestrian,204,2.715867,3,1,0,1,
crossing_pedestrian,205,3.562137,3,1,0,1,
crossing_pedestrian,206,2.950187,3,1,0,1,
crossing_pedestrian,207,2.057753,3,1,0,1,
crossing_pedestrian,208,2.262497,3,1,0,1,
crossing_pedestrian,209,1.884989,3,1,0,1,
crossing_pedestrian,210,2.733809,3,1,0,1,
crossing_pedestrian,211,2.857729,3,1,0,1,
crossing_pedestrian,212,2.099735,3,1,0,1,
crossing_pedestrian,213,0.72691,3,1,0,1,
crossing_pedestrian,214,7.307532,3,1,0,1,
crossing_pedestrian,215,2.245355,3,1,0,1,
crossing_pedestrian,216,1.890997,3,1,0,1,
crossing_pedestrian,217,2.036154,3,1,0,1,
crossing_pedestrian,218,2.13539,3,1,0,1,
crossing_pedestrian,219,2.064544,3,1,0,1,
crossing_pedestrian,220,2.046849,3,1,0,1,
crossing_pedestrian,221,4.419037,3,1,0,1,
crossing_pedestrian,222,5.454978,3,1,0,1,
crossing_pedestrian,223,6.56517,3,1,0,1,
crossing_pedestrian,224,2.157313,3,1,0,1,
crossing_pedestrian,225,2.84982,3,1,0,1,
crossing_pedestrian,226,2.267084,3,1,0,1,
crossing_pedestrian,227,0.859258,3,1,0,1,
crossing_pedestrian,228,21.4392,3,1,0,1,
crossing_pedestrian,229,2.213394,3,1,0,1,
crossing_pedestrian,230,14.382923,3,1,0,1,
crossing_pedestrian,231,7.211076,3,1,0,1,
crossing_pedestrian,232,2.076474,3,1,0,1,
crossing_pedestrian,233,2.019101,3,1,0,1,
crossing_pedestrian,234,4.398637,3,1,0,1,
crossing_pedestrian,235,1.929609,3,1,0,1,
crossing_pedestrian,236,100.722621,3,1,0,1,
crossing_pedestrian,237,2.712092,3,1,0,1,
crossing_pedestrian,238,0.809256,3,1,0,1,
crossing_pedestrian,239,2.06727,3,1,0,1,
crossing_pedestrian,240,4.811869,3,1,0,1,
crossing_pedestrian,241,8.038869,3,1,0,1,
crossing_pedestrian,242,2.59323,3,1,0,1,
crossing_pedestrian,243,9.974342,3,1,0,1,
crossing_pedestrian,244,4.486519,3,1,0,1,
crossing_pedestrian,245,0.723186,3,1,0,1,
crossing_pedestrian,246,0.802158,3,1,0,1,
crossing_pedestrian,247,4.443475,3,1,0,1,
crossing_pedestrian,248,1.692004,3,1,0,1,
crossing_pedestrian,249,2.135594,3,1,0,1,
crossing_pedestrian,250,3.947947,3,1,0,1,
crossing_pedestrian,251,4.309389,3,1,0,1,
crossing_pedestrian,252,82.995034,3,1,0,1,
crossing_pedestrian,253,3.534739,3,1,0,1,
crossing_pedestrian,254,1.886307,3,1,0,1,
crossing_pedestrian,255,1.8908,3,1,0,1,
crossing_pedestrian,256,5.143862,3,1,0,1,
crossing_pedestrian,257,6.195968,3,1,0,1,
crossing_pedestrian,258,2.075364,3,1,0,1,
crossing_pedestrian,259,0.811176,3,1,0,1,
crossing_pedestrian,260,0.805972,3,1,0,1,
crossing_pedestrian,261,0.711617,3,1,0,1,
crossing_pedestrian,262,0.805869,3,1,0,1,
crossing_pedestrian,263,15.602016,3,1,0,1,
crossing_pedestrian,264,2.387892,3,1,0,1,
crossing_pedestrian,265,2.350907,3,1,0,1,
crossing_pedestrian,266,2.043405,3,1,0,1,
crossing_pedestrian,267,0.824127,3,1,0,1,
crossing_pedestrian,268,2.443787,3,1,0,1,
crossing_pedestrian,269,2.065023,3,1,0,1,
crossing_pedestrian,270,6.726752,3,1,0,1,
crossing_pedestrian,271,1.965961,3,1,0,1,
crossing_pedestrian,272,2.316354,3,1,0,1,
crossing_pedestrian,273,2.047337,3,1,0,1,
crossing_pedestrian,274,1.893512,3,1,0,1,
crossing_pedestrian,275,2.240297,3,1,0,1,
crossing_pedestrian,276,2.964106,3,1,0,1,
crossing_pedestrian,277,5.546238,3,1,0,1,
crossing_pedestrian,278,1.882907,3,1,0,1,
crossing_pedestrian,279,2.793973,3,1,0,1,
crossing_pedestrian,280,1.849694,3,1,0,1,
crossing_pedestrian,281,0.903397,3,1,0,1,
crossing_pedestrian,282,2.314404,3,1,0,1,
crossing_pedestrian,283,4.894259,3,1,0,1,
crossing_pedestrian,284,2.711006,3,1,0,1,
crossing_pedestrian,285,2.042896,3,1,0,1,
crossing_pedestrian,286,0.71307,3,1,0,1,
crossing_pedestrian,287,3.037296,3,1,0,1,
crossing_pedestrian,288,0.804905,3,1,0,1,
crossing_pedestrian,289,8.86452,3,1,0,1,
crossing_pedestrian,290,3.858946,3,1,0,1,
crossing_pedestrian,291,2.133834,3,1,0,1,
crossing_pedestrian,292,3.207947,3,1,0,1,
crossing_pedestrian,293,0.802342,3,1,0,1,
crossing_pedestrian,294,0.79973,3,1,0,1,
crossing_pedestrian,295,3.128516,3,1,0,1,
crossing_pedestrian,296,1.779637,3,1,0,1,
crossing_pedestrian,297,3.697418,3,1,0,1,
crossing_pedestrian,298,1.987204,3,1,0,1,
crossing_pedestrian,299,2.275367,3,1,0,1,
crossing_pedestrian,300,2.271008,3,1,0,1,
crossing_pedestrian,301,2.15534,3,1,0,1,
crossing_pedestrian,302,24.93236,3,1,0,1,
crossing_pedestrian,303,3.434218,3,1,0,1,
crossing_pedestrian,304,1.7613,3,1,0,1,
crossing_pedestrian,305,2.320861,3,1,0,1,
crossing_pedestrian,306,3.670569,3,1,0,1,
crossing_pedestrian,307,0.822527,3,1,0,1,
crossing_pedestrian,308,2.987301,3,1,0,1,
crossing_pedestrian,309,7.07427,3,1,0,1,
crossing_pedestrian,310,2.514244,3,1,0,1,
crossing_pedestrian,311,7.789068,3,1,0,1,
crossing_pedestrian,312,2.22111,3,1,0,1,
crossing_pedestrian,313,3.141403,3,1,0,1,
crossing_pedestrian,314,2.837012,3,1,0,1,
crossing_pedestrian,315,2.447208,3,1,0,1,
crossing_pedestrian,316,3.509198,3,1,0,1,
crossing_pedestrian,317,14.417293,3,1,0,1,
crossing_pedestrian,318,5.448159,3,1,0,1,
crossing_pedestrian,319,1.974801,3,1,0,1,
crossing_pedestrian,320,12.583525,3,1,0,1,
crossing_pedestrian,321,26.570409,3,0,1,1,
crossing_pedestrian,322,2.157454,3,1,0,1,
crossing_pedestrian,323,2.218056,3,1,0,1,
crossing_pedestrian,324,2.227026,3,1,0,1,
crossing_pedestrian,325,3.272987,3,1,0,1,
crossing_pedestrian,326,2.062729,3,1,0,1,
crossing_pedestrian,327,2.061467,3,1,0,1,
crossing_pedestrian,328,0.810054,3,1,0,1,
crossing_pedestrian,329,2.240018,3,1,0,1,
crossing_pedestrian,330,1.941405,3,1,0,1,
crossing_pedestrian,331,2.137469,3,1,0,1,
crossing_pedestrian,332,2.535904,3,1,0,1,
crossing_pedestrian,333,9.012773,3,1,0,1,
crossing_pedestrian,334,1.942128,3,1,0,1,
crossing_pedestrian,335,8.287338,3,1,0,1,
crossing_pedestrian,336,4.406531,3,1,0,1,
crossing_pedestrian,337,8.278752,3,1,0,1,
crossing_pedestrian,338,2.491936,3,1,0,1,
crossing_pedestrian,339,0.814219,3,1,0,1,
crossing_pedestrian,340,4.779168,3,1,0,1,
crossing_pedestrian,341,0.803189,3,1,0,1,
crossing_pedestrian,342,3.994491,3,1,0,1,
crossing_pedestrian,343,4.406844,3,1,0,1,
crossing_pedestrian,344,2.790649,3,1,0,1,
crossing_pedestrian,345,34.241546,3,1,0,1,
crossing_pedestrian,346,2.354031,3,1,0,1,
crossing_pedestrian,347,0.707774,3,1,0,1,
crossing_pedestrian,348,1.568326,3,1,0,1,
crossing_pedestrian,349,0.799585,3,1,0,1,
crossing_pedestrian,350,2.520248,3,1,0,1,
crossing_pedestrian,351,5.707385,3,1,0,1,
crossing_pedestrian,352,3.174529,3,1,0,1,
crossing_pedestrian,353,2.865191,3,1,0,1,
crossing_pedestrian,354,2.138785,3,1,0,1,
crossing_pedestrian,355,2.443686,3,1,0,1,
crossing_pedestrian,356,2.067468,3,1,0,1,
crossing_pedestrian,357,6.233555,3,1,0,1,
crossing_pedestrian,358,2.593753,3,1,0,1,
crossing_pedestrian,359,2.117545,3,1,0,1,
crossing_pedestrian,360,4.234273,3,1,0,1,
crossing_pedestrian,361,2.61103,3,1,0,1,
crossing_pedestrian,362,17.382591,3,1,0,1,
crossing_pedestrian,363,3.083831,3,1,0,1,
crossing_pedestrian,364,2.251327,3,1,0,1,
crossing_pedestrian,365,2.141983,3,1,0,1,
crossing_pedestrian,366,2.021776,3,1,0,1,
crossing_pedestrian,367,5.335016,3,1,0,1,
crossing_pedestrian,368,13.165371,3,1,0,1,
crossing_pedestrian,369,2.608931,3,1,0,1,
crossing_pedestrian,370,1.84274,3,1,0,1,
crossing_pedestrian,371,2.417998,3,1,0,1,
crossing_pedestrian,372,3.436447,3,1,0,1,
crossing_pedestrian,373,7.385607,3,1,0,1,
crossing_pedestrian,374,2.303259,3,1,0,1,
crossing_pedestrian,375,37.248958,3,0,1,1,
crossing_pedestrian,376,2.419483,3,1,0,1,
crossing_pedestrian,377,3.275177,3,1,0,1,
crossing_pedestrian,378,2.314174,3,1,0,1,
crossing_pedestrian,379,1.899338,3,1,0,1,
crossing_pedestrian,380,2.113515,3,1,0,1,
crossing_pedestrian,381,1.982605,3,1,0,1,
crossing_pedestrian,382,2.703792,3,1,0,1,
crossing_pedestrian,383,2.122859,3,1,0,1,
crossing_pedestrian,384,9.341079,3,1,0,1,
crossing_pedestrian,385,0.731358,3,1,0,1,
crossing_pedestrian,386,2.26771,3,1,0,1,
crossing_pedestrian,387,0.720126,3,1,0,1,
crossing_pedestrian,388,2.518309,3,1,0,1,
crossing_pedestrian,389,2.647,3,1,0,1,
crossing_pedestrian,390,6.514912,3,1,0,1,
crossing_pedestrian,391,15.107684,3,1,0,1,
crossing_pedestrian,392,1.869902,3,1,0,1,
crossing_pedestrian,393,2.025259,3,1,0,1,
crossing_pedestrian,394,27.429278,3,1,0,1,
crossing_pedestrian,395,1.866468,3,1,0,1,
crossing_pedestrian,396,3.365222,3,1,0,1,
crossing_pedestrian,397,0.808485,3,1,0,1,
crossing_pedestrian,398,2.60586,3,1,0,1,
crossing_pedestrian,399,2.141271,3,1,0,1,
crossing_pedestrian,400,8.488474,3,1,0,1,
crossing_pedestrian,401,20.301782,3,1,0,1,
crossing_pedestrian,402,22.105536,3,1,0,1,
crossing_pedestrian,403,2.927612,3,1,0,1,
crossing_pedestrian,404,0.803369,3,1,0,1,
crossing_pedestrian,405,6.108226,3,1,0,1,
crossing_pedestrian,406,2.44342,3,1,0,1,
crossing_pedestrian,407,1.899763,3,1,0,1,
crossing_pedestrian,408,2.156141,3,1,0,1,
crossing_pedestrian,409,5.544381,3,1,0,1,
crossing_pedestrian,410,1.945348,3,1,0,1,
crossing_pedestrian,411,4.877749,3,1,0,1,
crossing_pedestrian,412,2.828628,3,1,0,1,
crossing_pedestrian,413,2.113464,3,1,0,1,
crossing_pedestrian,414,2.398552,3,1,0,1,
crossing_pedestrian,415,4.686469,3,1,0,1,
crossing_pedestrian,416,2.15237,3,1,0,1,
crossing_pedestrian,417,4.004896,3,1,0,1,
crossing_pedestrian,418,2.119412,3,1,0,1,
crossing_pedestrian,419,4.737386,3,1,0,1,
crossing_pedestrian,420,6.329373,3,1,0,1,
crossing_pedestrian,421,1.758908,3,1,0,1,
crossing_pedestrian,422,0.91803,3,1,0,1,
crossing_pedestrian,423,0.711015,3,1,0,1,
crossing_pedestrian,424,12.659966,3,1,0,1,
crossing_pedestrian,425,2.508781,3,1,0,1,
crossing_pedestrian,426,8.382422,3,1,0,1,
crossing_pedestrian,427,2.660443,3,1,0,1,
crossing_pedestrian,428,2.12795,3,1,0,1,
crossing_pedestrian,429,5.92038,3,1,0,1,
crossing_pedestrian,430,3.566606,3,1,0,1,
crossing_pedestrian,431,8.708798,3,1,0,1,
crossing_pedestrian,432,4.796882,3,1,0,1,
crossing_pedestrian,433,0.798566,3,1,0,1,
crossing_pedestrian,434,3.446197,3,1,0,1,
crossing_pedestrian,435,0.711764,3,1,0,1,
crossing_pedestrian,436,4.273178,3,1,0,1,
crossing_pedestrian,437,2.694362,3,1,0,1,
crossing_pedestrian,438,2.260111,3,1,0,1,
crossing_pedestrian,439,2.488572,3,1,0,1,
crossing_pedestrian,440,2.706026,3,1,0,1,
crossing_pedestrian,441,61.293765,3,1,0,1,
crossing_pedestrian,442,1.94884,3,1,0,1,
crossing_pedestrian,443,2.510002,3,1,0,1,
crossing_pedestrian,444,20.511274,3,1,0,1,
crossing_pedestrian,445,2.51737,3,1,0,1,
crossing_pedestrian,446,11.517942,3,1,0,1,
crossing_pedestrian,447,1.49147,3,1,0,1,
crossing_pedestrian,448,2.918184,3,1,0,1,
crossing_pedestrian,449,4.689328,3,1,0,1,
crossing_pedestrian,450,2.806575,3,1,0,1,
crossing_pedestrian,451,2.026597,3,1,0,1,
crossing_pedestrian,452,2.694423,3,1,0,1,
crossing_pedestrian,453,9.039887,3,1,0,1,
crossing_pedestrian,454,4.036072,3,1,0,1,
crossing_pedestrian,455,0.811192,3,1,0,1,
crossing_pedestrian,456,7.149028,3,1,0,1,
crossing_pedestrian,457,3.732452,3,1,0,1,
crossing_pedestrian,458,2.429618,3,1,0,1,
crossing_pedestrian,459,2.070174,3,1,0,1,
crossing_pedestrian,460,0.723322,3,1,0,1,
crossing_pedestrian,461,0.799273,3,1,0,1,
crossing_pedestrian,462,5.143433,3,1,0,1,
crossing_pedestrian,463,7.829201,3,1,0,1,
crossing_pedestrian,464,12.319152,3,1,0,1,
crossing_pedestrian,465,2.112374,3,1,0,1,
crossing_pedestrian,466,2.332925,3,1,0,1,
crossing_pedestrian,467,5.732667,3,1,0,1,
crossing_pedestrian,468,2.034177,3,1,0,1,
crossing_pedestrian,469,0.813477,3,1,0,1,
crossing_pedestrian,470,1.948415,3,1,0,1,
crossing_pedestrian,471,2.019916,3,1,0,1,
crossing_pedestrian,472,0.711515,3,1,0,1,
crossing_pedestrian,473,13.915572,3,1,0,1,
crossing_pedestrian,474,2.32402,3,1,0,1,
crossing_pedestrian,475,1.883746,3,1,0,1,
crossing_pedestrian,476,1.937277,3,1,0,1,
crossing_pedestrian,477,45.029016,3,1,0,1,
crossing_pedestrian,478,10.088117,3,1,0,1,
crossing_pedestrian,479,2.324513,3,1,0,1,
crossing_pedestrian,480,2.232474,3,1,0,1,
crossing_pedestrian,481,4.686184,3,1,0,1,
crossing_pedestrian,482,0.804623,3,1,0,1,
crossing_pedestrian,483,3.943555,3,1,0,1,
crossing_pedestrian,484,0.803019,3,1,0,1,
crossing_pedestrian,485,2.586936,3,1,0,1,
crossing_pedestrian,486,1.981554,3,1,0,1,
crossing_pedestrian,487,5.821612,3,1,0,1,
crossing_pedestrian,488,1.201077,3,1,0,1,
crossing_pedestrian,489,2.144444,3,1,0,1,
crossing_pedestrian,490,7.609894,3,1,0,1,
crossing_pedestrian,491,0.710911,3,1,0,1,
crossing_pedestrian,492,13.678012,3,1,0,1,
crossing_pedestrian,493,2.346997,3,1,0,1,
crossing_pedestrian,494,2.952255,3,1,0,1,
crossing_pedestrian,495,4.700966,3,1,0,1,
crossing_pedestrian,496,1.926088,3,1,0,1,
crossing_pedestrian,497,3.206888,3,1,0,1,
crossing_pedestrian,498,2.769533,3,1,0,1,
crossing_pedestrian,499,2.584013,3,1,0,1,
vehicle_cut_in,0,3.949932,3,1,0,1,
vehicle_cut_in,1,0.804801,3,1,0,1,
vehicle_cut_in,2,0.798705,3,1,0,1,
vehicle_cut_in,3,0.801457,3,1,0,1,
vehicle_cut_in,4,0.810855,3,1,0,1,
vehicle_cut_in,5,5.3021,3,1,0,1,
vehicle_cut_in,6,0.80189,3,1,0,1,
vehicle_cut_in,7,0.813298,3,1,0,1,
vehicle_cut_in,8,0.793736,3,1,0,1,
vehicle_cut_in,9,4.313444,3,1,0,1,
vehicle_cut_in,10,0.78822,3,1,0,1,
vehicle_cut_in,11,2.593967,3,1,0,1,
vehicle_cut_in,12,0.902626,3,1,0,1,
vehicle_cut_in,13,0.795201,3,1,0,1,
vehicle_cut_in,14,34.227459,3,1,0,1,
vehicle_cut_in,15,2.533643,3,1,0,1,
vehicle_cut_in,16,1.983811,3,1,0,1,
vehicle_cut_in,17,0.821617,3,1,0,1,
vehicle_cut_in,18,0.796424,3,1,0,1,
vehicle_cut_in,19,0.896617,3,1,0,1,
vehicle_cut_in,20,3.472279,3,1,0,1,
vehicle_cut_in,21,0.818234,3,1,0,1,
vehicle_cut_in,22,0.791859,3,1,0,1,
vehicle_cut_in,23,3.768675,3,1,0,1,
vehicle_cut_in,24,0.797013,3,1,0,1,
vehicle_cut_in,25,3.353198,3,1,0,1,
vehicle_cut_in,26,20.235825,3,1,0,1,
vehicle_cut_in,27,8.21305,3,1,0,1,
vehicle_cut_in,28,6.051173,3,1,0,1,
vehicle_cut_in,29,0.800909,3,1,0,1,
vehicle_cut_in,30,5.360167,3,1,0,1,
vehicle_cut_in,31,22.416515,3,1,0,1,
vehicle_cut_in,32,0.79785,3,1,0,1,
vehicle_cut_in,33,5.135971,3,1,0,1,
vehicle_cut_in,34,26.8601,3,1,0,1,
vehicle_cut_in,35,28.531993,3,1,1,1,
vehicle_cut_in,36,0.806813,3,1,0,1,
vehicle_cut_in,37,7.314828,3,1,0,1,
vehicle_cut_in,38,0.807654,3,1,0,1,
vehicle_cut_in,39,0.789057,3,1,0,1,
vehicle_cut_in,40,36.790458,3,1,0,1,
vehicle_cut_in,41,0.792557,3,1,0,1,
vehicle_cut_in,42,12.21901,3,1,0,1,
vehicle_cut_in,43,0.90272,3,1,0,1,
vehicle_cut_in,44,4.989348,3,1,0,1,
vehicle_cut_in,45,0.822516,3,1,0,1,
vehicle_cut_in,46,0.848187,3,1,0,1,
vehicle_cut_in,47,8.302998,3,1,0,1,
vehicle_cut_in,48,0.864506,3,1,0,1,
vehicle_cut_in,49,8.817292,3,1,0,1,
vehicle_cut_in,50,188.765165,3,1,1,1,
vehicle_cut_in,51,0.828177,3,1,0,1,
vehicle_cut_in,52,0.800484,3,1,0,1,
vehicle_cut_in,53,0.816456,3,1,0,1,
vehicle_cut_in,54,0.796006,3,1,0,1,
vehicle_cut_in,55,0.802305,3,1,0,1,
vehicle_cut_in,56,0.815202,3,1,0,1,
vehicle_cut_in,57,8.437854,3,1,0,1,
vehicle_cut_in,58,11.437436,3,1,0,1,
vehicle_cut_in,59,0.814439,3,1,0,1,
vehicle_cut_in,60,0.803474,3,1,0,1,
vehicle_cut_in,61,0.792464,3,1,0,1,
vehicle_cut_in,62,19.442878,3,1,0,1,
vehicle_cut_in,63,9.102792,3,1,0,1,
vehicle_cut_in,64,0.798893,3,1,0,1,
vehicle_cut_in,65,0.80125,3,1,0,1,
vehicle_cut_in,66,0.787,3,1,0,1,
vehicle_cut_in,67,4.833515,3,1,0,1,
vehicle_cut_in,68,0.822644,3,1,0,1,
vehicle_cut_in,69,0.799487,3,1,0,1,
vehicle_cut_in,70,0.791819,3,1,0,1,
vehicle_cut_in,71,10.675872,3,1,0,1,
vehicle_cut_in,72,43.013756,3,1,0,1,
vehicle_cut_in,73,0.8253,3,1,0,1,
vehicle_cut_in,74,21.322915,3,1,0,1,
vehicle_cut_in,75,0.799185,3,1,0,1,
vehicle_cut_in,76,0.795719,3,1,0,1,
vehicle_cut_in,77,0.806014,3,1,0,1,
vehicle_cut_in,78,0.793902,3,1,0,1,
vehicle_cut_in,79,0.792236,3,1,0,1,
vehicle_cut_in,80,13.295503,3,1,0,1,
vehicle_cut_in,81,6.296577,3,1,0,1,
vehicle_cut_in,82,0.837002,3,1,0,1,
vehicle_cut_in,83,0.798838,3,1,0,1,
vehicle_cut_in,84,1.804832,3,1,0,1,
vehicle_cut_in,85,4.165564,3,1,0,1,
vehicle_cut_in,86,3.244697,3,1,0,1,
vehicle_cut_in,87,0.800863,3,1,0,1,
vehicle_cut_in,88,7.366252,3,1,0,1,
vehicle_cut_in,89,0.926207,3,1,0,1,
vehicle_cut_in,90,0.813265,3,1,0,1,
vehicle_cut_in,91,3.503834,3,1,0,1,
vehicle_cut_in,92,5.05231,3,1,0,1,
vehicle_cut_in,93,0.920505,3,1,0,1,
vehicle_cut_in,94,0.907731,3,1,0,1,
vehicle_cut_in,95,2.44343,3,1,0,1,
vehicle_cut_in,96,6.865188,3,1,0,1,
vehicle_cut_in,97,0.843991,3,1,0,1,
vehicle_cut_in,98,2.14833,3,1,0,1,
vehicle_cut_in,99,3.514463,3,1,0,1,
vehicle_cut_in,100,0.84042,3,1,0,1,
vehicle_cut_in,101,3.044828,3,1,0,1,
vehicle_cut_in,102,13.549606,3,1,0,1,
vehicle_cut_in,103,0.808054,3,1,0,1,
vehicle_cut_in,104,0.809525,3,1,0,1,
vehicle_cut_in,105,0.830858,3,1,0,1,
vehicle_cut_in,106,0.822927,3,1,0,1,
vehicle_cut_in,107,0.797778,3,1,0,1,
vehicle_cut_in,108,2.589866,3,1,0,1,
vehicle_cut_in,109,0.800347,3,1,0,1,
vehicle_cut_in,110,5.697214,3,1,0,1,
vehicle_cut_in,111,0.805418,3,1,0,1,
vehicle_cut_in,112,0.910834,3,1,0,1,
vehicle_cut_in,113,0.800104,3,1,0,1,
vehicle_cut_in,114,0.812982,3,1,0,1,
vehicle_cut_in,115,5.260977,3,1,0,1,
vehicle_cut_in,116,0.918364,3,1,0,1,
vehicle_cut_in,117,0.804534,3,1,0,1,
vehicle_cut_in,118,5.377168,3,1,0,1,
vehicle_cut_in,119,0.826438,3,1,0,1,
vehicle_cut_in,120,4.672151,3,1,0,1,
vehicle_cut_in,121,0.794313,3,1,0,1,
vehicle_cut_in,122,2.738128,3,1,0,1,
vehicle_cut_in,123,14.095561,3,1,0,1,
vehicle_cut_in,124,4.86845,3,1,0,1,
vehicle_cut_in,125,0.794964,3,1,0,1,
vehicle_cut_in,126,0.799711,3,1,0,1,
vehicle_cut_in,127,0.818398,3,1,0,1,
vehicle_cut_in,128,5.763748,3,1,0,1,
vehicle_cut_in,129,2.824455,3,1,0,1,
vehicle_cut_in,130,0.835091,3,1,0,1,
vehicle_cut_in,131,0.833768,3,1,0,1,
vehicle_cut_in,132,3.689322,3,1,0,1,
vehicle_cut_in,133,3.676378,3,1,0,1,
vehicle_cut_in,134,0.795633,3,1,0,1,
vehicle_cut_in,135,22.473049,3,1,0,1,
vehicle_cut_in,136,5.216661,3,1,0,1,
vehicle_cut_in,137,5.855897,3,1,0,1,
vehicle_cut_in,138,0.839936,3,1,0,1,
vehicle_cut_in,139,0.832293,3,1,0,1,
vehicle_cut_in,140,3.960014,3,1,0,1,
vehicle_cut_in,141,0.810559,3,1,0,1,
vehicle_cut_in,142,8.451934,3,1,0,1,
vehicle_cut_in,143,16.857574,3,1,0,1,
vehicle_cut_in,144,49.129873,3,1,0,1,
vehicle_cut_in,145,4.434826,3,1,0,1,
vehicle_cut_in,146,17.654933,3,1,0,1,
vehicle_cut_in,147,0.950318,3,1,0,1,
vehicle_cut_in,148,0.842688,3,1,0,1,
vehicle_cut_in,149,7.630174,3,1,0,1,
vehicle_cut_in,150,4.348829,3,1,0,1,
vehicle_cut_in,151,0.7944,3,1,0,1,
vehicle_cut_in,152,0.800877,3,1,0,1,
vehicle_cut_in,153,6.639505,3,1,0,1,
vehicle_cut_in,154,0.799386,3,1,0,1,
vehicle_cut_in,155,0.806827,3,1,0,1,
vehicle_cut_in,156,0.792284,3,1,0,1,
vehicle_cut_in,157,4.93968,3,1,0,1,
vehicle_cut_in,158,5.154982,3,1,0,1,
vehicle_cut_in,159,7.621272,3,1,0,1,
vehicle_cut_in,160,0.800344,3,1,0,1,
vehicle_cut_in,161,0.794413,3,1,0,1,
vehicle_cut_in,162,2.714711,3,1,0,1,
vehicle_cut_in,163,0.803365,3,1,0,1,
vehicle_cut_in,164,0.799045,3,1,0,1,
vehicle_cut_in,165,15.773644,3,1,0,1,
vehicle_cut_in,166,3.949742,3,1,0,1,
vehicle_cut_in,167,4.173336,3,1,0,1,
vehicle_cut_in,168,0.789521,3,1,0,1,
vehicle_cut_in,169,21.051421,3,1,0,1,
vehicle_cut_in,170,20.612444,3,1,1,1,
vehicle_cut_in,171,0.798621,3,1,0,1,
vehicle_cut_in,172,22.936483,3,1,0,1,
vehicle_cut_in,173,1.195008,3,1,0,1,
vehicle_cut_in,174,5.30681,3,1,0,1,
vehicle_cut_in,175,1.195996,3,1,0,1,
vehicle_cut_in,176,1.195617,3,1,0,1,
vehicle_cut_in,177,1.330698,3,1,0,1,
vehicle_cut_in,178,52.505056,3,1,0,1,
vehicle_cut_in,179,6.176232,3,1,0,1,
vehicle_cut_in,180,0.808147,3,1,0,1,
vehicle_cut_in,181,2.335865,3,1,0,1,
vehicle_cut_in,182,0.927998,3,1,0,1,
vehicle_cut_in,183,0.795502,3,1,0,1,
vehicle_cut_in,184,5.623862,3,1,0,1,
vehicle_cut_in,185,0.796724,3,1,0,1,
vehicle_cut_in,186,24.810109,3,1,0,1,
vehicle_cut_in,187,4.697559,3,1,0,1,
vehicle_cut_in,188,0.796494,3,1,0,1,
vehicle_cut_in,189,15.363151,3,1,0,1,
vehicle_cut_in,190,0.807056,3,1,0,1,
vehicle_cut_in,191,6.345465,3,1,0,1,
vehicle_cut_in,192,13.467887,3,1,0,1,
vehicle_cut_in,193,5.64617,3,1,0,1,
vehicle_cut_in,194,0.898901,3,1,0,1,
vehicle_cut_in,195,2.779513,3,1,0,1,
vehicle_cut_in,196,0.820245,3,1,0,1,
vehicle_cut_in,197,0.805217,3,1,0,1,
vehicle_cut_in,198,3.186594,3,1,0,1,
vehicle_cut_in,199,2.622255,3,1,0,1,
vehicle_cut_in,200,5.651104,3,1,0,1,
vehicle_cut_in,201,6.64685,3,1,0,1,
vehicle_cut_in,202,0.801832,3,1,0,1,
vehicle_cut_in,203,6.241367,3,1,0,1,
vehicle_cut_in,204,0.899875,3,1,0,1,
vehicle_cut_in,205,4.743776,3,1,0,1,
vehicle_cut_in,206,0.791888,3,1,0,1,
vehicle_cut_in,207,0.816555,3,1,0,1,
vehicle_cut_in,208,4.966888,3,1,0,1,
vehicle_cut_in,209,0.803311,3,1,0,1,
vehicle_cut_in,210,5.031976,3,1,0,1,
vehicle_cut_in,211,0.92774,3,1,0,1,
vehicle_cut_in,212,0.902466,3,1,0,1,
vehicle_cut_in,213,0.798802,3,1,0,1,
vehicle_cut_in,214,9.23849,3,1,0,1,
vehicle_cut_in,215,0.822466,3,1,0,1,
vehicle_cut_in,216,2.85815,3,1,0,1,
vehicle_cut_in,217,0.816355,3,1,0,1,
vehicle_cut_in,218,14.181336,3,1,0,1,
vehicle_cut_in,219,0.809925,3,1,0,1,
vehicle_cut_in,220,7.551142,3,1,0,1,
vehicle_cut_in,221,9.193548,3,1,0,1,
vehicle_cut_in,222,4.697147,3,1,0,1,
vehicle_cut_in,223,2.525067,3,1,0,1,
vehicle_cut_in,224,0.79406,3,1,0,1,
vehicle_cut_in,225,9.114549,3,1,0,1,
vehicle_cut_in,226,3.460765,3,1,0,1,
vehicle_cut_in,227,5.205881,3,1,0,1,
vehicle_cut_in,228,3.496812,3,1,0,1,
vehicle_cut_in,229,0.793856,3,1,0,1,
vehicle_cut_in,230,0.803783,3,1,0,1,
vehicle_cut_in,231,0.821836,3,1,0,1,
vehicle_cut_in,232,0.821983,3,1,0,1,
vehicle_cut_in,233,0.837319,3,1,0,1,
vehicle_cut_in,234,6.877235,3,1,0,1,
vehicle_cut_in,235,6.372139,3,1,0,1,
vehicle_cut_in,236,8.684123,3,1,0,1,
vehicle_cut_in,237,0.798468,3,1,0,1,
vehicle_cut_in,238,25.778535,3,1,0,1,
vehicle_cut_in,239,2.442866,3,1,0,1,
vehicle_cut_in,240,3.489896,3,1,0,1,
vehicle_cut_in,241,0.809752,3,1,0,1,
vehicle_cut_in,242,2.400788,3,1,0,1,
vehicle_cut_in,243,8.7707,3,1,0,1,
vehicle_cut_in,244,5.387258,3,1,0,1,
vehicle_cut_in,245,0.794877,3,1,0,1,
vehicle_cut_in,246,20.559679,3,1,0,1,
vehicle_cut_in,247,0.807743,3,1,0,1,
vehicle_cut_in,248,0.80519,3,1,0,1,
vehicle_cut_in,249,0.790769,3,1,0,1,
vehicle_cut_in,250,5.503766,3,1,0,1,
vehicle_cut_in,251,0.790338,3,1,0,1,
vehicle_cut_in,252,55.372621,3,1,0,1,
vehicle_cut_in,253,0.807221,3,1,0,1,
vehicle_cut_in,254,0.819698,3,1,0,1,
vehicle_cut_in,255,0.791653,3,1,0,1,
vehicle_cut_in,256,0.798642,3,1,0,1,
vehicle_cut_in,257,0.822493,3,1,0,1,
vehicle_cut_in,258,0.807665,3,1,0,1,
vehicle_cut_in,259,119.837579,3,1,1,1,
vehicle_cut_in,260,43.004245,3,1,1,1,
vehicle_cut_in,261,0.808333,3,1,0,1,
vehicle_cut_in,262,2.508127,3,1,0,1,
vehicle_cut_in,263,9.780976,3,1,0,1,
vehicle_cut_in,264,4.024673,3,1,0,1,
vehicle_cut_in,265,5.556899,3,1,0,1,
vehicle_cut_in,266,0.802289,3,1,0,1,
vehicle_cut_in,267,0.79347,3,1,0,1,
vehicle_cut_in,268,4.369864,3,1,0,1,
vehicle_cut_in,269,0.892693,3,1,0,1,
vehicle_cut_in,270,5.086711,3,1,0,1,
vehicle_cut_in,271,3.907012,3,1,0,1,
vehicle_cut_in,272,0.79756,3,1,0,1,
vehicle_cut_in,273,0.80646,3,1,0,1,
vehicle_cut_in,274,4.188577,3,1,0,1,
vehicle_cut_in,275,3.183506,3,1,0,1,
vehicle_cut_in,276,0.910045,3,1,0,1,
vehicle_cut_in,277,0.794513,3,1,0,1,
vehicle_cut_in,278,0.796172,3,1,0,1,
vehicle_cut_in,279,0.804719,3,1,0,1,
vehicle_cut_in,280,0.789675,3,1,0,1,
vehicle_cut_in,281,5.037292,3,1,0,1,
vehicle_cut_in,282,0.808179,3,1,0,1,
vehicle_cut_in,283,22.492008,3,1,0,1,
vehicle_cut_in,284,5.322234,3,1,0,1,
vehicle_cut_in,285,1.774577,3,1,0,1,
vehicle_cut_in,286,6.815896,3,1,0,1,
vehicle_cut_in,287,0.800579,3,1,0,1,
vehicle_cut_in,288,4.457105,3,1,0,1,
vehicle_cut_in,289,0.802393,3,1,0,1,
vehicle_cut_in,290,0.80574,3,1,0,1,
vehicle_cut_in,291,0.801566,3,1,0,1,
vehicle_cut_in,292,0.808391,3,1,0,1,
vehicle_cut_in,293,0.794324,3,1,0,1,
vehicle_cut_in,294,0.9046,3,1,0,1,
vehicle_cut_in,295,13.077257,3,1,0,1,
vehicle_cut_in,296,3.410863,3,1,0,1,
vehicle_cut_in,297,0.795026,3,1,0,1,
vehicle_cut_in,298,0.900118,3,1,0,1,
vehicle_cut_in,299,0.898883,3,1,0,1,
vehicle_cut_in,300,2.327802,3,1,0,1,
vehicle_cut_in,301,0.808957,3,1,0,1,
vehicle_cut_in,302,6.258364,3,1,0,1,
vehicle_cut_in,303,0.810855,3,1,0,1,
vehicle_cut_in,304,10.309303,3,1,0,1,
vehicle_cut_in,305,0.796027,3,1,0,1,
vehicle_cut_in,306,0.810203,3,1,0,1,
vehicle_cut_in,307,0.804426,3,1,0,1,
vehicle_cut_in,308,3.021645,3,1,0,1,
vehicle_cut_in,309,0.827436,3,1,0,1,
vehicle_cut_in,310,62.530542,3,1,0,1,
vehicle_cut_in,311,3.712685,3,1,0,1,
vehicle_cut_in,312,3.51718,3,1,0,1,
vehicle_cut_in,313,4.553533,3,1,0,1,
vehicle_cut_in,314,26.847782,3,1,1,1,
vehicle_cut_in,315,3.559713,3,1,0,1,
vehicle_cut_in,316,0.908767,3,1,0,1,
vehicle_cut_in,317,0.800599,3,1,0,1,
vehicle_cut_in,318,4.911189,3,1,0,1,
vehicle_cut_in,319,5.393542,3,1,0,1,
vehicle_cut_in,320,0.838443,3,1,0,1,
vehicle_cut_in,321,2.996488,3,1,0,1,
vehicle_cut_in,322,5.463109,3,1,0,1,
vehicle_cut_in,323,6.138455,3,1,0,1,
vehicle_cut_in,324,0.85158,3,1,0,1,
vehicle_cut_in,325,0.96357,3,1,0,1,
vehicle_cut_in,326,5.46594,3,1,0,1,
vehicle_cut_in,327,4.205109,3,1,0,1,
vehicle_cut_in,328,2.628541,3,1,0,1,
vehicle_cut_in,329,6.176845,3,1,0,1,
vehicle_cut_in,330,7.105397,3,1,0,1,
vehicle_cut_in,331,0.799616,3,1,0,1,
vehicle_cut_in,332,0.80824,3,1,0,1,
vehicle_cut_in,333,0.813482,3,1,0,1,
vehicle_cut_in,334,0.811856,3,1,0,1,
vehicle_cut_in,335,0.795238,3,1,0,1,
vehicle_cut_in,336,3.09084,3,1,0,1,
vehicle_cut_in,337,7.906103,3,1,0,1,
vehicle_cut_in,338,0.798763,3,1,0,1,
vehicle_cut_in,339,6.948335,3,1,0,1,
vehicle_cut_in,340,0.808227,3,1,0,1,
vehicle_cut_in,341,18.42694,3,1,0,1,
vehicle_cut_in,342,47.199762,3,1,0,1,
vehicle_cut_in,343,7.263626,3,1,0,1,
vehicle_cut_in,344,0.825098,3,1,0,1,
vehicle_cut_in,345,5.773646,3,1,0,1,
vehicle_cut_in,346,9.216099,3,1,0,1,
vehicle_cut_in,347,0.797895,3,1,0,1,
vehicle_cut_in,348,5.363951,3,1,0,1,
vehicle_cut_in,349,13.319754,3,1,0,1,
vehicle_cut_in,350,4.830141,3,1,0,1,
vehicle_cut_in,351,0.974743,3,1,0,1,
vehicle_cut_in,352,0.795903,3,1,0,1,
vehicle_cut_in,353,0.8308,3,1,0,1,
vehicle_cut_in,354,0.799426,3,1,0,1,
vehicle_cut_in,355,0.807299,3,1,0,1,
vehicle_cut_in,356,4.956859,3,1,0,1,
vehicle_cut_in,357,0.823794,3,1,0,1,
vehicle_cut_in,358,7.281101,3,1,0,1,
vehicle_cut_in,359,0.821402,3,1,0,1,
vehicle_cut_in,360,3.603033,3,1,0,1,
vehicle_cut_in,361,34.053827,3,1,0,1,
vehicle_cut_in,362,4.327475,3,1,0,1,
vehicle_cut_in,363,2.873973,3,1,0,1,
vehicle_cut_in,364,0.807629,3,1,0,1,
vehicle_cut_in,365,3.943392,3,1,0,1,
vehicle_cut_in,366,5.576477,3,1,0,1,
vehicle_cut_in,367,3.567828,3,1,0,1,
vehicle_cut_in,368,0.79367,3,1,0,1,
vehicle_cut_in,369,5.333052,3,1,0,1,
vehicle_cut_in,370,0.850509,3,1,0,1,
vehicle_cut_in,371,3.905098,3,1,0,1,
vehicle_cut_in,372,11.721498,3,1,0,1,
vehicle_cut_in,373,0.794069,3,1,0,1,
vehicle_cut_in,374,0.800063,3,1,0,1,
vehicle_cut_in,375,0.800079,3,1,0,1,
vehicle_cut_in,376,2.614093,3,1,0,1,
vehicle_cut_in,377,0.800838,3,1,0,1,
vehicle_cut_in,378,10.067536,3,1,0,1,
vehicle_cut_in,379,0.808199,3,1,0,1,
vehicle_cut_in,380,10.217036,3,1,0,1,
vehicle_cut_in,381,0.793364,3,1,0,1,
vehicle_cut_in,382,3.614938,3,1,0,1,
vehicle_cut_in,383,4.984497,3,1,0,1,
vehicle_cut_in,384,3.296429,3,1,0,1,
vehicle_cut_in,385,0.795028,3,1,0,1,
vehicle_cut_in,386,2.09311,3,1,0,1,
vehicle_cut_in,387,5.101537,3,1,0,1,
vehicle_cut_in,388,34.566933,3,1,1,1,
vehicle_cut_in,389,0.827689,3,1,0,1,
vehicle_cut_in,390,0.810742,3,1,0,1,
vehicle_cut_in,391,0.80232,3,1,0,1,
vehicle_cut_in,392,4.028211,3,1,0,1,
vehicle_cut_in,393,0.816151,3,1,0,1,
vehicle_cut_in,394,8.298004,3,1,0,1,
vehicle_cut_in,395,0.799621,3,1,0,1,
vehicle_cut_in,396,2.110059,3,1,0,1,
vehicle_cut_in,397,0.80963,3,1,0,1,
vehicle_cut_in,398,0.798491,3,1,0,1,
vehicle_cut_in,399,14.086059,3,1,0,1,
vehicle_cut_in,400,22.772395,3,1,0,1,
vehicle_cut_in,401,0.797855,3,1,0,1,
vehicle_cut_in,402,6.258607,3,1,0,1,
vehicle_cut_in,403,2.612505,3,1,0,1,
vehicle_cut_in,404,0.804208,3,1,0,1,
vehicle_cut_in,405,0.811547,3,1,0,1,
vehicle_cut_in,406,15.098505,3,1,0,1,
vehicle_cut_in,407,1.026006,3,1,0,1,
vehicle_cut_in,408,0.807334,3,1,0,1,
vehicle_cut_in,409,0.819773,3,1,0,1,
vehicle_cut_in,410,0.803671,3,1,0,1,
vehicle_cut_in,411,0.791324,3,1,0,1,
vehicle_cut_in,412,5.531339,3,1,0,1,
vehicle_cut_in,413,5.607757,3,1,0,1,
vehicle_cut_in,414,0.805173,3,1,0,1,
vehicle_cut_in,415,3.598955,3,1,0,1,
vehicle_cut_in,416,1.252908,3,1,0,1,
vehicle_cut_in,417,5.773746,3,1,0,1,
vehicle_cut_in,418,17.139892,3,1,0,1,
vehicle_cut_in,419,0.792973,3,1,0,1,
vehicle_cut_in,420,3.548798,3,1,0,1,
vehicle_cut_in,421,2.219472,3,1,0,1,
vehicle_cut_in,422,0.838991,3,1,0,1,
vehicle_cut_in,423,2.648811,3,1,0,1,
vehicle_cut_in,424,0.797776,3,1,0,1,
vehicle_cut_in,425,110.046963,3,1,1,1,
vehicle_cut_in,426,0.802326,3,1,0,1,
vehicle_cut_in,427,10.676475,3,1,0,1,
vehicle_cut_in,428,0.804553,3,1,0,1,
vehicle_cut_in,429,7.460909,3,1,0,1,
vehicle_cut_in,430,0.796072,3,1,0,1,
vehicle_cut_in,431,13.378577,3,1,0,1,
vehicle_cut_in,432,4.473815,3,1,0,1,
vehicle_cut_in,433,23.476866,3,1,1,1,
vehicle_cut_in,434,0.796753,3,1,0,1,
vehicle_cut_in,435,0.90552,3,1,0,1,
vehicle_cut_in,436,0.800906,3,1,0,1,
vehicle_cut_in,437,0.919895,3,1,0,1,
vehicle_cut_in,438,0.804566,3,1,0,1,
vehicle_cut_in,439,3.479485,3,1,0,1,
vehicle_cut_in,440,11.979608,3,1,0,1,
vehicle_cut_in,441,34.9115,3,1,1,1,
vehicle_cut_in,442,2.759867,3,1,0,1,
vehicle_cut_in,443,5.529207,3,1,0,1,
vehicle_cut_in,444,0.806864,3,1,0,1,
vehicle_cut_in,445,0.92339,3,1,0,1,
vehicle_cut_in,446,0.796836,3,1,0,1,
vehicle_cut_in,447,12.716917,3,1,1,1,
vehicle_cut_in,448,2.768053,3,1,0,1,
vehicle_cut_in,449,4.684395,3,1,0,1,
vehicle_cut_in,450,0.805858,3,1,0,1,
vehicle_cut_in,451,4.114728,3,1,0,1,
vehicle_cut_in,452,6.789922,3,1,0,1,
vehicle_cut_in,453,0.801924,3,1,0,1,
vehicle_cut_in,454,265.186315,3,1,1,1,
vehicle_cut_in,455,0.807794,3,1,0,1,
vehicle_cut_in,456,19.058981,3,1,0,1,
vehicle_cut_in,457,108.613716,3,1,1,1,
vehicle_cut_in,458,0.806326,3,1,0,1,
vehicle_cut_in,459,0.903655,3,1,0,1,
vehicle_cut_in,460,3.306316,3,1,0,1,
vehicle_cut_in,461,6.309382,3,1,0,1,
vehicle_cut_in,462,0.795225,3,1,0,1,
vehicle_cut_in,463,6.624473,3,1,0,1,
vehicle_cut_in,464,4.378348,3,1,0,1,
vehicle_cut_in,465,6.410201,3,1,0,1,
vehicle_cut_in,466,2.972863,3,1,0,1,
vehicle_cut_in,467,0.80585,3,1,0,1,
vehicle_cut_in,468,33.39393,3,1,0,1,
vehicle_cut_in,469,0.896867,3,1,0,1,
vehicle_cut_in,470,0.796702,3,1,0,1,
vehicle_cut_in,471,0.812421,3,1,0,1,
vehicle_cut_in,472,19.933732,3,1,0,1,
vehicle_cut_in,473,2.852207,3,1,0,1,
vehicle_cut_in,474,1.993172,3,1,0,1,
vehicle_cut_in,475,9.759978,3,1,0,1,
vehicle_cut_in,476,6.829282,3,1,0,1,
vehicle_cut_in,477,5.101554,3,1,0,1,
vehicle_cut_in,478,0.806695,3,1,0,1,
vehicle_cut_in,479,6.268925,3,1,0,1,
vehicle_cut_in,480,8.373501,3,1,0,1,
vehicle_cut_in,481,0.809622,3,1,0,1,
vehicle_cut_in,482,0.796783,3,1,0,1,
vehicle_cut_in,483,0.806607,3,1,0,1,
vehicle_cut_in,484,2.854944,3,1,0,1,
vehicle_cut_in,485,0.798056,3,1,0,1,
vehicle_cut_in,486,0.80341,3,1,0,1,
vehicle_cut_in,487,0.822207,3,1,0,1,
vehicle_cut_in,488,0.903226,3,1,0,1,
vehicle_cut_in,489,0.79915,3,1,0,1,
vehicle_cut_in,490,0.895041,3,1,0,1,
vehicle_cut_in,491,0.793046,3,1,0,1,
vehicle_cut_in,492,2.135506,3,1,0,1,
vehicle_cut_in,493,0.795087,3,1,0,1,
vehicle_cut_in,494,4.241506,3,1,0,1,
vehicle_cut_in,495,6.384,3,1,0,1,
vehicle_cut_in,496,6.031781,3,1,0,1,
vehicle_cut_in,497,0.818621,3,1,0,1,
vehicle_cut_in,498,0.804198,3,1,0,1,
vehicle_cut_in,499,0.818688,3,1,0,1,
parked_and_oncoming,0,0.821613,3,1,0,1,
parked_and_oncoming,1,0.857132,3,1,0,1,
parked_and_oncoming,2,1.701444,3,1,0,1,
parked_and_oncoming,3,52.380905,3,1,1,1,
parked_and_oncoming,4,0.82802,3,1,0,1,
parked_and_oncoming,5,39.913998,3,1,1,1,
parked_and_oncoming,6,0.833305,3,1,0,1,
parked_and_oncoming,7,12.467203,3,0,1,1,
parked_and_oncoming,8,27.109816,3,1,1,1,
parked_and_oncoming,9,32.609497,3,0,1,1,
parked_and_oncoming,10,0.821198,3,1,0,1,
parked_and_oncoming,11,0.817453,3,1,0,1,
parked_and_oncoming,12,0.818558,3,1,0,1,
parked_and_oncoming,13,19.979547,3,1,1,1,
parked_and_oncoming,14,0.85648,3,1,0,1,
parked_and_oncoming,15,0.84872,3,1,0,1,
parked_and_oncoming,16,12.751543,3,1,0,1,
parked_and_oncoming,17,0.876787,3,1,0,1,
parked_and_oncoming,18,51.619585,3,1,1,1,
parked_and_oncoming,19,0.818139,3,1,0,1,
parked_and_oncoming,20,0.823842,3,1,0,1,
parked_and_oncoming,21,48.808261,3,1,1,1,
parked_and_oncoming,22,19.712215,3,1,1,1,
parked_and_oncoming,23,2.23565,3,1,0,1,
parked_and_oncoming,24,7.030677,3,1,0,1,
parked_and_oncoming,25,43.126998,3,1,1,1,
parked_and_oncoming,26,9.909789,3,0,1,1,
parked_and_oncoming,27,32.989356,3,1,1,1,
parked_and_oncoming,28,19.227677,3,1,1,1,
parked_and_oncoming,29,0.817681,3,1,0,1,
parked_and_oncoming,30,52.370876,3,1,0,1,
parked_and_oncoming,31,0.824565,3,1,0,1,
parked_and_oncoming,32,0.826744,3,1,0,1,
parked_and_oncoming,33,0.820721,3,1,0,1,
parked_and_oncoming,34,91.32992,3,1,0,1,
parked_and_oncoming,35,0.815983,3,1,0,1,
parked_and_oncoming,36,15.468017,3,0,1,1,
parked_and_oncoming,37,0.821013,3,1,0,1,
parked_and_oncoming,38,0.821199,3,1,0,1,
parked_and_oncoming,39,0.830525,3,1,0,1,
parked_and_oncoming,40,0.818021,3,1,0,1,
parked_and_oncoming,41,44.883984,3,1,1,1,
parked_and_oncoming,42,0.83753,3,1,0,1,
parked_and_oncoming,43,0.819354,3,1,0,1,
parked_and_oncoming,44,1.460678,3,1,0,1,
parked_and_oncoming,45,2.309361,3,1,0,1,
parked_and_oncoming,46,0.839406,3,1,0,1,
parked_and_oncoming,47,0.830749,3,1,0,1,
parked_and_oncoming,48,0.817553,3,1,0,1,
parked_and_oncoming,49,65.839155,3,1,0,1,
parked_and_oncoming,50,0.827633,3,1,0,1,
parked_and_oncoming,51,45.56813,3,1,1,1,
parked_and_oncoming,52,0.824277,3,1,0,1,
parked_and_oncoming,53,0.837238,3,1,0,1,
parked_and_oncoming,54,0.840028,3,1,0,1,
parked_and_oncoming,55,0.832395,3,1,0,1,
parked_and_oncoming,56,0.82407,3,1,0,1,
parked_and_oncoming,57,22.171673,3,1,1,1,
parked_and_oncoming,58,46.501847,3,1,1,1,
parked_and_oncoming,59,0.829647,3,1,0,1,
parked_and_oncoming,60,4.895288,3,0,1,1,
parked_and_oncoming,61,54.549863,3,1,1,1,
parked_and_oncoming,62,0.819154,3,1,0,1,
parked_and_oncoming,63,0.828214,3,1,0,1,
parked_and_oncoming,64,0.820561,3,1,0,1,
parked_and_oncoming,65,0.822098,3,1,0,1,
parked_and_oncoming,66,8.170158,3,0,1,1,
parked_and_oncoming,67,0.822701,3,1,0,1,
parked_and_oncoming,68,0.83463,3,1,0,1,
parked_and_oncoming,69,0.823957,3,1,0,1,
parked_and_oncoming,70,0.824828,3,1,0,1,
parked_and_oncoming,71,0.815372,3,1,0,1,
parked_and_oncoming,72,0.828425,3,1,0,1,
parked_and_oncoming,73,0.825511,3,1,0,1,
parked_and_oncoming,74,47.10356,3,1,1,1,
parked_and_oncoming,75,11.617254,3,0,1,1,
parked_and_oncoming,76,28.956482,3,0,1,1,
parked_and_oncoming,77,0.821961,3,1,0,1,
parked_and_oncoming,78,43.585297,3,1,1,1,
parked_and_oncoming,79,0.821057,3,1,0,1,
parked_and_oncoming,80,0.822752,3,1,0,1,
parked_and_oncoming,81,0.828069,3,1,0,1,
parked_and_oncoming,82,24.073004,3,1,1,1,
parked_and_oncoming,83,50.280202,3,1,1,1,
parked_and_oncoming,84,50.399264,3,1,1,1,
parked_and_oncoming,85,0.819029,3,1,0,1,
parked_and_oncoming,86,0.830245,3,1,0,1,
parked_and_oncoming,87,38.571892,3,1,1,1,
parked_and_oncoming,88,0.830388,3,1,0,1,
parked_and_oncoming,89,0.866474,3,1,0,1,
parked_and_oncoming,90,55.706614,3,1,1,1,
parked_and_oncoming,91,0.826487,3,1,0,1,
parked_and_oncoming,92,0.8344,3,1,0,1,
parked_and_oncoming,93,38.724043,3,1,1,1,
parked_and_oncoming,94,0.824201,3,1,0,1,
parked_and_oncoming,95,0.84831,3,1,0,1,
parked_and_oncoming,96,0.830989,3,1,0,1,
parked_and_oncoming,97,0.82718,3,1,0,1,
parked_and_oncoming,98,1.675519,3,1,0,1,
parked_and_oncoming,99,14.519458,3,1,1,1,
parked_and_oncoming,100,0.820174,3,1,0,1,
parked_and_oncoming,101,0.81828,3,1,0,1,
parked_and_oncoming,102,41.528193,3,0,1,1,
parked_and_oncoming,103,0.819047,3,1,0,1,
parked_and_oncoming,104,6.090885,3,0,1,1,
parked_and_oncoming,105,107.922799,3,1,1,1,
parked_and_oncoming,106,40.796726,3,1,1,1,
parked_and_oncoming,107,25.423518,3,1,1,1,
parked_and_oncoming,108,45.041693,3,1,1,1,
parked_and_oncoming,109,65.726201,3,1,1,1,
parked_and_oncoming,110,0.812,3,1,0,1,
parked_and_oncoming,111,67.695126,3,1,1,1,
parked_and_oncoming,112,1.615044,3,1,0,1,
parked_and_oncoming,113,0.847976,3,1,0,1,
parked_and_oncoming,114,0.862525,3,1,0,1,
parked_and_oncoming,115,10.732582,3,0,1,1,
parked_and_oncoming,116,0.821735,3,1,0,1,
parked_and_oncoming,117,0.819733,3,1,0,1,
parked_and_oncoming,118,0.841164,3,1,0,1,
parked_and_oncoming,119,0.827648,3,1,0,1,
parked_and_oncoming,120,2.575056,3,0,0,1,
parked_and_oncoming,121,24.350771,3,1,1,1,
parked_and_oncoming,122,0.827413,3,1,0,1,
parked_and_oncoming,123,0.846966,3,1,0,1,
parked_and_oncoming,124,0.815877,3,1,0,1,
parked_and_oncoming,125,24.066061,3,1,1,1,
parked_and_oncoming,126,0.87443,3,1,0,1,
parked_and_oncoming,127,6.70092,3,0,1,1,
parked_and_oncoming,128,0.878959,3,1,0,1,
parked_and_oncoming,129,0.871946,3,1,0,1,
parked_and_oncoming,130,1.779638,3,1,0,1,
parked_and_oncoming,131,58.062412,3,1,1,1,
parked_and_oncoming,132,0.869273,3,1,0,1,
parked_and_oncoming,133,0.869506,3,1,0,1,
parked_and_oncoming,134,0.864493,3,1,0,1,
parked_and_oncoming,135,71.427528,3,1,1,1,
parked_and_oncoming,136,0.867875,3,1,0,1,
parked_and_oncoming,137,0.867769,3,1,0,1,
parked_and_oncoming,138,21.772918,3,1,1,1,
parked_and_oncoming,139,0.87142,3,1,0,1,
parked_and_oncoming,140,39.504701,3,1,1,1,
parked_and_oncoming,141,0.846426,3,1,0,1,
parked_and_oncoming,142,79.195355,3,1,1,1,
parked_and_oncoming,143,1.43443,3,1,0,1,
parked_and_oncoming,144,49.189277,3,1,1,1,
parked_and_oncoming,145,0.862573,3,1,0,1,
parked_and_oncoming,146,39.771842,3,1,1,1,
parked_and_oncoming,147,0.846811,3,1,0,1,
parked_and_oncoming,148,0.865048,3,1,0,1,
parked_and_oncoming,149,48.253193,3,1,1,1,
parked_and_oncoming,150,0.832507,3,1,0,1,
parked_and_oncoming,151,0.847521,3,1,0,1,
parked_and_oncoming,152,6.804744,3,0,1,1,
parked_and_oncoming,153,24.366969,3,1,1,1,
parked_and_oncoming,154,0.817048,3,1,0,1,
parked_and_oncoming,155,0.852571,3,1,0,1,
parked_and_oncoming,156,0.828212,3,1,0,1,
parked_and_oncoming,157,0.836163,3,1,0,1,
parked_and_oncoming,158,0.818666,3,1,0,1,
parked_and_oncoming,159,19.269555,3,1,1,1,
parked_and_oncoming,160,0.851403,3,1,0,1,
parked_and_oncoming,161,5.115749,3,0,1,1,
parked_and_oncoming,162,0.841249,3,1,0,1,
parked_and_oncoming,163,10.31351,3,0,1,1,
parked_and_oncoming,164,7.244572,3,0,1,1,
parked_and_oncoming,165,28.453128,3,1,1,1,
parked_and_oncoming,166,0.820672,3,1,0,1,
parked_and_oncoming,167,32.723097,3,1,1,1,
parked_and_oncoming,168,0.837472,3,1,0,1,
parked_and_oncoming,169,0.821032,3,1,0,1,
parked_and_oncoming,170,14.198617,3,0,1,1,
parked_and_oncoming,171,41.478335,3,1,1,1,
parked_and_oncoming,172,32.602737,3,1,1,1,
parked_and_oncoming,173,264.428197,3,0,1,1,
parked_and_oncoming,174,42.918693,3,1,0,1,
parked_and_oncoming,175,0.838563,3,1,0,1,
parked_and_oncoming,176,13.295973,3,0,1,1,
parked_and_oncoming,177,0.823543,3,1,0,1,
parked_and_oncoming,178,0.833762,3,1,0,1,
parked_and_oncoming,179,49.661129,3,1,1,1,
parked_and_oncoming,180,18.132593,3,1,1,1,
parked_and_oncoming,181,0.871917,3,1,0,1,
parked_and_oncoming,182,0.867997,3,1,0,1,
parked_and_oncoming,183,9.116209,3,0,1,1,
parked_and_oncoming,184,0.838067,3,1,0,1,
parked_and_oncoming,185,0.830357,3,1,0,1,
parked_and_oncoming,186,29.056913,3,1,1,1,
parked_and_oncoming,187,54.726185,3,0,1,1,
parked_and_oncoming,188,25.366386,3,1,1,1,
parked_and_oncoming,189,0.818901,3,1,0,1,
parked_and_oncoming,190,2.136822,3,1,0,1,
parked_and_oncoming,191,0.826149,3,1,0,1,
parked_and_oncoming,192,0.831585,3,1,0,1,
parked_and_oncoming,193,0.828112,3,1,0,1,
parked_and_oncoming,194,23.146041,3,1,1,1,
parked_and_oncoming,195,52.887924,3,1,1,1,
parked_and_oncoming,196,69.023859,3,1,1,1,
parked_and_oncoming,197,19.710488,3,1,1,1,
parked_and_oncoming,198,0.831166,3,1,0,1,
parked_and_oncoming,199,0.819156,3,1,0,1,
parked_and_oncoming,200,0.819503,3,1,0,1,
parked_and_oncoming,201,25.889107,3,1,1,1,
parked_and_oncoming,202,26.65037,3,1,1,1,
parked_and_oncoming,203,0.824406,3,1,0,1,
parked_and_oncoming,204,44.131714,3,1,1,1,
parked_and_oncoming,205,64.055322,3,1,0,1,
parked_and_oncoming,206,27.956088,3,1,1,1,
parked_and_oncoming,207,0.820406,3,1,0,1,
parked_and_oncoming,208,11.869257,3,1,0,1,
parked_and_oncoming,209,9.783526,3,1,1,1,
parked_and_oncoming,210,0.818913,3,1,0,1,
parked_and_oncoming,211,0.813666,3,1,0,1,
parked_and_oncoming,212,10.278023,3,0,1,1,
parked_and_oncoming,213,24.922428,3,1,1,1,
parked_and_oncoming,214,29.969647,3,1,1,1,
parked_and_oncoming,215,0.816878,3,1,0,1,
parked_and_oncoming,216,0.819838,3,1,0,1,
parked_and_oncoming,217,14.307727,3,1,0,1,
parked_and_oncoming,218,18.935994,3,0,1,1,
parked_and_oncoming,219,0.819703,3,1,0,1,
parked_and_oncoming,220,0.823003,3,1,0,1,
parked_and_oncoming,221,0.817434,3,1,0,1,
parked_and_oncoming,222,112.094177,3,1,0,1,
parked_and_oncoming,223,0.805782,3,1,0,1,
parked_and_oncoming,224,0.822544,3,1,0,1,
parked_and_oncoming,225,20.977529,3,0,1,1,
parked_and_oncoming,226,0.821746,3,1,0,1,
parked_and_oncoming,227,18.063692,3,0,1,1,
parked_and_oncoming,228,0.814512,3,1,0,1,
parked_and_oncoming,229,0.818306,3,1,0,1,
parked_and_oncoming,230,0.830957,3,1,0,1,
parked_and_oncoming,231,48.908668,3,1,1,1,
parked_and_oncoming,232,0.823883,3,1,0,1,
parked_and_oncoming,233,41.123577,3,1,1,1,
parked_and_oncoming,234,9.394719,3,0,1,1,
parked_and_oncoming,235,54.655131,3,0,1,1,
parked_and_oncoming,236,19.92839,3,1,1,1,
parked_and_oncoming,237,0.848497,3,1,0,1,
parked_and_oncoming,238,30.59322,3,1,1,1,
parked_and_oncoming,239,0.827171,3,1,0,1,
parked_and_oncoming,240,10.13507,3,0,1,1,
parked_and_oncoming,241,0.848305,3,1,0,1,
parked_and_oncoming,242,5.043816,3,0,1,1,
parked_and_oncoming,243,0.8356,3,1,0,1,
parked_and_oncoming,244,0.823326,3,1,0,1,
parked_and_oncoming,245,0.820482,3,1,0,1,
parked_and_oncoming,246,21.428624,3,1,0,1,
parked_and_oncoming,247,0.821736,3,1,0,1,
parked_and_oncoming,248,8.450282,3,0,1,1,
parked_and_oncoming,249,0.82289,3,1,0,1,
parked_and_oncoming,250,16.905623,3,1,1,1,
parked_and_oncoming,251,0.815643,3,1,0,1,
parked_and_oncoming,252,7.197381,3,0,1,1,
parked_and_oncoming,253,0.818417,3,1,0,1,
parked_and_oncoming,254,53.215754,3,1,1,1,
parked_and_oncoming,255,25.691335,3,1,1,1,
parked_and_oncoming,256,0.820001,3,1,0,1,
parked_and_oncoming,257,0.822845,3,1,0,1,
parked_and_oncoming,258,36.827255,3,1,0,1,
parked_and_oncoming,259,0.83431,3,1,0,1,
parked_and_oncoming,260,15.016258,3,0,1,1,
parked_and_oncoming,261,0.814272,3,1,0,1,
parked_and_oncoming,262,34.459859,3,1,0,1,
parked_and_oncoming,263,0.823608,3,1,0,1,
parked_and_oncoming,264,0.814225,3,1,0,1,
parked_and_oncoming,265,24.468637,3,1,1,1,
parked_and_oncoming,266,0.821558,3,1,0,1,
parked_and_oncoming,267,0.812871,3,1,0,1,
parked_and_oncoming,268,0.815621,3,1,0,1,
parked_and_oncoming,269,5.843929,3,0,1,1,
parked_and_oncoming,270,0.810899,3,1,0,1,
parked_and_oncoming,271,0.821112,3,1,0,1,
parked_and_oncoming,272,0.818633,3,1,0,1,
parked_and_oncoming,273,0.812263,3,1,0,1,
parked_and_oncoming,274,0.810875,3,1,0,1,
parked_and_oncoming,275,17.913902,3,1,1,1,
parked_and_oncoming,276,71.102752,3,1,1,1,
parked_and_oncoming,277,5.094867,3,0,1,1,
parked_and_oncoming,278,0.814264,3,1,0,1,
parked_and_oncoming,279,82.67679,3,1,1,1,
parked_and_oncoming,280,10.39852,3,0,1,1,
parked_and_oncoming,281,0.820327,3,1,0,1,
parked_and_oncoming,282,38.954782,3,1,1,1,
parked_and_oncoming,283,39.872933,3,1,0,1,
parked_and_oncoming,284,7.862042,3,1,0,1,
parked_and_oncoming,285,37.462112,3,1,1,1,
parked_and_oncoming,286,0.824603,3,1,0,1,
parked_and_oncoming,287,0.817552,3,1,0,1,
parked_and_oncoming,288,0.811338,3,1,0,1,
parked_and_oncoming,289,40.880149,3,1,1,1,
parked_and_oncoming,290,0.825911,3,1,0,1,
parked_and_oncoming,291,0.812488,3,1,0,1,
parked_and_oncoming,292,0.818324,3,1,0,1,
parked_and_oncoming,293,0.819443,3,1,0,1,
parked_and_oncoming,294,0.809715,3,1,0,1,
parked_and_oncoming,295,0.815689,3,1,0,1,
parked_and_oncoming,296,31.625114,3,1,1,1,
parked_and_oncoming,297,9.224906,3,0,1,1,
parked_and_oncoming,298,7.808038,3,0,1,1,
parked_and_oncoming,299,0.879981,3,1,0,1,
parked_and_oncoming,300,0.849024,3,1,0,1,
parked_and_oncoming,301,0.857437,3,1,0,1,
parked_and_oncoming,302,0.841994,3,1,0,1,
parked_and_oncoming,303,0.831182,3,1,0,1,
parked_and_oncoming,304,0.83966,3,1,0,1,
parked_and_oncoming,305,233.853128,3,0,1,1,
parked_and_oncoming,306,0.826552,3,1,0,1,
parked_and_oncoming,307,0.821459,3,1,0,1,
parked_and_oncoming,308,0.81238,3,1,0,1,
parked_and_oncoming,309,0.816933,3,1,0,1,
parked_and_oncoming,310,13.658496,3,0,1,1,
parked_and_oncoming,311,0.822306,3,1,0,1,
parked_and_oncoming,312,0.811515,3,1,0,1,
parked_and_oncoming,313,23.296039,3,1,1,1,
parked_and_oncoming,314,0.827739,3,1,0,1,
parked_and_oncoming,315,22.557348,3,1,1,1,
parked_and_oncoming,316,28.511615,3,1,1,1,
parked_and_oncoming,317,0.825292,3,1,0,1,
parked_and_oncoming,318,8.844042,3,0,1,1,
parked_and_oncoming,319,0.835759,3,1,0,1,
parked_and_oncoming,320,33.137296,3,1,1,1,
parked_and_oncoming,321,0.8189,3,1,0,1,
parked_and_oncoming,322,0.811799,3,1,0,1,
parked_and_oncoming,323,10.268122,3,0,1,1,
parked_and_oncoming,324,0.820172,3,1,0,1,
parked_and_oncoming,325,45.400127,3,1,1,1,
parked_and_oncoming,326,0.820547,3,1,0,1,
parked_and_oncoming,327,0.818728,3,1,0,1,
parked_and_oncoming,328,0.819511,3,1,0,1,
parked_and_oncoming,329,81.184965,3,1,0,1,
parked_and_oncoming,330,0.822173,3,1,0,1,
parked_and_oncoming,331,0.843767,3,1,0,1,
parked_and_oncoming,332,10.87235,3,0,0,1,
parked_and_oncoming,333,5.952403,3,0,1,1,
parked_and_oncoming,334,48.583368,3,1,1,1,
parked_and_oncoming,335,6.351016,3,0,1,1,
parked_and_oncoming,336,0.819904,3,1,0,1,
parked_and_oncoming,337,75.792319,3,1,1,1,
parked_and_oncoming,338,19.461851,3,1,0,1,
parked_and_oncoming,339,0.873355,3,1,0,1,
parked_and_oncoming,340,7.128378,3,0,1,1,
parked_and_oncoming,341,0.851275,3,1,0,1,
parked_and_oncoming,342,0.832818,3,1,0,1,
parked_and_oncoming,343,0.842536,3,1,0,1,
parked_and_oncoming,344,0.841179,3,1,0,1,
parked_and_oncoming,345,0.831046,3,1,0,1,
parked_and_oncoming,346,14.673236,3,1,1,1,
parked_and_oncoming,347,0.820794,3,1,0,1,
parked_and_oncoming,348,0.817712,3,1,0,1,
parked_and_oncoming,349,0.821211,3,1,0,1,
parked_and_oncoming,350,22.539975,3,1,1,1,
parked_and_oncoming,351,0.846358,3,1,0,1,
parked_and_oncoming,352,0.846664,3,1,0,1,
parked_and_oncoming,353,0.817812,3,1,0,1,
parked_and_oncoming,354,0.825344,3,1,0,1,
parked_and_oncoming,355,0.822491,3,1,0,1,
parked_and_oncoming,356,0.820539,3,1,0,1,
parked_and_oncoming,357,53.530127,3,1,1,1,
parked_and_oncoming,358,0.823717,3,1,0,1,
parked_and_oncoming,359,0.817857,3,1,0,1,
parked_and_oncoming,360,81.041296,3,1,1,1,
parked_and_oncoming,361,8.606945,3,1,1,1,
parked_and_oncoming,362,48.043805,3,1,1,1,
parked_and_oncoming,363,21.696099,3,1,1,1,
parked_and_oncoming,364,21.220094,3,1,1,1,
parked_and_oncoming,365,1.877439,3,1,0,1,
parked_and_oncoming,366,45.265517,3,1,1,1,
parked_and_oncoming,367,0.820328,3,1,0,1,
parked_and_oncoming,368,5.148995,3,0,1,1,
parked_and_oncoming,369,0.818202,3,1,0,1,
parked_and_oncoming,370,31.653368,3,1,1,1,
parked_and_oncoming,371,27.894605,3,1,1,1,
parked_and_oncoming,372,0.820576,3,1,0,1,
parked_and_oncoming,373,8.033916,3,0,1,1,
parked_and_oncoming,374,0.822059,3,1,0,1,
parked_and_oncoming,375,0.817965,3,1,0,1,
parked_and_oncoming,376,71.090756,3,1,1,1,
parked_and_oncoming,377,0.816063,3,1,0,1,
parked_and_oncoming,378,0.820401,3,1,0,1,
parked_and_oncoming,379,0.819416,3,1,0,1,
parked_and_oncoming,380,0.819331,3,1,0,1,
parked_and_oncoming,381,31.79431,3,1,1,1,
parked_and_oncoming,382,19.853069,3,1,1,1,
parked_and_oncoming,383,0.827585,3,1,0,1,
parked_and_oncoming,384,0.824944,3,1,0,1,
parked_and_oncoming,385,0.818876,3,1,0,1,
parked_and_oncoming,386,38.398641,3,1,0,1,
parked_and_oncoming,387,0.814761,3,1,0,1,
parked_and_oncoming,388,41.870213,3,1,1,1,
parked_and_oncoming,389,15.847667,3,0,1,1,
parked_and_oncoming,390,25.596653,3,1,1,1,
parked_and_oncoming,391,48.862374,3,1,1,1,
parked_and_oncoming,392,35.989885,3,1,1,1,
parked_and_oncoming,393,0.820293,3,1,0,1,
parked_and_oncoming,394,24.511433,3,1,1,1,
parked_and_oncoming,395,0.828741,3,1,0,1,
parked_and_oncoming,396,51.819062,3,1,1,1,
parked_and_oncoming,397,87.445322,3,1,0,1,
parked_and_oncoming,398,0.800585,3,1,0,1,
parked_and_oncoming,399,0.809191,3,1,0,1,
parked_and_oncoming,400,0.818452,3,1,0,1,
parked_and_oncoming,401,35.07346,3,1,1,1,
parked_and_oncoming,402,25.599339,3,1,1,1,
parked_and_oncoming,403,0.818171,3,1,0,1,
parked_and_oncoming,404,165.783679,3,0,1,1,
parked_and_oncoming,405,7.556327,3,0,1,1,
parked_and_oncoming,406,0.825034,3,1,0,1,
parked_and_oncoming,407,0.821696,3,1,0,1,
parked_and_oncoming,408,0.821521,3,1,0,1,
parked_and_oncoming,409,0.818732,3,1,0,1,
parked_and_oncoming,410,7.391237,3,0,1,1,
parked_and_oncoming,411,0.817904,3,1,0,1,
parked_and_oncoming,412,14.642573,3,1,1,1,
parked_and_oncoming,413,0.820684,3,1,0,1,
parked_and_oncoming,414,0.820875,3,1,0,1,
parked_and_oncoming,415,0.815271,3,1,0,1,
parked_and_oncoming,416,33.488826,3,1,1,1,
parked_and_oncoming,417,33.286225,3,1,1,1,
parked_and_oncoming,418,0.813545,3,1,0,1,
parked_and_oncoming,419,0.819481,3,1,0,1,
parked_and_oncoming,420,0.820128,3,1,0,1,
parked_and_oncoming,421,18.009342,3,0,1,1,
parked_and_oncoming,422,0.819118,3,1,0,1,
parked_and_oncoming,423,0.825968,3,1,0,1,
parked_and_oncoming,424,0.839538,3,1,0,1,
parked_and_oncoming,425,0.816958,3,1,0,1,
parked_and_oncoming,426,56.626435,3,1,1,1,
parked_and_oncoming,427,19.371805,3,1,1,1,
parked_and_oncoming,428,15.42101,3,1,0,1,
parked_and_oncoming,429,0.817334,3,1,0,1,
parked_and_oncoming,430,0.81901,3,1,0,1,
parked_and_oncoming,431,0.819801,3,1,0,1,
parked_and_oncoming,432,0.816409,3,1,0,1,
parked_and_oncoming,433,6.046067,3,0,1,1,
parked_and_oncoming,434,0.820098,3,1,0,1,
parked_and_oncoming,435,0.818354,3,1,0,1,
parked_and_oncoming,436,8.171263,3,0,1,1,
parked_and_oncoming,437,0.814372,3,1,0,1,
parked_and_oncoming,438,57.027258,3,0,1,1,
parked_and_oncoming,439,11.437673,3,0,1,1,
parked_and_oncoming,440,26.160141,3,0,1,1,
parked_and_oncoming,441,0.822337,3,1,0,1,
parked_and_oncoming,442,0.815872,3,1,0,1,
parked_and_oncoming,443,0.813353,3,1,0,1,
parked_and_oncoming,444,0.820125,3,1,0,1,
parked_and_oncoming,445,7.935704,3,0,1,1,
parked_and_oncoming,446,0.822517,3,1,0,1,
parked_and_oncoming,447,20.764148,3,1,1,1,
parked_and_oncoming,448,0.822271,3,1,0,1,
parked_and_oncoming,449,60.135228,3,1,1,1,
parked_and_oncoming,450,31.515622,3,1,1,1,
parked_and_oncoming,451,8.462379,3,0,1,1,
parked_and_oncoming,452,164.839478,3,1,0,1,
parked_and_oncoming,453,0.817611,3,1,0,1,
parked_and_oncoming,454,0.819058,3,1,0,1,
parked_and_oncoming,455,0.83854,3,1,0,1,
parked_and_oncoming,456,0.825177,3,1,0,1,
parked_and_oncoming,457,0.825982,3,1,0,1,
parked_and_oncoming,458,14.154256,3,1,1,1,
parked_and_oncoming,459,0.82577,3,1,0,1,
parked_and_oncoming,460,0.840822,3,1,0,1,
parked_and_oncoming,461,29.760507,3,1,1,1,
parked_and_oncoming,462,6.020388,3,0,1,1,
parked_and_oncoming,463,45.087334,3,1,1,1,
parked_and_oncoming,464,0.816425,3,1,0,1,
parked_and_oncoming,465,0.815693,3,1,0,1,
parked_and_oncoming,466,0.81973,3,1,0,1,
parked_and_oncoming,467,0.814212,3,1,0,1,
parked_and_oncoming,468,0.825879,3,1,0,1,
parked_and_oncoming,469,0.817342,3,1,0,1,
parked_and_oncoming,470,17.254711,3,0,1,1,
parked_and_oncoming,471,39.52768,3,1,1,1,
parked_and_oncoming,472,0.819387,3,1,0,1,
parked_and_oncoming,473,0.821787,3,1,0,1,
parked_and_oncoming,474,0.816962,3,1,0,1,
parked_and_oncoming,475,37.281169,3,1,1,1,
parked_and_oncoming,476,48.02393,3,1,1,1,
parked_and_oncoming,477,20.404692,3,1,0,1,
parked_and_oncoming,478,11.205986,3,0,1,1,
parked_and_oncoming,479,35.911597,3,1,1,1,
parked_and_oncoming,480,0.821553,3,1,0,1,
parked_and_oncoming,481,0.809902,3,1,0,1,
parked_and_oncoming,482,68.005507,3,1,1,1,
parked_and_oncoming,483,46.691602,3,1,1,1,
parked_and_oncoming,484,17.757047,3,1,1,1,
parked_and_oncoming,485,0.811966,3,1,0,1,
parked_and_oncoming,486,0.819828,3,1,0,1,
parked_and_oncoming,487,0.828379,3,1,0,1,
parked_and_oncoming,488,0.817407,3,1,0,1,
parked_and_oncoming,489,18.975725,3,1,1,1,
parked_and_oncoming,490,0.828587,3,1,0,1,
parked_and_oncoming,491,2.560787,3,1,0,1,
parked_and_oncoming,492,0.821192,3,1,0,1,
parked_and_oncoming,493,0.822578,3,1,0,1,
parked_and_oncoming,494,0.819023,3,1,0,1,
parked_and_oncoming,495,59.649384,3,1,1,1,
parked_and_oncoming,496,50.384889,3,1,1,1,
parked_and_oncoming,497,0.823238,3,1,0,1,
parked_and_oncoming,498,31.455985,3,1,1,1,
parked_and_oncoming,499,17.802464,3,1,1,1,
narrow_multi_obstacle,0,1.168633,3,1,0,1,
narrow_multi_obstacle,1,12.738896,3,1,0,1,
narrow_multi_obstacle,2,1.1251,3,1,0,1,
narrow_multi_obstacle,3,1.16547,3,1,0,1,
narrow_multi_obstacle,4,1.178176,3,1,0,1,
narrow_multi_obstacle,5,1.172088,3,1,0,1,
narrow_multi_obstacle,6,1.169684,3,1,0,1,
narrow_multi_obstacle,7,1.169136,3,1,0,1,
narrow_multi_obstacle,8,10.680339,3,1,0,1,
narrow_multi_obstacle,9,1.167586,3,1,0,1,
narrow_multi_obstacle,10,1.173067,3,1,0,1,
narrow_multi_obstacle,11,1.189542,3,1,0,1,
narrow_multi_obstacle,12,1.174686,3,1,0,1,
narrow_multi_obstacle,13,1.165401,3,1,0,1,
narrow_multi_obstacle,14,1.184249,3,1,0,1,
narrow_multi_obstacle,15,1.171431,3,1,0,1,
narrow_multi_obstacle,16,1.173593,3,1,0,1,
narrow_multi_obstacle,17,1.457693,3,1,0,1,
narrow_multi_obstacle,18,1.155002,3,1,0,1,
narrow_multi_obstacle,19,1.143608,3,1,0,1,
narrow_multi_obstacle,20,1.167223,3,1,0,1,
narrow_multi_obstacle,21,8.062643,3,1,0,1,
narrow_multi_obstacle,22,1.220743,3,1,0,1,
narrow_multi_obstacle,23,1.170043,3,1,0,1,
narrow_multi_obstacle,24,1.182592,3,1,0,1,
narrow_multi_obstacle,25,1.185408,3,1,0,1,
narrow_multi_obstacle,26,1.220179,3,1,0,1,
narrow_multi_obstacle,27,1.24564,3,1,0,1,
narrow_multi_obstacle,28,1.213854,3,1,0,1,
narrow_multi_obstacle,29,1.207324,3,1,0,1,
narrow_multi_obstacle,30,1.227006,3,1,0,1,
narrow_multi_obstacle,31,5.282959,3,1,0,1,
narrow_multi_obstacle,32,1.171163,3,1,0,1,
narrow_multi_obstacle,33,42.932914,3,1,0,1,
narrow_multi_obstacle,34,1.180864,3,1,0,1,
narrow_multi_obstacle,35,13.559501,3,1,0,1,
narrow_multi_obstacle,36,1.173082,3,1,0,1,
narrow_multi_obstacle,37,1.169194,3,1,0,1,
narrow_multi_obstacle,38,1.17065,3,1,0,1,
narrow_multi_obstacle,39,1.171098,3,1,0,1,
narrow_multi_obstacle,40,1.166076,3,1,0,1,
narrow_multi_obstacle,41,1.171442,3,1,0,1,
narrow_multi_obstacle,42,54.454819,3,1,0,1,
narrow_multi_obstacle,43,19.548357,3,1,0,1,
narrow_multi_obstacle,44,1.135178,3,1,0,1,
narrow_multi_obstacle,45,1.133468,3,1,0,1,
narrow_multi_obstacle,46,1.133325,3,1,0,1,
narrow_multi_obstacle,47,63.879302,3,1,0,1,
narrow_multi_obstacle,48,1.172258,3,1,0,1,
narrow_multi_obstacle,49,1.170235,3,1,0,1,
narrow_multi_obstacle,50,1.171333,3,1,0,1,
narrow_multi_obstacle,51,5.508104,3,1,0,1,
narrow_multi_obstacle,52,1.172391,3,1,0,1,
narrow_multi_obstacle,53,1.178184,3,1,0,1,
narrow_multi_obstacle,54,1.164985,3,1,0,1,
narrow_multi_obstacle,55,1.323095,3,1,0,1,
narrow_multi_obstacle,56,1.172713,3,1,0,1,
narrow_multi_obstacle,57,1.165517,3,1,0,1,
narrow_multi_obstacle,58,1.216475,3,1,0,1,
narrow_multi_obstacle,59,1.211886,3,1,0,1,
narrow_multi_obstacle,60,1.191671,3,1,0,1,
narrow_multi_obstacle,61,15.789041,3,1,0,1,
narrow_multi_obstacle,62,1.205884,3,1,0,1,
narrow_multi_obstacle,63,1.21177,3,1,0,1,
narrow_multi_obstacle,64,1.225849,3,1,0,1,
narrow_multi_obstacle,65,12.761861,3,1,0,1,
narrow_multi_obstacle,66,17.864482,3,1,0,1,
narrow_multi_obstacle,67,1.198091,3,1,0,1,
narrow_multi_obstacle,68,1.243756,3,1,0,1,
narrow_multi_obstacle,69,1.240602,3,1,0,1,
narrow_multi_obstacle,70,10.404329,3,1,0,1,
narrow_multi_obstacle,71,14.107428,3,1,0,1,
narrow_multi_obstacle,72,1.211248,3,1,0,1,
narrow_multi_obstacle,73,1.184478,3,1,0,1,
narrow_multi_obstacle,74,1.1755,3,1,0,1,
narrow_multi_obstacle,75,1.23201,3,1,0,1,
narrow_multi_obstacle,76,1.195697,3,1,0,1,
narrow_multi_obstacle,77,1.234063,3,1,0,1,
narrow_multi_obstacle,78,1.243208,3,1,0,1,
narrow_multi_obstacle,79,9.388314,3,1,0,1,
narrow_multi_obstacle,80,1.132904,3,1,0,1,
narrow_multi_obstacle,81,1.179153,3,1,0,1,
narrow_multi_obstacle,82,1.206466,3,1,0,1,
narrow_multi_obstacle,83,1.188344,3,1,0,1,
narrow_multi_obstacle,84,1.172104,3,1,0,1,
narrow_multi_obstacle,85,9.857776,3,1,0,1,
narrow_multi_obstacle,86,1.166115,3,1,0,1,
narrow_multi_obstacle,87,1.172353,3,1,0,1,
narrow_multi_obstacle,88,26.209654,3,1,0,1,
narrow_multi_obstacle,89,56.988133,3,1,0,1,
narrow_multi_obstacle,90,1.174026,3,1,0,1,
narrow_multi_obstacle,91,1.143,3,1,0,1,
narrow_multi_obstacle,92,1.168526,3,1,0,1,
narrow_multi_obstacle,93,1.144778,3,1,0,1,
narrow_multi_obstacle,94,7.759223,3,1,0,1,
narrow_multi_obstacle,95,1.171356,3,1,0,1,
narrow_multi_obstacle,96,1.220035,3,1,0,1,
narrow_multi_obstacle,97,1.209348,3,1,0,1,
narrow_multi_obstacle,98,1.201292,3,1,0,1,
narrow_multi_obstacle,99,1.227691,3,1,0,1,
narrow_multi_obstacle,100,1.198375,3,1,0,1,
narrow_multi_obstacle,101,10.789687,3,1,0,1,
narrow_multi_obstacle,102,1.183197,3,1,0,1,
narrow_multi_obstacle,103,1.177839,3,1,0,1,
narrow_multi_obstacle,104,1.200062,3,1,0,1,
narrow_multi_obstacle,105,51.488131,3,1,0,1,
narrow_multi_obstacle,106,1.16894,3,1,0,1,
narrow_multi_obstacle,107,1.166487,3,1,0,1,
narrow_multi_obstacle,108,19.446673,3,1,0,1,
narrow_multi_obstacle,109,1.173538,3,1,0,1,
narrow_multi_obstacle,110,1.197184,3,1,0,1,
narrow_multi_obstacle,111,1.171246,3,1,0,1,
narrow_multi_obstacle,112,1.169183,3,1,0,1,
narrow_multi_obstacle,113,5.776787,3,1,0,1,
narrow_multi_obstacle,114,1.184232,3,1,0,1,
narrow_multi_obstacle,115,1.166961,3,1,0,1,
narrow_multi_obstacle,116,37.850938,3,1,0,1,
narrow_multi_obstacle,117,1.171103,3,1,0,1,
narrow_multi_obstacle,118,1.19537,3,1,0,1,
narrow_multi_obstacle,119,1.163826,3,1,0,1,
narrow_multi_obstacle,120,5.537612,3,1,0,1,
narrow_multi_obstacle,121,28.831229,3,1,0,1,
narrow_multi_obstacle,122,1.170019,3,1,0,1,
narrow_multi_obstacle,123,1.168832,3,1,0,1,
narrow_multi_obstacle,124,1.158983,3,1,0,1,
narrow_multi_obstacle,125,27.096165,3,1,0,1,
narrow_multi_obstacle,126,73.231641,3,1,0,1,
narrow_multi_obstacle,127,1.149157,3,1,0,1,
narrow_multi_obstacle,128,1.169618,3,1,0,1,
narrow_multi_obstacle,129,1.172611,3,1,0,1,
narrow_multi_obstacle,130,1.168845,3,1,0,1,
narrow_multi_obstacle,131,1.171234,3,1,0,1,
narrow_multi_obstacle,132,1.176728,3,1,0,1,
narrow_multi_obstacle,133,1.164904,3,1,0,1,
narrow_multi_obstacle,134,1.164721,3,1,0,1,
narrow_multi_obstacle,135,1.184086,3,1,0,1,
narrow_multi_obstacle,136,19.20118,3,1,0,1,
narrow_multi_obstacle,137,6.765483,3,1,0,1,
narrow_multi_obstacle,138,1.130538,3,1,0,1,
narrow_multi_obstacle,139,5.462734,3,1,0,1,
narrow_multi_obstacle,140,1.165953,3,1,0,1,
narrow_multi_obstacle,141,1.172409,3,1,0,1,
narrow_multi_obstacle,142,1.167856,3,1,0,1,
narrow_multi_obstacle,143,1.169026,3,1,0,1,
narrow_multi_obstacle,144,1.173238,3,1,0,1,
narrow_multi_obstacle,145,1.163311,3,1,0,1,
narrow_multi_obstacle,146,48.233665,3,1,0,1,
narrow_multi_obstacle,147,1.17048,3,1,0,1,
narrow_multi_obstacle,148,56.446381,3,1,0,1,
narrow_multi_obstacle,149,1.171753,3,1,0,1,
narrow_multi_obstacle,150,1.1642,3,1,0,1,
narrow_multi_obstacle,151,1.170039,3,1,0,1,
narrow_multi_obstacle,152,1.171713,3,1,0,1,
narrow_multi_obstacle,153,38.114838,3,1,0,1,
narrow_multi_obstacle,154,54.188999,3,1,0,1,
narrow_multi_obstacle,155,12.813794,3,1,0,1,
narrow_multi_obstacle,156,7.086677,3,1,0,1,
narrow_multi_obstacle,157,1.166974,3,1,0,1,
narrow_multi_obstacle,158,1.171119,3,1,0,1,
narrow_multi_obstacle,159,4.752799,3,1,0,1,
narrow_multi_obstacle,160,1.326523,3,1,0,1,
narrow_multi_obstacle,161,1.129958,3,1,0,1,
narrow_multi_obstacle,162,9.488831,3,1,0,1,
narrow_multi_obstacle,163,1.174158,3,1,0,1,
narrow_multi_obstacle,164,27.944098,3,1,0,1,
narrow_multi_obstacle,165,13.344555,3,1,0,1,
narrow_multi_obstacle,166,1.124255,3,1,0,1,
narrow_multi_obstacle,167,1.168125,3,1,0,1,
narrow_multi_obstacle,168,1.177572,3,1,0,1,
narrow_multi_obstacle,169,1.175419,3,1,0,1,
narrow_multi_obstacle,170,1.188267,3,1,0,1,
narrow_multi_obstacle,171,10.042307,3,1,0,1,
narrow_multi_obstacle,172,5.182771,3,1,0,1,
narrow_multi_obstacle,173,1.166446,3,1,0,1,
narrow_multi_obstacle,174,1.168075,3,1,0,1,
narrow_multi_obstacle,175,61.500118,3,1,0,1,
narrow_multi_obstacle,176,1.175982,3,1,0,1,
narrow_multi_obstacle,177,66.985791,3,1,0,1,
narrow_multi_obstacle,178,1.176106,3,1,0,1,
narrow_multi_obstacle,179,1.172662,3,1,0,1,
narrow_multi_obstacle,180,3.916049,3,1,0,1,
narrow_multi_obstacle,181,14.596396,3,1,0,1,
narrow_multi_obstacle,182,1.178108,3,1,0,1,
narrow_multi_obstacle,183,1.215602,3,1,0,1,
narrow_multi_obstacle,184,1.207496,3,1,0,1,
narrow_multi_obstacle,185,1.183952,3,1,0,1,
narrow_multi_obstacle,186,1.20074,3,1,0,1,
narrow_multi_obstacle,187,28.057546,3,1,0,1,
narrow_multi_obstacle,188,1.175386,3,1,0,1,
narrow_multi_obstacle,189,1.172097,3,1,0,1,
narrow_multi_obstacle,190,16.609193,3,1,0,1,
narrow_multi_obstacle,191,9.809945,3,1,0,1,
narrow_multi_obstacle,192,1.221963,3,1,0,1,
narrow_multi_obstacle,193,17.758415,3,1,0,1,
narrow_multi_obstacle,194,1.173734,3,1,0,1,
narrow_multi_obstacle,195,1.183581,3,1,0,1,
narrow_multi_obstacle,196,1.170991,3,1,0,1,
narrow_multi_obstacle,197,1.165247,3,1,0,1,
narrow_multi_obstacle,198,1.166358,3,1,0,1,
narrow_multi_obstacle,199,1.170203,3,1,0,1,
narrow_multi_obstacle,200,1.173943,3,1,0,1,
narrow_multi_obstacle,201,1.163291,3,1,0,1,
narrow_multi_obstacle,202,1.160182,3,1,0,1,
narrow_multi_obstacle,203,1.173888,3,1,0,1,
narrow_multi_obstacle,204,1.165495,3,1,0,1,
narrow_multi_obstacle,205,1.169156,3,1,0,1,
narrow_multi_obstacle,206,1.145894,3,1,0,1,
narrow_multi_obstacle,207,1.171971,3,1,0,1,
narrow_multi_obstacle,208,18.904898,3,1,0,1,
narrow_multi_obstacle,209,18.887985,3,1,0,1,
narrow_multi_obstacle,210,1.194452,3,1,0,1,
narrow_multi_obstacle,211,10.578094,3,1,0,1,
narrow_multi_obstacle,212,14.046932,3,1,0,1,
narrow_multi_obstacle,213,57.799968,3,1,0,1,
narrow_multi_obstacle,214,1.134948,3,1,0,1,
narrow_multi_obstacle,215,1.138313,3,1,0,1,
narrow_multi_obstacle,216,1.167569,3,1,0,1,
narrow_multi_obstacle,217,41.190062,3,1,0,1,
narrow_multi_obstacle,218,1.179685,3,1,0,1,
narrow_multi_obstacle,219,37.451014,3,1,0,1,
narrow_multi_obstacle,220,1.139443,3,1,0,1,
narrow_multi_obstacle,221,1.174823,3,1,0,1,
narrow_multi_obstacle,222,5.778359,3,1,0,1,
narrow_multi_obstacle,223,48.13306,3,1,0,1,
narrow_multi_obstacle,224,1.353503,3,1,0,1,
narrow_multi_obstacle,225,1.140283,3,1,0,1,
narrow_multi_obstacle,226,17.364671,3,1,0,1,
narrow_multi_obstacle,227,1.165444,3,1,0,1,
narrow_multi_obstacle,228,1.177017,3,1,0,1,
narrow_multi_obstacle,229,1.178255,3,1,0,1,
narrow_multi_obstacle,230,1.172753,3,1,0,1,
narrow_multi_obstacle,231,1.174202,3,1,0,1,
narrow_multi_obstacle,232,1.184665,3,1,0,1,
narrow_multi_obstacle,233,1.173911,3,1,0,1,
narrow_multi_obstacle,234,62.008397,3,1,0,1,
narrow_multi_obstacle,235,22.320289,3,1,0,1,
narrow_multi_obstacle,236,49.896622,3,1,0,1,
narrow_multi_obstacle,237,1.168627,3,1,0,1,
narrow_multi_obstacle,238,23.339744,3,1,0,1,
narrow_multi_obstacle,239,1.170956,3,1,0,1,
narrow_multi_obstacle,240,1.170401,3,1,0,1,
narrow_multi_obstacle,241,13.07316,3,1,0,1,
narrow_multi_obstacle,242,1.139502,3,1,0,1,
narrow_multi_obstacle,243,20.184165,3,1,0,1,
narrow_multi_obstacle,244,1.13615,3,1,0,1,
narrow_multi_obstacle,245,11.074071,3,1,0,1,
narrow_multi_obstacle,246,18.91523,3,1,0,1,
narrow_multi_obstacle,247,1.193875,3,1,0,1,
narrow_multi_obstacle,248,1.177626,3,1,0,1,
narrow_multi_obstacle,249,1.176235,3,1,0,1,
narrow_multi_obstacle,250,10.225531,3,1,0,1,
narrow_multi_obstacle,251,1.148757,3,1,0,1,
narrow_multi_obstacle,252,34.684133,3,1,0,1,
narrow_multi_obstacle,253,15.584638,3,1,0,1,
narrow_multi_obstacle,254,1.13884,3,1,0,1,
narrow_multi_obstacle,255,1.133486,3,1,0,1,
narrow_multi_obstacle,256,6.55885,3,1,0,1,
narrow_multi_obstacle,257,1.175568,3,1,0,1,
narrow_multi_obstacle,258,1.169091,3,1,0,1,
narrow_multi_obstacle,259,1.16667,3,1,0,1,
narrow_multi_obstacle,260,1.170593,3,1,0,1,
narrow_multi_obstacle,261,37.050531,3,1,0,1,
narrow_multi_obstacle,262,1.175221,3,1,0,1,
narrow_multi_obstacle,263,1.169416,3,1,0,1,
narrow_multi_obstacle,264,1.169896,3,1,0,1,
narrow_multi_obstacle,265,46.37464,3,1,0,1,
narrow_multi_obstacle,266,1.169611,3,1,0,1,
narrow_multi_obstacle,267,1.18682,3,1,0,1,
narrow_multi_obstacle,268,4.286444,3,1,0,1,
narrow_multi_obstacle,269,1.181012,3,1,0,1,
narrow_multi_obstacle,270,6.77251,3,1,0,1,
narrow_multi_obstacle,271,1.402015,3,1,0,1,
narrow_multi_obstacle,272,1.153773,3,1,0,1,
narrow_multi_obstacle,273,1.187084,3,1,0,1,
narrow_multi_obstacle,274,1.302589,3,1,0,1,
narrow_multi_obstacle,275,1.346697,3,1,0,1,
narrow_multi_obstacle,276,1.194453,3,1,0,1,
narrow_multi_obstacle,277,10.50983,3,1,0,1,
narrow_multi_obstacle,278,1.13891,3,1,0,1,
narrow_multi_obstacle,279,1.159013,3,1,0,1,
narrow_multi_obstacle,280,1.174966,3,1,0,1,
narrow_multi_obstacle,281,39.036858,3,1,0,1,
narrow_multi_obstacle,282,10.234231,3,1,0,1,
narrow_multi_obstacle,283,14.733135,3,1,0,1,
narrow_multi_obstacle,284,50.40097,3,1,0,1,
narrow_multi_obstacle,285,1.232548,3,1,0,1,
narrow_multi_obstacle,286,1.236221,3,1,0,1,
narrow_multi_obstacle,287,1.228581,3,1,0,1,
narrow_multi_obstacle,288,1.211351,3,1,0,1,
narrow_multi_obstacle,289,39.153785,3,1,0,1,
narrow_multi_obstacle,290,1.233275,3,1,0,1,
narrow_multi_obstacle,291,1.224617,3,1,0,1,
narrow_multi_obstacle,292,1.250117,3,1,0,1,
narrow_multi_obstacle,293,16.823798,3,1,0,1,
narrow_multi_obstacle,294,1.231475,3,1,0,1,
narrow_multi_obstacle,295,1.229629,3,1,0,1,
narrow_multi_obstacle,296,1.223563,3,1,0,1,
narrow_multi_obstacle,297,20.917074,3,1,0,1,
narrow_multi_obstacle,298,1.225911,3,1,0,1,
narrow_multi_obstacle,299,42.864567,3,1,0,1,
narrow_multi_obstacle,300,1.140295,3,1,0,1,
narrow_multi_obstacle,301,1.164722,3,1,0,1,
narrow_multi_obstacle,302,1.167584,3,1,0,1,
narrow_multi_obstacle,303,1.170042,3,1,0,1,
narrow_multi_obstacle,304,1.172929,3,1,0,1,
narrow_multi_obstacle,305,1.172199,3,1,0,1,
narrow_multi_obstacle,306,22.226476,3,1,0,1,
narrow_multi_obstacle,307,1.173651,3,1,0,1,
narrow_multi_obstacle,308,34.644047,3,1,0,1,
narrow_multi_obstacle,309,8.928284,3,1,0,1,
narrow_multi_obstacle,310,32.560943,3,1,0,1,
narrow_multi_obstacle,311,1.171573,3,1,0,1,
narrow_multi_obstacle,312,13.145714,3,1,0,1,
narrow_multi_obstacle,313,1.168574,3,1,0,1,
narrow_multi_obstacle,314,1.175629,3,1,0,1,
narrow_multi_obstacle,315,57.80332,3,1,0,1,
narrow_multi_obstacle,316,1.207668,3,1,0,1,
narrow_multi_obstacle,317,1.205165,3,1,0,1,
narrow_multi_obstacle,318,1.192618,3,1,0,1,
narrow_multi_obstacle,319,3.940961,3,1,0,1,
narrow_multi_obstacle,320,1.182953,3,1,0,1,
narrow_multi_obstacle,321,1.182867,3,1,0,1,
narrow_multi_obstacle,322,5.878531,3,1,0,1,
narrow_multi_obstacle,323,1.178561,3,1,0,1,
narrow_multi_obstacle,324,7.474883,3,1,0,1,
narrow_multi_obstacle,325,15.113974,3,1,0,1,
narrow_multi_obstacle,326,1.184305,3,1,0,1,
narrow_multi_obstacle,327,47.839105,3,1,0,1,
narrow_multi_obstacle,328,1.177512,3,1,0,1,
narrow_multi_obstacle,329,6.396829,3,1,0,1,
narrow_multi_obstacle,330,3.767176,3,1,0,1,
narrow_multi_obstacle,331,1.205072,3,1,0,1,
narrow_multi_obstacle,332,1.204529,3,1,0,1,
narrow_multi_obstacle,333,1.228459,3,1,0,1,
narrow_multi_obstacle,334,1.19837,3,1,0,1,
narrow_multi_obstacle,335,1.219277,3,1,0,1,
narrow_multi_obstacle,336,1.220429,3,1,0,1,
narrow_multi_obstacle,337,1.22497,3,1,0,1,
narrow_multi_obstacle,338,1.214015,3,1,0,1,
narrow_multi_obstacle,339,1.231227,3,1,0,1,
narrow_multi_obstacle,340,1.177555,3,1,0,1,
narrow_multi_obstacle,341,1.197232,3,1,0,1,
narrow_multi_obstacle,342,20.960654,3,1,0,1,
narrow_multi_obstacle,343,1.158426,3,1,0,1,
narrow_multi_obstacle,344,1.143452,3,1,0,1,
narrow_multi_obstacle,345,5.695082,3,1,0,1,
narrow_multi_obstacle,346,1.16963,3,1,0,1,
narrow_multi_obstacle,347,57.894053,3,1,0,1,
narrow_multi_obstacle,348,1.195004,3,1,0,1,
narrow_multi_obstacle,349,1.297414,3,1,0,1,
narrow_multi_obstacle,350,1.241935,3,1,0,1,
narrow_multi_obstacle,351,1.241421,3,1,0,1,
narrow_multi_obstacle,352,1.242138,3,1,0,1,
narrow_multi_obstacle,353,1.238034,3,1,0,1,
narrow_multi_obstacle,354,6.985859,3,1,0,1,
narrow_multi_obstacle,355,1.268343,3,1,0,1,
narrow_multi_obstacle,356,1.250945,3,1,0,1,
narrow_multi_obstacle,357,12.061886,3,1,0,1,
narrow_multi_obstacle,358,16.715311,3,1,0,1,
narrow_multi_obstacle,359,1.168658,3,1,0,1,
narrow_multi_obstacle,360,1.166496,3,1,0,1,
narrow_multi_obstacle,361,1.164217,3,1,0,1,
narrow_multi_obstacle,362,1.177346,3,1,0,1,
narrow_multi_obstacle,363,1.173098,3,1,0,1,
narrow_multi_obstacle,364,1.177685,3,1,0,1,
narrow_multi_obstacle,365,1.201635,3,1,0,1,
narrow_multi_obstacle,366,12.311386,3,1,0,1,
narrow_multi_obstacle,367,6.526831,3,1,0,1,
narrow_multi_obstacle,368,1.186317,3,1,0,1,
narrow_multi_obstacle,369,1.165822,3,1,0,1,
narrow_multi_obstacle,370,1.169546,3,1,0,1,
narrow_multi_obstacle,371,1.15738,3,1,0,1,
narrow_multi_obstacle,372,1.17991,3,1,0,1,
narrow_multi_obstacle,373,1.170379,3,1,0,1,
narrow_multi_obstacle,374,1.175454,3,1,0,1,
narrow_multi_obstacle,375,1.166938,3,1,0,1,
narrow_multi_obstacle,376,1.198196,3,1,0,1,
narrow_multi_obstacle,377,1.203733,3,1,0,1,
narrow_multi_obstacle,378,1.178384,3,1,0,1,
narrow_multi_obstacle,379,1.199727,3,1,0,1,
narrow_multi_obstacle,380,8.301097,3,1,0,1,
narrow_multi_obstacle,381,1.166696,3,1,0,1,
narrow_multi_obstacle,382,21.225336,3,1,0,1,
narrow_multi_obstacle,383,1.180581,3,1,0,1,
narrow_multi_obstacle,384,1.172681,3,1,0,1,
narrow_multi_obstacle,385,1.169808,3,1,0,1,
narrow_multi_obstacle,386,1.200564,3,1,0,1,
narrow_multi_obstacle,387,1.166419,3,1,0,1,
narrow_multi_obstacle,388,1.170028,3,1,0,1,
narrow_multi_obstacle,389,1.16996,3,1,0,1,
narrow_multi_obstacle,390,1.19462,3,1,0,1,
narrow_multi_obstacle,391,1.169813,3,1,0,1,
narrow_multi_obstacle,392,1.173052,3,1,0,1,
narrow_multi_obstacle,393,1.171319,3,1,0,1,
narrow_multi_obstacle,394,1.166996,3,1,0,1,
narrow_multi_obstacle,395,14.188218,3,1,0,1,
narrow_multi_obstacle,396,1.158629,3,1,0,1,
narrow_multi_obstacle,397,1.177247,3,1,0,1,
narrow_multi_obstacle,398,6.919092,3,1,0,1,
narrow_multi_obstacle,399,1.180199,3,1,0,1,
narrow_multi_obstacle,400,1.189141,3,1,0,1,
narrow_multi_obstacle,401,1.178294,3,1,0,1,
narrow_multi_obstacle,402,1.166788,3,1,0,1,
narrow_multi_obstacle,403,1.167439,3,1,0,1,
narrow_multi_obstacle,404,8.004988,3,1,0,1,
narrow_multi_obstacle,405,1.168121,3,1,0,1,
narrow_multi_obstacle,406,1.171638,3,1,0,1,
narrow_multi_obstacle,407,35.715649,3,1,0,1,
narrow_multi_obstacle,408,1.174979,3,1,0,1,
narrow_multi_obstacle,409,1.166839,3,1,0,1,
narrow_multi_obstacle,410,11.04412,3,1,0,1,
narrow_multi_obstacle,411,1.170508,3,1,0,1,
narrow_multi_obstacle,412,5.87383,3,1,0,1,
narrow_multi_obstacle,413,1.13562,3,1,0,1,
narrow_multi_obstacle,414,1.311466,3,1,0,1,
narrow_multi_obstacle,415,1.180579,3,1,0,1,
narrow_multi_obstacle,416,1.170921,3,1,0,1,
narrow_multi_obstacle,417,1.171461,3,1,0,1,
narrow_multi_obstacle,418,1.191947,3,1,0,1,
narrow_multi_obstacle,419,1.169935,3,1,0,1,
narrow_multi_obstacle,420,1.162731,3,1,0,1,
narrow_multi_obstacle,421,25.17013,3,1,0,1,
narrow_multi_obstacle,422,47.035259,3,1,0,1,
narrow_multi_obstacle,423,1.176244,3,1,0,1,
narrow_multi_obstacle,424,1.179479,3,1,0,1,
narrow_multi_obstacle,425,1.178923,3,1,0,1,
narrow_multi_obstacle,426,1.164535,3,1,0,1,
narrow_multi_obstacle,427,1.174684,3,1,0,1,
narrow_multi_obstacle,428,1.190519,3,1,0,1,
narrow_multi_obstacle,429,1.18224,3,1,0,1,
narrow_multi_obstacle,430,11.82336,3,1,0,1,
narrow_multi_obstacle,431,1.178389,3,1,0,1,
narrow_multi_obstacle,432,1.148822,3,1,0,1,
narrow_multi_obstacle,433,1.162341,3,1,0,1,
narrow_multi_obstacle,434,1.170936,3,1,0,1,
narrow_multi_obstacle,435,21.347359,3,1,0,1,
narrow_multi_obstacle,436,1.134121,3,1,0,1,
narrow_multi_obstacle,437,1.129482,3,1,0,1,
narrow_multi_obstacle,438,1.16882,3,1,0,1,
narrow_multi_obstacle,439,1.171156,3,1,0,1,
narrow_multi_obstacle,440,1.159609,3,1,0,1,
narrow_multi_obstacle,441,1.193824,3,1,0,1,
narrow_multi_obstacle,442,1.170457,3,1,0,1,
narrow_multi_obstacle,443,1.166449,3,1,0,1,
narrow_multi_obstacle,444,1.175502,3,1,0,1,
narrow_multi_obstacle,445,1.172141,3,1,0,1,
narrow_multi_obstacle,446,1.19007,3,1,0,1,
narrow_multi_obstacle,447,1.173061,3,1,0,1,
narrow_multi_obstacle,448,1.192457,3,1,0,1,
narrow_multi_obstacle,449,1.171888,3,1,0,1,
narrow_multi_obstacle,450,19.256427,3,1,0,1,
narrow_multi_obstacle,451,1.178795,3,1,0,1,
narrow_multi_obstacle,452,26.625165,3,1,0,1,
narrow_multi_obstacle,453,1.179164,3,1,0,1,
narrow_multi_obstacle,454,1.173182,3,1,0,1,
narrow_multi_obstacle,455,14.570631,3,1,0,1,
narrow_multi_obstacle,456,1.207439,3,1,0,1,
narrow_multi_obstacle,457,51.470739,3,1,0,1,
narrow_multi_obstacle,458,1.173059,3,1,0,1,
narrow_multi_obstacle,459,1.165868,3,1,0,1,
narrow_multi_obstacle,460,1.166584,3,1,0,1,
narrow_multi_obstacle,461,1.166452,3,1,0,1,
narrow_multi_obstacle,462,1.175358,3,1,0,1,
narrow_multi_obstacle,463,1.17055,3,1,0,1,
narrow_multi_obstacle,464,1.168512,3,1,0,1,
narrow_multi_obstacle,465,1.176565,3,1,0,1,
narrow_multi_obstacle,466,1.175851,3,1,0,1,
narrow_multi_obstacle,467,1.170234,3,1,0,1,
narrow_multi_obstacle,468,10.084735,3,1,0,1,
narrow_multi_obstacle,469,1.246229,3,1,0,1,
narrow_multi_obstacle,470,15.123286,3,1,0,1,
narrow_multi_obstacle,471,1.182849,3,1,0,1,
narrow_multi_obstacle,472,20.80386,3,1,0,1,
narrow_multi_obstacle,473,1.133353,3,1,0,1,
narrow_multi_obstacle,474,1.13676,3,1,0,1,
narrow_multi_obstacle,475,1.14513,3,1,0,1,
narrow_multi_obstacle,476,13.258257,3,1,0,1,
narrow_multi_obstacle,477,1.178063,3,1,0,1,
narrow_multi_obstacle,478,1.170648,3,1,0,1,
narrow_multi_obstacle,479,53.960561,3,1,0,1,
narrow_multi_obstacle,480,1.141405,3,1,0,1,
narrow_multi_obstacle,481,1.170627,3,1,0,1,
narrow_multi_obstacle,482,3.690863,3,1,0,1,
narrow_multi_obstacle,483,1.168576,3,1,0,1,
narrow_multi_obstacle,484,1.168203,3,1,0,1,
narrow_multi_obstacle,485,1.183322,3,1,0,1,
narrow_multi_obstacle,486,1.147714,3,1,0,1,
narrow_multi_obstacle,487,1.162971,3,1,0,1,
narrow_multi_obstacle,488,15.902583,3,1,0,1,
narrow_multi_obstacle,489,20.96911,3,1,0,1,
narrow_multi_obstacle,490,1.176708,3,1,0,1,
narrow_multi_obstacle,491,36.321439,3,1,0,1,
narrow_multi_obstacle,492,1.173923,3,1,0,1,
narrow_multi_obstacle,493,1.171658,3,1,0,1,
narrow_multi_obstacle,494,1.162348,3,1,0,1,
narrow_multi_obstacle,495,13.083286,3,1,0,1,
narrow_multi_obstacle,496,7.720091,3,1,0,1,
narrow_multi_obstacle,497,19.764628,3,1,0,1,
narrow_multi_obstacle,498,1.168046,3,1,0,1,
narrow_multi_obstacle,499,1.170443,3,1,0,1,
interleaved_dynamic,0,3.718941,3,1,0,1,
interleaved_dynamic,1,37.71528,3,1,0,1,
interleaved_dynamic,2,2.52463,3,1,0,1,
interleaved_dynamic,3,2.927136,3,1,0,1,
interleaved_dynamic,4,2.215337,3,1,0,1,
interleaved_dynamic,5,34.083399,3,1,0,1,
interleaved_dynamic,6,18.662135,3,1,0,1,
interleaved_dynamic,7,2.936301,3,1,0,1,
interleaved_dynamic,8,19.977862,3,1,0,1,
interleaved_dynamic,9,21.551971,3,1,0,1,
interleaved_dynamic,10,3.331308,3,1,0,1,
interleaved_dynamic,11,3.33452,3,1,0,1,
interleaved_dynamic,12,2.720396,3,1,0,1,
interleaved_dynamic,13,27.323492,3,1,0,1,
interleaved_dynamic,14,3.154716,3,1,0,1,
interleaved_dynamic,15,7.068114,3,1,0,1,
interleaved_dynamic,16,20.404492,3,1,0,1,
interleaved_dynamic,17,6.500264,3,1,0,1,
interleaved_dynamic,18,2.959229,3,1,0,1,
interleaved_dynamic,19,16.980523,3,1,0,1,
interleaved_dynamic,20,3.288478,3,1,0,1,
interleaved_dynamic,21,5.416664,3,1,0,1,
interleaved_dynamic,22,3.393092,3,1,0,1,
interleaved_dynamic,23,26.027965,3,1,0,1,
interleaved_dynamic,24,3.620844,3,1,0,1,
interleaved_dynamic,25,4.296831,3,1,0,1,
interleaved_dynamic,26,4.517208,3,1,0,1,
interleaved_dynamic,27,5.634113,3,1,0,1,
interleaved_dynamic,28,2.568857,3,1,0,1,
interleaved_dynamic,29,32.576723,3,1,0,1,
interleaved_dynamic,30,2.745107,3,1,0,1,
interleaved_dynamic,31,4.024602,3,1,0,1,
interleaved_dynamic,32,4.576878,3,1,0,1,
interleaved_dynamic,33,3.863401,3,1,0,1,
interleaved_dynamic,34,22.126957,3,1,0,1,
interleaved_dynamic,35,3.063557,3,1,0,1,
interleaved_dynamic,36,33.427935,3,1,0,1,
interleaved_dynamic,37,7.484973,3,1,0,1,
interleaved_dynamic,38,14.320659,3,1,0,1,
interleaved_dynamic,39,4.591357,3,1,0,1,
interleaved_dynamic,40,6.130041,3,1,0,1,
interleaved_dynamic,41,15.632025,3,1,0,1,
interleaved_dynamic,42,6.083106,3,1,0,1,
interleaved_dynamic,43,2.707081,3,1,0,1,
interleaved_dynamic,44,3.639816,3,1,0,1,
interleaved_dynamic,45,2.716182,3,1,0,1,
interleaved_dynamic,46,13.013035,3,1,0,1,
interleaved_dynamic,47,2.792738,3,1,0,1,
interleaved_dynamic,48,3.883554,3,1,0,1,
interleaved_dynamic,49,5.486758,3,1,0,1,
interleaved_dynamic,50,13.054769,3,1,0,1,
interleaved_dynamic,51,3.781059,3,1,0,1,
interleaved_dynamic,52,3.399581,3,1,0,1,
interleaved_dynamic,53,6.096059,3,1,0,1,
interleaved_dynamic,54,5.365844,3,1,0,1,
interleaved_dynamic,55,14.923114,3,1,0,1,
interleaved_dynamic,56,2.38106,3,1,0,1,
interleaved_dynamic,57,19.478721,3,1,0,1,
interleaved_dynamic,58,5.333969,3,1,0,1,
interleaved_dynamic,59,2.198369,3,1,0,1,
interleaved_dynamic,60,3.830798,3,1,0,1,
interleaved_dynamic,61,3.741829,3,1,0,1,
interleaved_dynamic,62,43.533554,3,1,0,1,
interleaved_dynamic,63,2.844712,3,1,0,1,
interleaved_dynamic,64,34.501478,3,1,0,1,
interleaved_dynamic,65,5.055483,3,1,0,1,
interleaved_dynamic,66,63.884325,3,1,0,1,
interleaved_dynamic,67,4.505415,3,1,0,1,
interleaved_dynamic,68,7.586439,3,1,0,1,
interleaved_dynamic,69,3.21732,3,1,0,1,
interleaved_dynamic,70,3.194813,3,1,0,1,
interleaved_dynamic,71,3.439213,3,1,0,1,
interleaved_dynamic,72,3.852866,3,1,0,1,
interleaved_dynamic,73,3.997461,3,1,0,1,
interleaved_dynamic,74,14.211141,3,1,0,1,
interleaved_dynamic,75,4.076171,3,1,0,1,
interleaved_dynamic,76,5.319204,3,1,0,1,
interleaved_dynamic,77,3.314168,3,1,0,1,
interleaved_dynamic,78,3.891995,3,1,0,1,
interleaved_dynamic,79,44.933135,3,1,0,1,
interleaved_dynamic,80,4.04225,3,1,0,1,
interleaved_dynamic,81,10.73706,3,1,0,1,
interleaved_dynamic,82,3.737906,3,1,0,1,
interleaved_dynamic,83,7.16142,3,1,0,1,
interleaved_dynamic,84,5.588418,3,1,0,1,
interleaved_dynamic,85,3.561032,3,1,0,1,
interleaved_dynamic,86,9.363849,3,1,0,1,
interleaved_dynamic,87,3.693178,3,1,0,1,
interleaved_dynamic,88,3.660023,3,1,0,1,
interleaved_dynamic,89,8.934929,3,1,0,1,
interleaved_dynamic,90,3.551479,3,1,0,1,
interleaved_dynamic,91,3.097799,3,1,0,1,
interleaved_dynamic,92,3.386046,3,1,0,1,
interleaved_dynamic,93,12.358363,3,1,0,1,
interleaved_dynamic,94,12.28114,3,1,0,1,
interleaved_dynamic,95,3.573459,3,1,0,1,
interleaved_dynamic,96,34.936622,3,1,0,1,
interleaved_dynamic,97,28.300011,3,1,0,1,
interleaved_dynamic,98,7.167851,3,1,0,1,
interleaved_dynamic,99,3.406129,3,1,0,1,
interleaved_dynamic,100,2.875045,3,1,0,1,
interleaved_dynamic,101,21.804792,3,1,0,1,
interleaved_dynamic,102,13.869642,3,1,0,1,
interleaved_dynamic,103,3.236066,3,1,0,1,
interleaved_dynamic,104,19.168968,3,1,0,1,
interleaved_dynamic,105,16.7511,3,1,0,1,
interleaved_dynamic,106,5.797699,3,1,0,1,
interleaved_dynamic,107,3.628935,3,1,0,1,
interleaved_dynamic,108,4.067579,3,1,0,1,
interleaved_dynamic,109,4.141727,3,1,0,1,
interleaved_dynamic,110,7.197021,3,1,0,1,
interleaved_dynamic,111,2.98492,3,1,0,1,
interleaved_dynamic,112,21.177593,3,1,0,1,
interleaved_dynamic,113,3.594956,3,1,0,1,
interleaved_dynamic,114,3.126834,3,1,0,1,
interleaved_dynamic,115,5.819827,3,1,0,1,
interleaved_dynamic,116,3.872442,3,1,0,1,
interleaved_dynamic,117,31.014572,3,1,0,1,
interleaved_dynamic,118,3.298849,3,1,0,1,
interleaved_dynamic,119,4.365778,3,1,0,1,
interleaved_dynamic,120,37.45152,3,1,0,1,
interleaved_dynamic,121,3.284776,3,1,0,1,
interleaved_dynamic,122,4.646422,3,1,0,1,
interleaved_dynamic,123,2.772448,3,1,0,1,
interleaved_dynamic,124,3.879754,3,1,0,1,
interleaved_dynamic,125,3.799339,3,1,0,1,
interleaved_dynamic,126,5.263866,3,1,0,1,
interleaved_dynamic,127,3.266223,3,1,0,1,
interleaved_dynamic,128,5.251079,3,1,0,1,
interleaved_dynamic,129,19.525755,3,1,0,1,
interleaved_dynamic,130,3.267284,3,1,0,1,
interleaved_dynamic,131,5.264646,3,1,0,1,
interleaved_dynamic,132,7.0977,3,1,0,1,
interleaved_dynamic,133,3.327671,3,1,0,1,
interleaved_dynamic,134,5.390947,3,1,0,1,
interleaved_dynamic,135,2.922267,3,1,0,1,
interleaved_dynamic,136,6.635413,3,1,0,1,
interleaved_dynamic,137,19.606166,3,1,0,1,
interleaved_dynamic,138,5.231657,3,1,0,1,
interleaved_dynamic,139,5.500177,3,1,0,1,
interleaved_dynamic,140,3.720523,3,1,0,1,
interleaved_dynamic,141,3.731629,3,1,0,1,
interleaved_dynamic,142,15.052755,3,1,0,1,
interleaved_dynamic,143,8.920086,3,1,0,1,
interleaved_dynamic,144,3.532132,3,1,0,1,
interleaved_dynamic,145,39.458947,3,1,0,1,
interleaved_dynamic,146,5.391776,3,1,0,1,
interleaved_dynamic,147,3.617287,3,1,0,1,
interleaved_dynamic,148,13.891897,3,1,0,1,
interleaved_dynamic,149,3.574985,3,1,0,1,
interleaved_dynamic,150,2.998032,3,1,0,1,
interleaved_dynamic,151,5.221345,3,1,0,1,
interleaved_dynamic,152,3.992154,3,1,0,1,
interleaved_dynamic,153,3.13776,3,1,0,1,
interleaved_dynamic,154,3.656777,3,1,0,1,
interleaved_dynamic,155,4.817966,3,1,0,1,
interleaved_dynamic,156,18.013268,3,1,0,1,
interleaved_dynamic,157,3.511054,3,1,0,1,
interleaved_dynamic,158,8.572282,3,1,0,1,
interleaved_dynamic,159,5.072164,3,1,0,1,
interleaved_dynamic,160,4.069318,3,1,0,1,
interleaved_dynamic,161,3.47094,3,1,0,1,
interleaved_dynamic,162,4.051248,3,1,0,1,
interleaved_dynamic,163,20.554832,3,1,0,1,
interleaved_dynamic,164,3.064945,3,1,0,1,
interleaved_dynamic,165,3.319245,3,1,0,1,
interleaved_dynamic,166,3.811495,3,1,0,1,
interleaved_dynamic,167,3.56436,3,1,0,1,
interleaved_dynamic,168,3.90778,3,1,0,1,
interleaved_dynamic,169,16.722618,3,1,0,1,
interleaved_dynamic,170,7.303494,3,1,0,1,
interleaved_dynamic,171,20.597684,3,1,0,1,
interleaved_dynamic,172,21.958497,3,1,0,1,
interleaved_dynamic,173,3.88938,3,1,0,1,
interleaved_dynamic,174,3.648648,3,1,0,1,
interleaved_dynamic,175,11.201076,3,1,0,1,
interleaved_dynamic,176,4.225965,3,1,0,1,
interleaved_dynamic,177,4.65778,3,1,0,1,
interleaved_dynamic,178,3.221112,3,1,0,1,
interleaved_dynamic,179,4.634332,3,1,0,1,
interleaved_dynamic,180,3.327256,3,1,0,1,
interleaved_dynamic,181,14.221436,3,1,0,1,
interleaved_dynamic,182,3.867339,3,1,0,1,
interleaved_dynamic,183,3.191796,3,1,0,1,
interleaved_dynamic,184,3.85741,3,1,0,1,
interleaved_dynamic,185,6.180516,3,1,0,1,
interleaved_dynamic,186,5.77294,3,1,0,1,
interleaved_dynamic,187,14.834329,3,1,0,1,
interleaved_dynamic,188,8.965374,3,1,0,1,
interleaved_dynamic,189,15.721666,3,1,0,1,
interleaved_dynamic,190,5.716498,3,1,0,1,
interleaved_dynamic,191,4.450119,3,1,0,1,
interleaved_dynamic,192,22.816126,3,1,0,1,
interleaved_dynamic,193,4.151675,3,1,0,1,
interleaved_dynamic,194,3.590702,3,1,0,1,
interleaved_dynamic,195,18.412355,3,1,0,1,
interleaved_dynamic,196,3.162849,3,1,0,1,
interleaved_dynamic,197,5.579259,3,1,0,1,
interleaved_dynamic,198,3.234824,3,1,0,1,
interleaved_dynamic,199,4.243769,3,1,0,1,
interleaved_dynamic,200,5.328064,3,1,0,1,
interleaved_dynamic,201,4.256493,3,1,0,1,
interleaved_dynamic,202,68.233301,3,1,0,1,
interleaved_dynamic,203,3.593015,3,1,0,1,
interleaved_dynamic,204,4.154786,3,1,0,1,
interleaved_dynamic,205,6.364288,3,1,0,1,
interleaved_dynamic,206,3.641546,3,1,0,1,
interleaved_dynamic,207,2.792853,3,1,0,1,
interleaved_dynamic,208,19.935365,3,1,0,1,
interleaved_dynamic,209,5.004087,3,1,0,1,
interleaved_dynamic,210,3.388476,3,1,0,1,
interleaved_dynamic,211,15.195438,3,1,0,1,
interleaved_dynamic,212,9.783765,3,1,0,1,
interleaved_dynamic,213,4.00544,3,1,0,1,
interleaved_dynamic,214,4.721437,3,1,0,1,
interleaved_dynamic,215,3.636716,3,1,0,1,
interleaved_dynamic,216,3.37466,3,1,0,1,
interleaved_dynamic,217,3.076153,3,1,0,1,
interleaved_dynamic,218,3.542271,3,1,0,1,
interleaved_dynamic,219,3.851334,3,1,0,1,
interleaved_dynamic,220,3.752217,3,1,0,1,
interleaved_dynamic,221,4.837898,3,1,0,1,
interleaved_dynamic,222,18.278684,3,1,0,1,
interleaved_dynamic,223,3.118159,3,1,0,1,
interleaved_dynamic,224,24.725206,3,1,0,1,
interleaved_dynamic,225,9.679986,3,1,0,1,
interleaved_dynamic,226,3.603353,3,1,0,1,
interleaved_dynamic,227,4.578203,3,1,0,1,
interleaved_dynamic,228,12.281429,3,1,0,1,
interleaved_dynamic,229,36.309399,3,1,0,1,
interleaved_dynamic,230,3.918246,3,1,0,1,
interleaved_dynamic,231,4.702209,3,1,0,1,
interleaved_dynamic,232,24.566645,3,1,0,1,
interleaved_dynamic,233,6.300127,3,1,0,1,
interleaved_dynamic,234,3.223873,3,1,0,1,
interleaved_dynamic,235,3.377263,3,1,0,1,
interleaved_dynamic,236,3.843046,3,1,0,1,
interleaved_dynamic,237,3.468925,3,1,0,1,
interleaved_dynamic,238,3.823027,3,1,0,1,
interleaved_dynamic,239,28.102105,3,1,0,1,
interleaved_dynamic,240,2.968284,3,1,0,1,
interleaved_dynamic,241,3.668967,3,1,0,1,
interleaved_dynamic,242,8.449875,3,1,0,1,
interleaved_dynamic,243,6.194619,3,1,0,1,
interleaved_dynamic,244,2.819594,3,1,0,1,
interleaved_dynamic,245,3.247512,3,1,0,1,
interleaved_dynamic,246,3.407572,3,1,0,1,
interleaved_dynamic,247,3.598297,3,1,0,1,
interleaved_dynamic,248,30.485992,3,1,0,1,
interleaved_dynamic,249,15.217632,3,1,0,1,
interleaved_dynamic,250,5.276784,3,1,0,1,
interleaved_dynamic,251,17.476195,3,1,0,1,
interleaved_dynamic,252,4.781705,3,1,0,1,
interleaved_dynamic,253,5.417252,3,1,0,1,
interleaved_dynamic,254,3.982297,3,1,0,1,
interleaved_dynamic,255,33.943346,3,1,0,1,
interleaved_dynamic,256,9.298541,3,1,0,1,
interleaved_dynamic,257,44.162354,3,1,0,1,
interleaved_dynamic,258,6.945446,3,1,0,1,
interleaved_dynamic,259,40.134452,3,1,0,1,
interleaved_dynamic,260,19.60059,3,1,0,1,
interleaved_dynamic,261,4.2825,3,1,0,1,
interleaved_dynamic,262,2.688197,3,1,0,1,
interleaved_dynamic,263,9.43977,3,1,0,1,
interleaved_dynamic,264,31.270782,3,1,0,1,
interleaved_dynamic,265,4.612639,3,1,0,1,
interleaved_dynamic,266,2.978846,3,1,0,1,
interleaved_dynamic,267,3.855714,3,1,0,1,
interleaved_dynamic,268,4.250746,3,1,0,1,
interleaved_dynamic,269,26.02405,3,1,0,1,
interleaved_dynamic,270,16.577284,3,1,0,1,
interleaved_dynamic,271,14.75987,3,1,0,1,
interleaved_dynamic,272,11.846956,3,1,0,1,
interleaved_dynamic,273,17.728431,3,1,0,1,
interleaved_dynamic,274,3.305357,3,1,0,1,
interleaved_dynamic,275,3.832858,3,1,0,1,
interleaved_dynamic,276,3.397812,3,1,0,1,
interleaved_dynamic,277,16.428018,3,1,0,1,
interleaved_dynamic,278,12.658753,3,1,0,1,
interleaved_dynamic,279,4.485792,3,1,0,1,
interleaved_dynamic,280,4.822674,3,1,0,1,
interleaved_dynamic,281,3.266665,3,1,0,1,
interleaved_dynamic,282,4.564463,3,1,0,1,
interleaved_dynamic,283,4.825288,3,1,0,1,
interleaved_dynamic,284,3.7195,3,1,0,1,
interleaved_dynamic,285,2.977601,3,1,0,1,
interleaved_dynamic,286,15.053036,3,1,0,1,
interleaved_dynamic,287,28.739004,3,1,0,1,
interleaved_dynamic,288,2.496415,3,1,0,1,
interleaved_dynamic,289,3.40231,3,1,0,1,
interleaved_dynamic,290,3.236892,3,1,0,1,
interleaved_dynamic,291,3.955866,3,1,0,1,
interleaved_dynamic,292,11.088221,3,1,0,1,
interleaved_dynamic,293,4.785426,3,1,0,1,
interleaved_dynamic,294,5.475978,3,1,0,1,
interleaved_dynamic,295,3.397685,3,1,0,1,
interleaved_dynamic,296,5.083099,3,1,0,1,
interleaved_dynamic,297,3.867071,3,1,0,1,
interleaved_dynamic,298,6.442575,3,1,0,1,
interleaved_dynamic,299,3.727739,3,1,0,1,
interleaved_dynamic,300,4.265077,3,1,0,1,
interleaved_dynamic,301,4.020348,3,1,0,1,
interleaved_dynamic,302,32.561424,3,1,0,1,
interleaved_dynamic,303,3.991905,3,1,0,1,
interleaved_dynamic,304,3.283402,3,1,0,1,
interleaved_dynamic,305,3.547552,3,1,0,1,
interleaved_dynamic,306,19.989109,3,1,0,1,
interleaved_dynamic,307,29.924956,3,1,0,1,
interleaved_dynamic,308,5.094452,3,1,0,1,
interleaved_dynamic,309,3.854933,3,1,0,1,
interleaved_dynamic,310,3.084888,3,1,0,1,
interleaved_dynamic,311,5.627741,3,1,0,1,
interleaved_dynamic,312,34.546709,3,1,0,1,
interleaved_dynamic,313,13.502609,3,1,0,1,
interleaved_dynamic,314,13.711024,3,1,0,1,
interleaved_dynamic,315,38.524324,3,1,0,1,
interleaved_dynamic,316,9.715371,3,1,0,1,
interleaved_dynamic,317,4.205712,3,1,0,1,
interleaved_dynamic,318,18.140392,3,1,0,1,
interleaved_dynamic,319,14.03709,3,1,0,1,
interleaved_dynamic,320,6.366243,3,1,0,1,
interleaved_dynamic,321,4.288124,3,1,0,1,
interleaved_dynamic,322,13.109888,3,1,0,1,
interleaved_dynamic,323,4.924184,3,1,0,1,
interleaved_dynamic,324,3.787554,3,1,0,1,
interleaved_dynamic,325,12.8148,3,1,0,1,
interleaved_dynamic,326,57.1489,3,1,0,1,
interleaved_dynamic,327,3.376865,3,1,0,1,
interleaved_dynamic,328,4.20512,3,1,0,1,
interleaved_dynamic,329,3.831406,3,1,0,1,
interleaved_dynamic,330,68.640353,3,1,0,1,
interleaved_dynamic,331,3.800697,3,1,0,1,
interleaved_dynamic,332,7.470582,3,1,0,1,
interleaved_dynamic,333,3.865888,3,1,0,1,
interleaved_dynamic,334,2.903133,3,1,0,1,
interleaved_dynamic,335,3.402464,3,1,0,1,
interleaved_dynamic,336,4.686076,3,1,0,1,
interleaved_dynamic,337,2.692217,3,1,0,1,
interleaved_dynamic,338,4.914621,3,1,0,1,
interleaved_dynamic,339,5.607962,3,1,0,1,
interleaved_dynamic,340,13.575709,3,1,0,1,
interleaved_dynamic,341,3.739661,3,1,0,1,
interleaved_dynamic,342,4.428985,3,1,0,1,
interleaved_dynamic,343,3.485222,3,1,0,1,
interleaved_dynamic,344,3.261616,3,1,0,1,
interleaved_dynamic,345,3.898799,3,1,0,1,
interleaved_dynamic,346,33.288434,3,1,0,1,
interleaved_dynamic,347,3.550381,3,1,0,1,
interleaved_dynamic,348,3.380249,3,1,0,1,
interleaved_dynamic,349,27.58021,3,1,0,1,
interleaved_dynamic,350,10.347558,3,1,0,1,
interleaved_dynamic,351,6.199544,3,1,0,1,
interleaved_dynamic,352,14.842682,3,1,0,1,
interleaved_dynamic,353,3.093699,3,1,0,1,
interleaved_dynamic,354,2.929208,3,1,0,1,
interleaved_dynamic,355,3.456825,3,1,0,1,
interleaved_dynamic,356,16.820187,3,1,0,1,
interleaved_dynamic,357,4.586709,3,1,0,1,
interleaved_dynamic,358,6.503721,3,1,0,1,
interleaved_dynamic,359,3.236964,3,1,0,1,
interleaved_dynamic,360,27.727341,3,1,0,1,
interleaved_dynamic,361,3.092198,3,1,0,1,
interleaved_dynamic,362,15.459874,3,1,0,1,
interleaved_dynamic,363,5.353817,3,1,0,1,
interleaved_dynamic,364,9.589408,3,1,0,1,
interleaved_dynamic,365,53.719837,3,1,0,1,
interleaved_dynamic,366,19.777451,3,1,0,1,
interleaved_dynamic,367,12.058957,3,1,0,1,
interleaved_dynamic,368,17.738698,3,1,0,1,
interleaved_dynamic,369,28.631722,3,1,0,1,
interleaved_dynamic,370,3.816802,3,1,0,1,
interleaved_dynamic,371,2.921877,3,1,0,1,
interleaved_dynamic,372,2.63952,3,1,0,1,
interleaved_dynamic,373,4.281373,3,1,0,1,
interleaved_dynamic,374,5.403447,3,1,0,1,
interleaved_dynamic,375,3.688983,3,1,0,1,
interleaved_dynamic,376,2.361131,3,1,0,1,
interleaved_dynamic,377,14.175923,3,1,0,1,
interleaved_dynamic,378,2.510043,3,1,0,1,
interleaved_dynamic,379,36.583816,3,1,0,1,
interleaved_dynamic,380,3.967344,3,1,0,1,
interleaved_dynamic,381,3.419684,3,1,0,1,
interleaved_dynamic,382,6.048,3,1,0,1,
interleaved_dynamic,383,3.695734,3,1,0,1,
interleaved_dynamic,384,24.029097,3,1,0,1,
interleaved_dynamic,385,4.907177,3,1,0,1,
interleaved_dynamic,386,3.343743,3,1,0,1,
interleaved_dynamic,387,3.248782,3,1,0,1,
interleaved_dynamic,388,2.816332,3,1,0,1,
interleaved_dynamic,389,4.177046,3,1,0,1,
interleaved_dynamic,390,5.784024,3,1,0,1,
interleaved_dynamic,391,2.052746,3,1,0,1,
interleaved_dynamic,392,9.255358,3,1,0,1,
interleaved_dynamic,393,2.914395,3,1,0,1,
interleaved_dynamic,394,2.82139,3,1,0,1,
interleaved_dynamic,395,7.845272,3,1,0,1,
interleaved_dynamic,396,5.216832,3,1,0,1,
interleaved_dynamic,397,15.054195,3,1,0,1,
interleaved_dynamic,398,2.944298,3,1,0,1,
interleaved_dynamic,399,5.829727,3,1,0,1,
interleaved_dynamic,400,2.873187,3,1,0,1,
interleaved_dynamic,401,3.762723,3,1,0,1,
interleaved_dynamic,402,3.97041,3,1,0,1,
interleaved_dynamic,403,3.381924,3,1,0,1,
interleaved_dynamic,404,3.498697,3,1,0,1,
interleaved_dynamic,405,3.134675,3,1,0,1,
interleaved_dynamic,406,3.313335,3,1,0,1,
interleaved_dynamic,407,3.209632,3,1,0,1,
interleaved_dynamic,408,4.140983,3,1,0,1,
interleaved_dynamic,409,16.219416,3,1,0,1,
interleaved_dynamic,410,4.172713,3,1,0,1,
interleaved_dynamic,411,3.102046,3,1,0,1,
interleaved_dynamic,412,9.658893,3,1,0,1,
interleaved_dynamic,413,7.537954,3,1,0,1,
interleaved_dynamic,414,4.659166,3,1,0,1,
interleaved_dynamic,415,4.124469,3,1,0,1,
interleaved_dynamic,416,3.838422,3,1,0,1,
interleaved_dynamic,417,12.910816,3,1,0,1,
interleaved_dynamic,418,18.025784,3,1,0,1,
interleaved_dynamic,419,6.199876,3,1,0,1,
interleaved_dynamic,420,10.227136,3,1,0,1,
interleaved_dynamic,421,3.124379,3,1,0,1,
interleaved_dynamic,422,3.379687,3,1,0,1,
interleaved_dynamic,423,10.210253,3,1,0,1,
interleaved_dynamic,424,10.371537,3,1,0,1,
interleaved_dynamic,425,3.800651,3,1,0,1,
interleaved_dynamic,426,4.876686,3,1,0,1,
interleaved_dynamic,427,16.396867,3,1,0,1,
interleaved_dynamic,428,6.415652,3,1,0,1,
interleaved_dynamic,429,14.027518,3,1,0,1,
interleaved_dynamic,430,4.004624,3,1,0,1,
interleaved_dynamic,431,14.32569,3,1,0,1,
interleaved_dynamic,432,33.761897,3,1,0,1,
interleaved_dynamic,433,6.895662,3,1,0,1,
interleaved_dynamic,434,14.50422,3,1,0,1,
interleaved_dynamic,435,30.824405,3,1,0,1,
interleaved_dynamic,436,11.537873,3,1,0,1,
interleaved_dynamic,437,3.409684,3,1,0,1,
interleaved_dynamic,438,2.776361,3,1,0,1,
interleaved_dynamic,439,9.268515,3,1,0,1,
interleaved_dynamic,440,6.351751,3,1,0,1,
interleaved_dynamic,441,23.744851,3,1,0,1,
interleaved_dynamic,442,6.217535,3,1,0,1,
interleaved_dynamic,443,3.406874,3,1,0,1,
interleaved_dynamic,444,7.059133,3,1,0,1,
interleaved_dynamic,445,8.478751,3,1,0,1,
interleaved_dynamic,446,5.009554,3,1,0,1,
interleaved_dynamic,447,68.204383,3,1,0,1,
interleaved_dynamic,448,3.849302,3,1,0,1,
interleaved_dynamic,449,18.183387,3,1,0,1,
interleaved_dynamic,450,3.030572,3,1,0,1,
interleaved_dynamic,451,17.361979,3,1,0,1,
interleaved_dynamic,452,4.136952,3,1,0,1,
interleaved_dynamic,453,4.879542,3,1,0,1,
interleaved_dynamic,454,6.041065,3,1,0,1,
interleaved_dynamic,455,7.583025,3,1,0,1,
interleaved_dynamic,456,3.242418,3,1,0,1,
interleaved_dynamic,457,11.303514,3,1,0,1,
interleaved_dynamic,458,4.844607,3,1,0,1,
interleaved_dynamic,459,3.078309,3,1,0,1,
interleaved_dynamic,460,3.239026,3,1,0,1,
interleaved_dynamic,461,3.071948,3,1,0,1,
interleaved_dynamic,462,4.577321,3,1,0,1,
interleaved_dynamic,463,4.143549,3,1,0,1,
interleaved_dynamic,464,22.733446,3,1,0,1,
interleaved_dynamic,465,2.374283,3,1,0,1,
interleaved_dynamic,466,2.701221,3,1,0,1,
interleaved_dynamic,467,29.290359,3,1,0,1,
interleaved_dynamic,468,5.474944,3,1,0,1,
interleaved_dynamic,469,4.251735,3,1,0,1,
interleaved_dynamic,470,3.841697,3,1,0,1,
interleaved_dynamic,471,6.203966,3,1,0,1,
interleaved_dynamic,472,2.940452,3,1,0,1,
interleaved_dynamic,473,3.256608,3,1,0,1,
interleaved_dynamic,474,5.907897,3,1,0,1,
interleaved_dynamic,475,4.354966,3,1,0,1,
interleaved_dynamic,476,2.925678,3,1,0,1,
interleaved_dynamic,477,4.421026,3,1,0,1,
interleaved_dynamic,478,3.549042,3,1,0,1,
interleaved_dynamic,479,2.363848,3,1,0,1,
interleaved_dynamic,480,3.849243,3,1,0,1,
interleaved_dynamic,481,4.846699,3,1,0,1,
interleaved_dynamic,482,9.496249,3,1,0,1,
interleaved_dynamic,483,3.862332,3,1,0,1,
interleaved_dynamic,484,3.287352,3,1,0,1,
interleaved_dynamic,485,2.659803,3,1,0,1,
interleaved_dynamic,486,13.531565,3,1,0,1,
interleaved_dynamic,487,3.415764,3,1,0,1,
interleaved_dynamic,488,23.91693,3,1,0,1,
interleaved_dynamic,489,6.089339,3,1,0,1,
interleaved_dynamic,490,6.18746,3,1,0,1,
interleaved_dynamic,491,46.956113,3,1,0,1,
interleaved_dynamic,492,5.600175,3,1,0,1,
interleaved_dynamic,493,14.924565,3,1,0,1,
interleaved_dynamic,494,18.443622,3,1,0,1,
interleaved_dynamic,495,4.036674,3,1,0,1,
interleaved_dynamic,496,8.684684,3,1,0,1,
interleaved_dynamic,497,19.993552,3,1,0,1,
interleaved_dynamic,498,3.545018,3,1,0,1,
interleaved_dynamic,499,6.968589,3,1,0,1,
prediction_noise,0,0.813032,3,1,0,1,
prediction_noise,1,6.86759,3,0,1,1,
prediction_noise,2,6.20796,3,0,1,1,
prediction_noise,3,3.926235,3,1,0,1,
prediction_noise,4,13.76034,3,0,1,1,
prediction_noise,5,17.718205,3,0,1,1,
prediction_noise,6,8.208852,3,0,1,1,
prediction_noise,7,15.34922,3,0,1,1,
prediction_noise,8,140.001217,3,0,1,1,
prediction_noise,9,6.077543,3,0,1,1,
prediction_noise,10,5.007017,3,1,0,1,
prediction_noise,11,5.112362,3,1,0,1,
prediction_noise,12,5.880173,3,0,1,1,
prediction_noise,13,7.539556,3,0,1,1,
prediction_noise,14,0.789921,3,1,0,1,
prediction_noise,15,0.77983,3,1,0,1,
prediction_noise,16,7.881245,3,0,1,1,
prediction_noise,17,0.780574,3,1,0,1,
prediction_noise,18,11.86205,3,1,0,1,
prediction_noise,19,0.893956,3,1,0,1,
prediction_noise,20,5.208426,3,0,1,1,
prediction_noise,21,6.524132,3,0,1,1,
prediction_noise,22,6.342893,3,1,0,1,
prediction_noise,23,13.562811,3,1,1,1,
prediction_noise,24,0.776042,3,1,0,1,
prediction_noise,25,9.234254,3,1,0,1,
prediction_noise,26,2.181089,3,1,0,1,
prediction_noise,27,26.531943,3,1,0,1,
prediction_noise,28,7.352381,3,0,1,1,
prediction_noise,29,6.081361,3,0,1,1,
prediction_noise,30,6.275167,3,0,1,1,
prediction_noise,31,2.376293,3,0,1,1,
prediction_noise,32,0.801116,3,1,0,1,
prediction_noise,33,11.046441,3,0,1,1,
prediction_noise,34,5.84126,3,0,1,1,
prediction_noise,35,11.914313,3,0,1,1,
prediction_noise,36,0.792956,3,1,0,1,
prediction_noise,37,6.898025,3,0,1,1,
prediction_noise,38,5.777883,3,1,0,1,
prediction_noise,39,11.066074,3,0,1,1,
prediction_noise,40,6.912083,3,0,1,1,
prediction_noise,41,9.479799,3,0,1,1,
prediction_noise,42,6.076872,3,0,1,1,
prediction_noise,43,1.327976,3,1,0,1,
prediction_noise,44,3.665112,3,1,0,1,
prediction_noise,45,0.78174,3,1,0,1,
prediction_noise,46,10.204907,3,0,1,1,
prediction_noise,47,10.006637,3,0,1,1,
prediction_noise,48,6.622692,3,0,1,1,
prediction_noise,49,12.748292,3,0,1,1,
prediction_noise,50,5.698404,3,0,1,1,
prediction_noise,51,0.803867,3,1,0,1,
prediction_noise,52,3.322855,3,1,0,1,
prediction_noise,53,25.507867,3,0,1,1,
prediction_noise,54,0.784045,3,1,0,1,
prediction_noise,55,0.784244,3,1,0,1,
prediction_noise,56,6.48019,3,0,1,1,
prediction_noise,57,5.423982,3,0,1,1,
prediction_noise,58,0.794218,3,1,0,1,
prediction_noise,59,0.785658,3,1,0,1,
prediction_noise,60,6.459291,3,0,1,1,
prediction_noise,61,5.306774,3,1,0,1,
prediction_noise,62,8.293914,3,1,0,1,
prediction_noise,63,0.782895,3,1,0,1,
prediction_noise,64,2.833338,3,1,0,1,
prediction_noise,65,16.153031,3,0,1,1,
prediction_noise,66,14.109418,3,0,1,1,
prediction_noise,67,18.708594,3,1,0,1,
prediction_noise,68,8.881855,3,0,1,1,
prediction_noise,69,5.915414,3,1,0,1,
prediction_noise,70,4.009965,3,1,0,1,
prediction_noise,71,3.153916,3,1,0,1,
prediction_noise,72,4.307879,3,1,0,1,
prediction_noise,73,4.722331,3,1,0,1,
prediction_noise,74,5.032073,3,1,0,1,
prediction_noise,75,2.914661,3,1,0,1,
prediction_noise,76,12.102025,3,1,0,1,
prediction_noise,77,12.755404,3,0,1,1,
prediction_noise,78,10.218741,3,0,1,1,
prediction_noise,79,12.183238,3,0,1,1,
prediction_noise,80,3.334224,3,1,0,1,
prediction_noise,81,0.781442,3,1,0,1,
prediction_noise,82,0.781132,3,1,0,1,
prediction_noise,83,0.790439,3,1,0,1,
prediction_noise,84,3.499273,3,1,0,1,
prediction_noise,85,6.895952,3,0,1,1,
prediction_noise,86,14.657707,3,0,1,1,
prediction_noise,87,2.677299,3,1,0,1,
prediction_noise,88,0.777816,3,1,0,1,
prediction_noise,89,3.560235,3,1,0,1,
prediction_noise,90,25.951249,3,1,0,1,
prediction_noise,91,5.576519,3,0,1,1,
prediction_noise,92,8.016586,3,1,0,1,
prediction_noise,93,7.780772,3,0,1,1,
prediction_noise,94,8.891864,3,0,1,1,
prediction_noise,95,1.512395,3,1,0,1,
prediction_noise,96,0.938931,3,1,0,1,
prediction_noise,97,13.055944,3,0,1,1,
prediction_noise,98,8.098994,3,0,1,1,
prediction_noise,99,7.10565,3,1,0,1,
prediction_noise,100,3.792458,3,1,0,1,
prediction_noise,101,20.309761,3,0,1,1,
prediction_noise,102,6.467697,3,0,1,1,
prediction_noise,103,7.529715,3,0,1,1,
prediction_noise,104,0.94035,3,1,0,1,
prediction_noise,105,3.261886,3,0,1,1,
prediction_noise,106,3.755934,3,1,0,1,
prediction_noise,107,0.941549,3,1,0,1,
prediction_noise,108,4.915037,3,1,0,1,
prediction_noise,109,6.426929,3,0,1,1,
prediction_noise,110,8.266813,3,0,1,1,
prediction_noise,111,20.57906,3,0,1,1,
prediction_noise,112,5.994477,3,0,1,1,
prediction_noise,113,8.065485,3,1,0,1,
prediction_noise,114,11.9338,3,1,0,1,
prediction_noise,115,0.833857,3,1,0,1,
prediction_noise,116,0.832025,3,1,0,1,
prediction_noise,117,8.739339,3,0,1,1,
prediction_noise,118,3.794283,3,1,0,1,
prediction_noise,119,2.221572,3,1,0,1,
prediction_noise,120,6.108368,3,0,1,1,
prediction_noise,121,6.451626,3,0,1,1,
prediction_noise,122,6.477324,3,0,1,1,
prediction_noise,123,7.329174,3,0,1,1,
prediction_noise,124,13.555145,3,0,1,1,
prediction_noise,125,13.646766,3,0,1,1,
prediction_noise,126,7.781856,3,0,1,1,
prediction_noise,127,17.216262,3,0,1,1,
prediction_noise,128,11.578997,3,1,0,1,
prediction_noise,129,20.584967,3,1,0,1,
prediction_noise,130,6.972949,3,0,1,1,
prediction_noise,131,0.783271,3,1,0,1,
prediction_noise,132,4.36665,3,1,0,1,
prediction_noise,133,7.313449,3,0,1,1,
prediction_noise,134,6.883655,3,0,1,1,
prediction_noise,135,11.130944,3,0,1,1,
prediction_noise,136,14.304206,3,0,1,1,
prediction_noise,137,6.898524,3,0,1,1,
prediction_noise,138,13.173374,3,1,0,1,
prediction_noise,139,5.967315,3,1,0,1,
prediction_noise,140,6.860852,3,0,1,1,
prediction_noise,141,6.571315,3,0,1,1,
prediction_noise,142,5.993587,3,0,1,1,
prediction_noise,143,4.134275,3,1,0,1,
prediction_noise,144,1.431298,3,1,0,1,
prediction_noise,145,20.998289,3,0,1,1,
prediction_noise,146,0.784018,3,1,0,1,
prediction_noise,147,0.783401,3,1,0,1,
prediction_noise,148,3.148314,3,1,0,1,
prediction_noise,149,6.924695,3,0,1,1,
prediction_noise,150,27.60002,3,0,1,1,
prediction_noise,151,6.487525,3,1,0,1,
prediction_noise,152,6.059411,3,0,1,1,
prediction_noise,153,6.471975,3,0,1,1,
prediction_noise,154,0.784631,3,1,0,1,
prediction_noise,155,5.098201,3,1,0,1,
prediction_noise,156,3.325149,3,1,0,1,
prediction_noise,157,9.176657,3,1,1,1,
prediction_noise,158,5.854676,3,0,1,1,
prediction_noise,159,2.897656,3,1,0,1,
prediction_noise,160,4.576521,3,0,1,1,
prediction_noise,161,6.463176,3,0,1,1,
prediction_noise,162,27.046012,3,1,0,1,
prediction_noise,163,0.783101,3,1,0,1,
prediction_noise,164,7.306044,3,0,1,1,
prediction_noise,165,11.25,3,0,1,1,
prediction_noise,166,2.275824,3,1,0,1,
prediction_noise,167,25.151997,3,0,1,1,
prediction_noise,168,6.113298,3,1,0,1,
prediction_noise,169,2.906521,3,0,1,1,
prediction_noise,170,2.147378,3,1,0,1,
prediction_noise,171,6.292186,3,0,1,1,
prediction_noise,172,12.334506,3,1,0,1,
prediction_noise,173,28.159285,3,1,0,1,
prediction_noise,174,7.309293,3,0,1,1,
prediction_noise,175,7.745297,3,0,1,1,
prediction_noise,176,17.588186,3,0,1,1,
prediction_noise,177,6.463586,3,0,1,1,
prediction_noise,178,8.212336,3,0,1,1,
prediction_noise,179,12.197021,3,0,1,1,
prediction_noise,180,13.698095,3,0,1,1,
prediction_noise,181,12.08265,3,1,0,1,
prediction_noise,182,0.780384,3,1,0,1,
prediction_noise,183,23.454099,3,1,1,1,
prediction_noise,184,12.589857,3,0,1,1,
prediction_noise,185,11.617131,3,0,1,1,
prediction_noise,186,15.623621,3,0,1,1,
prediction_noise,187,6.92195,3,0,1,1,
prediction_noise,188,13.238539,3,0,1,1,
prediction_noise,189,9.385863,3,0,1,1,
prediction_noise,190,6.675049,3,0,1,1,
prediction_noise,191,6.043994,3,0,1,1,
prediction_noise,192,4.593064,3,0,1,1,
prediction_noise,193,3.513665,3,1,0,1,
prediction_noise,194,0.88793,3,1,0,1,
prediction_noise,195,6.073035,3,0,1,1,
prediction_noise,196,6.882175,3,0,1,1,
prediction_noise,197,9.057389,3,1,0,1,
prediction_noise,198,14.071423,3,1,0,1,
prediction_noise,199,14.302538,3,0,1,1,
prediction_noise,200,3.536193,3,1,0,1,
prediction_noise,201,4.852032,3,1,0,1,
prediction_noise,202,0.786812,3,1,0,1,
prediction_noise,203,10.14746,3,0,1,1,
prediction_noise,204,0.888752,3,1,0,1,
prediction_noise,205,6.896399,3,0,1,1,
prediction_noise,206,10.941075,3,0,1,1,
prediction_noise,207,13.748507,3,0,1,1,
prediction_noise,208,6.247891,3,0,1,1,
prediction_noise,209,7.019473,3,1,0,1,
prediction_noise,210,2.49883,3,1,0,1,
prediction_noise,211,6.280382,3,0,1,1,
prediction_noise,212,0.779412,3,1,0,1,
prediction_noise,213,0.774485,3,1,0,1,
prediction_noise,214,2.79002,3,1,0,1,
prediction_noise,215,4.983802,3,0,1,1,
prediction_noise,216,7.309902,3,0,1,1,
prediction_noise,217,154.1154,3,1,0,1,
prediction_noise,218,7.747048,3,1,0,1,
prediction_noise,219,12.052508,3,0,1,1,
prediction_noise,220,10.161725,3,0,1,1,
prediction_noise,221,2.932802,3,1,0,1,
prediction_noise,222,2.800309,3,1,0,1,
prediction_noise,223,10.681417,3,0,1,1,
prediction_noise,224,6.575491,3,0,1,1,
prediction_noise,225,7.73986,3,0,1,1,
prediction_noise,226,1.391538,3,1,0,1,
prediction_noise,227,5.10874,3,1,0,1,
prediction_noise,228,2.184439,3,1,0,1,
prediction_noise,229,6.380657,3,1,0,1,
prediction_noise,230,6.824025,3,1,0,1,
prediction_noise,231,2.511418,3,0,1,1,
prediction_noise,232,0.781991,3,1,0,1,
prediction_noise,233,14.660446,3,0,1,1,
prediction_noise,234,5.649195,3,0,1,1,
prediction_noise,235,15.262664,3,0,1,1,
prediction_noise,236,5.093345,3,0,1,1,
prediction_noise,237,5.311105,3,1,0,1,
prediction_noise,238,6.911638,3,0,1,1,
prediction_noise,239,7.924312,3,0,1,1,
prediction_noise,240,9.362583,3,0,1,1,
prediction_noise,241,7.634798,3,0,1,1,
prediction_noise,242,4.158958,3,1,0,1,
prediction_noise,243,5.697567,3,1,0,1,
prediction_noise,244,9.769442,3,0,1,1,
prediction_noise,245,12.140809,3,0,1,1,
prediction_noise,246,3.177384,3,1,0,1,
prediction_noise,247,0.785807,3,1,0,1,
prediction_noise,248,4.127673,3,1,0,1,
prediction_noise,249,0.804858,3,1,0,1,
prediction_noise,250,12.434357,3,0,1,1,
prediction_noise,251,13.497013,3,0,1,1,
prediction_noise,252,5.592409,3,0,1,1,
prediction_noise,253,5.543071,3,0,1,1,
prediction_noise,254,5.713025,3,0,1,1,
prediction_noise,255,2.237988,3,1,0,1,
prediction_noise,256,0.807972,3,1,0,1,
prediction_noise,257,6.200815,3,0,1,1,
prediction_noise,258,3.786517,3,1,0,1,
prediction_noise,259,0.784213,3,1,0,1,
prediction_noise,260,9.212152,3,1,0,1,
prediction_noise,261,5.641678,3,0,1,1,
prediction_noise,262,0.783379,3,1,0,1,
prediction_noise,263,0.781434,3,1,0,1,
prediction_noise,264,5.823427,3,0,1,1,
prediction_noise,265,0.784382,3,1,0,1,
prediction_noise,266,2.90617,3,1,0,1,
prediction_noise,267,5.664725,3,0,1,1,
prediction_noise,268,5.830459,3,1,0,1,
prediction_noise,269,0.78265,3,1,0,1,
prediction_noise,270,7.583121,3,0,1,1,
prediction_noise,271,23.352468,3,1,0,1,
prediction_noise,272,0.892341,3,1,0,1,
prediction_noise,273,2.490987,3,1,0,1,
prediction_noise,274,2.677109,3,1,0,1,
prediction_noise,275,6.053257,3,0,1,1,
prediction_noise,276,15.172858,3,0,1,1,
prediction_noise,277,13.265056,3,0,1,1,
prediction_noise,278,0.88872,3,1,0,1,
prediction_noise,279,16.551767,3,0,1,1,
prediction_noise,280,5.649796,3,0,1,1,
prediction_noise,281,8.014773,3,0,1,1,
prediction_noise,282,10.134232,3,0,1,1,
prediction_noise,283,8.853938,3,0,1,1,
prediction_noise,284,0.787788,3,1,0,1,
prediction_noise,285,0.781821,3,1,0,1,
prediction_noise,286,10.284278,3,1,1,1,
prediction_noise,287,13.04748,3,0,1,1,
prediction_noise,288,4.987256,3,1,0,1,
prediction_noise,289,0.88701,3,1,0,1,
prediction_noise,290,7.716632,3,0,1,1,
prediction_noise,291,7.981857,3,0,1,1,
prediction_noise,292,5.633584,3,0,1,1,
prediction_noise,293,0.784569,3,1,0,1,
prediction_noise,294,5.623016,3,0,1,1,
prediction_noise,295,3.102282,3,1,0,1,
prediction_noise,296,258.310017,3,1,1,1,
prediction_noise,297,4.080642,3,1,0,1,
prediction_noise,298,3.212737,3,1,0,1,
prediction_noise,299,20.207395,3,0,1,1,
prediction_noise,300,3.025589,3,1,0,1,
prediction_noise,301,18.792329,3,0,1,1,
prediction_noise,302,7.904208,3,0,1,1,
prediction_noise,303,0.786374,3,1,0,1,
prediction_noise,304,2.787499,3,1,0,1,
prediction_noise,305,2.699093,3,0,1,1,
prediction_noise,306,0.781648,3,1,0,1,
prediction_noise,307,7.356745,3,0,1,1,
prediction_noise,308,2.924016,3,1,0,1,
prediction_noise,309,53.147225,3,1,0,1,
prediction_noise,310,14.139928,3,0,1,1,
prediction_noise,311,18.429317,3,0,1,1,
prediction_noise,312,11.755746,3,0,1,1,
prediction_noise,313,0.781059,3,1,0,1,
prediction_noise,314,8.310551,3,0,1,1,
prediction_noise,315,8.300914,3,0,1,1,
prediction_noise,316,11.657345,3,0,1,1,
prediction_noise,317,20.826922,3,0,1,1,
prediction_noise,318,7.735474,3,0,1,1,
prediction_noise,319,0.791811,3,1,0,1,
prediction_noise,320,6.040158,3,0,1,1,
prediction_noise,321,5.407422,3,0,1,1,
prediction_noise,322,6.885121,3,0,1,1,
prediction_noise,323,6.457957,3,0,1,1,
prediction_noise,324,7.620962,3,1,0,1,
prediction_noise,325,6.724015,3,0,1,1,
prediction_noise,326,0.908822,3,1,0,1,
prediction_noise,327,15.674094,3,1,0,1,
prediction_noise,328,7.388986,3,1,0,1,
prediction_noise,329,0.781495,3,1,0,1,
prediction_noise,330,0.884255,3,1,0,1,
prediction_noise,331,0.780653,3,1,0,1,
prediction_noise,332,0.782542,3,1,0,1,
prediction_noise,333,14.887397,3,0,1,1,
prediction_noise,334,3.120796,3,1,0,1,
prediction_noise,335,6.890114,3,0,1,1,
prediction_noise,336,9.567475,3,1,0,1,
prediction_noise,337,0.797347,3,1,0,1,
prediction_noise,338,13.385091,3,0,1,1,
prediction_noise,339,10.975031,3,0,1,1,
prediction_noise,340,0.780089,3,1,0,1,
prediction_noise,341,5.624218,3,0,1,1,
prediction_noise,342,26.66339,3,1,0,1,
prediction_noise,343,0.778584,3,1,0,1,
prediction_noise,344,3.10686,3,0,1,1,
prediction_noise,345,8.639051,3,0,1,1,
prediction_noise,346,5.27639,3,1,0,1,
prediction_noise,347,10.773541,3,0,1,1,
prediction_noise,348,16.712299,3,0,1,1,
prediction_noise,349,0.801629,3,1,0,1,
prediction_noise,350,6.046736,3,0,1,1,
prediction_noise,351,6.699406,3,1,0,1,
prediction_noise,352,10.290148,3,0,1,1,
prediction_noise,353,3.142764,3,0,1,1,
prediction_noise,354,15.648447,3,1,0,1,
prediction_noise,355,11.814613,3,0,1,1,
prediction_noise,356,13.196841,3,0,1,1,
prediction_noise,357,0.804098,3,1,0,1,
prediction_noise,358,12.300987,3,0,1,1,
prediction_noise,359,0.784506,3,1,0,1,
prediction_noise,360,0.788228,3,1,0,1,
prediction_noise,361,19.486168,3,1,0,1,
prediction_noise,362,4.079727,3,1,0,1,
prediction_noise,363,20.953742,3,0,1,1,
prediction_noise,364,8.067302,3,1,0,1,
prediction_noise,365,0.777405,3,1,0,1,
prediction_noise,366,5.661529,3,0,1,1,
prediction_noise,367,2.480765,3,1,0,1,
prediction_noise,368,0.780163,3,1,0,1,
prediction_noise,369,7.14743,3,0,1,1,
prediction_noise,370,13.95401,3,0,1,1,
prediction_noise,371,1.318918,3,1,0,1,
prediction_noise,372,6.042007,3,0,1,1,
prediction_noise,373,0.782468,3,1,0,1,
prediction_noise,374,18.020111,3,0,1,1,
prediction_noise,375,5.538594,3,1,0,1,
prediction_noise,376,3.137861,3,1,0,1,
prediction_noise,377,8.729215,3,0,1,1,
prediction_noise,378,0.784218,3,1,0,1,
prediction_noise,379,5.2202,3,1,0,1,
prediction_noise,380,6.353666,3,0,1,1,
prediction_noise,381,8.130217,3,1,0,1,
prediction_noise,382,6.066028,3,0,1,1,
prediction_noise,383,2.475774,3,1,0,1,
prediction_noise,384,0.785821,3,1,0,1,
prediction_noise,385,13.67555,3,0,1,1,
prediction_noise,386,13.740428,3,0,1,1,
prediction_noise,387,3.458405,3,1,0,1,
prediction_noise,388,6.728767,3,0,1,1,
prediction_noise,389,5.610389,3,1,0,1,
prediction_noise,390,0.776723,3,1,0,1,
prediction_noise,391,10.939482,3,1,0,1,
prediction_noise,392,5.70313,3,1,0,1,
prediction_noise,393,9.066092,3,1,0,1,
prediction_noise,394,0.776873,3,1,0,1,
prediction_noise,395,9.071616,3,0,1,1,
prediction_noise,396,0.884626,3,1,0,1,
prediction_noise,397,17.574353,3,0,1,1,
prediction_noise,398,18.799222,3,1,1,1,
prediction_noise,399,15.858669,3,0,1,1,
prediction_noise,400,0.782271,3,1,0,1,
prediction_noise,401,0.782212,3,1,0,1,
prediction_noise,402,0.781636,3,1,0,1,
prediction_noise,403,5.638328,3,1,0,1,
prediction_noise,404,6.918298,3,0,1,1,
prediction_noise,405,32.197097,3,0,1,1,
prediction_noise,406,22.064158,3,1,0,1,
prediction_noise,407,3.339983,3,1,0,1,
prediction_noise,408,0.775068,3,1,0,1,
prediction_noise,409,5.629393,3,0,1,1,
prediction_noise,410,10.319065,3,0,1,1,
prediction_noise,411,11.277773,3,0,1,1,
prediction_noise,412,0.785678,3,1,0,1,
prediction_noise,413,5.633919,3,0,1,1,
prediction_noise,414,7.146534,3,0,1,1,
prediction_noise,415,5.422604,3,0,1,1,
prediction_noise,416,7.676156,3,0,1,1,
prediction_noise,417,6.466613,3,0,1,1,
prediction_noise,418,4.401948,3,1,0,1,
prediction_noise,419,3.325135,3,1,0,1,
prediction_noise,420,3.627521,3,1,0,1,
prediction_noise,421,0.780599,3,1,0,1,
prediction_noise,422,3.40929,3,1,0,1,
prediction_noise,423,12.606192,3,0,1,1,
prediction_noise,424,13.055757,3,0,1,1,
prediction_noise,425,9.984425,3,0,1,1,
prediction_noise,426,22.365174,3,1,0,1,
prediction_noise,427,9.220243,3,1,0,1,
prediction_noise,428,6.078332,3,0,1,1,
prediction_noise,429,0.812923,3,1,0,1,
prediction_noise,430,10.335277,3,0,1,1,
prediction_noise,431,1.663063,3,1,0,1,
prediction_noise,432,0.804504,3,1,0,1,
prediction_noise,433,6.632037,3,0,1,1,
prediction_noise,434,5.660028,3,0,1,1,
prediction_noise,435,15.859686,3,0,1,1,
prediction_noise,436,11.471517,3,0,1,1,
prediction_noise,437,12.153953,3,0,1,1,
prediction_noise,438,0.781879,3,1,0,1,
prediction_noise,439,7.299255,3,0,1,1,
prediction_noise,440,16.333505,3,1,1,1,
prediction_noise,441,7.012286,3,0,1,1,
prediction_noise,442,5.283577,3,0,1,1,
prediction_noise,443,26.717462,3,1,0,1,
prediction_noise,444,5.678236,3,0,1,1,
prediction_noise,445,8.689881,3,0,1,1,
prediction_noise,446,13.983394,3,0,1,1,
prediction_noise,447,0.802904,3,1,0,1,
prediction_noise,448,35.985854,3,1,1,1,
prediction_noise,449,7.081118,3,0,1,1,
prediction_noise,450,2.598902,3,1,0,1,
prediction_noise,451,6.480602,3,0,1,1,
prediction_noise,452,0.781342,3,1,0,1,
prediction_noise,453,12.863016,3,0,1,1,
prediction_noise,454,11.456358,3,1,0,1,
prediction_noise,455,0.776186,3,1,0,1,
prediction_noise,456,12.241614,3,0,1,1,
prediction_noise,457,17.929434,3,1,1,1,
prediction_noise,458,0.778355,3,1,0,1,
prediction_noise,459,0.780617,3,1,0,1,
prediction_noise,460,22.235454,3,0,1,1,
prediction_noise,461,6.473898,3,0,1,1,
prediction_noise,462,11.371384,3,0,1,1,
prediction_noise,463,12.220372,3,0,1,1,
prediction_noise,464,14.113347,3,0,1,1,
prediction_noise,465,12.865404,3,1,0,1,
prediction_noise,466,12.307116,3,0,1,1,
prediction_noise,467,5.394253,3,1,0,1,
prediction_noise,468,37.958188,3,0,1,1,
prediction_noise,469,0.7819,3,1,0,1,
prediction_noise,470,0.787839,3,1,0,1,
prediction_noise,471,8.303386,3,0,1,1,
prediction_noise,472,6.476084,3,0,1,1,
prediction_noise,473,0.788204,3,1,0,1,
prediction_noise,474,0.88533,3,1,0,1,
prediction_noise,475,2.724801,3,1,0,1,
prediction_noise,476,0.88965,3,1,0,1,
prediction_noise,477,5.392002,3,0,1,1,
prediction_noise,478,38.435648,3,0,1,1,
prediction_noise,479,0.778119,3,1,0,1,
prediction_noise,480,20.139045,3,1,0,1,
prediction_noise,481,0.804783,3,1,0,1,
prediction_noise,482,0.778459,3,1,0,1,
prediction_noise,483,3.033747,3,1,0,1,
prediction_noise,484,0.784574,3,1,0,1,
prediction_noise,485,3.66975,3,1,0,1,
prediction_noise,486,6.057901,3,0,1,1,
prediction_noise,487,46.410083,3,1,0,1,
prediction_noise,488,0.78155,3,1,0,1,
prediction_noise,489,3.03144,3,0,1,1,
prediction_noise,490,7.094607,3,0,1,1,
prediction_noise,491,14.982937,3,0,1,1,
prediction_noise,492,0.782685,3,1,0,1,
prediction_noise,493,6.477929,3,0,1,1,
prediction_noise,494,2.36544,3,1,0,1,
prediction_noise,495,0.787817,3,1,0,1,
prediction_noise,496,0.786532,3,1,0,1,
prediction_noise,497,11.936738,3,0,1,1,
prediction_noise,498,6.464068,3,0,1,1,
prediction_noise,499,0.776832,3,1,0,1,
delayed_crossing,0,6.6766,3,1,0,1,
delayed_crossing,1,5.586791,3,1,0,1,
delayed_crossing,2,3.706557,3,1,0,1,
delayed_crossing,3,9.680777,3,1,0,1,
delayed_crossing,4,20.961468,3,1,0,1,
delayed_crossing,5,16.534574,3,1,0,1,
delayed_crossing,6,12.639179,3,1,0,1,
delayed_crossing,7,7.439815,3,1,0,1,
delayed_crossing,8,32.219604,3,1,0,1,
delayed_crossing,9,3.280869,3,1,0,1,
delayed_crossing,10,2.25968,3,1,0,1,
delayed_crossing,11,13.804808,3,1,0,1,
delayed_crossing,12,245.289709,3,0,1,1,
delayed_crossing,13,12.229862,3,0,1,1,
delayed_crossing,14,7.64157,3,1,0,1,
delayed_crossing,15,4.008759,3,1,0,1,
delayed_crossing,16,43.403094,3,1,0,1,
delayed_crossing,17,13.768478,3,1,0,1,
delayed_crossing,18,7.414181,3,1,0,1,
delayed_crossing,19,5.164271,3,1,0,1,
delayed_crossing,20,2.217927,3,1,0,1,
delayed_crossing,21,7.064586,3,1,0,1,
delayed_crossing,22,17.884431,3,1,1,1,
delayed_crossing,23,11.377145,3,1,0,1,
delayed_crossing,24,451.441571,3,0,1,1,
delayed_crossing,25,8.778429,3,1,0,1,
delayed_crossing,26,9.508055,3,1,0,1,
delayed_crossing,27,457.688807,3,0,1,1,
delayed_crossing,28,130.981855,3,1,0,1,
delayed_crossing,29,3.804003,3,1,0,1,
delayed_crossing,30,19.241468,3,1,1,1,
delayed_crossing,31,16.979025,3,1,0,1,
delayed_crossing,32,4.018275,3,1,0,1,
delayed_crossing,33,9.598577,3,1,0,1,
delayed_crossing,34,23.259073,3,1,0,1,
delayed_crossing,35,5.471703,3,1,0,1,
delayed_crossing,36,18.020112,3,1,0,1,
delayed_crossing,37,177.20137,3,1,1,1,
delayed_crossing,38,5.143834,3,1,0,1,
delayed_crossing,39,15.626648,3,1,0,1,
delayed_crossing,40,7.66575,3,1,0,1,
delayed_crossing,41,4.917909,3,1,0,1,
delayed_crossing,42,9.928589,3,1,0,1,
delayed_crossing,43,10.647822,3,1,0,1,
delayed_crossing,44,3.764264,3,1,0,1,
delayed_crossing,45,3.467639,3,1,0,1,
delayed_crossing,46,17.926889,3,1,1,1,
delayed_crossing,47,78.09658,3,1,0,1,
delayed_crossing,48,17.241933,3,1,0,1,
delayed_crossing,49,3.687258,3,1,0,1,
delayed_crossing,50,1.670588,3,1,0,1,
delayed_crossing,51,22.859475,3,1,0,1,
delayed_crossing,52,21.3597,3,1,0,1,
delayed_crossing,53,23.366102,3,1,0,1,
delayed_crossing,54,12.002866,3,1,0,1,
delayed_crossing,55,5.229178,3,1,0,1,
delayed_crossing,56,11.292152,3,1,0,1,
delayed_crossing,57,5.631896,3,1,0,1,
delayed_crossing,58,1.649871,3,1,0,1,
delayed_crossing,59,7.786778,3,1,0,1,
delayed_crossing,60,9.633441,3,1,0,1,
delayed_crossing,61,29.151857,3,0,1,1,
delayed_crossing,62,9.752283,3,1,0,1,
delayed_crossing,63,2.047744,3,1,0,1,
delayed_crossing,64,5.774058,3,1,0,1,
delayed_crossing,65,270.374052,3,0,1,1,
delayed_crossing,66,5.304119,3,1,0,1,
delayed_crossing,67,6.728646,3,1,0,1,
delayed_crossing,68,8.336891,3,1,0,1,
delayed_crossing,69,4.002633,3,1,0,1,
delayed_crossing,70,41.170594,3,1,1,1,
delayed_crossing,71,7.180451,3,1,0,1,
delayed_crossing,72,56.545319,3,1,0,1,
delayed_crossing,73,10.59572,3,1,0,1,
delayed_crossing,74,23.693159,3,1,0,1,
delayed_crossing,75,4.002413,3,1,0,1,
delayed_crossing,76,6.068534,3,1,0,1,
delayed_crossing,77,1.753428,3,1,0,1,
delayed_crossing,78,24.653423,3,1,1,1,
delayed_crossing,79,11.164419,3,1,0,1,
delayed_crossing,80,8.605752,3,1,0,1,
delayed_crossing,81,6.888715,3,1,0,1,
delayed_crossing,82,8.195882,3,1,0,1,
delayed_crossing,83,18.428498,3,0,1,1,
delayed_crossing,84,4.27028,3,1,0,1,
delayed_crossing,85,37.753561,3,1,0,1,
delayed_crossing,86,7.837395,3,1,0,1,
delayed_crossing,87,13.14691,3,1,0,1,
delayed_crossing,88,67.489434,3,1,0,1,
delayed_crossing,89,8.657882,3,1,0,1,
delayed_crossing,90,0.984352,3,1,0,1,
delayed_crossing,91,3.752902,3,1,0,1,
delayed_crossing,92,58.374587,3,1,1,1,
delayed_crossing,93,2.521689,3,1,0,1,
delayed_crossing,94,9.487304,3,1,0,1,
delayed_crossing,95,3.838442,3,1,0,1,
delayed_crossing,96,6.46562,3,1,0,1,
delayed_crossing,97,7.098364,3,1,0,1,
delayed_crossing,98,75.57746,3,1,1,1,
delayed_crossing,99,25.871222,3,1,0,1,
delayed_crossing,100,9.136989,3,1,0,1,
delayed_crossing,101,1.83642,3,1,0,1,
delayed_crossing,102,9.845397,3,1,0,1,
delayed_crossing,103,5.525359,3,1,0,1,
delayed_crossing,104,28.451987,3,1,1,1,
delayed_crossing,105,5.618541,3,1,0,1,
delayed_crossing,106,9.133114,3,1,0,1,
delayed_crossing,107,4.570328,3,1,0,1,
delayed_crossing,108,3.637905,3,1,0,1,
delayed_crossing,109,7.737817,3,1,0,1,
delayed_crossing,110,3.40876,3,1,0,1,
delayed_crossing,111,21.413983,3,1,0,1,
delayed_crossing,112,22.17932,3,1,0,1,
delayed_crossing,113,6.669403,3,1,0,1,
delayed_crossing,114,8.004192,3,1,0,1,
delayed_crossing,115,19.654828,3,1,0,1,
delayed_crossing,116,19.249677,3,1,0,1,
delayed_crossing,117,8.056483,3,1,0,1,
delayed_crossing,118,8.051371,3,1,0,1,
delayed_crossing,119,13.730443,3,1,0,1,
delayed_crossing,120,8.351039,3,1,0,1,
delayed_crossing,121,2.310317,3,1,0,1,
delayed_crossing,122,457.013859,3,0,1,1,
delayed_crossing,123,13.428416,3,1,0,1,
delayed_crossing,124,8.339383,3,1,0,1,
delayed_crossing,125,7.156753,3,1,0,1,
delayed_crossing,126,14.137056,3,0,1,1,
delayed_crossing,127,35.379407,3,1,0,1,
delayed_crossing,128,7.738574,3,1,0,1,
delayed_crossing,129,6.30315,3,1,0,1,
delayed_crossing,130,3.170389,3,1,0,1,
delayed_crossing,131,4.37309,3,1,0,1,
delayed_crossing,132,6.775309,3,1,0,1,
delayed_crossing,133,11.105751,3,0,1,1,
delayed_crossing,134,10.379514,3,1,0,1,
delayed_crossing,135,6.612953,3,1,0,1,
delayed_crossing,136,11.6322,3,1,0,1,
delayed_crossing,137,18.456954,3,1,0,1,
delayed_crossing,138,3.529521,3,1,0,1,
delayed_crossing,139,155.686998,3,1,0,1,
delayed_crossing,140,4.94751,3,1,0,1,
delayed_crossing,141,2.649554,3,1,0,1,
delayed_crossing,142,3.935101,3,1,0,1,
delayed_crossing,143,226.254781,3,0,1,1,
delayed_crossing,144,15.361135,3,1,0,1,
delayed_crossing,145,3.629714,3,1,0,1,
delayed_crossing,146,3.749391,3,1,0,1,
delayed_crossing,147,19.50549,3,1,0,1,
delayed_crossing,148,11.424365,3,1,0,1,
delayed_crossing,149,12.634056,3,1,0,1,
delayed_crossing,150,14.226462,3,1,0,1,
delayed_crossing,151,33.30631,3,1,0,1,
delayed_crossing,152,16.34656,3,1,0,1,
delayed_crossing,153,1.849522,3,1,0,1,
delayed_crossing,154,3.134372,3,1,0,1,
delayed_crossing,155,5.370636,3,1,0,1,
delayed_crossing,156,15.595353,3,1,0,1,
delayed_crossing,157,2.069738,3,1,0,1,
delayed_crossing,158,3.446736,3,1,0,1,
delayed_crossing,159,7.309978,3,1,0,1,
delayed_crossing,160,26.182283,3,1,0,1,
delayed_crossing,161,49.569604,3,1,0,1,
delayed_crossing,162,81.571083,3,1,0,1,
delayed_crossing,163,1.582486,3,1,0,1,
delayed_crossing,164,7.796282,3,1,0,1,
delayed_crossing,165,23.175704,3,1,0,1,
delayed_crossing,166,5.616398,3,1,0,1,
delayed_crossing,167,15.024279,3,1,0,1,
delayed_crossing,168,31.456163,3,0,1,1,
delayed_crossing,169,8.540132,3,1,0,1,
delayed_crossing,170,19.063514,3,1,0,1,
delayed_crossing,171,22.168454,3,1,0,1,
delayed_crossing,172,3.093797,3,1,0,1,
delayed_crossing,173,2.692324,3,1,0,1,
delayed_crossing,174,3.758535,3,1,0,1,
delayed_crossing,175,6.153772,3,1,0,1,
delayed_crossing,176,10.915965,3,1,0,1,
delayed_crossing,177,8.772,3,1,0,1,
delayed_crossing,178,7.114787,3,1,0,1,
delayed_crossing,179,8.470694,3,1,0,1,
delayed_crossing,180,11.236536,3,1,0,1,
delayed_crossing,181,2.705162,3,1,0,1,
delayed_crossing,182,1.782084,3,1,0,1,
delayed_crossing,183,58.647611,3,1,0,1,
delayed_crossing,184,21.605546,3,1,0,1,
delayed_crossing,185,2.641033,3,1,0,1,
delayed_crossing,186,2.810781,3,1,0,1,
delayed_crossing,187,29.922009,3,1,0,1,
delayed_crossing,188,6.78735,3,1,0,1,
delayed_crossing,189,35.916926,3,1,0,1,
delayed_crossing,190,2.807138,3,1,0,1,
delayed_crossing,191,19.947971,3,1,0,1,
delayed_crossing,192,3.722294,3,1,0,1,
delayed_crossing,193,18.271714,3,1,1,1,
delayed_crossing,194,13.512136,3,1,0,1,
delayed_crossing,195,5.397533,3,1,0,1,
delayed_crossing,196,243.477287,3,1,1,1,
delayed_crossing,197,5.226914,3,1,0,1,
delayed_crossing,198,5.05567,3,1,0,1,
delayed_crossing,199,78.46648,3,1,0,1,
delayed_crossing,200,19.894324,3,0,1,1,
delayed_crossing,201,65.983297,3,1,1,1,
delayed_crossing,202,2.714924,3,1,0,1,
delayed_crossing,203,2.770075,3,1,0,1,
delayed_crossing,204,4.383057,3,1,0,1,
delayed_crossing,205,9.655174,3,1,0,1,
delayed_crossing,206,7.160192,3,1,0,1,
delayed_crossing,207,61.080555,3,1,0,1,
delayed_crossing,208,7.982005,3,1,0,1,
delayed_crossing,209,404.372405,3,0,1,1,
delayed_crossing,210,5.807298,3,1,0,1,
delayed_crossing,211,458.043717,3,0,1,1,
delayed_crossing,212,406.608742,3,0,1,1,
delayed_crossing,213,6.194995,3,1,0,1,
delayed_crossing,214,13.708021,3,1,0,1,
delayed_crossing,215,2.701112,3,1,0,1,
delayed_crossing,216,35.332726,3,1,0,1,
delayed_crossing,217,4.080211,3,1,0,1,
delayed_crossing,218,2.180221,3,1,0,1,
delayed_crossing,219,19.690337,3,1,0,1,
delayed_crossing,220,1.927112,3,1,0,1,
delayed_crossing,221,3.913051,3,1,0,1,
delayed_crossing,222,30.422912,3,1,0,1,
delayed_crossing,223,98.014569,3,1,1,1,
delayed_crossing,224,3.234364,3,1,0,1,
delayed_crossing,225,8.122545,3,1,0,1,
delayed_crossing,226,3.155972,3,1,0,1,
delayed_crossing,227,3.383225,3,1,0,1,
delayed_crossing,228,23.778982,3,1,0,1,
delayed_crossing,229,13.446017,3,1,0,1,
delayed_crossing,230,209.970655,3,1,1,1,
delayed_crossing,231,31.571227,3,1,0,1,
delayed_crossing,232,19.227373,3,1,0,1,
delayed_crossing,233,9.096954,3,1,0,1,
delayed_crossing,234,7.808492,3,1,0,1,
delayed_crossing,235,20.197886,3,1,0,1,
delayed_crossing,236,6.624898,3,1,0,1,
delayed_crossing,237,8.384902,3,1,0,1,
delayed_crossing,238,3.568355,3,1,0,1,
delayed_crossing,239,3.158621,3,1,0,1,
delayed_crossing,240,229.394738,3,0,1,1,
delayed_crossing,241,7.192657,3,1,0,1,
delayed_crossing,242,29.415227,3,1,0,1,
delayed_crossing,243,106.817349,3,0,1,1,
delayed_crossing,244,2.416323,3,1,0,1,
delayed_crossing,245,14.195282,3,1,0,1,
delayed_crossing,246,32.661811,3,1,0,1,
delayed_crossing,247,9.311943,3,1,0,1,
delayed_crossing,248,4.028224,3,1,0,1,
delayed_crossing,249,8.200599,3,1,0,1,
delayed_crossing,250,44.261688,3,1,0,1,
delayed_crossing,251,5.757222,3,1,0,1,
delayed_crossing,252,34.398603,3,1,0,1,
delayed_crossing,253,7.628489,3,1,0,1,
delayed_crossing,254,18.989106,3,1,0,1,
delayed_crossing,255,4.552544,3,1,0,1,
delayed_crossing,256,3.252634,3,1,0,1,
delayed_crossing,257,2.788843,3,1,0,1,
delayed_crossing,258,5.252906,3,1,0,1,
delayed_crossing,259,8.17266,3,1,0,1,
delayed_crossing,260,24.339716,3,1,0,1,
delayed_crossing,261,9.093238,3,1,0,1,
delayed_crossing,262,2.705967,3,1,0,1,
delayed_crossing,263,0.707991,3,1,0,1,
delayed_crossing,264,19.588278,3,1,0,1,
delayed_crossing,265,320.398662,3,0,1,1,
delayed_crossing,266,11.633092,3,1,0,1,
delayed_crossing,267,7.818117,3,1,0,1,
delayed_crossing,268,12.05437,3,1,0,1,
delayed_crossing,269,2.240283,3,1,0,1,
delayed_crossing,270,13.291755,3,1,0,1,
delayed_crossing,271,11.317455,3,1,0,1,
delayed_crossing,272,34.164218,3,0,1,1,
delayed_crossing,273,1.74957,3,1,0,1,
delayed_crossing,274,8.192673,3,1,0,1,
delayed_crossing,275,15.399431,3,1,0,1,
delayed_crossing,276,10.234711,3,1,0,1,
delayed_crossing,277,6.552359,3,1,0,1,
delayed_crossing,278,45.081547,3,1,1,1,
delayed_crossing,279,43.400548,3,1,0,1,
delayed_crossing,280,34.305253,3,1,0,1,
delayed_crossing,281,2.877946,3,1,0,1,
delayed_crossing,282,14.766807,3,1,0,1,
delayed_crossing,283,460.562732,3,0,1,1,
delayed_crossing,284,1.565079,3,1,0,1,
delayed_crossing,285,9.189215,3,1,0,1,
delayed_crossing,286,16.063634,3,1,0,1,
delayed_crossing,287,25.088428,3,1,0,1,
delayed_crossing,288,3.076557,3,1,0,1,
delayed_crossing,289,8.360392,3,1,0,1,
delayed_crossing,290,3.995738,3,1,0,1,
delayed_crossing,291,7.618161,3,1,0,1,
delayed_crossing,292,6.083567,3,1,0,1,
delayed_crossing,293,12.425105,3,1,0,1,
delayed_crossing,294,9.262867,3,1,0,1,
delayed_crossing,295,2.227512,3,1,0,1,
delayed_crossing,296,30.568441,3,1,0,1,
delayed_crossing,297,80.929937,3,1,1,1,
delayed_crossing,298,6.094275,3,1,0,1,
delayed_crossing,299,466.768912,3,0,1,1,
delayed_crossing,300,9.507556,3,1,0,1,
delayed_crossing,301,12.364482,3,1,0,1,
delayed_crossing,302,1.665174,3,1,0,1,
delayed_crossing,303,10.850446,3,1,0,1,
delayed_crossing,304,21.206817,3,1,0,1,
delayed_crossing,305,7.087132,3,1,0,1,
delayed_crossing,306,4.479819,3,1,0,1,
delayed_crossing,307,2.427244,3,1,0,1,
delayed_crossing,308,3.624062,3,1,0,1,
delayed_crossing,309,9.568291,3,1,0,1,
delayed_crossing,310,32.838727,3,1,0,1,
delayed_crossing,311,19.804634,3,1,1,1,
delayed_crossing,312,28.605134,3,1,0,1,
delayed_crossing,313,2.615887,3,1,0,1,
delayed_crossing,314,2.692125,3,1,0,1,
delayed_crossing,315,13.283028,3,1,0,1,
delayed_crossing,316,5.360671,3,1,0,1,
delayed_crossing,317,2.864869,3,1,0,1,
delayed_crossing,318,9.953255,3,1,0,1,
delayed_crossing,319,9.513709,3,1,0,1,
delayed_crossing,320,8.317834,3,1,0,1,
delayed_crossing,321,7.110339,3,1,0,1,
delayed_crossing,322,17.443951,3,1,0,1,
delayed_crossing,323,49.007106,3,1,0,1,
delayed_crossing,324,31.978188,3,1,1,1,
delayed_crossing,325,9.069476,3,1,0,1,
delayed_crossing,326,8.637769,3,1,0,1,
delayed_crossing,327,457.336515,3,0,1,1,
delayed_crossing,328,46.950667,3,1,0,1,
delayed_crossing,329,2.585895,3,1,0,1,
delayed_crossing,330,3.843099,3,1,0,1,
delayed_crossing,331,9.672028,3,1,0,1,
delayed_crossing,332,22.614483,3,1,0,1,
delayed_crossing,333,4.200143,3,1,0,1,
delayed_crossing,334,66.454204,3,1,0,1,
delayed_crossing,335,15.933113,3,1,1,1,
delayed_crossing,336,7.33272,3,1,0,1,
delayed_crossing,337,8.197416,3,1,0,1,
delayed_crossing,338,2.088734,3,1,0,1,
delayed_crossing,339,15.504452,3,1,1,1,
delayed_crossing,340,27.227733,3,1,0,1,
delayed_crossing,341,40.985464,3,1,0,1,
delayed_crossing,342,23.308384,3,1,0,1,
delayed_crossing,343,4.298738,3,1,0,1,
delayed_crossing,344,4.867188,3,1,0,1,
delayed_crossing,345,28.489828,3,1,0,1,
delayed_crossing,346,8.362623,3,1,0,1,
delayed_crossing,347,1.18528,3,1,0,1,
delayed_crossing,348,5.223054,3,1,0,1,
delayed_crossing,349,62.616596,3,1,0,1,
delayed_crossing,350,9.054493,3,1,0,1,
delayed_crossing,351,17.803597,3,1,0,1,
delayed_crossing,352,10.188244,3,1,0,1,
delayed_crossing,353,466.48005,3,0,1,1,
delayed_crossing,354,2.400985,3,1,0,1,
delayed_crossing,355,11.479031,3,1,0,1,
delayed_crossing,356,5.155504,3,1,0,1,
delayed_crossing,357,4.405728,3,1,0,1,
delayed_crossing,358,138.066177,3,0,1,1,
delayed_crossing,359,7.954239,3,1,0,1,
delayed_crossing,360,50.210572,3,1,1,1,
delayed_crossing,361,45.18802,3,1,1,1,
delayed_crossing,362,7.87804,3,1,0,1,
delayed_crossing,363,6.404498,3,1,0,1,
delayed_crossing,364,2.840329,3,1,0,1,
delayed_crossing,365,51.936412,3,1,0,1,
delayed_crossing,366,77.862057,3,1,0,1,
delayed_crossing,367,3.136971,3,1,0,1,
delayed_crossing,368,1.940474,3,1,0,1,
delayed_crossing,369,4.390575,3,1,0,1,
delayed_crossing,370,12.593585,3,1,0,1,
delayed_crossing,371,3.640039,3,1,0,1,
delayed_crossing,372,7.436181,3,1,0,1,
delayed_crossing,373,14.384233,3,1,0,1,
delayed_crossing,374,7.225811,3,1,0,1,
delayed_crossing,375,6.658155,3,1,0,1,
delayed_crossing,376,10.723439,3,1,0,1,
delayed_crossing,377,7.983991,3,1,0,1,
delayed_crossing,378,21.962688,3,1,0,1,
delayed_crossing,379,348.042244,3,0,1,1,
delayed_crossing,380,8.517799,3,1,0,1,
delayed_crossing,381,10.770237,3,1,0,1,
delayed_crossing,382,31.863,3,1,0,1,
delayed_crossing,383,10.355933,3,1,0,1,
delayed_crossing,384,52.034954,3,1,1,1,
delayed_crossing,385,3.648499,3,1,0,1,
delayed_crossing,386,1.836182,3,1,0,1,
delayed_crossing,387,8.847161,3,1,0,1,
delayed_crossing,388,9.474182,3,1,0,1,
delayed_crossing,389,2.73025,3,1,0,1,
delayed_crossing,390,10.995958,3,1,0,1,
delayed_crossing,391,1.295373,3,1,0,1,
delayed_crossing,392,9.348969,3,1,0,1,
delayed_crossing,393,3.926866,3,1,0,1,
delayed_crossing,394,4.564717,3,1,0,1,
delayed_crossing,395,52.559351,3,1,0,1,
delayed_crossing,396,1.946068,3,1,0,1,
delayed_crossing,397,47.210501,3,1,0,1,
delayed_crossing,398,4.107149,3,1,0,1,
delayed_crossing,399,63.915402,3,1,0,1,
delayed_crossing,400,3.62927,3,1,0,1,
delayed_crossing,401,13.506689,3,1,0,1,
delayed_crossing,402,5.845544,3,1,0,1,
delayed_crossing,403,4.255733,3,1,0,1,
delayed_crossing,404,48.72179,3,1,0,1,
delayed_crossing,405,5.431086,3,1,0,1,
delayed_crossing,406,3.063412,3,1,0,1,
delayed_crossing,407,1.183741,3,1,0,1,
delayed_crossing,408,9.63583,3,1,0,1,
delayed_crossing,409,7.889269,3,1,0,1,
delayed_crossing,410,4.674502,3,1,0,1,
delayed_crossing,411,10.128,3,1,0,1,
delayed_crossing,412,4.765712,3,1,0,1,
delayed_crossing,413,5.79106,3,1,0,1,
delayed_crossing,414,10.806913,3,1,0,1,
delayed_crossing,415,8.379155,3,1,0,1,
delayed_crossing,416,2.602818,3,1,0,1,
delayed_crossing,417,6.957125,3,1,0,1,
delayed_crossing,418,5.087586,3,1,0,1,
delayed_crossing,419,8.30195,3,1,0,1,
delayed_crossing,420,3.180045,3,1,0,1,
delayed_crossing,421,11.057657,3,1,0,1,
delayed_crossing,422,55.384689,3,1,1,1,
delayed_crossing,423,8.568886,3,1,0,1,
delayed_crossing,424,3.745928,3,1,0,1,
delayed_crossing,425,189.181164,3,1,1,1,
delayed_crossing,426,3.066459,3,1,0,1,
delayed_crossing,427,147.097448,3,1,1,1,
delayed_crossing,428,8.461019,3,1,0,1,
delayed_crossing,429,233.048965,3,0,1,1,
delayed_crossing,430,1.741438,3,1,0,1,
delayed_crossing,431,20.367133,3,1,0,1,
delayed_crossing,432,16.185166,3,1,0,1,
delayed_crossing,433,16.306997,3,1,0,1,
delayed_crossing,434,29.267808,3,1,0,1,
delayed_crossing,435,1.94445,3,1,0,1,
delayed_crossing,436,59.535508,3,1,0,1,
delayed_crossing,437,54.464608,3,1,1,1,
delayed_crossing,438,19.219303,3,1,0,1,
delayed_crossing,439,41.13202,3,1,0,1,
delayed_crossing,440,4.405148,3,1,0,1,
delayed_crossing,441,59.432163,3,1,0,1,
delayed_crossing,442,7.843716,3,1,0,1,
delayed_crossing,443,1.938852,3,1,0,1,
delayed_crossing,444,8.598014,3,1,0,1,
delayed_crossing,445,11.753607,3,1,0,1,
delayed_crossing,446,170.31738,3,1,1,1,
delayed_crossing,447,2.96842,3,1,0,1,
delayed_crossing,448,2.031355,3,1,0,1,
delayed_crossing,449,9.323918,3,1,0,1,
delayed_crossing,450,43.362705,3,1,0,1,
delayed_crossing,451,4.976771,3,1,0,1,
delayed_crossing,452,3.824348,3,1,0,1,
delayed_crossing,453,7.12523,3,1,0,1,
delayed_crossing,454,20.203898,3,1,0,1,
delayed_crossing,455,30.392647,3,0,1,1,
delayed_crossing,456,1.848117,3,1,0,1,
delayed_crossing,457,19.543987,3,1,0,1,
delayed_crossing,458,6.991628,3,1,0,1,
delayed_crossing,459,6.162694,3,1,0,1,
delayed_crossing,460,309.690608,3,1,1,1,
delayed_crossing,461,21.423221,3,1,0,1,
delayed_crossing,462,52.927217,3,1,0,1,
delayed_crossing,463,2.860216,3,1,0,1,
delayed_crossing,464,0.708866,3,1,0,1,
delayed_crossing,465,6.506627,3,1,0,1,
delayed_crossing,466,3.630423,3,1,0,1,
delayed_crossing,467,4.506403,3,1,0,1,
delayed_crossing,468,222.207107,3,1,0,1,
delayed_crossing,469,11.998371,3,1,0,1,
delayed_crossing,470,8.314772,3,1,0,1,
delayed_crossing,471,14.874032,3,1,1,1,
delayed_crossing,472,54.073175,3,1,1,1,
delayed_crossing,473,2.395315,3,1,0,1,
delayed_crossing,474,93.144035,3,0,1,1,
delayed_crossing,475,32.422668,3,1,0,1,
delayed_crossing,476,6.011885,3,1,0,1,
delayed_crossing,477,9.259714,3,1,0,1,
delayed_crossing,478,12.26127,3,1,0,1,
delayed_crossing,479,2.607096,3,1,0,1,
delayed_crossing,480,0.703452,3,1,0,1,
delayed_crossing,481,10.252921,3,1,0,1,
delayed_crossing,482,2.893703,3,1,0,1,
delayed_crossing,483,15.161072,3,1,0,1,
delayed_crossing,484,5.248662,3,1,0,1,
delayed_crossing,485,24.460251,3,1,0,1,
delayed_crossing,486,6.83681,3,1,0,1,
delayed_crossing,487,31.56771,3,1,0,1,
delayed_crossing,488,4.746534,3,1,0,1,
delayed_crossing,489,2.790609,3,1,0,1,
delayed_crossing,490,254.38412,3,1,1,1,
delayed_crossing,491,23.121126,3,1,1,1,
delayed_crossing,492,10.025666,3,1,0,1,
delayed_crossing,493,107.168953,3,1,0,1,
delayed_crossing,494,60.33341,3,1,0,1,
delayed_crossing,495,13.147298,3,1,0,1,
delayed_crossing,496,13.951559,3,1,0,1,
delayed_crossing,497,15.080585,3,1,0,1,
delayed_crossing,498,7.710275,3,1,0,1,
delayed_crossing,499,36.021842,3,1,1,1,
