case_kind,seed,station_count,repeat_count,runtime_ms,blocked_idx,spatial_candidate_count
crossing_pedestrian,0,65,20,0.017577700782567263,-1,0
crossing_pedestrian,1,65,20,0.016291451174765825,-1,0
crossing_pedestrian,2,65,20,0.016499002231284976,-1,0
crossing_pedestrian,3,65,20,0.01567794824950397,-1,0
crossing_pedestrian,4,65,20,0.015673547750338912,-1,0
crossing_pedestrian,5,65,20,0.015212100697681308,-1,0
crossing_pedestrian,6,65,20,0.015650148270651698,-1,0
crossing_pedestrian,7,65,20,0.01576715148985386,-1,0
crossing_pedestrian,8,65,20,0.015905953478068113,-1,0
crossing_pedestrian,9,65,20,0.01589250168763101,-1,0
crossing_pedestrian,10,65,20,0.0168109021615237,-1,0
crossing_pedestrian,11,65,20,0.016044348012655973,-1,0
crossing_pedestrian,12,65,20,0.016185652930289507,-1,0
crossing_pedestrian,13,65,20,0.015791849000379443,-1,0
crossing_pedestrian,14,65,20,0.01572440378367901,-1,0
crossing_pedestrian,15,65,20,0.015997799346223474,-1,0
crossing_pedestrian,16,65,20,0.015827897004783154,-1,0
crossing_pedestrian,17,65,20,0.01580160460434854,-1,0
crossing_pedestrian,18,65,20,0.016013748245313764,-1,0
crossing_pedestrian,19,65,20,0.01578440424054861,-1,0
crossing_pedestrian,20,65,20,0.016625545686110854,-1,0
crossing_pedestrian,21,65,20,0.016539153875783086,-1,0
crossing_pedestrian,22,65,20,0.01604579738341272,-1,0
crossing_pedestrian,23,65,20,0.016123504610732198,-1,0
crossing_pedestrian,24,65,20,0.016524101374670863,-1,0
crossing_pedestrian,25,65,20,0.015552947297692299,-1,0
crossing_pedestrian,26,65,20,0.016156950732693076,-1,0
crossing_pedestrian,27,65,20,0.0159365008585155,-1,0
crossing_pedestrian,28,65,20,0.01622724812477827,-1,0
crossing_pedestrian,29,65,20,0.01619689865037799,-1,0
crossing_pedestrian,30,65,20,0.016539753414690495,-1,0
crossing_pedestrian,31,65,20,0.016949052223935723,-1,0
crossing_pedestrian,32,65,20,0.015932752285152674,-1,0
crossing_pedestrian,33,65,20,0.016673147911205888,-1,0
crossing_pedestrian,34,65,20,0.01551340101286769,-1,0
crossing_pedestrian,35,65,20,0.01598880044184625,-1,0
crossing_pedestrian,36,65,20,0.01612264895811677,-1,0
crossing_pedestrian,37,65,20,0.01611500047147274,-1,0
crossing_pedestrian,38,65,20,0.016540102660655975,-1,0
crossing_pedestrian,39,65,20,0.015701953088864684,-1,0
crossing_pedestrian,40,65,20,0.01661264686845243,-1,0
crossing_pedestrian,41,65,20,0.015545252244919538,-1,0
crossing_pedestrian,42,65,20,0.015972001710906625,-1,0
crossing_pedestrian,43,65,20,0.01572480541653931,-1,0
crossing_pedestrian,44,65,20,0.016233051428571343,-1,0
crossing_pedestrian,45,65,20,0.016069452976807952,-1,0
crossing_pedestrian,46,65,20,0.01541490200906992,-1,0
crossing_pedestrian,47,65,20,0.016029999824240804,-1,0
crossing_pedestrian,48,65,20,0.0162000535055995,-1,0
crossing_pedestrian,49,65,20,0.01603694981895387,-1,0
crossing_pedestrian,50,65,20,0.01563390251249075,-1,0
crossing_pedestrian,51,65,20,0.015747349243611097,-1,0
crossing_pedestrian,52,65,20,0.01617110101506114,-1,0
crossing_pedestrian,53,65,20,0.015767553122714162,-1,0
crossing_pedestrian,54,65,20,0.016115751350298524,-1,0
crossing_pedestrian,55,65,20,0.015352747868746519,-1,0
crossing_pedestrian,56,65,20,0.01610220060683787,-1,0
crossing_pedestrian,57,65,20,0.015528500080108643,-1,0
crossing_pedestrian,58,65,20,0.01590235042385757,-1,0
crossing_pedestrian,59,65,20,0.015840301057323813,-1,0
crossing_pedestrian,60,65,20,0.015847448958083987,-1,0
crossing_pedestrian,61,65,20,0.01563239493407309,-1,0
crossing_pedestrian,62,65,20,0.01560170203447342,-1,0
crossing_pedestrian,63,65,20,0.016157649224624038,-1,0
crossing_pedestrian,64,65,20,0.015953945694491267,-1,0
crossing_pedestrian,65,65,20,0.015582854393869638,-1,0
crossing_pedestrian,66,65,20,0.016122398665174842,-1,0
crossing_pedestrian,67,65,20,0.015715352492406964,-1,0
crossing_pedestrian,68,65,20,0.015983404591679573,-1,0
crossing_pedestrian,69,65,20,0.016111601144075394,-1,0
crossing_pedestrian,70,65,20,0.01621959963813424,-1,0
crossing_pedestrian,71,65,20,0.01586379949003458,-1,0
crossing_pedestrian,72,65,20,0.01598300295881927,-1,0
crossing_pedestrian,73,65,20,0.015687994891777635,-1,0
crossing_pedestrian,74,65,20,0.015607551904395223,-1,0
crossing_pedestrian,75,65,20,0.015933549730107188,-1,0
crossing_pedestrian,76,65,20,0.01619980321265757,-1,0
crossing_pedestrian,77,65,20,0.01577740185894072,-1,0
crossing_pedestrian,78,65,20,0.016260752454400063,-1,0
crossing_pedestrian,79,65,20,0.015336950309574604,-1,0
crossing_pedestrian,80,65,20,0.0159304472617805,-1,0
crossing_pedestrian,81,65,20,0.016016000881791115,-1,0
crossing_pedestrian,82,65,20,0.01606015139259398,-1,0
crossing_pedestrian,83,65,20,0.01576810027472675,-1,0
crossing_pedestrian,84,65,20,0.01581854885444045,-1,0
crossing_pedestrian,85,65,20,0.015548145165666938,-1,0
crossing_pedestrian,86,65,20,0.01569485175423324,-1,0
crossing_pedestrian,87,65,20,0.016002298798412085,-1,0
crossing_pedestrian,88,65,20,0.01647464814595878,-1,0
crossing_pedestrian,89,65,20,0.015293998876586556,-1,0
crossing_pedestrian,90,65,20,0.01564224949106574,-1,0
crossing_pedestrian,91,65,20,0.016200850950554013,-1,0
crossing_pedestrian,92,65,20,0.015866401372477412,-1,0
crossing_pedestrian,93,65,20,0.015724549302831292,-1,0
crossing_pedestrian,94,65,20,0.016263453289866447,-1,0
crossing_pedestrian,95,65,20,0.015432998770847917,-1,0
crossing_pedestrian,96,65,20,0.016228551976382732,-1,0
crossing_pedestrian,97,65,20,0.016120600048452616,-1,0
crossing_pedestrian,98,65,20,0.015675148461014032,-1,0
crossing_pedestrian,99,65,20,0.016087095718830824,-1,0
crossing_pedestrian,100,65,20,0.015601149061694741,-1,0
crossing_pedestrian,101,65,20,0.016236200463026762,-1,0
crossing_pedestrian,102,65,20,0.016222451813519,-1,0
crossing_pedestrian,103,65,20,0.015851150965318084,-1,0
crossing_pedestrian,104,65,20,0.015357101801782846,-1,0
crossing_pedestrian,105,65,20,0.01631774939596653,-1,0
crossing_pedestrian,106,65,20,0.016160146333277225,-1,0
crossing_pedestrian,107,65,20,0.0156651483848691,-1,0
crossing_pedestrian,108,65,20,0.016307301120832562,-1,0
crossing_pedestrian,109,65,20,0.015602249186486006,-1,0
crossing_pedestrian,110,65,20,0.016056100139394403,-1,0
crossing_pedestrian,111,65,20,0.01575129572302103,-1,0
crossing_pedestrian,112,65,20,0.016068294644355774,-1,0
crossing_pedestrian,113,65,20,0.015553348930552602,-1,0
crossing_pedestrian,114,65,20,0.015863397857174277,-1,0
crossing_pedestrian,115,65,20,0.016026804223656654,-1,0
crossing_pedestrian,116,65,20,0.016161450184881687,-1,0
crossing_pedestrian,117,65,20,0.016011297702789307,-1,0
crossing_pedestrian,118,65,20,0.01609430182725191,-1,0
crossing_pedestrian,119,65,20,0.015850801719352603,-1,0
crossing_pedestrian,120,65,20,0.01587489969097078,-1,0
crossing_pedestrian,121,65,20,0.01572794863022864,-1,0
crossing_pedestrian,122,65,20,0.016119546489790082,-1,0
crossing_pedestrian,123,65,20,0.015196698950603604,-1,0
crossing_pedestrian,124,65,20,0.01618220121599734,-1,0
crossing_pedestrian,125,65,20,0.01557659707032144,-1,0
crossing_pedestrian,126,65,20,0.01628680038265884,-1,0
crossing_pedestrian,127,65,20,0.016034254804253578,-1,0
crossing_pedestrian,128,65,20,0.015956797869876027,-1,0
crossing_pedestrian,129,65,20,0.015899050049483776,-1,0
crossing_pedestrian,130,65,20,0.015368248568847775,-1,0
crossing_pedestrian,131,65,20,0.015824148431420326,-1,0
crossing_pedestrian,132,65,20,0.016233051428571343,-1,0
crossing_pedestrian,133,65,20,0.016125448746606708,-1,0
crossing_pedestrian,134,65,20,0.01625054865144193,-1,0
crossing_pedestrian,135,65,20,0.015880248975008726,-1,0
crossing_pedestrian,136,65,20,0.01606149598956108,-1,0
crossing_pedestrian,137,65,20,0.015582505147904158,-1,0
crossing_pedestrian,138,65,20,0.016036495799198747,-1,0
crossing_pedestrian,139,65,20,0.015571550466120243,-1,0
crossing_pedestrian,140,65,20,0.01623419811949134,-1,0
crossing_pedestrian,141,65,20,0.015945301856845617,-1,0
crossing_pedestrian,142,65,20,0.01580574898980558,-1,0
crossing_pedestrian,143,65,20,0.01596354995854199,-1,0
crossing_pedestrian,144,65,20,0.015862350119277835,-1,0
crossing_pedestrian,145,65,20,0.01612865016795695,-1,0
crossing_pedestrian,146,65,20,0.01572129549458623,-1,0
crossing_pedestrian,147,65,20,0.015810353215783834,-1,0
crossing_pedestrian,148,65,20,0.01603810233063996,-1,0
crossing_pedestrian,149,65,20,0.015686400001868606,-1,0
crossing_pedestrian,150,65,20,0.015624496154487133,-1,0
crossing_pedestrian,151,65,20,0.015773752238601446,-1,0
crossing_pedestrian,152,65,20,0.015865499153733253,-1,0
crossing_pedestrian,153,65,20,0.016073352890089154,-1,0
crossing_pedestrian,154,65,20,0.016009202226996422,-1,0
crossing_pedestrian,155,65,20,0.016126252012327313,-1,0
crossing_pedestrian,156,65,20,0.01582010299898684,-1,0
crossing_pedestrian,157,65,20,0.016015401342883706,-1,0
crossing_pedestrian,158,65,20,0.015572848496958613,-1,0
crossing_pedestrian,159,65,20,0.015996000729501247,-1,0
crossing_pedestrian,160,65,20,0.01588485320098698,-1,0
crossing_pedestrian,161,65,20,0.015309901209548116,-1,0
crossing_pedestrian,162,65,20,0.016166246496140957,-1,0
crossing_pedestrian,163,65,20,0.015460350550711155,-1,0
crossing_pedestrian,164,65,20,0.016337051056325436,-1,0
crossing_pedestrian,165,65,20,0.015920051373541355,-1,0
crossing_pedestrian,166,65,20,0.015768554294481874,-1,0
crossing_pedestrian,167,65,20,0.016038352623581886,-1,0
crossing_pedestrian,168,65,20,0.01566230203025043,-1,0
crossing_pedestrian,169,65,20,0.015954597620293498,-1,0
crossing_pedestrian,170,65,20,0.016176403732970357,-1,0
crossing_pedestrian,171,65,20,0.01590715255588293,-1,0
crossing_pedestrian,172,65,20,0.015691248700022697,-1,0
crossing_pedestrian,173,65,20,0.015687447739765048,-1,0
crossing_pedestrian,174,65,20,0.015951599925756454,-1,0
crossing_pedestrian,175,65,20,0.015850202180445194,-1,0
crossing_pedestrian,176,65,20,0.01624479773454368,-1,0
crossing_pedestrian,177,65,20,0.016615050844848156,-1,0
crossing_pedestrian,178,65,20,0.016508804401382804,-1,0
crossing_pedestrian,179,65,20,0.016231852350756526,-1,0
crossing_pedestrian,180,65,20,0.01579904928803444,-1,0
crossing_pedestrian,181,65,20,0.01569900196045637,-1,0
crossing_pedestrian,182,65,20,0.01597729860804975,-1,0
crossing_pedestrian,183,65,20,0.01632574712857604,-1,0
crossing_pedestrian,184,65,20,0.016025803051888943,-1,0
crossing_pedestrian,185,65,20,0.01599289826117456,-1,0
crossing_pedestrian,186,65,20,0.015434401575475931,-1,0
crossing_pedestrian,187,65,20,0.01623959979042411,-1,0
crossing_pedestrian,188,65,20,0.01600660034455359,-1,0
crossing_pedestrian,189,65,20,0.015932897804304957,-1,0
crossing_pedestrian,190,65,20,0.015459849964827299,-1,0
crossing_pedestrian,191,65,20,0.015719200018793344,-1,0
crossing_pedestrian,192,65,20,0.016343302559107542,-1,0
crossing_pedestrian,193,65,20,0.015944952610880136,-1,0
crossing_pedestrian,194,65,20,0.015807896852493286,-1,0
crossing_pedestrian,195,65,20,0.015709100989624858,-1,0
crossing_pedestrian,196,65,20,0.015571352560073137,-1,0
crossing_pedestrian,197,65,20,0.01582455006428063,-1,0
crossing_pedestrian,198,65,20,0.016288348706439137,-1,0
crossing_pedestrian,199,65,20,0.015861401334404945,-1,0
crossing_pedestrian,200,65,20,0.016294594388455153,-1,0
crossing_pedestrian,201,65,20,0.015970651293173432,-1,0
crossing_pedestrian,202,65,20,0.016274448717013,-1,0
crossing_pedestrian,203,65,20,0.016136904014274478,-1,0
crossing_pedestrian,204,65,20,0.01622120034880936,-1,0
crossing_pedestrian,205,65,20,0.01591859618201852,-1,0
crossing_pedestrian,206,65,20,0.01615355140529573,-1,0
crossing_pedestrian,207,65,20,0.01537060015834868,-1,0
crossing_pedestrian,208,65,20,0.016011798288673162,-1,0
crossing_pedestrian,209,65,20,0.015960249584168196,-1,0
crossing_pedestrian,210,65,20,0.015919149154797196,-1,0
crossing_pedestrian,211,65,20,0.015998596791177988,-1,0
crossing_pedestrian,212,65,20,0.01549494918435812,-1,0
crossing_pedestrian,213,65,20,0.01596965012140572,-1,0
crossing_pedestrian,214,65,20,0.015954551054164767,-1,0
crossing_pedestrian,215,65,20,0.0159619958139956,-1,0
crossing_pedestrian,216,65,20,0.015636254101991653,-1,0
crossing_pedestrian,217,65,20,0.016016297740861773,-1,0
crossing_pedestrian,218,65,20,0.015919748693704605,-1,0
crossing_pedestrian,219,65,20,0.015435600653290749,-1,0
crossing_pedestrian,220,65,20,0.01606650184839964,-1,0
crossing_pedestrian,221,65,20,0.01598839880898595,-1,0
crossing_pedestrian,222,65,20,0.01616370282135904,-1,0
crossing_pedestrian,223,65,20,0.01616280060261488,-1,0
crossing_pedestrian,224,65,20,0.01600219984538853,-1,0
crossing_pedestrian,225,65,20,0.01593744964338839,-1,0
crossing_pedestrian,226,65,20,0.015584996435791254,-1,0
crossing_pedestrian,227,65,20,0.01585609861649573,-1,0
crossing_pedestrian,228,65,20,0.016107549890875816,-1,0
crossing_pedestrian,229,65,20,0.01592820044606924,-1,0
crossing_pedestrian,230,65,20,0.01601555268280208,-1,0
crossing_pedestrian,231,65,20,0.01530079753138125,-1,0
crossing_pedestrian,232,65,20,0.016153400065377355,-1,0
crossing_pedestrian,233,65,20,0.015456799883395433,-1,0
crossing_pedestrian,234,65,20,0.016256701201200485,-1,0
crossing_pedestrian,235,65,20,0.015922298189252615,-1,0
crossing_pedestrian,236,65,20,0.01588164595887065,-1,0
crossing_pedestrian,237,65,20,0.015476951375603676,-1,0
crossing_pedestrian,238,65,20,0.015710352454334497,-1,0
crossing_pedestrian,239,65,20,0.015997496666386724,-1,0
crossing_pedestrian,240,65,20,0.016089697601273656,-1,0
crossing_pedestrian,241,65,20,0.015476002590730786,-1,0
crossing_pedestrian,242,65,20,0.015718647046014667,-1,0
crossing_pedestrian,243,65,20,0.015818449901416898,-1,0
crossing_pedestrian,244,65,20,0.015915901167318225,-1,0
crossing_pedestrian,245,65,20,0.016061001224443316,-1,0
crossing_pedestrian,246,65,20,0.015999801689758897,-1,0
crossing_pedestrian,247,65,20,0.015508203068748116,-1,0
crossing_pedestrian,248,65,20,0.016231852350756526,-1,0
crossing_pedestrian,249,65,20,0.01577960210852325,-1,0
crossing_pedestrian,250,65,20,0.015805946895852685,-1,0
crossing_pedestrian,251,65,20,0.016045052325353026,-1,0
crossing_pedestrian,252,65,20,0.015735399210825562,-1,0
crossing_pedestrian,253,65,20,0.016077246982604265,-1,0
crossing_pedestrian,254,65,20,0.015553098637610674,-1,0
crossing_pedestrian,255,65,20,0.015652395086362958,-1,0
crossing_pedestrian,256,65,20,0.01563964760862291,-1,0
crossing_pedestrian,257,65,20,0.016013451386243105,-1,0
crossing_pedestrian,258,65,20,0.01592029584571719,-1,0
crossing_pedestrian,259,65,20,0.015899050049483776,-1,0
crossing_pedestrian,260,65,20,0.01585294958204031,-1,0
crossing_pedestrian,261,65,20,0.015109399100765586,-1,0
crossing_pedestrian,262,65,20,0.01602540141902864,-1,0
crossing_pedestrian,263,65,20,0.01549235312268138,-1,0
crossing_pedestrian,264,65,20,0.01629994949325919,-1,0
crossing_pedestrian,265,65,20,0.015957996947690845,-1,0
crossing_pedestrian,266,65,20,0.016404548659920692,-1,0
crossing_pedestrian,267,65,20,0.015516654821112752,-1,0
crossing_pedestrian,268,65,20,0.015834602527320385,-1,0
crossing_pedestrian,269,65,20,0.015918101416900754,-1,0
crossing_pedestrian,270,65,20,0.015691248700022697,-1,0
crossing_pedestrian,271,65,20,0.015966250794008374,-1,0
crossing_pedestrian,272,65,20,0.01607034937478602,-1,0
crossing_pedestrian,273,65,20,0.015030446229502559,-1,0
crossing_pedestrian,274,65,20,0.015955651178956032,-1,0
crossing_pedestrian,275,65,20,0.0160206516738981,-1,0
crossing_pedestrian,276,65,20,0.01582200056873262,-1,0
crossing_pedestrian,277,65,20,0.015773199265822768,-1,0
crossing_pedestrian,278,65,20,0.01614935463294387,-1,0
crossing_pedestrian,279,65,20,0.015849550254642963,-1,0
crossing_pedestrian,280,65,20,0.016287504695355892,-1,0
crossing_pedestrian,281,65,20,0.01591644831933081,-1,0
crossing_pedestrian,282,65,20,0.015954452101141214,-1,0
crossing_pedestrian,283,65,20,0.015335751231759787,-1,0
crossing_pedestrian,284,65,20,0.01614369684830308,-1,0
crossing_pedestrian,285,65,20,0.01550454762764275,-1,0
crossing_pedestrian,286,65,20,0.01604999997653067,-1,0
crossing_pedestrian,287,65,20,0.01567704603075981,-1,0
crossing_pedestrian,288,65,20,0.0164188037160784,-1,0
crossing_pedestrian,289,65,20,0.015710899606347084,-1,0
crossing_pedestrian,290,65,20,0.01569485175423324,-1,0
crossing_pedestrian,291,65,20,0.015700701624155045,-1,0
crossing_pedestrian,292,65,20,0.015755853382870555,-1,0
crossing_pedestrian,293,65,20,0.015867844922468066,-1,0
crossing_pedestrian,294,65,20,0.015781697584316134,-1,0
crossing_pedestrian,295,65,20,0.015460303984582424,-1,0
crossing_pedestrian,296,65,20,0.016099947970360518,-1,0
crossing_pedestrian,297,65,20,0.015880150021985173,-1,0
crossing_pedestrian,298,65,20,0.01604385324753821,-1,0
crossing_pedestrian,299,65,20,0.015641149366274476,-1,0
crossing_pedestrian,300,65,20,0.01636490342207253,-1,0
crossing_pedestrian,301,65,20,0.01557525247335434,-1,0
crossing_pedestrian,302,65,20,0.01638794783502817,-1,0
crossing_pedestrian,303,65,20,0.016055151354521513,-1,0
crossing_pedestrian,304,65,20,0.016356748528778553,-1,0
crossing_pedestrian,305,65,20,0.015929550863802433,-1,0
crossing_pedestrian,306,65,20,0.01593774650245905,-1,0
crossing_pedestrian,307,65,20,0.01580924727022648,-1,0
crossing_pedestrian,308,65,20,0.015616300515830517,-1,0
crossing_pedestrian,309,65,20,0.016125250840559602,-1,0
crossing_pedestrian,310,65,20,0.015465047908946872,-1,0
crossing_pedestrian,311,65,20,0.016125751426443458,-1,0
crossing_pedestrian,312,65,20,0.016116700135171413,-1,0
crossing_pedestrian,313,65,20,0.015793053898960352,-1,0
crossing_pedestrian,314,65,20,0.016372097888961434,-1,0
crossing_pedestrian,315,65,20,0.015415699454024434,-1,0
crossing_pedestrian,316,65,20,0.016149599105119705,-1,0
crossing_pedestrian,317,65,20,0.0160898023750633,-1,0
crossing_pedestrian,318,65,20,0.015892996452748775,-1,0
crossing_pedestrian,319,65,20,0.016000401228666306,-1,0
crossing_pedestrian,320,65,20,0.015480048023164272,-1,0
crossing_pedestrian,321,65,20,0.015880150021985173,-1,0
crossing_pedestrian,322,65,20,0.01573464833199978,-1,0
crossing_pedestrian,323,65,20,0.01564255217090249,-1,0
crossing_pedestrian,324,65,20,0.01560589880682528,-1,0
crossing_pedestrian,325,65,20,0.01594505156390369,-1,0
crossing_pedestrian,326,65,20,0.015741545939818025,-1,0
crossing_pedestrian,327,65,20,0.015943252947181463,-1,0
crossing_pedestrian,328,65,20,0.015747646102681756,-1,0
crossing_pedestrian,329,65,20,0.015435699606314301,-1,0
crossing_pedestrian,330,65,20,0.01592530170455575,-1,0
crossing_pedestrian,331,65,20,0.015463802265003324,-1,0
crossing_pedestrian,332,65,20,0.01596829970367253,-1,0
crossing_pedestrian,333,65,20,0.01584719866514206,-1,0
crossing_pedestrian,334,65,20,0.01609265455044806,-1,0
crossing_pedestrian,335,65,20,0.01565885031595826,-1,0
crossing_pedestrian,336,65,20,0.015903747407719493,-1,0
crossing_pedestrian,337,65,20,0.015484000323340297,-1,0
crossing_pedestrian,338,65,20,0.015853502554818988,-1,0
crossing_pedestrian,339,65,20,0.01580099924467504,-1,0
crossing_pedestrian,340,65,20,0.01601144904270768,-1,0
crossing_pedestrian,341,65,20,0.015440699644386768,-1,0
crossing_pedestrian,342,65,20,0.01599704846739769,-1,0
crossing_pedestrian,343,65,20,0.016024999786168337,-1,0
crossing_pedestrian,344,65,20,0.016138749197125435,-1,0
crossing_pedestrian,345,65,20,0.015947100473567843,-1,0
crossing_pedestrian,346,65,20,0.016008596867322922,-1,0
crossing_pedestrian,347,65,20,0.015194801380857825,-1,0
crossing_pedestrian,348,65,20,0.015218701446428895,-1,0
crossing_pedestrian,349,65,20,0.01585099962539971,-1,0
crossing_pedestrian,350,65,20,0.01603629789315164,-1,0
crossing_pedestrian,351,65,20,0.01613540225662291,-1,0
crossing_pedestrian,352,65,20,0.016269099432975054,-1,0
crossing_pedestrian,353,65,20,0.015542894834652543,-1,0
crossing_pedestrian,354,65,20,0.016087800031527877,-1,0
crossing_pedestrian,355,65,20,0.01625274890102446,-1,0
crossing_pedestrian,356,65,20,0.016525201499462128,-1,0
crossing_pedestrian,357,65,20,0.015804951544851065,-1,0
crossing_pedestrian,358,65,20,0.01605889992788434,-1,0
crossing_pedestrian,359,65,20,0.016296148533001542,-1,0
crossing_pedestrian,360,65,20,0.016395951388403773,-1,0
crossing_pedestrian,361,65,20,0.01598745002411306,-1,0
crossing_pedestrian,362,65,20,0.015605404041707516,-1,0
crossing_pedestrian,363,65,20,0.016002304619178176,-1,0
crossing_pedestrian,364,65,20,0.016054848674684763,-1,0
crossing_pedestrian,365,65,20,0.01597499940544367,-1,0
crossing_pedestrian,366,65,20,0.016297644469887018,-1,0
crossing_pedestrian,367,65,20,0.015395251102745533,-1,0
crossing_pedestrian,368,65,20,0.01642300048843026,-1,0
crossing_pedestrian,369,65,20,0.015666353283450007,-1,0
crossing_pedestrian,370,65,20,0.016432750271633267,-1,0
crossing_pedestrian,371,65,20,0.01565975253470242,-1,0
crossing_pedestrian,372,65,20,0.01568910083733499,-1,0
crossing_pedestrian,373,65,20,0.015937199350446463,-1,0
crossing_pedestrian,374,65,20,0.01587524893693626,-1,0
crossing_pedestrian,375,65,20,0.016060902271419764,-1,0
crossing_pedestrian,376,65,20,0.015735102351754904,-1,0
crossing_pedestrian,377,65,20,0.016126554692164063,-1,0
crossing_pedestrian,378,65,20,0.0159099989105016,-1,0
crossing_pedestrian,379,65,20,0.016092247096821666,-1,0
crossing_pedestrian,380,65,20,0.015958352014422417,-1,0
crossing_pedestrian,381,65,20,0.015575648285448551,-1,0
crossing_pedestrian,382,65,20,0.016252649948000908,-1,0
crossing_pedestrian,383,65,20,0.015887449262663722,-1,0
crossing_pedestrian,384,65,20,0.015938247088342905,-1,0
crossing_pedestrian,385,65,20,0.015514250844717026,-1,0
crossing_pedestrian,386,65,20,0.015835900558158755,-1,0
crossing_pedestrian,387,65,20,0.015524949412792921,-1,0
crossing_pedestrian,388,65,20,0.016018003225326538,-1,0
crossing_pedestrian,389,65,20,0.016028498066589236,-1,0
crossing_pedestrian,390,65,20,0.016132794553413987,-1,0
crossing_pedestrian,391,65,20,0.015792751219123602,-1,0
crossing_pedestrian,392,65,20,0.016012898413464427,-1,0
crossing_pedestrian,393,65,20,0.016091001452878118,-1,0
crossing_pedestrian,394,65,20,0.016114499885588884,-1,0
crossing_pedestrian,395,65,20,0.015743100084364414,-1,0
crossing_pedestrian,396,65,20,0.01609585015103221,-1,0
crossing_pedestrian,397,65,20,0.015804701251909137,-1,0
crossing_pedestrian,398,65,20,0.016393500845879316,-1,0
crossing_pedestrian,399,65,20,0.01581215183250606,-1,0
crossing_pedestrian,400,65,20,0.016243249410763383,-1,0
crossing_pedestrian,401,65,20,0.015806301962584257,-1,0
crossing_pedestrian,402,65,20,0.015550898388028145,-1,0
crossing_pedestrian,403,65,20,0.01577925286255777,-1,0
crossing_pedestrian,404,65,20,0.016099499771371484,-1,0
crossing_pedestrian,405,65,20,0.015795050421729684,-1,0
crossing_pedestrian,406,65,20,0.016116496408358216,-1,0
crossing_pedestrian,407,65,20,0.015418097609654069,-1,0
crossing_pedestrian,408,65,20,0.01586375292390585,-1,0
crossing_pedestrian,409,65,20,0.01598714734427631,-1,0
crossing_pedestrian,410,65,20,0.016435800353065133,-1,0
crossing_pedestrian,411,65,20,0.015999499009922147,-1,0
crossing_pedestrian,412,65,20,0.015729753067716956,-1,0
crossing_pedestrian,413,65,20,0.015855446690693498,-1,0
crossing_pedestrian,414,65,20,0.01586155267432332,-1,0
crossing_pedestrian,415,65,20,0.015805044677108526,-1,0
crossing_pedestrian,416,65,20,0.01622689887881279,-1,0
crossing_pedestrian,417,65,20,0.015667197294533253,-1,0
crossing_pedestrian,418,65,20,0.015350151807069778,-1,0
crossing_pedestrian,419,65,20,0.015727546997368336,-1,0
crossing_pedestrian,420,65,20,0.016085250535979867,-1,0
crossing_pedestrian,421,65,20,0.015729101141914725,-1,0
crossing_pedestrian,422,65,20,0.016199046513065696,-1,0
crossing_pedestrian,423,65,20,0.01554880291223526,-1,0
crossing_pedestrian,424,65,20,0.016089598648250103,-1,0
crossing_pedestrian,425,65,20,0.016159150982275605,-1,0
crossing_pedestrian,426,65,20,0.01581275137141347,-1,0
crossing_pedestrian,427,65,20,0.01606235164217651,-1,0
crossing_pedestrian,428,65,20,0.015731947496533394,-1,0
crossing_pedestrian,429,65,20,0.015519600128754973,-1,0
crossing_pedestrian,430,65,20,0.015742750838398933,-1,0
crossing_pedestrian,431,65,20,0.015949102817103267,-1,0
crossing_pedestrian,432,65,20,0.016108353156596422,-1,0
crossing_pedestrian,433,65,20,0.015588547103106976,-1,0
crossing_pedestrian,434,65,20,0.015999004244804382,-1,0
crossing_pedestrian,435,65,20,0.015422445721924305,-1,0
crossing_pedestrian,436,65,20,0.016205001156777143,-1,0
crossing_pedestrian,437,65,20,0.015771551989018917,-1,0
crossing_pedestrian,438,65,20,0.01608665334060788,-1,0
crossing_pedestrian,439,65,20,0.016154447803273797,-1,0
crossing_pedestrian,440,65,20,0.016261445125564933,-1,0
crossing_pedestrian,441,65,20,0.015249650459736586,-1,0
crossing_pedestrian,442,65,20,0.01568524749018252,-1,0
crossing_pedestrian,443,65,20,0.015851552598178387,-1,0
crossing_pedestrian,444,65,20,0.016222603153437376,-1,0
crossing_pedestrian,445,65,20,0.01608599559403956,-1,0
crossing_pedestrian,446,65,20,0.01605730503797531,-1,0
crossing_pedestrian,447,65,20,0.01564605045132339,-1,0
crossing_pedestrian,448,65,20,0.015921395970508456,-1,0
crossing_pedestrian,449,65,20,0.01597279915586114,-1,0
crossing_pedestrian,450,65,20,0.016316596884280443,-1,0
crossing_pedestrian,451,65,20,0.015833950601518154,-1,0
crossing_pedestrian,452,65,20,0.016110949218273163,-1,0
crossing_pedestrian,453,65,20,0.015819747932255268,-1,0
crossing_pedestrian,454,65,20,0.01604960416443646,-1,0
crossing_pedestrian,455,65,20,0.01553125330246985,-1,0
crossing_pedestrian,456,65,20,0.015994947170838714,-1,0
crossing_pedestrian,457,65,20,0.015946099301800132,-1,0
crossing_pedestrian,458,65,20,0.015442550648003817,-1,0
crossing_pedestrian,459,65,20,0.01569355372339487,-1,0
crossing_pedestrian,460,65,20,0.015918450662866235,-1,0
crossing_pedestrian,461,65,20,0.015389500185847282,-1,0
crossing_pedestrian,462,65,20,0.01601390540599823,-1,0
crossing_pedestrian,463,65,20,0.015919149154797196,-1,0
crossing_pedestrian,464,65,20,0.015822151908650994,-1,0
crossing_pedestrian,465,65,20,0.015397899551317096,-1,0
crossing_pedestrian,466,65,20,0.016300048446282744,-1,0
crossing_pedestrian,467,65,20,0.015874445671215653,-1,0
crossing_pedestrian,468,65,20,0.015902199083939195,-1,0
crossing_pedestrian,469,65,20,0.015843147411942482,-1,0
crossing_pedestrian,470,65,20,0.016197649529203773,-1,0
crossing_pedestrian,471,65,20,0.01667025499045849,-1,0
crossing_pedestrian,472,65,20,0.016714900266379118,-1,0
crossing_pedestrian,473,65,20,0.01640379778109491,-1,0
crossing_pedestrian,474,65,20,0.015761255053803325,-1,0
crossing_pedestrian,475,65,20,0.016033550491556525,-1,0
crossing_pedestrian,476,65,20,0.01582524855621159,-1,0
crossing_pedestrian,477,65,20,0.015215197345241904,-1,0
crossing_pedestrian,478,65,20,0.016193650662899017,-1,0
crossing_pedestrian,479,65,20,0.01519909710623324,-1,0
crossing_pedestrian,480,65,20,0.016025948571041226,-1,0
crossing_pedestrian,481,65,20,0.015623949002474546,-1,0
crossing_pedestrian,482,65,20,0.015882699517533183,-1,0
crossing_pedestrian,483,65,20,0.015872850781306624,-1,0
crossing_pedestrian,484,65,20,0.01593969645909965,-1,0
crossing_pedestrian,485,65,20,0.016040896298363805,-1,0
crossing_pedestrian,486,65,20,0.01582134864293039,-1,0
crossing_pedestrian,487,65,20,0.01581379910930991,-1,0
crossing_pedestrian,488,65,20,0.01587654696777463,-1,0
crossing_pedestrian,489,65,20,0.01600694959051907,-1,0
crossing_pedestrian,490,65,20,0.016442249761894345,-1,0
crossing_pedestrian,491,65,20,0.015899899881333113,-1,0
crossing_pedestrian,492,65,20,0.016123097157105803,-1,0
crossing_pedestrian,493,65,20,0.015820853877812624,-1,0
crossing_pedestrian,494,65,20,0.016232149209827185,-1,0
crossing_pedestrian,495,65,20,0.01577765215188265,-1,0
crossing_pedestrian,496,65,20,0.015840295236557722,-1,0
crossing_pedestrian,497,65,20,0.01559919910505414,-1,0
crossing_pedestrian,498,65,20,0.016178999794647098,-1,0
crossing_pedestrian,499,65,20,0.01577989896759391,-1,0
vehicle_cut_in,0,85,20,0.023403152590617537,-1,0
vehicle_cut_in,1,85,20,0.023164699086919427,-1,0
vehicle_cut_in,2,85,20,0.022870948305353522,-1,0
vehicle_cut_in,3,85,20,0.022589100990444422,-1,0
vehicle_cut_in,4,85,20,0.0226566509809345,-1,0
vehicle_cut_in,5,85,20,0.022800650913268328,-1,0
vehicle_cut_in,6,85,20,0.023315846920013428,-1,0
vehicle_cut_in,7,85,20,0.023155048256739974,-1,0
vehicle_cut_in,8,85,20,0.02244780189357698,-1,0
vehicle_cut_in,9,85,20,0.023501046234741807,-1,0
vehicle_cut_in,10,85,20,0.022534403251484036,-1,0
vehicle_cut_in,11,85,20,0.022884452482685447,-1,0
vehicle_cut_in,12,85,20,0.02280329936183989,-1,0
vehicle_cut_in,13,85,20,0.022945395903661847,-1,0
vehicle_cut_in,14,85,20,0.02255590516142547,-1,0
vehicle_cut_in,15,85,20,0.0224302988499403,-1,0
vehicle_cut_in,16,85,20,0.022641097893938422,-1,0
vehicle_cut_in,17,85,20,0.02242075279355049,-1,0
vehicle_cut_in,18,85,20,0.023164047161117196,-1,0
vehicle_cut_in,19,85,20,0.022889749379828572,-1,0
vehicle_cut_in,20,85,20,0.022518500918522477,-1,0
vehicle_cut_in,21,85,20,0.023003353271633387,-1,0
vehicle_cut_in,22,85,20,0.022408697986975312,-1,0
vehicle_cut_in,23,85,20,0.0223872484639287,-1,0
vehicle_cut_in,24,85,20,0.02276270533911884,-1,0
vehicle_cut_in,25,85,20,0.022648251615464687,-1,0
vehicle_cut_in,26,85,20,0.022741249995306134,-1,0
vehicle_cut_in,27,85,20,0.0226997013669461,-1,0
vehicle_cut_in,28,85,20,0.0231048499699682,-1,0
vehicle_cut_in,29,85,20,0.022094399901106954,-1,0
vehicle_cut_in,30,85,20,0.022743799490854144,-1,0
vehicle_cut_in,31,85,20,0.02270924742333591,-1,0
vehicle_cut_in,32,85,20,0.022521952632814646,-1,0
vehicle_cut_in,33,85,20,0.023875996703282,-1,0
vehicle_cut_in,34,85,20,0.05252595292404294,38,1
vehicle_cut_in,35,85,20,0.023464352125301957,-1,0
vehicle_cut_in,36,85,20,0.022111099679023027,-1,0
vehicle_cut_in,37,85,20,0.02287440001964569,-1,0
vehicle_cut_in,38,85,20,0.022601400269195437,-1,0
vehicle_cut_in,39,85,20,0.02195085398852825,-1,0
vehicle_cut_in,40,85,20,0.054259353782981634,30,1
vehicle_cut_in,41,85,20,0.02192859537899494,-1,0
vehicle_cut_in,42,85,20,0.051707500824704766,45,1
vehicle_cut_in,43,85,20,0.023008498828858137,-1,0
vehicle_cut_in,44,85,20,0.04727470222860575,42,1
vehicle_cut_in,45,85,20,0.022922601783648133,-1,0
vehicle_cut_in,46,85,20,0.021505600307136774,-1,0
vehicle_cut_in,47,85,20,0.022037647431716323,-1,0
vehicle_cut_in,48,85,20,0.022517802426591516,-1,0
vehicle_cut_in,49,85,20,0.02265055081807077,-1,0
vehicle_cut_in,50,85,20,0.02315749879926443,-1,0
vehicle_cut_in,51,85,20,0.022945547243580222,-1,0
vehicle_cut_in,52,85,20,0.022519100457429886,-1,0
vehicle_cut_in,53,85,20,0.02200089511461556,-1,0
vehicle_cut_in,54,85,20,0.02229955280199647,-1,0
vehicle_cut_in,55,85,20,0.022703252034261823,-1,0
vehicle_cut_in,56,85,20,0.02262095222249627,-1,0
vehicle_cut_in,57,85,20,0.023065501591190696,-1,0
vehicle_cut_in,58,85,20,0.021918799029663205,-1,0
vehicle_cut_in,59,85,20,0.022569799330085516,-1,0
vehicle_cut_in,60,85,20,0.022904248908162117,-1,0
vehicle_cut_in,61,85,20,0.022472895216196775,-1,0
vehicle_cut_in,62,85,20,0.02248985110782087,-1,0
vehicle_cut_in,63,85,20,0.0218829489313066,-1,0
vehicle_cut_in,64,85,20,0.022452848497778177,-1,0
vehicle_cut_in,65,85,20,0.021804700372740626,-1,0
vehicle_cut_in,66,85,20,0.022017554147168994,-1,0
vehicle_cut_in,67,85,20,0.023476051865145564,-1,0
vehicle_cut_in,68,85,20,0.02315844758413732,-1,0
vehicle_cut_in,69,85,20,0.02342875231988728,-1,0
vehicle_cut_in,70,85,20,0.021712546003982425,-1,0
vehicle_cut_in,71,85,20,0.022789952345192432,-1,0
vehicle_cut_in,72,85,20,0.021945044863969088,-1,0
vehicle_cut_in,73,85,20,0.021687301341444254,-1,0
vehicle_cut_in,74,85,20,0.022998254280537367,-1,0
vehicle_cut_in,75,85,20,0.021919648861512542,-1,0
vehicle_cut_in,76,85,20,0.022537598852068186,-1,0
vehicle_cut_in,77,85,20,0.022284500300884247,-1,0
vehicle_cut_in,78,85,20,0.022707099560648203,-1,0
vehicle_cut_in,79,85,20,0.021765497513115406,-1,0
vehicle_cut_in,80,85,20,0.02224284689873457,-1,0
vehicle_cut_in,81,85,20,0.02281439956277609,-1,0
vehicle_cut_in,82,85,20,0.02189954975619912,-1,0
vehicle_cut_in,83,85,20,0.02243060152977705,-1,0
vehicle_cut_in,84,85,20,0.022476899903267622,-1,0
vehicle_cut_in,85,85,20,0.02295149606652558,-1,0
vehicle_cut_in,86,85,20,0.022342399461194873,-1,0
vehicle_cut_in,87,85,20,0.02134770038537681,-1,0
vehicle_cut_in,88,85,20,0.022683246061205864,-1,0
vehicle_cut_in,89,85,20,0.02237894805148244,-1,0
vehicle_cut_in,90,85,20,0.022093451116234064,-1,0
vehicle_cut_in,91,85,20,0.022661651019006968,-1,0
vehicle_cut_in,92,85,20,0.022997899213805795,-1,0
vehicle_cut_in,93,85,20,0.022761401487514377,-1,0
vehicle_cut_in,94,85,20,0.02193705295212567,-1,0
vehicle_cut_in,95,85,20,0.022834702394902706,-1,0
vehicle_cut_in,96,85,20,0.023520702961832285,-1,0
vehicle_cut_in,97,85,20,0.0226792530156672,-1,0
vehicle_cut_in,98,85,20,0.022364495089277625,-1,0
vehicle_cut_in,99,85,20,0.02225214848294854,-1,0
vehicle_cut_in,100,85,20,0.022830499801784754,-1,0
vehicle_cut_in,101,85,20,0.02293494762852788,-1,0
vehicle_cut_in,102,85,20,0.023120595142245293,-1,0
vehicle_cut_in,103,85,20,0.023284251801669598,-1,0
vehicle_cut_in,104,85,20,0.022337399423122406,-1,0
vehicle_cut_in,105,85,20,0.022793252719566226,-1,0
vehicle_cut_in,106,85,20,0.02127750194631517,-1,0
vehicle_cut_in,107,85,20,0.022254354553297162,-1,0
vehicle_cut_in,108,85,20,0.02290239790454507,-1,0
vehicle_cut_in,109,85,20,0.02257980522699654,-1,0
vehicle_cut_in,110,85,20,0.02261389745399356,-1,0
vehicle_cut_in,111,85,20,0.022507301764562726,-1,0
vehicle_cut_in,112,85,20,0.04406330408528447,67,1
vehicle_cut_in,113,85,20,0.022769550560042262,-1,0
vehicle_cut_in,114,85,20,0.023203849559649825,-1,0
vehicle_cut_in,115,85,20,0.022806000197306275,-1,0
vehicle_cut_in,116,85,20,0.02303729997947812,-1,0
vehicle_cut_in,117,85,20,0.022204098058864474,-1,0
vehicle_cut_in,118,85,20,0.023113546194508672,-1,0
vehicle_cut_in,119,85,20,0.02299524494446814,-1,0
vehicle_cut_in,120,85,20,0.02272450365126133,-1,0
vehicle_cut_in,121,85,20,0.023360346676781774,-1,0
vehicle_cut_in,122,85,20,0.02191155217587948,-1,0
vehicle_cut_in,123,85,20,0.022420502500608563,-1,0
vehicle_cut_in,124,85,20,0.022837345022708178,-1,0
vehicle_cut_in,125,85,20,0.0228358490858227,-1,0
vehicle_cut_in,126,85,20,0.022358400747179985,-1,0
vehicle_cut_in,127,85,20,0.022698595421388745,-1,0
vehicle_cut_in,128,85,20,0.02315645106136799,-1,0
vehicle_cut_in,129,85,20,0.023428152780979872,-1,0
vehicle_cut_in,130,85,20,0.023055303608998656,-1,0
vehicle_cut_in,131,85,20,0.0232996535487473,-1,0
vehicle_cut_in,132,85,20,0.0230376492254436,-1,0
vehicle_cut_in,133,85,20,0.022820098092779517,-1,0
vehicle_cut_in,134,85,20,0.022705947048962116,-1,0
vehicle_cut_in,135,85,20,0.05324765224941075,38,1
vehicle_cut_in,136,85,20,0.02249910030514002,-1,0
vehicle_cut_in,137,85,20,0.022814248222857714,-1,0
vehicle_cut_in,138,85,20,0.022742949659004807,-1,0
vehicle_cut_in,139,85,20,0.022162595996633172,-1,0
vehicle_cut_in,140,85,20,0.023091299226507545,-1,0
vehicle_cut_in,141,85,20,0.022608344443142414,-1,0
vehicle_cut_in,142,85,20,0.023129995679482818,-1,0
vehicle_cut_in,143,85,20,0.022481498308479786,-1,0
vehicle_cut_in,144,85,20,0.022939802147448063,-1,0
vehicle_cut_in,145,85,20,0.022891047410666943,-1,0
vehicle_cut_in,146,85,20,0.051184999756515026,41,1
vehicle_cut_in,147,85,20,0.022651097970083356,-1,0
vehicle_cut_in,148,85,20,0.02215299755334854,-1,0
vehicle_cut_in,149,85,20,0.023174297530204058,-1,0
vehicle_cut_in,150,85,20,0.022376346169039607,-1,0
vehicle_cut_in,151,85,20,0.02230399986729026,-1,0
vehicle_cut_in,152,85,20,0.022008648375049233,-1,0
vehicle_cut_in,153,85,20,0.02256329753436148,-1,0
vehicle_cut_in,154,85,20,0.022669951431453228,-1,0
vehicle_cut_in,155,85,20,0.022300600539892912,-1,0
vehicle_cut_in,156,85,20,0.02217019791714847,-1,0
vehicle_cut_in,157,85,20,0.022771203657612205,-1,0
vehicle_cut_in,158,85,20,0.0226005504373461,-1,0
vehicle_cut_in,159,85,20,0.02272615092806518,-1,0
vehicle_cut_in,160,85,20,0.02232984988950193,-1,0
vehicle_cut_in,161,85,20,0.022033450659364462,-1,0
vehicle_cut_in,162,85,20,0.02196455025114119,-1,0
vehicle_cut_in,163,85,20,0.022376200649887323,-1,0
vehicle_cut_in,164,85,20,0.022106600226834416,-1,0
vehicle_cut_in,165,85,20,0.04912865115329623,44,1
vehicle_cut_in,166,85,20,0.02324164961464703,-1,0
vehicle_cut_in,167,85,20,0.02235255087725818,-1,0
vehicle_cut_in,168,85,20,0.0215650477912277,-1,0
vehicle_cut_in,169,85,20,0.0236180960200727,-1,0
vehicle_cut_in,170,85,20,0.022701546549797058,-1,0
vehicle_cut_in,171,85,20,0.021858647232875228,-1,0
vehicle_cut_in,172,85,20,0.022975302999839187,-1,0
vehicle_cut_in,173,85,20,0.022650149185210466,-1,0
vehicle_cut_in,174,85,20,0.02227574586868286,-1,0
vehicle_cut_in,175,85,20,0.02218285226263106,-1,0
vehicle_cut_in,176,85,20,0.022270047338679433,-1,0
vehicle_cut_in,177,85,20,0.022806698689237237,-1,0
vehicle_cut_in,178,85,20,0.05592770176008344,31,1
vehicle_cut_in,179,85,20,0.02236710279248655,-1,0
vehicle_cut_in,180,85,20,0.022111053112894297,-1,0
vehicle_cut_in,181,85,20,0.02255334984511137,-1,0
vehicle_cut_in,182,85,20,0.021987949730828404,-1,0
vehicle_cut_in,183,85,20,0.023062352556735277,-1,0
vehicle_cut_in,184,85,20,0.022708799224346876,-1,0
vehicle_cut_in,185,85,20,0.022709148470312357,-1,0
vehicle_cut_in,186,85,20,0.022241752594709396,-1,0
vehicle_cut_in,187,85,20,0.021879799896851182,-1,0
vehicle_cut_in,188,85,20,0.022086448734626174,-1,0
vehicle_cut_in,189,85,20,0.02154590329155326,-1,0
vehicle_cut_in,190,85,20,0.02236084546893835,-1,0
vehicle_cut_in,191,85,20,0.02214974956586957,-1,0
vehicle_cut_in,192,85,20,0.022467802045866847,-1,0
vehicle_cut_in,193,85,20,0.02277169842272997,-1,0
vehicle_cut_in,194,85,20,0.022142351372167468,-1,0
vehicle_cut_in,195,85,20,0.022516603348776698,-1,0
vehicle_cut_in,196,85,20,0.022610800806432962,-1,0
vehicle_cut_in,197,85,20,0.022598850773647428,-1,0
vehicle_cut_in,198,85,20,0.021847599418833852,-1,0
vehicle_cut_in,199,85,20,0.022582849487662315,-1,0
vehicle_cut_in,200,85,20,0.023355247685685754,-1,0
vehicle_cut_in,201,85,20,0.050794053822755814,43,1
vehicle_cut_in,202,85,20,0.021438399562612176,-1,0
vehicle_cut_in,203,85,20,0.022939802147448063,-1,0
vehicle_cut_in,204,85,20,0.022718549007549882,-1,0
vehicle_cut_in,205,85,20,0.021858949912711978,-1,0
vehicle_cut_in,206,85,20,0.02256129519082606,-1,0
vehicle_cut_in,207,85,20,0.022560148499906063,-1,0
vehicle_cut_in,208,85,20,0.022226752480491996,-1,0
vehicle_cut_in,209,85,20,0.022488698596134782,-1,0
vehicle_cut_in,210,85,20,0.022924848599359393,-1,0
vehicle_cut_in,211,85,20,0.023447646526619792,-1,0
vehicle_cut_in,212,85,20,0.021998200099915266,-1,0
vehicle_cut_in,213,85,20,0.022643303964287043,-1,0
vehicle_cut_in,214,85,20,0.022877450101077557,-1,0
vehicle_cut_in,215,85,20,0.022005295613780618,-1,0
vehicle_cut_in,216,85,20,0.02343354863114655,-1,0
vehicle_cut_in,217,85,20,0.02266844967380166,-1,0
vehicle_cut_in,218,85,20,0.022916699526831508,-1,0
vehicle_cut_in,219,85,20,0.0215784995816648,-1,0
vehicle_cut_in,220,85,20,0.0538766966201365,38,1
vehicle_cut_in,221,85,20,0.045287597458809614,54,1
vehicle_cut_in,222,85,20,0.02203244948759675,-1,0
vehicle_cut_in,223,85,20,0.022461998742073774,-1,0
vehicle_cut_in,224,85,20,0.022103398805484176,-1,0
vehicle_cut_in,225,85,20,0.05190629744902253,48,1
vehicle_cut_in,226,85,20,0.022631650790572166,-1,0
vehicle_cut_in,227,85,20,0.022455002181231976,-1,0
vehicle_cut_in,228,85,20,0.022304500453174114,-1,0
vehicle_cut_in,229,85,20,0.022309954511001706,-1,0
vehicle_cut_in,230,85,20,0.022804451873525977,-1,0
vehicle_cut_in,231,85,20,0.021412846399471164,-1,0
vehicle_cut_in,232,85,20,0.0224752991925925,-1,0
vehicle_cut_in,233,85,20,0.02192719839513302,-1,0
vehicle_cut_in,234,85,20,0.022005400387570262,-1,0
vehicle_cut_in,235,85,20,0.023227103520184755,-1,0
vehicle_cut_in,236,85,20,0.021930999355390668,-1,0
vehicle_cut_in,237,85,20,0.02214779960922897,-1,0
vehicle_cut_in,238,85,20,0.021819595713168383,-1,0
vehicle_cut_in,239,85,20,0.02245384966954589,-1,0
vehicle_cut_in,240,85,20,0.02278574975207448,-1,0
vehicle_cut_in,241,85,20,0.022113695740699768,-1,0
vehicle_cut_in,242,85,20,0.02245999639853835,-1,0
vehicle_cut_in,243,85,20,0.05199924926273525,39,1
vehicle_cut_in,244,85,20,0.02191800158470869,-1,0
vehicle_cut_in,245,85,20,0.022338097915053368,-1,0
vehicle_cut_in,246,85,20,0.022777897538617253,-1,0
vehicle_cut_in,247,85,20,0.022119400091469288,-1,0
vehicle_cut_in,248,85,20,0.022360548609867692,-1,0
vehicle_cut_in,249,85,20,0.022869749227538705,-1,0
vehicle_cut_in,250,85,20,0.022896449081599712,-1,0
vehicle_cut_in,251,85,20,0.022174447076395154,-1,0
vehicle_cut_in,252,85,20,0.05394355393946171,28,1
vehicle_cut_in,253,85,20,0.022531452123075724,-1,0
vehicle_cut_in,254,85,20,0.021600350737571716,-1,0
vehicle_cut_in,255,85,20,0.02266520168632269,-1,0
vehicle_cut_in,256,85,20,0.022273347713053226,-1,0
vehicle_cut_in,257,85,20,0.022762548178434372,-1,0
vehicle_cut_in,258,85,20,0.0220621470361948,-1,0
vehicle_cut_in,259,85,20,0.02174715045839548,-1,0
vehicle_cut_in,260,85,20,0.022778153652325273,-1,0
vehicle_cut_in,261,85,20,0.022092799190431833,-1,0
vehicle_cut_in,262,85,20,0.022628402803093195,-1,0
vehicle_cut_in,263,85,20,0.021621596533805132,-1,0
vehicle_cut_in,264,85,20,0.02246625372208655,-1,0
vehicle_cut_in,265,85,20,0.02259159809909761,-1,0
vehicle_cut_in,266,85,20,0.021956197451800108,-1,0
vehicle_cut_in,267,85,20,0.02285584923811257,-1,0
vehicle_cut_in,268,85,20,0.023008452262729406,-1,0
vehicle_cut_in,269,85,20,0.022385799093171954,-1,0
vehicle_cut_in,270,85,20,0.022713298676535487,-1,0
vehicle_cut_in,271,85,20,0.022865948267281055,-1,0
vehicle_cut_in,272,85,20,0.022721401182934642,-1,0
vehicle_cut_in,273,85,20,0.0215274456422776,-1,0
vehicle_cut_in,274,85,20,0.023098947713151574,-1,0
vehicle_cut_in,275,85,20,0.022842403268441558,-1,0
vehicle_cut_in,276,85,20,0.022475398145616055,-1,0
vehicle_cut_in,277,85,20,0.022993801394477487,-1,0
vehicle_cut_in,278,85,20,0.022630603052675724,-1,0
vehicle_cut_in,279,85,20,0.022617599461227655,-1,0
vehicle_cut_in,280,85,20,0.021909800125285983,-1,0
vehicle_cut_in,281,85,20,0.04975220072083175,43,1
vehicle_cut_in,282,85,20,0.02150924992747605,-1,0
vehicle_cut_in,283,85,20,0.022818753495812416,-1,0
vehicle_cut_in,284,85,20,0.02249630051665008,-1,0
vehicle_cut_in,285,85,20,0.022868550149723887,-1,0
vehicle_cut_in,286,85,20,0.022841402096673846,-1,0
vehicle_cut_in,287,85,20,0.02214144915342331,-1,0
vehicle_cut_in,288,85,20,0.02261074841953814,-1,0
vehicle_cut_in,289,85,20,0.021651247516274452,-1,0
vehicle_cut_in,290,85,20,0.022517499746754766,-1,0
vehicle_cut_in,291,85,20,0.022002996411174536,-1,0
vehicle_cut_in,292,85,20,0.022521353093907237,-1,0
vehicle_cut_in,293,85,20,0.022504146909341216,-1,0
vehicle_cut_in,294,85,20,0.02284154761582613,-1,0
vehicle_cut_in,295,85,20,0.022096349857747555,-1,0
vehicle_cut_in,296,85,20,0.02150289947167039,-1,0
vehicle_cut_in,297,85,20,0.022409047232940793,-1,0
vehicle_cut_in,298,85,20,0.02165719633921981,-1,0
vehicle_cut_in,299,85,20,0.021768850274384022,-1,0
vehicle_cut_in,300,85,20,0.022579997312277555,-1,0
vehicle_cut_in,301,85,20,0.021963752806186676,-1,0
vehicle_cut_in,302,85,20,0.02237575245089829,-1,0
vehicle_cut_in,303,85,20,0.02212999970652163,-1,0
vehicle_cut_in,304,85,20,0.022243952844291925,-1,0
vehicle_cut_in,305,85,20,0.022266950691118836,-1,0
vehicle_cut_in,306,85,20,0.022562703816220164,-1,0
vehicle_cut_in,307,85,20,0.021886901231482625,-1,0
vehicle_cut_in,308,85,20,0.04348664660938084,55,1
vehicle_cut_in,309,85,20,0.023257400607690215,-1,0
vehicle_cut_in,310,85,20,0.023475545458495617,-1,0
vehicle_cut_in,311,85,20,0.021564803319051862,-1,0
vehicle_cut_in,312,85,20,0.021960196318104863,-1,0
vehicle_cut_in,313,85,20,0.022613449255004525,-1,0
vehicle_cut_in,314,85,20,0.02186190104112029,-1,0
vehicle_cut_in,315,85,20,0.023331254487857223,-1,0
vehicle_cut_in,316,85,20,0.022332253865897655,-1,0
vehicle_cut_in,317,85,20,0.022303301375359297,-1,0
vehicle_cut_in,318,85,20,0.023185147438198328,-1,0
vehicle_cut_in,319,85,20,0.022266898304224014,-1,0
vehicle_cut_in,320,85,20,0.02169520012103021,-1,0
vehicle_cut_in,321,85,20,0.022125797113403678,-1,0
vehicle_cut_in,322,85,20,0.023071246687322855,-1,0
vehicle_cut_in,323,85,20,0.022186647402122617,-1,0
vehicle_cut_in,324,85,20,0.02183004980906844,-1,0
vehicle_cut_in,325,85,20,0.022764952154830098,-1,0
vehicle_cut_in,326,85,20,0.022450299002230167,-1,0
vehicle_cut_in,327,85,20,0.023502897238358855,-1,0
vehicle_cut_in,328,85,20,0.022961897775530815,-1,0
vehicle_cut_in,329,85,20,0.022543745581060648,-1,0
vehicle_cut_in,330,85,20,0.022659747628495097,-1,0
vehicle_cut_in,331,85,20,0.021874852245673537,-1,0
vehicle_cut_in,332,85,20,0.022851198446005583,-1,0
vehicle_cut_in,333,85,20,0.02226160140708089,-1,0
vehicle_cut_in,334,85,20,0.021905702305957675,-1,0
vehicle_cut_in,335,85,20,0.022097950568422675,-1,0
vehicle_cut_in,336,85,20,0.022204703418537974,-1,0
vehicle_cut_in,337,85,20,0.022221403196454048,-1,0
vehicle_cut_in,338,85,20,0.021923950407654047,-1,0
vehicle_cut_in,339,85,20,0.022292451467365026,-1,0
vehicle_cut_in,340,85,20,0.021540949819609523,-1,0
vehicle_cut_in,341,85,20,0.02241909969598055,-1,0
vehicle_cut_in,342,85,20,0.05582544836215675,35,1
vehicle_cut_in,343,85,20,0.02332869917154312,-1,0
vehicle_cut_in,344,85,20,0.02152369706891477,-1,0
vehicle_cut_in,345,85,20,0.022710702614858747,-1,0
vehicle_cut_in,346,85,20,0.022997654741629958,-1,0
vehicle_cut_in,347,85,20,0.02144934842363,-1,0
vehicle_cut_in,348,85,20,0.022720650304108858,-1,0
vehicle_cut_in,349,85,20,0.022331002401188016,-1,0
vehicle_cut_in,350,85,20,0.022158550564199686,-1,0
vehicle_cut_in,351,85,20,0.021558901062235236,-1,0
vehicle_cut_in,352,85,20,0.02229990204796195,-1,0
vehicle_cut_in,353,85,20,0.022203201660886407,-1,0
vehicle_cut_in,354,85,20,0.021888897754251957,-1,0
vehicle_cut_in,355,85,20,0.022774102399125695,-1,0
vehicle_cut_in,356,85,20,0.022362801246345043,-1,0
vehicle_cut_in,357,85,20,0.02233239938504994,-1,0
vehicle_cut_in,358,85,20,0.02182039897888899,-1,0
vehicle_cut_in,359,85,20,0.021788798039779067,-1,0
vehicle_cut_in,360,85,20,0.02291419659741223,-1,0
vehicle_cut_in,361,85,20,0.021700799698010087,-1,0
vehicle_cut_in,362,85,20,0.021882652072235942,-1,0
vehicle_cut_in,363,85,20,0.023200397845357656,-1,0
vehicle_cut_in,364,85,20,0.022144196555018425,-1,0
vehicle_cut_in,365,85,20,0.021737051429226995,-1,0
vehicle_cut_in,366,85,20,0.022099452326074243,-1,0
vehicle_cut_in,367,85,20,0.022353645181283355,-1,0
vehicle_cut_in,368,85,20,0.02158039715141058,-1,0
vehicle_cut_in,369,85,20,0.022081052884459496,-1,0
vehicle_cut_in,370,85,20,0.022612098837271333,-1,0
vehicle_cut_in,371,85,20,0.021681154612451792,-1,0
vehicle_cut_in,372,85,20,0.02281949855387211,-1,0
vehicle_cut_in,373,85,20,0.022730848286300898,-1,0
vehicle_cut_in,374,85,20,0.022719154367223382,-1,0
vehicle_cut_in,375,85,20,0.021924404427409172,-1,0
vehicle_cut_in,376,85,20,0.021836499217897654,-1,0
vehicle_cut_in,377,85,20,0.022250000620260835,-1,0
vehicle_cut_in,378,85,20,0.022187246941030025,-1,0
vehicle_cut_in,379,85,20,0.021881848806515336,-1,0
vehicle_cut_in,380,85,20,0.022301753051579,-1,0
vehicle_cut_in,381,85,20,0.02222919720225036,-1,0
vehicle_cut_in,382,85,20,0.022786151384934783,-1,0
vehicle_cut_in,383,85,20,0.021673901937901974,-1,0
vehicle_cut_in,384,85,20,0.021633500000461936,-1,0
vehicle_cut_in,385,85,20,0.02235255087725818,-1,0
vehicle_cut_in,386,85,20,0.02255369909107685,-1,0
vehicle_cut_in,387,85,20,0.02238560118712485,-1,0
vehicle_cut_in,388,85,20,0.022336951224133372,-1,0
vehicle_cut_in,389,85,20,0.022804748732596636,-1,0
vehicle_cut_in,390,85,20,0.021709303837269545,-1,0
vehicle_cut_in,391,85,20,0.022294698283076286,-1,0
vehicle_cut_in,392,85,20,0.02156919799745083,-1,0
vehicle_cut_in,393,85,20,0.02310709678567946,-1,0
vehicle_cut_in,394,85,20,0.02293564612045884,-1,0
vehicle_cut_in,395,85,20,0.02264580107294023,-1,0
vehicle_cut_in,396,85,20,0.022436148719862103,-1,0
vehicle_cut_in,397,85,20,0.02155459951609373,-1,0
vehicle_cut_in,398,85,20,0.022208801237866282,-1,0
vehicle_cut_in,399,85,20,0.02180709852837026,-1,0
vehicle_cut_in,400,85,20,0.050703203305602074,36,1
vehicle_cut_in,401,85,20,0.02196510322391987,-1,0
vehicle_cut_in,402,85,20,0.023071555187925696,-1,0
vehicle_cut_in,403,85,20,0.021904747700318694,-1,0
vehicle_cut_in,404,85,20,0.022361899027600884,-1,0
vehicle_cut_in,405,85,20,0.02214779960922897,-1,0
vehicle_cut_in,406,85,20,0.02248164964839816,-1,0
vehicle_cut_in,407,85,20,0.022122845984995365,-1,0
vehicle_cut_in,408,85,20,0.021928001660853624,-1,0
vehicle_cut_in,409,85,20,0.02298979670740664,-1,0
vehicle_cut_in,410,85,20,0.022106600226834416,-1,0
vehicle_cut_in,411,85,20,0.022660399554297328,-1,0
vehicle_cut_in,412,85,20,0.02176564885303378,-1,0
vehicle_cut_in,413,85,20,0.022948900004848838,-1,0
vehicle_cut_in,414,85,20,0.022199249360710382,-1,0
vehicle_cut_in,415,85,20,0.02207200159318745,-1,0
vehicle_cut_in,416,85,20,0.02272995188832283,-1,0
vehicle_cut_in,417,85,20,0.022673304192721844,-1,0
vehicle_cut_in,418,85,20,0.022075651213526726,-1,0
vehicle_cut_in,419,85,20,0.02160689909942448,-1,0
vehicle_cut_in,420,85,20,0.04480774514377117,65,1
vehicle_cut_in,421,85,20,0.02181215095333755,-1,0
vehicle_cut_in,422,85,20,0.022305850870907307,-1,0
vehicle_cut_in,423,85,20,0.02247109659947455,-1,0
vehicle_cut_in,424,85,20,0.022737652761861682,-1,0
vehicle_cut_in,425,85,20,0.022309349151328206,-1,0
vehicle_cut_in,426,85,20,0.02148769563063979,-1,0
vehicle_cut_in,427,85,20,0.053092651069164276,34,1
vehicle_cut_in,428,85,20,0.022929348051548004,-1,0
vehicle_cut_in,429,85,20,0.04549394943751395,51,1
vehicle_cut_in,430,85,20,0.022823899053037167,-1,0
vehicle_cut_in,431,85,20,0.022772199008613825,-1,0
vehicle_cut_in,432,85,20,0.022556097246706486,-1,0
vehicle_cut_in,433,85,20,0.021821248810738325,-1,0
vehicle_cut_in,434,85,20,0.022149301366880536,-1,0
vehicle_cut_in,435,85,20,0.021884450688958168,-1,0
vehicle_cut_in,436,85,20,0.021908996859565377,-1,0
vehicle_cut_in,437,85,20,0.022757850820198655,-1,0
vehicle_cut_in,438,85,20,0.022189400624483824,-1,0
vehicle_cut_in,439,85,20,0.02203694893978536,-1,0
vehicle_cut_in,440,85,20,0.023301999317482114,-1,0
vehicle_cut_in,441,85,20,0.021835946245118976,-1,0
vehicle_cut_in,442,85,20,0.023445149417966604,-1,0
vehicle_cut_in,443,85,20,0.022848648950457573,-1,0
vehicle_cut_in,444,85,20,0.0226136005949229,-1,0
vehicle_cut_in,445,85,20,0.021649949485436082,-1,0
vehicle_cut_in,446,85,20,0.022048450773581862,-1,0
vehicle_cut_in,447,85,20,0.022808852372691035,-1,0
vehicle_cut_in,448,85,20,0.021710200235247612,-1,0
vehicle_cut_in,449,85,20,0.02310550189577043,-1,0
vehicle_cut_in,450,85,20,0.02164510078728199,-1,0
vehicle_cut_in,451,85,20,0.022626295685768127,-1,0
vehicle_cut_in,452,85,20,0.021829898469150066,-1,0
vehicle_cut_in,453,85,20,0.021860050037503242,-1,0
vehicle_cut_in,454,85,20,0.022558646742254496,-1,0
vehicle_cut_in,455,85,20,0.02171809901483357,-1,0
vehicle_cut_in,456,85,20,0.0511366524733603,40,1
vehicle_cut_in,457,85,20,0.022240198450163007,-1,0
vehicle_cut_in,458,85,20,0.021913053933531046,-1,0
vehicle_cut_in,459,85,20,0.02236560103483498,-1,0
vehicle_cut_in,460,85,20,0.02284115180373192,-1,0
vehicle_cut_in,461,85,20,0.022451701806858182,-1,0
vehicle_cut_in,462,85,20,0.022199953673407435,-1,0
vehicle_cut_in,463,85,20,0.04611659678630531,48,1
vehicle_cut_in,464,85,20,0.022525497479364276,-1,0
vehicle_cut_in,465,85,20,0.022095348685979843,-1,0
vehicle_cut_in,466,85,20,0.022837449796497822,-1,0
vehicle_cut_in,467,85,20,0.02249124809168279,-1,0
vehicle_cut_in,468,85,20,0.02197090070694685,-1,0
vehicle_cut_in,469,85,20,0.021805550204589963,-1,0
vehicle_cut_in,470,85,20,0.022306799655780196,-1,0
vehicle_cut_in,471,85,20,0.02227919758297503,-1,0
vehicle_cut_in,472,85,20,0.02196584828197956,-1,0
vehicle_cut_in,473,85,20,0.022441550390794873,-1,0
vehicle_cut_in,474,85,20,0.021760747767984867,-1,0
vehicle_cut_in,475,85,20,0.05324680241756141,36,1
vehicle_cut_in,476,85,20,0.022761651780456305,-1,0
vehicle_cut_in,477,85,20,0.022480898769572377,-1,0
vehicle_cut_in,478,85,20,0.022256298689171672,-1,0
vehicle_cut_in,479,85,20,0.05299519980326295,42,1
vehicle_cut_in,480,85,20,0.023209297796711326,-1,0
vehicle_cut_in,481,85,20,0.021861150162294507,-1,0
vehicle_cut_in,482,85,20,0.02229645033366978,-1,0
vehicle_cut_in,483,85,20,0.02243695198558271,-1,0
vehicle_cut_in,484,85,20,0.022124050883576274,-1,0
vehicle_cut_in,485,85,20,0.022317504044622183,-1,0
vehicle_cut_in,486,85,20,0.022648100275546312,-1,0
vehicle_cut_in,487,85,20,0.021588947856798768,-1,0
vehicle_cut_in,488,85,20,0.021634105360135436,-1,0
vehicle_cut_in,489,85,20,0.023478001821786165,-1,0
vehicle_cut_in,490,85,20,0.021850602934136987,-1,0
vehicle_cut_in,491,85,20,0.02186864730902016,-1,0
vehicle_cut_in,492,85,20,0.0225785537622869,-1,0
vehicle_cut_in,493,85,20,0.022281351266428828,-1,0
vehicle_cut_in,494,85,20,0.022031052503734827,-1,0
vehicle_cut_in,495,85,20,0.02200950402766466,-1,0
vehicle_cut_in,496,85,20,0.02312149736098945,-1,0
vehicle_cut_in,497,85,20,0.02245765062980354,-1,0
vehicle_cut_in,498,85,20,0.022899749455973506,-1,0
vehicle_cut_in,499,85,20,0.02220780006609857,-1,0
parked_and_oncoming,0,97,20,0.08731160196475685,-1,1
parked_and_oncoming,1,97,20,0.08579834830015898,-1,1
parked_and_oncoming,2,97,20,0.08489430183544755,-1,1
parked_and_oncoming,3,97,20,0.08572929655201733,-1,1
parked_and_oncoming,4,97,20,0.0786378514021635,-1,1
parked_and_oncoming,5,97,20,0.08702835184521973,-1,1
parked_and_oncoming,6,97,20,0.08668054942972958,-1,1
parked_and_oncoming,7,97,20,0.08824099786579609,41,1
parked_and_oncoming,8,97,20,0.06884229951538146,-1,1
parked_and_oncoming,9,97,20,0.08644359768368304,-1,1
parked_and_oncoming,10,97,20,0.08873555343598127,-1,1
parked_and_oncoming,11,97,20,0.07751784869469702,-1,1
parked_and_oncoming,12,97,20,0.0770680489949882,-1,1
parked_and_oncoming,13,97,20,0.08908020099624991,-1,1
parked_and_oncoming,14,97,20,0.09024680475704372,-1,1
parked_and_oncoming,15,97,20,0.08788815466687083,-1,1
parked_and_oncoming,16,97,20,0.08806830155663192,-1,1
parked_and_oncoming,17,97,20,0.08642409811727703,-1,1
parked_and_oncoming,18,97,20,0.0865617475938052,-1,1
parked_and_oncoming,19,97,20,0.08568784687668085,-1,1
parked_and_oncoming,20,97,20,0.08446915308013558,-1,1
parked_and_oncoming,21,97,20,0.06791719933971763,-1,1
parked_and_oncoming,22,97,20,0.06871465011499822,-1,1
parked_and_oncoming,23,97,20,0.08364940294995904,-1,1
parked_and_oncoming,24,97,20,0.08718195022083819,-1,1
parked_and_oncoming,25,97,20,0.0851538497954607,-1,1
parked_and_oncoming,26,97,20,0.08452114998362958,-1,1
parked_and_oncoming,27,97,20,0.0687413034029305,-1,1
parked_and_oncoming,28,97,20,0.08760394994169474,-1,1
parked_and_oncoming,29,97,20,0.0744280987419188,-1,1
parked_and_oncoming,30,97,20,0.0867004506289959,-1,1
parked_and_oncoming,31,97,20,0.07282249862328172,-1,1
parked_and_oncoming,32,97,20,0.08486310252919793,-1,1
parked_and_oncoming,33,97,20,0.07660529809072614,-1,1
parked_and_oncoming,34,97,20,0.08529695332981646,-1,1
parked_and_oncoming,35,97,20,0.08876774809323251,-1,1
parked_and_oncoming,36,97,20,0.08610750082880259,-1,1
parked_and_oncoming,37,97,20,0.08438520017080009,-1,1
parked_and_oncoming,38,97,20,0.08531039929948747,-1,1
parked_and_oncoming,39,97,20,0.06843769806437194,-1,1
parked_and_oncoming,40,97,20,0.07682884461246431,-1,1
parked_and_oncoming,41,97,20,0.08577390108257532,-1,1
parked_and_oncoming,42,97,20,0.08525369921699166,-1,1
parked_and_oncoming,43,97,20,0.07603404810652137,-1,1
parked_and_oncoming,44,97,20,0.084640400018543,-1,1
parked_and_oncoming,45,97,20,0.08484740392304957,-1,1
parked_and_oncoming,46,97,20,0.08401864906772971,-1,1
parked_and_oncoming,47,97,20,0.08395035401917994,-1,1
parked_and_oncoming,48,97,20,0.08516450179740787,-1,1
parked_and_oncoming,49,97,20,0.06905319751240313,-1,1
parked_and_oncoming,50,97,20,0.0854399986565113,-1,1
parked_and_oncoming,51,97,20,0.08620995213277638,-1,1
parked_and_oncoming,52,97,20,0.0864036031998694,-1,1
parked_and_oncoming,53,97,20,0.08479424868710339,-1,1
parked_and_oncoming,54,97,20,0.0850566488225013,-1,1
parked_and_oncoming,55,97,20,0.085839704843238,-1,1
parked_and_oncoming,56,97,20,0.08579780114814639,-1,1
parked_and_oncoming,57,97,20,0.08499635150656104,-1,1
parked_and_oncoming,58,97,20,0.08476549992337823,-1,1
parked_and_oncoming,59,97,20,0.0840761000290513,-1,1
parked_and_oncoming,60,97,20,0.06980604957789183,-1,1
parked_and_oncoming,61,97,20,0.08421174716204405,-1,1
parked_and_oncoming,62,97,20,0.0858771032653749,-1,1
parked_and_oncoming,63,97,20,0.08545530145056546,-1,1
parked_and_oncoming,64,97,20,0.07198710227385163,-1,1
parked_and_oncoming,65,97,20,0.07371415267698467,-1,1
parked_and_oncoming,66,97,20,0.08698930032551289,-1,1
parked_and_oncoming,67,97,20,0.08709575049579144,-1,1
parked_and_oncoming,68,97,20,0.08808595011942089,-1,1
parked_and_oncoming,69,97,20,0.08715879521332681,-1,1
parked_and_oncoming,70,97,20,0.08753555011935532,-1,1
parked_and_oncoming,71,97,20,0.08740859921090305,-1,1
parked_and_oncoming,72,97,20,0.07114569889381528,-1,1
parked_and_oncoming,73,97,20,0.08814604952931404,-1,1
parked_and_oncoming,74,97,20,0.06876360275782645,-1,1
parked_and_oncoming,75,97,20,0.07139494991861284,-1,1
parked_and_oncoming,76,97,20,0.08601430454291403,-1,1
parked_and_oncoming,77,97,20,0.08745140512473881,-1,1
parked_and_oncoming,78,97,20,0.08554515079595149,-1,1
parked_and_oncoming,79,97,20,0.08570894715376198,-1,1
parked_and_oncoming,80,97,20,0.08983034640550613,-1,1
parked_and_oncoming,81,97,20,0.08797674672678113,-1,1
parked_and_oncoming,82,97,20,0.08624574984423816,-1,1
parked_and_oncoming,83,97,20,0.08770984713919461,-1,1
parked_and_oncoming,84,97,20,0.08793980232439935,-1,1
parked_and_oncoming,85,97,20,0.0856266007758677,-1,1
parked_and_oncoming,86,97,20,0.08694769931025803,-1,1
parked_and_oncoming,87,97,20,0.08869144949130714,-1,1
parked_and_oncoming,88,97,20,0.07157124928198755,-1,1
parked_and_oncoming,89,97,20,0.08656355203129351,-1,1
parked_and_oncoming,90,97,20,0.08720069890841842,-1,1
parked_and_oncoming,91,97,20,0.08713009883649647,-1,1
parked_and_oncoming,92,97,20,0.08850289741531014,-1,1
parked_and_oncoming,93,97,20,0.08731404668651521,-1,1
parked_and_oncoming,94,97,20,0.08870615274645388,-1,1
parked_and_oncoming,95,97,20,0.08691224502399564,-1,1
parked_and_oncoming,96,97,20,0.08719529723748565,-1,1
parked_and_oncoming,97,97,20,0.07976125343702734,-1,1
parked_and_oncoming,98,97,20,0.08713525021448731,-1,1
parked_and_oncoming,99,97,20,0.07259760168381035,-1,1
parked_and_oncoming,100,97,20,0.07166890427470207,-1,1
parked_and_oncoming,101,97,20,0.08656249847263098,-1,1
parked_and_oncoming,102,97,20,0.06911095115356147,-1,1
parked_and_oncoming,103,97,20,0.08818954811431468,-1,1
parked_and_oncoming,104,97,20,0.09152725106105208,42,1
parked_and_oncoming,105,97,20,0.08740175398997962,-1,1
parked_and_oncoming,106,97,20,0.08700629696249962,-1,1
parked_and_oncoming,107,97,20,0.08703194907866418,-1,1
parked_and_oncoming,108,97,20,0.08756574825383723,-1,1
parked_and_oncoming,109,97,20,0.08589359931647778,-1,1
parked_and_oncoming,110,97,20,0.07174129714258015,-1,1
parked_and_oncoming,111,97,20,0.08636304992251098,-1,1
parked_and_oncoming,112,97,20,0.08574000094085932,-1,1
parked_and_oncoming,113,97,20,0.08723769569769502,-1,1
parked_and_oncoming,114,97,20,0.08627994684502482,-1,1
parked_and_oncoming,115,97,20,0.08543520234525204,-1,1
parked_and_oncoming,116,97,20,0.0869663490448147,-1,1
parked_and_oncoming,117,97,20,0.08634349796921015,-1,1
parked_and_oncoming,118,97,20,0.08688635425642133,-1,1
parked_and_oncoming,119,97,20,0.08745439699850976,-1,1
parked_and_oncoming,120,97,20,0.08937320089899004,38,1
parked_and_oncoming,121,97,20,0.0864753033965826,-1,1
parked_and_oncoming,122,97,20,0.08699099998921156,-1,1
parked_and_oncoming,123,97,20,0.08734239963814616,-1,1
parked_and_oncoming,124,97,20,0.0877529033459723,-1,1
parked_and_oncoming,125,97,20,0.08617670391686261,-1,1
parked_and_oncoming,126,97,20,0.09347894811071455,-1,1
parked_and_oncoming,127,97,20,0.09017710108309984,39,1
parked_and_oncoming,128,97,20,0.08693435229361057,-1,1
parked_and_oncoming,129,97,20,0.07256080280058086,-1,1
parked_and_oncoming,130,97,20,0.08700909675098956,-1,1
parked_and_oncoming,131,97,20,0.08740384946577251,-1,1
parked_and_oncoming,132,97,20,0.06871140212751925,-1,1
parked_and_oncoming,133,97,20,0.07669664919376373,-1,1
parked_and_oncoming,134,97,20,0.07304435130208731,-1,1
parked_and_oncoming,135,97,20,0.08878444787114859,-1,1
parked_and_oncoming,136,97,20,0.07715775282122195,-1,1
parked_and_oncoming,137,97,20,0.086980004562065,-1,1
parked_and_oncoming,138,97,20,0.08696620352566242,-1,1
parked_and_oncoming,139,97,20,0.08711300324648619,-1,1
parked_and_oncoming,140,97,20,0.08909829775802791,-1,1
parked_and_oncoming,141,97,20,0.08659575250931084,-1,1
parked_and_oncoming,142,97,20,0.08802835363894701,-1,1
parked_and_oncoming,143,97,20,0.08655685232952237,-1,1
parked_and_oncoming,144,97,20,0.08726035011932254,-1,1
parked_and_oncoming,145,97,20,0.08812249870970845,-1,1
parked_and_oncoming,146,97,20,0.07267029723152518,-1,1
parked_and_oncoming,147,97,20,0.07648689788766205,-1,1
parked_and_oncoming,148,97,20,0.06931570242159069,-1,1
parked_and_oncoming,149,97,20,0.08826610282994807,-1,1
parked_and_oncoming,150,97,20,0.08741289493627846,-1,1
parked_and_oncoming,151,97,20,0.07316130213439465,-1,1
parked_and_oncoming,152,97,20,0.08684200001880527,40,1
parked_and_oncoming,153,97,20,0.08695995202288032,-1,1
parked_and_oncoming,154,97,20,0.0746197474654764,-1,1
parked_and_oncoming,155,97,20,0.08735185256227851,-1,1
parked_and_oncoming,156,97,20,0.08818059577606618,-1,1
parked_and_oncoming,157,97,20,0.07912874571047723,-1,1
parked_and_oncoming,158,97,20,0.08733710274100304,-1,1
parked_and_oncoming,159,97,20,0.08791834698058665,-1,1
parked_and_oncoming,160,97,20,0.08755149901844561,-1,1
parked_and_oncoming,161,97,20,0.07050689891912043,-1,1
parked_and_oncoming,162,97,20,0.07332045352086425,-1,1
parked_and_oncoming,163,97,20,0.07135224877856672,-1,1
parked_and_oncoming,164,97,20,0.0873878481797874,45,1
parked_and_oncoming,165,97,20,0.08836479973979294,-1,1
parked_and_oncoming,166,97,20,0.07509024580940604,-1,1
parked_and_oncoming,167,97,20,0.08786934777162969,-1,1
parked_and_oncoming,168,97,20,0.08578509441576898,-1,1
parked_and_oncoming,169,97,20,0.07082095253281295,-1,1
parked_and_oncoming,170,97,20,0.07081905496306717,-1,1
parked_and_oncoming,171,97,20,0.089499750174582,-1,1
parked_and_oncoming,172,97,20,0.08761465433053672,-1,1
parked_and_oncoming,173,97,20,0.08738554897718132,-1,1
parked_and_oncoming,174,97,20,0.08679855382069945,-1,1
parked_and_oncoming,175,97,20,0.08822579984553158,-1,1
parked_and_oncoming,176,97,20,0.09052390232682228,-1,1
parked_and_oncoming,177,97,20,0.08972950163297355,-1,1
parked_and_oncoming,178,97,20,0.08652094984427094,-1,1
parked_and_oncoming,179,97,20,0.08797229966148734,-1,1
parked_and_oncoming,180,97,20,0.0872540520504117,-1,1
parked_and_oncoming,181,97,20,0.07150309975259006,-1,1
parked_and_oncoming,182,97,20,0.08854594780132174,-1,1
parked_and_oncoming,183,97,20,0.08703104685992002,-1,1
parked_and_oncoming,184,97,20,0.06815969827584922,-1,1
parked_and_oncoming,185,97,20,0.08725415100343525,-1,1
parked_and_oncoming,186,97,20,0.08704390493221581,-1,1
parked_and_oncoming,187,97,20,0.08798154885880649,39,1
parked_and_oncoming,188,97,20,0.07108069839887321,-1,1
parked_and_oncoming,189,97,20,0.08873069891706109,-1,1
parked_and_oncoming,190,97,20,0.08748429827392101,-1,1
parked_and_oncoming,191,97,20,0.08621105225756764,-1,1
parked_and_oncoming,192,97,20,0.07731924997642636,-1,1
parked_and_oncoming,193,97,20,0.08858249639160931,-1,1
parked_and_oncoming,194,97,20,0.08764739613980055,-1,1
parked_and_oncoming,195,97,20,0.08860229863785207,-1,1
parked_and_oncoming,196,97,20,0.08786575053818524,-1,1
parked_and_oncoming,197,97,20,0.08554175146855414,-1,1
parked_and_oncoming,198,97,20,0.08686775108799338,-1,1
parked_and_oncoming,199,97,20,0.08784545352682471,-1,1
parked_and_oncoming,200,97,20,0.08804310346022248,-1,1
parked_and_oncoming,201,97,20,0.08644374902360141,-1,1
parked_and_oncoming,202,97,20,0.08714789873920381,-1,1
parked_and_oncoming,203,97,20,0.08767774561420083,-1,1
parked_and_oncoming,204,97,20,0.08820465300232172,-1,1
parked_and_oncoming,205,97,20,0.08829499711282551,-1,1
parked_and_oncoming,206,97,20,0.08707634988240898,-1,1
parked_and_oncoming,207,97,20,0.08694694843143225,-1,1
parked_and_oncoming,208,97,20,0.08844095282256603,-1,1
parked_and_oncoming,209,97,20,0.06992279668338597,-1,1
parked_and_oncoming,210,97,20,0.08803335367701948,-1,1
parked_and_oncoming,211,97,20,0.0869879499077797,-1,1
parked_and_oncoming,212,97,20,0.07083205273374915,-1,1
parked_and_oncoming,213,97,20,0.08803969831205904,-1,1
parked_and_oncoming,214,97,20,0.08870525052770972,-1,1
parked_and_oncoming,215,97,20,0.08680030005052686,-1,1
parked_and_oncoming,216,97,20,0.0876315520144999,-1,1
parked_and_oncoming,217,97,20,0.08774909656494856,-1,1
parked_and_oncoming,218,97,20,0.06948070367798209,-1,1
parked_and_oncoming,219,97,20,0.07172335172072053,-1,1
parked_and_oncoming,220,97,20,0.08008814766071737,-1,1
parked_and_oncoming,221,97,20,0.08856919594109058,-1,1
parked_and_oncoming,222,97,20,0.06993089918978512,-1,1
parked_and_oncoming,223,97,20,0.08840844966471195,-1,1
parked_and_oncoming,224,97,20,0.08655025158077478,-1,1
parked_and_oncoming,225,97,20,0.07014989969320595,-1,1
parked_and_oncoming,226,97,20,0.08803695091046393,-1,1
parked_and_oncoming,227,97,20,0.08605009643360972,-1,1
parked_and_oncoming,228,97,20,0.08864594856277108,-1,1
parked_and_oncoming,229,97,20,0.08777639595791698,-1,1
parked_and_oncoming,230,97,20,0.08052360499277711,-1,1
parked_and_oncoming,231,97,20,0.08960620034486055,-1,1
parked_and_oncoming,232,97,20,0.08808900020085275,-1,1
parked_and_oncoming,233,97,20,0.08739454788155854,-1,1
parked_and_oncoming,234,97,20,0.07451784913428128,-1,1
parked_and_oncoming,235,97,20,0.08713719435036182,-1,1
parked_and_oncoming,236,97,20,0.08790415013208985,-1,1
parked_and_oncoming,237,97,20,0.08546109893359244,-1,1
parked_and_oncoming,238,97,20,0.08841814706102014,-1,1
parked_and_oncoming,239,97,20,0.08675014832988381,-1,1
parked_and_oncoming,240,97,20,0.07011559791862965,-1,1
parked_and_oncoming,241,97,20,0.08795714820735157,-1,1
parked_and_oncoming,242,97,20,0.07201594999060035,-1,1
parked_and_oncoming,243,97,20,0.0880164501722902,-1,1
parked_and_oncoming,244,97,20,0.08721179910935462,-1,1
parked_and_oncoming,245,97,20,0.08868935401551425,-1,1
parked_and_oncoming,246,97,20,0.08595535182394087,-1,1
parked_and_oncoming,247,97,20,0.07023490034043789,-1,1
parked_and_oncoming,248,97,20,0.08756514871492982,-1,1
parked_and_oncoming,249,97,20,0.08850854937918484,-1,1
parked_and_oncoming,250,97,20,0.08717314922250807,-1,1
parked_and_oncoming,251,97,20,0.07841960177756846,-1,1
parked_and_oncoming,252,97,20,0.07346919737756252,-1,1
parked_and_oncoming,253,97,20,0.08796025067567825,-1,1
parked_and_oncoming,254,97,20,0.08782254881225526,-1,1
parked_and_oncoming,255,97,20,0.07303800084628165,-1,1
parked_and_oncoming,256,97,20,0.0872721488121897,-1,1
parked_and_oncoming,257,97,20,0.08865990093909204,-1,1
parked_and_oncoming,258,97,20,0.0900412502232939,-1,1
parked_and_oncoming,259,97,20,0.07031905115582049,-1,1
parked_and_oncoming,260,97,20,0.08757555042393506,-1,1
parked_and_oncoming,261,97,20,0.08760045166127384,-1,1
parked_and_oncoming,262,97,20,0.0873597979079932,-1,1
parked_and_oncoming,263,97,20,0.08698684978298843,-1,1
parked_and_oncoming,264,97,20,0.07597170188091695,-1,1
parked_and_oncoming,265,97,20,0.07181850378401577,-1,1
parked_and_oncoming,266,97,20,0.08923410205170512,-1,1
parked_and_oncoming,267,97,20,0.08840245427563787,-1,1
parked_and_oncoming,268,97,20,0.08910094620659947,-1,1
parked_and_oncoming,269,97,20,0.08706389926373959,-1,1
parked_and_oncoming,270,97,20,0.08739170152693987,-1,1
parked_and_oncoming,271,97,20,0.07876664749346673,-1,1
parked_and_oncoming,272,97,20,0.08690370013937354,-1,1
parked_and_oncoming,273,97,20,0.07545310072600842,-1,1
parked_and_oncoming,274,97,20,0.086940050823614,-1,1
parked_and_oncoming,275,97,20,0.08666590438224375,-1,1
parked_and_oncoming,276,97,20,0.0830779958050698,-1,1
parked_and_oncoming,277,97,20,0.06687399582006037,-1,1
parked_and_oncoming,278,97,20,0.07270835340023041,-1,1
parked_and_oncoming,279,97,20,0.08420535014010966,-1,1
parked_and_oncoming,280,97,20,0.08433475159108639,38,1
parked_and_oncoming,281,97,20,0.08367985137738287,-1,1
parked_and_oncoming,282,97,20,0.08811344741843641,-1,1
parked_and_oncoming,283,97,20,0.08479730458930135,-1,1
parked_and_oncoming,284,97,20,0.08449695305898786,-1,1
parked_and_oncoming,285,97,20,0.08440135279670358,-1,1
parked_and_oncoming,286,97,20,0.08526014862582088,-1,1
parked_and_oncoming,287,97,20,0.14764379593543708,-1,1
parked_and_oncoming,288,97,20,0.08493450004607439,-1,1
parked_and_oncoming,289,97,20,0.09935734560713172,-1,1
parked_and_oncoming,290,97,20,0.0818112981505692,-1,1
parked_and_oncoming,291,97,20,0.081282650353387,-1,1
parked_and_oncoming,292,97,20,0.07178430096246302,-1,1
parked_and_oncoming,293,97,20,0.08305285009555519,-1,1
parked_and_oncoming,294,97,20,0.08447340223938227,-1,1
parked_and_oncoming,295,97,20,0.07429469842463732,-1,1
parked_and_oncoming,296,97,20,0.06806274759583175,-1,1
parked_and_oncoming,297,97,20,0.06882235174998641,-1,1
parked_and_oncoming,298,97,20,0.06924429908394814,-1,1
parked_and_oncoming,299,97,20,0.08495780057273805,-1,1
parked_and_oncoming,300,97,20,0.0734615488909185,-1,1
parked_and_oncoming,301,97,20,0.08267274824902415,-1,1
parked_and_oncoming,302,97,20,0.08385049877688289,-1,1
parked_and_oncoming,303,97,20,0.08107824833132327,-1,1
parked_and_oncoming,304,97,20,0.08307030075229704,-1,1
parked_and_oncoming,305,97,20,0.08249474922195077,-1,1
parked_and_oncoming,306,97,20,0.08307354873977602,-1,1
parked_and_oncoming,307,97,20,0.08240710012614727,-1,1
parked_and_oncoming,308,97,20,0.08410904556512833,-1,1
parked_and_oncoming,309,97,20,0.08252314873971045,-1,1
parked_and_oncoming,310,97,20,0.08224020130001009,-1,1
parked_and_oncoming,311,97,20,0.07508324924856424,-1,1
parked_and_oncoming,312,97,20,0.08513089851476252,-1,1
parked_and_oncoming,313,97,20,0.08375815232284367,-1,1
parked_and_oncoming,314,97,20,0.08374825119972229,-1,1
parked_and_oncoming,315,97,20,0.0679952499922365,-1,1
parked_and_oncoming,316,97,20,0.08475534850731492,-1,1
parked_and_oncoming,317,97,20,0.08264334755949676,-1,1
parked_and_oncoming,318,97,20,0.06627130205743015,-1,1
parked_and_oncoming,319,97,20,0.0824054004624486,-1,1
parked_and_oncoming,320,97,20,0.06776329828426242,-1,1
parked_and_oncoming,321,97,20,0.08401235099881887,-1,1
parked_and_oncoming,322,97,20,0.0823262962512672,-1,1
parked_and_oncoming,323,97,20,0.08461705292575061,41,1
parked_and_oncoming,324,97,20,0.0835348037071526,-1,1
parked_and_oncoming,325,97,20,0.08172814850695431,-1,1
parked_and_oncoming,326,97,20,0.08393455063924193,-1,1
parked_and_oncoming,327,97,20,0.0746425474062562,-1,1
parked_and_oncoming,328,97,20,0.06717229844070971,-1,1
parked_and_oncoming,329,97,20,0.08359740022569895,-1,1
parked_and_oncoming,330,97,20,0.08362365188077092,-1,1
parked_and_oncoming,331,97,20,0.06518929731100798,-1,1
parked_and_oncoming,332,97,20,0.08459794917143881,42,1
parked_and_oncoming,333,97,20,0.08266725344583392,39,1
parked_and_oncoming,334,97,20,0.0821697001811117,-1,1
parked_and_oncoming,335,97,20,0.06556070293299854,-1,1
parked_and_oncoming,336,97,20,0.06751270266249776,-1,1
parked_and_oncoming,337,97,20,0.06643494707532227,-1,1
parked_and_oncoming,338,97,20,0.08332519792020321,-1,1
parked_and_oncoming,339,97,20,0.06834910018369555,-1,1
parked_and_oncoming,340,97,20,0.08379039936698973,-1,1
parked_and_oncoming,341,97,20,0.08436759817413986,-1,1
parked_and_oncoming,342,97,20,0.08267950033769011,-1,1
parked_and_oncoming,343,97,20,0.08249045349657536,-1,1
parked_and_oncoming,344,97,20,0.06740009994246066,-1,1
parked_and_oncoming,345,97,20,0.08308289689011872,-1,1
parked_and_oncoming,346,97,20,0.08379144710488617,-1,1
parked_and_oncoming,347,97,20,0.06970959948375821,-1,1
parked_and_oncoming,348,97,20,0.06787374732084572,-1,1
parked_and_oncoming,349,97,20,0.0857462000567466,-1,1
parked_and_oncoming,350,97,20,0.08731400012038648,-1,1
parked_and_oncoming,351,97,20,0.07455985178239644,-1,1
parked_and_oncoming,352,97,20,0.08708764798939228,-1,1
parked_and_oncoming,353,97,20,0.07820400060154498,-1,1
parked_and_oncoming,354,97,20,0.07793459808453918,-1,1
parked_and_oncoming,355,97,20,0.08753330330364406,-1,1
parked_and_oncoming,356,97,20,0.08863130351528525,-1,1
parked_and_oncoming,357,97,20,0.08726015221327543,-1,1
parked_and_oncoming,358,97,20,0.08867289870977402,-1,1
parked_and_oncoming,359,97,20,0.07860600017011166,-1,1
parked_and_oncoming,360,97,20,0.0871544994879514,-1,1
parked_and_oncoming,361,97,20,0.08552559884265065,-1,1
parked_and_oncoming,362,97,20,0.08430450106970966,-1,1
parked_and_oncoming,363,97,20,0.06505384808406234,-1,1
parked_and_oncoming,364,97,20,0.0850640470162034,-1,1
parked_and_oncoming,365,97,20,0.08342984947375953,-1,1
parked_and_oncoming,366,97,20,0.08575195097364485,-1,1
parked_and_oncoming,367,97,20,0.08884209673851728,-1,1
parked_and_oncoming,368,97,20,0.08391315350309014,-1,1
parked_and_oncoming,369,97,20,0.08638579747639596,-1,1
parked_and_oncoming,370,97,20,0.0841772009152919,-1,1
parked_and_oncoming,371,97,20,0.08654989651404321,-1,1
parked_and_oncoming,372,97,20,0.06940049934200943,-1,1
parked_and_oncoming,373,97,20,0.06840130081400275,-1,1
parked_and_oncoming,374,97,20,0.08642644970677793,-1,1
parked_and_oncoming,375,97,20,0.08285670191980898,-1,1
parked_and_oncoming,376,97,20,0.081814598524943,-1,1
parked_and_oncoming,377,97,20,0.08667799993418157,-1,1
parked_and_oncoming,378,97,20,0.08268120000138879,-1,1
parked_and_oncoming,379,97,20,0.08260559989139438,-1,1
parked_and_oncoming,380,97,20,0.06731714820489287,-1,1
parked_and_oncoming,381,97,20,0.08363814558833838,-1,1
parked_and_oncoming,382,97,20,0.08311995188705623,-1,1
parked_and_oncoming,383,97,20,0.0873103505000472,-1,1
parked_and_oncoming,384,97,20,0.0836185528896749,-1,1
parked_and_oncoming,385,97,20,0.08323969668708742,-1,1
parked_and_oncoming,386,97,20,0.0830294971819967,-1,1
parked_and_oncoming,387,97,20,0.08497179951518774,-1,1
parked_and_oncoming,388,97,20,0.08255374850705266,-1,1
parked_and_oncoming,389,97,20,0.08195080445148051,-1,1
parked_and_oncoming,390,97,20,0.08307155221700668,-1,1
parked_and_oncoming,391,97,20,0.08416100172325969,-1,1
parked_and_oncoming,392,97,20,0.0834909500554204,-1,1
parked_and_oncoming,393,97,20,0.0819650012999773,-1,1
parked_and_oncoming,394,97,20,0.08297659805975854,-1,1
parked_and_oncoming,395,97,20,0.06776704685762525,-1,1
parked_and_oncoming,396,97,20,0.08211734821088612,-1,1
parked_and_oncoming,397,97,20,0.08397014462389052,-1,1
parked_and_oncoming,398,97,20,0.08258374873548746,-1,1
parked_and_oncoming,399,97,20,0.07481909706257284,-1,1
parked_and_oncoming,400,97,20,0.08189324871636927,-1,1
parked_and_oncoming,401,97,20,0.08354729507118464,-1,1
parked_and_oncoming,402,97,20,0.08294475264847279,-1,1
parked_and_oncoming,403,97,20,0.08293504943139851,-1,1
parked_and_oncoming,404,97,20,0.0651395006570965,-1,1
parked_and_oncoming,405,97,20,0.08465239661745727,-1,1
parked_and_oncoming,406,97,20,0.07439000182785094,-1,1
parked_and_oncoming,407,97,20,0.0846528506372124,-1,1
parked_and_oncoming,408,97,20,0.08280560141429305,-1,1
parked_and_oncoming,409,97,20,0.06825150339864194,-1,1
parked_and_oncoming,410,97,20,0.06665330147370696,-1,1
parked_and_oncoming,411,97,20,0.07235080120153725,-1,1
parked_and_oncoming,412,97,20,0.08132910006679595,-1,1
parked_and_oncoming,413,97,20,0.08250449900515378,-1,1
parked_and_oncoming,414,97,20,0.08175480179488659,-1,1
parked_and_oncoming,415,97,20,0.0696974981110543,-1,1
parked_and_oncoming,416,97,20,0.08318370091728866,-1,1
parked_and_oncoming,417,97,20,0.08186125196516514,-1,1
parked_and_oncoming,418,97,20,0.08229960221797228,-1,1
parked_and_oncoming,419,97,20,0.08384250104427338,-1,1
parked_and_oncoming,420,97,20,0.08146385080181062,-1,1
parked_and_oncoming,421,97,20,0.08403360261581838,-1,1
parked_and_oncoming,422,97,20,0.08397815399803221,-1,1
parked_and_oncoming,423,97,20,0.07515159668400884,-1,1
parked_and_oncoming,424,97,20,0.07120069931261241,-1,1
parked_and_oncoming,425,97,20,0.08236204739660025,-1,1
parked_and_oncoming,426,97,20,0.08260929607786238,-1,1
parked_and_oncoming,427,97,20,0.08155190153047442,-1,1
parked_and_oncoming,428,97,20,0.08252859697677195,-1,1
parked_and_oncoming,429,97,20,0.08115629898384213,-1,1
parked_and_oncoming,430,97,20,0.08257519803009927,-1,1
parked_and_oncoming,431,97,20,0.06755050271749496,-1,1
parked_and_oncoming,432,97,20,0.07168215233832598,-1,1
parked_and_oncoming,433,97,20,0.08494415087625384,39,1
parked_and_oncoming,434,97,20,0.06845975294709206,-1,1
parked_and_oncoming,435,97,20,0.08375334437005222,-1,1
parked_and_oncoming,436,97,20,0.08374369936063886,-1,1
parked_and_oncoming,437,97,20,0.08322390494868159,-1,1
parked_and_oncoming,438,97,20,0.082803750410676,-1,1
parked_and_oncoming,439,97,20,0.0812308513559401,-1,1
parked_and_oncoming,440,97,20,0.08313075522892177,-1,1
parked_and_oncoming,441,97,20,0.0829734024591744,-1,1
parked_and_oncoming,442,97,20,0.08222084725275636,-1,1
parked_and_oncoming,443,97,20,0.08310655248351395,-1,1
parked_and_oncoming,444,97,20,0.08281695190817118,-1,1
parked_and_oncoming,445,97,20,0.08468605228699744,40,1
parked_and_oncoming,446,97,20,0.06481480086222291,-1,1
parked_and_oncoming,447,97,20,0.06624755333177745,-1,1
parked_and_oncoming,448,97,20,0.08358770282939076,-1,1
parked_and_oncoming,449,97,20,0.08276054868474603,-1,1
parked_and_oncoming,450,97,20,0.06599905318580568,-1,1
parked_and_oncoming,451,97,20,0.08152450318448246,-1,1
parked_and_oncoming,452,97,20,0.06494739791378379,-1,1
parked_and_oncoming,453,97,20,0.08455895003862679,-1,1
parked_and_oncoming,454,97,20,0.08260530303232372,-1,1
parked_and_oncoming,455,97,20,0.08131170179694891,-1,1
parked_and_oncoming,456,97,20,0.08117659599520266,-1,1
parked_and_oncoming,457,97,20,0.07161039975471795,-1,1
parked_and_oncoming,458,97,20,0.0654474541079253,-1,1
parked_and_oncoming,459,97,20,0.08334635058417916,-1,1
parked_and_oncoming,460,97,20,0.08293355349451303,-1,1
parked_and_oncoming,461,97,20,0.0838437001220882,-1,1
parked_and_oncoming,462,97,20,0.06570459809154272,-1,1
parked_and_oncoming,463,97,20,0.08258344605565071,-1,1
parked_and_oncoming,464,97,20,0.06972840055823326,-1,1
parked_and_oncoming,465,97,20,0.08178534917533398,-1,1
parked_and_oncoming,466,97,20,0.08249424863606691,-1,1
parked_and_oncoming,467,97,20,0.08354219608008862,-1,1
parked_and_oncoming,468,97,20,0.0819813518319279,-1,1
parked_and_oncoming,469,97,20,0.08233055123127997,-1,1
parked_and_oncoming,470,97,20,0.0848287483677268,-1,1
parked_and_oncoming,471,97,20,0.06875370163470507,-1,1
parked_and_oncoming,472,97,20,0.08381415391340852,-1,1
parked_and_oncoming,473,97,20,0.0833304482512176,-1,1
parked_and_oncoming,474,97,20,0.08416134514845908,-1,1
parked_and_oncoming,475,97,20,0.08348490227945149,-1,1
parked_and_oncoming,476,97,20,0.06880364962853491,-1,1
parked_and_oncoming,477,97,20,0.08213124820031226,-1,1
parked_and_oncoming,478,97,20,0.08546410244889557,41,1
parked_and_oncoming,479,97,20,0.0826282543130219,-1,1
parked_and_oncoming,480,97,20,0.06852500373497605,-1,1
parked_and_oncoming,481,97,20,0.08278510067611933,-1,1
parked_and_oncoming,482,97,20,0.08266170043498278,-1,1
parked_and_oncoming,483,97,20,0.08346909889951348,-1,1
parked_and_oncoming,484,97,20,0.08719404577277601,-1,1
parked_and_oncoming,485,97,20,0.08327294490300119,-1,1
parked_and_oncoming,486,97,20,0.08274540305137634,-1,1
parked_and_oncoming,487,97,20,0.07055629976093769,-1,1
parked_and_oncoming,488,97,20,0.06745275459252298,-1,1
parked_and_oncoming,489,97,20,0.06724010454490781,-1,1
parked_and_oncoming,490,97,20,0.06885204929858446,-1,1
parked_and_oncoming,491,97,20,0.08264124626293778,40,1
parked_and_oncoming,492,97,20,0.08487444720230997,-1,1
parked_and_oncoming,493,97,20,0.06771929911337793,-1,1
parked_and_oncoming,494,97,20,0.08282895432785153,-1,1
parked_and_oncoming,495,97,20,0.08261630428023636,-1,1
parked_and_oncoming,496,97,20,0.08275644504465163,-1,1
parked_and_oncoming,497,97,20,0.06744764978066087,-1,1
parked_and_oncoming,498,97,20,0.08285099756903946,-1,1
parked_and_oncoming,499,97,20,0.08321150089614093,-1,1
narrow_multi_obstacle,0,81,20,0.17354615265503526,-1,1
narrow_multi_obstacle,1,81,20,0.1503258477896452,24,0
narrow_multi_obstacle,2,81,20,0.140331347938627,-1,1
narrow_multi_obstacle,3,81,20,0.18525684718042612,-1,1
narrow_multi_obstacle,4,81,20,0.15827714814804494,-1,1
narrow_multi_obstacle,5,81,20,0.14027765137143433,-1,1
narrow_multi_obstacle,6,81,20,0.1604224496986717,-1,1
narrow_multi_obstacle,7,81,20,0.18429094925522804,-1,1
narrow_multi_obstacle,8,81,20,0.15271599986590445,24,0
narrow_multi_obstacle,9,81,20,0.1722687971778214,-1,1
narrow_multi_obstacle,10,81,20,0.17145629972219467,-1,1
narrow_multi_obstacle,11,81,20,0.17373099690303206,-1,1
narrow_multi_obstacle,12,81,20,0.15620924532413483,-1,1
narrow_multi_obstacle,13,81,20,0.15714979963377118,-1,1
narrow_multi_obstacle,14,81,20,0.13840175233781338,57,0
narrow_multi_obstacle,15,81,20,0.14436524943448603,-1,1
narrow_multi_obstacle,16,81,20,0.1398823515046388,-1,1
narrow_multi_obstacle,17,81,20,0.15124074998311698,40,0
narrow_multi_obstacle,18,81,20,0.15849129995331168,-1,1
narrow_multi_obstacle,19,81,20,0.1386238494887948,-1,1
narrow_multi_obstacle,20,81,20,0.15727895079180598,-1,1
narrow_multi_obstacle,21,81,20,0.15150214894674718,25,0
narrow_multi_obstacle,22,81,20,0.18627545214258134,40,1
narrow_multi_obstacle,23,81,20,0.17055550124496222,-1,1
narrow_multi_obstacle,24,81,20,0.17596639809198678,-1,1
narrow_multi_obstacle,25,81,20,0.15878970152698457,-1,1
narrow_multi_obstacle,26,81,20,0.1606778532732278,-1,1
narrow_multi_obstacle,27,81,20,0.17992975190281868,-1,1
narrow_multi_obstacle,28,81,20,0.14925230061635375,-1,1
narrow_multi_obstacle,29,81,20,0.1843997510150075,-1,1
narrow_multi_obstacle,30,81,20,0.18023279844783247,-1,1
narrow_multi_obstacle,31,81,20,0.1407179981470108,39,0
narrow_multi_obstacle,32,81,20,0.14732410199940205,-1,1
narrow_multi_obstacle,33,81,20,0.13760619913227856,23,0
narrow_multi_obstacle,34,81,20,0.18671835423447192,-1,1
narrow_multi_obstacle,35,81,20,0.18546615028753877,26,1
narrow_multi_obstacle,36,81,20,0.1421054534148425,-1,1
narrow_multi_obstacle,37,81,20,0.14480195241048932,-1,1
narrow_multi_obstacle,38,81,20,0.1431152515579015,-1,1
narrow_multi_obstacle,39,81,20,0.16890984843485057,-1,1
narrow_multi_obstacle,40,81,20,0.1754882512614131,-1,1
narrow_multi_obstacle,41,81,20,0.17116389935836196,-1,1
narrow_multi_obstacle,42,81,20,0.15160974580794573,24,0
narrow_multi_obstacle,43,81,20,0.1357406028546393,26,0
narrow_multi_obstacle,44,81,20,0.15775379724800587,-1,1
narrow_multi_obstacle,45,81,20,0.14279739698395133,-1,1
narrow_multi_obstacle,46,81,20,0.15785570139996707,-1,1
narrow_multi_obstacle,47,81,20,0.135289499303326,23,0
narrow_multi_obstacle,48,81,20,0.15925164916552603,-1,1
narrow_multi_obstacle,49,81,20,0.1582001510541886,-1,1
narrow_multi_obstacle,50,81,20,0.17315649893134832,-1,1
narrow_multi_obstacle,51,81,20,0.15156639856286347,24,0
narrow_multi_obstacle,52,81,20,0.15986504731699824,-1,1
narrow_multi_obstacle,53,81,20,0.17236089915968478,-1,1
narrow_multi_obstacle,54,81,20,0.1433967030607164,-1,1
narrow_multi_obstacle,55,81,20,0.17152634682133794,41,1
narrow_multi_obstacle,56,81,20,0.13993739848956466,-1,1
narrow_multi_obstacle,57,81,20,0.15845214948058128,-1,1
narrow_multi_obstacle,58,81,20,0.15804520226083696,-1,1
narrow_multi_obstacle,59,81,20,0.14205505140125751,-1,1
narrow_multi_obstacle,60,81,20,0.15815575025044382,-1,1
narrow_multi_obstacle,61,81,20,0.152390799485147,24,0
narrow_multi_obstacle,62,81,20,0.17406234983354807,-1,1
narrow_multi_obstacle,63,81,20,0.17208890058100224,-1,1
narrow_multi_obstacle,64,81,20,0.15900040161795914,-1,1
narrow_multi_obstacle,65,81,20,0.18303279648534954,25,1
narrow_multi_obstacle,66,81,20,0.1537646458018571,24,0
narrow_multi_obstacle,67,81,20,0.17457479843869805,-1,1
narrow_multi_obstacle,68,81,20,0.1582581491675228,-1,1
narrow_multi_obstacle,69,81,20,0.14062009868212044,-1,1
narrow_multi_obstacle,70,81,20,0.18422314897179604,42,1
narrow_multi_obstacle,71,81,20,0.1547101477626711,24,0
narrow_multi_obstacle,72,81,20,0.18594865105114877,41,1
narrow_multi_obstacle,73,81,20,0.158916151849553,-1,1
narrow_multi_obstacle,74,81,20,0.139372400008142,-1,1
narrow_multi_obstacle,75,81,20,0.15634055016562343,-1,1
narrow_multi_obstacle,76,81,20,0.18704470130614936,-1,1
narrow_multi_obstacle,77,81,20,0.17185499891638756,-1,1
narrow_multi_obstacle,78,81,20,0.18637519679032266,-1,1
narrow_multi_obstacle,79,81,20,0.15858649858273566,24,1
narrow_multi_obstacle,80,81,20,0.17273310222662985,-1,1
narrow_multi_obstacle,81,81,20,0.15749945305287838,-1,1
narrow_multi_obstacle,82,81,20,0.1727713504806161,56,1
narrow_multi_obstacle,83,81,20,0.14050279860384762,-1,1
narrow_multi_obstacle,84,81,20,0.14058150118216872,-1,1
narrow_multi_obstacle,85,81,20,0.1726813497953117,41,1
narrow_multi_obstacle,86,81,20,0.1733071985654533,-1,1
narrow_multi_obstacle,87,81,20,0.15850365161895752,-1,1
narrow_multi_obstacle,88,81,20,0.15030700014904141,22,0
narrow_multi_obstacle,89,81,20,0.1516584015917033,25,0
narrow_multi_obstacle,90,81,20,0.13954124879091978,-1,1
narrow_multi_obstacle,91,81,20,0.1736528007313609,-1,1
narrow_multi_obstacle,92,81,20,0.16014444991014898,-1,1
narrow_multi_obstacle,93,81,20,0.17639989964663982,-1,1
narrow_multi_obstacle,94,81,20,0.16118049970827997,24,1
narrow_multi_obstacle,95,81,20,0.1582595519721508,-1,1
narrow_multi_obstacle,96,81,20,0.17163064912892878,-1,1
narrow_multi_obstacle,97,81,20,0.17388990381732583,-1,1
narrow_multi_obstacle,98,81,20,0.15533475088886917,-1,1
narrow_multi_obstacle,99,81,20,0.16036565066315234,-1,1
narrow_multi_obstacle,100,81,20,0.1610642997547984,-1,1
narrow_multi_obstacle,101,81,20,0.13715954846702516,26,0
narrow_multi_obstacle,102,81,20,0.18730534939095378,-1,1
narrow_multi_obstacle,103,81,20,0.15989639796316624,-1,1
narrow_multi_obstacle,104,81,20,0.1704527996480465,-1,1
narrow_multi_obstacle,105,81,20,0.1388889504596591,26,0
narrow_multi_obstacle,106,81,20,0.15779095119796693,-1,1
narrow_multi_obstacle,107,81,20,0.17439245129935443,-1,1
narrow_multi_obstacle,108,81,20,0.1518991484772414,23,0
narrow_multi_obstacle,109,81,20,0.14130545314401388,-1,1
narrow_multi_obstacle,110,81,20,0.17263925401493907,-1,1
narrow_multi_obstacle,111,81,20,0.1731738040689379,-1,1
narrow_multi_obstacle,112,81,20,0.13986544799990952,-1,1
narrow_multi_obstacle,113,81,20,0.1644175499677658,42,0
narrow_multi_obstacle,114,81,20,0.16039644833654165,-1,1
narrow_multi_obstacle,115,81,20,0.18766935099847615,-1,1
narrow_multi_obstacle,116,81,20,0.16248674946837127,24,0
narrow_multi_obstacle,117,81,20,0.1736247504595667,-1,1
narrow_multi_obstacle,118,81,20,0.17240640008822083,-1,1
narrow_multi_obstacle,119,81,20,0.18443355220369995,-1,1
narrow_multi_obstacle,120,81,20,0.15583480126224458,41,1
narrow_multi_obstacle,121,81,20,0.17153970547951758,25,1
narrow_multi_obstacle,122,81,20,0.15642509679310024,-1,1
narrow_multi_obstacle,123,81,20,0.15859479899518192,-1,1
narrow_multi_obstacle,124,81,20,0.14243519981391728,-1,1
narrow_multi_obstacle,125,81,20,0.15298660146072507,24,0
narrow_multi_obstacle,126,81,20,0.16410280368290842,22,0
narrow_multi_obstacle,127,81,20,0.1602132513653487,-1,1
narrow_multi_obstacle,128,81,20,0.17340185004286468,-1,1
narrow_multi_obstacle,129,81,20,0.17272569821216166,-1,1
narrow_multi_obstacle,130,81,20,0.15638324548490345,-1,1
narrow_multi_obstacle,131,81,20,0.17192719969898462,-1,1
narrow_multi_obstacle,132,81,20,0.15638515469618142,-1,1
narrow_multi_obstacle,133,81,20,0.15701794764027,-1,1
narrow_multi_obstacle,134,81,20,0.14374160091392696,-1,1
narrow_multi_obstacle,135,81,20,0.1719668973237276,-1,1
narrow_multi_obstacle,136,81,20,0.15239325002767146,23,0
narrow_multi_obstacle,137,81,20,0.17255579587072134,26,1
narrow_multi_obstacle,138,81,20,0.14422634849324822,-1,1
narrow_multi_obstacle,139,81,20,0.15181380440481007,40,0
narrow_multi_obstacle,140,81,20,0.17218835419043899,-1,1
narrow_multi_obstacle,141,81,20,0.15686394763179123,-1,1
narrow_multi_obstacle,142,81,20,0.15810710028745234,-1,1
narrow_multi_obstacle,143,81,20,0.15956630231812596,-1,1
narrow_multi_obstacle,144,81,20,0.1744513981975615,-1,1
narrow_multi_obstacle,145,81,20,0.17274804995395243,-1,1
narrow_multi_obstacle,146,81,20,0.15026114997453988,24,0
narrow_multi_obstacle,147,81,20,0.17281394684687257,-1,1
narrow_multi_obstacle,148,81,20,0.1502503000665456,23,0
narrow_multi_obstacle,149,81,20,0.18749674782156944,-1,1
narrow_multi_obstacle,150,81,20,0.157582649262622,-1,1
narrow_multi_obstacle,151,81,20,0.14071089681237936,-1,1
narrow_multi_obstacle,152,81,20,0.15634860028512776,-1,1
narrow_multi_obstacle,153,81,20,0.15233695157803595,23,0
narrow_multi_obstacle,154,81,20,0.18277150229550898,24,1
narrow_multi_obstacle,155,81,20,0.15800489927642047,25,1
narrow_multi_obstacle,156,81,20,0.1581149990670383,25,1
narrow_multi_obstacle,157,81,20,0.17168300109915435,-1,1
narrow_multi_obstacle,158,81,20,0.17290344694629312,-1,1
narrow_multi_obstacle,159,81,20,0.15140684554353356,41,0
narrow_multi_obstacle,160,81,20,0.1561813522130251,41,1
narrow_multi_obstacle,161,81,20,0.17140324926003814,-1,1
narrow_multi_obstacle,162,81,20,0.16800829907879233,26,0
narrow_multi_obstacle,163,81,20,0.1734784513246268,-1,1
narrow_multi_obstacle,164,81,20,0.16607135185040534,24,0
narrow_multi_obstacle,165,81,20,0.17266094801016152,25,1
narrow_multi_obstacle,166,81,20,0.1426074479240924,-1,1
narrow_multi_obstacle,167,81,20,0.15622130013071,-1,1
narrow_multi_obstacle,168,81,20,0.15187289682216942,39,0
narrow_multi_obstacle,169,81,20,0.16072294674813747,-1,1
narrow_multi_obstacle,170,81,20,0.13534235185943544,40,0
narrow_multi_obstacle,171,81,20,0.15670249704271555,26,1
narrow_multi_obstacle,172,81,20,0.13814999838359654,38,0
narrow_multi_obstacle,173,81,20,0.17368249827995896,-1,1
narrow_multi_obstacle,174,81,20,0.1739836996421218,-1,1
narrow_multi_obstacle,175,81,20,0.1503488456364721,24,0
narrow_multi_obstacle,176,81,20,0.16240745317190886,-1,1
narrow_multi_obstacle,177,81,20,0.1585341989994049,24,1
narrow_multi_obstacle,178,81,20,0.16967219999060035,57,1
narrow_multi_obstacle,179,81,20,0.14075704966671765,-1,1
narrow_multi_obstacle,180,81,20,0.18580930191092193,41,1
narrow_multi_obstacle,181,81,20,0.1551057503093034,25,1
narrow_multi_obstacle,182,81,20,0.15707560232840478,-1,1
narrow_multi_obstacle,183,81,20,0.1735424972139299,-1,1
narrow_multi_obstacle,184,81,20,0.15759770176373422,-1,1
narrow_multi_obstacle,185,81,20,0.18571704858914018,-1,1
narrow_multi_obstacle,186,81,20,0.16164924600161612,-1,1
narrow_multi_obstacle,187,81,20,0.138067954685539,23,0
narrow_multi_obstacle,188,81,20,0.17152795335277915,-1,1
narrow_multi_obstacle,189,81,20,0.16083545051515102,-1,1
narrow_multi_obstacle,190,81,20,0.1565249520353973,25,0
narrow_multi_obstacle,191,81,20,0.16307549667544663,23,0
narrow_multi_obstacle,192,81,20,0.15246155089698732,42,0
narrow_multi_obstacle,193,81,20,0.14038649969734251,23,0
narrow_multi_obstacle,194,81,20,0.17813639715313911,-1,1
narrow_multi_obstacle,195,81,20,0.1582300988957286,-1,1
narrow_multi_obstacle,196,81,20,0.14438304933719337,-1,1
narrow_multi_obstacle,197,81,20,0.14038369990885258,-1,1
narrow_multi_obstacle,198,81,20,0.14133825316093862,-1,1
narrow_multi_obstacle,199,81,20,0.18396355444565415,-1,1
narrow_multi_obstacle,200,81,20,0.17283475026488304,-1,1
narrow_multi_obstacle,201,81,20,0.1722757995594293,-1,1
narrow_multi_obstacle,202,81,20,0.15646800165995955,-1,1
narrow_multi_obstacle,203,81,20,0.17508294549770653,-1,1
narrow_multi_obstacle,204,81,20,0.17327420064248145,-1,1
narrow_multi_obstacle,205,81,20,0.1715354504995048,-1,1
narrow_multi_obstacle,206,81,20,0.15467305202037096,-1,1
narrow_multi_obstacle,207,81,20,0.17173264641314745,-1,1
narrow_multi_obstacle,208,81,20,0.17062549595721066,26,1
narrow_multi_obstacle,209,81,20,0.16028290265239775,25,1
narrow_multi_obstacle,210,81,20,0.1413236022926867,-1,1
narrow_multi_obstacle,211,81,20,0.1376985979732126,24,0
narrow_multi_obstacle,212,81,20,0.1746199035551399,24,1
narrow_multi_obstacle,213,81,20,0.15810615150257945,24,1
narrow_multi_obstacle,214,81,20,0.1568264968227595,-1,1
narrow_multi_obstacle,215,81,20,0.17099830438382924,-1,1
narrow_multi_obstacle,216,81,20,0.17011865274980664,-1,1
narrow_multi_obstacle,217,81,20,0.15414480003528297,23,0
narrow_multi_obstacle,218,81,20,0.1668519980739802,-1,1
narrow_multi_obstacle,219,81,20,0.1875159505289048,26,1
narrow_multi_obstacle,220,81,20,0.14085640432313085,-1,1
narrow_multi_obstacle,221,81,20,0.17326880479231477,-1,1
narrow_multi_obstacle,222,81,20,0.14977770042605698,26,0
narrow_multi_obstacle,223,81,20,0.1315548492129892,40,0
narrow_multi_obstacle,224,81,20,0.18498065182939172,42,1
narrow_multi_obstacle,225,81,20,0.1593644032254815,-1,1
narrow_multi_obstacle,226,81,20,0.17358844634145498,25,1
narrow_multi_obstacle,227,81,20,0.16073890146799386,-1,1
narrow_multi_obstacle,228,81,20,0.15892709488980472,-1,1
narrow_multi_obstacle,229,81,20,0.17258200095966458,-1,1
narrow_multi_obstacle,230,81,20,0.15618574689142406,-1,1
narrow_multi_obstacle,231,81,20,0.15803935239091516,-1,1
narrow_multi_obstacle,232,81,20,0.15686594997532666,-1,1
narrow_multi_obstacle,233,81,20,0.143710698466748,-1,1
narrow_multi_obstacle,234,81,20,0.18411854980513453,25,1
narrow_multi_obstacle,235,81,20,0.18478200072422624,25,1
narrow_multi_obstacle,236,81,20,0.15109989908523858,39,0
narrow_multi_obstacle,237,81,20,0.1842928002588451,-1,1
narrow_multi_obstacle,238,81,20,0.1659172005020082,25,0
narrow_multi_obstacle,239,81,20,0.15846960013732314,-1,1
narrow_multi_obstacle,240,81,20,0.14433939941227436,-1,1
narrow_multi_obstacle,241,81,20,0.15039329882711172,25,0
narrow_multi_obstacle,242,81,20,0.17332325223833323,-1,1
narrow_multi_obstacle,243,81,20,0.15313159674406052,23,0
narrow_multi_obstacle,244,81,20,0.15319630037993193,57,0
narrow_multi_obstacle,245,81,20,0.1855137466918677,26,1
narrow_multi_obstacle,246,81,20,0.15694954781793058,24,1
narrow_multi_obstacle,247,81,20,0.15543245244771242,-1,1
narrow_multi_obstacle,248,81,20,0.15951539971865714,-1,1
narrow_multi_obstacle,249,81,20,0.1564978447277099,-1,1
narrow_multi_obstacle,250,81,20,0.17189490026794374,25,1
narrow_multi_obstacle,251,81,20,0.14216090203262866,-1,1
narrow_multi_obstacle,252,81,20,0.1733521989081055,25,1
narrow_multi_obstacle,253,81,20,0.17166959587484598,26,1
narrow_multi_obstacle,254,81,20,0.17286110087297857,-1,1
narrow_multi_obstacle,255,81,20,0.1721320499200374,-1,1
narrow_multi_obstacle,256,81,20,0.13748420169577003,26,0
narrow_multi_obstacle,257,81,20,0.13924069935455918,-1,1
narrow_multi_obstacle,258,81,20,0.16974154859781265,-1,1
narrow_multi_obstacle,259,81,20,0.17192545346915722,-1,1
narrow_multi_obstacle,260,81,20,0.1893495034892112,-1,1
narrow_multi_obstacle,261,81,20,0.15218030312098563,26,0
narrow_multi_obstacle,262,81,20,0.17139355186372995,-1,1
narrow_multi_obstacle,263,81,20,0.17244184855371714,-1,1
narrow_multi_obstacle,264,81,20,0.16187370056286454,-1,1
narrow_multi_obstacle,265,81,20,0.15598945319652557,40,1
narrow_multi_obstacle,266,81,20,0.1724918489344418,-1,1
narrow_multi_obstacle,267,81,20,0.15855029923841357,-1,1
narrow_multi_obstacle,268,81,20,0.16389384982176125,42,0
narrow_multi_obstacle,269,81,20,0.15881870058365166,-1,1
narrow_multi_obstacle,270,81,20,0.1719744992442429,25,1
narrow_multi_obstacle,271,81,20,0.17239564913325012,41,1
narrow_multi_obstacle,272,81,20,0.1562763995025307,-1,1
narrow_multi_obstacle,273,81,20,0.17470470047555864,-1,1
narrow_multi_obstacle,274,81,20,0.14877119683660567,41,0
narrow_multi_obstacle,275,81,20,0.1678206492215395,42,0
narrow_multi_obstacle,276,81,20,0.17067049629986286,-1,1
narrow_multi_obstacle,277,81,20,0.1643632014747709,24,0
narrow_multi_obstacle,278,81,20,0.15371929621323943,-1,1
narrow_multi_obstacle,279,81,20,0.14016770292073488,-1,1
narrow_multi_obstacle,280,81,20,0.17182084848172963,-1,1
narrow_multi_obstacle,281,81,20,0.1380447472911328,23,0
narrow_multi_obstacle,282,81,20,0.16328885103575885,25,0
narrow_multi_obstacle,283,81,20,0.15640134806744754,25,1
narrow_multi_obstacle,284,81,20,0.17228114884346724,40,1
narrow_multi_obstacle,285,81,20,0.15593355055898428,-1,1
narrow_multi_obstacle,286,81,20,0.17181634902954102,-1,1
narrow_multi_obstacle,287,81,20,0.15744020347483456,-1,1
narrow_multi_obstacle,288,81,20,0.14113470097072423,-1,1
narrow_multi_obstacle,289,81,20,0.17216840060427785,25,1
narrow_multi_obstacle,290,81,20,0.1617354981135577,-1,1
narrow_multi_obstacle,291,81,20,0.14064079732634127,-1,1
narrow_multi_obstacle,292,81,20,0.1572844514157623,-1,1
narrow_multi_obstacle,293,81,20,0.13578510261140764,25,0
narrow_multi_obstacle,294,81,20,0.13988555292598903,-1,1
narrow_multi_obstacle,295,81,20,0.14389139832928777,-1,1
narrow_multi_obstacle,296,81,20,0.15704019460827112,-1,1
narrow_multi_obstacle,297,81,20,0.1524952007457614,26,0
narrow_multi_obstacle,298,81,20,0.17548039904795587,-1,1
narrow_multi_obstacle,299,81,20,0.15812740311957896,26,1
narrow_multi_obstacle,300,81,20,0.14054864877834916,-1,1
narrow_multi_obstacle,301,81,20,0.1869830011855811,-1,1
narrow_multi_obstacle,302,81,20,0.13854955323040485,-1,1
narrow_multi_obstacle,303,81,20,0.17322964849881828,-1,1
narrow_multi_obstacle,304,81,20,0.1415318518411368,-1,1
narrow_multi_obstacle,305,81,20,0.18921574810519814,-1,1
narrow_multi_obstacle,306,81,20,0.17536215018481016,24,1
narrow_multi_obstacle,307,81,20,0.17393024754710495,-1,1
narrow_multi_obstacle,308,81,20,0.16582459793426096,22,0
narrow_multi_obstacle,309,81,20,0.1668356533627957,26,0
narrow_multi_obstacle,310,81,20,0.1866175967734307,24,1
narrow_multi_obstacle,311,81,20,0.1727723516523838,-1,1
narrow_multi_obstacle,312,81,20,0.13654609792865813,26,0
narrow_multi_obstacle,313,81,20,0.17995370435528457,-1,1
narrow_multi_obstacle,314,81,20,0.13997904607094824,-1,1
narrow_multi_obstacle,315,81,20,0.15942720347084105,25,0
narrow_multi_obstacle,316,81,20,0.16297954716719687,-1,1
narrow_multi_obstacle,317,81,20,0.1613094995263964,-1,1
narrow_multi_obstacle,318,81,20,0.17630014917813241,-1,1
narrow_multi_obstacle,319,81,20,0.18737235222943127,41,1
narrow_multi_obstacle,320,81,20,0.1430205476935953,-1,1
narrow_multi_obstacle,321,81,20,0.15882555162534118,-1,1
narrow_multi_obstacle,322,81,20,0.15167344827204943,38,0
narrow_multi_obstacle,323,81,20,0.17589089693501592,-1,1
narrow_multi_obstacle,324,81,20,0.1535698538646102,24,0
narrow_multi_obstacle,325,81,20,0.18305410048924387,24,1
narrow_multi_obstacle,326,81,20,0.15793165075592697,57,1
narrow_multi_obstacle,327,81,20,0.15462160226888955,23,0
narrow_multi_obstacle,328,81,20,0.17478264635428786,-1,1
narrow_multi_obstacle,329,81,20,0.17538090469315648,26,1
narrow_multi_obstacle,330,81,20,0.13741145376116037,39,0
narrow_multi_obstacle,331,81,20,0.17689844826236367,-1,1
narrow_multi_obstacle,332,81,20,0.1600314979441464,-1,1
narrow_multi_obstacle,333,81,20,0.16035044682212174,-1,1
narrow_multi_obstacle,334,81,20,0.17504339921288192,-1,1
narrow_multi_obstacle,335,81,20,0.13943910016678274,-1,1
narrow_multi_obstacle,336,81,20,0.17432254971936345,-1,1
narrow_multi_obstacle,337,81,20,0.1749913499224931,-1,1
narrow_multi_obstacle,338,81,20,0.17605035100132227,-1,1
narrow_multi_obstacle,339,81,20,0.17329059774056077,-1,1
narrow_multi_obstacle,340,81,20,0.17149709747172892,-1,1
narrow_multi_obstacle,341,81,20,0.1577065500896424,-1,1
narrow_multi_obstacle,342,81,20,0.17265905044041574,26,1
narrow_multi_obstacle,343,81,20,0.17183740274049342,-1,1
narrow_multi_obstacle,344,81,20,0.139034102903679,-1,1
narrow_multi_obstacle,345,81,20,0.1748779963236302,41,1
narrow_multi_obstacle,346,81,20,0.17034609918482602,-1,1
narrow_multi_obstacle,347,81,20,0.15129134990274906,22,0
narrow_multi_obstacle,348,81,20,0.15988264931365848,-1,1
narrow_multi_obstacle,349,81,20,0.15811515040695667,41,1
narrow_multi_obstacle,350,81,20,0.1723192515783012,-1,1
narrow_multi_obstacle,351,81,20,0.1875297981314361,-1,1
narrow_multi_obstacle,352,81,20,0.17652235110290349,-1,1
narrow_multi_obstacle,353,81,20,0.15898015117272735,-1,1
narrow_multi_obstacle,354,81,20,0.1374403014779091,41,0
narrow_multi_obstacle,355,81,20,0.17437380156479776,-1,1
narrow_multi_obstacle,356,81,20,0.1756795507390052,-1,1
narrow_multi_obstacle,357,81,20,0.16530600260011852,25,0
narrow_multi_obstacle,358,81,20,0.13753509847447276,25,0
narrow_multi_obstacle,359,81,20,0.1763815525919199,-1,1
narrow_multi_obstacle,360,81,20,0.15201140195131302,55,0
narrow_multi_obstacle,361,81,20,0.16080469940789044,-1,1
narrow_multi_obstacle,362,81,20,0.15706525300629437,-1,1
narrow_multi_obstacle,363,81,20,0.1569871965330094,-1,1
narrow_multi_obstacle,364,81,20,0.16465450171381235,56,0
narrow_multi_obstacle,365,81,20,0.1744360022712499,42,1
narrow_multi_obstacle,366,81,20,0.1531838031951338,24,0
narrow_multi_obstacle,367,81,20,0.1587702485267073,25,1
narrow_multi_obstacle,368,81,20,0.175044551724568,-1,1
narrow_multi_obstacle,369,81,20,0.1601512951310724,-1,1
narrow_multi_obstacle,370,81,20,0.15900539583526552,-1,1
narrow_multi_obstacle,371,81,20,0.18869329942390323,-1,1
narrow_multi_obstacle,372,81,20,0.16130994772538543,-1,1
narrow_multi_obstacle,373,81,20,0.1736773527227342,-1,1
narrow_multi_obstacle,374,81,20,0.18671154975891113,-1,1
narrow_multi_obstacle,375,81,20,0.18871049978770316,-1,1
narrow_multi_obstacle,376,81,20,0.13447869569063187,57,0
narrow_multi_obstacle,377,81,20,0.14224924962036312,-1,1
narrow_multi_obstacle,378,81,20,0.1577548508066684,-1,1
narrow_multi_obstacle,379,81,20,0.15841395361348987,-1,1
narrow_multi_obstacle,380,81,20,0.15191944548860192,42,0
narrow_multi_obstacle,381,81,20,0.1848309999331832,-1,1
narrow_multi_obstacle,382,81,20,0.15287569840438664,23,0
narrow_multi_obstacle,383,81,20,0.1765685505233705,-1,1
narrow_multi_obstacle,384,81,20,0.1600233488716185,-1,1
narrow_multi_obstacle,385,81,20,0.14139075065031648,-1,1
narrow_multi_obstacle,386,81,20,0.17116015078499913,39,1
narrow_multi_obstacle,387,81,20,0.13874420546926558,-1,1
narrow_multi_obstacle,388,81,20,0.17001910018734634,-1,1
narrow_multi_obstacle,389,81,20,0.1578420982696116,-1,1
narrow_multi_obstacle,390,81,20,0.15681940130889416,-1,1
narrow_multi_obstacle,391,81,20,0.1859656535089016,-1,1
narrow_multi_obstacle,392,81,20,0.1574926485773176,-1,1
narrow_multi_obstacle,393,81,20,0.15940979938022792,-1,1
narrow_multi_obstacle,394,81,20,0.17299895407631993,-1,1
narrow_multi_obstacle,395,81,20,0.1822414982598275,25,1
narrow_multi_obstacle,396,81,20,0.17016914789564908,-1,1
narrow_multi_obstacle,397,81,20,0.15843724831938744,-1,1
narrow_multi_obstacle,398,81,20,0.18623184878379107,25,1
narrow_multi_obstacle,399,81,20,0.15640115016140044,-1,1
narrow_multi_obstacle,400,81,20,0.17498799716122448,-1,1
narrow_multi_obstacle,401,81,20,0.1582380966283381,-1,1
narrow_multi_obstacle,402,81,20,0.17404570244252682,-1,1
narrow_multi_obstacle,403,81,20,0.1597107038833201,-1,1
narrow_multi_obstacle,404,81,20,0.17169865313917398,41,1
narrow_multi_obstacle,405,81,20,0.17359480261802673,-1,1
narrow_multi_obstacle,406,81,20,0.1708530995529145,-1,1
narrow_multi_obstacle,407,81,20,0.15382255078293383,41,0
narrow_multi_obstacle,408,81,20,0.15788539894856513,-1,1
narrow_multi_obstacle,409,81,20,0.15781119582243264,-1,1
narrow_multi_obstacle,410,81,20,0.13664424768649042,25,0
narrow_multi_obstacle,411,81,20,0.15639339690096676,-1,1
narrow_multi_obstacle,412,81,20,0.15204004594124854,26,0
narrow_multi_obstacle,413,81,20,0.17290239920839667,-1,1
narrow_multi_obstacle,414,81,20,0.172976846806705,41,1
narrow_multi_obstacle,415,81,20,0.1849547028541565,-1,1
narrow_multi_obstacle,416,81,20,0.15832465142011642,-1,1
narrow_multi_obstacle,417,81,20,0.1591059030033648,-1,1
narrow_multi_obstacle,418,81,20,0.16744869644753635,41,0
narrow_multi_obstacle,419,81,20,0.17329840338788927,-1,1
narrow_multi_obstacle,420,81,20,0.17009509610943496,-1,1
narrow_multi_obstacle,421,81,20,0.15290260198526084,26,0
narrow_multi_obstacle,422,81,20,0.15011340146884322,40,0
narrow_multi_obstacle,423,81,20,0.1578725001309067,-1,1
narrow_multi_obstacle,424,81,20,0.13738804846070707,57,0
narrow_multi_obstacle,425,81,20,0.15761154936626554,-1,1
narrow_multi_obstacle,426,81,20,0.18597599701024592,-1,1
narrow_multi_obstacle,427,81,20,0.15997645095922053,-1,1
narrow_multi_obstacle,428,81,20,0.15507735079154372,-1,1
narrow_multi_obstacle,429,81,20,0.1558414485771209,57,1
narrow_multi_obstacle,430,81,20,0.1560376025736332,25,1
narrow_multi_obstacle,431,81,20,0.15753585030324757,-1,1
narrow_multi_obstacle,432,81,20,0.1710499986074865,-1,1
narrow_multi_obstacle,433,81,20,0.17295984434895217,-1,1
narrow_multi_obstacle,434,81,20,0.17195010441355407,-1,1
narrow_multi_obstacle,435,81,20,0.1727698021568358,24,1
narrow_multi_obstacle,436,81,20,0.1601491472683847,-1,1
narrow_multi_obstacle,437,81,20,0.15662519726902246,-1,1
narrow_multi_obstacle,438,81,20,0.15602235216647387,-1,1
narrow_multi_obstacle,439,81,20,0.13975889887660742,-1,1
narrow_multi_obstacle,440,81,20,0.15796665102243423,-1,1
narrow_multi_obstacle,441,81,20,0.14166045002639294,-1,1
narrow_multi_obstacle,442,81,20,0.15756214852444828,-1,1
narrow_multi_obstacle,443,81,20,0.14337649918161333,-1,1
narrow_multi_obstacle,444,81,20,0.15738020301796496,-1,1
narrow_multi_obstacle,445,81,20,0.14317645109258592,-1,1
narrow_multi_obstacle,446,81,20,0.16019245376810431,-1,1
narrow_multi_obstacle,447,81,20,0.15998135204426944,-1,1
narrow_multi_obstacle,448,81,20,0.1728239527437836,-1,1
narrow_multi_obstacle,449,81,20,0.15997934970073402,-1,1
narrow_multi_obstacle,450,81,20,0.1728828006889671,26,1
narrow_multi_obstacle,451,81,20,0.17097885138355196,-1,1
narrow_multi_obstacle,452,81,20,0.1362814975436777,23,0
narrow_multi_obstacle,453,81,20,0.16017555026337504,-1,1
narrow_multi_obstacle,454,81,20,0.14199604629538953,-1,1
narrow_multi_obstacle,455,81,20,0.158716703299433,26,1
narrow_multi_obstacle,456,81,20,0.1393273996654898,-1,1
narrow_multi_obstacle,457,81,20,0.16530355205759406,39,0
narrow_multi_obstacle,458,81,20,0.173523451667279,-1,1
narrow_multi_obstacle,459,81,20,0.1617873494978994,-1,1
narrow_multi_obstacle,460,81,20,0.18516844720579684,-1,1
narrow_multi_obstacle,461,81,20,0.184898404404521,-1,1
narrow_multi_obstacle,462,81,20,0.18081504967994988,-1,1
narrow_multi_obstacle,463,81,20,0.18302439711987972,-1,1
narrow_multi_obstacle,464,81,20,0.16669940087012947,-1,1
narrow_multi_obstacle,465,81,20,0.18228719709441066,-1,1
narrow_multi_obstacle,466,81,20,0.17737519810907543,-1,1
narrow_multi_obstacle,467,81,20,0.1790896523743868,-1,1
narrow_multi_obstacle,468,81,20,0.17014770419336855,23,0
narrow_multi_obstacle,469,81,20,0.1614477951079607,-1,1
narrow_multi_obstacle,470,81,20,0.15085834893397987,26,0
narrow_multi_obstacle,471,81,20,0.146477046655491,-1,1
narrow_multi_obstacle,472,81,20,0.1361800532322377,24,0
narrow_multi_obstacle,473,81,20,0.16438899911008775,-1,1
narrow_multi_obstacle,474,81,20,0.17691285465843976,-1,1
narrow_multi_obstacle,475,81,20,0.17648374778218567,-1,1
narrow_multi_obstacle,476,81,20,0.17378674820065498,25,1
narrow_multi_obstacle,477,81,20,0.14975409721955657,56,0
narrow_multi_obstacle,478,81,20,0.15857595135457814,-1,1
narrow_multi_obstacle,479,81,20,0.17300670151598752,24,1
narrow_multi_obstacle,480,81,20,0.1420621993020177,-1,1
narrow_multi_obstacle,481,81,20,0.15820575063116848,-1,1
narrow_multi_obstacle,482,81,20,0.1696649007499218,39,0
narrow_multi_obstacle,483,81,20,0.1733268960379064,-1,1
narrow_multi_obstacle,484,81,20,0.14276804868131876,-1,1
narrow_multi_obstacle,485,81,20,0.15480174915865064,57,1
narrow_multi_obstacle,486,81,20,0.15761349932290614,-1,1
narrow_multi_obstacle,487,81,20,0.17091804766096175,-1,1
narrow_multi_obstacle,488,81,20,0.1511342474259436,23,0
narrow_multi_obstacle,489,81,20,0.15504160546697676,25,1
narrow_multi_obstacle,490,81,20,0.14226404600776732,-1,1
narrow_multi_obstacle,491,81,20,0.152407749556005,25,0
narrow_multi_obstacle,492,81,20,0.15655735041946173,-1,1
narrow_multi_obstacle,493,81,20,0.1411157485563308,-1,1
narrow_multi_obstacle,494,81,20,0.1571640488691628,-1,1
narrow_multi_obstacle,495,81,20,0.16481524799019098,40,0
narrow_multi_obstacle,496,81,20,0.17017190111801028,25,1
narrow_multi_obstacle,497,81,20,0.14958069659769535,23,0
narrow_multi_obstacle,498,81,20,0.17210559453815222,-1,1
narrow_multi_obstacle,499,81,20,0.17088080057874322,-1,1
interleaved_dynamic,0,91,20,0.04340059822425246,-1,0
interleaved_dynamic,1,91,20,0.04282390000298619,-1,0
interleaved_dynamic,2,91,20,0.043016200652346015,-1,0
interleaved_dynamic,3,91,20,0.04296145052649081,-1,0
interleaved_dynamic,4,91,20,0.043008546344935894,-1,0
interleaved_dynamic,5,91,20,0.04429889959283173,-1,0
interleaved_dynamic,6,91,20,0.04324375186115503,-1,0
interleaved_dynamic,7,91,20,0.04306219634599984,-1,0
interleaved_dynamic,8,91,20,0.04290665383450687,-1,0
interleaved_dynamic,9,91,20,0.042794301407411695,-1,0
interleaved_dynamic,10,91,20,0.04267214681021869,-1,0
interleaved_dynamic,11,91,20,0.04294774844311178,-1,0
interleaved_dynamic,12,91,20,0.042988196946680546,-1,0
interleaved_dynamic,13,91,20,0.043338502291589975,-1,0
interleaved_dynamic,14,91,20,0.04276209510862827,-1,0
interleaved_dynamic,15,91,20,0.04301755107007921,-1,0
interleaved_dynamic,16,91,20,0.04327394999563694,-1,0
interleaved_dynamic,17,91,20,0.04367025103420019,-1,0
interleaved_dynamic,18,91,20,0.043380295392125845,-1,0
interleaved_dynamic,19,91,20,0.04324744804762304,-1,0
interleaved_dynamic,20,91,20,0.04231889615766704,-1,0
interleaved_dynamic,21,91,20,0.04352965042926371,-1,0
interleaved_dynamic,22,91,20,0.04340590094216168,-1,0
interleaved_dynamic,23,91,20,0.044089299626648426,-1,0
interleaved_dynamic,24,91,20,0.04275459796190262,-1,0
interleaved_dynamic,25,91,20,0.0429984531365335,-1,0
interleaved_dynamic,26,91,20,0.04319485160522163,-1,0
interleaved_dynamic,27,91,20,0.04322300083003938,-1,0
interleaved_dynamic,28,91,20,0.04279729910194874,-1,0
interleaved_dynamic,29,91,20,0.04326829803176224,-1,0
interleaved_dynamic,30,91,20,0.0431715976446867,-1,0
interleaved_dynamic,31,91,20,0.04281129804439843,-1,0
interleaved_dynamic,32,91,20,0.04304340109229088,-1,0
interleaved_dynamic,33,91,20,0.04281075089238584,-1,0
interleaved_dynamic,34,91,20,0.04310299991630018,-1,0
interleaved_dynamic,35,91,20,0.042830052552744746,-1,0
interleaved_dynamic,36,91,20,0.043616798939183354,-1,0
interleaved_dynamic,37,91,20,0.043076451402157545,-1,0
interleaved_dynamic,38,91,20,0.04257250111550093,-1,0
interleaved_dynamic,39,91,20,0.04281455185264349,-1,0
interleaved_dynamic,40,91,20,0.044247048208490014,-1,0
interleaved_dynamic,41,91,20,0.045819301158189774,-1,0
interleaved_dynamic,42,91,20,0.043295102659612894,-1,0
interleaved_dynamic,43,91,20,0.04422895144671202,-1,0
interleaved_dynamic,44,91,20,0.04382809856906533,-1,0
interleaved_dynamic,45,91,20,0.044666294706985354,-1,0
interleaved_dynamic,46,91,20,0.04332789685577154,-1,0
interleaved_dynamic,47,91,20,0.04311550292186439,-1,0
interleaved_dynamic,48,91,20,0.04322414752095938,-1,0
interleaved_dynamic,49,91,20,0.043146550888195634,-1,0
interleaved_dynamic,50,91,20,0.04369789967313409,-1,0
interleaved_dynamic,51,91,20,0.042542145820334554,-1,0
interleaved_dynamic,52,91,20,0.0426746963057667,-1,0
interleaved_dynamic,53,91,20,0.04325674963183701,-1,0
interleaved_dynamic,54,91,20,0.043027097126469016,-1,0
interleaved_dynamic,55,91,20,0.04353825352154672,-1,0
interleaved_dynamic,56,91,20,0.042659800965338945,-1,0
interleaved_dynamic,57,91,20,0.04279384738765657,-1,0
interleaved_dynamic,58,91,20,0.04331819945946336,-1,0
interleaved_dynamic,59,91,20,0.04372954717837274,-1,0
interleaved_dynamic,60,91,20,0.043527851812541485,-1,0
interleaved_dynamic,61,91,20,0.04518664791248739,-1,0
interleaved_dynamic,62,91,20,0.043120450573042035,-1,0
interleaved_dynamic,63,91,20,0.04363615298643708,-1,0
interleaved_dynamic,64,91,20,0.043446902418509126,-1,0
interleaved_dynamic,65,91,20,0.04369689850136638,-1,0
interleaved_dynamic,66,91,20,0.04392744740471244,-1,0
interleaved_dynamic,67,91,20,0.04331600503064692,-1,0
interleaved_dynamic,68,91,20,0.043651252053678036,-1,0
interleaved_dynamic,69,91,20,0.04387330263853073,-1,0
interleaved_dynamic,70,91,20,0.04442030331119895,-1,0
interleaved_dynamic,71,91,20,0.04318754654377699,-1,0
interleaved_dynamic,72,91,20,0.043495994759723544,-1,0
interleaved_dynamic,73,91,20,0.0432461965829134,-1,0
interleaved_dynamic,74,91,20,0.04328599898144603,-1,0
interleaved_dynamic,75,91,20,0.04302954766899347,-1,0
interleaved_dynamic,76,91,20,0.04298290004953742,-1,0
interleaved_dynamic,77,91,20,0.04315749974921346,-1,0
interleaved_dynamic,78,91,20,0.04413275164552033,-1,0
interleaved_dynamic,79,91,20,0.04360270104371011,-1,0
interleaved_dynamic,80,91,20,0.04372444818727672,-1,0
interleaved_dynamic,81,91,20,0.04304465255700052,-1,0
interleaved_dynamic,82,91,20,0.04343450418673456,-1,0
interleaved_dynamic,83,91,20,0.04319300060160458,-1,0
interleaved_dynamic,84,91,20,0.04306730115786195,-1,0
interleaved_dynamic,85,91,20,0.04340155282989144,-1,0
interleaved_dynamic,86,91,20,0.043157453183084726,-1,0
interleaved_dynamic,87,91,20,0.043117947643622756,-1,0
interleaved_dynamic,88,91,20,0.04369405214674771,-1,0
interleaved_dynamic,89,91,20,0.04293635138310492,-1,0
interleaved_dynamic,90,91,20,0.0432685948908329,-1,0
interleaved_dynamic,91,91,20,0.04359980230219662,-1,0
interleaved_dynamic,92,91,20,0.04255480016581714,-1,0
interleaved_dynamic,93,91,20,0.042880099499598145,-1,0
interleaved_dynamic,94,91,20,0.04270459758117795,-1,0
interleaved_dynamic,95,91,20,0.04737210110761225,-1,0
interleaved_dynamic,96,91,20,0.04302440211176872,-1,0
interleaved_dynamic,97,91,20,0.04312410019338131,-1,0
interleaved_dynamic,98,91,20,0.043140200432389975,-1,0
interleaved_dynamic,99,91,20,0.043120002374053,-1,0
interleaved_dynamic,100,91,20,0.04274804960004985,-1,0
interleaved_dynamic,101,91,20,0.04293374950066209,-1,0
interleaved_dynamic,102,91,20,0.04278304986655712,-1,0
interleaved_dynamic,103,91,20,0.042604951886460185,-1,0
interleaved_dynamic,104,91,20,0.04320484586060047,-1,0
interleaved_dynamic,105,91,20,0.04293019883334637,-1,0
interleaved_dynamic,106,91,20,0.04291629884392023,-1,0
interleaved_dynamic,107,91,20,0.04271129728294909,-1,0
interleaved_dynamic,108,91,20,0.04313059616833925,-1,0
interleaved_dynamic,109,91,20,0.04283635062165558,-1,0
interleaved_dynamic,110,91,20,0.043453945545479655,-1,0
interleaved_dynamic,111,91,20,0.0431141525041312,-1,0
interleaved_dynamic,112,91,20,0.04289490170776844,-1,0
interleaved_dynamic,113,91,20,0.043286848813295364,-1,0
interleaved_dynamic,114,91,20,0.042694545118138194,-1,0
interleaved_dynamic,115,91,20,0.044118898222222924,-1,0
interleaved_dynamic,116,91,20,0.043725245632231236,-1,0
interleaved_dynamic,117,91,20,0.04290260258130729,-1,0
interleaved_dynamic,118,91,20,0.04303010064177215,-1,0
interleaved_dynamic,119,91,20,0.04277814878150821,-1,0
interleaved_dynamic,120,91,20,0.0425929029006511,-1,0
interleaved_dynamic,121,91,20,0.042727397521957755,-1,0
interleaved_dynamic,122,91,20,0.042827799916267395,-1,0
interleaved_dynamic,123,91,20,0.043051550164818764,-1,0
interleaved_dynamic,124,91,20,0.042829447193071246,-1,0
interleaved_dynamic,125,91,20,0.043122353963553905,-1,0
interleaved_dynamic,126,91,20,0.04308080533519387,-1,0
interleaved_dynamic,127,91,20,0.04291504737921059,-1,0
interleaved_dynamic,128,91,20,0.04282195004634559,-1,0
interleaved_dynamic,129,91,20,0.044570997124537826,-1,0
interleaved_dynamic,130,91,20,0.04295164835639298,-1,0
interleaved_dynamic,131,91,20,0.042803504038602114,-1,0
interleaved_dynamic,132,91,20,0.04321939777582884,-1,0
interleaved_dynamic,133,91,20,0.042982050217688084,-1,0
interleaved_dynamic,134,91,20,0.042611948447301984,-1,0
interleaved_dynamic,135,91,20,0.04273460363037884,-1,0
interleaved_dynamic,136,91,20,0.043026747880503535,-1,0
interleaved_dynamic,137,91,20,0.042988749919459224,-1,0
interleaved_dynamic,138,91,20,0.04301100270822644,-1,0
interleaved_dynamic,139,91,20,0.043010152876377106,-1,0
interleaved_dynamic,140,91,20,0.043179199565202,-1,0
interleaved_dynamic,141,91,20,0.04361029714345932,-1,0
interleaved_dynamic,142,91,20,0.043394952081143856,-1,0
interleaved_dynamic,143,91,20,0.04328904906287789,-1,0
interleaved_dynamic,144,91,20,0.042956596007570624,-1,0
interleaved_dynamic,145,91,20,0.04292114754207432,-1,0
interleaved_dynamic,146,91,20,0.04282915033400059,-1,0
interleaved_dynamic,147,91,20,0.04384494968689978,-1,0
interleaved_dynamic,148,91,20,0.04315190017223358,-1,0
interleaved_dynamic,149,91,20,0.042473303619772196,-1,0
interleaved_dynamic,150,91,20,0.042757648043334484,-1,0
interleaved_dynamic,151,91,20,0.04298039712011814,-1,0
interleaved_dynamic,152,91,20,0.04261020221747458,-1,0
interleaved_dynamic,153,91,20,0.042805803241208196,-1,0
interleaved_dynamic,154,91,20,0.043090200051665306,-1,0
interleaved_dynamic,155,91,20,0.0440501025877893,-1,0
interleaved_dynamic,156,91,20,0.043120404006913304,-1,0
interleaved_dynamic,157,91,20,0.04323034663684666,-1,0
interleaved_dynamic,158,91,20,0.04289755015634,-1,0
interleaved_dynamic,159,91,20,0.04313624813221395,-1,0
interleaved_dynamic,160,91,20,0.04327869974076748,-1,0
interleaved_dynamic,161,91,20,0.04266739706508815,-1,0
interleaved_dynamic,162,91,20,0.0427199003752321,-1,0
interleaved_dynamic,163,91,20,0.043086300138384104,-1,0
interleaved_dynamic,164,91,20,0.043854350224137306,-1,0
interleaved_dynamic,165,91,20,0.04273524973541498,-1,0
interleaved_dynamic,166,91,20,0.04325549816712737,-1,0
interleaved_dynamic,167,91,20,0.042641349136829376,-1,0
interleaved_dynamic,168,91,20,0.04321589949540794,-1,0
interleaved_dynamic,169,91,20,0.043042347533628345,-1,0
interleaved_dynamic,170,91,20,0.04312215023674071,-1,0
interleaved_dynamic,171,91,20,0.04282550071366131,-1,0
interleaved_dynamic,172,91,20,0.043587450636550784,-1,0
interleaved_dynamic,173,91,20,0.04263960290700197,-1,0
interleaved_dynamic,174,91,20,0.04353225231170654,-1,0
interleaved_dynamic,175,91,20,0.042975705582648516,-1,0
interleaved_dynamic,176,91,20,0.04256760003045201,-1,0
interleaved_dynamic,177,91,20,0.04294874961487949,-1,0
interleaved_dynamic,178,91,20,0.04277030238881707,-1,0
interleaved_dynamic,179,91,20,0.042960146674886346,-1,0
interleaved_dynamic,180,91,20,0.04272954538464546,-1,0
interleaved_dynamic,181,91,20,0.04287224728614092,-1,0
interleaved_dynamic,182,91,20,0.042303052032366395,-1,0
interleaved_dynamic,183,91,20,0.04286039620637894,-1,0
interleaved_dynamic,184,91,20,0.04293050151318312,-1,0
interleaved_dynamic,185,91,20,0.04390130052343011,-1,0
interleaved_dynamic,186,91,20,0.04274184466339648,-1,0
interleaved_dynamic,187,91,20,0.042629550443962216,-1,0
interleaved_dynamic,188,91,20,0.04268320044502616,-1,0
interleaved_dynamic,189,91,20,0.04267565091140568,-1,0
interleaved_dynamic,190,91,20,0.04295730032026768,-1,0
interleaved_dynamic,191,91,20,0.042680551996454597,-1,0
interleaved_dynamic,192,91,20,0.0426753016654402,-1,0
interleaved_dynamic,193,91,20,0.04254365339875221,-1,0
interleaved_dynamic,194,91,20,0.04277345142327249,-1,0
interleaved_dynamic,195,91,20,0.042534852400422096,-1,0
interleaved_dynamic,196,91,20,0.04276630352251232,-1,0
interleaved_dynamic,197,91,20,0.04287619958631694,-1,0
interleaved_dynamic,198,91,20,0.04230060148984194,-1,0
interleaved_dynamic,199,91,20,0.043328903848305345,-1,0
interleaved_dynamic,200,91,20,0.04258464905433357,-1,0
interleaved_dynamic,201,91,20,0.04295455291867256,-1,0
interleaved_dynamic,202,91,20,0.04294105456210673,-1,0
interleaved_dynamic,203,91,20,0.04313785466365516,-1,0
interleaved_dynamic,204,91,20,0.043413450475782156,-1,0
interleaved_dynamic,205,91,20,0.04276425461284816,-1,0
interleaved_dynamic,206,91,20,0.04275965038686991,-1,0
interleaved_dynamic,207,91,20,0.042590301018208265,-1,0
interleaved_dynamic,208,91,20,0.042911601485684514,-1,0
interleaved_dynamic,209,91,20,0.043286598520353436,-1,0
interleaved_dynamic,210,91,20,0.04308895440772176,-1,0
interleaved_dynamic,211,91,20,0.04303129971958697,-1,0
interleaved_dynamic,212,91,20,0.043225649278610945,-1,0
interleaved_dynamic,213,91,20,0.042928900802508,-1,0
interleaved_dynamic,214,91,20,0.04332980024628341,-1,0
interleaved_dynamic,215,91,20,0.04470564890652895,-1,0
interleaved_dynamic,216,91,20,0.043037597788497806,-1,0
interleaved_dynamic,217,91,20,0.04321695305407047,-1,0
interleaved_dynamic,218,91,20,0.043154601007699966,-1,0
interleaved_dynamic,219,91,20,0.04299159627407789,-1,0
interleaved_dynamic,220,91,20,0.04273360245861113,-1,0
interleaved_dynamic,221,91,20,0.04290534998290241,-1,0
interleaved_dynamic,222,91,20,0.04372480325400829,-1,0
interleaved_dynamic,223,91,20,0.043264252599328756,-1,0
interleaved_dynamic,224,91,20,0.04312689998187125,-1,0
interleaved_dynamic,225,91,20,0.04320669686421752,-1,0
interleaved_dynamic,226,91,20,0.042927596950903535,-1,0
interleaved_dynamic,227,91,20,0.04301694571040571,-1,0
interleaved_dynamic,228,91,20,0.04353304975666106,-1,0
interleaved_dynamic,229,91,20,0.04339605220593512,-1,0
interleaved_dynamic,230,91,20,0.043403846211731434,-1,0
interleaved_dynamic,231,91,20,0.04321244778111577,-1,0
interleaved_dynamic,232,91,20,0.04329885123297572,-1,0
interleaved_dynamic,233,91,20,0.04328284994699061,-1,0
interleaved_dynamic,234,91,20,0.04284069873392582,-1,0
interleaved_dynamic,235,91,20,0.043595151510089636,-1,0
interleaved_dynamic,236,91,20,0.04298885469324887,-1,0
interleaved_dynamic,237,91,20,0.04281899891793728,-1,0
interleaved_dynamic,238,91,20,0.043158652260899544,-1,0
interleaved_dynamic,239,91,20,0.04280075081624091,-1,0
interleaved_dynamic,240,91,20,0.04416074953041971,-1,0
interleaved_dynamic,241,91,20,0.04280275315977633,-1,0
interleaved_dynamic,242,91,20,0.04289100179448724,-1,0
interleaved_dynamic,243,91,20,0.04342590109445155,-1,0
interleaved_dynamic,244,91,20,0.04318495048210025,-1,0
interleaved_dynamic,245,91,20,0.04252924700267613,-1,0
interleaved_dynamic,246,91,20,0.04322165041230619,-1,0
interleaved_dynamic,247,91,20,0.04320954903960228,-1,0
interleaved_dynamic,248,91,20,0.042729347478598356,-1,0
interleaved_dynamic,249,91,20,0.04307784838601947,-1,0
interleaved_dynamic,250,91,20,0.043000600999221206,-1,0
interleaved_dynamic,251,91,20,0.04303065361455083,-1,0
interleaved_dynamic,252,91,20,0.042980897706002,-1,0
interleaved_dynamic,253,91,20,0.043468904914334416,-1,0
interleaved_dynamic,254,91,20,0.04279099521227181,-1,0
interleaved_dynamic,255,91,20,0.042723200749605894,-1,0
interleaved_dynamic,256,91,20,0.04424819489941001,-1,0
interleaved_dynamic,257,91,20,0.04396829754114151,-1,0
interleaved_dynamic,258,91,20,0.04337875288911164,-1,0
interleaved_dynamic,259,91,20,0.04322229651734233,-1,0
interleaved_dynamic,260,91,20,0.0435440510045737,-1,0
interleaved_dynamic,261,91,20,0.04337095306254923,-1,0
interleaved_dynamic,262,91,20,0.043201103108003736,-1,0
interleaved_dynamic,263,91,20,0.04295774851925671,-1,0
interleaved_dynamic,264,91,20,0.04307659692130983,-1,0
interleaved_dynamic,265,91,20,0.04424504586495459,-1,0
interleaved_dynamic,266,91,20,0.0434966990724206,-1,0
interleaved_dynamic,267,91,20,0.043362699216231704,-1,0
interleaved_dynamic,268,91,20,0.04225820302963257,-1,0
interleaved_dynamic,269,91,20,0.042814749758690596,-1,0
interleaved_dynamic,270,91,20,0.04325670306570828,-1,0
interleaved_dynamic,271,91,20,0.04475350142456591,-1,0
interleaved_dynamic,272,91,20,0.04279569839127362,-1,0
interleaved_dynamic,273,91,20,0.04304859903641045,-1,0
interleaved_dynamic,274,91,20,0.04296134575270116,-1,0
interleaved_dynamic,275,91,20,0.04328105133026838,-1,0
interleaved_dynamic,276,91,20,0.042777450289577246,-1,0
interleaved_dynamic,277,91,20,0.042672245763242245,-1,0
interleaved_dynamic,278,91,20,0.0429606472607702,-1,0
interleaved_dynamic,279,91,20,0.04313359968364239,-1,0
interleaved_dynamic,280,91,20,0.04259239649400115,-1,0
interleaved_dynamic,281,91,20,0.04404825158417225,-1,0
interleaved_dynamic,282,91,20,0.042622850742191076,-1,0
interleaved_dynamic,283,91,20,0.04253910155966878,-1,0
interleaved_dynamic,284,91,20,0.04296769620850682,-1,0
interleaved_dynamic,285,91,20,0.043225602712482214,-1,0
interleaved_dynamic,286,91,20,0.043382798321545124,-1,0
interleaved_dynamic,287,91,20,0.0436351983807981,-1,0
interleaved_dynamic,288,91,20,0.042873446363955736,-1,0
interleaved_dynamic,289,91,20,0.042979803401976824,-1,0
interleaved_dynamic,290,91,20,0.04333105171099305,-1,0
interleaved_dynamic,291,91,20,0.042976345866918564,-1,0
interleaved_dynamic,292,91,20,0.042927300091832876,-1,0
interleaved_dynamic,293,91,20,0.0429847976192832,-1,0
interleaved_dynamic,294,91,20,0.04301790031604469,-1,0
interleaved_dynamic,295,91,20,0.0429780047852546,-1,0
interleaved_dynamic,296,91,20,0.04272364894859493,-1,0
interleaved_dynamic,297,91,20,0.04272210062481463,-1,0
interleaved_dynamic,298,91,20,0.04308559582568705,-1,0
interleaved_dynamic,299,91,20,0.043048750376328826,-1,0
interleaved_dynamic,300,91,20,0.04279444692656398,-1,0
interleaved_dynamic,301,91,20,0.04283090238459408,-1,0
interleaved_dynamic,302,91,20,0.04315514815971255,-1,0
interleaved_dynamic,303,91,20,0.04352034884504974,-1,0
interleaved_dynamic,304,91,20,0.04391825059428811,-1,0
interleaved_dynamic,305,91,20,0.04316995036788285,-1,0
interleaved_dynamic,306,91,20,0.04327214555814862,-1,0
interleaved_dynamic,307,91,20,0.043298950185999274,-1,0
interleaved_dynamic,308,91,20,0.04286249750293791,-1,0
interleaved_dynamic,309,91,20,0.043654453475028276,-1,0
interleaved_dynamic,310,91,20,0.043153250589966774,-1,0
interleaved_dynamic,311,91,20,0.043036602437496185,-1,0
interleaved_dynamic,312,91,20,0.04279824788682163,-1,0
interleaved_dynamic,313,91,20,0.0431250489782542,-1,0
interleaved_dynamic,314,91,20,0.04291394725441933,-1,0
interleaved_dynamic,315,91,20,0.04270405042916536,-1,0
interleaved_dynamic,316,91,20,0.04311444936320186,-1,0
interleaved_dynamic,317,91,20,0.043874746188521385,-1,0
interleaved_dynamic,318,91,20,0.043231446761637926,-1,0
interleaved_dynamic,319,91,20,0.044010498095303774,-1,0
interleaved_dynamic,320,91,20,0.04318495048210025,-1,0
interleaved_dynamic,321,91,20,0.043004052713513374,-1,0
interleaved_dynamic,322,91,20,0.04309450159780681,-1,0
interleaved_dynamic,323,91,20,0.04276459803804755,-1,0
interleaved_dynamic,324,91,20,0.042719749035313725,-1,0
interleaved_dynamic,325,91,20,0.043177203042432666,-1,0
interleaved_dynamic,326,91,20,0.04328804789111018,-1,0
interleaved_dynamic,327,91,20,0.042714696610346437,-1,0
interleaved_dynamic,328,91,20,0.043027999345213175,-1,0
interleaved_dynamic,329,91,20,0.04373405245132744,-1,0
interleaved_dynamic,330,91,20,0.04294360405765474,-1,0
interleaved_dynamic,331,91,20,0.04397460143081844,-1,0
interleaved_dynamic,332,91,20,0.0427794991992414,-1,0
interleaved_dynamic,333,91,20,0.0433398992754519,-1,0
interleaved_dynamic,334,91,20,0.04382835468277335,-1,0
interleaved_dynamic,335,91,20,0.043167301919311285,-1,0
interleaved_dynamic,336,91,20,0.043105497024953365,-1,0
interleaved_dynamic,337,91,20,0.04296575207263231,-1,0
interleaved_dynamic,338,91,20,0.04282415029592812,-1,0
interleaved_dynamic,339,91,20,0.04304124740883708,-1,0
interleaved_dynamic,340,91,20,0.04306635237298906,-1,0
interleaved_dynamic,341,91,20,0.04288380150683224,-1,0
interleaved_dynamic,342,91,20,0.043159699998795986,-1,0
interleaved_dynamic,343,91,20,0.04251914797350764,-1,0
interleaved_dynamic,344,91,20,0.042892846977338195,-1,0
interleaved_dynamic,345,91,20,0.042858399683609605,-1,0
interleaved_dynamic,346,91,20,0.04288349882699549,-1,0
interleaved_dynamic,347,91,20,0.042738596675917506,-1,0
interleaved_dynamic,348,91,20,0.04291840014047921,-1,0
interleaved_dynamic,349,91,20,0.04291394725441933,-1,0
interleaved_dynamic,350,91,20,0.042982702143490314,-1,0
interleaved_dynamic,351,91,20,0.04296060069464147,-1,0
interleaved_dynamic,352,91,20,0.043846998596563935,-1,0
interleaved_dynamic,353,91,20,0.04291905206628144,-1,0
interleaved_dynamic,354,91,20,0.042863149428740144,-1,0
interleaved_dynamic,355,91,20,0.04271534853614867,-1,0
interleaved_dynamic,356,91,20,0.042978901183232665,-1,0
interleaved_dynamic,357,91,20,0.042925000889226794,-1,0
interleaved_dynamic,358,91,20,0.04312750534154475,-1,0
interleaved_dynamic,359,91,20,0.04267249605618417,-1,0
interleaved_dynamic,360,91,20,0.04296505358070135,-1,0
interleaved_dynamic,361,91,20,0.043120753252878785,-1,0
interleaved_dynamic,362,91,20,0.043062400072813034,-1,0
interleaved_dynamic,363,91,20,0.043373298831284046,-1,0
interleaved_dynamic,364,91,20,0.04319195286370814,-1,0
interleaved_dynamic,365,91,20,0.0430415035225451,-1,0
interleaved_dynamic,366,91,20,0.04382474580779672,-1,0
interleaved_dynamic,367,91,20,0.0425011501647532,-1,0
interleaved_dynamic,368,91,20,0.042891548946499825,-1,0
interleaved_dynamic,369,91,20,0.043138099135831,-1,0
interleaved_dynamic,370,91,20,0.043354753870517015,-1,0
interleaved_dynamic,371,91,20,0.04291170043870807,-1,0
interleaved_dynamic,372,91,20,0.04323290195316076,-1,0
interleaved_dynamic,373,91,20,0.04305265028961003,-1,0
interleaved_dynamic,374,91,20,0.042820454109460115,-1,0
interleaved_dynamic,375,91,20,0.04278550040908158,-1,0
interleaved_dynamic,376,91,20,0.04320850130170584,-1,0
interleaved_dynamic,377,91,20,0.04353834665380418,-1,0
interleaved_dynamic,378,91,20,0.04233390209265053,-1,0
interleaved_dynamic,379,91,20,0.04313180106692016,-1,0
interleaved_dynamic,380,91,20,0.04338959697633982,-1,0
interleaved_dynamic,381,91,20,0.04317215061746538,-1,0
interleaved_dynamic,382,91,20,0.04376555443741381,-1,0
interleaved_dynamic,383,91,20,0.04310309886932373,-1,0
interleaved_dynamic,384,91,20,0.04309265059418976,-1,0
interleaved_dynamic,385,91,20,0.042772048618644476,-1,0
interleaved_dynamic,386,91,20,0.04303714958950877,-1,0
interleaved_dynamic,387,91,20,0.04313885001465678,-1,0
interleaved_dynamic,388,91,20,0.04278434789739549,-1,0
interleaved_dynamic,389,91,20,0.04304434987716377,-1,0
interleaved_dynamic,390,91,20,0.04296419792808592,-1,0
interleaved_dynamic,391,91,20,0.04367920337244868,-1,0
interleaved_dynamic,392,91,20,0.04318755236454308,-1,0
interleaved_dynamic,393,91,20,0.042665499495342374,-1,0
interleaved_dynamic,394,91,20,0.04275935352779925,-1,0
interleaved_dynamic,395,91,20,0.043784151785075665,-1,0
interleaved_dynamic,396,91,20,0.04301475128158927,-1,0
interleaved_dynamic,397,91,20,0.04416785086505115,-1,0
interleaved_dynamic,398,91,20,0.04327649949118495,-1,0
interleaved_dynamic,399,91,20,0.04286900511942804,-1,0
interleaved_dynamic,400,91,20,0.04297624691389501,-1,0
interleaved_dynamic,401,91,20,0.04330075462348759,-1,0
interleaved_dynamic,402,91,20,0.04308054922148585,-1,0
interleaved_dynamic,403,91,20,0.0427568971645087,-1,0
interleaved_dynamic,404,91,20,0.042653747368603945,-1,0
interleaved_dynamic,405,91,20,0.04391635302454233,-1,0
interleaved_dynamic,406,91,20,0.04314670222811401,-1,0
interleaved_dynamic,407,91,20,0.0429739011451602,-1,0
interleaved_dynamic,408,91,20,0.04316470003686845,-1,0
interleaved_dynamic,409,91,20,0.0433998997323215,-1,0
interleaved_dynamic,410,91,20,0.04293179954402149,-1,0
interleaved_dynamic,411,91,20,0.04307350027374923,-1,0
interleaved_dynamic,412,91,20,0.042636151192709804,-1,0
interleaved_dynamic,413,91,20,0.04356415010988712,-1,0
interleaved_dynamic,414,91,20,0.042721000500023365,-1,0
interleaved_dynamic,415,91,20,0.04307780181989074,-1,0
interleaved_dynamic,416,91,20,0.043009204091504216,-1,0
interleaved_dynamic,417,91,20,0.04288374911993742,-1,0
interleaved_dynamic,418,91,20,0.04314539837650955,-1,0
interleaved_dynamic,419,91,20,0.04309649812057614,-1,0
interleaved_dynamic,420,91,20,0.04285305039957166,-1,0
interleaved_dynamic,421,91,20,0.04284005262888968,-1,0
interleaved_dynamic,422,91,20,0.04320474690757692,-1,0
interleaved_dynamic,423,91,20,0.04358644946478307,-1,0
interleaved_dynamic,424,91,20,0.04313325043767691,-1,0
interleaved_dynamic,425,91,20,0.04343049949966371,-1,0
interleaved_dynamic,426,91,20,0.04334445111453533,-1,0
interleaved_dynamic,427,91,20,0.04303189925849438,-1,0
interleaved_dynamic,428,91,20,0.042817898793146014,-1,0
interleaved_dynamic,429,91,20,0.04332110402174294,-1,0
interleaved_dynamic,430,91,20,0.042972847586497664,-1,0
interleaved_dynamic,431,91,20,0.04294059472158551,-1,0
interleaved_dynamic,432,91,20,0.04331349628046155,-1,0
interleaved_dynamic,433,91,20,0.04305914626456797,-1,0
interleaved_dynamic,434,91,20,0.042640051105991006,-1,0
interleaved_dynamic,435,91,20,0.04308274947106838,-1,0
interleaved_dynamic,436,91,20,0.04334025434218347,-1,0
interleaved_dynamic,437,91,20,0.04308160278014839,-1,0
interleaved_dynamic,438,91,20,0.04263824666850269,-1,0
interleaved_dynamic,439,91,20,0.04281005240045488,-1,0
interleaved_dynamic,440,91,20,0.04297490231692791,-1,0
interleaved_dynamic,441,91,20,0.04318975261412561,-1,0
interleaved_dynamic,442,91,20,0.04323324537836015,-1,0
interleaved_dynamic,443,91,20,0.04309744690544903,-1,0
interleaved_dynamic,444,91,20,0.043338496470823884,-1,0
interleaved_dynamic,445,91,20,0.04319479921832681,-1,0
interleaved_dynamic,446,91,20,0.04295569960959256,-1,0
interleaved_dynamic,447,91,20,0.04308050265535712,-1,0
interleaved_dynamic,448,91,20,0.04280140274204314,-1,0
interleaved_dynamic,449,91,20,0.04305265028961003,-1,0
interleaved_dynamic,450,91,20,0.04301085136830807,-1,0
interleaved_dynamic,451,91,20,0.04265635507181287,-1,0
interleaved_dynamic,452,91,20,0.04329184885136783,-1,0
interleaved_dynamic,453,91,20,0.04395305295474827,-1,0
interleaved_dynamic,454,91,20,0.043057603761553764,-1,0
interleaved_dynamic,455,91,20,0.04250759957358241,-1,0
interleaved_dynamic,456,91,20,0.04302440211176872,-1,0
interleaved_dynamic,457,91,20,0.043088552774861455,-1,0
interleaved_dynamic,458,91,20,0.04299340071156621,-1,0
interleaved_dynamic,459,91,20,0.04418985336087644,-1,0
interleaved_dynamic,460,91,20,0.042502948781475425,-1,0
interleaved_dynamic,461,91,20,0.04315024707466364,-1,0
interleaved_dynamic,462,91,20,0.04308994975872338,-1,0
interleaved_dynamic,463,91,20,0.0428316998295486,-1,0
interleaved_dynamic,464,91,20,0.042514747474342585,-1,0
interleaved_dynamic,465,91,20,0.04262264701537788,-1,0
interleaved_dynamic,466,91,20,0.043042300967499614,-1,0
interleaved_dynamic,467,91,20,0.04310649819672108,-1,0
interleaved_dynamic,468,91,20,0.04273465019650757,-1,0
interleaved_dynamic,469,91,20,0.04321049782447517,-1,0
interleaved_dynamic,470,91,20,0.04330769879743457,-1,0
interleaved_dynamic,471,91,20,0.04326564958319068,-1,0
interleaved_dynamic,472,91,20,0.0429732957854867,-1,0
interleaved_dynamic,473,91,20,0.0429032021202147,-1,0
interleaved_dynamic,474,91,20,0.0438311486504972,-1,0
interleaved_dynamic,475,91,20,0.04326149937696755,-1,0
interleaved_dynamic,476,91,20,0.04300680011510849,-1,0
interleaved_dynamic,477,91,20,0.04330144729465246,-1,0
interleaved_dynamic,478,91,20,0.04343694890849292,-1,0
interleaved_dynamic,479,91,20,0.04293190431781113,-1,0
interleaved_dynamic,480,91,20,0.04241085262037814,-1,0
interleaved_dynamic,481,91,20,0.043059850577265024,-1,0
interleaved_dynamic,482,91,20,0.04310589865781367,-1,0
interleaved_dynamic,483,91,20,0.04314049729146063,-1,0
interleaved_dynamic,484,91,20,0.0434986490290612,-1,0
interleaved_dynamic,485,91,20,0.04249654593877494,-1,0
interleaved_dynamic,486,91,20,0.043081247713416815,-1,0
interleaved_dynamic,487,91,20,0.04324169713072479,-1,0
interleaved_dynamic,488,91,20,0.04313684767112136,-1,0
interleaved_dynamic,489,91,20,0.04348179791122675,-1,0
interleaved_dynamic,490,91,20,0.04348744987510145,-1,0
interleaved_dynamic,491,91,20,0.04314539837650955,-1,0
interleaved_dynamic,492,91,20,0.04312900127843022,-1,0
interleaved_dynamic,493,91,20,0.04298454732634127,-1,0
interleaved_dynamic,494,91,20,0.042800098890438676,-1,0
interleaved_dynamic,495,91,20,0.043033796828240156,-1,0
interleaved_dynamic,496,91,20,0.0425442005507648,-1,0
interleaved_dynamic,497,91,20,0.04333964898250997,-1,0
interleaved_dynamic,498,91,20,0.043471145909279585,-1,0
interleaved_dynamic,499,91,20,0.04433814901858568,-1,0
prediction_noise,0,85,20,0.04036665195599198,-1,1
prediction_noise,1,85,20,0.021903449669480324,-1,0
prediction_noise,2,85,20,0.021833949722349644,-1,0
prediction_noise,3,85,20,0.02195565029978752,-1,0
prediction_noise,4,85,20,0.021986599313095212,-1,0
prediction_noise,5,85,20,0.02235479769296944,-1,0
prediction_noise,6,85,20,0.022576999617740512,-1,0
prediction_noise,7,85,20,0.05018279771320522,50,1
prediction_noise,8,85,20,0.022699247347190976,-1,0
prediction_noise,9,85,20,0.039688049582764506,-1,1
prediction_noise,10,85,20,0.02358620404265821,-1,0
prediction_noise,11,85,20,0.02227950026281178,-1,0
prediction_noise,12,85,20,0.021903199376538396,-1,0
prediction_noise,13,85,20,0.021843804279342294,-1,0
prediction_noise,14,85,20,0.02186024794355035,-1,0
prediction_noise,15,85,20,0.02170405350625515,-1,0
prediction_noise,16,85,20,0.05124540184624493,47,1
prediction_noise,17,85,20,0.022216950310394168,-1,0
prediction_noise,18,85,20,0.02135914983227849,-1,0
prediction_noise,19,85,20,0.021930347429588437,-1,0
prediction_noise,20,85,20,0.048989400966092944,-1,1
prediction_noise,21,85,20,0.021531403763219714,-1,0
prediction_noise,22,85,20,0.02160330186598003,-1,0
prediction_noise,23,85,20,0.021896796533837914,-1,0
prediction_noise,24,85,20,0.02190200029872358,-1,0
prediction_noise,25,85,20,0.04937875200994313,38,1
prediction_noise,26,85,20,0.02185130142606795,-1,0
prediction_noise,27,85,20,0.021478149574249983,-1,0
prediction_noise,28,85,20,0.04814044805243611,46,1
prediction_noise,29,85,20,0.02192729734815657,-1,0
prediction_noise,30,85,20,0.02164195175282657,-1,0
prediction_noise,31,85,20,0.021300651133060455,-1,0
prediction_noise,32,85,20,0.021553999977186322,-1,0
prediction_noise,33,85,20,0.05151889636181295,30,1
prediction_noise,34,85,20,0.021892949007451534,-1,0
prediction_noise,35,85,20,0.021584797650575638,-1,0
prediction_noise,36,85,20,0.021298648789525032,-1,0
prediction_noise,37,85,20,0.021558901062235236,-1,0
prediction_noise,38,85,20,0.02145289909094572,-1,0
prediction_noise,39,85,20,0.021565950009971857,-1,0
prediction_noise,40,85,20,0.02133490052074194,-1,0
prediction_noise,41,85,20,0.02156419795937836,-1,0
prediction_noise,42,85,20,0.021685200044885278,-1,0
prediction_noise,43,85,20,0.021928898058831692,-1,0
prediction_noise,44,85,20,0.021730450680479407,-1,0
prediction_noise,45,85,20,0.022050499683246017,-1,0
prediction_noise,46,85,20,0.022634404012933373,-1,0
prediction_noise,47,85,20,0.02179369912482798,-1,0
prediction_noise,48,85,20,0.02171645173802972,-1,0
prediction_noise,49,85,20,0.021558202570304275,-1,0
prediction_noise,50,85,20,0.02171270316466689,-1,0
prediction_noise,51,85,20,0.02142834709957242,-1,0
prediction_noise,52,85,20,0.02157365088351071,-1,0
prediction_noise,53,85,20,0.021715753246098757,-1,0
prediction_noise,54,85,20,0.021353649208322167,-1,0
prediction_noise,55,85,20,0.021721201483160257,-1,0
prediction_noise,56,85,20,0.021020101848989725,-1,0
prediction_noise,57,85,20,0.021513900719583035,-1,0
prediction_noise,58,85,20,0.02119909622706473,-1,0
prediction_noise,59,85,20,0.021518149878829718,-1,0
prediction_noise,60,85,20,0.02149745123460889,-1,0
prediction_noise,61,85,20,0.021540350280702114,-1,0
prediction_noise,62,85,20,0.021649448899552226,-1,0
prediction_noise,63,85,20,0.021140696480870247,-1,0
prediction_noise,64,85,20,0.021611899137496948,-1,0
prediction_noise,65,85,20,0.021688849665224552,-1,0
prediction_noise,66,85,20,0.021396199008449912,-1,0
prediction_noise,67,85,20,0.021440599812194705,-1,0
prediction_noise,68,85,20,0.021456897957250476,-1,0
prediction_noise,69,85,20,0.021873501827940345,-1,0
prediction_noise,70,85,20,0.021599448518827558,-1,0
prediction_noise,71,85,20,0.021576147992163897,-1,0
prediction_noise,72,85,20,0.045416399370878935,50,1
prediction_noise,73,85,20,0.02185484627261758,-1,0
prediction_noise,74,85,20,0.021222647046670318,-1,0
prediction_noise,75,85,20,0.021927652414888144,-1,0
prediction_noise,76,85,20,0.02138089621439576,-1,0
prediction_noise,77,85,20,0.02194480039179325,-1,0
prediction_noise,78,85,20,0.021149154054000974,-1,0
prediction_noise,79,85,20,0.021402951097115874,-1,0
prediction_noise,80,85,20,0.021294801263138652,-1,0
prediction_noise,81,85,20,0.021461001597344875,-1,0
prediction_noise,82,85,20,0.0213971477933228,-1,0
prediction_noise,83,85,20,0.02148665371350944,-1,0
prediction_noise,84,85,20,0.021611101692542434,-1,0
prediction_noise,85,85,20,0.02100465353578329,-1,0
prediction_noise,86,85,20,0.02162210294045508,-1,0
prediction_noise,87,85,20,0.02167670172639191,-1,0
prediction_noise,88,85,20,0.021763297263532877,-1,0
prediction_noise,89,85,20,0.02181154559366405,-1,0
prediction_noise,90,85,20,0.021727196872234344,-1,0
prediction_noise,91,85,20,0.021582748740911484,-1,0
prediction_noise,92,85,20,0.052034802502021194,46,1
prediction_noise,93,85,20,0.021958898287266493,-1,0
prediction_noise,94,85,20,0.021539151202887297,-1,0
prediction_noise,95,85,20,0.04976875497959554,-1,1
prediction_noise,96,85,20,0.023472850443795323,-1,0
prediction_noise,97,85,20,0.02335674944333732,-1,0
prediction_noise,98,85,20,0.02291449927724898,-1,0
prediction_noise,99,85,20,0.049668847350403666,48,1
prediction_noise,100,85,20,0.051069899927824736,-1,1
prediction_noise,101,85,20,0.022000353783369064,-1,0
prediction_noise,102,85,20,0.022110005374997854,-1,0
prediction_noise,103,85,20,0.022292195353657007,-1,0
prediction_noise,104,85,20,0.02235060092061758,-1,0
prediction_noise,105,85,20,0.02248730161227286,-1,0
prediction_noise,106,85,20,0.04325674963183701,60,1
prediction_noise,107,85,20,0.022150250151753426,-1,0
prediction_noise,108,85,20,0.021508400095626712,-1,0
prediction_noise,109,85,20,0.021466001635417342,-1,0
prediction_noise,110,85,20,0.03925109631381929,-1,1
prediction_noise,111,85,20,0.04793510306626558,40,1
prediction_noise,112,85,20,0.02216764842160046,-1,0
prediction_noise,113,85,20,0.05058454698882997,46,1
prediction_noise,114,85,20,0.021872494835406542,-1,0
prediction_noise,115,85,20,0.021463196026161313,-1,0
prediction_noise,116,85,20,0.022006151266396046,-1,0
prediction_noise,117,85,20,0.02189560327678919,-1,0
prediction_noise,118,85,20,0.021133548580110073,-1,0
prediction_noise,119,85,20,0.021714752074331045,-1,0
prediction_noise,120,85,20,0.021310447482392192,-1,0
prediction_noise,121,85,20,0.021176098380237818,-1,0
prediction_noise,122,85,20,0.021607649978250265,-1,0
prediction_noise,123,85,20,0.020993995713070035,-1,0
prediction_noise,124,85,20,0.021611148258671165,-1,0
prediction_noise,125,85,20,0.02169325016438961,-1,0
prediction_noise,126,85,20,0.021864305017516017,-1,0
prediction_noise,127,85,20,0.022038002498447895,-1,0
prediction_noise,128,85,20,0.022046203957870603,-1,0
prediction_noise,129,85,20,0.021314399782568216,-1,0
prediction_noise,130,85,20,0.020969653269276023,-1,0
prediction_noise,131,85,20,0.022033898858353496,-1,0
prediction_noise,132,85,20,0.021006749011576176,-1,0
prediction_noise,133,85,20,0.0215743959415704,-1,0
prediction_noise,134,85,20,0.02114234957844019,-1,0
prediction_noise,135,85,20,0.02143314923159778,-1,0
prediction_noise,136,85,20,0.02116850228048861,-1,0
prediction_noise,137,85,20,0.021523149916902184,-1,0
prediction_noise,138,85,20,0.021660252241417766,-1,0
prediction_noise,139,85,20,0.021904049208387733,-1,0
prediction_noise,140,85,20,0.039980601286515594,-1,1
prediction_noise,141,85,20,0.022031296975910664,-1,0
prediction_noise,142,85,20,0.02154219546355307,-1,0
prediction_noise,143,85,20,0.02168084611184895,-1,0
prediction_noise,144,85,20,0.048933946527540684,-1,1
prediction_noise,145,85,20,0.05030005122534931,-1,1
prediction_noise,146,85,20,0.0217522494494915,-1,0
prediction_noise,147,85,20,0.02157659619115293,-1,0
prediction_noise,148,85,20,0.021665898384526372,-1,0
prediction_noise,149,85,20,0.021794397616758943,-1,0
prediction_noise,150,85,20,0.021759950323030353,-1,0
prediction_noise,151,85,20,0.021428294712677598,-1,0
prediction_noise,152,85,20,0.021206645760685205,-1,0
prediction_noise,153,85,20,0.02142320154234767,-1,0
prediction_noise,154,85,20,0.021196604939177632,-1,0
prediction_noise,155,85,20,0.021805550204589963,-1,0
prediction_noise,156,85,20,0.021757354261353612,-1,0
prediction_noise,157,85,20,0.02160139847546816,-1,0
prediction_noise,158,85,20,0.02176460111513734,-1,0
prediction_noise,159,85,20,0.047591852489858866,-1,1
prediction_noise,160,85,20,0.02187844947911799,-1,0
prediction_noise,161,85,20,0.0214854022487998,-1,0
prediction_noise,162,85,20,0.021925801411271095,-1,0
prediction_noise,163,85,20,0.02091125352308154,-1,0
prediction_noise,164,85,20,0.021243997616693377,-1,0
prediction_noise,165,85,20,0.021322298562154174,-1,0
prediction_noise,166,85,20,0.021628302056342363,-1,0
prediction_noise,167,85,20,0.02193835098296404,-1,0
prediction_noise,168,85,20,0.045310199493542314,52,1
prediction_noise,169,85,20,0.022167654242366552,-1,0
prediction_noise,170,85,20,0.021773454500362277,-1,0
prediction_noise,171,85,20,0.02168715000152588,-1,0
prediction_noise,172,85,20,0.021338654914870858,-1,0
prediction_noise,173,85,20,0.021782249677926302,-1,0
prediction_noise,174,85,20,0.021382799604907632,-1,0
prediction_noise,175,85,20,0.02150264917872846,-1,0
prediction_noise,176,85,20,0.021826854208484292,-1,0
prediction_noise,177,85,20,0.02101834979839623,-1,0
prediction_noise,178,85,20,0.021284149261191487,-1,0
prediction_noise,179,85,20,0.021868752082809806,-1,0
prediction_noise,180,85,20,0.02186725032515824,-1,0
prediction_noise,181,85,20,0.021966348867863417,-1,0
prediction_noise,182,85,20,0.021866400493308902,-1,0
prediction_noise,183,85,20,0.021793204359710217,-1,0
prediction_noise,184,85,20,0.021406752057373524,-1,0
prediction_noise,185,85,20,0.021382048726081848,-1,0
prediction_noise,186,85,20,0.021221302449703217,-1,0
prediction_noise,187,85,20,0.021311850287020206,-1,0
prediction_noise,188,85,20,0.021695950999855995,-1,0
prediction_noise,189,85,20,0.021753902547061443,-1,0
prediction_noise,190,85,20,0.02138144918717444,-1,0
prediction_noise,191,85,20,0.021321751410141587,-1,0
prediction_noise,192,85,20,0.020905298879370093,-1,0
prediction_noise,193,85,20,0.022494449513033032,-1,0
prediction_noise,194,85,20,0.021257350454106927,-1,0
prediction_noise,195,85,20,0.021697551710531116,-1,0
prediction_noise,196,85,20,0.021487550111487508,-1,0
prediction_noise,197,85,20,0.0219601031858474,-1,0
prediction_noise,198,85,20,0.021545699564740062,-1,0
prediction_noise,199,85,20,0.021584099158644676,-1,0
prediction_noise,200,85,20,0.021432049106806517,-1,0
prediction_noise,201,85,20,0.021482951706275344,-1,0
prediction_noise,202,85,20,0.02172100357711315,-1,0
prediction_noise,203,85,20,0.021540350280702114,-1,0
prediction_noise,204,85,20,0.02159695141017437,-1,0
prediction_noise,205,85,20,0.02168400096707046,-1,0
prediction_noise,206,85,20,0.020998500986024737,-1,0
prediction_noise,207,85,20,0.02152874949388206,-1,0
prediction_noise,208,85,20,0.021270749857649207,-1,0
prediction_noise,209,85,20,0.02126920153386891,-1,0
prediction_noise,210,85,20,0.021362851839512587,-1,0
prediction_noise,211,85,20,0.021562050096690655,-1,0
prediction_noise,212,85,20,0.021282146917656064,-1,0
prediction_noise,213,85,20,0.021542550530284643,-1,0
prediction_noise,214,85,20,0.021586951334029436,-1,0
prediction_noise,215,85,20,0.021943252068012953,-1,0
prediction_noise,216,85,20,0.021618447499349713,-1,0
prediction_noise,217,85,20,0.02155640395358205,-1,0
prediction_noise,218,85,20,0.04343114560469985,53,1
prediction_noise,219,85,20,0.02195460256189108,-1,0
prediction_noise,220,85,20,0.02133204834535718,-1,0
prediction_noise,221,85,20,0.0214423518627882,-1,0
prediction_noise,222,85,20,0.02188360085710883,-1,0
prediction_noise,223,85,20,0.05248615052551031,39,1
prediction_noise,224,85,20,0.02190424711443484,-1,0
prediction_noise,225,85,20,0.021590502001345158,-1,0
prediction_noise,226,85,20,0.021528551587834954,-1,0
prediction_noise,227,85,20,0.0216926506254822,-1,0
prediction_noise,228,85,20,0.02111430512741208,-1,0
prediction_noise,229,85,20,0.05164325120858848,39,1
prediction_noise,230,85,20,0.021906901383772492,-1,0
prediction_noise,231,85,20,0.02122775185853243,-1,0
prediction_noise,232,85,20,0.02166515332646668,-1,0
prediction_noise,233,85,20,0.021885649766772985,-1,0
prediction_noise,234,85,20,0.021097849821671844,-1,0
prediction_noise,235,85,20,0.021728401770815253,-1,0
prediction_noise,236,85,20,0.021578598534688354,-1,0
prediction_noise,237,85,20,0.02152079832740128,-1,0
prediction_noise,238,85,20,0.021623296197503805,-1,0
prediction_noise,239,85,20,0.02140185097232461,-1,0
prediction_noise,240,85,20,0.02125430037267506,-1,0
prediction_noise,241,85,20,0.02127694897353649,-1,0
prediction_noise,242,85,20,0.021314353216439486,-1,0
prediction_noise,243,85,20,0.02160780131816864,-1,0
prediction_noise,244,85,20,0.0219301029574126,-1,0
prediction_noise,245,85,20,0.02180325100198388,-1,0
prediction_noise,246,85,20,0.02194535336457193,-1,0
prediction_noise,247,85,20,0.021407700842246413,-1,0
prediction_noise,248,85,20,0.021551898680627346,-1,0
prediction_noise,249,85,20,0.021424650913104415,-1,0
prediction_noise,250,85,20,0.02210994716733694,-1,0
prediction_noise,251,85,20,0.021284102695062757,-1,0
prediction_noise,252,85,20,0.02134994720108807,-1,0
prediction_noise,253,85,20,0.021363451378419995,-1,0
prediction_noise,254,85,20,0.02155969850718975,-1,0
prediction_noise,255,85,20,0.02146970364265144,-1,0
prediction_noise,256,85,20,0.020989449694752693,-1,0
prediction_noise,257,85,20,0.021382549311965704,-1,0
prediction_noise,258,85,20,0.02107634791173041,-1,0
prediction_noise,259,85,20,0.021264550741761923,-1,0
prediction_noise,260,85,20,0.021589547395706177,-1,0
prediction_noise,261,85,20,0.02203815383836627,-1,0
prediction_noise,262,85,20,0.021763297263532877,-1,0
prediction_noise,263,85,20,0.02129384665749967,-1,0
prediction_noise,264,85,20,0.021394097711890936,-1,0
prediction_noise,265,85,20,0.02150199725292623,-1,0
prediction_noise,266,85,20,0.021375203505158424,-1,0
prediction_noise,267,85,20,0.02158129937015474,-1,0
prediction_noise,268,85,20,0.021632149582728744,-1,0
prediction_noise,269,85,20,0.02120989956893027,-1,0
prediction_noise,270,85,20,0.021488446509465575,-1,0
prediction_noise,271,85,20,0.02168625360354781,-1,0
prediction_noise,272,85,20,0.0218794506508857,-1,0
prediction_noise,273,85,20,0.021470198407769203,-1,0
prediction_noise,274,85,20,0.021227699471637607,-1,0
prediction_noise,275,85,20,0.0215937034226954,-1,0
prediction_noise,276,85,20,0.02146660117432475,-1,0
prediction_noise,277,85,20,0.04696705145761371,63,1
prediction_noise,278,85,20,0.021612952696159482,-1,0
prediction_noise,279,85,20,0.02183764590881765,-1,0
prediction_noise,280,85,20,0.021161051699891686,-1,0
prediction_noise,281,85,20,0.02192059764638543,-1,0
prediction_noise,282,85,20,0.050177949015051126,38,1
prediction_noise,283,85,20,0.022061652271077037,-1,0
prediction_noise,284,85,20,0.021773145999759436,-1,0
prediction_noise,285,85,20,0.02176179550588131,-1,0
prediction_noise,286,85,20,0.02164444886147976,-1,0
prediction_noise,287,85,20,0.02172929816879332,-1,0
prediction_noise,288,85,20,0.021496700355783105,-1,0
prediction_noise,289,85,20,0.021602801280096173,-1,0
prediction_noise,290,85,20,0.02131455112248659,-1,0
prediction_noise,291,85,20,0.05153124802745879,48,1
prediction_noise,292,85,20,0.02164674806408584,-1,0
prediction_noise,293,85,20,0.0397574040107429,-1,1
prediction_noise,294,85,20,0.02162979799322784,-1,0
prediction_noise,295,85,20,0.02123934682458639,-1,0
prediction_noise,296,85,20,0.021693197777494788,-1,0
prediction_noise,297,85,20,0.02187425270676613,-1,0
prediction_noise,298,85,20,0.04811584949493408,58,1
prediction_noise,299,85,20,0.02192470128647983,-1,0
prediction_noise,300,85,20,0.021794496569782495,-1,0
prediction_noise,301,85,20,0.021835003281012177,-1,0
prediction_noise,302,85,20,0.02184049808420241,-1,0
prediction_noise,303,85,20,0.022562150843441486,-1,0
prediction_noise,304,85,20,0.047146453289315104,57,1
prediction_noise,305,85,20,0.021957448916509748,-1,0
prediction_noise,306,85,20,0.02172570093534887,-1,0
prediction_noise,307,85,20,0.02211050014011562,-1,0
prediction_noise,308,85,20,0.022021745098754764,-1,0
prediction_noise,309,85,20,0.051579345017671585,31,1
prediction_noise,310,85,20,0.02183699980378151,-1,0
prediction_noise,311,85,20,0.02185649937018752,-1,0
prediction_noise,312,85,20,0.02123865415342152,-1,0
prediction_noise,313,85,20,0.02181509626097977,-1,0
prediction_noise,314,85,20,0.021627754904329777,-1,0
prediction_noise,315,85,20,0.0485297990962863,39,1
prediction_noise,316,85,20,0.021854153601452708,-1,0
prediction_noise,317,85,20,0.02173499669879675,-1,0
prediction_noise,318,85,20,0.021641800412908196,-1,0
prediction_noise,319,85,20,0.021858548279851675,-1,0
prediction_noise,320,85,20,0.02146369661204517,-1,0
prediction_noise,321,85,20,0.021764147095382214,-1,0
prediction_noise,322,85,20,0.021201546769589186,-1,0
prediction_noise,323,85,20,0.021316297352313995,-1,0
prediction_noise,324,85,20,0.02168879727832973,-1,0
prediction_noise,325,85,20,0.02215834683738649,-1,0
prediction_noise,326,85,20,0.021889148047193885,-1,0
prediction_noise,327,85,20,0.0219129491597414,-1,0
prediction_noise,328,85,20,0.02216059947386384,-1,0
prediction_noise,329,85,20,0.021862750872969627,-1,0
prediction_noise,330,85,20,0.02144169993698597,-1,0
prediction_noise,331,85,20,0.021732901223003864,-1,0
prediction_noise,332,85,20,0.02120389835909009,-1,0
prediction_noise,333,85,20,0.0223256996832788,-1,0
prediction_noise,334,85,20,0.021922547603026032,-1,0
prediction_noise,335,85,20,0.021698849741369486,-1,0
prediction_noise,336,85,20,0.05189359653741121,-1,1
prediction_noise,337,85,20,0.02163875033147633,-1,0
prediction_noise,338,85,20,0.021614751312881708,-1,0
prediction_noise,339,85,20,0.022227648878470063,-1,0
prediction_noise,340,85,20,0.02135595423169434,-1,0
prediction_noise,341,85,20,0.021699402714148164,-1,0
prediction_noise,342,85,20,0.05153730162419379,-1,1
prediction_noise,343,85,20,0.022536003962159157,-1,0
prediction_noise,344,85,20,0.021355500211939216,-1,0
prediction_noise,345,85,20,0.021974946139380336,-1,0
prediction_noise,346,85,20,0.021370354807004333,-1,0
prediction_noise,347,85,20,0.0217579014133662,-1,0
prediction_noise,348,85,20,0.02171209780499339,-1,0
prediction_noise,349,85,20,0.021617254242300987,-1,0
prediction_noise,350,85,20,0.02127249608747661,-1,0
prediction_noise,351,85,20,0.021697150077670813,-1,0
prediction_noise,352,85,20,0.021506304619833827,-1,0
prediction_noise,353,85,20,0.021608651150017977,-1,0
prediction_noise,354,85,20,0.021536299027502537,-1,0
prediction_noise,355,85,20,0.021804595598950982,-1,0
prediction_noise,356,85,20,0.05006015417166054,38,1
prediction_noise,357,85,20,0.0218644505366683,-1,0
prediction_noise,358,85,20,0.021283800015226007,-1,0
prediction_noise,359,85,20,0.021579349413514137,-1,0
prediction_noise,360,85,20,0.0211318489164114,-1,0
prediction_noise,361,85,20,0.021768850274384022,-1,0
prediction_noise,362,85,20,0.021140649914741516,-1,0
prediction_noise,363,85,20,0.02168200444430113,-1,0
prediction_noise,364,85,20,0.021443702280521393,-1,0
prediction_noise,365,85,20,0.021395698422566056,-1,0
prediction_noise,366,85,20,0.021417747484520078,-1,0
prediction_noise,367,85,20,0.021985452622175217,-1,0
prediction_noise,368,85,20,0.02188484650105238,-1,0
prediction_noise,369,85,20,0.02156030386686325,-1,0
prediction_noise,370,85,20,0.021967798238620162,-1,0
prediction_noise,371,85,20,0.021632749121636152,-1,0
prediction_noise,372,85,20,0.021177250891923904,-1,0
prediction_noise,373,85,20,0.0213110470212996,-1,0
prediction_noise,374,85,20,0.021371047478169203,-1,0
prediction_noise,375,85,20,0.021553848637267947,-1,0
prediction_noise,376,85,20,0.021364097483456135,-1,0
prediction_noise,377,85,20,0.021547451615333557,-1,0
prediction_noise,378,85,20,0.040346954483538866,-1,1
prediction_noise,379,85,20,0.021596101578325033,-1,0
prediction_noise,380,85,20,0.021822203416377306,-1,0
prediction_noise,381,85,20,0.021383602870628238,-1,0
prediction_noise,382,85,20,0.043266802094876766,-1,1
prediction_noise,383,85,20,0.02147614723071456,-1,0
prediction_noise,384,85,20,0.021853501675650477,-1,0
prediction_noise,385,85,20,0.05260754842311144,-1,1
prediction_noise,386,85,20,0.02232320257462561,-1,0
prediction_noise,387,85,20,0.021466700127348304,-1,0
prediction_noise,388,85,20,0.021656346507370472,-1,0
prediction_noise,389,85,20,0.021399400429800153,-1,0
prediction_noise,390,85,20,0.021274149185046554,-1,0
prediction_noise,391,85,20,0.02180929877795279,-1,0
prediction_noise,392,85,20,0.049019698053598404,49,1
prediction_noise,393,85,20,0.02244205097667873,-1,0
prediction_noise,394,85,20,0.021237146575003862,-1,0
prediction_noise,395,85,20,0.021545198978856206,-1,0
prediction_noise,396,85,20,0.02150129876099527,-1,0
prediction_noise,397,85,20,0.021836900850757957,-1,0
prediction_noise,398,85,20,0.021963950712233782,-1,0
prediction_noise,399,85,20,0.051660597091540694,-1,1
prediction_noise,400,85,20,0.02244620118290186,-1,0
prediction_noise,401,85,20,0.021578854648396373,-1,0
prediction_noise,402,85,20,0.021525396732613444,-1,0
prediction_noise,403,85,20,0.021947198547422886,-1,0
prediction_noise,404,85,20,0.02165145124308765,-1,0
prediction_noise,405,85,20,0.021961901802569628,-1,0
prediction_noise,406,85,20,0.021556601859629154,-1,0
prediction_noise,407,85,20,0.02135534887202084,-1,0
prediction_noise,408,85,20,0.02146119950339198,-1,0
prediction_noise,409,85,20,0.021576753351837397,-1,0
prediction_noise,410,85,20,0.02148250350728631,-1,0
prediction_noise,411,85,20,0.02135504619218409,-1,0
prediction_noise,412,85,20,0.021774700144305825,-1,0
prediction_noise,413,85,20,0.021090649534016848,-1,0
prediction_noise,414,85,20,0.02170284860767424,-1,0
prediction_noise,415,85,20,0.039915600791573524,-1,1
prediction_noise,416,85,20,0.02190909581258893,-1,0
prediction_noise,417,85,20,0.02125460305251181,-1,0
prediction_noise,418,85,20,0.021652498980984092,-1,0
prediction_noise,419,85,20,0.021199951879680157,-1,0
prediction_noise,420,85,20,0.04994095070287585,49,1
prediction_noise,421,85,20,0.021774799097329378,-1,0
prediction_noise,422,85,20,0.021808198653161526,-1,0
prediction_noise,423,85,20,0.04979395307600498,-1,1
prediction_noise,424,85,20,0.021585047943517566,-1,0
prediction_noise,425,85,20,0.021586549701169133,-1,0
prediction_noise,426,85,20,0.021602545166388154,-1,0
prediction_noise,427,85,20,0.046151853166520596,50,1
prediction_noise,428,85,20,0.021880998974666,-1,0
prediction_noise,429,85,20,0.021343753905966878,-1,0
prediction_noise,430,85,20,0.021924800239503384,-1,0
prediction_noise,431,85,20,0.022112950682640076,-1,0
prediction_noise,432,85,20,0.044745649211108685,-1,1
prediction_noise,433,85,20,0.04571504541672766,47,1
prediction_noise,434,85,20,0.02203915501013398,-1,0
prediction_noise,435,85,20,0.021661201026290655,-1,0
prediction_noise,436,85,20,0.02158485003747046,-1,0
prediction_noise,437,85,20,0.021579349413514137,-1,0
prediction_noise,438,85,20,0.021159101743251085,-1,0
prediction_noise,439,85,20,0.02119949785992503,-1,0
prediction_noise,440,85,20,0.0215561012737453,-1,0
prediction_noise,441,85,20,0.021444004960358143,-1,0
prediction_noise,442,85,20,0.021297449711710215,-1,0
prediction_noise,443,85,20,0.021754048066213727,-1,0
prediction_noise,444,85,20,0.0210222031455487,-1,0
prediction_noise,445,85,20,0.021516450215131044,-1,0
prediction_noise,446,85,20,0.021469552302733064,-1,0
prediction_noise,447,85,20,0.021110649686306715,-1,0
prediction_noise,448,85,20,0.021755800116807222,-1,0
prediction_noise,449,85,20,0.02141395234502852,-1,0
prediction_noise,450,85,20,0.021635001758113503,-1,0
prediction_noise,451,85,20,0.021369545720517635,-1,0
prediction_noise,452,85,20,0.02148119965568185,-1,0
prediction_noise,453,85,20,0.021589203970506787,-1,0
prediction_noise,454,85,20,0.021368649322539568,-1,0
prediction_noise,455,85,20,0.021186645608395338,-1,0
prediction_noise,456,85,20,0.02146970364265144,-1,0
prediction_noise,457,85,20,0.021390645997598767,-1,0
prediction_noise,458,85,20,0.021274149185046554,-1,0
prediction_noise,459,85,20,0.021292601013556123,-1,0
prediction_noise,460,85,20,0.021600653417408466,-1,0
prediction_noise,461,85,20,0.02164699835702777,-1,0
prediction_noise,462,85,20,0.021340849343687296,-1,0
prediction_noise,463,85,20,0.021482096053659916,-1,0
prediction_noise,464,85,20,0.022040650947019458,-1,0
prediction_noise,465,85,20,0.02189560327678919,-1,0
prediction_noise,466,85,20,0.04692949587479234,55,1
prediction_noise,467,85,20,0.022259203251451254,-1,0
prediction_noise,468,85,20,0.021546753123402596,-1,0
prediction_noise,469,85,20,0.021865247981622815,-1,0
prediction_noise,470,85,20,0.022126553812995553,-1,0
prediction_noise,471,85,20,0.02175925183109939,-1,0
prediction_noise,472,85,20,0.021677353652194142,-1,0
prediction_noise,473,85,20,0.041227100882679224,-1,1
prediction_noise,474,85,20,0.021662848303094506,-1,0
prediction_noise,475,85,20,0.02160209696739912,-1,0
prediction_noise,476,85,20,0.021599949104711413,-1,0
prediction_noise,477,85,20,0.021244550589472055,-1,0
prediction_noise,478,85,20,0.05146790063008666,47,1
prediction_noise,479,85,20,0.021593895507976413,-1,0
prediction_noise,480,85,20,0.021499348804354668,-1,0
prediction_noise,481,85,20,0.02122395089827478,-1,0
prediction_noise,482,85,20,0.0214101979508996,-1,0
prediction_noise,483,85,20,0.021461903816089034,-1,0
prediction_noise,484,85,20,0.021516549168154597,-1,0
prediction_noise,485,85,20,0.022004800848662853,-1,0
prediction_noise,486,85,20,0.021139899035915732,-1,0
prediction_noise,487,85,20,0.05209979717619717,-1,1
prediction_noise,488,85,20,0.021857500541955233,-1,0
prediction_noise,489,85,20,0.021265499526634812,-1,0
prediction_noise,490,85,20,0.021511601516976953,-1,0
prediction_noise,491,85,20,0.02149175270460546,-1,0
prediction_noise,492,85,20,0.021304551046341658,-1,0
prediction_noise,493,85,20,0.021209451369941235,-1,0
prediction_noise,494,85,20,0.021337246289476752,-1,0
prediction_noise,495,85,20,0.021717202616855502,-1,0
prediction_noise,496,85,20,0.021248700795695186,-1,0
prediction_noise,497,85,20,0.021238450426608324,-1,0
prediction_noise,498,85,20,0.021169945830479264,-1,0
prediction_noise,499,85,20,0.021147995721548796,-1,0
delayed_crossing,0,69,20,0.015627098036929965,-1,0
delayed_crossing,1,69,20,0.015522801550105214,-1,0
delayed_crossing,2,69,20,0.015611498383805156,-1,0
delayed_crossing,3,69,20,0.015805201837792993,-1,0
delayed_crossing,4,69,20,0.015914649702608585,-1,0
delayed_crossing,5,69,20,0.016178900841623545,-1,0
delayed_crossing,6,69,20,0.01546400017105043,-1,0
delayed_crossing,7,69,20,0.015563250053673983,-1,0
delayed_crossing,8,69,20,0.015492498641833663,-1,0
delayed_crossing,9,69,20,0.015561649342998862,-1,0
delayed_crossing,10,69,20,0.015643954975530505,-1,0
delayed_crossing,11,69,20,0.015633396105840802,-1,0
delayed_crossing,12,69,20,0.015367253217846155,-1,0
delayed_crossing,13,69,20,0.015909300418570638,-1,0
delayed_crossing,14,69,20,0.015642051585018635,-1,0
delayed_crossing,15,69,20,0.015706854173913598,-1,0
delayed_crossing,16,69,20,0.01572600449435413,-1,0
delayed_crossing,17,69,20,0.015723350225016475,-1,0
delayed_crossing,18,69,20,0.015709298895671964,-1,0
delayed_crossing,19,69,20,0.015702995005995035,-1,0
delayed_crossing,20,69,20,0.016015151049941778,-1,0
delayed_crossing,21,69,20,0.01540409866720438,-1,0
delayed_crossing,22,69,20,0.016279699048027396,-1,0
delayed_crossing,23,69,20,0.015563849592581391,-1,0
delayed_crossing,24,69,20,0.015528500080108643,-1,0
delayed_crossing,25,69,20,0.015493604587391019,-1,0
delayed_crossing,26,69,20,0.015756749780848622,-1,0
delayed_crossing,27,69,20,0.015546451322734356,-1,0
delayed_crossing,28,69,20,0.015474250540137291,-1,0
delayed_crossing,29,69,20,0.01569160376675427,-1,0
delayed_crossing,30,69,20,0.015426153549924493,-1,0
delayed_crossing,31,69,20,0.015719450311735272,-1,0
delayed_crossing,32,69,20,0.01589885214343667,-1,0
delayed_crossing,33,69,20,0.015610596165060997,-1,0
delayed_crossing,34,69,20,0.015980203170329332,-1,0
delayed_crossing,35,69,20,0.015537452418357134,-1,0
delayed_crossing,36,69,20,0.015545752830803394,-1,0
delayed_crossing,37,69,20,0.015726545825600624,-1,0
delayed_crossing,38,69,20,0.015604746295139194,-1,0
delayed_crossing,39,69,20,0.015584554057568312,-1,0
delayed_crossing,40,69,20,0.015717896167188883,-1,0
delayed_crossing,41,69,20,0.01573210465721786,-1,0
delayed_crossing,42,69,20,0.01562634715810418,-1,0
delayed_crossing,43,69,20,0.015730998711660504,-1,0
delayed_crossing,44,69,20,0.015508296201005578,-1,0
delayed_crossing,45,69,20,0.015346251893788576,-1,0
delayed_crossing,46,69,20,0.015949748922139406,-1,0
delayed_crossing,47,69,20,0.01547770225442946,-1,0
delayed_crossing,48,69,20,0.015486800111830235,-1,0
delayed_crossing,49,69,20,0.015720096416771412,-1,0
delayed_crossing,50,69,20,0.015522452304139733,-1,0
delayed_crossing,51,69,20,0.0155883957631886,-1,0
delayed_crossing,52,69,20,0.01563935074955225,-1,0
delayed_crossing,53,69,20,0.015876401448622346,-1,0
delayed_crossing,54,69,20,0.015510752564296126,-1,0
delayed_crossing,55,69,20,0.015729997539892793,-1,0
delayed_crossing,56,69,20,0.01567600411362946,-1,0
delayed_crossing,57,69,20,0.01539359800517559,-1,0
delayed_crossing,58,69,20,0.015843647997826338,-1,0
delayed_crossing,59,69,20,0.015767652075737715,-1,0
delayed_crossing,60,69,20,0.01560429809615016,-1,0
delayed_crossing,61,69,20,0.015605497173964977,-1,0
delayed_crossing,62,69,20,0.015577248996123672,-1,0
delayed_crossing,63,69,20,0.015788746532052755,-1,0
delayed_crossing,64,69,20,0.015495199477300048,-1,0
delayed_crossing,65,69,20,0.01576524809934199,-1,0
delayed_crossing,66,69,20,0.015833647921681404,-1,0
delayed_crossing,67,69,20,0.01580800162628293,-1,0
delayed_crossing,68,69,20,0.015439098933711648,-1,0
delayed_crossing,69,69,20,0.015433551743626595,-1,0
delayed_crossing,70,69,20,0.015760952373966575,-1,0
delayed_crossing,71,69,20,0.01549905282445252,-1,0
delayed_crossing,72,69,20,0.01548919826745987,-1,0
delayed_crossing,73,69,20,0.015660800272598863,-1,0
delayed_crossing,74,69,20,0.015733600594103336,-1,0
delayed_crossing,75,69,20,0.015601847553625703,-1,0
delayed_crossing,76,69,20,0.015738653019070625,-1,0
delayed_crossing,77,69,20,0.01582195400260389,-1,0
delayed_crossing,78,69,20,0.015424896264448762,-1,0
delayed_crossing,79,69,20,0.015762646216899157,-1,0
delayed_crossing,80,69,20,0.015562801854684949,-1,0
delayed_crossing,81,69,20,0.015470344806089997,-1,0
delayed_crossing,82,69,20,0.015962799079716206,-1,0
delayed_crossing,83,69,20,0.01587140141054988,-1,0
delayed_crossing,84,69,20,0.01570185413584113,-1,0
delayed_crossing,85,69,20,0.01578055089339614,-1,0
delayed_crossing,86,69,20,0.015694648027420044,-1,0
delayed_crossing,87,69,20,0.015604548389092088,-1,0
delayed_crossing,88,69,20,0.015784997958689928,-1,0
delayed_crossing,89,69,20,0.015701702795922756,-1,0
delayed_crossing,90,69,20,0.015460496069863439,-1,0
delayed_crossing,91,69,20,0.015645253006368876,-1,0
delayed_crossing,92,69,20,0.01581119722686708,-1,0
delayed_crossing,93,69,20,0.015563901979476213,-1,0
delayed_crossing,94,69,20,0.01578405499458313,-1,0
delayed_crossing,95,69,20,0.01564155099913478,-1,0
delayed_crossing,96,69,20,0.015589199028909206,-1,0
delayed_crossing,97,69,20,0.015904451720416546,-1,0
delayed_crossing,98,69,20,0.015771097969263792,-1,0
delayed_crossing,99,69,20,0.015853752847760916,-1,0
delayed_crossing,100,69,20,0.015566748334094882,-1,0
delayed_crossing,101,69,20,0.01596329966560006,-1,0
delayed_crossing,102,69,20,0.01580484677106142,-1,0
delayed_crossing,103,69,20,0.015781098045408726,-1,0
delayed_crossing,104,69,20,0.015582551714032888,-1,0
delayed_crossing,105,69,20,0.015383248683065176,-1,0
delayed_crossing,106,69,20,0.015850452473387122,-1,0
delayed_crossing,107,69,20,0.015563552733510733,-1,0
delayed_crossing,108,69,20,0.015623902436345816,-1,0
delayed_crossing,109,69,20,0.01550100278109312,-1,0
delayed_crossing,110,69,20,0.015875749522820115,-1,0
delayed_crossing,111,69,20,0.015538249863311648,-1,0
delayed_crossing,112,69,20,0.015575095312669873,-1,0
delayed_crossing,113,69,20,0.01565020065754652,-1,0
delayed_crossing,114,69,20,0.015571847325190902,-1,0
delayed_crossing,115,69,20,0.015736650675535202,-1,0
delayed_crossing,116,69,20,0.015567702939733863,-1,0
delayed_crossing,117,69,20,0.015689997235313058,-1,0
delayed_crossing,118,69,20,0.015719450311735272,-1,0
delayed_crossing,119,69,20,0.015643349615857005,-1,0
delayed_crossing,120,69,20,0.01569605083204806,-1,0
delayed_crossing,121,69,20,0.01589314779266715,-1,0
delayed_crossing,122,69,20,0.015750550664961338,-1,0
delayed_crossing,123,69,20,0.015618547331541777,-1,0
delayed_crossing,124,69,20,0.015815597726032138,-1,0
delayed_crossing,125,69,20,0.01581920078024268,-1,0
delayed_crossing,126,69,20,0.01586034777574241,-1,0
delayed_crossing,127,69,20,0.015991448890417814,-1,0
delayed_crossing,128,69,20,0.01573215122334659,-1,0
delayed_crossing,129,69,20,0.01560779637657106,-1,0
delayed_crossing,130,69,20,0.016002805205062032,-1,0
delayed_crossing,131,69,20,0.015738699585199356,-1,0
delayed_crossing,132,69,20,0.01565789571031928,-1,0
delayed_crossing,133,69,20,0.015624298248440027,-1,0
delayed_crossing,134,69,20,0.01548855216242373,-1,0
delayed_crossing,135,69,20,0.01547295250929892,-1,0
delayed_crossing,136,69,20,0.01579365343786776,-1,0
delayed_crossing,137,69,20,0.015666347462683916,-1,0
delayed_crossing,138,69,20,0.015499547589570284,-1,0
delayed_crossing,139,69,20,0.015900295693427324,-1,0
delayed_crossing,140,69,20,0.01563454861752689,-1,0
delayed_crossing,141,69,20,0.015469902427867055,-1,0
delayed_crossing,142,69,20,0.015775550855323672,-1,0
delayed_crossing,143,69,20,0.015850248746573925,-1,0
delayed_crossing,144,69,20,0.0156390480697155,-1,0
delayed_crossing,145,69,20,0.015703350072726607,-1,0
delayed_crossing,146,69,20,0.01575000351294875,-1,0
delayed_crossing,147,69,20,0.015500851441174746,-1,0
delayed_crossing,148,69,20,0.01572794863022864,-1,0
delayed_crossing,149,69,20,0.0159715476911515,-1,0
delayed_crossing,150,69,20,0.015476898988708854,-1,0
delayed_crossing,151,69,20,0.015792599879205227,-1,0
delayed_crossing,152,69,20,0.015747500583529472,-1,0
delayed_crossing,153,69,20,0.015591649571433663,-1,0
delayed_crossing,154,69,20,0.015779701061546803,-1,0
delayed_crossing,155,69,20,0.01577070215716958,-1,0
delayed_crossing,156,69,20,0.015646149404346943,-1,0
delayed_crossing,157,69,20,0.015762646216899157,-1,0
delayed_crossing,158,69,20,0.01573335030116141,-1,0
delayed_crossing,159,69,20,0.015448103658854961,-1,0
delayed_crossing,160,69,20,0.01564124831929803,-1,0
delayed_crossing,161,69,20,0.01569830346852541,-1,0
delayed_crossing,162,69,20,0.015249050920829177,-1,0
delayed_crossing,163,69,20,0.016046350356191397,-1,0
delayed_crossing,164,69,20,0.015643303049728274,-1,0
delayed_crossing,165,69,20,0.015567149966955185,-1,0
delayed_crossing,166,69,20,0.015899050049483776,-1,0
delayed_crossing,167,69,20,0.015617301687598228,-1,0
delayed_crossing,168,69,20,0.015545554924756289,-1,0
delayed_crossing,169,69,20,0.01570250024087727,-1,0
delayed_crossing,170,69,20,0.015639199409633875,-1,0
delayed_crossing,171,69,20,0.015854748198762536,-1,0
delayed_crossing,172,69,20,0.015868351329118013,-1,0
delayed_crossing,173,69,20,0.015846954192966223,-1,0
delayed_crossing,174,69,20,0.01578599913045764,-1,0
delayed_crossing,175,69,20,0.015839951811358333,-1,0
delayed_crossing,176,69,20,0.01569894957356155,-1,0
delayed_crossing,177,69,20,0.015493994578719139,-1,0
delayed_crossing,178,69,20,0.015701050870120525,-1,0
delayed_crossing,179,69,20,0.015699450159445405,-1,0
delayed_crossing,180,69,20,0.016015599248930812,-1,0
delayed_crossing,181,69,20,0.01616025110706687,-1,0
delayed_crossing,182,69,20,0.016507046530023217,-1,0
delayed_crossing,183,69,20,0.015633198199793696,-1,0
delayed_crossing,184,69,20,0.015770451864227653,-1,0
delayed_crossing,185,69,20,0.01576590002514422,-1,0
delayed_crossing,186,69,20,0.015542301116511226,-1,0
delayed_crossing,187,69,20,0.015774299390614033,-1,0
delayed_crossing,188,69,20,0.015535351121798158,-1,0
delayed_crossing,189,69,20,0.015480199363082647,-1,0
delayed_crossing,190,69,20,0.01574674970470369,-1,0
delayed_crossing,191,69,20,0.01561290118843317,-1,0
delayed_crossing,192,69,20,0.01574584748595953,-1,0
delayed_crossing,193,69,20,0.015623500803485513,-1,0
delayed_crossing,194,69,20,0.015671999426558614,-1,0
delayed_crossing,195,69,20,0.015565200010314584,-1,0
delayed_crossing,196,69,20,0.01581624965183437,-1,0
delayed_crossing,197,69,20,0.016087648691609502,-1,0
delayed_crossing,198,69,20,0.01548280124552548,-1,0
delayed_crossing,199,69,20,0.015774450730532408,-1,0
delayed_crossing,200,69,20,0.015683448873460293,-1,0
delayed_crossing,201,69,20,0.015670998254790902,-1,0
delayed_crossing,202,69,20,0.015601050108671188,-1,0
delayed_crossing,203,69,20,0.01598880044184625,-1,0
delayed_crossing,204,69,20,0.017405051039531827,-1,0
delayed_crossing,205,69,20,0.01617109519429505,-1,0
delayed_crossing,206,69,20,0.015711196465417743,-1,0
delayed_crossing,207,69,20,0.015499797882512212,-1,0
delayed_crossing,208,69,20,0.015720899682492018,-1,0
delayed_crossing,209,69,20,0.016123300883919,-1,0
delayed_crossing,210,69,20,0.015679048374295235,-1,0
delayed_crossing,211,69,20,0.01599704846739769,-1,0
delayed_crossing,212,69,20,0.015871803043410182,-1,0
delayed_crossing,213,69,20,0.015623250510543585,-1,0
delayed_crossing,214,69,20,0.015829550102353096,-1,0
delayed_crossing,215,69,20,0.01575829810462892,-1,0
delayed_crossing,216,69,20,0.015576003352180123,-1,0
delayed_crossing,217,69,20,0.015705853002145886,-1,0
delayed_crossing,218,69,20,0.016031099949032068,-1,0
delayed_crossing,219,69,20,0.015843153232708573,-1,0
delayed_crossing,220,69,20,0.01592049957253039,-1,0
delayed_crossing,221,69,20,0.015845149755477905,-1,0
delayed_crossing,222,69,20,0.015527597861364484,-1,0
delayed_crossing,223,69,20,0.01583859557285905,-1,0
delayed_crossing,224,69,20,0.015586096560582519,-1,0
delayed_crossing,225,69,20,0.015426654135808349,-1,0
delayed_crossing,226,69,20,0.015692197484895587,-1,0
delayed_crossing,227,69,20,0.015599699690937996,-1,0
delayed_crossing,228,69,20,0.015543447807431221,-1,0
delayed_crossing,229,69,20,0.01556414645165205,-1,0
delayed_crossing,230,69,20,0.015722197713330388,-1,0
delayed_crossing,231,69,20,0.015519099542871118,-1,0
delayed_crossing,232,69,20,0.015780847752466798,-1,0
delayed_crossing,233,69,20,0.015497201820835471,-1,0
delayed_crossing,234,69,20,0.0153352040797472,-1,0
delayed_crossing,235,69,20,0.01568374573253095,-1,0
delayed_crossing,236,69,20,0.015716295456513762,-1,0
delayed_crossing,237,69,20,0.015691848238930106,-1,0
delayed_crossing,238,69,20,0.01567570143379271,-1,0
delayed_crossing,239,69,20,0.01570985186845064,-1,0
delayed_crossing,240,69,20,0.015484797768294811,-1,0
delayed_crossing,241,69,20,0.015681545482948422,-1,0
delayed_crossing,242,69,20,0.015921704471111298,-1,0
delayed_crossing,243,69,20,0.015922350576147437,-1,0
delayed_crossing,244,69,20,0.01595594803802669,-1,0
delayed_crossing,245,69,20,0.015437649562954903,-1,0
delayed_crossing,246,69,20,0.015532044926658273,-1,0
delayed_crossing,247,69,20,0.01570050371810794,-1,0
delayed_crossing,248,69,20,0.015628902474418283,-1,0
delayed_crossing,249,69,20,0.015534600242972374,-1,0
delayed_crossing,250,69,20,0.0157031521666795,-1,0
delayed_crossing,251,69,20,0.015510950470343232,-1,0
delayed_crossing,252,69,20,0.015600747428834438,-1,0
delayed_crossing,253,69,20,0.015665049431845546,-1,0
delayed_crossing,254,69,20,0.015608052490279078,-1,0
delayed_crossing,255,69,20,0.015470653306692839,-1,0
delayed_crossing,256,69,20,0.015702948439866304,-1,0
delayed_crossing,257,69,20,0.01576049835421145,-1,0
delayed_crossing,258,69,20,0.015366199659183621,-1,0
delayed_crossing,259,69,20,0.01632379717193544,-1,0
delayed_crossing,260,69,20,0.01571265165694058,-1,0
delayed_crossing,261,69,20,0.01577454968355596,-1,0
delayed_crossing,262,69,20,0.016070500714704394,-1,0
delayed_crossing,263,69,20,0.015946198254823685,-1,0
delayed_crossing,264,69,20,0.015602447092533112,-1,0
delayed_crossing,265,69,20,0.01555935014039278,-1,0
delayed_crossing,266,69,20,0.016108748968690634,-1,0
delayed_crossing,267,69,20,0.01554785412736237,-1,0
delayed_crossing,268,69,20,0.0157066504471004,-1,0
delayed_crossing,269,69,20,0.015652895672246814,-1,0
delayed_crossing,270,69,20,0.015554751735180616,-1,0
delayed_crossing,271,69,20,0.015697599155828357,-1,0
delayed_crossing,272,69,20,0.015651696594431996,-1,0
delayed_crossing,273,69,20,0.015602749772369862,-1,0
delayed_crossing,274,69,20,0.015852099750190973,-1,0
delayed_crossing,275,69,20,0.015871803043410182,-1,0
delayed_crossing,276,69,20,0.01546625280752778,-1,0
delayed_crossing,277,69,20,0.015748449368402362,-1,0
delayed_crossing,278,69,20,0.01579590025357902,-1,0
delayed_crossing,279,69,20,0.01561960089020431,-1,0
delayed_crossing,280,69,20,0.01594320056028664,-1,0
delayed_crossing,281,69,20,0.01574680209159851,-1,0
delayed_crossing,282,69,20,0.01569584710523486,-1,0
delayed_crossing,283,69,20,0.015826249727979302,-1,0
delayed_crossing,284,69,20,0.015964900376275182,-1,0
delayed_crossing,285,69,20,0.01586660509929061,-1,0
delayed_crossing,286,69,20,0.015873200027272105,-1,0
delayed_crossing,287,69,20,0.015612051356583834,-1,0
delayed_crossing,288,69,20,0.01530814915895462,-1,0
delayed_crossing,289,69,20,0.015582400374114513,-1,0
delayed_crossing,290,69,20,0.015710096340626478,-1,0
delayed_crossing,291,69,20,0.015620101476088166,-1,0
delayed_crossing,292,69,20,0.01583505072630942,-1,0
delayed_crossing,293,69,20,0.015652546426281333,-1,0
delayed_crossing,294,69,20,0.015551201067864895,-1,0
delayed_crossing,295,69,20,0.015715952031314373,-1,0
delayed_crossing,296,69,20,0.01574429916217923,-1,0
delayed_crossing,297,69,20,0.015547702787443995,-1,0
delayed_crossing,298,69,20,0.015953800175338984,-1,0
delayed_crossing,299,69,20,0.016168697038665414,-1,0
delayed_crossing,300,69,20,0.015718198847025633,-1,0
delayed_crossing,301,69,20,0.015718204667791724,-1,0
delayed_crossing,302,69,20,0.015659950440749526,-1,0
delayed_crossing,303,69,20,0.015515252016484737,-1,0
delayed_crossing,304,69,20,0.0157031521666795,-1,0
delayed_crossing,305,69,20,0.01564385020174086,-1,0
delayed_crossing,306,69,20,0.015336548676714301,-1,0
delayed_crossing,307,69,20,0.01582774566486478,-1,0
delayed_crossing,308,69,20,0.015615497250109911,-1,0
delayed_crossing,309,69,20,0.015674997121095657,-1,0
delayed_crossing,310,69,20,0.015792500926181674,-1,0
delayed_crossing,311,69,20,0.015940354205667973,-1,0
delayed_crossing,312,69,20,0.01560559612698853,-1,0
delayed_crossing,313,69,20,0.01577869988977909,-1,0
delayed_crossing,314,69,20,0.015878397971391678,-1,0
delayed_crossing,315,69,20,0.01539770164526999,-1,0
delayed_crossing,316,69,20,0.01574009656906128,-1,0
delayed_crossing,317,69,20,0.015514902770519257,-1,0
delayed_crossing,318,69,20,0.01564794802106917,-1,0
delayed_crossing,319,69,20,0.01574649941176176,-1,0
delayed_crossing,320,69,20,0.015541352331638336,-1,0
delayed_crossing,321,69,20,0.015474646352231503,-1,0
delayed_crossing,322,69,20,0.015560002066195011,-1,0
delayed_crossing,323,69,20,0.015731446910649538,-1,0
delayed_crossing,324,69,20,0.015598500613123178,-1,0
delayed_crossing,325,69,20,0.01619755057618022,-1,0
delayed_crossing,326,69,20,0.015719799557700753,-1,0
delayed_crossing,327,69,20,0.015599699690937996,-1,0
delayed_crossing,328,69,20,0.01585709978826344,-1,0
delayed_crossing,329,69,20,0.01580769894644618,-1,0
delayed_crossing,330,69,20,0.015590200200676918,-1,0
delayed_crossing,331,69,20,0.016013096319511533,-1,0
delayed_crossing,332,69,20,0.015662499936297536,-1,0
delayed_crossing,333,69,20,0.01560809905640781,-1,0
delayed_crossing,334,69,20,0.016202253755182028,-1,0
delayed_crossing,335,69,20,0.015846005408093333,-1,0
delayed_crossing,336,69,20,0.015873601660132408,-1,0
delayed_crossing,337,69,20,0.015669496497139335,-1,0
delayed_crossing,338,69,20,0.01651764614507556,-1,0
delayed_crossing,339,69,20,0.015853700460866094,-1,0
delayed_crossing,340,69,20,0.016681448323652148,-1,0
delayed_crossing,341,69,20,0.01643470022827387,-1,0
delayed_crossing,342,69,20,0.016505294479429722,-1,0
delayed_crossing,343,69,20,0.015844899462535977,-1,0
delayed_crossing,344,69,20,0.015770900063216686,-1,0
delayed_crossing,345,69,20,0.015837099635973573,-1,0
delayed_crossing,346,69,20,0.015477847773581743,-1,0
delayed_crossing,347,69,20,0.016126851551234722,-1,0
delayed_crossing,348,69,20,0.015599402831867337,-1,0
delayed_crossing,349,69,20,0.015869399067014456,-1,0
delayed_crossing,350,69,20,0.015695596812292933,-1,0
delayed_crossing,351,69,20,0.015693099703639746,-1,0
delayed_crossing,352,69,20,0.015794049249961972,-1,0
delayed_crossing,353,69,20,0.0156381051056087,-1,0
delayed_crossing,354,69,20,0.015857798280194402,-1,0
delayed_crossing,355,69,20,0.015637697651982307,-1,0
delayed_crossing,356,69,20,0.015808246098458767,-1,0
delayed_crossing,357,69,20,0.015693699242547154,-1,0
delayed_crossing,358,69,20,0.01685399911366403,-1,0
delayed_crossing,359,69,20,0.016159896040335298,-1,0
delayed_crossing,360,69,20,0.01557719660922885,-1,0
delayed_crossing,361,69,20,0.015948747750371695,-1,0
delayed_crossing,362,69,20,0.015690195141360164,-1,0
delayed_crossing,363,69,20,0.015540601452812552,-1,0
delayed_crossing,364,69,20,0.015759601956233382,-1,0
delayed_crossing,365,69,20,0.015602447092533112,-1,0
delayed_crossing,366,69,20,0.01586819998919964,-1,0
delayed_crossing,367,69,20,0.015492498641833663,-1,0
delayed_crossing,368,69,20,0.015650398563593626,-1,0
delayed_crossing,369,69,20,0.015464151510968804,-1,0
delayed_crossing,370,69,20,0.015723652904853225,-1,0
delayed_crossing,371,69,20,0.01594250206835568,-1,0
delayed_crossing,372,69,20,0.015619845362380147,-1,0
delayed_crossing,373,69,20,0.01604874851182103,-1,0
delayed_crossing,374,69,20,0.01571935135871172,-1,0
delayed_crossing,375,69,20,0.015640450874343514,-1,0
delayed_crossing,376,69,20,0.015701347729191184,-1,0
delayed_crossing,377,69,20,0.01580825191922486,-1,0
delayed_crossing,378,69,20,0.015830504707992077,-1,0
delayed_crossing,379,69,20,0.01574104535393417,-1,0
delayed_crossing,380,69,20,0.015838100807741284,-1,0
delayed_crossing,381,69,20,0.01547835418023169,-1,0
delayed_crossing,382,69,20,0.015808502212166786,-1,0
delayed_crossing,383,69,20,0.01580160460434854,-1,0
delayed_crossing,384,69,20,0.015713053289800882,-1,0
delayed_crossing,385,69,20,0.015959498705342412,-1,0
delayed_crossing,386,69,20,0.016692100325599313,-1,0
delayed_crossing,387,69,20,0.016218150267377496,-1,0
delayed_crossing,388,69,20,0.01586989965289831,-1,0
delayed_crossing,389,69,20,0.01569320447742939,-1,0
delayed_crossing,390,69,20,0.01575605128891766,-1,0
delayed_crossing,391,69,20,0.015761650865897536,-1,0
delayed_crossing,392,69,20,0.015924597391858697,-1,0
delayed_crossing,393,69,20,0.01568365260027349,-1,0
delayed_crossing,394,69,20,0.015817797975614667,-1,0
delayed_crossing,395,69,20,0.015747547149658203,-1,0
delayed_crossing,396,69,20,0.015549850650131702,-1,0
delayed_crossing,397,69,20,0.016046647215262055,-1,0
delayed_crossing,398,69,20,0.015877402620390058,-1,0
delayed_crossing,399,69,20,0.01567379804328084,-1,0
delayed_crossing,400,69,20,0.015805952716618776,-1,0
delayed_crossing,401,69,20,0.015772401820868254,-1,0
delayed_crossing,402,69,20,0.015581049956381321,-1,0
delayed_crossing,403,69,20,0.015527848154306412,-1,0
delayed_crossing,404,69,20,0.01580290263518691,-1,0
delayed_crossing,405,69,20,0.015985051868483424,-1,0
delayed_crossing,406,69,20,0.015833700308576226,-1,0
delayed_crossing,407,69,20,0.015617150347679853,-1,0
delayed_crossing,408,69,20,0.015486596385017037,-1,0
delayed_crossing,409,69,20,0.015708000864833593,-1,0
delayed_crossing,410,69,20,0.015610904665663838,-1,0
delayed_crossing,411,69,20,0.01594575005583465,-1,0
delayed_crossing,412,69,20,0.015763897681608796,-1,0
delayed_crossing,413,69,20,0.015973049448803067,-1,0
delayed_crossing,414,69,20,0.015510449884459376,-1,0
delayed_crossing,415,69,20,0.015632249414920807,-1,0
delayed_crossing,416,69,20,0.015780451940372586,-1,0
delayed_crossing,417,69,20,0.015521852765232325,-1,0
delayed_crossing,418,69,20,0.016268552280962467,-1,0
delayed_crossing,419,69,20,0.015585700748488307,-1,0
delayed_crossing,420,69,20,0.015371950576081872,-1,0
delayed_crossing,421,69,20,0.016096897888928652,-1,0
delayed_crossing,422,69,20,0.015796947991475463,-1,0
delayed_crossing,423,69,20,0.015725503908470273,-1,0
delayed_crossing,424,69,20,0.015753100160509348,-1,0
delayed_crossing,425,69,20,0.015773449558764696,-1,0
delayed_crossing,426,69,20,0.015538401203230023,-1,0
delayed_crossing,427,69,20,0.015862949658185244,-1,0
delayed_crossing,428,69,20,0.015775952488183975,-1,0
delayed_crossing,429,69,20,0.01553285401314497,-1,0
delayed_crossing,430,69,20,0.015703501412644982,-1,0
delayed_crossing,431,69,20,0.015583145432174206,-1,0
delayed_crossing,432,69,20,0.015496951527893543,-1,0
delayed_crossing,433,69,20,0.01586065045557916,-1,0
delayed_crossing,434,69,20,0.015611847629770637,-1,0
delayed_crossing,435,69,20,0.015618599718436599,-1,0
delayed_crossing,436,69,20,0.015732849715277553,-1,0
delayed_crossing,437,69,20,0.015757395885884762,-1,0
delayed_crossing,438,69,20,0.015546998474746943,-1,0
delayed_crossing,439,69,20,0.015599653124809265,-1,0
delayed_crossing,440,69,20,0.01579115050844848,-1,0
delayed_crossing,441,69,20,0.015361997066065669,-1,0
delayed_crossing,442,69,20,0.0157608010340482,-1,0
delayed_crossing,443,69,20,0.015696254558861256,-1,0
delayed_crossing,444,69,20,0.015405751764774323,-1,0
delayed_crossing,445,69,20,0.015721103409305215,-1,0
delayed_crossing,446,69,20,0.01555230119265616,-1,0
delayed_crossing,447,69,20,0.01580259995535016,-1,0
delayed_crossing,448,69,20,0.015750800957903266,-1,0
delayed_crossing,449,69,20,0.015820597764104605,-1,0
delayed_crossing,450,69,20,0.016175751807168126,-1,0
delayed_crossing,451,69,20,0.016161752864718437,-1,0
delayed_crossing,452,69,20,0.015399849507957697,-1,0
delayed_crossing,453,69,20,0.01535880146548152,-1,0
delayed_crossing,454,69,20,0.01582455006428063,-1,0
delayed_crossing,455,69,20,0.016178953228518367,-1,0
delayed_crossing,456,69,20,0.015686749247834086,-1,0
delayed_crossing,457,69,20,0.015891797374933958,-1,0
delayed_crossing,458,69,20,0.015764450654387474,-1,0
delayed_crossing,459,69,20,0.015616847667843103,-1,0
delayed_crossing,460,69,20,0.015712802996858954,-1,0
delayed_crossing,461,69,20,0.01571109751239419,-1,0
delayed_crossing,462,69,20,0.015522853937000036,-1,0
delayed_crossing,463,69,20,0.015803746646270156,-1,0
delayed_crossing,464,69,20,0.015644502127543092,-1,0
delayed_crossing,465,69,20,0.01538239885121584,-1,0
delayed_crossing,466,69,20,0.015702896052971482,-1,0
delayed_crossing,467,69,20,0.015673553571105003,-1,0
delayed_crossing,468,69,20,0.015428196638822556,-1,0
delayed_crossing,469,69,20,0.01557560171931982,-1,0
delayed_crossing,470,69,20,0.01566865248605609,-1,0
delayed_crossing,471,69,20,0.015623302897438407,-1,0
delayed_crossing,472,69,20,0.015700951917096972,-1,0
delayed_crossing,473,69,20,0.01574454945512116,-1,0
delayed_crossing,474,69,20,0.015560101019218564,-1,0
delayed_crossing,475,69,20,0.015758699737489223,-1,0
delayed_crossing,476,69,20,0.015661749057471752,-1,0
delayed_crossing,477,69,20,0.01576049835421145,-1,0
delayed_crossing,478,69,20,0.015703000826761127,-1,0
delayed_crossing,479,69,20,0.015728402649983764,-1,0
delayed_crossing,480,69,20,0.015560002066195011,-1,0
delayed_crossing,481,69,20,0.01565275015309453,-1,0
delayed_crossing,482,69,20,0.015506200725212693,-1,0
delayed_crossing,483,69,20,0.015804701251909137,-1,0
delayed_crossing,484,69,20,0.015726604033261538,-1,0
delayed_crossing,485,69,20,0.015676446491852403,-1,0
delayed_crossing,486,69,20,0.015465897740796208,-1,0
delayed_crossing,487,69,20,0.015614600852131844,-1,0
delayed_crossing,488,69,20,0.015791301848366857,-1,0
delayed_crossing,489,69,20,0.015504448674619198,-1,0
delayed_crossing,490,69,20,0.015797297237440944,-1,0
delayed_crossing,491,69,20,0.015585747314617038,-1,0
delayed_crossing,492,69,20,0.015404151054099202,-1,0
delayed_crossing,493,69,20,0.015480653382837772,-1,0
delayed_crossing,494,69,20,0.01558035146445036,-1,0
delayed_crossing,495,69,20,0.0156485999468714,-1,0
delayed_crossing,496,69,20,0.015439750859513879,-1,0
delayed_crossing,497,69,20,0.015689799329265952,-1,0
delayed_crossing,498,69,20,0.01557940267957747,-1,0
delayed_crossing,499,69,20,0.015783804701641202,-1,0
