case_kind,seed,station_count,blocked_idx,repeats,runtime_ms,max_abs_error_m
crossing_pedestrian,0,65,-1,5,0.5158565938472748,0.0
crossing_pedestrian,1,65,-1,5,0.4882307955995202,0.0
crossing_pedestrian,2,65,-1,5,0.4802255891263485,0.0
crossing_pedestrian,3,65,-1,5,0.483194412663579,0.0
crossing_pedestrian,4,65,-1,5,0.47913379967212677,0.0
crossing_pedestrian,5,65,-1,5,0.4878346109762788,0.0
crossing_pedestrian,6,65,-1,5,0.47561340034008026,0.0
crossing_pedestrian,7,65,-1,5,0.47638961113989353,0.0
crossing_pedestrian,8,65,-1,5,0.48262160271406174,0.0
crossing_pedestrian,9,65,-1,5,0.4802797921001911,0.0
crossing_pedestrian,10,65,-1,5,0.4822212038561702,0.0
crossing_pedestrian,11,65,-1,5,0.4763915902003646,0.0
crossing_pedestrian,12,65,-1,5,0.48268979880958796,0.0
crossing_pedestrian,13,65,-1,5,0.47134258784353733,0.0
crossing_pedestrian,14,65,-1,5,0.48256961163133383,0.0
crossing_pedestrian,15,65,-1,5,0.47872578725218773,0.0
crossing_pedestrian,16,65,-1,5,0.4766251891851425,0.0
crossing_pedestrian,17,65,-1,5,0.47430021222680807,0.0
crossing_pedestrian,18,65,-1,5,0.48082079738378525,0.0
crossing_pedestrian,19,65,-1,5,0.47565100248903036,0.0
crossing_pedestrian,20,65,-1,5,0.4758490016683936,0.0
crossing_pedestrian,21,65,-1,5,0.4712132038548589,0.0
crossing_pedestrian,22,65,-1,5,0.48213060945272446,0.0
crossing_pedestrian,23,65,-1,5,0.4813842009752989,0.0
crossing_pedestrian,24,65,-1,5,0.47934299800544977,0.0
crossing_pedestrian,25,65,-1,5,0.4775203997269273,0.0
crossing_pedestrian,26,65,-1,5,0.47827139496803284,0.0
crossing_pedestrian,27,65,-1,5,0.4893968114629388,0.0
crossing_pedestrian,28,65,-1,5,0.4675222095102072,0.0
crossing_pedestrian,29,65,-1,5,0.4730160115286708,0.0
crossing_pedestrian,30,65,-1,5,0.475891400128603,0.0
crossing_pedestrian,31,65,-1,5,0.4898412153124809,0.0
crossing_pedestrian,32,65,-1,5,0.4835169995203614,0.0
crossing_pedestrian,33,65,-1,5,0.47421781346201897,0.0
crossing_pedestrian,34,65,-1,5,0.478342198766768,0.0
crossing_pedestrian,35,65,-1,5,0.47595619689673185,0.0
crossing_pedestrian,36,65,-1,5,0.47350318636745214,0.0
crossing_pedestrian,37,65,-1,5,0.4702900070697069,0.0
crossing_pedestrian,38,65,-1,5,0.47696141991764307,0.0
crossing_pedestrian,39,65,-1,5,0.4767277976498008,0.0
crossing_pedestrian,40,65,-1,5,0.4823442082852125,0.0
crossing_pedestrian,41,65,-1,5,0.48121099825948477,0.0
crossing_pedestrian,42,65,-1,5,0.47931959852576256,0.0
crossing_pedestrian,43,65,-1,5,0.47990360762923956,0.0
crossing_pedestrian,44,65,-1,5,0.48067159950733185,0.0
crossing_pedestrian,45,65,-1,5,0.475386600010097,0.0
crossing_pedestrian,46,65,-1,5,0.47334081027656794,0.0
crossing_pedestrian,47,65,-1,5,0.4732114030048251,0.0
crossing_pedestrian,48,65,-1,5,0.4988884087651968,0.0
crossing_pedestrian,49,65,-1,5,0.49627581611275673,0.0
crossing_pedestrian,50,65,-1,5,0.48895240761339664,0.0
crossing_pedestrian,51,65,-1,5,0.4850005963817239,0.0
crossing_pedestrian,52,65,-1,5,0.48107621259987354,0.0
crossing_pedestrian,53,65,-1,5,0.4821609938517213,0.0
crossing_pedestrian,54,65,-1,5,0.4888516152277589,0.0
crossing_pedestrian,55,65,-1,5,0.4854297963902354,0.0
crossing_pedestrian,56,65,-1,5,0.4823701921850443,0.0
crossing_pedestrian,57,65,-1,5,0.4769503837451339,0.0
crossing_pedestrian,58,65,-1,5,0.476520205847919,0.0
crossing_pedestrian,59,65,-1,5,0.4775366047397256,0.0
crossing_pedestrian,60,65,-1,5,0.4831738071516156,0.0
crossing_pedestrian,61,65,-1,5,0.48326998949050903,0.0
crossing_pedestrian,62,65,-1,5,0.4751293919980526,0.0
crossing_pedestrian,63,65,-1,5,0.48970840871334076,0.0
crossing_pedestrian,64,65,-1,5,0.4780879942700267,0.0
crossing_pedestrian,65,65,-1,5,0.475911982357502,0.0
crossing_pedestrian,66,65,-1,5,0.47758000437170267,0.0
crossing_pedestrian,67,65,-1,5,0.47565000131726265,0.0
crossing_pedestrian,68,65,-1,5,0.4801070084795356,0.0
crossing_pedestrian,69,65,-1,5,0.47769779339432716,0.0
crossing_pedestrian,70,65,-1,5,0.4691382171586156,0.0
crossing_pedestrian,71,65,-1,5,0.4852715879678726,0.0
crossing_pedestrian,72,65,-1,5,0.4812424071133137,0.0
crossing_pedestrian,73,65,-1,5,0.4860928049311042,0.0
crossing_pedestrian,74,65,-1,5,0.4881142172962427,0.0
crossing_pedestrian,75,65,-1,5,0.48094079829752445,0.0
crossing_pedestrian,76,65,-1,5,0.482793222181499,0.0
crossing_pedestrian,77,65,-1,5,0.4877026192843914,0.0
crossing_pedestrian,78,65,-1,5,0.47971541061997414,0.0
crossing_pedestrian,79,65,-1,5,0.4716695984825492,0.0
crossing_pedestrian,80,65,-1,5,0.47437259927392006,0.0
crossing_pedestrian,81,65,-1,5,0.4892124095931649,0.0
crossing_pedestrian,82,65,-1,5,0.47106780111789703,0.0
crossing_pedestrian,83,65,-1,5,0.48906560987234116,0.0
crossing_pedestrian,84,65,-1,5,0.4838007967919111,0.0
crossing_pedestrian,85,65,-1,5,0.4823138006031513,0.0
crossing_pedestrian,86,65,-1,5,0.476932805031538,0.0
crossing_pedestrian,87,65,-1,5,0.4803461953997612,0.0
crossing_pedestrian,88,65,-1,5,0.47417760360985994,0.0
crossing_pedestrian,89,65,-1,5,0.4752282053232193,0.0
crossing_pedestrian,90,65,-1,5,0.49168718978762627,0.0
crossing_pedestrian,91,65,-1,5,0.4849035991355777,0.0
crossing_pedestrian,92,65,-1,5,0.48098040279001,0.0
crossing_pedestrian,93,65,-1,5,0.4799349932000041,0.0
crossing_pedestrian,94,65,-1,5,0.4797850036993623,0.0
crossing_pedestrian,95,65,-1,5,0.47994661144912243,0.0
crossing_pedestrian,96,65,-1,5,0.48907219897955656,0.0
crossing_pedestrian,97,65,-1,5,0.48239221796393394,0.0
crossing_pedestrian,98,65,-1,5,0.478613399900496,0.0
crossing_pedestrian,99,65,-1,5,0.48352021258324385,0.0
crossing_pedestrian,100,65,-1,5,0.4813771927729249,0.0
crossing_pedestrian,101,65,-1,5,0.4751986125484109,0.0
crossing_pedestrian,102,65,-1,5,0.47755460254848003,0.0
crossing_pedestrian,103,65,-1,5,0.4799294052645564,0.0
crossing_pedestrian,104,65,-1,5,0.4825187847018242,0.0
crossing_pedestrian,105,65,-1,5,0.4790748003870249,0.0
crossing_pedestrian,106,65,-1,5,0.4828040022403002,0.0
crossing_pedestrian,107,65,-1,5,0.49384499434381723,0.0
crossing_pedestrian,108,65,-1,5,0.4723623860627413,0.0
crossing_pedestrian,109,65,-1,5,0.48761419020593166,0.0
crossing_pedestrian,110,65,-1,5,0.48137661069631577,0.0
crossing_pedestrian,111,65,-1,5,0.4766447935253382,0.0
crossing_pedestrian,112,65,-1,5,0.4758330062031746,0.0
crossing_pedestrian,113,65,-1,5,0.47540238592773676,0.0
crossing_pedestrian,114,65,-1,5,0.488928216509521,0.0
crossing_pedestrian,115,65,-1,5,0.49638058990240097,0.0
crossing_pedestrian,116,65,-1,5,0.5114941857755184,0.0
crossing_pedestrian,117,65,-1,5,0.5056911846622825,0.0
crossing_pedestrian,118,65,-1,5,0.4978537792339921,0.0
crossing_pedestrian,119,65,-1,5,0.48484080471098423,0.0
crossing_pedestrian,120,65,-1,5,0.48398859798908234,0.0
crossing_pedestrian,121,65,-1,5,0.4785877885296941,0.0
crossing_pedestrian,122,65,-1,5,0.48008239828050137,0.0
crossing_pedestrian,123,65,-1,5,0.48088759649544954,0.0
crossing_pedestrian,124,65,-1,5,0.4729171982035041,0.0
crossing_pedestrian,125,65,-1,5,0.47746121417731047,0.0
crossing_pedestrian,126,65,-1,5,0.4752052016556263,0.0
crossing_pedestrian,127,65,-1,5,0.4772279877215624,0.0
crossing_pedestrian,128,65,-1,5,0.47062181401997805,0.0
crossing_pedestrian,129,65,-1,5,0.4825606010854244,0.0
crossing_pedestrian,130,65,-1,5,0.47896101605147123,0.0
crossing_pedestrian,131,65,-1,5,0.48292039427906275,0.0
crossing_pedestrian,132,65,-1,5,0.48279138281941414,0.0
crossing_pedestrian,133,65,-1,5,0.47910481225699186,0.0
crossing_pedestrian,134,65,-1,5,0.4742634017020464,0.0
crossing_pedestrian,135,65,-1,5,0.4794393898919225,0.0
crossing_pedestrian,136,65,-1,5,0.485690007917583,0.0
crossing_pedestrian,137,65,-1,5,0.4714307840913534,0.0
crossing_pedestrian,138,65,-1,5,0.4799643997102976,0.0
crossing_pedestrian,139,65,-1,5,0.496647204272449,0.0
crossing_pedestrian,140,65,-1,5,0.47818319872021675,0.0
crossing_pedestrian,141,65,-1,5,0.47411960549652576,0.0
crossing_pedestrian,142,65,-1,5,0.4766853991895914,0.0
crossing_pedestrian,143,65,-1,5,0.4728584084659815,0.0
crossing_pedestrian,144,65,-1,5,0.4767731996253133,0.0
crossing_pedestrian,145,65,-1,5,0.4805559990927577,0.0
crossing_pedestrian,146,65,-1,5,0.4855366190895438,0.0
crossing_pedestrian,147,65,-1,5,0.4762808093801141,0.0
crossing_pedestrian,148,65,-1,5,0.4790692124515772,0.0
crossing_pedestrian,149,65,-1,5,0.48106200993061066,0.0
crossing_pedestrian,150,65,-1,5,0.4782015923410654,0.0
crossing_pedestrian,151,65,-1,5,0.469988607801497,0.0
crossing_pedestrian,152,65,-1,5,0.4827612079679966,0.0
crossing_pedestrian,153,65,-1,5,0.4797432105988264,0.0
crossing_pedestrian,154,65,-1,5,0.4812341881915927,0.0
crossing_pedestrian,155,65,-1,5,0.4855161998420954,0.0
crossing_pedestrian,156,65,-1,5,0.4844970069825649,0.0
crossing_pedestrian,157,65,-1,5,0.48102359287440777,0.0
crossing_pedestrian,158,65,-1,5,0.47997739166021347,0.0
crossing_pedestrian,159,65,-1,5,0.47413602005690336,0.0
crossing_pedestrian,160,65,-1,5,0.47463818918913603,0.0
crossing_pedestrian,161,65,-1,5,0.49774220678955317,0.0
crossing_pedestrian,162,65,-1,5,0.4827697994187474,0.0
crossing_pedestrian,163,65,-1,5,0.475960411131382,0.0
crossing_pedestrian,164,65,-1,5,0.5059726070612669,0.0
crossing_pedestrian,165,65,-1,5,0.4857728024944663,0.0
crossing_pedestrian,166,65,-1,5,0.4792519845068455,0.0
crossing_pedestrian,167,65,-1,5,0.4838156048208475,0.0
crossing_pedestrian,168,65,-1,5,0.47505178954452276,0.0
crossing_pedestrian,169,65,-1,5,0.4766789963468909,0.0
crossing_pedestrian,170,65,-1,5,0.48360859509557486,0.0
crossing_pedestrian,171,65,-1,5,0.48707739915698767,0.0
crossing_pedestrian,172,65,-1,5,0.47910299617797136,0.0
crossing_pedestrian,173,65,-1,5,0.47554580960422754,0.0
crossing_pedestrian,174,65,-1,5,0.4857555963099003,0.0
crossing_pedestrian,175,65,-1,5,0.47627619933336973,0.0
crossing_pedestrian,176,65,-1,5,0.48142580781131983,0.0
crossing_pedestrian,177,65,-1,5,0.47505018301308155,0.0
crossing_pedestrian,178,65,-1,5,0.483346008695662,0.0
crossing_pedestrian,179,65,-1,5,0.48043918795883656,0.0
crossing_pedestrian,180,65,-1,5,0.4793816013261676,0.0
crossing_pedestrian,181,65,-1,5,0.4828887991607189,0.0
crossing_pedestrian,182,65,-1,5,0.48109579365700483,0.0
crossing_pedestrian,183,65,-1,5,0.49327979795634747,0.0
crossing_pedestrian,184,65,-1,5,0.4818360088393092,0.0
crossing_pedestrian,185,65,-1,5,0.49148700200021267,0.0
crossing_pedestrian,186,65,-1,5,0.4903096007183194,0.0
crossing_pedestrian,187,65,-1,5,0.4804878029972315,0.0
crossing_pedestrian,188,65,-1,5,0.48212078399956226,0.0
crossing_pedestrian,189,65,-1,5,0.48781498335301876,0.0
crossing_pedestrian,190,65,-1,5,0.47973161563277245,0.0
crossing_pedestrian,191,65,-1,5,0.4849647870287299,0.0
crossing_pedestrian,192,65,-1,5,0.48502180725336075,0.0
crossing_pedestrian,193,65,-1,5,0.47950739972293377,0.0
crossing_pedestrian,194,65,-1,5,0.4756916081532836,0.0
crossing_pedestrian,195,65,-1,5,0.47389399260282516,0.0
crossing_pedestrian,196,65,-1,5,0.4785328172147274,0.0
crossing_pedestrian,197,65,-1,5,0.48074119258672,0.0
crossing_pedestrian,198,65,-1,5,0.48059842083603144,0.0
crossing_pedestrian,199,65,-1,5,0.47632879577577114,0.0
crossing_pedestrian,200,65,-1,5,0.47617799136787653,0.0
crossing_pedestrian,201,65,-1,5,0.4852249985560775,0.0
crossing_pedestrian,202,65,-1,5,0.5037060007452965,0.0
crossing_pedestrian,203,65,-1,5,0.5047478014603257,0.0
crossing_pedestrian,204,65,-1,5,0.5040475865826011,0.0
crossing_pedestrian,205,65,-1,5,0.5023434059694409,0.0
crossing_pedestrian,206,65,-1,5,0.49723300617188215,0.0
crossing_pedestrian,207,65,-1,5,0.4989416105672717,0.0
crossing_pedestrian,208,65,-1,5,0.4962054081261158,0.0
crossing_pedestrian,209,65,-1,5,0.5020961863920093,0.0
crossing_pedestrian,210,65,-1,5,0.48753179144114256,0.0
crossing_pedestrian,211,65,-1,5,0.4827524069696665,0.0
crossing_pedestrian,212,65,-1,5,0.49124020151793957,0.0
crossing_pedestrian,213,65,-1,5,0.4873952129855752,0.0
crossing_pedestrian,214,65,-1,5,0.48179239965975285,0.0
crossing_pedestrian,215,65,-1,5,0.4765134071931243,0.0
crossing_pedestrian,216,65,-1,5,0.47927640844136477,0.0
crossing_pedestrian,217,65,-1,5,0.4755340050905943,0.0
crossing_pedestrian,218,65,-1,5,0.48087199684232473,0.0
crossing_pedestrian,219,65,-1,5,0.47895158641040325,0.0
crossing_pedestrian,220,65,-1,5,0.4759836010634899,0.0
crossing_pedestrian,221,65,-1,5,0.473104789853096,0.0
crossing_pedestrian,222,65,-1,5,0.47409520484507084,0.0
crossing_pedestrian,223,65,-1,5,0.47995580825954676,0.0
crossing_pedestrian,224,65,-1,5,0.4830988124012947,0.0
crossing_pedestrian,225,65,-1,5,0.4831543890759349,0.0
crossing_pedestrian,226,65,-1,5,0.47819679602980614,0.0
crossing_pedestrian,227,65,-1,5,0.4699293989688158,0.0
crossing_pedestrian,228,65,-1,5,0.4771776031702757,0.0
crossing_pedestrian,229,65,-1,5,0.4836061969399452,0.0
crossing_pedestrian,230,65,-1,5,0.4792402032762766,0.0
crossing_pedestrian,231,65,-1,5,0.485787820070982,0.0
crossing_pedestrian,232,65,-1,5,0.48538700211793184,0.0
crossing_pedestrian,233,65,-1,5,0.4961182130500674,0.0
crossing_pedestrian,234,65,-1,5,0.48259440809488297,0.0
crossing_pedestrian,235,65,-1,5,0.4793297965079546,0.0
crossing_pedestrian,236,65,-1,5,0.47635401133447886,0.0
crossing_pedestrian,237,65,-1,5,0.4759998060762882,0.0
crossing_pedestrian,238,65,-1,5,0.4862813977524638,0.0
crossing_pedestrian,239,65,-1,5,0.4799488000571728,0.0
crossing_pedestrian,240,65,-1,5,0.47737478744238615,0.0
crossing_pedestrian,241,65,-1,5,0.4851696081459522,0.0
crossing_pedestrian,242,65,-1,5,0.4923945991322398,0.0
crossing_pedestrian,243,65,-1,5,0.4734038142487407,0.0
crossing_pedestrian,244,65,-1,5,0.4775018198415637,0.0
crossing_pedestrian,245,65,-1,5,0.47523139510303736,0.0
crossing_pedestrian,246,65,-1,5,0.47588059678673744,0.0
crossing_pedestrian,247,65,-1,5,0.47849619295448065,0.0
crossing_pedestrian,248,65,-1,5,0.47391699627041817,0.0
crossing_pedestrian,249,65,-1,5,0.47893000300973654,0.0
crossing_pedestrian,250,65,-1,5,0.4742927849292755,0.0
crossing_pedestrian,251,65,-1,5,0.475572794675827,0.0
crossing_pedestrian,252,65,-1,5,0.4763026023283601,0.0
crossing_pedestrian,253,65,-1,5,0.46909761149436235,0.0
crossing_pedestrian,254,65,-1,5,0.4747112048789859,0.0
crossing_pedestrian,255,65,-1,5,0.4806782118976116,0.0
crossing_pedestrian,256,65,-1,5,0.4715641960501671,0.0
crossing_pedestrian,257,65,-1,5,0.4764943849295378,0.0
crossing_pedestrian,258,65,-1,5,0.48041718546301126,0.0
crossing_pedestrian,259,65,-1,5,0.48273277934640646,0.0
crossing_pedestrian,260,65,-1,5,0.46960499603301287,0.0
crossing_pedestrian,261,65,-1,5,0.4812532104551792,0.0
crossing_pedestrian,262,65,-1,5,0.47496201004832983,0.0
crossing_pedestrian,263,65,-1,5,0.474668201059103,0.0
crossing_pedestrian,264,65,-1,5,0.4771109903231263,0.0
crossing_pedestrian,265,65,-1,5,0.48484040889889,0.0
crossing_pedestrian,266,65,-1,5,0.48321420326828957,0.0
crossing_pedestrian,267,65,-1,5,0.48963541630655527,0.0
crossing_pedestrian,268,65,-1,5,0.4901119973510504,0.0
crossing_pedestrian,269,65,-1,5,0.47453041188418865,0.0
crossing_pedestrian,270,65,-1,5,0.48075958620756865,0.0
crossing_pedestrian,271,65,-1,5,0.47414100263267756,0.0
crossing_pedestrian,272,65,-1,5,0.47133921179920435,0.0
crossing_pedestrian,273,65,-1,5,0.47320921439677477,0.0
crossing_pedestrian,274,65,-1,5,0.47139981761574745,0.0
crossing_pedestrian,275,65,-1,5,0.4833436105400324,0.0
crossing_pedestrian,276,65,-1,5,0.4715801915153861,0.0
crossing_pedestrian,277,65,-1,5,0.4834683844819665,0.0
crossing_pedestrian,278,65,-1,5,0.4757565911859274,0.0
crossing_pedestrian,279,65,-1,5,0.4742954159155488,0.0
crossing_pedestrian,280,65,-1,5,0.4738164134323597,0.0
crossing_pedestrian,281,65,-1,5,0.4918853985145688,0.0
crossing_pedestrian,282,65,-1,5,0.47505421098321676,0.0
crossing_pedestrian,283,65,-1,5,0.48172499518841505,0.0
crossing_pedestrian,284,65,-1,5,0.4784062039107084,0.0
crossing_pedestrian,285,65,-1,5,0.4817438079044223,0.0
crossing_pedestrian,286,65,-1,5,0.47630059998482466,0.0
crossing_pedestrian,287,65,-1,5,0.47719841822981834,0.0
crossing_pedestrian,288,65,-1,5,0.4815146094188094,0.0
crossing_pedestrian,289,65,-1,5,0.47949079889804125,0.0
crossing_pedestrian,290,65,-1,5,0.47925161197781563,0.0
crossing_pedestrian,291,65,-1,5,0.4753770073875785,0.0
crossing_pedestrian,292,65,-1,5,0.4791820188984275,0.0
crossing_pedestrian,293,65,-1,5,0.4762183874845505,0.0
crossing_pedestrian,294,65,-1,5,0.4829313838854432,0.0
crossing_pedestrian,295,65,-1,5,0.4725429927930236,0.0
crossing_pedestrian,296,65,-1,5,0.49242060631513596,0.0
crossing_pedestrian,297,65,-1,5,0.48253380227833986,0.0
crossing_pedestrian,298,65,-1,5,0.4799086134880781,0.0
crossing_pedestrian,299,65,-1,5,0.4813161911442876,0.0
crossing_pedestrian,300,65,-1,5,0.48283999785780907,0.0
crossing_pedestrian,301,65,-1,5,0.4768860060721636,0.0
crossing_pedestrian,302,65,-1,5,0.4803922027349472,0.0
crossing_pedestrian,303,65,-1,5,0.48253361601382494,0.0
crossing_pedestrian,304,65,-1,5,0.4840860143303871,0.0
crossing_pedestrian,305,65,-1,5,0.4756338195875287,0.0
crossing_pedestrian,306,65,-1,5,0.4844017792493105,0.0
crossing_pedestrian,307,65,-1,5,0.4756184061989188,0.0
crossing_pedestrian,308,65,-1,5,0.4788157995790243,0.0
crossing_pedestrian,309,65,-1,5,0.4873350029811263,0.0
crossing_pedestrian,310,65,-1,5,0.48264102078974247,0.0
crossing_pedestrian,311,65,-1,5,0.4767901962623,0.0
crossing_pedestrian,312,65,-1,5,0.48161279410123825,0.0
crossing_pedestrian,313,65,-1,5,0.4848678130656481,0.0
crossing_pedestrian,314,65,-1,5,0.4831297788769007,0.0
crossing_pedestrian,315,65,-1,5,0.4781865980476141,0.0
crossing_pedestrian,316,65,-1,5,0.4763338016346097,0.0
crossing_pedestrian,317,65,-1,5,0.47970940358936787,0.0
crossing_pedestrian,318,65,-1,5,0.4751926055178046,0.0
crossing_pedestrian,319,65,-1,5,0.4741288023069501,0.0
crossing_pedestrian,320,65,-1,5,0.49677661154419184,0.0
crossing_pedestrian,321,65,-1,5,0.4872073885053396,0.0
crossing_pedestrian,322,65,-1,5,0.4807335790246725,0.0
crossing_pedestrian,323,65,-1,5,0.4774104105308652,0.0
crossing_pedestrian,324,65,-1,5,0.4739040043205023,0.0
crossing_pedestrian,325,65,-1,5,0.47929619904607534,0.0
crossing_pedestrian,326,65,-1,5,0.4789124010130763,0.0
crossing_pedestrian,327,65,-1,5,0.4923461936414242,0.0
crossing_pedestrian,328,65,-1,5,0.47568981535732746,0.0
crossing_pedestrian,329,65,-1,5,0.4938912112265825,0.0
crossing_pedestrian,330,65,-1,5,0.48243419732898474,0.0
crossing_pedestrian,331,65,-1,5,0.47772221732884645,0.0
crossing_pedestrian,332,65,-1,5,0.4764697980135679,0.0
crossing_pedestrian,333,65,-1,5,0.49229159485548735,0.0
crossing_pedestrian,334,65,-1,5,0.475803017616272,0.0
crossing_pedestrian,335,65,-1,5,0.4810336045920849,0.0
crossing_pedestrian,336,65,-1,5,0.4810362122952938,0.0
crossing_pedestrian,337,65,-1,5,0.4918396007269621,0.0
crossing_pedestrian,338,65,-1,5,0.4795398097485304,0.0
crossing_pedestrian,339,65,-1,5,0.4809928126633167,0.0
crossing_pedestrian,340,65,-1,5,0.4944354062899947,0.0
crossing_pedestrian,341,65,-1,5,0.47303098253905773,0.0
crossing_pedestrian,342,65,-1,5,0.47908041160553694,0.0
crossing_pedestrian,343,65,-1,5,0.4826064221560955,0.0
crossing_pedestrian,344,65,-1,5,0.48973741941154003,0.0
crossing_pedestrian,345,65,-1,5,0.4818784072995186,0.0
crossing_pedestrian,346,65,-1,5,0.48580102156847715,0.0
crossing_pedestrian,347,65,-1,5,0.48002321273088455,0.0
crossing_pedestrian,348,65,-1,5,0.480596418492496,0.0
crossing_pedestrian,349,65,-1,5,0.4808161873370409,0.0
crossing_pedestrian,350,65,-1,5,0.4740989999845624,0.0
crossing_pedestrian,351,65,-1,5,0.4755861824378371,0.0
crossing_pedestrian,352,65,-1,5,0.47975939232856035,0.0
crossing_pedestrian,353,65,-1,5,0.48348719719797373,0.0
crossing_pedestrian,354,65,-1,5,0.47876578755676746,0.0
crossing_pedestrian,355,65,-1,5,0.47598821111023426,0.0
crossing_pedestrian,356,65,-1,5,0.481739011593163,0.0
crossing_pedestrian,357,65,-1,5,0.4859521985054016,0.0
crossing_pedestrian,358,65,-1,5,0.4928356036543846,0.0
crossing_pedestrian,359,65,-1,5,0.482209213078022,0.0
crossing_pedestrian,360,65,-1,5,0.487698195502162,0.0
crossing_pedestrian,361,65,-1,5,0.4753842018544674,0.0
crossing_pedestrian,362,65,-1,5,0.48259738832712173,0.0
crossing_pedestrian,363,65,-1,5,0.48632940743118525,0.0
crossing_pedestrian,364,65,-1,5,0.478846812620759,0.0
crossing_pedestrian,365,65,-1,5,0.4898449871689081,0.0
crossing_pedestrian,366,65,-1,5,0.4845698131248355,0.0
crossing_pedestrian,367,65,-1,5,0.4720953991636634,0.0
crossing_pedestrian,368,65,-1,5,0.47855458687990904,0.0
crossing_pedestrian,369,65,-1,5,0.4867203999310732,0.0
crossing_pedestrian,370,65,-1,5,0.4974581999704242,0.0
crossing_pedestrian,371,65,-1,5,0.4773509921506047,0.0
crossing_pedestrian,372,65,-1,5,0.4812259925529361,0.0
crossing_pedestrian,373,65,-1,5,0.474815396592021,0.0
crossing_pedestrian,374,65,-1,5,0.4785224096849561,0.0
crossing_pedestrian,375,65,-1,5,0.4783020121976733,0.0
crossing_pedestrian,376,65,-1,5,0.4798846086487174,0.0
crossing_pedestrian,377,65,-1,5,0.47672600485384464,0.0
crossing_pedestrian,378,65,-1,5,0.48972321674227715,0.0
crossing_pedestrian,379,65,-1,5,0.4951578099280596,0.0
crossing_pedestrian,380,65,-1,5,0.4759392002597451,0.0
crossing_pedestrian,381,65,-1,5,0.4900693893432617,0.0
crossing_pedestrian,382,65,-1,5,0.4776342073455453,0.0
crossing_pedestrian,383,65,-1,5,0.4801969975233078,0.0
crossing_pedestrian,384,65,-1,5,0.4701894009485841,0.0
crossing_pedestrian,385,65,-1,5,0.47741360031068325,0.0
crossing_pedestrian,386,65,-1,5,0.4740492207929492,0.0
crossing_pedestrian,387,65,-1,5,0.4824285861104727,0.0
crossing_pedestrian,388,65,-1,5,0.47608979512006044,0.0
crossing_pedestrian,389,65,-1,5,0.48064400907605886,0.0
crossing_pedestrian,390,65,-1,5,0.4741234006360173,0.0
crossing_pedestrian,391,65,-1,5,0.4817372187972069,0.0
crossing_pedestrian,392,65,-1,5,0.4738153889775276,0.0
crossing_pedestrian,393,65,-1,5,0.4734085872769356,0.0
crossing_pedestrian,394,65,-1,5,0.47706239856779575,0.0
crossing_pedestrian,395,65,-1,5,0.4784785909578204,0.0
crossing_pedestrian,396,65,-1,5,0.4855878185480833,0.0
crossing_pedestrian,397,65,-1,5,0.48117018304765224,0.0
crossing_pedestrian,398,65,-1,5,0.46963279601186514,0.0
crossing_pedestrian,399,65,-1,5,0.4789214115589857,0.0
crossing_pedestrian,400,65,-1,5,0.46880440786480904,0.0
crossing_pedestrian,401,65,-1,5,0.47506000846624374,0.0
crossing_pedestrian,402,65,-1,5,0.4786156117916107,0.0
crossing_pedestrian,403,65,-1,5,0.4795385990291834,0.0
crossing_pedestrian,404,65,-1,5,0.47658958937972784,0.0
crossing_pedestrian,405,65,-1,5,0.47347501385957,0.0
crossing_pedestrian,406,65,-1,5,0.4714526003226638,0.0
crossing_pedestrian,407,65,-1,5,0.47758419532328844,0.0
crossing_pedestrian,408,65,-1,5,0.48552779480814934,0.0
crossing_pedestrian,409,65,-1,5,0.4735782044008374,0.0
crossing_pedestrian,410,65,-1,5,0.47884820960462093,0.0
crossing_pedestrian,411,65,-1,5,0.4877943778410554,0.0
crossing_pedestrian,412,65,-1,5,0.47536559868603945,0.0
crossing_pedestrian,413,65,-1,5,0.4823216004297137,0.0
crossing_pedestrian,414,65,-1,5,0.47676460817456245,0.0
crossing_pedestrian,415,65,-1,5,0.4763559903949499,0.0
crossing_pedestrian,416,65,-1,5,0.48561119474470615,0.0
crossing_pedestrian,417,65,-1,5,0.4763481905683875,0.0
crossing_pedestrian,418,65,-1,5,0.48856460489332676,0.0
crossing_pedestrian,419,65,-1,5,0.4764503799378872,0.0
crossing_pedestrian,420,65,-1,5,0.48179321456700563,0.0
crossing_pedestrian,421,65,-1,5,0.478936405852437,0.0
crossing_pedestrian,422,65,-1,5,0.479597388766706,0.0
crossing_pedestrian,423,65,-1,5,0.47891419380903244,0.0
crossing_pedestrian,424,65,-1,5,0.48585759941488504,0.0
crossing_pedestrian,425,65,-1,5,0.47231498174369335,0.0
crossing_pedestrian,426,65,-1,5,0.4778510192409158,0.0
crossing_pedestrian,427,65,-1,5,0.47167399898171425,0.0
crossing_pedestrian,428,65,-1,5,0.47493178863078356,0.0
crossing_pedestrian,429,65,-1,5,0.4813907900825143,0.0
crossing_pedestrian,430,65,-1,5,0.4806061973795295,0.0
crossing_pedestrian,431,65,-1,5,0.4684259882196784,0.0
crossing_pedestrian,432,65,-1,5,0.4791176179423928,0.0
crossing_pedestrian,433,65,-1,5,0.4768710117787123,0.0
crossing_pedestrian,434,65,-1,5,0.48384719993919134,0.0
crossing_pedestrian,435,65,-1,5,0.4779163980856538,0.0
crossing_pedestrian,436,65,-1,5,0.47437138855457306,0.0
crossing_pedestrian,437,65,-1,5,0.4721025936305523,0.0
crossing_pedestrian,438,65,-1,5,0.47293719835579395,0.0
crossing_pedestrian,439,65,-1,5,0.4761184100061655,0.0
crossing_pedestrian,440,65,-1,5,0.47406358644366264,0.0
crossing_pedestrian,441,65,-1,5,0.4799584159627557,0.0
crossing_pedestrian,442,65,-1,5,0.4739841911941767,0.0
crossing_pedestrian,443,65,-1,5,0.4766992060467601,0.0
crossing_pedestrian,444,65,-1,5,0.4762378055602312,0.0
crossing_pedestrian,445,65,-1,5,0.48413120675832033,0.0
crossing_pedestrian,446,65,-1,5,0.4797568079084158,0.0
crossing_pedestrian,447,65,-1,5,0.4796890076249838,0.0
crossing_pedestrian,448,65,-1,5,0.4811679944396019,0.0
crossing_pedestrian,449,65,-1,5,0.47939501237124205,0.0
crossing_pedestrian,450,65,-1,5,0.4767047939822078,0.0
crossing_pedestrian,451,65,-1,5,0.47354039270430803,0.0
crossing_pedestrian,452,65,-1,5,0.4720929777249694,0.0
crossing_pedestrian,453,65,-1,5,0.47601640690118074,0.0
crossing_pedestrian,454,65,-1,5,0.48064179718494415,0.0
crossing_pedestrian,455,65,-1,5,0.4844340030103922,0.0
crossing_pedestrian,456,65,-1,5,0.4795490065589547,0.0
crossing_pedestrian,457,65,-1,5,0.4745848011225462,0.0
crossing_pedestrian,458,65,-1,5,0.48088780604302883,0.0
crossing_pedestrian,459,65,-1,5,0.4724480211734772,0.0
crossing_pedestrian,460,65,-1,5,0.47744419425725937,0.0
crossing_pedestrian,461,65,-1,5,0.4774617962539196,0.0
crossing_pedestrian,462,65,-1,5,0.4723915830254555,0.0
crossing_pedestrian,463,65,-1,5,0.48285319935530424,0.0
crossing_pedestrian,464,65,-1,5,0.47941820230334997,0.0
crossing_pedestrian,465,65,-1,5,0.48395281191915274,0.0
crossing_pedestrian,466,65,-1,5,0.47607740852981806,0.0
crossing_pedestrian,467,65,-1,5,0.47497639898210764,0.0
crossing_pedestrian,468,65,-1,5,0.47783181071281433,0.0
crossing_pedestrian,469,65,-1,5,0.47576739452779293,0.0
crossing_pedestrian,470,65,-1,5,0.4872137913480401,0.0
crossing_pedestrian,471,65,-1,5,0.4813771927729249,0.0
crossing_pedestrian,472,65,-1,5,0.4925050074234605,0.0
crossing_pedestrian,473,65,-1,5,0.4733316134661436,0.0
crossing_pedestrian,474,65,-1,5,0.4773158114403486,0.0
crossing_pedestrian,475,65,-1,5,0.46896738931536674,0.0
crossing_pedestrian,476,65,-1,5,0.4751018015667796,0.0
crossing_pedestrian,477,65,-1,5,0.4686082014814019,0.0
crossing_pedestrian,478,65,-1,5,0.4752438049763441,0.0
crossing_pedestrian,479,65,-1,5,0.47725720796734095,0.0
crossing_pedestrian,480,65,-1,5,0.48109840136021376,0.0
crossing_pedestrian,481,65,-1,5,0.48074701335281134,0.0
crossing_pedestrian,482,65,-1,5,0.4760041832923889,0.0
crossing_pedestrian,483,65,-1,5,0.4787770099937916,0.0
crossing_pedestrian,484,65,-1,5,0.4753112094476819,0.0
crossing_pedestrian,485,65,-1,5,0.48245820216834545,0.0
crossing_pedestrian,486,65,-1,5,0.4795891931280494,0.0
crossing_pedestrian,487,65,-1,5,0.4798602079972625,0.0
crossing_pedestrian,488,65,-1,5,0.49652219749987125,0.0
crossing_pedestrian,489,65,-1,5,0.48158159479498863,0.0
crossing_pedestrian,490,65,-1,5,0.47966199927031994,0.0
crossing_pedestrian,491,65,-1,5,0.4771796055138111,0.0
crossing_pedestrian,492,65,-1,5,0.47711520455777645,0.0
crossing_pedestrian,493,65,-1,5,0.481789605692029,0.0
crossing_pedestrian,494,65,-1,5,0.4793372005224228,0.0
crossing_pedestrian,495,65,-1,5,0.47798678278923035,0.0
crossing_pedestrian,496,65,-1,5,0.4769074032083154,0.0
crossing_pedestrian,497,65,-1,5,0.4786357982084155,0.0
crossing_pedestrian,498,65,-1,5,0.49195638857781887,0.0
crossing_pedestrian,499,65,-1,5,0.4842494148761034,0.0
vehicle_cut_in,0,85,-1,5,0.5450459895655513,0.0
vehicle_cut_in,1,85,-1,5,0.5420970031991601,0.0
vehicle_cut_in,2,85,-1,5,0.5436551989987493,0.0
vehicle_cut_in,3,85,-1,5,0.5432612029835582,0.0
vehicle_cut_in,4,85,-1,5,0.5410008132457733,0.0
vehicle_cut_in,5,85,-1,5,0.544095179066062,0.0
vehicle_cut_in,6,85,-1,5,0.5367301870137453,0.0
vehicle_cut_in,7,85,-1,5,0.544872204773128,0.0
vehicle_cut_in,8,85,-1,5,0.5438212072476745,0.0
vehicle_cut_in,9,85,-1,5,0.5490828072652221,0.0
vehicle_cut_in,10,85,-1,5,0.5525999935343862,0.0
vehicle_cut_in,11,85,-1,5,0.538408407010138,0.0
vehicle_cut_in,12,85,-1,5,0.5484513938426971,0.0
vehicle_cut_in,13,85,-1,5,0.5488608032464981,0.0
vehicle_cut_in,14,85,-1,5,0.5477154161781073,0.0
vehicle_cut_in,15,85,-1,5,0.5382471950724721,0.0
vehicle_cut_in,16,85,-1,5,0.5437796004116535,0.0
vehicle_cut_in,17,85,-1,5,0.5397942150011659,0.0
vehicle_cut_in,18,85,-1,5,0.5492402007803321,0.0
vehicle_cut_in,19,85,-1,5,0.5479729967191815,0.0
vehicle_cut_in,20,85,-1,5,0.5504828179255128,0.0
vehicle_cut_in,21,85,-1,5,0.5402447888627648,0.0
vehicle_cut_in,22,85,-1,5,0.5421908106654882,0.0
vehicle_cut_in,23,85,-1,5,0.5479211919009686,0.0
vehicle_cut_in,24,85,-1,5,0.5636193789541721,0.0
vehicle_cut_in,25,85,-1,5,0.546174612827599,0.0
vehicle_cut_in,26,85,-1,5,0.5409642122685909,0.0
vehicle_cut_in,27,85,-1,5,0.5428015952929854,0.0
vehicle_cut_in,28,85,-1,5,0.5439775995910168,0.0
vehicle_cut_in,29,85,-1,5,0.5370602011680603,0.0
vehicle_cut_in,30,85,-1,5,0.5524341948330402,0.0
vehicle_cut_in,31,85,-1,5,0.543588399887085,0.0
vehicle_cut_in,32,85,-1,5,0.5491238087415695,0.0
vehicle_cut_in,33,85,-1,5,0.5407151998952031,0.0
vehicle_cut_in,34,85,38,5,0.5532382056117058,0.0
vehicle_cut_in,35,85,-1,5,0.5453636171296239,0.0
vehicle_cut_in,36,85,-1,5,0.5480916006490588,0.0
vehicle_cut_in,37,85,-1,5,0.5422262009233236,0.0
vehicle_cut_in,38,85,-1,5,0.5448095966130495,0.0
vehicle_cut_in,39,85,-1,5,0.5529831862077117,0.0
vehicle_cut_in,40,85,30,5,1.3702713884413242,0.0
vehicle_cut_in,41,85,-1,5,0.5414027953520417,0.0
vehicle_cut_in,42,85,45,5,0.5476514110341668,0.0
vehicle_cut_in,43,85,-1,5,0.5401676055043936,0.0
vehicle_cut_in,44,85,42,5,0.5466141970828176,0.0
vehicle_cut_in,45,85,-1,5,0.5445965798571706,0.0
vehicle_cut_in,46,85,-1,5,0.5409232107922435,0.0
vehicle_cut_in,47,85,-1,5,0.5442051915451884,0.0
vehicle_cut_in,48,85,-1,5,0.5452558165416121,0.0
vehicle_cut_in,49,85,-1,5,0.5415424006059766,0.0
vehicle_cut_in,50,85,-1,5,0.5449095973744988,0.0
vehicle_cut_in,51,85,-1,5,0.5467107985168695,0.0
vehicle_cut_in,52,85,-1,5,0.5387478042393923,0.0
vehicle_cut_in,53,85,-1,5,0.549377198331058,0.0
vehicle_cut_in,54,85,-1,5,0.5429991986602545,0.0
vehicle_cut_in,55,85,-1,5,0.5415227962657809,0.0
vehicle_cut_in,56,85,-1,5,0.5464904010295868,0.0
vehicle_cut_in,57,85,-1,5,0.545427412725985,0.0
vehicle_cut_in,58,85,-1,5,0.5512780044227839,0.0
vehicle_cut_in,59,85,-1,5,0.5442408146336675,0.0
vehicle_cut_in,60,85,-1,5,0.5487891845405102,0.0
vehicle_cut_in,61,85,-1,5,0.5403483984991908,0.0
vehicle_cut_in,62,85,-1,5,0.5470320116728544,0.0
vehicle_cut_in,63,85,-1,5,0.5422711838036776,0.0
vehicle_cut_in,64,85,-1,5,0.5379772046580911,0.0
vehicle_cut_in,65,85,-1,5,0.5435182014480233,0.0
vehicle_cut_in,66,85,-1,5,0.53964639082551,0.0
vehicle_cut_in,67,85,-1,5,0.5418358137831092,0.0
vehicle_cut_in,68,85,-1,5,0.5469052121043205,0.0
vehicle_cut_in,69,85,-1,5,0.547650596126914,0.0
vehicle_cut_in,70,85,-1,5,0.5430326098576188,0.0
vehicle_cut_in,71,85,-1,5,0.5370126105844975,0.0
vehicle_cut_in,72,85,-1,5,0.5440616048872471,0.0
vehicle_cut_in,73,85,-1,5,0.5589222069829702,0.0
vehicle_cut_in,74,85,-1,5,0.553669617511332,0.0
vehicle_cut_in,75,85,-1,5,0.5353285931050777,0.0
vehicle_cut_in,76,85,-1,5,0.5457857856526971,0.0
vehicle_cut_in,77,85,-1,5,0.5356363952159882,0.0
vehicle_cut_in,78,85,-1,5,0.5479245912283659,0.0
vehicle_cut_in,79,85,-1,5,0.540360389277339,0.0
vehicle_cut_in,80,85,-1,5,0.5538574187085032,0.0
vehicle_cut_in,81,85,-1,5,0.5418592132627964,0.0
vehicle_cut_in,82,85,-1,5,0.5468131974339485,0.0
vehicle_cut_in,83,85,-1,5,0.5508026108145714,0.0
vehicle_cut_in,84,85,-1,5,0.5415334133431315,0.0
vehicle_cut_in,85,85,-1,5,0.5383644020184875,0.0
vehicle_cut_in,86,85,-1,5,0.5420139990746975,0.0
vehicle_cut_in,87,85,-1,5,0.5458211991935968,0.0
vehicle_cut_in,88,85,-1,5,0.5481199827045202,0.0
vehicle_cut_in,89,85,-1,5,0.5483508110046387,0.0
vehicle_cut_in,90,85,-1,5,0.5536591866984963,0.0
vehicle_cut_in,91,85,-1,5,0.5501328036189079,0.0
vehicle_cut_in,92,85,-1,5,0.5488784052431583,0.0
vehicle_cut_in,93,85,-1,5,0.5410877987742424,0.0
vehicle_cut_in,94,85,-1,5,0.5393753992393613,0.0
vehicle_cut_in,95,85,-1,5,0.5420596105977893,0.0
vehicle_cut_in,96,85,-1,5,0.5476805847138166,0.0
vehicle_cut_in,97,85,-1,5,0.5564734106883407,0.0
vehicle_cut_in,98,85,-1,5,0.549468188546598,0.0
vehicle_cut_in,99,85,-1,5,0.5537015851587057,0.0
vehicle_cut_in,100,85,-1,5,0.5490968003869057,0.0
vehicle_cut_in,101,85,-1,5,0.5538810044527054,0.0
vehicle_cut_in,102,85,-1,5,0.5545797990635037,0.0
vehicle_cut_in,103,85,-1,5,0.5477961851283908,0.0
vehicle_cut_in,104,85,-1,5,0.5448351847007871,0.0
vehicle_cut_in,105,85,-1,5,0.5419035907834768,0.0
vehicle_cut_in,106,85,-1,5,0.5552110029384494,0.0
vehicle_cut_in,107,85,-1,5,0.5420646164566278,0.0
vehicle_cut_in,108,85,-1,5,0.550323398783803,0.0
vehicle_cut_in,109,85,-1,5,0.5398795939981937,0.0
vehicle_cut_in,110,85,-1,5,0.5528404144570231,0.0
vehicle_cut_in,111,85,-1,5,0.5439392058178782,0.0
vehicle_cut_in,112,85,67,5,0.544839003123343,0.0
vehicle_cut_in,113,85,-1,5,0.5456190090626478,0.0
vehicle_cut_in,114,85,-1,5,0.5507767898961902,0.0
vehicle_cut_in,115,85,-1,5,0.5468636052682996,0.0
vehicle_cut_in,116,85,-1,5,0.5411366000771523,0.0
vehicle_cut_in,117,85,-1,5,0.5401571979746222,0.0
vehicle_cut_in,118,85,-1,5,0.5461181979626417,0.0
vehicle_cut_in,119,85,-1,5,0.5432212026789784,0.0
vehicle_cut_in,120,85,-1,5,0.5445454036816955,0.0
vehicle_cut_in,121,85,-1,5,0.5504189990460873,0.0
vehicle_cut_in,122,85,-1,5,0.5434633931145072,0.0
vehicle_cut_in,123,85,-1,5,0.5435958039015532,0.0
vehicle_cut_in,124,85,-1,5,0.5476415855810046,0.0
vehicle_cut_in,125,85,-1,5,0.5427148193120956,0.0
vehicle_cut_in,126,85,-1,5,0.5465565947815776,0.0
vehicle_cut_in,127,85,-1,5,0.5402704002335668,0.0
vehicle_cut_in,128,85,-1,5,0.5438383901491761,0.0
vehicle_cut_in,129,85,-1,5,0.5488561931997538,0.0
vehicle_cut_in,130,85,-1,5,0.5467162001878023,0.0
vehicle_cut_in,131,85,-1,5,0.5489262053743005,0.0
vehicle_cut_in,132,85,-1,5,0.5530890077352524,0.0
vehicle_cut_in,133,85,-1,5,0.547017389908433,0.0
vehicle_cut_in,134,85,-1,5,0.5471274023875594,0.0
vehicle_cut_in,135,85,38,5,0.5453391931951046,0.0
vehicle_cut_in,136,85,-1,5,0.552833010442555,0.0
vehicle_cut_in,137,85,-1,5,0.5432314006611705,0.0
vehicle_cut_in,138,85,-1,5,0.5479848012328148,0.0
vehicle_cut_in,139,85,-1,5,0.5461671855300665,0.0
vehicle_cut_in,140,85,-1,5,0.5508348112925887,0.0
vehicle_cut_in,141,85,-1,5,0.5412685917690396,0.0
vehicle_cut_in,142,85,-1,5,0.5393172148615122,0.0
vehicle_cut_in,143,85,-1,5,0.5382410017773509,0.0
vehicle_cut_in,144,85,-1,5,0.553641002625227,0.0
vehicle_cut_in,145,85,-1,5,0.5367764038965106,0.0
vehicle_cut_in,146,85,41,5,0.5511655937880278,0.0
vehicle_cut_in,147,85,-1,5,0.5476983962580562,0.0
vehicle_cut_in,148,85,-1,5,0.5515874130651355,0.0
vehicle_cut_in,149,85,-1,5,0.5424194037914276,0.0
vehicle_cut_in,150,85,-1,5,0.5587130086496472,0.0
vehicle_cut_in,151,85,-1,5,0.5438712192699313,0.0
vehicle_cut_in,152,85,-1,5,0.5466307979077101,0.0
vehicle_cut_in,153,85,-1,5,0.5326014012098312,0.0
vehicle_cut_in,154,85,-1,5,0.5469033960253,0.0
vehicle_cut_in,155,85,-1,5,0.5519187776371837,0.0
vehicle_cut_in,156,85,-1,5,0.5595857976004481,0.0
vehicle_cut_in,157,85,-1,5,0.5447532050311565,0.0
vehicle_cut_in,158,85,-1,5,0.5374722182750702,0.0
vehicle_cut_in,159,85,-1,5,0.5531735951080918,0.0
vehicle_cut_in,160,85,-1,5,0.5379552021622658,0.0
vehicle_cut_in,161,85,-1,5,0.546102412045002,0.0
vehicle_cut_in,162,85,-1,5,0.544991809874773,0.0
vehicle_cut_in,163,85,-1,5,0.5436155945062637,0.0
vehicle_cut_in,164,85,-1,5,0.540714617818594,0.0
vehicle_cut_in,165,85,44,5,0.5514469929039478,0.0
vehicle_cut_in,166,85,-1,5,0.5399932153522968,0.0
vehicle_cut_in,167,85,-1,5,0.5506766028702259,0.0
vehicle_cut_in,168,85,-1,5,0.5417338106781244,0.0
vehicle_cut_in,169,85,-1,5,0.5421784007921815,0.0
vehicle_cut_in,170,85,-1,5,0.5436459789052606,0.0
vehicle_cut_in,171,85,-1,5,0.5392172141000628,0.0
vehicle_cut_in,172,85,-1,5,0.5476411897689104,0.0
vehicle_cut_in,173,85,-1,5,0.5450407974421978,0.0
vehicle_cut_in,174,85,-1,5,0.5505442153662443,0.0
vehicle_cut_in,175,85,-1,5,0.5383285926654935,0.0
vehicle_cut_in,176,85,-1,5,0.5425892071798444,0.0
vehicle_cut_in,177,85,-1,5,0.541775394231081,0.0
vehicle_cut_in,178,85,31,5,0.5551058100536466,0.0
vehicle_cut_in,179,85,-1,5,0.5470562027767301,0.0
vehicle_cut_in,180,85,-1,5,0.543904397636652,0.0
vehicle_cut_in,181,85,-1,5,0.5419853841885924,0.0
vehicle_cut_in,182,85,-1,5,0.548161007463932,0.0
vehicle_cut_in,183,85,-1,5,0.5442576017230749,0.0
vehicle_cut_in,184,85,-1,5,0.5428472068160772,0.0
vehicle_cut_in,185,85,-1,5,0.5413447972387075,0.0
vehicle_cut_in,186,85,-1,5,0.5401207832619548,0.0
vehicle_cut_in,187,85,-1,5,0.539614399895072,0.0
vehicle_cut_in,188,85,-1,5,0.5404682131484151,0.0
vehicle_cut_in,189,85,-1,5,0.5428517935797572,0.0
vehicle_cut_in,190,85,-1,5,0.5426080198958516,0.0
vehicle_cut_in,191,85,-1,5,0.5549651803448796,0.0
vehicle_cut_in,192,85,-1,5,0.5409183911979198,0.0
vehicle_cut_in,193,85,-1,5,0.5383122013881803,0.0
vehicle_cut_in,194,85,-1,5,0.5462829954922199,0.0
vehicle_cut_in,195,85,-1,5,0.549586396664381,0.0
vehicle_cut_in,196,85,-1,5,0.5420643836259842,0.0
vehicle_cut_in,197,85,-1,5,0.5527663975954056,0.0
vehicle_cut_in,198,85,-1,5,0.5396323977038264,0.0
vehicle_cut_in,199,85,-1,5,0.5482648033648729,0.0
vehicle_cut_in,200,85,-1,5,0.5454228026792407,0.0
vehicle_cut_in,201,85,43,5,0.5587616004049778,0.0
vehicle_cut_in,202,85,-1,5,0.5537591874599457,0.0
vehicle_cut_in,203,85,-1,5,0.5563220009207726,0.0
vehicle_cut_in,204,85,-1,5,0.5718227941542864,0.0
vehicle_cut_in,205,85,-1,5,0.5747182061895728,0.0
vehicle_cut_in,206,85,-1,5,0.5739927990362048,0.0
vehicle_cut_in,207,85,-1,5,0.5723634036257863,0.0
vehicle_cut_in,208,85,-1,5,0.5706291878595948,0.0
vehicle_cut_in,209,85,-1,5,0.5691017955541611,0.0
vehicle_cut_in,210,85,-1,5,0.5751334130764008,0.0
vehicle_cut_in,211,85,-1,5,0.5767127964645624,0.0
vehicle_cut_in,212,85,-1,5,0.6530447863042355,0.0
vehicle_cut_in,213,85,-1,5,0.5709867924451828,0.0
vehicle_cut_in,214,85,-1,5,0.5729143973439932,0.0
vehicle_cut_in,215,85,-1,5,0.5691748112440109,0.0
vehicle_cut_in,216,85,-1,5,0.5756453843787313,0.0
vehicle_cut_in,217,85,-1,5,0.5741941975429654,0.0
vehicle_cut_in,218,85,-1,5,0.5747501971200109,0.0
vehicle_cut_in,219,85,-1,5,0.576348602771759,0.0
vehicle_cut_in,220,85,38,5,0.5812060087919235,0.0
vehicle_cut_in,221,85,54,5,0.5739938002079725,0.0
vehicle_cut_in,222,85,-1,5,0.5777979968115687,0.0
vehicle_cut_in,223,85,-1,5,0.5729968193918467,0.0
vehicle_cut_in,224,85,-1,5,0.5720451939851046,0.0
vehicle_cut_in,225,85,48,5,0.570699805393815,0.0
vehicle_cut_in,226,85,-1,5,0.5610316060483456,0.0
vehicle_cut_in,227,85,-1,5,0.5492666037753224,0.0
vehicle_cut_in,228,85,-1,5,0.5566344130784273,0.0
vehicle_cut_in,229,85,-1,5,0.5460790125653148,0.0
vehicle_cut_in,230,85,-1,5,0.5389128113165498,0.0
vehicle_cut_in,231,85,-1,5,0.5446990020573139,0.0
vehicle_cut_in,232,85,-1,5,0.5522056017071009,0.0
vehicle_cut_in,233,85,-1,5,0.547549594193697,0.0
vehicle_cut_in,234,85,-1,5,0.54858538787812,0.0
vehicle_cut_in,235,85,-1,5,0.5524170119315386,0.0
vehicle_cut_in,236,85,-1,5,0.5442367866635323,0.0
vehicle_cut_in,237,85,-1,5,0.5452903918921947,0.0
vehicle_cut_in,238,85,-1,5,0.5439908010885119,0.0
vehicle_cut_in,239,85,-1,5,0.5462520057335496,0.0
vehicle_cut_in,240,85,-1,5,0.5432974081486464,0.0
vehicle_cut_in,241,85,-1,5,0.5521199898794293,0.0
vehicle_cut_in,242,85,-1,5,0.5575892049819231,0.0
vehicle_cut_in,243,85,39,5,1.1569758178666234,0.0
vehicle_cut_in,244,85,-1,5,0.5531871924176812,0.0
vehicle_cut_in,245,85,-1,5,0.553713389672339,0.0
vehicle_cut_in,246,85,-1,5,0.5562762031331658,0.0
vehicle_cut_in,247,85,-1,5,0.5515250144526362,0.0
vehicle_cut_in,248,85,-1,5,0.5554232047870755,0.0
vehicle_cut_in,249,85,-1,5,0.5501690087839961,0.0
vehicle_cut_in,250,85,-1,5,0.5540485959500074,0.0
vehicle_cut_in,251,85,-1,5,0.5572299938648939,0.0
vehicle_cut_in,252,85,28,5,0.5524687934666872,0.0
vehicle_cut_in,253,85,-1,5,0.5572805879637599,0.0
vehicle_cut_in,254,85,-1,5,0.5544844083487988,0.0
vehicle_cut_in,255,85,-1,5,0.5474800011143088,0.0
vehicle_cut_in,256,85,-1,5,0.5496158031746745,0.0
vehicle_cut_in,257,85,-1,5,0.555200781673193,0.0
vehicle_cut_in,258,85,-1,5,0.55127979721874,0.0
vehicle_cut_in,259,85,-1,5,0.5602176068350673,0.0
vehicle_cut_in,260,85,-1,5,0.5523892119526863,0.0
vehicle_cut_in,261,85,-1,5,0.5546820117160678,0.0
vehicle_cut_in,262,85,-1,5,0.554200797341764,0.0
vehicle_cut_in,263,85,-1,5,0.5511362105607986,0.0
vehicle_cut_in,264,85,-1,5,0.5497514037415385,0.0
vehicle_cut_in,265,85,-1,5,0.5708934040740132,0.0
vehicle_cut_in,266,85,-1,5,0.5458974046632648,0.0
vehicle_cut_in,267,85,-1,5,0.5514414049685001,0.0
vehicle_cut_in,268,85,-1,5,0.5617143819108605,0.0
vehicle_cut_in,269,85,-1,5,0.5546918138861656,0.0
vehicle_cut_in,270,85,-1,5,0.5548727931454778,0.0
vehicle_cut_in,271,85,-1,5,0.5521486047655344,0.0
vehicle_cut_in,272,85,-1,5,0.5497392034158111,0.0
vehicle_cut_in,273,85,-1,5,0.5492534022778273,0.0
vehicle_cut_in,274,85,-1,5,0.5511007970198989,0.0
vehicle_cut_in,275,85,-1,5,0.551966205239296,0.0
vehicle_cut_in,276,85,-1,5,0.549853197298944,0.0
vehicle_cut_in,277,85,-1,5,0.5643483949825168,0.0
vehicle_cut_in,278,85,-1,5,0.5514577962458134,0.0
vehicle_cut_in,279,85,-1,5,0.5549377994611859,0.0
vehicle_cut_in,280,85,-1,5,0.5470586009323597,0.0
vehicle_cut_in,281,85,43,5,0.5516425939276814,0.0
vehicle_cut_in,282,85,-1,5,0.5526563851162791,0.0
vehicle_cut_in,283,85,-1,5,0.5541193997487426,0.0
vehicle_cut_in,284,85,-1,5,0.5596579983830452,0.0
vehicle_cut_in,285,85,-1,5,0.5492555908858776,0.0
vehicle_cut_in,286,85,-1,5,0.5488429917022586,0.0
vehicle_cut_in,287,85,-1,5,0.5504627944901586,0.0
vehicle_cut_in,288,85,-1,5,0.5526679800823331,0.0
vehicle_cut_in,289,85,-1,5,0.5574231967329979,0.0
vehicle_cut_in,290,85,-1,5,0.5494272103533149,0.0
vehicle_cut_in,291,85,-1,5,0.5548829911276698,0.0
vehicle_cut_in,292,85,-1,5,0.5631168140098453,0.0
vehicle_cut_in,293,85,-1,5,0.549447420053184,0.0
vehicle_cut_in,294,85,-1,5,0.5579432006925344,0.0
vehicle_cut_in,295,85,-1,5,0.5504230037331581,0.0
vehicle_cut_in,296,85,-1,5,0.549302389845252,0.0
vehicle_cut_in,297,85,-1,5,0.5499322200194001,0.0
vehicle_cut_in,298,85,-1,5,0.5508546018972993,0.0
vehicle_cut_in,299,85,-1,5,0.5478855920955539,0.0
vehicle_cut_in,300,85,-1,5,0.5506702000275254,0.0
vehicle_cut_in,301,85,-1,5,0.5617189919576049,0.0
vehicle_cut_in,302,85,-1,5,0.5575188202783465,0.0
vehicle_cut_in,303,85,-1,5,0.5472589982673526,0.0
vehicle_cut_in,304,85,-1,5,0.5586998071521521,0.0
vehicle_cut_in,305,85,-1,5,0.5508871981874108,0.0
vehicle_cut_in,306,85,-1,5,0.5528452107682824,0.0
vehicle_cut_in,307,85,-1,5,0.5675330059602857,0.0
vehicle_cut_in,308,85,55,5,0.5548672052100301,0.0
vehicle_cut_in,309,85,-1,5,0.5486618028953671,0.0
vehicle_cut_in,310,85,-1,5,0.5525033921003342,0.0
vehicle_cut_in,311,85,-1,5,0.5515303928405046,0.0
vehicle_cut_in,312,85,-1,5,0.5617574090138078,0.0
vehicle_cut_in,313,85,-1,5,0.559390801936388,0.0
vehicle_cut_in,314,85,-1,5,0.5526171997189522,0.0
vehicle_cut_in,315,85,-1,5,0.557002006098628,0.0
vehicle_cut_in,316,85,-1,5,0.5507773952558637,0.0
vehicle_cut_in,317,85,-1,5,0.5481532076373696,0.0
vehicle_cut_in,318,85,-1,5,0.548534607514739,0.0
vehicle_cut_in,319,85,-1,5,0.5687431897968054,0.0
vehicle_cut_in,320,85,-1,5,0.5574614042416215,0.0
vehicle_cut_in,321,85,-1,5,0.5557495867833495,0.0
vehicle_cut_in,322,85,-1,5,0.5737946135923266,0.0
vehicle_cut_in,323,85,-1,5,0.5883937934413552,0.0
vehicle_cut_in,324,85,-1,5,0.5991193931549788,0.0
vehicle_cut_in,325,85,-1,5,0.5844893865287304,0.0
vehicle_cut_in,326,85,-1,5,0.569058395922184,0.0
vehicle_cut_in,327,85,-1,5,0.572679191827774,0.0
vehicle_cut_in,328,85,-1,5,0.555066205561161,0.0
vehicle_cut_in,329,85,-1,5,0.5581496050581336,0.0
vehicle_cut_in,330,85,-1,5,0.5523853935301304,0.0
vehicle_cut_in,331,85,-1,5,0.5592765985056758,0.0
vehicle_cut_in,332,85,-1,5,0.5563270067796111,0.0
vehicle_cut_in,333,85,-1,5,0.5595688009634614,0.0
vehicle_cut_in,334,85,-1,5,0.5437921965494752,0.0
vehicle_cut_in,335,85,-1,5,0.5523809930309653,0.0
vehicle_cut_in,336,85,-1,5,0.5489266011863947,0.0
vehicle_cut_in,337,85,-1,5,0.5649504018947482,0.0
vehicle_cut_in,338,85,-1,5,0.5518910009413958,0.0
vehicle_cut_in,339,85,-1,5,0.556312408298254,0.0
vehicle_cut_in,340,85,-1,5,0.5596485920250416,0.0
vehicle_cut_in,341,85,-1,5,0.5499882157891989,0.0
vehicle_cut_in,342,85,35,5,0.552168395370245,0.0
vehicle_cut_in,343,85,-1,5,0.5532227922230959,0.0
vehicle_cut_in,344,85,-1,5,0.550125795416534,0.0
vehicle_cut_in,345,85,-1,5,0.5549286026507616,0.0
vehicle_cut_in,346,85,-1,5,0.5483275977894664,0.0
vehicle_cut_in,347,85,-1,5,0.5525785963982344,0.0
vehicle_cut_in,348,85,-1,5,0.5492866039276123,0.0
vehicle_cut_in,349,85,-1,5,0.5571931833401322,0.0
vehicle_cut_in,350,85,-1,5,0.5518576130270958,0.0
vehicle_cut_in,351,85,-1,5,0.5593745969235897,0.0
vehicle_cut_in,352,85,-1,5,0.5619823932647705,0.0
vehicle_cut_in,353,85,-1,5,0.5494199926033616,0.0
vehicle_cut_in,354,85,-1,5,0.5588969914242625,0.0
vehicle_cut_in,355,85,-1,5,0.5572505993768573,0.0
vehicle_cut_in,356,85,-1,5,0.5516688106581569,0.0
vehicle_cut_in,357,85,-1,5,0.5512058036401868,0.0
vehicle_cut_in,358,85,-1,5,0.5535467993468046,0.0
vehicle_cut_in,359,85,-1,5,0.5474499892443419,0.0
vehicle_cut_in,360,85,-1,5,0.5548328161239624,0.0
vehicle_cut_in,361,85,-1,5,0.5536088021472096,0.0
vehicle_cut_in,362,85,-1,5,0.5461020162329078,0.0
vehicle_cut_in,363,85,-1,5,0.5516183795407414,0.0
vehicle_cut_in,364,85,-1,5,0.5537246121093631,0.0
vehicle_cut_in,365,85,-1,5,0.5518540041521192,0.0
vehicle_cut_in,366,85,-1,5,0.5793625954538584,0.0
vehicle_cut_in,367,85,-1,5,0.5805856082588434,0.0
vehicle_cut_in,368,85,-1,5,0.5694097839295864,0.0
vehicle_cut_in,369,85,-1,5,0.5480271996930242,0.0
vehicle_cut_in,370,85,-1,5,0.5870789987966418,0.0
vehicle_cut_in,371,85,-1,5,0.6021901965141296,0.0
vehicle_cut_in,372,85,-1,5,0.5572474095970392,0.0
vehicle_cut_in,373,85,-1,5,0.5606102058663964,0.0
vehicle_cut_in,374,85,-1,5,0.5753432167693973,0.0
vehicle_cut_in,375,85,-1,5,0.5636113928630948,0.0
vehicle_cut_in,376,85,-1,5,0.5625894060358405,0.0
vehicle_cut_in,377,85,-1,5,0.5536491982638836,0.0
vehicle_cut_in,378,85,-1,5,0.5871757864952087,0.0
vehicle_cut_in,379,85,-1,5,0.5697058048099279,0.0
vehicle_cut_in,380,85,-1,5,0.5742175970226526,0.0
vehicle_cut_in,381,85,-1,5,0.5586863961070776,0.0
vehicle_cut_in,382,85,-1,5,0.5572074092924595,0.0
vehicle_cut_in,383,85,-1,5,0.5563708022236824,0.0
vehicle_cut_in,384,85,-1,5,0.5571424029767513,0.0
vehicle_cut_in,385,85,-1,5,0.5544563988223672,0.0
vehicle_cut_in,386,85,-1,5,0.5609116051346064,0.0
vehicle_cut_in,387,85,-1,5,0.5582633893936872,0.0
vehicle_cut_in,388,85,-1,5,0.5596667993813753,0.0
vehicle_cut_in,389,85,-1,5,0.557092810049653,0.0
vehicle_cut_in,390,85,-1,5,0.5551313981413841,0.0
vehicle_cut_in,391,85,-1,5,0.5606263875961304,0.0
vehicle_cut_in,392,85,-1,5,0.5605648038908839,0.0
vehicle_cut_in,393,85,-1,5,0.557988602668047,0.0
vehicle_cut_in,394,85,-1,5,0.5849336041137576,0.0
vehicle_cut_in,395,85,-1,5,0.5586989922448993,0.0
vehicle_cut_in,396,85,-1,5,0.5563830025494099,0.0
vehicle_cut_in,397,85,-1,5,0.5770643940195441,0.0
vehicle_cut_in,398,85,-1,5,0.5536568118259311,0.0
vehicle_cut_in,399,85,-1,5,0.5612608045339584,0.0
vehicle_cut_in,400,85,36,5,0.5571879912167788,0.0
vehicle_cut_in,401,85,-1,5,0.5586748011410236,0.0
vehicle_cut_in,402,85,-1,5,0.5543449893593788,0.0
vehicle_cut_in,403,85,-1,5,0.5520008038729429,0.0
vehicle_cut_in,404,85,-1,5,0.5581142148002982,0.0
vehicle_cut_in,405,85,-1,5,0.5515153985470533,0.0
vehicle_cut_in,406,85,-1,5,0.5606706021353602,0.0
vehicle_cut_in,407,85,-1,5,0.549639412201941,0.0
vehicle_cut_in,408,85,-1,5,0.5520893959328532,0.0
vehicle_cut_in,409,85,-1,5,0.5542665952816606,0.0
vehicle_cut_in,410,85,-1,5,0.5479673855006695,0.0
vehicle_cut_in,411,85,-1,5,0.5475328071042895,0.0
vehicle_cut_in,412,85,-1,5,0.5494764074683189,0.0
vehicle_cut_in,413,85,-1,5,0.5564303835853934,0.0
vehicle_cut_in,414,85,-1,5,0.5484757944941521,0.0
vehicle_cut_in,415,85,-1,5,0.562324607744813,0.0
vehicle_cut_in,416,85,-1,5,0.5569651955738664,0.0
vehicle_cut_in,417,85,-1,5,0.5549086024984717,0.0
vehicle_cut_in,418,85,-1,5,0.5539095960557461,0.0
vehicle_cut_in,419,85,-1,5,0.558784999884665,0.0
vehicle_cut_in,420,85,65,5,0.5694526014849544,0.0
vehicle_cut_in,421,85,-1,5,0.5625339923426509,0.0
vehicle_cut_in,422,85,-1,5,0.5573750007897615,0.0
vehicle_cut_in,423,85,-1,5,0.5561155965551734,0.0
vehicle_cut_in,424,85,-1,5,0.5653160158544779,0.0
vehicle_cut_in,425,85,-1,5,0.5535298027098179,0.0
vehicle_cut_in,426,85,-1,5,0.5540289916098118,0.0
vehicle_cut_in,427,85,34,5,0.5640418035909534,0.0
vehicle_cut_in,428,85,-1,5,0.5550115834921598,0.0
vehicle_cut_in,429,85,51,5,0.55871841032058,0.0
vehicle_cut_in,430,85,-1,5,0.5603916011750698,0.0
vehicle_cut_in,431,85,-1,5,0.5556751973927021,0.0
vehicle_cut_in,432,85,-1,5,0.5543716019019485,0.0
vehicle_cut_in,433,85,-1,5,0.5603086203336716,0.0
vehicle_cut_in,434,85,-1,5,0.5534410011023283,0.0
vehicle_cut_in,435,85,-1,5,0.5538224009796977,0.0
vehicle_cut_in,436,85,-1,5,0.5527432076632977,0.0
vehicle_cut_in,437,85,-1,5,0.5551375914365053,0.0
vehicle_cut_in,438,85,-1,5,0.5556808086112142,0.0
vehicle_cut_in,439,85,-1,5,0.5581123987212777,0.0
vehicle_cut_in,440,85,-1,5,0.5710724042728543,0.0
vehicle_cut_in,441,85,-1,5,0.5577512085437775,0.0
vehicle_cut_in,442,85,-1,5,0.5494837881997228,0.0
vehicle_cut_in,443,85,-1,5,0.5601383978500962,0.0
vehicle_cut_in,444,85,-1,5,0.5784387933090329,0.0
vehicle_cut_in,445,85,-1,5,0.5885194055736065,0.0
vehicle_cut_in,446,85,-1,5,0.5688566016033292,0.0
vehicle_cut_in,447,85,-1,5,0.569330807775259,0.0
vehicle_cut_in,448,85,-1,5,0.5556044168770313,0.0
vehicle_cut_in,449,85,-1,5,0.5574113922193646,0.0
vehicle_cut_in,450,85,-1,5,0.5580362165346742,0.0
vehicle_cut_in,451,85,-1,5,0.5571879912167788,0.0
vehicle_cut_in,452,85,-1,5,0.5550289992243052,0.0
vehicle_cut_in,453,85,-1,5,0.5569738103076816,0.0
vehicle_cut_in,454,85,-1,5,0.5757409846410155,0.0
vehicle_cut_in,455,85,-1,5,0.5528027890250087,0.0
vehicle_cut_in,456,85,40,5,0.5617829971015453,0.0
vehicle_cut_in,457,85,-1,5,0.5580933997407556,0.0
vehicle_cut_in,458,85,-1,5,0.5525009939447045,0.0
vehicle_cut_in,459,85,-1,5,0.5533426068723202,0.0
vehicle_cut_in,460,85,-1,5,0.5523101892322302,0.0
vehicle_cut_in,461,85,-1,5,0.5579156102612615,0.0
vehicle_cut_in,462,85,-1,5,0.5485201952978969,0.0
vehicle_cut_in,463,85,48,5,0.5579639924690127,0.0
vehicle_cut_in,464,85,-1,5,0.553501583635807,0.0
vehicle_cut_in,465,85,-1,5,0.5590650020167232,0.0
vehicle_cut_in,466,85,-1,5,0.5578076001256704,0.0
vehicle_cut_in,467,85,-1,5,0.5529926158487797,0.0
vehicle_cut_in,468,85,-1,5,0.5556385964155197,0.0
vehicle_cut_in,469,85,-1,5,0.5527545930817723,0.0
vehicle_cut_in,470,85,-1,5,0.5547218024730682,0.0
vehicle_cut_in,471,85,-1,5,0.5547123961150646,0.0
vehicle_cut_in,472,85,-1,5,0.5589517997577786,0.0
vehicle_cut_in,473,85,-1,5,0.5515499971807003,0.0
vehicle_cut_in,474,85,-1,5,0.5478349979966879,0.0
vehicle_cut_in,475,85,36,5,0.555022805929184,0.0
vehicle_cut_in,476,85,-1,5,0.5521797807887197,0.0
vehicle_cut_in,477,85,-1,5,0.5463500041514635,0.0
vehicle_cut_in,478,85,-1,5,0.5623050034046173,0.0
vehicle_cut_in,479,85,42,5,0.5610071821138263,0.0
vehicle_cut_in,480,85,-1,5,0.5548220127820969,0.0
vehicle_cut_in,481,85,-1,5,0.5539136007428169,0.0
vehicle_cut_in,482,85,-1,5,0.5520513979718089,0.0
vehicle_cut_in,483,85,-1,5,0.5631390027701855,0.0
vehicle_cut_in,484,85,-1,5,0.5543906008824706,0.0
vehicle_cut_in,485,85,-1,5,0.5551869980990887,0.0
vehicle_cut_in,486,85,-1,5,0.5536188138648868,0.0
vehicle_cut_in,487,85,-1,5,0.5536768119782209,0.0
vehicle_cut_in,488,85,-1,5,0.5531145958229899,0.0
vehicle_cut_in,489,85,-1,5,0.5625938065350056,0.0
vehicle_cut_in,490,85,-1,5,0.5526802036911249,0.0
vehicle_cut_in,491,85,-1,5,0.5503155989572406,0.0
vehicle_cut_in,492,85,-1,5,0.5573809845373034,0.0
vehicle_cut_in,493,85,-1,5,0.5527426023036242,0.0
vehicle_cut_in,494,85,-1,5,0.5497210193425417,0.0
vehicle_cut_in,495,85,-1,5,0.5668119993060827,0.0
vehicle_cut_in,496,85,-1,5,0.5663826130330563,0.0
vehicle_cut_in,497,85,-1,5,0.558773591183126,0.0
vehicle_cut_in,498,85,-1,5,0.5544102052226663,0.0
vehicle_cut_in,499,85,-1,5,0.554935191757977,0.0
parked_and_oncoming,0,97,-1,5,0.8872370002791286,0.0
parked_and_oncoming,1,97,-1,5,0.8897514082491398,0.0
parked_and_oncoming,2,97,-1,5,0.8428436005488038,0.0
parked_and_oncoming,3,97,-1,5,0.9909956017509103,0.0
parked_and_oncoming,4,97,-1,5,0.9088573977351189,0.0
parked_and_oncoming,5,97,-1,5,0.8481993805617094,0.0
parked_and_oncoming,6,97,-1,5,0.9756485931575298,0.0
parked_and_oncoming,7,97,41,5,0.7065280107781291,0.0
parked_and_oncoming,8,97,-1,5,0.8262028219178319,0.0
parked_and_oncoming,9,97,-1,5,0.9814666118472815,0.0
parked_and_oncoming,10,97,-1,5,0.8809196064248681,0.0
parked_and_oncoming,11,97,-1,5,1.028314814902842,0.0
parked_and_oncoming,12,97,-1,5,1.0738085955381393,0.0
parked_and_oncoming,13,97,-1,5,1.033171801827848,0.0
parked_and_oncoming,14,97,-1,5,0.9757967898622155,0.0
parked_and_oncoming,15,97,-1,5,0.8487510029226542,0.0
parked_and_oncoming,16,97,-1,5,0.9101194096729159,0.0
parked_and_oncoming,17,97,-1,5,0.9445091942325234,0.0
parked_and_oncoming,18,97,-1,5,0.8997220080345869,0.0
parked_and_oncoming,19,97,-1,5,0.8884534006938338,0.0
parked_and_oncoming,20,97,-1,5,0.8808854036033154,0.0
parked_and_oncoming,21,97,-1,5,0.8279875852167606,0.0
parked_and_oncoming,22,97,-1,5,0.8830004138872027,0.0
parked_and_oncoming,23,97,-1,5,0.7652787957340479,0.0
parked_and_oncoming,24,97,-1,5,0.9683114010840654,0.0
parked_and_oncoming,25,97,-1,5,0.9002160048112273,0.0
parked_and_oncoming,26,97,-1,5,0.8870891993865371,0.0
parked_and_oncoming,27,97,-1,5,0.8895052131265402,0.0
parked_and_oncoming,28,97,-1,5,1.0052402038127184,0.0
parked_and_oncoming,29,97,-1,5,1.0730749927461147,0.0
parked_and_oncoming,30,97,-1,5,0.887468783184886,0.0
parked_and_oncoming,31,97,-1,5,1.074705203063786,0.0
parked_and_oncoming,32,97,-1,5,0.8661908097565174,0.0
parked_and_oncoming,33,97,-1,5,0.8531120140105486,0.0
parked_and_oncoming,34,97,-1,5,0.8624101988971233,0.0
parked_and_oncoming,35,97,-1,5,0.8695312077179551,0.0
parked_and_oncoming,36,97,-1,5,0.8950842078775167,0.0
parked_and_oncoming,37,97,-1,5,0.7804399821907282,0.0
parked_and_oncoming,38,97,-1,5,1.0031128069385886,0.0
parked_and_oncoming,39,97,-1,5,0.9130391990765929,0.0
parked_and_oncoming,40,97,-1,5,1.1536556063219905,0.0
parked_and_oncoming,41,97,-1,5,0.878605805337429,0.0
parked_and_oncoming,42,97,-1,5,0.89276940561831,0.0
parked_and_oncoming,43,97,-1,5,1.145959203131497,0.0
parked_and_oncoming,44,97,-1,5,0.8577452041208744,0.0
parked_and_oncoming,45,97,-1,5,0.853666802868247,0.0
parked_and_oncoming,46,97,-1,5,0.8966783992946148,0.0
parked_and_oncoming,47,97,-1,5,0.7915350142866373,0.0
parked_and_oncoming,48,97,-1,5,1.0384778026491404,0.0
parked_and_oncoming,49,97,-1,5,0.9056600043550134,0.0
parked_and_oncoming,50,97,-1,5,0.8809865918010473,0.0
parked_and_oncoming,51,97,-1,5,1.0440407786518335,0.0
parked_and_oncoming,52,97,-1,5,0.8653563912957907,0.0
parked_and_oncoming,53,97,-1,5,1.031983201391995,0.0
parked_and_oncoming,54,97,-1,5,0.8762513985857368,0.0
parked_and_oncoming,55,97,-1,5,0.9794211946427822,0.0
parked_and_oncoming,56,97,-1,5,0.8483321871608496,0.0
parked_and_oncoming,57,97,-1,5,0.9010022040456533,0.0
parked_and_oncoming,58,97,-1,5,0.8714846102520823,0.0
parked_and_oncoming,59,97,-1,5,0.86579998023808,0.0
parked_and_oncoming,60,97,-1,5,0.9012531954795122,0.0
parked_and_oncoming,61,97,-1,5,0.8804416051134467,0.0
parked_and_oncoming,62,97,-1,5,0.8912842022255063,0.0
parked_and_oncoming,63,97,-1,5,0.8820771938189864,0.0
parked_and_oncoming,64,97,-1,5,1.026429794728756,0.0
parked_and_oncoming,65,97,-1,5,0.9101493982598186,0.0
parked_and_oncoming,66,97,-1,5,0.8889246033504605,0.0
parked_and_oncoming,67,97,-1,5,0.8514624089002609,0.0
parked_and_oncoming,68,97,-1,5,0.9738252032548189,0.0
parked_and_oncoming,69,97,-1,5,0.8728143991902471,0.0
parked_and_oncoming,70,97,-1,5,0.8446508087217808,0.0
parked_and_oncoming,71,97,-1,5,0.8643548004329205,0.0
parked_and_oncoming,72,97,-1,5,1.0997858131304383,0.0
parked_and_oncoming,73,97,-1,5,0.8838139940053225,0.0
parked_and_oncoming,74,97,-1,5,0.8746775798499584,0.0
parked_and_oncoming,75,97,-1,5,0.9117210051044822,0.0
parked_and_oncoming,76,97,-1,5,0.8700018050149083,0.0
parked_and_oncoming,77,97,-1,5,0.9019464021548629,0.0
parked_and_oncoming,78,97,-1,5,0.7797937840223312,0.0
parked_and_oncoming,79,97,-1,5,0.8677754085510969,0.0
parked_and_oncoming,80,97,-1,5,0.8922510081902146,0.0
parked_and_oncoming,81,97,-1,5,1.0360484011471272,0.0
parked_and_oncoming,82,97,-1,5,0.7686631986871362,0.0
parked_and_oncoming,83,97,-1,5,0.8858585963025689,0.0
parked_and_oncoming,84,97,-1,5,0.8918361971154809,0.0
parked_and_oncoming,85,97,-1,5,0.7620597956702113,0.0
parked_and_oncoming,86,97,-1,5,0.875778985209763,0.0
parked_and_oncoming,87,97,-1,5,1.0221373988315463,0.0
parked_and_oncoming,88,97,-1,5,0.9933196008205414,0.0
parked_and_oncoming,89,97,-1,5,0.9070460218936205,0.0
parked_and_oncoming,90,97,-1,5,0.8667954010888934,0.0
parked_and_oncoming,91,97,-1,5,0.8801749907433987,0.0
parked_and_oncoming,92,97,-1,5,0.9280374040827155,0.0
parked_and_oncoming,93,97,-1,5,0.9184304159134626,0.0
parked_and_oncoming,94,97,-1,5,0.9685016004368663,0.0
parked_and_oncoming,95,97,-1,5,0.9068141924217343,0.0
parked_and_oncoming,96,97,-1,5,0.8561372058466077,0.0
parked_and_oncoming,97,97,-1,5,0.939391809515655,0.0
parked_and_oncoming,98,97,-1,5,0.8525751996785402,0.0
parked_and_oncoming,99,97,-1,5,0.8504088036715984,0.0
parked_and_oncoming,100,97,-1,5,0.9122296003624797,0.0
parked_and_oncoming,101,97,-1,5,0.8772813947871327,0.0
parked_and_oncoming,102,97,-1,5,0.9275458054617047,0.0
parked_and_oncoming,103,97,-1,5,1.0358968051150441,0.0
parked_and_oncoming,104,97,42,5,0.7235514000058174,0.0
parked_and_oncoming,105,97,-1,5,0.9373303968459368,0.0
parked_and_oncoming,106,97,-1,5,0.9153829887509346,0.0
parked_and_oncoming,107,97,-1,5,0.869906204752624,0.0
parked_and_oncoming,108,97,-1,5,0.9096579859033227,0.0
parked_and_oncoming,109,97,-1,5,0.9327261941507459,0.0
parked_and_oncoming,110,97,-1,5,0.9169047931209207,0.0
parked_and_oncoming,111,97,-1,5,0.8856931934133172,0.0
parked_and_oncoming,112,97,-1,5,0.7819727994501591,0.0
parked_and_oncoming,113,97,-1,5,0.8630937896668911,0.0
parked_and_oncoming,114,97,-1,5,0.8831552229821682,0.0
parked_and_oncoming,115,97,-1,5,0.778695591725409,0.0
parked_and_oncoming,116,97,-1,5,0.8785054087638855,0.0
parked_and_oncoming,117,97,-1,5,0.8548757992684841,0.0
parked_and_oncoming,118,97,-1,5,0.8646707981824875,0.0
parked_and_oncoming,119,97,-1,5,0.8802616037428379,0.0
parked_and_oncoming,120,97,38,5,0.6700714118778706,0.0
parked_and_oncoming,121,97,-1,5,0.8675338001921773,0.0
parked_and_oncoming,122,97,-1,5,0.8647969923913479,0.0
parked_and_oncoming,123,97,-1,5,0.898398389108479,0.0
parked_and_oncoming,124,97,-1,5,0.8568332064896822,0.0
parked_and_oncoming,125,97,-1,5,0.7627556100487709,0.0
parked_and_oncoming,126,97,-1,5,0.9791099932044744,0.0
parked_and_oncoming,127,97,39,5,0.6907173898071051,0.0
parked_and_oncoming,128,97,-1,5,0.8682264015078545,0.0
parked_and_oncoming,129,97,-1,5,0.9085465921089053,0.0
parked_and_oncoming,130,97,-1,5,0.8506075944751501,0.0
parked_and_oncoming,131,97,-1,5,0.895178783684969,0.0
parked_and_oncoming,132,97,-1,5,0.8994732052087784,0.0
parked_and_oncoming,133,97,-1,5,0.9336689952760935,0.0
parked_and_oncoming,134,97,-1,5,0.9398255962878466,0.0
parked_and_oncoming,135,97,-1,5,1.002896809950471,0.0
parked_and_oncoming,136,97,-1,5,1.427109190262854,0.0
parked_and_oncoming,137,97,-1,5,0.8551532169803977,0.0
parked_and_oncoming,138,97,-1,5,0.8889161981642246,0.0
parked_and_oncoming,139,97,-1,5,0.9001919999718666,0.0
parked_and_oncoming,140,97,-1,5,0.981278601102531,0.0
parked_and_oncoming,141,97,-1,5,0.8452654117718339,0.0
parked_and_oncoming,142,97,-1,5,1.0384747991338372,0.0
parked_and_oncoming,143,97,-1,5,0.8353058015927672,0.0
parked_and_oncoming,144,97,-1,5,0.8758565876632929,0.0
parked_and_oncoming,145,97,-1,5,1.0226191952824593,0.0
parked_and_oncoming,146,97,-1,5,0.8772731991484761,0.0
parked_and_oncoming,147,97,-1,5,0.873499596491456,0.0
parked_and_oncoming,148,97,-1,5,0.885324995033443,0.0
parked_and_oncoming,149,97,-1,5,0.8463135920464993,0.0
parked_and_oncoming,150,97,-1,5,0.8970538154244423,0.0
parked_and_oncoming,151,97,-1,5,0.8978292113170028,0.0
parked_and_oncoming,152,97,40,5,0.7072123931720853,0.0
parked_and_oncoming,153,97,-1,5,0.8574765874072909,0.0
parked_and_oncoming,154,97,-1,5,0.9300541831180453,0.0
parked_and_oncoming,155,97,-1,5,0.90309779625386,0.0
parked_and_oncoming,156,97,-1,5,0.8856222033500671,0.0
parked_and_oncoming,157,97,-1,5,1.2039551977068186,0.0
parked_and_oncoming,158,97,-1,5,0.9188804076984525,0.0
parked_and_oncoming,159,97,-1,5,0.8693775860592723,0.0
parked_and_oncoming,160,97,-1,5,0.9053844027221203,0.0
parked_and_oncoming,161,97,-1,5,0.8695553988218307,0.0
parked_and_oncoming,162,97,-1,5,1.0355912148952484,0.0
parked_and_oncoming,163,97,-1,5,0.8970533963292837,0.0
parked_and_oncoming,164,97,45,5,0.6980253849178553,0.0
parked_and_oncoming,165,97,-1,5,1.0551938088610768,0.0
parked_and_oncoming,166,97,-1,5,1.0074374033138156,0.0
parked_and_oncoming,167,97,-1,5,0.8718980010598898,0.0
parked_and_oncoming,168,97,-1,5,0.8488741936162114,0.0
parked_and_oncoming,169,97,-1,5,0.8721152087673545,0.0
parked_and_oncoming,170,97,-1,5,1.0493796085938811,0.0
parked_and_oncoming,171,97,-1,5,1.0109071852639318,0.0
parked_and_oncoming,172,97,-1,5,0.8547303965315223,0.0
parked_and_oncoming,173,97,-1,5,0.8904848014935851,0.0
parked_and_oncoming,174,97,-1,5,0.8494826033711433,0.0
parked_and_oncoming,175,97,-1,5,0.9002225939184427,0.0
parked_and_oncoming,176,97,-1,5,1.0841498151421547,0.0
parked_and_oncoming,177,97,-1,5,1.0009995894506574,0.0
parked_and_oncoming,178,97,-1,5,0.7679298054426908,0.0
parked_and_oncoming,179,97,-1,5,0.8921497967094183,0.0
parked_and_oncoming,180,97,-1,5,0.8608239935711026,0.0
parked_and_oncoming,181,97,-1,5,0.8888554060831666,0.0
parked_and_oncoming,182,97,-1,5,0.9740289999172091,0.0
parked_and_oncoming,183,97,-1,5,0.8364076027646661,0.0
parked_and_oncoming,184,97,-1,5,0.8780586067587137,0.0
parked_and_oncoming,185,97,-1,5,0.858846795745194,0.0
parked_and_oncoming,186,97,-1,5,0.7801380008459091,0.0
parked_and_oncoming,187,97,39,5,0.7004491984844208,0.0
parked_and_oncoming,188,97,-1,5,0.8179123979061842,0.0
parked_and_oncoming,189,97,-1,5,0.866432604379952,0.0
parked_and_oncoming,190,97,-1,5,0.9838622063398361,0.0
parked_and_oncoming,191,97,-1,5,0.7784559857100248,0.0
parked_and_oncoming,192,97,-1,5,0.9009257890284061,0.0
parked_and_oncoming,193,97,-1,5,1.0488220024853945,0.0
parked_and_oncoming,194,97,-1,5,0.8890520082786679,0.0
parked_and_oncoming,195,97,-1,5,0.8896957850083709,0.0
parked_and_oncoming,196,97,-1,5,0.8580887923017144,0.0
parked_and_oncoming,197,97,-1,5,0.7641324074938893,0.0
parked_and_oncoming,198,97,-1,5,0.7585781859233975,0.0
parked_and_oncoming,199,97,-1,5,0.8870820049196482,0.0
parked_and_oncoming,200,97,-1,5,0.8785262005403638,0.0
parked_and_oncoming,201,97,-1,5,0.7523272186517715,0.0
parked_and_oncoming,202,97,-1,5,0.8519429946318269,0.0
parked_and_oncoming,203,97,-1,5,0.8663336047902703,0.0
parked_and_oncoming,204,97,-1,5,1.0631266050040722,0.0
parked_and_oncoming,205,97,-1,5,0.8435586001724005,0.0
parked_and_oncoming,206,97,-1,5,0.8926967857405543,0.0
parked_and_oncoming,207,97,-1,5,0.8878696011379361,0.0
parked_and_oncoming,208,97,-1,5,0.8928010007366538,0.0
parked_and_oncoming,209,97,-1,5,0.7780250161886215,0.0
parked_and_oncoming,210,97,-1,5,0.8948266040533781,0.0
parked_and_oncoming,211,97,-1,5,0.7868911838158965,0.0
parked_and_oncoming,212,97,-1,5,0.8907279931008816,0.0
parked_and_oncoming,213,97,-1,5,0.8979218080639839,0.0
parked_and_oncoming,214,97,-1,5,0.8849750040099025,0.0
parked_and_oncoming,215,97,-1,5,0.8706745924428105,0.0
parked_and_oncoming,216,97,-1,5,0.8584984112530947,0.0
parked_and_oncoming,217,97,-1,5,0.8722425904124975,0.0
parked_and_oncoming,218,97,-1,5,0.8879587985575199,0.0
parked_and_oncoming,219,97,-1,5,0.8877523941919208,0.0
parked_and_oncoming,220,97,-1,5,1.1273773852735758,0.0
parked_and_oncoming,221,97,-1,5,0.9069486055523157,0.0
parked_and_oncoming,222,97,-1,5,0.8622230030596256,0.0
parked_and_oncoming,223,97,-1,5,0.9961616015061736,0.0
parked_and_oncoming,224,97,-1,5,0.8417333941906691,0.0
parked_and_oncoming,225,97,-1,5,0.8501743897795677,0.0
parked_and_oncoming,226,97,-1,5,0.8905340218916535,0.0
parked_and_oncoming,227,97,-1,5,0.7877164054661989,0.0
parked_and_oncoming,228,97,-1,5,0.8560953894630075,0.0
parked_and_oncoming,229,97,-1,5,0.8743582060560584,0.0
parked_and_oncoming,230,97,-1,5,0.8870224002748728,0.0
parked_and_oncoming,231,97,-1,5,1.025844202376902,0.0
parked_and_oncoming,232,97,-1,5,0.884668598882854,0.0
parked_and_oncoming,233,97,-1,5,0.8454531896859407,0.0
parked_and_oncoming,234,97,-1,5,1.0000446112826467,0.0
parked_and_oncoming,235,97,-1,5,0.9027316002175212,0.0
parked_and_oncoming,236,97,-1,5,0.8685834007337689,0.0
parked_and_oncoming,237,97,-1,5,0.7237336132675409,0.0
parked_and_oncoming,238,97,-1,5,0.8998116012662649,0.0
parked_and_oncoming,239,97,-1,5,0.7945326156914234,0.0
parked_and_oncoming,240,97,-1,5,1.03862879332155,0.0
parked_and_oncoming,241,97,-1,5,0.8854623883962631,0.0
parked_and_oncoming,242,97,-1,5,0.9215743979439139,0.0
parked_and_oncoming,243,97,-1,5,0.8438610006123781,0.0
parked_and_oncoming,244,97,-1,5,0.7814154028892517,0.0
parked_and_oncoming,245,97,-1,5,1.003249385394156,0.0
parked_and_oncoming,246,97,-1,5,0.7501109968870878,0.0
parked_and_oncoming,247,97,-1,5,0.8930230047553778,0.0
parked_and_oncoming,248,97,-1,5,0.8719406090676785,0.0
parked_and_oncoming,249,97,-1,5,0.9112534113228321,0.0
parked_and_oncoming,250,97,-1,5,0.7975598098710179,0.0
parked_and_oncoming,251,97,-1,5,0.9722392074763775,0.0
parked_and_oncoming,252,97,-1,5,0.8983837906271219,0.0
parked_and_oncoming,253,97,-1,5,0.9044519858434796,0.0
parked_and_oncoming,254,97,-1,5,0.9024427970871329,0.0
parked_and_oncoming,255,97,-1,5,0.8718369994312525,0.0
parked_and_oncoming,256,97,-1,5,0.8725063875317574,0.0
parked_and_oncoming,257,97,-1,5,1.0651936056092381,0.0
parked_and_oncoming,258,97,-1,5,3.6847111769020557,0.0
parked_and_oncoming,259,97,-1,5,1.1045161867514253,0.0
parked_and_oncoming,260,97,-1,5,0.8555487962439656,0.0
parked_and_oncoming,261,97,-1,5,0.8702078135684133,0.0
parked_and_oncoming,262,97,-1,5,0.8933109929785132,0.0
parked_and_oncoming,263,97,-1,5,0.8489243919029832,0.0
parked_and_oncoming,264,97,-1,5,0.9536880068480968,0.0
parked_and_oncoming,265,97,-1,5,0.8310670033097267,0.0
parked_and_oncoming,266,97,-1,5,0.9960558032616973,0.0
parked_and_oncoming,267,97,-1,5,1.0301359929144382,0.0
parked_and_oncoming,268,97,-1,5,0.9949008002877235,0.0
parked_and_oncoming,269,97,-1,5,0.8921828120946884,0.0
parked_and_oncoming,270,97,-1,5,1.0104988003149629,0.0
parked_and_oncoming,271,97,-1,5,0.8838334120810032,0.0
parked_and_oncoming,272,97,-1,5,0.860834214836359,0.0
parked_and_oncoming,273,97,-1,5,0.9093519998714328,0.0
parked_and_oncoming,274,97,-1,5,0.9059909963980317,0.0
parked_and_oncoming,275,97,-1,5,0.8790668100118637,0.0
parked_and_oncoming,276,97,-1,5,0.8526560151949525,0.0
parked_and_oncoming,277,97,-1,5,0.901929778046906,0.0
parked_and_oncoming,278,97,-1,5,1.1402850039303303,0.0
parked_and_oncoming,279,97,-1,5,0.8620267966762185,0.0
parked_and_oncoming,280,97,38,5,0.7018910022452474,0.0
parked_and_oncoming,281,97,-1,5,0.8918741950765252,0.0
parked_and_oncoming,282,97,-1,5,0.8550831815227866,0.0
parked_and_oncoming,283,97,-1,5,0.8697887882590294,0.0
parked_and_oncoming,284,97,-1,5,0.8174555841833353,0.0
parked_and_oncoming,285,97,-1,5,0.9630621876567602,0.0
parked_and_oncoming,286,97,-1,5,0.9859891841188073,0.0
parked_and_oncoming,287,97,-1,5,0.8625004207715392,0.0
parked_and_oncoming,288,97,-1,5,0.8480153977870941,0.0
parked_and_oncoming,289,97,-1,5,0.8191687986254692,0.0
parked_and_oncoming,290,97,-1,5,0.8226490113884211,0.0
parked_and_oncoming,291,97,-1,5,1.0309892008081079,0.0
parked_and_oncoming,292,97,-1,5,1.122132409363985,0.0
parked_and_oncoming,293,97,-1,5,0.9035422001034021,0.0
parked_and_oncoming,294,97,-1,5,0.9956524008885026,0.0
parked_and_oncoming,295,97,-1,5,0.9197033941745758,0.0
parked_and_oncoming,296,97,-1,5,0.7233679993078113,0.0
parked_and_oncoming,297,97,-1,5,0.8859642082825303,0.0
parked_and_oncoming,298,97,-1,5,0.8908810093998909,0.0
parked_and_oncoming,299,97,-1,5,1.011307816952467,0.0
parked_and_oncoming,300,97,-1,5,1.0955872014164925,0.0
parked_and_oncoming,301,97,-1,5,0.8948038099333644,0.0
parked_and_oncoming,302,97,-1,5,0.9535660035908222,0.0
parked_and_oncoming,303,97,-1,5,0.7630730047821999,0.0
parked_and_oncoming,304,97,-1,5,0.8863858180120587,0.0
parked_and_oncoming,305,97,-1,5,0.863726600073278,0.0
parked_and_oncoming,306,97,-1,5,1.038614404387772,0.0
parked_and_oncoming,307,97,-1,5,0.8993117837235332,0.0
parked_and_oncoming,308,97,-1,5,1.0222502052783966,0.0
parked_and_oncoming,309,97,-1,5,0.8909368189051747,0.0
parked_and_oncoming,310,97,-1,5,0.9017311967909336,0.0
parked_and_oncoming,311,97,-1,5,0.9166099829599261,0.0
parked_and_oncoming,312,97,-1,5,1.0219949996098876,0.0
parked_and_oncoming,313,97,-1,5,0.9611899964511395,0.0
parked_and_oncoming,314,97,-1,5,0.9076094022020698,0.0
parked_and_oncoming,315,97,-1,5,0.891150813549757,0.0
parked_and_oncoming,316,97,-1,5,1.0586933931335807,0.0
parked_and_oncoming,317,97,-1,5,0.8963793981820345,0.0
parked_and_oncoming,318,97,-1,5,1.043818797916174,0.0
parked_and_oncoming,319,97,-1,5,0.85277718026191,0.0
parked_and_oncoming,320,97,-1,5,1.0748182190582156,0.0
parked_and_oncoming,321,97,-1,5,0.869131414219737,0.0
parked_and_oncoming,322,97,-1,5,0.9039678145200014,0.0
parked_and_oncoming,323,97,41,5,0.7028041873127222,0.0
parked_and_oncoming,324,97,-1,5,0.8417892036959529,0.0
parked_and_oncoming,325,97,-1,5,0.8546920027583838,0.0
parked_and_oncoming,326,97,-1,5,1.0345622198656201,0.0
parked_and_oncoming,327,97,-1,5,1.008655596524477,0.0
parked_and_oncoming,328,97,-1,5,0.8869473822414875,0.0
parked_and_oncoming,329,97,-1,5,0.9759207954630256,0.0
parked_and_oncoming,330,97,-1,5,1.0159014025703073,0.0
parked_and_oncoming,331,97,-1,5,0.848387205041945,0.0
parked_and_oncoming,332,97,42,5,0.6939328042790294,0.0
parked_and_oncoming,333,97,39,5,0.6899546133354306,0.0
parked_and_oncoming,334,97,-1,5,0.8617432089522481,0.0
parked_and_oncoming,335,97,-1,5,0.8919003885239363,0.0
parked_and_oncoming,336,97,-1,5,1.0064824018627405,0.0
parked_and_oncoming,337,97,-1,5,0.8676974102854729,0.0
parked_and_oncoming,338,97,-1,5,1.003294182009995,0.0
parked_and_oncoming,339,97,-1,5,0.8976646000519395,0.0
parked_and_oncoming,340,97,-1,5,1.030483189970255,0.0
parked_and_oncoming,341,97,-1,5,0.8337706094607711,0.0
parked_and_oncoming,342,97,-1,5,0.8742691949009895,0.0
parked_and_oncoming,343,97,-1,5,0.8494866080582142,0.0
parked_and_oncoming,344,97,-1,5,0.8685522014275193,0.0
parked_and_oncoming,345,97,-1,5,0.8891582023352385,0.0
parked_and_oncoming,346,97,-1,5,1.0118768084794283,0.0
parked_and_oncoming,347,97,-1,5,0.936178001575172,0.0
parked_and_oncoming,348,97,-1,5,0.913978205062449,0.0
parked_and_oncoming,349,97,-1,5,0.8690142072737217,0.0
parked_and_oncoming,350,97,-1,5,0.8951433934271336,0.0
parked_and_oncoming,351,97,-1,5,0.9171647951006889,0.0
parked_and_oncoming,352,97,-1,5,0.8946520043537021,0.0
parked_and_oncoming,353,97,-1,5,0.9829497896134853,0.0
parked_and_oncoming,354,97,-1,5,0.8753533940762281,0.0
parked_and_oncoming,355,97,-1,5,0.91210778336972,0.0
parked_and_oncoming,356,97,-1,5,1.066601206548512,0.0
parked_and_oncoming,357,97,-1,5,0.8914883946999907,0.0
parked_and_oncoming,358,97,-1,5,1.0206706123426557,0.0
parked_and_oncoming,359,97,-1,5,0.8552510058507323,0.0
parked_and_oncoming,360,97,-1,5,0.8530158083885908,0.0
parked_and_oncoming,361,97,-1,5,0.8715245872735977,0.0
parked_and_oncoming,362,97,-1,5,0.8742420002818108,0.0
parked_and_oncoming,363,97,-1,5,0.8995245909318328,0.0
parked_and_oncoming,364,97,-1,5,0.8850198006257415,0.0
parked_and_oncoming,365,97,-1,5,0.8676555939018726,0.0
parked_and_oncoming,366,97,-1,5,1.0573087958618999,0.0
parked_and_oncoming,367,97,-1,5,0.9567497996613383,0.0
parked_and_oncoming,368,97,-1,5,0.8889885852113366,0.0
parked_and_oncoming,369,97,-1,5,0.908130407333374,0.0
parked_and_oncoming,370,97,-1,5,0.8515611989423633,0.0
parked_and_oncoming,371,97,-1,5,1.0591356083750725,0.0
parked_and_oncoming,372,97,-1,5,0.8943478111177683,0.0
parked_and_oncoming,373,97,-1,5,0.8815373992547393,0.0
parked_and_oncoming,374,97,-1,5,0.8532444015145302,0.0
parked_and_oncoming,375,97,-1,5,0.901865609921515,0.0
parked_and_oncoming,376,97,-1,5,0.7571838097646832,0.0
parked_and_oncoming,377,97,-1,5,1.134644984267652,0.0
parked_and_oncoming,378,97,-1,5,0.9008037857711315,0.0
parked_and_oncoming,379,97,-1,5,0.8736185962334275,0.0
parked_and_oncoming,380,97,-1,5,0.8060284191742539,0.0
parked_and_oncoming,381,97,-1,5,0.8660401916131377,0.0
parked_and_oncoming,382,97,-1,5,0.8509086212143302,0.0
parked_and_oncoming,383,97,-1,5,0.8671029936522245,0.0
parked_and_oncoming,384,97,-1,5,0.9049711981788278,0.0
parked_and_oncoming,385,97,-1,5,0.8958460064604878,0.0
parked_and_oncoming,386,97,-1,5,0.8808586047962308,0.0
parked_and_oncoming,387,97,-1,5,1.0843759868294,0.0
parked_and_oncoming,388,97,-1,5,0.8934875950217247,0.0
parked_and_oncoming,389,97,-1,5,0.9113769978284836,0.0
parked_and_oncoming,390,97,-1,5,0.8915498154237866,0.0
parked_and_oncoming,391,97,-1,5,1.0011391947045922,0.0
parked_and_oncoming,392,97,-1,5,0.986002990975976,0.0
parked_and_oncoming,393,97,-1,5,0.7679292000830173,0.0
parked_and_oncoming,394,97,-1,5,0.8460311917588115,0.0
parked_and_oncoming,395,97,-1,5,0.8997923927381635,0.0
parked_and_oncoming,396,97,-1,5,0.8939489955082536,0.0
parked_and_oncoming,397,97,-1,5,0.8708970155566931,0.0
parked_and_oncoming,398,97,-1,5,0.8210669970139861,0.0
parked_and_oncoming,399,97,-1,5,0.8742892183363438,0.0
parked_and_oncoming,400,97,-1,5,0.7635233923792839,0.0
parked_and_oncoming,401,97,-1,5,0.8107620058581233,0.0
parked_and_oncoming,402,97,-1,5,0.8818541886284947,0.0
parked_and_oncoming,403,97,-1,5,0.8582571987062693,0.0
parked_and_oncoming,404,97,-1,5,0.8761812001466751,0.0
parked_and_oncoming,405,97,-1,5,1.0752949863672256,0.0
parked_and_oncoming,406,97,-1,5,0.8955563884228468,0.0
parked_and_oncoming,407,97,-1,5,0.8628485957160592,0.0
parked_and_oncoming,408,97,-1,5,0.8820060174912214,0.0
parked_and_oncoming,409,97,-1,5,0.9133673971518874,0.0
parked_and_oncoming,410,97,-1,5,0.8735070005059242,0.0
parked_and_oncoming,411,97,-1,5,1.127844792790711,0.0
parked_and_oncoming,412,97,-1,5,0.835380214266479,0.0
parked_and_oncoming,413,97,-1,5,0.851663202047348,0.0
parked_and_oncoming,414,97,-1,5,0.8469339925795794,0.0
parked_and_oncoming,415,97,-1,5,0.9181674104183912,0.0
parked_and_oncoming,416,97,-1,5,1.0003152070567012,0.0
parked_and_oncoming,417,97,-1,5,0.8279785979539156,0.0
parked_and_oncoming,418,97,-1,5,0.8744920138269663,0.0
parked_and_oncoming,419,97,-1,5,0.9623346151784062,0.0
parked_and_oncoming,420,97,-1,5,0.8544347947463393,0.0
parked_and_oncoming,421,97,-1,5,1.045495388098061,0.0
parked_and_oncoming,422,97,-1,5,0.851498800329864,0.0
parked_and_oncoming,423,97,-1,5,0.8937025908380747,0.0
parked_and_oncoming,424,97,-1,5,1.0009878082200885,0.0
parked_and_oncoming,425,97,-1,5,0.8721687830984592,0.0
parked_and_oncoming,426,97,-1,5,0.915539194829762,0.0
parked_and_oncoming,427,97,-1,5,0.8170164190232754,0.0
parked_and_oncoming,428,97,-1,5,0.8811528095975518,0.0
parked_and_oncoming,429,97,-1,5,0.7725376170128584,0.0
parked_and_oncoming,430,97,-1,5,0.9053612127900124,0.0
parked_and_oncoming,431,97,-1,5,1.0755280032753944,0.0
parked_and_oncoming,432,97,-1,5,1.2960501946508884,0.0
parked_and_oncoming,433,97,39,5,0.703200395219028,0.0
parked_and_oncoming,434,97,-1,5,0.8953436044976115,0.0
parked_and_oncoming,435,97,-1,5,0.8880462031811476,0.0
parked_and_oncoming,436,97,-1,5,0.8997248020023108,0.0
parked_and_oncoming,437,97,-1,5,0.9790071984753013,0.0
parked_and_oncoming,438,97,-1,5,0.9060765849426389,0.0
parked_and_oncoming,439,97,-1,5,0.8397988043725491,0.0
parked_and_oncoming,440,97,-1,5,0.9083100128918886,0.0
parked_and_oncoming,441,97,-1,5,0.9831428062170744,0.0
parked_and_oncoming,442,97,-1,5,0.8452965877950191,0.0
parked_and_oncoming,443,97,-1,5,0.8945702109485865,0.0
parked_and_oncoming,444,97,-1,5,0.8782505989074707,0.0
parked_and_oncoming,445,97,40,5,0.6858722073957324,0.0
parked_and_oncoming,446,97,-1,5,0.91663699131459,0.0
parked_and_oncoming,447,97,-1,5,0.8754669921472669,0.0
parked_and_oncoming,448,97,-1,5,0.963566591963172,0.0
parked_and_oncoming,449,97,-1,5,0.8969268063083291,0.0
parked_and_oncoming,450,97,-1,5,0.8644985966384411,0.0
parked_and_oncoming,451,97,-1,5,0.9179231943562627,0.0
parked_and_oncoming,452,97,-1,5,0.7713343948125839,0.0
parked_and_oncoming,453,97,-1,5,1.0062213987112045,0.0
parked_and_oncoming,454,97,-1,5,0.8820216171443462,0.0
parked_and_oncoming,455,97,-1,5,0.766627793200314,0.0
parked_and_oncoming,456,97,-1,5,0.7867033826187253,0.0
parked_and_oncoming,457,97,-1,5,0.9486029855906963,0.0
parked_and_oncoming,458,97,-1,5,0.90995819773525,0.0
parked_and_oncoming,459,97,-1,5,0.9109710110351443,0.0
parked_and_oncoming,460,97,-1,5,0.8788008010014892,0.0
parked_and_oncoming,461,97,-1,5,0.8295492036268115,0.0
parked_and_oncoming,462,97,-1,5,0.9010775946080685,0.0
parked_and_oncoming,463,97,-1,5,0.8486388018354774,0.0
parked_and_oncoming,464,97,-1,5,0.8057396160438657,0.0
parked_and_oncoming,465,97,-1,5,0.890243798494339,0.0
parked_and_oncoming,466,97,-1,5,0.8806090103462338,0.0
parked_and_oncoming,467,97,-1,5,0.8766792016103864,0.0
parked_and_oncoming,468,97,-1,5,0.8296628016978502,0.0
parked_and_oncoming,469,97,-1,5,0.8932617958635092,0.0
parked_and_oncoming,470,97,-1,5,1.0831181891262531,0.0
parked_and_oncoming,471,97,-1,5,1.038182806223631,0.0
parked_and_oncoming,472,97,-1,5,0.8620060048997402,0.0
parked_and_oncoming,473,97,-1,5,0.8314277976751328,0.0
parked_and_oncoming,474,97,-1,5,0.8909157942980528,0.0
parked_and_oncoming,475,97,-1,5,0.8904464077204466,0.0
parked_and_oncoming,476,97,-1,5,0.8433904033154249,0.0
parked_and_oncoming,477,97,-1,5,0.8093367796391249,0.0
parked_and_oncoming,478,97,41,5,0.6951496005058289,0.0
parked_and_oncoming,479,97,-1,5,0.868140603415668,0.0
parked_and_oncoming,480,97,-1,5,0.8573218015953898,0.0
parked_and_oncoming,481,97,-1,5,0.8795086061581969,0.0
parked_and_oncoming,482,97,-1,5,0.8984944084659219,0.0
parked_and_oncoming,483,97,-1,5,0.8686309913173318,0.0
parked_and_oncoming,484,97,-1,5,0.8690746035426855,0.0
parked_and_oncoming,485,97,-1,5,0.8997170021757483,0.0
parked_and_oncoming,486,97,-1,5,0.8646057918667793,0.0
parked_and_oncoming,487,97,-1,5,1.0823223972693086,0.0
parked_and_oncoming,488,97,-1,5,1.076209219172597,0.0
parked_and_oncoming,489,97,-1,5,0.8509668055921793,0.0
parked_and_oncoming,490,97,-1,5,0.8479600073769689,0.0
parked_and_oncoming,491,97,40,5,0.6985512096434832,0.0
parked_and_oncoming,492,97,-1,5,1.0698739904910326,0.0
parked_and_oncoming,493,97,-1,5,1.0778161929920316,0.0
parked_and_oncoming,494,97,-1,5,0.8792479988187551,0.0
parked_and_oncoming,495,97,-1,5,0.8540600072592497,0.0
parked_and_oncoming,496,97,-1,5,0.8896676125004888,0.0
parked_and_oncoming,497,97,-1,5,0.8905635913833976,0.0
parked_and_oncoming,498,97,-1,5,0.9070598054677248,0.0
parked_and_oncoming,499,97,-1,5,1.019618404097855,0.0
narrow_multi_obstacle,0,81,-1,5,0.5393732106313109,0.0
narrow_multi_obstacle,1,81,24,5,0.5988810211420059,0.0
narrow_multi_obstacle,2,81,-1,5,0.5423483904451132,0.0
narrow_multi_obstacle,3,81,-1,5,1.0597287910059094,0.0
narrow_multi_obstacle,4,81,-1,5,0.8010271936655045,0.0
narrow_multi_obstacle,5,81,-1,5,0.7941646035760641,0.0
narrow_multi_obstacle,6,81,-1,5,0.9080866118893027,0.0
narrow_multi_obstacle,7,81,-1,5,0.766442995518446,0.0
narrow_multi_obstacle,8,81,24,5,0.6029817974194884,0.0
narrow_multi_obstacle,9,81,-1,5,1.2835150118917227,0.0
narrow_multi_obstacle,10,81,-1,5,0.6536483997479081,0.0
narrow_multi_obstacle,11,81,-1,5,0.5380832124501467,0.0
narrow_multi_obstacle,12,81,-1,5,0.5355444038286805,0.0
narrow_multi_obstacle,13,81,-1,5,1.1274894000962377,0.0
narrow_multi_obstacle,14,81,57,5,1.1992858024314046,0.0
narrow_multi_obstacle,15,81,-1,5,0.7925824029371142,0.0
narrow_multi_obstacle,16,81,-1,5,1.0267267934978008,0.0
narrow_multi_obstacle,17,81,40,5,0.8104459848254919,0.0
narrow_multi_obstacle,18,81,-1,5,1.2487561907619238,0.0
narrow_multi_obstacle,19,81,-1,5,0.5496619967743754,0.0
narrow_multi_obstacle,20,81,-1,5,0.8043976034969091,0.0
narrow_multi_obstacle,21,81,25,5,0.5957684013992548,0.0
narrow_multi_obstacle,22,81,40,5,0.8703110041096807,0.0
narrow_multi_obstacle,23,81,-1,5,0.9583844104781747,0.0
narrow_multi_obstacle,24,81,-1,5,0.5503484047949314,0.0
narrow_multi_obstacle,25,81,-1,5,0.8905058028176427,0.0
narrow_multi_obstacle,26,81,-1,5,0.7897693896666169,0.0
narrow_multi_obstacle,27,81,-1,5,1.1590457987040281,0.0
narrow_multi_obstacle,28,81,-1,5,1.1504389811307192,0.0
narrow_multi_obstacle,29,81,-1,5,0.5405022064223886,0.0
narrow_multi_obstacle,30,81,-1,5,0.538597209379077,0.0
narrow_multi_obstacle,31,81,39,5,0.809756200760603,0.0
narrow_multi_obstacle,32,81,-1,5,0.8019065950065851,0.0
narrow_multi_obstacle,33,81,23,5,0.549235986545682,0.0
narrow_multi_obstacle,34,81,-1,5,0.6875328021124005,0.0
narrow_multi_obstacle,35,81,26,5,0.6044893991202116,0.0
narrow_multi_obstacle,36,81,-1,5,0.7680401904508471,0.0
narrow_multi_obstacle,37,81,-1,5,0.7108346093446016,0.0
narrow_multi_obstacle,38,81,-1,5,0.533013790845871,0.0
narrow_multi_obstacle,39,81,-1,5,1.210944401100278,0.0
narrow_multi_obstacle,40,81,-1,5,1.3629283988848329,0.0
narrow_multi_obstacle,41,81,-1,5,0.5372420186176896,0.0
narrow_multi_obstacle,42,81,24,5,0.5994247971102595,0.0
narrow_multi_obstacle,43,81,26,5,0.5972956074401736,0.0
narrow_multi_obstacle,44,81,-1,5,0.532918400131166,0.0
narrow_multi_obstacle,45,81,-1,5,0.5503732012584805,0.0
narrow_multi_obstacle,46,81,-1,5,0.9027825901284814,0.0
narrow_multi_obstacle,47,81,23,5,0.541861797682941,0.0
narrow_multi_obstacle,48,81,-1,5,0.5414563929662108,0.0
narrow_multi_obstacle,49,81,-1,5,0.5460623884573579,0.0
narrow_multi_obstacle,50,81,-1,5,0.8204141864553094,0.0
narrow_multi_obstacle,51,81,24,5,0.6020792061462998,0.0
narrow_multi_obstacle,52,81,-1,5,0.6861335830762982,0.0
narrow_multi_obstacle,53,81,-1,5,1.085606194101274,0.0
narrow_multi_obstacle,54,81,-1,5,0.5348713835701346,0.0
narrow_multi_obstacle,55,81,41,5,0.6587801966816187,0.0
narrow_multi_obstacle,56,81,-1,5,0.8779844036325812,0.0
narrow_multi_obstacle,57,81,-1,5,1.193866995163262,0.0
narrow_multi_obstacle,58,81,-1,5,0.8381346007809043,0.0
narrow_multi_obstacle,59,81,-1,5,0.8565159980207682,0.0
narrow_multi_obstacle,60,81,-1,5,1.1162218172103167,0.0
narrow_multi_obstacle,61,81,24,5,0.6119169993326068,0.0
narrow_multi_obstacle,62,81,-1,5,0.5444345995783806,0.0
narrow_multi_obstacle,63,81,-1,5,0.538131408393383,0.0
narrow_multi_obstacle,64,81,-1,5,0.724919606000185,0.0
narrow_multi_obstacle,65,81,25,5,0.6071466021239758,0.0
narrow_multi_obstacle,66,81,24,5,0.6035814061760902,0.0
narrow_multi_obstacle,67,81,-1,5,0.5471255863085389,0.0
narrow_multi_obstacle,68,81,-1,5,0.5417702021077275,0.0
narrow_multi_obstacle,69,81,-1,5,0.5401735892519355,0.0
narrow_multi_obstacle,70,81,42,5,0.9555154014378786,0.0
narrow_multi_obstacle,71,81,24,5,0.5976777989417315,0.0
narrow_multi_obstacle,72,81,41,5,0.6410388043150306,0.0
narrow_multi_obstacle,73,81,-1,5,0.7955834036692977,0.0
narrow_multi_obstacle,74,81,-1,5,0.65172438044101,0.0
narrow_multi_obstacle,75,81,-1,5,0.6776346126571298,0.0
narrow_multi_obstacle,76,81,-1,5,1.0192629881203175,0.0
narrow_multi_obstacle,77,81,-1,5,0.6603213958442211,0.0
narrow_multi_obstacle,78,81,-1,5,0.6806839955970645,0.0
narrow_multi_obstacle,79,81,24,5,0.5959131987765431,0.0
narrow_multi_obstacle,80,81,-1,5,0.7873886032029986,0.0
narrow_multi_obstacle,81,81,-1,5,0.9854230098426342,0.0
narrow_multi_obstacle,82,81,56,5,0.9632478002458811,0.0
narrow_multi_obstacle,83,81,-1,5,1.1792712146416306,0.0
narrow_multi_obstacle,84,81,-1,5,0.6578625878319144,0.0
narrow_multi_obstacle,85,81,41,5,0.9410235797986388,0.0
narrow_multi_obstacle,86,81,-1,5,0.5388918099924922,0.0
narrow_multi_obstacle,87,81,-1,5,0.6674516014754772,0.0
narrow_multi_obstacle,88,81,22,5,0.5400472087785602,0.0
narrow_multi_obstacle,89,81,25,5,0.598161993548274,0.0
narrow_multi_obstacle,90,81,-1,5,0.5433615995571017,0.0
narrow_multi_obstacle,91,81,-1,5,1.1781547917053103,0.0
narrow_multi_obstacle,92,81,-1,5,2.574429986998439,0.0
narrow_multi_obstacle,93,81,-1,5,0.5553003866225481,0.0
narrow_multi_obstacle,94,81,24,5,0.6190613843500614,0.0
narrow_multi_obstacle,95,81,-1,5,1.1560787912458181,0.0
narrow_multi_obstacle,96,81,-1,5,0.7854983909055591,0.0
narrow_multi_obstacle,97,81,-1,5,0.5612456006929278,0.0
narrow_multi_obstacle,98,81,-1,5,0.542464992031455,0.0
narrow_multi_obstacle,99,81,-1,5,0.5482904147356749,0.0
narrow_multi_obstacle,100,81,-1,5,0.5428979871794581,0.0
narrow_multi_obstacle,101,81,26,5,0.6144221872091293,0.0
narrow_multi_obstacle,102,81,-1,5,0.751331215724349,0.0
narrow_multi_obstacle,103,81,-1,5,0.7071508094668388,0.0
narrow_multi_obstacle,104,81,-1,5,1.1308626038953662,0.0
narrow_multi_obstacle,105,81,26,5,0.5995878018438816,0.0
narrow_multi_obstacle,106,81,-1,5,1.1828482151031494,0.0
narrow_multi_obstacle,107,81,-1,5,0.529525987803936,0.0
narrow_multi_obstacle,108,81,23,5,0.5996972089633346,0.0
narrow_multi_obstacle,109,81,-1,5,0.5419855937361717,0.0
narrow_multi_obstacle,110,81,-1,5,1.0104462038725615,0.0
narrow_multi_obstacle,111,81,-1,5,0.5359694128856063,0.0
narrow_multi_obstacle,112,81,-1,5,1.1322736041620374,0.0
narrow_multi_obstacle,113,81,42,5,0.766210607253015,0.0
narrow_multi_obstacle,114,81,-1,5,0.690601603128016,0.0
narrow_multi_obstacle,115,81,-1,5,1.1596548138186336,0.0
narrow_multi_obstacle,116,81,24,5,0.5418391898274422,0.0
narrow_multi_obstacle,117,81,-1,5,0.5412491969764233,0.0
narrow_multi_obstacle,118,81,-1,5,0.5370733793824911,0.0
narrow_multi_obstacle,119,81,-1,5,1.1850042035803199,0.0
narrow_multi_obstacle,120,81,41,5,0.64816998783499,0.0
narrow_multi_obstacle,121,81,25,5,0.6057728081941605,0.0
narrow_multi_obstacle,122,81,-1,5,0.7040387950837612,0.0
narrow_multi_obstacle,123,81,-1,5,0.5431048106402159,0.0
narrow_multi_obstacle,124,81,-1,5,0.5339028080925345,0.0
narrow_multi_obstacle,125,81,24,5,0.5515184020623565,0.0
narrow_multi_obstacle,126,81,22,5,0.5409602075815201,0.0
narrow_multi_obstacle,127,81,-1,5,1.0452159913256764,0.0
narrow_multi_obstacle,128,81,-1,5,0.5461884196847677,0.0
narrow_multi_obstacle,129,81,-1,5,1.2145777931436896,0.0
narrow_multi_obstacle,130,81,-1,5,0.72237360291183,0.0
narrow_multi_obstacle,131,81,-1,5,1.3964086072519422,0.0
narrow_multi_obstacle,132,81,-1,5,0.6619200110435486,0.0
narrow_multi_obstacle,133,81,-1,5,0.5556541960686445,0.0
narrow_multi_obstacle,134,81,-1,5,0.7591302040964365,0.0
narrow_multi_obstacle,135,81,-1,5,0.5636363988742232,0.0
narrow_multi_obstacle,136,81,23,5,0.5419276189059019,0.0
narrow_multi_obstacle,137,81,26,5,0.61104039195925,0.0
narrow_multi_obstacle,138,81,-1,5,0.5413461942225695,0.0
narrow_multi_obstacle,139,81,40,5,0.9276740020141006,0.0
narrow_multi_obstacle,140,81,-1,5,0.7752445992082357,0.0
narrow_multi_obstacle,141,81,-1,5,0.5361565854400396,0.0
narrow_multi_obstacle,142,81,-1,5,0.76467280741781,0.0
narrow_multi_obstacle,143,81,-1,5,1.0011620121076703,0.0
narrow_multi_obstacle,144,81,-1,5,1.1380065931007266,0.0
narrow_multi_obstacle,145,81,-1,5,0.8199217962101102,0.0
narrow_multi_obstacle,146,81,24,5,0.5450557917356491,0.0
narrow_multi_obstacle,147,81,-1,5,0.5437086103484035,0.0
narrow_multi_obstacle,148,81,23,5,0.5351896164938807,0.0
narrow_multi_obstacle,149,81,-1,5,0.5503806052729487,0.0
narrow_multi_obstacle,150,81,-1,5,0.9028128115460277,0.0
narrow_multi_obstacle,151,81,-1,5,0.7442037807777524,0.0
narrow_multi_obstacle,152,81,-1,5,0.7384775904938579,0.0
narrow_multi_obstacle,153,81,23,5,0.538088008761406,0.0
narrow_multi_obstacle,154,81,24,5,0.6023299880325794,0.0
narrow_multi_obstacle,155,81,25,5,0.5990577861666679,0.0
narrow_multi_obstacle,156,81,25,5,0.5977362161502242,0.0
narrow_multi_obstacle,157,81,-1,5,1.4707257971167564,0.0
narrow_multi_obstacle,158,81,-1,5,0.5331036169081926,0.0
narrow_multi_obstacle,159,81,41,5,0.8455003844574094,0.0
narrow_multi_obstacle,160,81,41,5,0.6329800002276897,0.0
narrow_multi_obstacle,161,81,-1,5,0.7225753972306848,0.0
narrow_multi_obstacle,162,81,26,5,0.599591201171279,0.0
narrow_multi_obstacle,163,81,-1,5,1.1936886003240943,0.0
narrow_multi_obstacle,164,81,24,5,0.5975893931463361,0.0
narrow_multi_obstacle,165,81,25,5,0.6060433806851506,0.0
narrow_multi_obstacle,166,81,-1,5,0.8787508122622967,0.0
narrow_multi_obstacle,167,81,-1,5,0.8354599820449948,0.0
narrow_multi_obstacle,168,81,39,5,0.9123816154897213,0.0
narrow_multi_obstacle,169,81,-1,5,1.8370870035141706,0.0
narrow_multi_obstacle,170,81,40,5,1.0743424063548446,0.0
narrow_multi_obstacle,171,81,26,5,0.60279481112957,0.0
narrow_multi_obstacle,172,81,38,5,0.5346440011635423,0.0
narrow_multi_obstacle,173,81,-1,5,0.5376115906983614,0.0
narrow_multi_obstacle,174,81,-1,5,0.5425320006906986,0.0
narrow_multi_obstacle,175,81,24,5,0.5992851918563247,0.0
narrow_multi_obstacle,176,81,-1,5,1.0601369896903634,0.0
narrow_multi_obstacle,177,81,24,5,0.6183225894346833,0.0
narrow_multi_obstacle,178,81,57,5,0.682393996976316,0.0
narrow_multi_obstacle,179,81,-1,5,1.282422593794763,0.0
narrow_multi_obstacle,180,81,41,5,0.6406611995771527,0.0
narrow_multi_obstacle,181,81,25,5,0.6096964003518224,0.0
narrow_multi_obstacle,182,81,-1,5,1.1503650108352304,0.0
narrow_multi_obstacle,183,81,-1,5,1.1066136183217168,0.0
narrow_multi_obstacle,184,81,-1,5,0.5421262001618743,0.0
narrow_multi_obstacle,185,81,-1,5,0.5382488016039133,0.0
narrow_multi_obstacle,186,81,-1,5,0.7334701949730515,0.0
narrow_multi_obstacle,187,81,23,5,0.5796624114736915,0.0
narrow_multi_obstacle,188,81,-1,5,0.563760194927454,0.0
narrow_multi_obstacle,189,81,-1,5,0.8711540140211582,0.0
narrow_multi_obstacle,190,81,25,5,0.6149518070742488,0.0
narrow_multi_obstacle,191,81,23,5,0.5483884131535888,0.0
narrow_multi_obstacle,192,81,42,5,1.0790871921926737,0.0
narrow_multi_obstacle,193,81,23,5,0.5585376173257828,0.0
narrow_multi_obstacle,194,81,-1,5,0.543191796168685,0.0
narrow_multi_obstacle,195,81,-1,5,0.7316253846511245,0.0
narrow_multi_obstacle,196,81,-1,5,1.1417594039812684,0.0
narrow_multi_obstacle,197,81,-1,5,0.6755056092515588,0.0
narrow_multi_obstacle,198,81,-1,5,0.9782796027138829,0.0
narrow_multi_obstacle,199,81,-1,5,0.5586534040048718,0.0
narrow_multi_obstacle,200,81,-1,5,0.5668484140187502,0.0
narrow_multi_obstacle,201,81,-1,5,0.8718200027942657,0.0
narrow_multi_obstacle,202,81,-1,5,0.8386421948671341,0.0
narrow_multi_obstacle,203,81,-1,5,1.1864985805004835,0.0
narrow_multi_obstacle,204,81,-1,5,0.5464327987283468,0.0
narrow_multi_obstacle,205,81,-1,5,0.5523457890376449,0.0
narrow_multi_obstacle,206,81,-1,5,0.8224858203902841,0.0
narrow_multi_obstacle,207,81,-1,5,1.194788608700037,0.0
narrow_multi_obstacle,208,81,26,5,0.6069269962608814,0.0
narrow_multi_obstacle,209,81,25,5,0.615014391951263,0.0
narrow_multi_obstacle,210,81,-1,5,1.2550824088975787,0.0
narrow_multi_obstacle,211,81,24,5,0.5900807911530137,0.0
narrow_multi_obstacle,212,81,24,5,0.6122760009020567,0.0
narrow_multi_obstacle,213,81,24,5,0.599933392368257,0.0
narrow_multi_obstacle,214,81,-1,5,0.6303302012383938,0.0
narrow_multi_obstacle,215,81,-1,5,0.6709112087264657,0.0
narrow_multi_obstacle,216,81,-1,5,1.1365662096068263,0.0
narrow_multi_obstacle,217,81,23,5,0.5337853915989399,0.0
narrow_multi_obstacle,218,81,-1,5,1.0860381880775094,0.0
narrow_multi_obstacle,219,81,26,5,0.6063001928851008,0.0
narrow_multi_obstacle,220,81,-1,5,1.1494028149172664,0.0
narrow_multi_obstacle,221,81,-1,5,1.302261813543737,0.0
narrow_multi_obstacle,222,81,26,5,0.5455486010760069,0.0
narrow_multi_obstacle,223,81,40,5,1.087138196453452,0.0
narrow_multi_obstacle,224,81,42,5,0.7531031966209412,0.0
narrow_multi_obstacle,225,81,-1,5,0.5487223854288459,0.0
narrow_multi_obstacle,226,81,25,5,0.6003919988870621,0.0
narrow_multi_obstacle,227,81,-1,5,0.5331699969246984,0.0
narrow_multi_obstacle,228,81,-1,5,1.030571386218071,0.0
narrow_multi_obstacle,229,81,-1,5,1.1586939916014671,0.0
narrow_multi_obstacle,230,81,-1,5,0.6757137831300497,0.0
narrow_multi_obstacle,231,81,-1,5,0.5434209946542978,0.0
narrow_multi_obstacle,232,81,-1,5,1.1300870217382908,0.0
narrow_multi_obstacle,233,81,-1,5,0.8859720081090927,0.0
narrow_multi_obstacle,234,81,25,5,0.5973991937935352,0.0
narrow_multi_obstacle,235,81,25,5,0.6055495934560895,0.0
narrow_multi_obstacle,236,81,39,5,1.4138604048639536,0.0
narrow_multi_obstacle,237,81,-1,5,0.5422946065664291,0.0
narrow_multi_obstacle,238,81,25,5,0.6074289791285992,0.0
narrow_multi_obstacle,239,81,-1,5,1.0393245844170451,0.0
narrow_multi_obstacle,240,81,-1,5,0.7129353936761618,0.0
narrow_multi_obstacle,241,81,25,5,0.5558224162086844,0.0
narrow_multi_obstacle,242,81,-1,5,0.5340178031474352,0.0
narrow_multi_obstacle,243,81,23,5,0.5991787882521749,0.0
narrow_multi_obstacle,244,81,57,5,2.2830558009445667,0.0
narrow_multi_obstacle,245,81,26,5,0.5970850121229887,0.0
narrow_multi_obstacle,246,81,24,5,0.5995826097205281,0.0
narrow_multi_obstacle,247,81,-1,5,0.5374961998313665,0.0
narrow_multi_obstacle,248,81,-1,5,0.5308511899784207,0.0
narrow_multi_obstacle,249,81,-1,5,0.727715203538537,0.0
narrow_multi_obstacle,250,81,25,5,0.5957846064120531,0.0
narrow_multi_obstacle,251,81,-1,5,1.1799129890277982,0.0
narrow_multi_obstacle,252,81,25,5,0.5996631924062967,0.0
narrow_multi_obstacle,253,81,26,5,0.5979445995762944,0.0
narrow_multi_obstacle,254,81,-1,5,1.1380542069673538,0.0
narrow_multi_obstacle,255,81,-1,5,0.5344583885744214,0.0
narrow_multi_obstacle,256,81,26,5,0.6026685936376452,0.0
narrow_multi_obstacle,257,81,-1,5,0.7069015875458717,0.0
narrow_multi_obstacle,258,81,-1,5,0.7333816029131413,0.0
narrow_multi_obstacle,259,81,-1,5,0.8170809829607606,0.0
narrow_multi_obstacle,260,81,-1,5,0.8612219942733645,0.0
narrow_multi_obstacle,261,81,26,5,0.6083258194848895,0.0
narrow_multi_obstacle,262,81,-1,5,0.7728600176051259,0.0
narrow_multi_obstacle,263,81,-1,5,0.7173316087573767,0.0
narrow_multi_obstacle,264,81,-1,5,0.9191701887175441,0.0
narrow_multi_obstacle,265,81,40,5,0.9104073978960514,0.0
narrow_multi_obstacle,266,81,-1,5,0.5651335930451751,0.0
narrow_multi_obstacle,267,81,-1,5,0.9463656228035688,0.0
narrow_multi_obstacle,268,81,42,5,0.6945260101929307,0.0
narrow_multi_obstacle,269,81,-1,5,0.5651999963447452,0.0
narrow_multi_obstacle,270,81,25,5,0.637357379309833,0.0
narrow_multi_obstacle,271,81,41,5,0.7921315962448716,0.0
narrow_multi_obstacle,272,81,-1,5,0.7151479832828045,0.0
narrow_multi_obstacle,273,81,-1,5,0.7429210003465414,0.0
narrow_multi_obstacle,274,81,41,5,0.855723605491221,0.0
narrow_multi_obstacle,275,81,42,5,0.6880785804241896,0.0
narrow_multi_obstacle,276,81,-1,5,0.7030881941318512,0.0
narrow_multi_obstacle,277,81,24,5,0.6308631971478462,0.0
narrow_multi_obstacle,278,81,-1,5,0.7672328036278486,0.0
narrow_multi_obstacle,279,81,-1,5,0.76878119725734,0.0
narrow_multi_obstacle,280,81,-1,5,2.044975198805332,0.0
narrow_multi_obstacle,281,81,23,5,0.5671844119206071,0.0
narrow_multi_obstacle,282,81,25,5,0.5676297936588526,0.0
narrow_multi_obstacle,283,81,25,5,0.6291748024523258,0.0
narrow_multi_obstacle,284,81,40,5,0.8211922133341432,0.0
narrow_multi_obstacle,285,81,-1,5,0.5723220063373446,0.0
narrow_multi_obstacle,286,81,-1,5,0.5637334194034338,0.0
narrow_multi_obstacle,287,81,-1,5,0.8263826137408614,0.0
narrow_multi_obstacle,288,81,-1,5,0.6538023939356208,0.0
narrow_multi_obstacle,289,81,25,5,0.6156536052003503,0.0
narrow_multi_obstacle,290,81,-1,5,0.8248650003224611,0.0
narrow_multi_obstacle,291,81,-1,5,1.0604107985273004,0.0
narrow_multi_obstacle,292,81,-1,5,0.5395815940573812,0.0
narrow_multi_obstacle,293,81,25,5,0.6050241878256202,0.0
narrow_multi_obstacle,294,81,-1,5,1.1616833973675966,0.0
narrow_multi_obstacle,295,81,-1,5,0.5359138129279017,0.0
narrow_multi_obstacle,296,81,-1,5,0.6899181986227632,0.0
narrow_multi_obstacle,297,81,26,5,0.6005679955706,0.0
narrow_multi_obstacle,298,81,-1,5,0.5345692159608006,0.0
narrow_multi_obstacle,299,81,26,5,0.5989665864035487,0.0
narrow_multi_obstacle,300,81,-1,5,0.869796215556562,0.0
narrow_multi_obstacle,301,81,-1,5,0.5517551908269525,0.0
narrow_multi_obstacle,302,81,-1,5,1.1417789850383997,0.0
narrow_multi_obstacle,303,81,-1,5,1.1283752042800188,0.0
narrow_multi_obstacle,304,81,-1,5,0.5266318097710609,0.0
narrow_multi_obstacle,305,81,-1,5,0.5368018057197332,0.0
narrow_multi_obstacle,306,81,24,5,0.60038180090487,0.0
narrow_multi_obstacle,307,81,-1,5,1.2433295836672187,0.0
narrow_multi_obstacle,308,81,22,5,0.5476016085594893,0.0
narrow_multi_obstacle,309,81,26,5,0.599591201171279,0.0
narrow_multi_obstacle,310,81,24,5,0.6038013845682144,0.0
narrow_multi_obstacle,311,81,-1,5,0.7993409875780344,0.0
narrow_multi_obstacle,312,81,26,5,0.6057616090402007,0.0
narrow_multi_obstacle,313,81,-1,5,1.1142828036099672,0.0
narrow_multi_obstacle,314,81,-1,5,1.1598239885643125,0.0
narrow_multi_obstacle,315,81,25,5,0.5997281987220049,0.0
narrow_multi_obstacle,316,81,-1,5,1.044928189367056,0.0
narrow_multi_obstacle,317,81,-1,5,0.8788040140643716,0.0
narrow_multi_obstacle,318,81,-1,5,0.9873884031549096,0.0
narrow_multi_obstacle,319,81,41,5,0.8891728008165956,0.0
narrow_multi_obstacle,320,81,-1,5,0.6914835888892412,0.0
narrow_multi_obstacle,321,81,-1,5,0.5394394043833017,0.0
narrow_multi_obstacle,322,81,38,5,0.5503154126927257,0.0
narrow_multi_obstacle,323,81,-1,5,1.0992716066539288,0.0
narrow_multi_obstacle,324,81,24,5,0.6052130134776235,0.0
narrow_multi_obstacle,325,81,24,5,0.5953127983957529,0.0
narrow_multi_obstacle,326,81,57,5,0.9606946026906371,0.0
narrow_multi_obstacle,327,81,23,5,0.5995966028422117,0.0
narrow_multi_obstacle,328,81,-1,5,0.8253037929534912,0.0
narrow_multi_obstacle,329,81,26,5,0.5973589839413762,0.0
narrow_multi_obstacle,330,81,39,5,0.5374111933633685,0.0
narrow_multi_obstacle,331,81,-1,5,0.5428726086392999,0.0
narrow_multi_obstacle,332,81,-1,5,0.5399814108386636,0.0
narrow_multi_obstacle,333,81,-1,5,0.5418614018708467,0.0
narrow_multi_obstacle,334,81,-1,5,1.1554447934031487,0.0
narrow_multi_obstacle,335,81,-1,5,0.5559417884796858,0.0
narrow_multi_obstacle,336,81,-1,5,0.5396408028900623,0.0
narrow_multi_obstacle,337,81,-1,5,0.5371151957660913,0.0
narrow_multi_obstacle,338,81,-1,5,0.6879362044855952,0.0
narrow_multi_obstacle,339,81,-1,5,0.6738899974152446,0.0
narrow_multi_obstacle,340,81,-1,5,1.0302828159183264,0.0
narrow_multi_obstacle,341,81,-1,5,0.5369971971958876,0.0
narrow_multi_obstacle,342,81,26,5,0.598426815122366,0.0
narrow_multi_obstacle,343,81,-1,5,0.8314375998452306,0.0
narrow_multi_obstacle,344,81,-1,5,1.048518787138164,0.0
narrow_multi_obstacle,345,81,41,5,0.6688833935186267,0.0
narrow_multi_obstacle,346,81,-1,5,0.5331444088369608,0.0
narrow_multi_obstacle,347,81,22,5,0.5332855973392725,0.0
narrow_multi_obstacle,348,81,-1,5,0.5354085937142372,0.0
narrow_multi_obstacle,349,81,41,5,0.6410654168576002,0.0
narrow_multi_obstacle,350,81,-1,5,0.5365419900044799,0.0
narrow_multi_obstacle,351,81,-1,5,0.8882879978045821,0.0
narrow_multi_obstacle,352,81,-1,5,0.7524664048105478,0.0
narrow_multi_obstacle,353,81,-1,5,0.7122353883460164,0.0
narrow_multi_obstacle,354,81,41,5,0.5388678051531315,0.0
narrow_multi_obstacle,355,81,-1,5,0.5391426151618361,0.0
narrow_multi_obstacle,356,81,-1,5,1.0019291890785098,0.0
narrow_multi_obstacle,357,81,25,5,0.6036680191755295,0.0
narrow_multi_obstacle,358,81,25,5,0.6004419876262546,0.0
narrow_multi_obstacle,359,81,-1,5,0.539103802293539,0.0
narrow_multi_obstacle,360,81,55,5,0.8049987955018878,0.0
narrow_multi_obstacle,361,81,-1,5,0.897186785005033,0.0
narrow_multi_obstacle,362,81,-1,5,0.7944637909531593,0.0
narrow_multi_obstacle,363,81,-1,5,0.9335055947303772,0.0
narrow_multi_obstacle,364,81,56,5,0.5444898037239909,0.0
narrow_multi_obstacle,365,81,42,5,0.7803985849022865,0.0
narrow_multi_obstacle,366,81,24,5,0.5972601938992739,0.0
narrow_multi_obstacle,367,81,25,5,0.6062825908884406,0.0
narrow_multi_obstacle,368,81,-1,5,0.5323265912011266,0.0
narrow_multi_obstacle,369,81,-1,5,0.6720143835991621,0.0
narrow_multi_obstacle,370,81,-1,5,1.076228404417634,0.0
narrow_multi_obstacle,371,81,-1,5,0.679545197635889,0.0
narrow_multi_obstacle,372,81,-1,5,0.7985318079590797,0.0
narrow_multi_obstacle,373,81,-1,5,0.5283018108457327,0.0
narrow_multi_obstacle,374,81,-1,5,0.671663205139339,0.0
narrow_multi_obstacle,375,81,-1,5,0.5387376062572002,0.0
narrow_multi_obstacle,376,81,57,5,0.9788984199985862,0.0
narrow_multi_obstacle,377,81,-1,5,1.1407851940020919,0.0
narrow_multi_obstacle,378,81,-1,5,0.5431677913293242,0.0
narrow_multi_obstacle,379,81,-1,5,1.2781376019120216,0.0
narrow_multi_obstacle,380,81,42,5,0.7620884105563164,0.0
narrow_multi_obstacle,381,81,-1,5,1.0753886075690389,0.0
narrow_multi_obstacle,382,81,23,5,0.6155750015750527,0.0
narrow_multi_obstacle,383,81,-1,5,1.1420974042266607,0.0
narrow_multi_obstacle,384,81,-1,5,0.5376524059101939,0.0
narrow_multi_obstacle,385,81,-1,5,0.9388352045789361,0.0
narrow_multi_obstacle,386,81,39,5,0.8230136008933187,0.0
narrow_multi_obstacle,387,81,-1,5,0.53633579518646,0.0
narrow_multi_obstacle,388,81,-1,5,0.6911152042448521,0.0
narrow_multi_obstacle,389,81,-1,5,0.7326031802222133,0.0
narrow_multi_obstacle,390,81,-1,5,0.5397171946242452,0.0
narrow_multi_obstacle,391,81,-1,5,0.5312304012477398,0.0
narrow_multi_obstacle,392,81,-1,5,0.9626229992136359,0.0
narrow_multi_obstacle,393,81,-1,5,0.8241551928222179,0.0
narrow_multi_obstacle,394,81,-1,5,0.5434199934825301,0.0
narrow_multi_obstacle,395,81,25,5,0.6000677822157741,0.0
narrow_multi_obstacle,396,81,-1,5,0.5353271961212158,0.0
narrow_multi_obstacle,397,81,-1,5,1.1452289996668696,0.0
narrow_multi_obstacle,398,81,25,5,0.6079463986679912,0.0
narrow_multi_obstacle,399,81,-1,5,0.5377276102080941,0.0
narrow_multi_obstacle,400,81,-1,5,0.9975564200431108,0.0
narrow_multi_obstacle,401,81,-1,5,0.7283747894689441,0.0
narrow_multi_obstacle,402,81,-1,5,0.69165900349617,0.0
narrow_multi_obstacle,403,81,-1,5,0.5416725995019078,0.0
narrow_multi_obstacle,404,81,41,5,0.681209983304143,0.0
narrow_multi_obstacle,405,81,-1,5,0.9826411958783865,0.0
narrow_multi_obstacle,406,81,-1,5,0.5347801838070154,0.0
narrow_multi_obstacle,407,81,41,5,0.7617640076205134,0.0
narrow_multi_obstacle,408,81,-1,5,0.7099448004737496,0.0
narrow_multi_obstacle,409,81,-1,5,0.5390580045059323,0.0
narrow_multi_obstacle,410,81,25,5,0.6028546020388603,0.0
narrow_multi_obstacle,411,81,-1,5,0.7097329944372177,0.0
narrow_multi_obstacle,412,81,26,5,0.6026874063536525,0.0
narrow_multi_obstacle,413,81,-1,5,0.5387690151110291,0.0
narrow_multi_obstacle,414,81,41,5,0.7388378027826548,0.0
narrow_multi_obstacle,415,81,-1,5,0.9806561982259154,0.0
narrow_multi_obstacle,416,81,-1,5,0.9197589941322803,0.0
narrow_multi_obstacle,417,81,-1,5,2.2359560010954738,0.0
narrow_multi_obstacle,418,81,41,5,1.018080790527165,0.0
narrow_multi_obstacle,419,81,-1,5,0.5329883890226483,0.0
narrow_multi_obstacle,420,81,-1,5,0.5309358006343246,0.0
narrow_multi_obstacle,421,81,26,5,0.6035941885784268,0.0
narrow_multi_obstacle,422,81,40,5,0.9584150044247508,0.0
narrow_multi_obstacle,423,81,-1,5,0.7210656069219112,0.0
narrow_multi_obstacle,424,81,57,5,0.6664111977443099,0.0
narrow_multi_obstacle,425,81,-1,5,1.3276305980980396,0.0
narrow_multi_obstacle,426,81,-1,5,0.8360287873074412,0.0
narrow_multi_obstacle,427,81,-1,5,1.1345734121277928,0.0
narrow_multi_obstacle,428,81,-1,5,1.1538855964317918,0.0
narrow_multi_obstacle,429,81,57,5,0.814675004221499,0.0
narrow_multi_obstacle,430,81,25,5,0.606864201836288,0.0
narrow_multi_obstacle,431,81,-1,5,0.7285617990419269,0.0
narrow_multi_obstacle,432,81,-1,5,0.5421915790066123,0.0
narrow_multi_obstacle,433,81,-1,5,1.1873028008267283,0.0
narrow_multi_obstacle,434,81,-1,5,0.908827199600637,0.0
narrow_multi_obstacle,435,81,24,5,0.6181483855471015,0.0
narrow_multi_obstacle,436,81,-1,5,0.8916768012568355,0.0
narrow_multi_obstacle,437,81,-1,5,0.6601331988349557,0.0
narrow_multi_obstacle,438,81,-1,5,0.6863424088805914,0.0
narrow_multi_obstacle,439,81,-1,5,1.1239098152145743,0.0
narrow_multi_obstacle,440,81,-1,5,0.5361374001950026,0.0
narrow_multi_obstacle,441,81,-1,5,0.7954540196806192,0.0
narrow_multi_obstacle,442,81,-1,5,0.5328919971361756,0.0
narrow_multi_obstacle,443,81,-1,5,0.8565197931602597,0.0
narrow_multi_obstacle,444,81,-1,5,0.5427263909950852,0.0
narrow_multi_obstacle,445,81,-1,5,0.5544173996895552,0.0
narrow_multi_obstacle,446,81,-1,5,1.122015598230064,0.0
narrow_multi_obstacle,447,81,-1,5,0.788550591096282,0.0
narrow_multi_obstacle,448,81,-1,5,1.117360801436007,0.0
narrow_multi_obstacle,449,81,-1,5,0.832147803157568,0.0
narrow_multi_obstacle,450,81,26,5,0.6083036074414849,0.0
narrow_multi_obstacle,451,81,-1,5,0.5387984216213226,0.0
narrow_multi_obstacle,452,81,23,5,0.5977722117677331,0.0
narrow_multi_obstacle,453,81,-1,5,0.5389064084738493,0.0
narrow_multi_obstacle,454,81,-1,5,0.5343717988580465,0.0
narrow_multi_obstacle,455,81,26,5,0.6134937983006239,0.0
narrow_multi_obstacle,456,81,-1,5,0.7225499954074621,0.0
narrow_multi_obstacle,457,81,39,5,1.2017837958410382,0.0
narrow_multi_obstacle,458,81,-1,5,0.7875454146414995,0.0
narrow_multi_obstacle,459,81,-1,5,1.2273682048544288,0.0
narrow_multi_obstacle,460,81,-1,5,1.3045703992247581,0.0
narrow_multi_obstacle,461,81,-1,5,0.5341739859431982,0.0
narrow_multi_obstacle,462,81,-1,5,0.824828795157373,0.0
narrow_multi_obstacle,463,81,-1,5,0.5407968070358038,0.0
narrow_multi_obstacle,464,81,-1,5,1.1790374061092734,0.0
narrow_multi_obstacle,465,81,-1,5,0.6805035984143615,0.0
narrow_multi_obstacle,466,81,-1,5,0.8203834062442183,0.0
narrow_multi_obstacle,467,81,-1,5,1.1926518054679036,0.0
narrow_multi_obstacle,468,81,23,5,0.5453810095787048,0.0
narrow_multi_obstacle,469,81,-1,5,0.736062997020781,0.0
narrow_multi_obstacle,470,81,26,5,0.543139805085957,0.0
narrow_multi_obstacle,471,81,-1,5,0.6593370111659169,0.0
narrow_multi_obstacle,472,81,24,5,0.5352959968149662,0.0
narrow_multi_obstacle,473,81,-1,5,0.5415044026449323,0.0
narrow_multi_obstacle,474,81,-1,5,1.7830029828473926,0.0
narrow_multi_obstacle,475,81,-1,5,0.9744117967784405,0.0
narrow_multi_obstacle,476,81,25,5,0.603865017183125,0.0
narrow_multi_obstacle,477,81,56,5,1.1526796035468578,0.0
narrow_multi_obstacle,478,81,-1,5,1.2831615982577205,0.0
narrow_multi_obstacle,479,81,24,5,0.5991467973217368,0.0
narrow_multi_obstacle,480,81,-1,5,1.895575993694365,0.0
narrow_multi_obstacle,481,81,-1,5,0.5383786046877503,0.0
narrow_multi_obstacle,482,81,39,5,0.5377755966037512,0.0
narrow_multi_obstacle,483,81,-1,5,1.032293401658535,0.0
narrow_multi_obstacle,484,81,-1,5,0.8252192055806518,0.0
narrow_multi_obstacle,485,81,57,5,0.7560550002381206,0.0
narrow_multi_obstacle,486,81,-1,5,1.1359278112649918,0.0
narrow_multi_obstacle,487,81,-1,5,0.5335296038538218,0.0
narrow_multi_obstacle,488,81,23,5,0.5436959909275174,0.0
narrow_multi_obstacle,489,81,25,5,0.6047541974112391,0.0
narrow_multi_obstacle,490,81,-1,5,0.7380571914836764,0.0
narrow_multi_obstacle,491,81,25,5,0.5398308159783483,0.0
narrow_multi_obstacle,492,81,-1,5,0.5404873983934522,0.0
narrow_multi_obstacle,493,81,-1,5,0.5372219951823354,0.0
narrow_multi_obstacle,494,81,-1,5,1.182181597687304,0.0
narrow_multi_obstacle,495,81,40,5,0.8269007783383131,0.0
narrow_multi_obstacle,496,81,25,5,0.6065156077966094,0.0
narrow_multi_obstacle,497,81,23,5,0.5476402118802071,0.0
narrow_multi_obstacle,498,81,-1,5,0.8763370104134083,0.0
narrow_multi_obstacle,499,81,-1,5,1.133524812757969,0.0
interleaved_dynamic,0,91,-1,5,0.577564793638885,0.0
interleaved_dynamic,1,91,-1,5,0.5794200114905834,0.0
interleaved_dynamic,2,91,-1,5,0.574343791231513,0.0
interleaved_dynamic,3,91,-1,5,0.5736999912187457,0.0
interleaved_dynamic,4,91,-1,5,0.5761035950854421,0.0
interleaved_dynamic,5,91,-1,5,0.5743040004745126,0.0
interleaved_dynamic,6,91,-1,5,0.5771541967988014,0.0
interleaved_dynamic,7,91,-1,5,0.5723308073356748,0.0
interleaved_dynamic,8,91,-1,5,0.5779359955340624,0.0
interleaved_dynamic,9,91,-1,5,0.5704269977286458,0.0
interleaved_dynamic,10,91,-1,5,0.5786424037069082,0.0
interleaved_dynamic,11,91,-1,5,0.5702760070562363,0.0
interleaved_dynamic,12,91,-1,5,0.5707588046789169,0.0
interleaved_dynamic,13,91,-1,5,0.5691966041922569,0.0
interleaved_dynamic,14,91,-1,5,0.568859395571053,0.0
interleaved_dynamic,15,91,-1,5,0.5895592039451003,0.0
interleaved_dynamic,16,91,-1,5,0.5696897860616446,0.0
interleaved_dynamic,17,91,-1,5,0.568546587601304,0.0
interleaved_dynamic,18,91,-1,5,0.5732510006055236,0.0
interleaved_dynamic,19,91,-1,5,0.5725337890908122,0.0
interleaved_dynamic,20,91,-1,5,0.5652147810906172,0.0
interleaved_dynamic,21,91,-1,5,0.5756816128268838,0.0
interleaved_dynamic,22,91,-1,5,0.5772149888798594,0.0
interleaved_dynamic,23,91,-1,5,0.5704127950593829,0.0
interleaved_dynamic,24,91,-1,5,0.5774697987362742,0.0
interleaved_dynamic,25,91,-1,5,0.5733884172514081,0.0
interleaved_dynamic,26,91,-1,5,0.5816224031150341,0.0
interleaved_dynamic,27,91,-1,5,0.5737434141337872,0.0
interleaved_dynamic,28,91,-1,5,0.5779035855084658,0.0
interleaved_dynamic,29,91,-1,5,0.5712402053177357,0.0
interleaved_dynamic,30,91,-1,5,0.5707054166123271,0.0
interleaved_dynamic,31,91,-1,5,0.5773304030299187,0.0
interleaved_dynamic,32,91,-1,5,0.572919799014926,0.0
interleaved_dynamic,33,91,-1,5,0.5796968005597591,0.0
interleaved_dynamic,34,91,-1,5,0.5755806108936667,0.0
interleaved_dynamic,35,91,-1,5,0.5806460045278072,0.0
interleaved_dynamic,36,91,-1,5,0.5690953927114606,0.0
interleaved_dynamic,37,91,-1,5,0.5797702120617032,0.0
interleaved_dynamic,38,91,-1,5,0.5772989941760898,0.0
interleaved_dynamic,39,91,-1,5,0.587314204312861,0.0
interleaved_dynamic,40,91,-1,5,0.601643999107182,0.0
interleaved_dynamic,41,91,-1,5,0.5982764065265656,0.0
interleaved_dynamic,42,91,-1,5,0.6023128051310778,0.0
interleaved_dynamic,43,91,-1,5,0.606897403486073,0.0
interleaved_dynamic,44,91,-1,5,0.60738620813936,0.0
interleaved_dynamic,45,91,-1,5,0.6010800134390593,0.0
interleaved_dynamic,46,91,-1,5,0.593099812977016,0.0
interleaved_dynamic,47,91,-1,5,0.5899090087041259,0.0
interleaved_dynamic,48,91,-1,5,0.583180389367044,0.0
interleaved_dynamic,49,91,-1,5,0.5866443971171975,0.0
interleaved_dynamic,50,91,-1,5,0.5824595922604203,0.0
interleaved_dynamic,51,91,-1,5,0.578783405944705,0.0
interleaved_dynamic,52,91,-1,5,0.5768492119386792,0.0
interleaved_dynamic,53,91,-1,5,0.5741744069382548,0.0
interleaved_dynamic,54,91,-1,5,0.5724122049286962,0.0
interleaved_dynamic,55,91,-1,5,0.5759509978815913,0.0
interleaved_dynamic,56,91,-1,5,0.5680491914972663,0.0
interleaved_dynamic,57,91,-1,5,0.5701814079657197,0.0
interleaved_dynamic,58,91,-1,5,0.5840279860422015,0.0
interleaved_dynamic,59,91,-1,5,0.5749989999458194,0.0
interleaved_dynamic,60,91,-1,5,0.5721549969166517,0.0
interleaved_dynamic,61,91,-1,5,0.575103797018528,0.0
interleaved_dynamic,62,91,-1,5,0.5810722010210156,0.0
interleaved_dynamic,63,91,-1,5,0.5740399938076735,0.0
interleaved_dynamic,64,91,-1,5,0.5703931907191873,0.0
interleaved_dynamic,65,91,-1,5,0.5853031994774938,0.0
interleaved_dynamic,66,91,-1,5,0.5702323978766799,0.0
interleaved_dynamic,67,91,-1,5,0.5727098090574145,0.0
interleaved_dynamic,68,91,-1,5,0.5864029983058572,0.0
interleaved_dynamic,69,91,-1,5,0.5732195917516947,0.0
interleaved_dynamic,70,91,-1,5,0.5684721982106566,0.0
interleaved_dynamic,71,91,-1,5,0.5787926027551293,0.0
interleaved_dynamic,72,91,-1,5,0.5837290082126856,0.0
interleaved_dynamic,73,91,-1,5,0.581284798681736,0.0
interleaved_dynamic,74,91,-1,5,0.5695895990356803,0.0
interleaved_dynamic,75,91,-1,5,0.5665869917720556,0.0
interleaved_dynamic,76,91,-1,5,0.5673581967130303,0.0
interleaved_dynamic,77,91,-1,5,0.5789601942524314,0.0
interleaved_dynamic,78,91,-1,5,0.5850394023582339,0.0
interleaved_dynamic,79,91,-1,5,0.5743769928812981,0.0
interleaved_dynamic,80,91,-1,5,0.5758500192314386,0.0
interleaved_dynamic,81,91,-1,5,0.5721846129745245,0.0
interleaved_dynamic,82,91,-1,5,0.5727926036342978,0.0
interleaved_dynamic,83,91,-1,5,0.5793737946078181,0.0
interleaved_dynamic,84,91,-1,5,0.572365615516901,0.0
interleaved_dynamic,85,91,-1,5,0.5753571866080165,0.0
interleaved_dynamic,86,91,-1,5,0.5750217940658331,0.0
interleaved_dynamic,87,91,-1,5,0.5786743946373463,0.0
interleaved_dynamic,88,91,-1,5,0.57189438957721,0.0
interleaved_dynamic,89,91,-1,5,0.5713816033676267,0.0
interleaved_dynamic,90,91,-1,5,0.5815493874251842,0.0
interleaved_dynamic,91,91,-1,5,0.5693905986845493,0.0
interleaved_dynamic,92,91,-1,5,0.5744734080508351,0.0
interleaved_dynamic,93,91,-1,5,0.5816529970616102,0.0
interleaved_dynamic,94,91,-1,5,0.582291604951024,0.0
interleaved_dynamic,95,91,-1,5,0.5699772154912353,0.0
interleaved_dynamic,96,91,-1,5,0.571147189475596,0.0
interleaved_dynamic,97,91,-1,5,0.57452660985291,0.0
interleaved_dynamic,98,91,-1,5,0.5650409962981939,0.0
interleaved_dynamic,99,91,-1,5,0.5753112025558949,0.0
interleaved_dynamic,100,91,-1,5,0.5780776031315327,0.0
interleaved_dynamic,101,91,-1,5,0.5837460048496723,0.0
interleaved_dynamic,102,91,-1,5,0.5680926144123077,0.0
interleaved_dynamic,103,91,-1,5,0.5822376115247607,0.0
interleaved_dynamic,104,91,-1,5,0.5694264080375433,0.0
interleaved_dynamic,105,91,-1,5,0.563138211145997,0.0
interleaved_dynamic,106,91,-1,5,0.5773373879492283,0.0
interleaved_dynamic,107,91,-1,5,0.5926809972152114,0.0
interleaved_dynamic,108,91,-1,5,0.5938126007094979,0.0
interleaved_dynamic,109,91,-1,5,0.5770218092948198,0.0
interleaved_dynamic,110,91,-1,5,0.5873319925740361,0.0
interleaved_dynamic,111,91,-1,5,0.5829392001032829,0.0
interleaved_dynamic,112,91,-1,5,0.5881878081709146,0.0
interleaved_dynamic,113,91,-1,5,0.5699074128642678,0.0
interleaved_dynamic,114,91,-1,5,0.5794189870357513,0.0
interleaved_dynamic,115,91,-1,5,0.5794710014015436,0.0
interleaved_dynamic,116,91,-1,5,0.5773832090198994,0.0
interleaved_dynamic,117,91,-1,5,0.5719386041164398,0.0
interleaved_dynamic,118,91,-1,5,0.5655378103256226,0.0
interleaved_dynamic,119,91,-1,5,0.5710511934012175,0.0
interleaved_dynamic,120,91,-1,5,0.5719798151403666,0.0
interleaved_dynamic,121,91,-1,5,0.578239606693387,0.0
interleaved_dynamic,122,91,-1,5,0.5761530017480254,0.0
interleaved_dynamic,123,91,-1,5,0.5871182074770331,0.0
interleaved_dynamic,124,91,-1,5,0.575670413672924,0.0
interleaved_dynamic,125,91,-1,5,0.5717672174796462,0.0
interleaved_dynamic,126,91,-1,5,0.5680613918229938,0.0
interleaved_dynamic,127,91,-1,5,0.5715043982490897,0.0
interleaved_dynamic,128,91,-1,5,0.5702489987015724,0.0
interleaved_dynamic,129,91,-1,5,0.5694673862308264,0.0
interleaved_dynamic,130,91,-1,5,0.5716142011806369,0.0
interleaved_dynamic,131,91,-1,5,0.5761494161561131,0.0
interleaved_dynamic,132,91,-1,5,0.5649013910442591,0.0
interleaved_dynamic,133,91,-1,5,0.5691385827958584,0.0
interleaved_dynamic,134,91,-1,5,0.5840474041178823,0.0
interleaved_dynamic,135,91,-1,5,0.5758684128522873,0.0
interleaved_dynamic,136,91,-1,5,0.5698766093701124,0.0
interleaved_dynamic,137,91,-1,5,0.5758706014603376,0.0
interleaved_dynamic,138,91,-1,5,0.5710881901904941,0.0
interleaved_dynamic,139,91,-1,5,0.5667496006935835,0.0
interleaved_dynamic,140,91,-1,5,0.5692132050171494,0.0
interleaved_dynamic,141,91,-1,5,0.5800251848995686,0.0
interleaved_dynamic,142,91,-1,5,0.5689874058589339,0.0
interleaved_dynamic,143,91,-1,5,0.5798571975901723,0.0
interleaved_dynamic,144,91,-1,5,0.5733076017349958,0.0
interleaved_dynamic,145,91,-1,5,0.573844788596034,0.0
interleaved_dynamic,146,91,-1,5,0.5772806005552411,0.0
interleaved_dynamic,147,91,-1,5,0.5746309878304601,0.0
interleaved_dynamic,148,91,-1,5,0.5756630096584558,0.0
interleaved_dynamic,149,91,-1,5,0.5691237980499864,0.0
interleaved_dynamic,150,91,-1,5,0.5855661816895008,0.0
interleaved_dynamic,151,91,-1,5,0.5893653957173228,0.0
interleaved_dynamic,152,91,-1,5,0.5718010012060404,0.0
interleaved_dynamic,153,91,-1,5,0.5651297979056835,0.0
interleaved_dynamic,154,91,-1,5,0.5795028060674667,0.0
interleaved_dynamic,155,91,-1,5,0.5742403911426663,0.0
interleaved_dynamic,156,91,-1,5,0.5774412071332335,0.0
interleaved_dynamic,157,91,-1,5,0.5793999880552292,0.0
interleaved_dynamic,158,91,-1,5,0.5680528003722429,0.0
interleaved_dynamic,159,91,-1,5,0.5750705953687429,0.0
interleaved_dynamic,160,91,-1,5,0.5755431950092316,0.0
interleaved_dynamic,161,91,-1,5,0.5650584120303392,0.0
interleaved_dynamic,162,91,-1,5,0.5724362097680569,0.0
interleaved_dynamic,163,91,-1,5,0.5691182101145387,0.0
interleaved_dynamic,164,91,-1,5,0.5730911856517196,0.0
interleaved_dynamic,165,91,-1,5,0.5803643958643079,0.0
interleaved_dynamic,166,91,-1,5,0.5713006015866995,0.0
interleaved_dynamic,167,91,-1,5,0.575777399353683,0.0
interleaved_dynamic,168,91,-1,5,0.5681610200554132,0.0
interleaved_dynamic,169,91,-1,5,0.5796523997560143,0.0
interleaved_dynamic,170,91,-1,5,0.568420602940023,0.0
interleaved_dynamic,171,91,-1,5,0.5704330047592521,0.0
interleaved_dynamic,172,91,-1,5,0.572351599112153,0.0
interleaved_dynamic,173,91,-1,5,0.5728675983846188,0.0
interleaved_dynamic,174,91,-1,5,0.574872805736959,0.0
interleaved_dynamic,175,91,-1,5,0.5767963826656342,0.0
interleaved_dynamic,176,91,-1,5,0.5816867807880044,0.0
interleaved_dynamic,177,91,-1,5,0.5771346157416701,0.0
interleaved_dynamic,178,91,-1,5,0.5712216021493077,0.0
interleaved_dynamic,179,91,-1,5,0.5743185989558697,0.0
interleaved_dynamic,180,91,-1,5,0.5831999937072396,0.0
interleaved_dynamic,181,91,-1,5,0.5711660021916032,0.0
interleaved_dynamic,182,91,-1,5,0.5740068154409528,0.0
interleaved_dynamic,183,91,-1,5,0.5760229891166091,0.0
interleaved_dynamic,184,91,-1,5,0.5716986022889614,0.0
interleaved_dynamic,185,91,-1,5,0.5724717862904072,0.0
interleaved_dynamic,186,91,-1,5,0.57994001545012,0.0
interleaved_dynamic,187,91,-1,5,0.5687866127118468,0.0
interleaved_dynamic,188,91,-1,5,0.5767780123278499,0.0
interleaved_dynamic,189,91,-1,5,0.5803246051073074,0.0
interleaved_dynamic,190,91,-1,5,0.5750178126618266,0.0
interleaved_dynamic,191,91,-1,5,0.5717876134440303,0.0
interleaved_dynamic,192,91,-1,5,0.5687869852408767,0.0
interleaved_dynamic,193,91,-1,5,0.5669102072715759,0.0
interleaved_dynamic,194,91,-1,5,0.5771999945864081,0.0
interleaved_dynamic,195,91,-1,5,0.566771999001503,0.0
interleaved_dynamic,196,91,-1,5,0.5742985988035798,0.0
interleaved_dynamic,197,91,-1,5,0.5705004092305899,0.0
interleaved_dynamic,198,91,-1,5,0.5852010101079941,0.0
interleaved_dynamic,199,91,-1,5,0.570274400524795,0.0
interleaved_dynamic,200,91,-1,5,0.5736921913921833,0.0
interleaved_dynamic,201,91,-1,5,0.5717820022255182,0.0
interleaved_dynamic,202,91,-1,5,0.5756263853982091,0.0
interleaved_dynamic,203,91,-1,5,0.5736468126997352,0.0
interleaved_dynamic,204,91,-1,5,0.5725695984438062,0.0
interleaved_dynamic,205,91,-1,5,0.56515340693295,0.0
interleaved_dynamic,206,91,-1,5,0.5676246015354991,0.0
interleaved_dynamic,207,91,-1,5,0.5720761837437749,0.0
interleaved_dynamic,208,91,-1,5,0.5779104074463248,0.0
interleaved_dynamic,209,91,-1,5,0.5670250160619617,0.0
interleaved_dynamic,210,91,-1,5,0.5757389822974801,0.0
interleaved_dynamic,211,91,-1,5,0.5760950036346912,0.0
interleaved_dynamic,212,91,-1,5,0.5714467959478498,0.0
interleaved_dynamic,213,91,-1,5,0.5674091866239905,0.0
interleaved_dynamic,214,91,-1,5,0.5783777916803956,0.0
interleaved_dynamic,215,91,-1,5,0.5756888072937727,0.0
interleaved_dynamic,216,91,-1,5,0.5709956167265773,0.0
interleaved_dynamic,217,91,-1,5,0.5698187975212932,0.0
interleaved_dynamic,218,91,-1,5,0.5879586096853018,0.0
interleaved_dynamic,219,91,-1,5,0.5771052092313766,0.0
interleaved_dynamic,220,91,-1,5,0.5703078117221594,0.0
interleaved_dynamic,221,91,-1,5,0.5750108044594526,0.0
interleaved_dynamic,222,91,-1,5,0.5843590013682842,0.0
interleaved_dynamic,223,91,-1,5,0.5683853989467025,0.0
interleaved_dynamic,224,91,-1,5,0.5703442031517625,0.0
interleaved_dynamic,225,91,-1,5,0.5745979957282543,0.0
interleaved_dynamic,226,91,-1,5,0.5743617890402675,0.0
interleaved_dynamic,227,91,-1,5,0.569653999991715,0.0
interleaved_dynamic,228,91,-1,5,0.5731117911636829,0.0
interleaved_dynamic,229,91,-1,5,0.5723505979403853,0.0
interleaved_dynamic,230,91,-1,5,0.5676442058756948,0.0
interleaved_dynamic,231,91,-1,5,0.5643380107358098,0.0
interleaved_dynamic,232,91,-1,5,0.5719988141208887,0.0
interleaved_dynamic,233,91,-1,5,0.5783736007288098,0.0
interleaved_dynamic,234,91,-1,5,0.5733316065743566,0.0
interleaved_dynamic,235,91,-1,5,0.5727045936509967,0.0
interleaved_dynamic,236,91,-1,5,0.5708953831344843,0.0
interleaved_dynamic,237,91,-1,5,0.5694014020264149,0.0
interleaved_dynamic,238,91,-1,5,0.5789499962702394,0.0
interleaved_dynamic,239,91,-1,5,0.567898596636951,0.0
interleaved_dynamic,240,91,-1,5,0.5771448137238622,0.0
interleaved_dynamic,241,91,-1,5,0.5725835915654898,0.0
interleaved_dynamic,242,91,-1,5,0.576019799336791,0.0
interleaved_dynamic,243,91,-1,5,0.5732614081352949,0.0
interleaved_dynamic,244,91,-1,5,0.5803276086226106,0.0
interleaved_dynamic,245,91,-1,5,0.5691703874617815,0.0
interleaved_dynamic,246,91,-1,5,0.5759241990745068,0.0
interleaved_dynamic,247,91,-1,5,0.5732590099796653,0.0
interleaved_dynamic,248,91,-1,5,0.569877796806395,0.0
interleaved_dynamic,249,91,-1,5,0.569535605609417,0.0
interleaved_dynamic,250,91,-1,5,0.5762790096923709,0.0
interleaved_dynamic,251,91,-1,5,0.5761035950854421,0.0
interleaved_dynamic,252,91,-1,5,0.5700586130842566,0.0
interleaved_dynamic,253,91,-1,5,0.5728478077799082,0.0
interleaved_dynamic,254,91,-1,5,0.5718511994928122,0.0
interleaved_dynamic,255,91,-1,5,0.5767636001110077,0.0
interleaved_dynamic,256,91,-1,5,0.5751559976488352,0.0
interleaved_dynamic,257,91,-1,5,0.5666928132995963,0.0
interleaved_dynamic,258,91,-1,5,0.5730005912482738,0.0
interleaved_dynamic,259,91,-1,5,0.5768268136307597,0.0
interleaved_dynamic,260,91,-1,5,0.5756131839007139,0.0
interleaved_dynamic,261,91,-1,5,0.5730179836973548,0.0
interleaved_dynamic,262,91,-1,5,0.5677552195265889,0.0
interleaved_dynamic,263,91,-1,5,0.5677764071151614,0.0
interleaved_dynamic,264,91,-1,5,0.5633124150335789,0.0
interleaved_dynamic,265,91,-1,5,0.5820689955726266,0.0
interleaved_dynamic,266,91,-1,5,0.5900847958400846,0.0
interleaved_dynamic,267,91,-1,5,0.5662688054144382,0.0
interleaved_dynamic,268,91,-1,5,0.5730516044422984,0.0
interleaved_dynamic,269,91,-1,5,0.5821489961817861,0.0
interleaved_dynamic,270,91,-1,5,0.5850144196301699,0.0
interleaved_dynamic,271,91,-1,5,0.5848126020282507,0.0
interleaved_dynamic,272,91,-1,5,0.5802392028272152,0.0
interleaved_dynamic,273,91,-1,5,0.5937748122960329,0.0
interleaved_dynamic,274,91,-1,5,0.5780391860753298,0.0
interleaved_dynamic,275,91,-1,5,0.5780952051281929,0.0
interleaved_dynamic,276,91,-1,5,0.5708830198273063,0.0
interleaved_dynamic,277,91,-1,5,0.57921321131289,0.0
interleaved_dynamic,278,91,-1,5,0.5734004080295563,0.0
interleaved_dynamic,279,91,-1,5,0.5690074060112238,0.0
interleaved_dynamic,280,91,-1,5,0.5711004137992859,0.0
interleaved_dynamic,281,91,-1,5,0.5708970129489899,0.0
interleaved_dynamic,282,91,-1,5,0.5742965964600444,0.0
interleaved_dynamic,283,91,-1,5,0.5766246002167463,0.0
interleaved_dynamic,284,91,-1,5,0.5722214002162218,0.0
interleaved_dynamic,285,91,-1,5,0.5751754157245159,0.0
interleaved_dynamic,286,91,-1,5,0.5811411887407303,0.0
interleaved_dynamic,287,91,-1,5,0.5855561932548881,0.0
interleaved_dynamic,288,91,-1,5,0.5753380013629794,0.0
interleaved_dynamic,289,91,-1,5,0.5695654079318047,0.0
interleaved_dynamic,290,91,-1,5,0.577562814578414,0.0
interleaved_dynamic,291,91,-1,5,0.5688928067684174,0.0
interleaved_dynamic,292,91,-1,5,0.5675936117768288,0.0
interleaved_dynamic,293,91,-1,5,0.5787460133433342,0.0
interleaved_dynamic,294,91,-1,5,0.5730864126235247,0.0
interleaved_dynamic,295,91,-1,5,0.5734688136726618,0.0
interleaved_dynamic,296,91,-1,5,0.5672808038070798,0.0
interleaved_dynamic,297,91,-1,5,0.5739027867093682,0.0
interleaved_dynamic,298,91,-1,5,0.5726328119635582,0.0
interleaved_dynamic,299,91,-1,5,0.5694305989891291,0.0
interleaved_dynamic,300,91,-1,5,0.573570397682488,0.0
interleaved_dynamic,301,91,-1,5,0.5761296022683382,0.0
interleaved_dynamic,302,91,-1,5,0.5738958017900586,0.0
interleaved_dynamic,303,91,-1,5,0.5683391820639372,0.0
interleaved_dynamic,304,91,-1,5,0.5852834088727832,0.0
interleaved_dynamic,305,91,-1,5,0.5701747955754399,0.0
interleaved_dynamic,306,91,-1,5,0.5884774029254913,0.0
interleaved_dynamic,307,91,-1,5,0.5730018019676208,0.0
interleaved_dynamic,308,91,-1,5,0.5747422110289335,0.0
interleaved_dynamic,309,91,-1,5,0.5854804068803787,0.0
interleaved_dynamic,310,91,-1,5,0.578464800491929,0.0
interleaved_dynamic,311,91,-1,5,0.5700463894754648,0.0
interleaved_dynamic,312,91,-1,5,0.5691099911928177,0.0
interleaved_dynamic,313,91,-1,5,0.5700371926650405,0.0
interleaved_dynamic,314,91,-1,5,0.5776705918833613,0.0
interleaved_dynamic,315,91,-1,5,0.5727395880967379,0.0
interleaved_dynamic,316,91,-1,5,0.5748596042394638,0.0
interleaved_dynamic,317,91,-1,5,0.57384860701859,0.0
interleaved_dynamic,318,91,-1,5,0.567764206789434,0.0
interleaved_dynamic,319,91,-1,5,0.5734351929277182,0.0
interleaved_dynamic,320,91,-1,5,0.5734710022807121,0.0
interleaved_dynamic,321,91,-1,5,0.5691644037142396,0.0
interleaved_dynamic,322,91,-1,5,0.5757748149335384,0.0
interleaved_dynamic,323,91,-1,5,0.5780656123533845,0.0
interleaved_dynamic,324,91,-1,5,0.5803453968837857,0.0
interleaved_dynamic,325,91,-1,5,0.5798646016046405,0.0
interleaved_dynamic,326,91,-1,5,0.5725682014599442,0.0
interleaved_dynamic,327,91,-1,5,0.5780508043244481,0.0
interleaved_dynamic,328,91,-1,5,0.5799576174467802,0.0
interleaved_dynamic,329,91,-1,5,0.5744184134528041,0.0
interleaved_dynamic,330,91,-1,5,0.5770382005721331,0.0
interleaved_dynamic,331,91,-1,5,0.5733589874580503,0.0
interleaved_dynamic,332,91,-1,5,0.5822566105052829,0.0
interleaved_dynamic,333,91,-1,5,0.5712970159947872,0.0
interleaved_dynamic,334,91,-1,5,0.575493392534554,0.0
interleaved_dynamic,335,91,-1,5,0.5722661968320608,0.0
interleaved_dynamic,336,91,-1,5,0.5660875933244824,0.0
interleaved_dynamic,337,91,-1,5,0.5630291998386383,0.0
interleaved_dynamic,338,91,-1,5,0.5750651936978102,0.0
interleaved_dynamic,339,91,-1,5,0.5906609818339348,0.0
interleaved_dynamic,340,91,-1,5,0.5715446081012487,0.0
interleaved_dynamic,341,91,-1,5,0.5709339864552021,0.0
interleaved_dynamic,342,91,-1,5,0.5747924093157053,0.0
interleaved_dynamic,343,91,-1,5,0.578737398609519,0.0
interleaved_dynamic,344,91,-1,5,0.571001204662025,0.0
interleaved_dynamic,345,91,-1,5,0.5782247986644506,0.0
interleaved_dynamic,346,91,-1,5,0.5751112010329962,0.0
interleaved_dynamic,347,91,-1,5,0.5722790025174618,0.0
interleaved_dynamic,348,91,-1,5,0.5764672067016363,0.0
interleaved_dynamic,349,91,-1,5,0.57098597753793,0.0
interleaved_dynamic,350,91,-1,5,0.5670655984431505,0.0
interleaved_dynamic,351,91,-1,5,0.5672735860571265,0.0
interleaved_dynamic,352,91,-1,5,0.5780566018074751,0.0
interleaved_dynamic,353,91,-1,5,0.576674216426909,0.0
interleaved_dynamic,354,91,-1,5,0.5797374062240124,0.0
interleaved_dynamic,355,91,-1,5,0.5786794004961848,0.0
interleaved_dynamic,356,91,-1,5,0.568882585503161,0.0
interleaved_dynamic,357,91,-1,5,0.5767402006313205,0.0
interleaved_dynamic,358,91,-1,5,0.570797803811729,0.0
interleaved_dynamic,359,91,-1,5,0.5734937964007258,0.0
interleaved_dynamic,360,91,-1,5,0.5740940105170012,0.0
interleaved_dynamic,361,91,-1,5,0.575556792318821,0.0
interleaved_dynamic,362,91,-1,5,0.5849553970620036,0.0
interleaved_dynamic,363,91,-1,5,0.5695760017260909,0.0
interleaved_dynamic,364,91,-1,5,0.5733194062486291,0.0
interleaved_dynamic,365,91,-1,5,0.567989400587976,0.0
interleaved_dynamic,366,91,-1,5,0.5710787838324904,0.0
interleaved_dynamic,367,91,-1,5,0.5684738047420979,0.0
interleaved_dynamic,368,91,-1,5,0.5797692108899355,0.0
interleaved_dynamic,369,91,-1,5,0.5665153963491321,0.0
interleaved_dynamic,370,91,-1,5,0.5777725949883461,0.0
interleaved_dynamic,371,91,-1,5,0.5989568075165153,0.0
interleaved_dynamic,372,91,-1,5,0.5711361998692155,0.0
interleaved_dynamic,373,91,-1,5,0.5725919967517257,0.0
interleaved_dynamic,374,91,-1,5,0.5692098056897521,0.0
interleaved_dynamic,375,91,-1,5,0.5813231924548745,0.0
interleaved_dynamic,376,91,-1,5,0.5731589859351516,0.0
interleaved_dynamic,377,91,-1,5,0.5701754009351134,0.0
interleaved_dynamic,378,91,-1,5,0.5681309849023819,0.0
interleaved_dynamic,379,91,-1,5,0.5701686022803187,0.0
interleaved_dynamic,380,91,-1,5,0.5702445982024074,0.0
interleaved_dynamic,381,91,-1,5,0.5790641997009516,0.0
interleaved_dynamic,382,91,-1,5,0.5790645955130458,0.0
interleaved_dynamic,383,91,-1,5,0.5711184116080403,0.0
interleaved_dynamic,384,91,-1,5,0.5716060055419803,0.0
interleaved_dynamic,385,91,-1,5,0.5724994000047445,0.0
interleaved_dynamic,386,91,-1,5,0.5741439992561936,0.0
interleaved_dynamic,387,91,-1,5,0.5687251919880509,0.0
interleaved_dynamic,388,91,-1,5,0.5787103902548552,0.0
interleaved_dynamic,389,91,-1,5,0.5676511907950044,0.0
interleaved_dynamic,390,91,-1,5,0.574109610170126,0.0
interleaved_dynamic,391,91,-1,5,0.5708012031391263,0.0
interleaved_dynamic,392,91,-1,5,0.5791665986180305,0.0
interleaved_dynamic,393,91,-1,5,0.6375201977789402,0.0
interleaved_dynamic,394,91,-1,5,0.5835718009620905,0.0
interleaved_dynamic,395,91,-1,5,0.5821455968543887,0.0
interleaved_dynamic,396,91,-1,5,0.5749386036768556,0.0
interleaved_dynamic,397,91,-1,5,0.576846394687891,0.0
interleaved_dynamic,398,91,-1,5,0.6321235792711377,0.0
interleaved_dynamic,399,91,-1,5,0.5904548102989793,0.0
interleaved_dynamic,400,91,-1,5,0.5716910120099783,0.0
interleaved_dynamic,401,91,-1,5,0.5746049806475639,0.0
interleaved_dynamic,402,91,-1,5,0.5736076040193439,0.0
interleaved_dynamic,403,91,-1,5,0.5727883893996477,0.0
interleaved_dynamic,404,91,-1,5,0.5800774088129401,0.0
interleaved_dynamic,405,91,-1,5,0.5763477878645062,0.0
interleaved_dynamic,406,91,-1,5,0.5701954010874033,0.0
interleaved_dynamic,407,91,-1,5,0.5729109980165958,0.0
interleaved_dynamic,408,91,-1,5,0.5723149981349707,0.0
interleaved_dynamic,409,91,-1,5,0.5653612082824111,0.0
interleaved_dynamic,410,91,-1,5,0.5711500067263842,0.0
interleaved_dynamic,411,91,-1,5,0.5736008053645492,0.0
interleaved_dynamic,412,91,-1,5,0.5783284083008766,0.0
interleaved_dynamic,413,91,-1,5,0.5694257793948054,0.0
interleaved_dynamic,414,91,-1,5,0.5713816033676267,0.0
interleaved_dynamic,415,91,-1,5,0.5806264001876116,0.0
interleaved_dynamic,416,91,-1,5,0.573903601616621,0.0
interleaved_dynamic,417,91,-1,5,0.574952200986445,0.0
interleaved_dynamic,418,91,-1,5,0.5872637964785099,0.0
interleaved_dynamic,419,91,-1,5,0.5855591967701912,0.0
interleaved_dynamic,420,91,-1,5,0.5635344190523028,0.0
interleaved_dynamic,421,91,-1,5,0.5738043924793601,0.0
interleaved_dynamic,422,91,-1,5,0.5799985956400633,0.0
interleaved_dynamic,423,91,-1,5,0.567999598570168,0.0
interleaved_dynamic,424,91,-1,5,0.5866053979843855,0.0
interleaved_dynamic,425,91,-1,5,0.5776288220658898,0.0
interleaved_dynamic,426,91,-1,5,0.575341610237956,0.0
interleaved_dynamic,427,91,-1,5,0.5683270050212741,0.0
interleaved_dynamic,428,91,-1,5,0.5689881974831223,0.0
interleaved_dynamic,429,91,-1,5,0.5749678006395698,0.0
interleaved_dynamic,430,91,-1,5,0.5659583956003189,0.0
interleaved_dynamic,431,91,-1,5,0.5817256169393659,0.0
interleaved_dynamic,432,91,-1,5,0.5703137954697013,0.0
interleaved_dynamic,433,91,-1,5,0.5763408029451966,0.0
interleaved_dynamic,434,91,-1,5,0.5714568076655269,0.0
interleaved_dynamic,435,91,-1,5,0.571187399327755,0.0
interleaved_dynamic,436,91,-1,5,0.5798531929031014,0.0
interleaved_dynamic,437,91,-1,5,0.5736848106607795,0.0
interleaved_dynamic,438,91,-1,5,0.5801956169307232,0.0
interleaved_dynamic,439,91,-1,5,0.5845295963808894,0.0
interleaved_dynamic,440,91,-1,5,0.5790092051029205,0.0
interleaved_dynamic,441,91,-1,5,0.5677278153598309,0.0
interleaved_dynamic,442,91,-1,5,0.5684962030500174,0.0
interleaved_dynamic,443,91,-1,5,0.5677092121914029,0.0
interleaved_dynamic,444,91,-1,5,0.57938601821661,0.0
interleaved_dynamic,445,91,-1,5,0.5720566026866436,0.0
interleaved_dynamic,446,91,-1,5,0.5771753843873739,0.0
interleaved_dynamic,447,91,-1,5,0.580464000813663,0.0
interleaved_dynamic,448,91,-1,5,0.5758628016337752,0.0
interleaved_dynamic,449,91,-1,5,0.5664253840222955,0.0
interleaved_dynamic,450,91,-1,5,0.579239591024816,0.0
interleaved_dynamic,451,91,-1,5,0.579330581240356,0.0
interleaved_dynamic,452,91,-1,5,0.5639754002913833,0.0
interleaved_dynamic,453,91,-1,5,0.5722997942939401,0.0
interleaved_dynamic,454,91,-1,5,0.5799369886517525,0.0
interleaved_dynamic,455,91,-1,5,0.5726984003558755,0.0
interleaved_dynamic,456,91,-1,5,0.5675160093232989,0.0
interleaved_dynamic,457,91,-1,5,0.5826683947816491,0.0
interleaved_dynamic,458,91,-1,5,0.5718198139220476,0.0
interleaved_dynamic,459,91,-1,5,0.5707293981686234,0.0
interleaved_dynamic,460,91,-1,5,0.5854029906913638,0.0
interleaved_dynamic,461,91,-1,5,0.5707680014893413,0.0
interleaved_dynamic,462,91,-1,5,0.5710094003006816,0.0
interleaved_dynamic,463,91,-1,5,0.5729176104068756,0.0
interleaved_dynamic,464,91,-1,5,0.57024578563869,0.0
interleaved_dynamic,465,91,-1,5,0.573020800948143,0.0
interleaved_dynamic,466,91,-1,5,0.5741919856518507,0.0
interleaved_dynamic,467,91,-1,5,0.573874986730516,0.0
interleaved_dynamic,468,91,-1,5,0.5664176074787974,0.0
interleaved_dynamic,469,91,-1,5,0.572810391895473,0.0
interleaved_dynamic,470,91,-1,5,0.5715140141546726,0.0
interleaved_dynamic,471,91,-1,5,0.572387408465147,0.0
interleaved_dynamic,472,91,-1,5,0.5762127926573157,0.0
interleaved_dynamic,473,91,-1,5,0.574020016938448,0.0
interleaved_dynamic,474,91,-1,5,0.5745436064898968,0.0
interleaved_dynamic,475,91,-1,5,0.570496404543519,0.0
interleaved_dynamic,476,91,-1,5,0.5836938042193651,0.0
interleaved_dynamic,477,91,-1,5,0.5664689932018518,0.0
interleaved_dynamic,478,91,-1,5,0.5726204020902514,0.0
interleaved_dynamic,479,91,-1,5,0.5830008070915937,0.0
interleaved_dynamic,480,91,-1,5,0.5735214101150632,0.0
interleaved_dynamic,481,91,-1,5,0.5732872057706118,0.0
interleaved_dynamic,482,91,-1,5,0.5799324018880725,0.0
interleaved_dynamic,483,91,-1,5,0.6045195972546935,0.0
interleaved_dynamic,484,91,-1,5,0.6008754018694162,0.0
interleaved_dynamic,485,91,-1,5,0.597345014102757,0.0
interleaved_dynamic,486,91,-1,5,0.6003689952194691,0.0
interleaved_dynamic,487,91,-1,5,0.5969684105366468,0.0
interleaved_dynamic,488,91,-1,5,0.5991675890982151,0.0
interleaved_dynamic,489,91,-1,5,0.6041679996997118,0.0
interleaved_dynamic,490,91,-1,5,0.6015593884512782,0.0
interleaved_dynamic,491,91,-1,5,0.5938454065471888,0.0
interleaved_dynamic,492,91,-1,5,0.5909251980483532,0.0
interleaved_dynamic,493,91,-1,5,0.5783297820016742,0.0
interleaved_dynamic,494,91,-1,5,0.583809008821845,0.0
interleaved_dynamic,495,91,-1,5,0.5747153889387846,0.0
interleaved_dynamic,496,91,-1,5,0.5844939965754747,0.0
interleaved_dynamic,497,91,-1,5,0.5812766030430794,0.0
interleaved_dynamic,498,91,-1,5,0.5819309968501329,0.0
interleaved_dynamic,499,91,-1,5,0.5911587970331311,0.0
prediction_noise,0,85,-1,5,0.6388114066794515,0.0
prediction_noise,1,85,-1,5,0.6338846171274781,0.0
prediction_noise,2,85,-1,5,0.6373019888997078,0.0
prediction_noise,3,85,-1,5,0.6389454007148743,0.0
prediction_noise,4,85,-1,5,0.6360265891999006,0.0
prediction_noise,5,85,-1,5,0.6337387952953577,0.0
prediction_noise,6,85,-1,5,0.6378449965268373,0.0
prediction_noise,7,85,50,5,0.8556568063795567,0.0
prediction_noise,8,85,-1,5,0.6439408054575324,0.0
prediction_noise,9,85,-1,5,0.6289746146649122,0.0
prediction_noise,10,85,-1,5,0.6384272128343582,0.0
prediction_noise,11,85,-1,5,0.6345900008454919,0.0
prediction_noise,12,85,-1,5,0.6380217848345637,0.0
prediction_noise,13,85,-1,5,0.635233405046165,0.0
prediction_noise,14,85,-1,5,0.6451419787481427,0.0
prediction_noise,15,85,-1,5,0.6470588035881519,0.0
prediction_noise,16,85,47,5,0.7708790013566613,0.0
prediction_noise,17,85,-1,5,0.6430077832192183,0.0
prediction_noise,18,85,-1,5,0.6316472077742219,0.0
prediction_noise,19,85,-1,5,0.687907007522881,0.0
prediction_noise,20,85,-1,5,0.8851966122165322,0.0
prediction_noise,21,85,-1,5,0.6395679898560047,0.0
prediction_noise,22,85,-1,5,0.6504451856017113,0.0
prediction_noise,23,85,-1,5,0.6378955906257033,0.0
prediction_noise,24,85,-1,5,0.625638198107481,0.0
prediction_noise,25,85,38,5,1.069342391565442,0.0
prediction_noise,26,85,-1,5,0.6358419777825475,0.0
prediction_noise,27,85,-1,5,0.6538310088217258,0.0
prediction_noise,28,85,46,5,0.6196666043251753,0.0
prediction_noise,29,85,-1,5,0.6299788132309914,0.0
prediction_noise,30,85,-1,5,0.6413588067516685,0.0
prediction_noise,31,85,-1,5,0.6375523982569575,0.0
prediction_noise,32,85,-1,5,0.6384900072589517,0.0
prediction_noise,33,85,30,5,0.6280540022999048,0.0
prediction_noise,34,85,-1,5,0.6408746121451259,0.0
prediction_noise,35,85,-1,5,0.6326316157355905,0.0
prediction_noise,36,85,-1,5,0.646530813537538,0.0
prediction_noise,37,85,-1,5,0.6402967963367701,0.0
prediction_noise,38,85,-1,5,0.6372611969709396,0.0
prediction_noise,39,85,-1,5,0.6427024025470018,0.0
prediction_noise,40,85,-1,5,0.6594118196517229,0.0
prediction_noise,41,85,-1,5,0.6649771938100457,0.0
prediction_noise,42,85,-1,5,0.6713839946314692,0.0
prediction_noise,43,85,-1,5,0.6683365907520056,0.0
prediction_noise,44,85,-1,5,0.6502818083390594,0.0
prediction_noise,45,85,-1,5,0.6536098197102547,0.0
prediction_noise,46,85,-1,5,0.653284415602684,0.0
prediction_noise,47,85,-1,5,0.653791381046176,0.0
prediction_noise,48,85,-1,5,0.6398383993655443,0.0
prediction_noise,49,85,-1,5,0.6503028096631169,0.0
prediction_noise,50,85,-1,5,0.6394554162397981,0.0
prediction_noise,51,85,-1,5,0.6423032144084573,0.0
prediction_noise,52,85,-1,5,0.6281644105911255,0.0
prediction_noise,53,85,-1,5,0.6331671960651875,0.0
prediction_noise,54,85,-1,5,0.6249701837077737,0.0
prediction_noise,55,85,-1,5,0.641372986137867,0.0
prediction_noise,56,85,-1,5,0.6507242098450661,0.0
prediction_noise,57,85,-1,5,0.6385918008163571,0.0
prediction_noise,58,85,-1,5,0.6376967998221517,0.0
prediction_noise,59,85,-1,5,0.6385047920048237,0.0
prediction_noise,60,85,-1,5,0.6460142089053988,0.0
prediction_noise,61,85,-1,5,0.6427599815651774,0.0
prediction_noise,62,85,-1,5,0.6478541996330023,0.0
prediction_noise,63,85,-1,5,0.6408568006008863,0.0
prediction_noise,64,85,-1,5,0.6398792145773768,0.0
prediction_noise,65,85,-1,5,0.6543095922097564,0.0
prediction_noise,66,85,-1,5,0.6399207981303334,0.0
prediction_noise,67,85,-1,5,0.6513077998533845,0.0
prediction_noise,68,85,-1,5,0.6403736071661115,0.0
prediction_noise,69,85,-1,5,0.6414684001356363,0.0
prediction_noise,70,85,-1,5,0.6450733868405223,0.0
prediction_noise,71,85,-1,5,0.661727786064148,0.0
prediction_noise,72,85,50,5,0.6197737995535135,0.0
prediction_noise,73,85,-1,5,0.6573172053322196,0.0
prediction_noise,74,85,-1,5,0.6376339821144938,0.0
prediction_noise,75,85,-1,5,0.6397111807018518,0.0
prediction_noise,76,85,-1,5,0.6335260113701224,0.0
prediction_noise,77,85,-1,5,0.6455499911680818,0.0
prediction_noise,78,85,-1,5,0.6385490065440536,0.0
prediction_noise,79,85,-1,5,0.6606248207390308,0.0
prediction_noise,80,85,-1,5,0.6633735960349441,0.0
prediction_noise,81,85,-1,5,0.6486593978479505,0.0
prediction_noise,82,85,-1,5,0.6759844021871686,0.0
prediction_noise,83,85,-1,5,0.668717990629375,0.0
prediction_noise,84,85,-1,5,0.6454912014305592,0.0
prediction_noise,85,85,-1,5,0.6405774038285017,0.0
prediction_noise,86,85,-1,5,0.6565183866769075,0.0
prediction_noise,87,85,-1,5,0.6398615892976522,0.0
prediction_noise,88,85,-1,5,0.6657009944319725,0.0
prediction_noise,89,85,-1,5,0.6368445931002498,0.0
prediction_noise,90,85,-1,5,0.6363192107528448,0.0
prediction_noise,91,85,-1,5,0.6379076046869159,0.0
prediction_noise,92,85,46,5,1.3207165990024805,0.0
prediction_noise,93,85,-1,5,0.6518410053104162,0.0
prediction_noise,94,85,-1,5,0.6281865993514657,0.0
prediction_noise,95,85,-1,5,0.719990604557097,0.0
prediction_noise,96,85,-1,5,0.6455059861764312,0.0
prediction_noise,97,85,-1,5,0.6314799888059497,0.0
prediction_noise,98,85,-1,5,0.6440466037020087,0.0
prediction_noise,99,85,48,5,1.2061163783073425,0.0
prediction_noise,100,85,-1,5,0.8211683947592974,0.0
prediction_noise,101,85,-1,5,0.6702763959765434,0.0
prediction_noise,102,85,-1,5,0.670265406370163,0.0
prediction_noise,103,85,-1,5,0.6502080010250211,0.0
prediction_noise,104,85,-1,5,0.6292867939919233,0.0
prediction_noise,105,85,-1,5,0.6330722011625767,0.0
prediction_noise,106,85,60,5,0.6361281964927912,0.0
prediction_noise,107,85,-1,5,0.6348550086840987,0.0
prediction_noise,108,85,-1,5,0.6444114027544856,0.0
prediction_noise,109,85,-1,5,0.6393920164555311,0.0
prediction_noise,110,85,-1,5,0.6379448110237718,0.0
prediction_noise,111,85,40,5,0.6166010163724422,0.0
prediction_noise,112,85,-1,5,0.656515802256763,0.0
prediction_noise,113,85,46,5,0.6177084054797888,0.0
prediction_noise,114,85,-1,5,0.6874578073620796,0.0
prediction_noise,115,85,-1,5,0.6363027961924672,0.0
prediction_noise,116,85,-1,5,0.6528976140543818,0.0
prediction_noise,117,85,-1,5,0.6344264140352607,0.0
prediction_noise,118,85,-1,5,0.6380626000463963,0.0
prediction_noise,119,85,-1,5,0.6363971857354045,0.0
prediction_noise,120,85,-1,5,0.6334006087854505,0.0
prediction_noise,121,85,-1,5,0.6413110066205263,0.0
prediction_noise,122,85,-1,5,0.6383993895724416,0.0
prediction_noise,123,85,-1,5,0.6481625838205218,0.0
prediction_noise,124,85,-1,5,0.6307757925242186,0.0
prediction_noise,125,85,-1,5,0.6302771857008338,0.0
prediction_noise,126,85,-1,5,0.6351626012474298,0.0
prediction_noise,127,85,-1,5,0.6340054096654058,0.0
prediction_noise,128,85,-1,5,0.6354382028803229,0.0
prediction_noise,129,85,-1,5,0.6469744024798274,0.0
prediction_noise,130,85,-1,5,0.6356597878038883,0.0
prediction_noise,131,85,-1,5,0.6430462002754211,0.0
prediction_noise,132,85,-1,5,0.6430264096707106,0.0
prediction_noise,133,85,-1,5,0.6356226047500968,0.0
prediction_noise,134,85,-1,5,0.6454006070271134,0.0
prediction_noise,135,85,-1,5,0.6405171938240528,0.0
prediction_noise,136,85,-1,5,0.6386345950886607,0.0
prediction_noise,137,85,-1,5,0.6343131884932518,0.0
prediction_noise,138,85,-1,5,0.6393457995727658,0.0
prediction_noise,139,85,-1,5,0.6392391864210367,0.0
prediction_noise,140,85,-1,5,0.6485143909230828,0.0
prediction_noise,141,85,-1,5,0.6355032091960311,0.0
prediction_noise,142,85,-1,5,0.6370485993102193,0.0
prediction_noise,143,85,-1,5,0.6505954079329967,0.0
prediction_noise,144,85,-1,5,0.8174854097887874,0.0
prediction_noise,145,85,-1,5,0.7323889993131161,0.0
prediction_noise,146,85,-1,5,0.6689564092084765,0.0
prediction_noise,147,85,-1,5,0.675374991260469,0.0
prediction_noise,148,85,-1,5,0.6786890095099807,0.0
prediction_noise,149,85,-1,5,0.6547091994434595,0.0
prediction_noise,150,85,-1,5,0.6428649881854653,0.0
prediction_noise,151,85,-1,5,0.6414452102035284,0.0
prediction_noise,152,85,-1,5,0.6473163841292262,0.0
prediction_noise,153,85,-1,5,0.6454512011259794,0.0
prediction_noise,154,85,-1,5,0.6374371936544776,0.0
prediction_noise,155,85,-1,5,0.6407866021618247,0.0
prediction_noise,156,85,-1,5,0.6317337974905968,0.0
prediction_noise,157,85,-1,5,0.6341545842587948,0.0
prediction_noise,158,85,-1,5,0.6404989864677191,0.0
prediction_noise,159,85,-1,5,0.8287827949970961,0.0
prediction_noise,160,85,-1,5,0.6359118036925793,0.0
prediction_noise,161,85,-1,5,0.6293918006122112,0.0
prediction_noise,162,85,-1,5,0.6312309997156262,0.0
prediction_noise,163,85,-1,5,0.6460346048697829,0.0
prediction_noise,164,85,-1,5,0.6421056110411882,0.0
prediction_noise,165,85,-1,5,0.6363952066749334,0.0
prediction_noise,166,85,-1,5,0.6330205826088786,0.0
prediction_noise,167,85,-1,5,0.6554780062288046,0.0
prediction_noise,168,85,52,5,0.6346566136926413,0.0
prediction_noise,169,85,-1,5,0.64191659912467,0.0
prediction_noise,170,85,-1,5,0.6595829967409372,0.0
prediction_noise,171,85,-1,5,0.631079007871449,0.0
prediction_noise,172,85,-1,5,0.6410565925762057,0.0
prediction_noise,173,85,-1,5,0.6440965924412012,0.0
prediction_noise,174,85,-1,5,0.6273073842749,0.0
prediction_noise,175,85,-1,5,0.6318662082776427,0.0
prediction_noise,176,85,-1,5,0.6401272024959326,0.0
prediction_noise,177,85,-1,5,0.6456492003053427,0.0
prediction_noise,178,85,-1,5,0.6293985992670059,0.0
prediction_noise,179,85,-1,5,0.6324676098302007,0.0
prediction_noise,180,85,-1,5,0.6507217884063721,0.0
prediction_noise,181,85,-1,5,0.6353233940899372,0.0
prediction_noise,182,85,-1,5,0.6318839965388179,0.0
prediction_noise,183,85,-1,5,0.635837996378541,0.0
prediction_noise,184,85,-1,5,0.6338150007650256,0.0
prediction_noise,185,85,-1,5,0.6355596007779241,0.0
prediction_noise,186,85,-1,5,0.6354592042043805,0.0
prediction_noise,187,85,-1,5,0.6462205899879336,0.0
prediction_noise,188,85,-1,5,0.6289576180279255,0.0
prediction_noise,189,85,-1,5,0.6439395947381854,0.0
prediction_noise,190,85,-1,5,0.6289586191996932,0.0
prediction_noise,191,85,-1,5,0.6394381867721677,0.0
prediction_noise,192,85,-1,5,0.6379422033205628,0.0
prediction_noise,193,85,-1,5,0.6533056031912565,0.0
prediction_noise,194,85,-1,5,0.6368787959218025,0.0
prediction_noise,195,85,-1,5,0.6325937807559967,0.0
prediction_noise,196,85,-1,5,0.6345523986965418,0.0
prediction_noise,197,85,-1,5,0.6378027843311429,0.0
prediction_noise,198,85,-1,5,0.6539931986480951,0.0
prediction_noise,199,85,-1,5,0.6543518044054508,0.0
prediction_noise,200,85,-1,5,0.6336226128041744,0.0
prediction_noise,201,85,-1,5,0.6468510022386909,0.0
prediction_noise,202,85,-1,5,0.6304758135229349,0.0
prediction_noise,203,85,-1,5,0.6417026044800878,0.0
prediction_noise,204,85,-1,5,0.6309153977781534,0.0
prediction_noise,205,85,-1,5,0.6309782154858112,0.0
prediction_noise,206,85,-1,5,0.6243054056540132,0.0
prediction_noise,207,85,-1,5,0.6368305999785662,0.0
prediction_noise,208,85,-1,5,0.6543267983943224,0.0
prediction_noise,209,85,-1,5,0.6483649834990501,0.0
prediction_noise,210,85,-1,5,0.6745083956047893,0.0
prediction_noise,211,85,-1,5,0.666652200743556,0.0
prediction_noise,212,85,-1,5,0.667970790527761,0.0
prediction_noise,213,85,-1,5,0.6571023957803845,0.0
prediction_noise,214,85,-1,5,0.6368152098730206,0.0
prediction_noise,215,85,-1,5,0.6406620144844055,0.0
prediction_noise,216,85,-1,5,0.6479085888713598,0.0
prediction_noise,217,85,-1,5,0.6452129920944571,0.0
prediction_noise,218,85,53,5,0.6158328149467707,0.0
prediction_noise,219,85,-1,5,0.6321453955024481,0.0
prediction_noise,220,85,-1,5,0.63642761670053,0.0
prediction_noise,221,85,-1,5,0.6426031934097409,0.0
prediction_noise,222,85,-1,5,0.637943996116519,0.0
prediction_noise,223,85,39,5,0.8347299881279469,0.0
prediction_noise,224,85,-1,5,0.6510984152555466,0.0
prediction_noise,225,85,-1,5,0.6403464125469327,0.0
prediction_noise,226,85,-1,5,0.6310697877779603,0.0
prediction_noise,227,85,-1,5,0.6451071938499808,0.0
prediction_noise,228,85,-1,5,0.6369295995682478,0.0
prediction_noise,229,85,39,5,0.6183396093547344,0.0
prediction_noise,230,85,-1,5,0.6370687857270241,0.0
prediction_noise,231,85,-1,5,0.6394674070179462,0.0
prediction_noise,232,85,-1,5,0.6324767833575606,0.0
prediction_noise,233,85,-1,5,0.6327758077532053,0.0
prediction_noise,234,85,-1,5,0.6352836033329368,0.0
prediction_noise,235,85,-1,5,0.6378157995641232,0.0
prediction_noise,236,85,-1,5,0.637437216937542,0.0
prediction_noise,237,85,-1,5,0.6376652047038078,0.0
prediction_noise,238,85,-1,5,0.630736188031733,0.0
prediction_noise,239,85,-1,5,0.6437022006139159,0.0
prediction_noise,240,85,-1,5,0.627028988674283,0.0
prediction_noise,241,85,-1,5,0.6392510142177343,0.0
prediction_noise,242,85,-1,5,0.6390553899109364,0.0
prediction_noise,243,85,-1,5,0.6451955996453762,0.0
prediction_noise,244,85,-1,5,0.6409464171156287,0.0
prediction_noise,245,85,-1,5,0.6481432123109698,0.0
prediction_noise,246,85,-1,5,0.6334071978926659,0.0
prediction_noise,247,85,-1,5,0.6723767844960093,0.0
prediction_noise,248,85,-1,5,0.6361741805449128,0.0
prediction_noise,249,85,-1,5,0.6505490047857165,0.0
prediction_noise,250,85,-1,5,0.6440824130550027,0.0
prediction_noise,251,85,-1,5,0.6367932073771954,0.0
prediction_noise,252,85,-1,5,0.6444120081141591,0.0
prediction_noise,253,85,-1,5,0.634538009762764,0.0
prediction_noise,254,85,-1,5,0.6362475920468569,0.0
prediction_noise,255,85,-1,5,0.6403948180377483,0.0
prediction_noise,256,85,-1,5,0.6361660081893206,0.0
prediction_noise,257,85,-1,5,0.6392538081854582,0.0
prediction_noise,258,85,-1,5,0.6415565963834524,0.0
prediction_noise,259,85,-1,5,0.636240397579968,0.0
prediction_noise,260,85,-1,5,0.6451724097132683,0.0
prediction_noise,261,85,-1,5,0.646316003985703,0.0
prediction_noise,262,85,-1,5,0.6393846124410629,0.0
prediction_noise,263,85,-1,5,0.6393346004188061,0.0
prediction_noise,264,85,-1,5,0.6410712143406272,0.0
prediction_noise,265,85,-1,5,0.6462093908339739,0.0
prediction_noise,266,85,-1,5,0.6367372116073966,0.0
prediction_noise,267,85,-1,5,0.6478753872215748,0.0
prediction_noise,268,85,-1,5,0.6363119930028915,0.0
prediction_noise,269,85,-1,5,0.6335000041872263,0.0
prediction_noise,270,85,-1,5,0.6449573906138539,0.0
prediction_noise,271,85,-1,5,0.629498204216361,0.0
prediction_noise,272,85,-1,5,0.6365914130583405,0.0
prediction_noise,273,85,-1,5,0.6562461843714118,0.0
prediction_noise,274,85,-1,5,0.6358921993523836,0.0
prediction_noise,275,85,-1,5,0.6355714052915573,0.0
prediction_noise,276,85,-1,5,0.648204586468637,0.0
prediction_noise,277,85,63,5,0.6530449958518147,0.0
prediction_noise,278,85,-1,5,0.6517102010548115,0.0
prediction_noise,279,85,-1,5,0.6484826095402241,0.0
prediction_noise,280,85,-1,5,0.6405388005077839,0.0
prediction_noise,281,85,-1,5,0.6523667834699154,0.0
prediction_noise,282,85,38,5,0.6029372103512287,0.0
prediction_noise,283,85,-1,5,0.6494435947388411,0.0
prediction_noise,284,85,-1,5,0.6356630008667707,0.0
prediction_noise,285,85,-1,5,0.6451820023357868,0.0
prediction_noise,286,85,-1,5,0.6285740062594414,0.0
prediction_noise,287,85,-1,5,0.632112193852663,0.0
prediction_noise,288,85,-1,5,0.6427544169127941,0.0
prediction_noise,289,85,-1,5,0.663260999135673,0.0
prediction_noise,290,85,-1,5,0.6304014008492231,0.0
prediction_noise,291,85,48,5,0.6854098057374358,0.0
prediction_noise,292,85,-1,5,0.6453275913372636,0.0
prediction_noise,293,85,-1,5,0.6303998176008463,0.0
prediction_noise,294,85,-1,5,0.6316036218777299,0.0
prediction_noise,295,85,-1,5,0.633013597689569,0.0
prediction_noise,296,85,-1,5,0.6596661871299148,0.0
prediction_noise,297,85,-1,5,0.6489007966592908,0.0
prediction_noise,298,85,58,5,0.6327270064502954,0.0
prediction_noise,299,85,-1,5,0.6337326020002365,0.0
prediction_noise,300,85,-1,5,0.6376469973474741,0.0
prediction_noise,301,85,-1,5,0.6698498036712408,0.0
prediction_noise,302,85,-1,5,0.6668198155239224,0.0
prediction_noise,303,85,-1,5,0.6305786082521081,0.0
prediction_noise,304,85,57,5,1.2085603782907128,0.0
prediction_noise,305,85,-1,5,0.6398648023605347,0.0
prediction_noise,306,85,-1,5,0.6428214022889733,0.0
prediction_noise,307,85,-1,5,0.6380833918228745,0.0
prediction_noise,308,85,-1,5,0.6538472138345242,0.0
prediction_noise,309,85,31,5,0.6358596030622721,0.0
prediction_noise,310,85,-1,5,0.6313725840300322,0.0
prediction_noise,311,85,-1,5,0.6385128013789654,0.0
prediction_noise,312,85,-1,5,0.6580000044777989,0.0
prediction_noise,313,85,-1,5,0.6490352097898722,0.0
prediction_noise,314,85,-1,5,0.6553418003022671,0.0
prediction_noise,315,85,39,5,0.6475502159446478,0.0
prediction_noise,316,85,-1,5,0.6421735975891352,0.0
prediction_noise,317,85,-1,5,0.6383925909176469,0.0
prediction_noise,318,85,-1,5,0.6523830117657781,0.0
prediction_noise,319,85,-1,5,0.6476392038166523,0.0
prediction_noise,320,85,-1,5,0.6424783961847425,0.0
prediction_noise,321,85,-1,5,0.6530278129503131,0.0
prediction_noise,322,85,-1,5,0.6448236061260104,0.0
prediction_noise,323,85,-1,5,0.6512231891974807,0.0
prediction_noise,324,85,-1,5,0.654636207036674,0.0
prediction_noise,325,85,-1,5,0.6427454063668847,0.0
prediction_noise,326,85,-1,5,0.6454733898863196,0.0
prediction_noise,327,85,-1,5,0.6443154066801071,0.0
prediction_noise,328,85,-1,5,0.6570567842572927,0.0
prediction_noise,329,85,-1,5,0.6431428017094731,0.0
prediction_noise,330,85,-1,5,0.6363041931763291,0.0
prediction_noise,331,85,-1,5,0.6281055975705385,0.0
prediction_noise,332,85,-1,5,0.6474175956100225,0.0
prediction_noise,333,85,-1,5,0.638372590765357,0.0
prediction_noise,334,85,-1,5,0.6457669893279672,0.0
prediction_noise,335,85,-1,5,0.6399767939001322,0.0
prediction_noise,336,85,-1,5,0.7861304096877575,0.0
prediction_noise,337,85,-1,5,0.6458566058427095,0.0
prediction_noise,338,85,-1,5,0.633841403760016,0.0
prediction_noise,339,85,-1,5,0.6350393872708082,0.0
prediction_noise,340,85,-1,5,0.6304024020209908,0.0
prediction_noise,341,85,-1,5,0.6325583904981613,0.0
prediction_noise,342,85,-1,5,0.964388600550592,0.0
prediction_noise,343,85,-1,5,0.645958399400115,0.0
prediction_noise,344,85,-1,5,0.6575366016477346,0.0
prediction_noise,345,85,-1,5,0.6675108103081584,0.0
prediction_noise,346,85,-1,5,0.6288561969995499,0.0
prediction_noise,347,85,-1,5,0.6445348029956222,0.0
prediction_noise,348,85,-1,5,0.6441286066547036,0.0
prediction_noise,349,85,-1,5,0.6483992096036673,0.0
prediction_noise,350,85,-1,5,0.6346208043396473,0.0
prediction_noise,351,85,-1,5,0.6565395975485444,0.0
prediction_noise,352,85,-1,5,0.6490268046036363,0.0
prediction_noise,353,85,-1,5,0.6329771829769015,0.0
prediction_noise,354,85,-1,5,0.6461418000981212,0.0
prediction_noise,355,85,-1,5,0.6454626098275185,0.0
prediction_noise,356,85,38,5,0.6023760186508298,0.0
prediction_noise,357,85,-1,5,0.6381605984643102,0.0
prediction_noise,358,85,-1,5,0.6563966162502766,0.0
prediction_noise,359,85,-1,5,0.6403746083378792,0.0
prediction_noise,360,85,-1,5,0.6482033990323544,0.0
prediction_noise,361,85,-1,5,0.6473371991887689,0.0
prediction_noise,362,85,-1,5,0.6317179882898927,0.0
prediction_noise,363,85,-1,5,0.6304653827100992,0.0
prediction_noise,364,85,-1,5,0.6401760037988424,0.0
prediction_noise,365,85,-1,5,0.6411532172933221,0.0
prediction_noise,366,85,-1,5,0.6407822016626596,0.0
prediction_noise,367,85,-1,5,0.6880568107590079,0.0
prediction_noise,368,85,-1,5,0.6322589935734868,0.0
prediction_noise,369,85,-1,5,0.634982599876821,0.0
prediction_noise,370,85,-1,5,0.6541568087413907,0.0
prediction_noise,371,85,-1,5,0.6358558079227805,0.0
prediction_noise,372,85,-1,5,0.6317915860563517,0.0
prediction_noise,373,85,-1,5,0.6318983854725957,0.0
prediction_noise,374,85,-1,5,0.6473553832620382,0.0
prediction_noise,375,85,-1,5,0.6679224083200097,0.0
prediction_noise,376,85,-1,5,0.6664179963991046,0.0
prediction_noise,377,85,-1,5,0.6697500124573708,0.0
prediction_noise,378,85,-1,5,0.6660551996901631,0.0
prediction_noise,379,85,-1,5,0.67606121301651,0.0
prediction_noise,380,85,-1,5,0.665108603425324,0.0
prediction_noise,381,85,-1,5,0.6490952102467418,0.0
prediction_noise,382,85,-1,5,0.902413809671998,0.0
prediction_noise,383,85,-1,5,0.6465182173997164,0.0
prediction_noise,384,85,-1,5,0.6394530180841684,0.0
prediction_noise,385,85,-1,5,0.7351726060733199,0.0
prediction_noise,386,85,-1,5,0.6408696062862873,0.0
prediction_noise,387,85,-1,5,0.6382656050845981,0.0
prediction_noise,388,85,-1,5,0.6478623952716589,0.0
prediction_noise,389,85,-1,5,0.6357998121529818,0.0
prediction_noise,390,85,-1,5,0.6760335993021727,0.0
prediction_noise,391,85,-1,5,0.6331909913569689,0.0
prediction_noise,392,85,49,5,1.2061913963407278,0.0
prediction_noise,393,85,-1,5,0.6409664172679186,0.0
prediction_noise,394,85,-1,5,0.6443816004320979,0.0
prediction_noise,395,85,-1,5,0.6446402054280043,0.0
prediction_noise,396,85,-1,5,0.6351985968649387,0.0
prediction_noise,397,85,-1,5,0.6594846025109291,0.0
prediction_noise,398,85,-1,5,0.6397735793143511,0.0
prediction_noise,399,85,-1,5,0.7324676029384136,0.0
prediction_noise,400,85,-1,5,0.6519343936815858,0.0
prediction_noise,401,85,-1,5,0.6537331966683269,0.0
prediction_noise,402,85,-1,5,0.6292402045801282,0.0
prediction_noise,403,85,-1,5,0.644589401781559,0.0
prediction_noise,404,85,-1,5,0.6473017856478691,0.0
prediction_noise,405,85,-1,5,0.6317344028502703,0.0
prediction_noise,406,85,-1,5,0.6292261881753802,0.0
prediction_noise,407,85,-1,5,0.6425989791750908,0.0
prediction_noise,408,85,-1,5,0.6597836036235094,0.0
prediction_noise,409,85,-1,5,0.6345719797536731,0.0
prediction_noise,410,85,-1,5,0.6368863862007856,0.0
prediction_noise,411,85,-1,5,0.6345151923596859,0.0
prediction_noise,412,85,-1,5,0.641040806658566,0.0
prediction_noise,413,85,-1,5,0.6421850062906742,0.0
prediction_noise,414,85,-1,5,0.64721021335572,0.0
prediction_noise,415,85,-1,5,0.6324647925794125,0.0
prediction_noise,416,85,-1,5,0.6351228104904294,0.0
prediction_noise,417,85,-1,5,0.6459610071033239,0.0
prediction_noise,418,85,-1,5,0.6357647944241762,0.0
prediction_noise,419,85,-1,5,0.6375537952408195,0.0
prediction_noise,420,85,49,5,0.6215747911483049,0.0
prediction_noise,421,85,-1,5,0.6516558118164539,0.0
prediction_noise,422,85,-1,5,0.6419266108423471,0.0
prediction_noise,423,85,-1,5,0.8856571977958083,0.0
prediction_noise,424,85,-1,5,0.6482548080384731,0.0
prediction_noise,425,85,-1,5,0.652572582475841,0.0
prediction_noise,426,85,-1,5,0.6776828086003661,0.0
prediction_noise,427,85,50,5,0.6463696015998721,0.0
prediction_noise,428,85,-1,5,0.6735383998602629,0.0
prediction_noise,429,85,-1,5,0.6398303899914026,0.0
prediction_noise,430,85,-1,5,0.6613638019189239,0.0
prediction_noise,431,85,-1,5,0.6574010010808706,0.0
prediction_noise,432,85,-1,5,0.8504284080117941,0.0
prediction_noise,433,85,47,5,0.6196727976202965,0.0
prediction_noise,434,85,-1,5,0.6519744172692299,0.0
prediction_noise,435,85,-1,5,0.630978005938232,0.0
prediction_noise,436,85,-1,5,0.6519591901451349,0.0
prediction_noise,437,85,-1,5,0.6462215911597013,0.0
prediction_noise,438,85,-1,5,0.6424079881981015,0.0
prediction_noise,439,85,-1,5,0.6541860057041049,0.0
prediction_noise,440,85,-1,5,0.6396685959771276,0.0
prediction_noise,441,85,-1,5,0.6415170151740313,0.0
prediction_noise,442,85,-1,5,0.636918586678803,0.0
prediction_noise,443,85,-1,5,0.6344052031636238,0.0
prediction_noise,444,85,-1,5,0.6312482059001923,0.0
prediction_noise,445,85,-1,5,0.6410657893866301,0.0
prediction_noise,446,85,-1,5,0.6440242053940892,0.0
prediction_noise,447,85,-1,5,0.6369756069034338,0.0
prediction_noise,448,85,-1,5,0.6488480139523745,0.0
prediction_noise,449,85,-1,5,0.6322965957224369,0.0
prediction_noise,450,85,-1,5,0.6751937791705132,0.0
prediction_noise,451,85,-1,5,0.6651337957009673,0.0
prediction_noise,452,85,-1,5,0.6448582047596574,0.0
prediction_noise,453,85,-1,5,0.6388643989339471,0.0
prediction_noise,454,85,-1,5,0.6416398100554943,0.0
prediction_noise,455,85,-1,5,0.6465902086347342,0.0
prediction_noise,456,85,-1,5,0.6472945911809802,0.0
prediction_noise,457,85,-1,5,0.6497442023828626,0.0
prediction_noise,458,85,-1,5,0.6477018119767308,0.0
prediction_noise,459,85,-1,5,0.648052804172039,0.0
prediction_noise,460,85,-1,5,0.6341399857774377,0.0
prediction_noise,461,85,-1,5,0.6573991850018501,0.0
prediction_noise,462,85,-1,5,0.6327579962089658,0.0
prediction_noise,463,85,-1,5,0.6362703861668706,0.0
prediction_noise,464,85,-1,5,0.6580875953659415,0.0
prediction_noise,465,85,-1,5,0.6630877964198589,0.0
prediction_noise,466,85,55,5,0.6306556053459644,0.0
prediction_noise,467,85,-1,5,0.6359888007864356,0.0
prediction_noise,468,85,-1,5,0.649156398139894,0.0
prediction_noise,469,85,-1,5,0.638187606818974,0.0
prediction_noise,470,85,-1,5,0.66034821793437,0.0
prediction_noise,471,85,-1,5,0.6707359803840518,0.0
prediction_noise,472,85,-1,5,0.7542130071669817,0.0
prediction_noise,473,85,-1,5,0.8848001947626472,0.0
prediction_noise,474,85,-1,5,0.635619810782373,0.0
prediction_noise,475,85,-1,5,0.6408951943740249,0.0
prediction_noise,476,85,-1,5,0.653606210835278,0.0
prediction_noise,477,85,-1,5,0.6678722100332379,0.0
prediction_noise,478,85,47,5,0.9808100061491132,0.0
prediction_noise,479,85,-1,5,0.633915001526475,0.0
prediction_noise,480,85,-1,5,0.6360381841659546,0.0
prediction_noise,481,85,-1,5,0.6346289999783039,0.0
prediction_noise,482,85,-1,5,0.6487173959612846,0.0
prediction_noise,483,85,-1,5,0.6419261917471886,0.0
prediction_noise,484,85,-1,5,0.6389666115865111,0.0
prediction_noise,485,85,-1,5,0.6476535927504301,0.0
prediction_noise,486,85,-1,5,0.6345720030367374,0.0
prediction_noise,487,85,-1,5,0.8612058125436306,0.0
prediction_noise,488,85,-1,5,0.6374574033543468,0.0
prediction_noise,489,85,-1,5,0.6454981863498688,0.0
prediction_noise,490,85,-1,5,0.6368928123265505,0.0
prediction_noise,491,85,-1,5,0.6377108162268996,0.0
prediction_noise,492,85,-1,5,0.6407585926353931,0.0
prediction_noise,493,85,-1,5,0.6291775964200497,0.0
prediction_noise,494,85,-1,5,0.6359548075124621,0.0
prediction_noise,495,85,-1,5,0.6434030132368207,0.0
prediction_noise,496,85,-1,5,0.644973199814558,0.0
prediction_noise,497,85,-1,5,0.6329783936962485,0.0
prediction_noise,498,85,-1,5,0.6342187989503145,0.0
prediction_noise,499,85,-1,5,0.6432106019929051,0.0
delayed_crossing,0,69,-1,5,0.49619481433182955,0.0
delayed_crossing,1,69,-1,5,0.49573001451790333,0.0
delayed_crossing,2,69,-1,5,0.5060628056526184,0.0
delayed_crossing,3,69,-1,5,0.505603407509625,0.0
delayed_crossing,4,69,-1,5,0.49745801370590925,0.0
delayed_crossing,5,69,-1,5,0.49482081085443497,0.0
delayed_crossing,6,69,-1,5,0.4986991873010993,0.0
delayed_crossing,7,69,-1,5,0.5010174121707678,0.0
delayed_crossing,8,69,-1,5,0.5028370069339871,0.0
delayed_crossing,9,69,-1,5,0.4994683898985386,0.0
delayed_crossing,10,69,-1,5,0.5063052056357265,0.0
delayed_crossing,11,69,-1,5,0.49947339575737715,0.0
delayed_crossing,12,69,-1,5,0.5045440047979355,0.0
delayed_crossing,13,69,-1,5,0.502702803350985,0.0
delayed_crossing,14,69,-1,5,0.4940010141581297,0.0
delayed_crossing,15,69,-1,5,0.5125696072354913,0.0
delayed_crossing,16,69,-1,5,0.4959271987900138,0.0
delayed_crossing,17,69,-1,5,0.498213991522789,0.0
delayed_crossing,18,69,-1,5,0.49843480810523033,0.0
delayed_crossing,19,69,-1,5,0.5081531824544072,0.0
delayed_crossing,20,69,-1,5,0.5312752211466432,0.0
delayed_crossing,21,69,-1,5,0.4933340009301901,0.0
delayed_crossing,22,69,-1,5,0.49924119375646114,0.0
delayed_crossing,23,69,-1,5,0.50674460362643,0.0
delayed_crossing,24,69,-1,5,0.49881478771567345,0.0
delayed_crossing,25,69,-1,5,0.5017256131395698,0.0
delayed_crossing,26,69,-1,5,0.508635607548058,0.0
delayed_crossing,27,69,-1,5,0.4989390028640628,0.0
delayed_crossing,28,69,-1,5,0.5033135879784822,0.0
delayed_crossing,29,69,-1,5,0.4996395902708173,0.0
delayed_crossing,30,69,-1,5,0.49746260046958923,0.0
delayed_crossing,31,69,-1,5,0.49740320537239313,0.0
delayed_crossing,32,69,-1,5,0.4952716175466776,0.0
delayed_crossing,33,69,-1,5,0.49677619244903326,0.0
delayed_crossing,34,69,-1,5,0.4999472061172128,0.0
delayed_crossing,35,69,-1,5,0.509869190864265,0.0
delayed_crossing,36,69,-1,5,0.5122165894135833,0.0
delayed_crossing,37,69,-1,5,0.4970415960997343,0.0
delayed_crossing,38,69,-1,5,0.5030110012739897,0.0
delayed_crossing,39,69,-1,5,0.5097109824419022,0.0
delayed_crossing,40,69,-1,5,0.4970350069925189,0.0
delayed_crossing,41,69,-1,5,0.5006659775972366,0.0
delayed_crossing,42,69,-1,5,0.497694406658411,0.0
delayed_crossing,43,69,-1,5,0.49439999274909496,0.0
delayed_crossing,44,69,-1,5,0.5033984081819654,0.0
delayed_crossing,45,69,-1,5,0.5023093894124031,0.0
delayed_crossing,46,69,-1,5,0.4945305874571204,0.0
delayed_crossing,47,69,-1,5,0.5101328017190099,0.0
delayed_crossing,48,69,-1,5,0.4938296042382717,0.0
delayed_crossing,49,69,-1,5,0.4937676014378667,0.0
delayed_crossing,50,69,-1,5,0.4995224066078663,0.0
delayed_crossing,51,69,-1,5,0.5011801840737462,0.0
delayed_crossing,52,69,-1,5,0.5009472137317061,0.0
delayed_crossing,53,69,-1,5,0.5044877994805574,0.0
delayed_crossing,54,69,-1,5,0.49693239852786064,0.0
delayed_crossing,55,69,-1,5,0.4960092017427087,0.0
delayed_crossing,56,69,-1,5,0.4935092059895396,0.0
delayed_crossing,57,69,-1,5,0.5004270002245903,0.0
delayed_crossing,58,69,-1,5,0.49714879132807255,0.0
delayed_crossing,59,69,-1,5,0.5037252092733979,0.0
delayed_crossing,60,69,-1,5,0.4940020153298974,0.0
delayed_crossing,61,69,-1,5,0.5197796039283276,0.0
delayed_crossing,62,69,-1,5,0.5031057866290212,0.0
delayed_crossing,63,69,-1,5,0.4970638081431389,0.0
delayed_crossing,64,69,-1,5,0.4946140106767416,0.0
delayed_crossing,65,69,-1,5,0.5096480017527938,0.0
delayed_crossing,66,69,-1,5,0.49998678732663393,0.0
delayed_crossing,67,69,-1,5,0.5065541947260499,0.0
delayed_crossing,68,69,-1,5,0.5040993914008141,0.0
delayed_crossing,69,69,-1,5,0.5049580009654164,0.0
delayed_crossing,70,69,-1,5,0.49793380312621593,0.0
delayed_crossing,71,69,-1,5,0.5005237879231572,0.0
delayed_crossing,72,69,-1,5,0.4963385872542858,0.0
delayed_crossing,73,69,-1,5,0.4963486222550273,0.0
delayed_crossing,74,69,-1,5,0.4947354085743427,0.0
delayed_crossing,75,69,-1,5,0.49075738061219454,0.0
delayed_crossing,76,69,-1,5,0.4948606016114354,0.0
delayed_crossing,77,69,-1,5,0.4950509872287512,0.0
delayed_crossing,78,69,-1,5,0.4981124075129628,0.0
delayed_crossing,79,69,-1,5,0.4979013931006193,0.0
delayed_crossing,80,69,-1,5,0.4962858045473695,0.0
delayed_crossing,81,69,-1,5,0.49121540505439043,0.0
delayed_crossing,82,69,-1,5,0.49269699957221746,0.0
delayed_crossing,83,69,-1,5,0.5006278166547418,0.0
delayed_crossing,84,69,-1,5,0.4957909928634763,0.0
delayed_crossing,85,69,-1,5,0.49521380569785833,0.0
delayed_crossing,86,69,-1,5,0.5075066117569804,0.0
delayed_crossing,87,69,-1,5,0.4992546048015356,0.0
delayed_crossing,88,69,-1,5,0.5001801997423172,0.0
delayed_crossing,89,69,-1,5,0.5240719998255372,0.0
delayed_crossing,90,69,-1,5,0.5113597959280014,0.0
delayed_crossing,91,69,-1,5,0.5063526099547744,0.0
delayed_crossing,92,69,-1,5,0.5095771979540586,0.0
delayed_crossing,93,69,-1,5,0.5287508014589548,0.0
delayed_crossing,94,69,-1,5,0.5223364103585482,0.0
delayed_crossing,95,69,-1,5,0.5196732003241777,0.0
delayed_crossing,96,69,-1,5,0.5217672092840075,0.0
delayed_crossing,97,69,-1,5,0.5169588141143322,0.0
delayed_crossing,98,69,-1,5,0.5193539895117283,0.0
delayed_crossing,99,69,-1,5,0.5186369875445962,0.0
delayed_crossing,100,69,-1,5,0.5146371899172664,0.0
delayed_crossing,101,69,-1,5,0.5147532094269991,0.0
delayed_crossing,102,69,-1,5,0.5463262088596821,0.0
delayed_crossing,103,69,-1,5,0.5242137936875224,0.0
delayed_crossing,104,69,-1,5,0.5146224051713943,0.0
delayed_crossing,105,69,-1,5,0.5178418010473251,0.0
delayed_crossing,106,69,-1,5,0.5254562012851238,0.0
delayed_crossing,107,69,-1,5,0.5212092073634267,0.0
delayed_crossing,108,69,-1,5,0.5164589965716004,0.0
delayed_crossing,109,69,-1,5,0.5180881824344397,0.0
delayed_crossing,110,69,-1,5,0.5128490040078759,0.0
delayed_crossing,111,69,-1,5,0.517357001081109,0.0
delayed_crossing,112,69,-1,5,0.5248809931799769,0.0
delayed_crossing,113,69,-1,5,0.5225245840847492,0.0
delayed_crossing,114,69,-1,5,0.5215759854763746,0.0
delayed_crossing,115,69,-1,5,0.5138915963470936,0.0
delayed_crossing,116,69,-1,5,0.5193565972149372,0.0
delayed_crossing,117,69,-1,5,0.5127763841301203,0.0
delayed_crossing,118,69,-1,5,0.5042329896241426,0.0
delayed_crossing,119,69,-1,5,0.521514005959034,0.0
delayed_crossing,120,69,-1,5,0.5179803818464279,0.0
delayed_crossing,121,69,-1,5,0.5244096042588353,0.0
delayed_crossing,122,69,-1,5,0.5111939972266555,0.0
delayed_crossing,123,69,-1,5,0.5195384146645665,0.0
delayed_crossing,124,69,-1,5,0.5154230166226625,0.0
delayed_crossing,125,69,-1,5,0.5155171966180205,0.0
delayed_crossing,126,69,-1,5,0.5205841967836022,0.0
delayed_crossing,127,69,-1,5,0.5225056083872914,0.0
delayed_crossing,128,69,-1,5,0.5235024029389024,0.0
delayed_crossing,129,69,-1,5,0.5192796001210809,0.0
delayed_crossing,130,69,-1,5,0.5173230078071356,0.0
delayed_crossing,131,69,-1,5,0.5154077894985676,0.0
delayed_crossing,132,69,-1,5,0.5156964063644409,0.0
delayed_crossing,133,69,-1,5,0.5215290002524853,0.0
delayed_crossing,134,69,-1,5,0.5193772027269006,0.0
delayed_crossing,135,69,-1,5,0.5209327908232808,0.0
delayed_crossing,136,69,-1,5,0.5214873934164643,0.0
delayed_crossing,137,69,-1,5,0.5219090031459928,0.0
delayed_crossing,138,69,-1,5,0.520207011140883,0.0
delayed_crossing,139,69,-1,5,0.5236181896179914,0.0
delayed_crossing,140,69,-1,5,0.51777099724859,0.0
delayed_crossing,141,69,-1,5,0.5258180201053619,0.0
delayed_crossing,142,69,-1,5,0.5151439923793077,0.0
delayed_crossing,143,69,-1,5,0.5197677994146943,0.0
delayed_crossing,144,69,-1,5,0.5218464182689786,0.0
delayed_crossing,145,69,-1,5,0.5189418094232678,0.0
delayed_crossing,146,69,-1,5,0.5131066078320146,0.0
delayed_crossing,147,69,-1,5,0.5212310003116727,0.0
delayed_crossing,148,69,-1,5,0.5234322044998407,0.0
delayed_crossing,149,69,-1,5,0.5167929921299219,0.0
delayed_crossing,150,69,-1,5,0.5222117993980646,0.0
delayed_crossing,151,69,-1,5,0.5135324085131288,0.0
delayed_crossing,152,69,-1,5,0.520081608556211,0.0
delayed_crossing,153,69,-1,5,0.5190380150452256,0.0
delayed_crossing,154,69,-1,5,0.5070811836048961,0.0
delayed_crossing,155,69,-1,5,0.5104328040033579,0.0
delayed_crossing,156,69,-1,5,0.5101399961858988,0.0
delayed_crossing,157,69,-1,5,0.5029008025303483,0.0
delayed_crossing,158,69,-1,5,0.4983498016372323,0.0
delayed_crossing,159,69,-1,5,0.49690199084579945,0.0
delayed_crossing,160,69,-1,5,0.5032291868701577,0.0
delayed_crossing,161,69,-1,5,0.5028147948905826,0.0
delayed_crossing,162,69,-1,5,0.4988508066162467,0.0
delayed_crossing,163,69,-1,5,0.5022160010412335,0.0
delayed_crossing,164,69,-1,5,0.5000634118914604,0.0
delayed_crossing,165,69,-1,5,0.5061106057837605,0.0
delayed_crossing,166,69,-1,5,0.49837559927254915,0.0
delayed_crossing,167,69,-1,5,0.49947239458560944,0.0
delayed_crossing,168,69,-1,5,0.4930882016196847,0.0
delayed_crossing,169,69,-1,5,0.5015211878344417,0.0
delayed_crossing,170,69,-1,5,0.4955993965268135,0.0
delayed_crossing,171,69,-1,5,0.48794520553201437,0.0
delayed_crossing,172,69,-1,5,0.49229960422962904,0.0
delayed_crossing,173,69,-1,5,0.49867199268192053,0.0
delayed_crossing,174,69,-1,5,0.4937591962516308,0.0
delayed_crossing,175,69,-1,5,0.501400395296514,0.0
delayed_crossing,176,69,-1,5,0.49732900224626064,0.0
delayed_crossing,177,69,-1,5,0.5107104079797864,0.0
delayed_crossing,178,69,-1,5,0.495790783315897,0.0
delayed_crossing,179,69,-1,5,0.5086844088509679,0.0
delayed_crossing,180,69,-1,5,0.5005915882065892,0.0
delayed_crossing,181,69,-1,5,0.5084773991256952,0.0
delayed_crossing,182,69,-1,5,0.5069948034361005,0.0
delayed_crossing,183,69,-1,5,0.517090386711061,0.0
delayed_crossing,184,69,-1,5,0.5223363870754838,0.0
delayed_crossing,185,69,-1,5,0.5176177946850657,0.0
delayed_crossing,186,69,-1,5,0.5214361939579248,0.0
delayed_crossing,187,69,-1,5,0.5236459895968437,0.0
delayed_crossing,188,69,-1,5,0.5236775847151875,0.0
delayed_crossing,189,69,-1,5,0.5219658138230443,0.0
delayed_crossing,190,69,-1,5,0.5251837894320488,0.0
delayed_crossing,191,69,-1,5,0.5263627972453833,0.0
delayed_crossing,192,69,-1,5,0.5295567912980914,0.0
delayed_crossing,193,69,-1,5,0.5244430154561996,0.0
delayed_crossing,194,69,-1,5,0.5223767831921577,0.0
delayed_crossing,195,69,-1,5,0.522430008277297,0.0
delayed_crossing,196,69,-1,5,0.5192840006202459,0.0
delayed_crossing,197,69,-1,5,0.5181428045034409,0.0
delayed_crossing,198,69,-1,5,0.5219395970925689,0.0
delayed_crossing,199,69,-1,5,0.5203372100368142,0.0
delayed_crossing,200,69,-1,5,0.5195480072870851,0.0
delayed_crossing,201,69,-1,5,0.5186907947063446,0.0
delayed_crossing,202,69,-1,5,0.5120766116306186,0.0
delayed_crossing,203,69,-1,5,0.5229383939877152,0.0
delayed_crossing,204,69,-1,5,0.5155822029337287,0.0
delayed_crossing,205,69,-1,5,0.5199694074690342,0.0
delayed_crossing,206,69,-1,5,0.5122458096593618,0.0
delayed_crossing,207,69,-1,5,0.5141519941389561,0.0
delayed_crossing,208,69,-1,5,0.5128812044858932,0.0
delayed_crossing,209,69,-1,5,0.5188653944060206,0.0
delayed_crossing,210,69,-1,5,0.514075206592679,0.0
delayed_crossing,211,69,-1,5,0.5232613999396563,0.0
delayed_crossing,212,69,-1,5,0.5090435966849327,0.0
delayed_crossing,213,69,-1,5,0.5160944070667028,0.0
delayed_crossing,214,69,-1,5,0.522534386254847,0.0
delayed_crossing,215,69,-1,5,0.5108883837237954,0.0
delayed_crossing,216,69,-1,5,0.5215598037466407,0.0
delayed_crossing,217,69,-1,5,0.5190846044570208,0.0
delayed_crossing,218,69,-1,5,0.5293346010148525,0.0
delayed_crossing,219,69,-1,5,0.518630794249475,0.0
delayed_crossing,220,69,-1,5,0.5164328031241894,0.0
delayed_crossing,221,69,-1,5,0.5240340018644929,0.0
delayed_crossing,222,69,-1,5,0.5220096092671156,0.0
delayed_crossing,223,69,-1,5,0.5161690060049295,0.0
delayed_crossing,224,69,-1,5,0.5082552088424563,0.0
delayed_crossing,225,69,-1,5,0.516055803745985,0.0
delayed_crossing,226,69,-1,5,0.5170152056962252,0.0
delayed_crossing,227,69,-1,5,0.5178772145882249,0.0
delayed_crossing,228,69,-1,5,0.5155181977897882,0.0
delayed_crossing,229,69,-1,5,0.5166825838387012,0.0
delayed_crossing,230,69,-1,5,0.5187761969864368,0.0
delayed_crossing,231,69,-1,5,0.5265468033030629,0.0
delayed_crossing,232,69,-1,5,0.5125257885083556,0.0
delayed_crossing,233,69,-1,5,0.5274377996101975,0.0
delayed_crossing,234,69,-1,5,0.5167626077309251,0.0
delayed_crossing,235,69,-1,5,0.5219348007813096,0.0
delayed_crossing,236,69,-1,5,0.5250182002782822,0.0
delayed_crossing,237,69,-1,5,0.5090121878311038,0.0
delayed_crossing,238,69,-1,5,0.5223710089921951,0.0
delayed_crossing,239,69,-1,5,0.5157798063009977,0.0
delayed_crossing,240,69,-1,5,0.5206332076340914,0.0
delayed_crossing,241,69,-1,5,0.52049879450351,0.0
delayed_crossing,242,69,-1,5,0.5204030079767108,0.0
delayed_crossing,243,69,-1,5,0.5182004068046808,0.0
delayed_crossing,244,69,-1,5,0.5215960089117289,0.0
delayed_crossing,245,69,-1,5,0.5296508083119988,0.0
delayed_crossing,246,69,-1,5,0.5206021945923567,0.0
delayed_crossing,247,69,-1,5,0.520700984634459,0.0
delayed_crossing,248,69,-1,5,0.512445205822587,0.0
delayed_crossing,249,69,-1,5,0.5134437931701541,0.0
delayed_crossing,250,69,-1,5,0.5165322218090296,0.0
delayed_crossing,251,69,-1,5,0.5219115875661373,0.0
delayed_crossing,252,69,-1,5,0.5176830105483532,0.0
delayed_crossing,253,69,-1,5,0.5236376076936722,0.0
delayed_crossing,254,69,-1,5,0.518277008086443,0.0
delayed_crossing,255,69,-1,5,0.5266261985525489,0.0
delayed_crossing,256,69,-1,5,0.5244607804343104,0.0
delayed_crossing,257,69,-1,5,0.5277346121147275,0.0
delayed_crossing,258,69,-1,5,0.5188491893932223,0.0
delayed_crossing,259,69,-1,5,0.5195885896682739,0.0
delayed_crossing,260,69,-1,5,0.5257287994027138,0.0
delayed_crossing,261,69,-1,5,0.5259603960439563,0.0
delayed_crossing,262,69,-1,5,0.5216788034886122,0.0
delayed_crossing,263,69,-1,5,0.5175498081371188,0.0
delayed_crossing,264,69,-1,5,0.5201152060180902,0.0
delayed_crossing,265,69,-1,5,0.5322204204276204,0.0
delayed_crossing,266,69,-1,5,0.5244730040431023,0.0
delayed_crossing,267,69,-1,5,0.5259060068055987,0.0
delayed_crossing,268,69,-1,5,0.5239599850028753,0.0
delayed_crossing,269,69,-1,5,0.5289345979690552,0.0
delayed_crossing,270,69,-1,5,0.5252080038189888,0.0
delayed_crossing,271,69,-1,5,0.5186443915590644,0.0
delayed_crossing,272,69,-1,5,0.5220307968556881,0.0
delayed_crossing,273,69,-1,5,0.5306791979819536,0.0
delayed_crossing,274,69,-1,5,0.5265102023258805,0.0
delayed_crossing,275,69,-1,5,0.5111803999170661,0.0
delayed_crossing,276,69,-1,5,0.5157466046512127,0.0
delayed_crossing,277,69,-1,5,0.5189656047150493,0.0
delayed_crossing,278,69,-1,5,0.5122788017615676,0.0
delayed_crossing,279,69,-1,5,0.5252267932519317,0.0
delayed_crossing,280,69,-1,5,0.5337018053978682,0.0
delayed_crossing,281,69,-1,5,0.5354000022634864,0.0
delayed_crossing,282,69,-1,5,0.547973602078855,0.0
delayed_crossing,283,69,-1,5,0.513827009126544,0.0
delayed_crossing,284,69,-1,5,0.5878537893295288,0.0
delayed_crossing,285,69,-1,5,0.514248781837523,0.0
delayed_crossing,286,69,-1,5,0.5035398062318563,0.0
delayed_crossing,287,69,-1,5,0.5489106057211757,0.0
delayed_crossing,288,69,-1,5,0.5111251957714558,0.0
delayed_crossing,289,69,-1,5,0.5042354110628366,0.0
delayed_crossing,290,69,-1,5,0.52370959892869,0.0
delayed_crossing,291,69,-1,5,0.5283979931846261,0.0
delayed_crossing,292,69,-1,5,0.5230709910392761,0.0
delayed_crossing,293,69,-1,5,0.5102236056700349,0.0
delayed_crossing,294,69,-1,5,0.5136554129421711,0.0
delayed_crossing,295,69,-1,5,0.5118868080899119,0.0
delayed_crossing,296,69,-1,5,0.5076260073110461,0.0
delayed_crossing,297,69,-1,5,0.49868240021169186,0.0
delayed_crossing,298,69,-1,5,0.5140484077855945,0.0
delayed_crossing,299,69,-1,5,0.49223178066313267,0.0
delayed_crossing,300,69,-1,5,0.5011679837480187,0.0
delayed_crossing,301,69,-1,5,0.5104061914607882,0.0
delayed_crossing,302,69,-1,5,0.4956343909725547,0.0
delayed_crossing,303,69,-1,5,0.4965400090441108,0.0
delayed_crossing,304,69,-1,5,0.5037765949964523,0.0
delayed_crossing,305,69,-1,5,0.5015159957110882,0.0
delayed_crossing,306,69,-1,5,0.5050234030932188,0.0
delayed_crossing,307,69,-1,5,0.4956513876095414,0.0
delayed_crossing,308,69,-1,5,0.4915117984637618,0.0
delayed_crossing,309,69,-1,5,0.5039359908550978,0.0
delayed_crossing,310,69,-1,5,0.49977360758930445,0.0
delayed_crossing,311,69,-1,5,0.5028549814596772,0.0
delayed_crossing,312,69,-1,5,0.49753698986023664,0.0
delayed_crossing,313,69,-1,5,0.49725621938705444,0.0
delayed_crossing,314,69,-1,5,0.4961922066286206,0.0
delayed_crossing,315,69,-1,5,0.4950383910909295,0.0
delayed_crossing,316,69,-1,5,0.5012613954022527,0.0
delayed_crossing,317,69,-1,5,0.49758299719542265,0.0
delayed_crossing,318,69,-1,5,0.49435999244451523,0.0
delayed_crossing,319,69,-1,5,0.5146068055182695,0.0
delayed_crossing,320,69,-1,5,0.5029001971706748,0.0
delayed_crossing,321,69,-1,5,0.49895020201802254,0.0
delayed_crossing,322,69,-1,5,0.49909879453480244,0.0
delayed_crossing,323,69,-1,5,0.4933613818138838,0.0
delayed_crossing,324,69,-1,5,0.48842360265553,0.0
delayed_crossing,325,69,-1,5,0.5038782022893429,0.0
delayed_crossing,326,69,-1,5,0.5091879982501268,0.0
delayed_crossing,327,69,-1,5,0.5021470133215189,0.0
delayed_crossing,328,69,-1,5,0.49641698133200407,0.0
delayed_crossing,329,69,-1,5,0.4976061871275306,0.0
delayed_crossing,330,69,-1,5,0.5006785970181227,0.0
delayed_crossing,331,69,-1,5,0.5081856157630682,0.0
delayed_crossing,332,69,-1,5,0.49564980436116457,0.0
delayed_crossing,333,69,-1,5,0.5011701956391335,0.0
delayed_crossing,334,69,-1,5,0.4990220069885254,0.0
delayed_crossing,335,69,-1,5,0.5039580166339874,0.0
delayed_crossing,336,69,-1,5,0.5003334023058414,0.0
delayed_crossing,337,69,-1,5,0.5145148141309619,0.0
delayed_crossing,338,69,-1,5,0.5232685944065452,0.0
delayed_crossing,339,69,-1,5,0.5174932070076466,0.0
delayed_crossing,340,69,-1,5,0.5210116039961576,0.0
delayed_crossing,341,69,-1,5,0.5224393913522363,0.0
delayed_crossing,342,69,-1,5,0.5158026004210114,0.0
delayed_crossing,343,69,-1,5,0.5235977936536074,0.0
delayed_crossing,344,69,-1,5,0.5229851929470897,0.0
delayed_crossing,345,69,-1,5,0.5122010130435228,0.0
delayed_crossing,346,69,-1,5,0.5020937882363796,0.0
delayed_crossing,347,69,-1,5,0.5178338149562478,0.0
delayed_crossing,348,69,-1,5,0.5315265851095319,0.0
delayed_crossing,349,69,-1,5,0.5007213912904263,0.0
delayed_crossing,350,69,-1,5,0.5104606039822102,0.0
delayed_crossing,351,69,-1,5,0.5172074073925614,0.0
delayed_crossing,352,69,-1,5,0.5115575855597854,0.0
delayed_crossing,353,69,-1,5,0.5044168094173074,0.0
delayed_crossing,354,69,-1,5,0.5049095954746008,0.0
delayed_crossing,355,69,-1,5,0.511824619024992,0.0
delayed_crossing,356,69,-1,5,0.48792578745633364,0.0
delayed_crossing,357,69,-1,5,0.49995360895991325,0.0
delayed_crossing,358,69,-1,5,0.4946695873513818,0.0
delayed_crossing,359,69,-1,5,0.5089258076623082,0.0
delayed_crossing,360,69,-1,5,0.49606519751250744,0.0
delayed_crossing,361,69,-1,5,0.4968322115018964,0.0
delayed_crossing,362,69,-1,5,0.5028170067816973,0.0
delayed_crossing,363,69,-1,5,0.5056892056018114,0.0
delayed_crossing,364,69,-1,5,0.4982593934983015,0.0
delayed_crossing,365,69,-1,5,0.5024435929954052,0.0
delayed_crossing,366,69,-1,5,0.5150449927896261,0.0
delayed_crossing,367,69,-1,5,0.49984820652753115,0.0
delayed_crossing,368,69,-1,5,0.5045735975727439,0.0
delayed_crossing,369,69,-1,5,0.5106516182422638,0.0
delayed_crossing,370,69,-1,5,0.5013864021748304,0.0
delayed_crossing,371,69,-1,5,0.49656799528747797,0.0
delayed_crossing,372,69,-1,5,0.4980345955118537,0.0
delayed_crossing,373,69,-1,5,0.5151430144906044,0.0
delayed_crossing,374,69,-1,5,0.5019832169637084,0.0
delayed_crossing,375,69,-1,5,0.5052651977166533,0.0
delayed_crossing,376,69,-1,5,0.5014792084693909,0.0
delayed_crossing,377,69,-1,5,0.5029614083468914,0.0
delayed_crossing,378,69,-1,5,0.5036986200138927,0.0
delayed_crossing,379,69,-1,5,0.4975066054612398,0.0
delayed_crossing,380,69,-1,5,0.49649158027023077,0.0
delayed_crossing,381,69,-1,5,0.5007130093872547,0.0
delayed_crossing,382,69,-1,5,0.4962728125974536,0.0
delayed_crossing,383,69,-1,5,0.49823978915810585,0.0
delayed_crossing,384,69,-1,5,0.5087405908852816,0.0
delayed_crossing,385,69,-1,5,0.5004588048905134,0.0
delayed_crossing,386,69,-1,5,0.49843238666653633,0.0
delayed_crossing,387,69,-1,5,0.5160683998838067,0.0
delayed_crossing,388,69,-1,5,0.5257501965388656,0.0
delayed_crossing,389,69,-1,5,0.5221755942329764,0.0
delayed_crossing,390,69,-1,5,0.5249965935945511,0.0
delayed_crossing,391,69,-1,5,0.5194720113649964,0.0
delayed_crossing,392,69,-1,5,0.5077818175777793,0.0
delayed_crossing,393,69,-1,5,0.5219389917328954,0.0
delayed_crossing,394,69,-1,5,0.5238537909463048,0.0
delayed_crossing,395,69,-1,5,0.49935560673475266,0.0
delayed_crossing,396,69,-1,5,0.5011548055335879,0.0
delayed_crossing,397,69,-1,5,0.5018959986045957,0.0
delayed_crossing,398,69,-1,5,0.4897239850834012,0.0
delayed_crossing,399,69,-1,5,0.5143357906490564,0.0
delayed_crossing,400,69,-1,5,0.5111624021083117,0.0
delayed_crossing,401,69,-1,5,0.5073768086731434,0.0
delayed_crossing,402,69,-1,5,0.5047993967309594,0.0
delayed_crossing,403,69,-1,5,0.49458499997854233,0.0
delayed_crossing,404,69,-1,5,0.5132720107212663,0.0
delayed_crossing,405,69,-1,5,0.5002429941669106,0.0
delayed_crossing,406,69,-1,5,0.49148639664053917,0.0
delayed_crossing,407,69,-1,5,0.5067643942311406,0.0
delayed_crossing,408,69,-1,5,0.49964459612965584,0.0
delayed_crossing,409,69,-1,5,0.503582414239645,0.0
delayed_crossing,410,69,-1,5,0.5054797977209091,0.0
delayed_crossing,411,69,-1,5,0.49344319850206375,0.0
delayed_crossing,412,69,-1,5,0.4995914176106453,0.0
delayed_crossing,413,69,-1,5,0.5113885970786214,0.0
delayed_crossing,414,69,-1,5,0.4963523941114545,0.0
delayed_crossing,415,69,-1,5,0.5060541909188032,0.0
delayed_crossing,416,69,-1,5,0.4944995976984501,0.0
delayed_crossing,417,69,-1,5,0.5057712085545063,0.0
delayed_crossing,418,69,-1,5,0.49691698513925076,0.0
delayed_crossing,419,69,-1,5,0.49792020581662655,0.0
delayed_crossing,420,69,-1,5,0.4887617891654372,0.0
delayed_crossing,421,69,-1,5,0.49596240278333426,0.0
delayed_crossing,422,69,-1,5,0.49147980753332376,0.0
delayed_crossing,423,69,-1,5,0.49241262022405863,0.0
delayed_crossing,424,69,-1,5,0.499595794826746,0.0
delayed_crossing,425,69,-1,5,0.5030457861721516,0.0
delayed_crossing,426,69,-1,5,0.49673919565975666,0.0
delayed_crossing,427,69,-1,5,0.4982450045645237,0.0
delayed_crossing,428,69,-1,5,0.4938927944749594,0.0
delayed_crossing,429,69,-1,5,0.5199701990932226,0.0
delayed_crossing,430,69,-1,5,0.49806300085037947,0.0
delayed_crossing,431,69,-1,5,0.49897220451384783,0.0
delayed_crossing,432,69,-1,5,0.500520202331245,0.0
delayed_crossing,433,69,-1,5,0.5012588109821081,0.0
delayed_crossing,434,69,-1,5,0.4897929960861802,0.0
delayed_crossing,435,69,-1,5,0.5007377825677395,0.0
delayed_crossing,436,69,-1,5,0.4957858007401228,0.0
delayed_crossing,437,69,-1,5,0.49573739524930716,0.0
delayed_crossing,438,69,-1,5,0.5123066017404199,0.0
delayed_crossing,439,69,-1,5,0.5002832040190697,0.0
delayed_crossing,440,69,-1,5,0.5038510076701641,0.0
delayed_crossing,441,69,-1,5,0.4998616175726056,0.0
delayed_crossing,442,69,-1,5,0.5096259992569685,0.0
delayed_crossing,443,69,-1,5,0.49344240687787533,0.0
delayed_crossing,444,69,-1,5,0.5104700103402138,0.0
delayed_crossing,445,69,-1,5,0.49893681425601244,0.0
delayed_crossing,446,69,-1,5,0.49587918911129236,0.0
delayed_crossing,447,69,-1,5,0.4991258028894663,0.0
delayed_crossing,448,69,-1,5,0.5010615801438689,0.0
delayed_crossing,449,69,-1,5,0.4971320042386651,0.0
delayed_crossing,450,69,-1,5,0.5150166107341647,0.0
delayed_crossing,451,69,-1,5,0.49646799452602863,0.0
delayed_crossing,452,69,-1,5,0.5007451865822077,0.0
delayed_crossing,453,69,-1,5,0.5139288026839495,0.0
delayed_crossing,454,69,-1,5,0.49860000144690275,0.0
delayed_crossing,455,69,-1,5,0.4953162046149373,0.0
delayed_crossing,456,69,-1,5,0.49245799891650677,0.0
delayed_crossing,457,69,-1,5,0.500443996861577,0.0
delayed_crossing,458,69,-1,5,0.5074060056358576,0.0
delayed_crossing,459,69,-1,5,0.4974436014890671,0.0
delayed_crossing,460,69,-1,5,0.4969292087480426,0.0
delayed_crossing,461,69,-1,5,0.49503459595143795,0.0
delayed_crossing,462,69,-1,5,0.49792740028351545,0.0
delayed_crossing,463,69,-1,5,0.4992688074707985,0.0
delayed_crossing,464,69,-1,5,0.4931225907057524,0.0
delayed_crossing,465,69,-1,5,0.5057317903265357,0.0
delayed_crossing,466,69,-1,5,0.4983917810022831,0.0
delayed_crossing,467,69,-1,5,0.49483899492770433,0.0
delayed_crossing,468,69,-1,5,0.4958963952958584,0.0
delayed_crossing,469,69,-1,5,0.5003493977710605,0.0
delayed_crossing,470,69,-1,5,0.495074805803597,0.0
delayed_crossing,471,69,-1,5,0.4897153936326504,0.0
delayed_crossing,472,69,-1,5,0.49521641340106726,0.0
delayed_crossing,473,69,-1,5,0.5045776022598147,0.0
delayed_crossing,474,69,-1,5,0.4946682136505842,0.0
delayed_crossing,475,69,-1,5,0.5015518050640821,0.0
delayed_crossing,476,69,-1,5,0.4936208017170429,0.0
delayed_crossing,477,69,-1,5,0.4923845874145627,0.0
delayed_crossing,478,69,-1,5,0.5116893909871578,0.0
delayed_crossing,479,69,-1,5,0.501232803799212,0.0
delayed_crossing,480,69,-1,5,0.49293399788439274,0.0
delayed_crossing,481,69,-1,5,0.4934624070301652,0.0
delayed_crossing,482,69,-1,5,0.49673360772430897,0.0
delayed_crossing,483,69,-1,5,0.49779918044805527,0.0
delayed_crossing,484,69,-1,5,0.49822600558400154,0.0
delayed_crossing,485,69,-1,5,0.497172586619854,0.0
delayed_crossing,486,69,-1,5,0.48551280051469803,0.0
delayed_crossing,487,69,-1,5,0.4885447910055518,0.0
delayed_crossing,488,69,-1,5,0.49982459750026464,0.0
delayed_crossing,489,69,-1,5,0.49674841575324535,0.0
delayed_crossing,490,69,-1,5,0.49969078972935677,0.0
delayed_crossing,491,69,-1,5,0.492475600913167,0.0
delayed_crossing,492,69,-1,5,0.4955168114975095,0.0
delayed_crossing,493,69,-1,5,0.49803219735622406,0.0
delayed_crossing,494,69,-1,5,0.49945879727602005,0.0
delayed_crossing,495,69,-1,5,0.48701560590416193,0.0
delayed_crossing,496,69,-1,5,0.4957691999152303,0.0
delayed_crossing,497,69,-1,5,0.4919554106891155,0.0
delayed_crossing,498,69,-1,5,0.49685281701385975,0.0
delayed_crossing,499,69,-1,5,0.4951121984049678,0.0
