case_kind,seed,method,failure_type,progress_ratio,min_clearance_m
crossing_pedestrian,8,B1,unreached_or_fallback_stop,0.46774196779545596,2.23257296412564
crossing_pedestrian,12,B1,unreached_or_fallback_stop,0.38709680638871424,1.7376029755557925
crossing_pedestrian,15,B1,unreached_or_fallback_stop,0.46774196774873633,1.8695557433676022
crossing_pedestrian,24,B1,unreached_or_fallback_stop,0.3870968064293763,1.7381014402820447
crossing_pedestrian,28,B1,unreached_or_fallback_stop,0.4193548708831372,1.9096318170747055
crossing_pedestrian,33,B1,unreached_or_fallback_stop,0.4354839034649555,2.1646754196166773
crossing_pedestrian,34,B1,unreached_or_fallback_stop,0.40322583865106787,1.9811965644334124
crossing_pedestrian,37,B1,unreached_or_fallback_stop,0.3225806773587368,1.9977234698728203
crossing_pedestrian,41,B1,unreached_or_fallback_stop,0.46774196881257996,1.8556596694940655
crossing_pedestrian,47,B1,unreached_or_fallback_stop,0.4193548713539333,1.9462134261797337
crossing_pedestrian,49,B1,unreached_or_fallback_stop,0.30645164508342426,1.989404970714162
crossing_pedestrian,56,B1,unreached_or_fallback_stop,0.33870970962685587,2.0611032864632146
crossing_pedestrian,58,B1,unreached_or_fallback_stop,0.43548390364729833,1.8460255392994052
crossing_pedestrian,79,B1,unreached_or_fallback_stop,0.45161293582507783,2.288854680386088
crossing_pedestrian,100,B1,unreached_or_fallback_stop,0.3225806773514355,1.959721118499258
crossing_pedestrian,101,B1,unreached_or_fallback_stop,0.5000000336221142,2.272212907548834
crossing_pedestrian,112,B1,unreached_or_fallback_stop,0.41935487097620283,1.95192039486208
crossing_pedestrian,113,B1,unreached_or_fallback_stop,0.3064516450821993,1.6607987031920137
crossing_pedestrian,125,B1,unreached_or_fallback_stop,0.33870970964079206,1.920706630157089
crossing_pedestrian,133,B1,unreached_or_fallback_stop,0.3387097096053374,1.7789263441451093
crossing_pedestrian,135,B1,unreached_or_fallback_stop,0.37096777414222976,1.8160612190027123
crossing_pedestrian,153,B1,unreached_or_fallback_stop,0.46774196852007854,2.126173991498383
crossing_pedestrian,155,B1,unreached_or_fallback_stop,0.32258067736865176,1.9864927356674102
crossing_pedestrian,164,B1,unreached_or_fallback_stop,0.45161293754529913,1.8950154723363362
crossing_pedestrian,170,B1,unreached_or_fallback_stop,0.2903226128253528,1.8717190966663995
crossing_pedestrian,174,B0,unreached_or_fallback_stop,0.31386853887743776,1.219516310310905
crossing_pedestrian,174,B1,unreached_or_fallback_stop,0.31386853887743776,1.219516310310905
crossing_pedestrian,174,B2,unreached_or_fallback_stop,0.31386853887743776,1.219516310310905
crossing_pedestrian,174,MIKU,unreached_or_fallback_stop,0.31386853887743776,1.219516310310905
crossing_pedestrian,183,B1,unreached_or_fallback_stop,0.322580677341336,2.034910323057648
crossing_pedestrian,186,B1,unreached_or_fallback_stop,0.37096777422430594,1.7949268540014351
crossing_pedestrian,200,B1,unreached_or_fallback_stop,0.32258067732920853,1.9314081641733973
crossing_pedestrian,201,B1,unreached_or_fallback_stop,0.43548390317178776,2.1179229052900026
crossing_pedestrian,207,B1,unreached_or_fallback_stop,0.40322583865803413,1.818076366732431
crossing_pedestrian,253,B1,unreached_or_fallback_stop,0.33870970959849545,1.6966947148507072
crossing_pedestrian,258,B1,unreached_or_fallback_stop,0.45161293563304583,2.154106307013965
crossing_pedestrian,269,B1,unreached_or_fallback_stop,0.5161290662488818,2.1160316991311845
crossing_pedestrian,280,B1,unreached_or_fallback_stop,0.38709680679657005,1.9020608803739527
crossing_pedestrian,298,B1,unreached_or_fallback_stop,0.4677419677025051,2.2295102418159467
crossing_pedestrian,299,B1,unreached_or_fallback_stop,0.2903226128325842,2.101749331788304
crossing_pedestrian,301,B1,unreached_or_fallback_stop,0.38709680639610533,1.8217885734422556
crossing_pedestrian,304,B1,unreached_or_fallback_stop,0.3709677741477874,1.909237463580937
crossing_pedestrian,305,B1,unreached_or_fallback_stop,0.48387100063279903,2.111927024887952
crossing_pedestrian,312,B1,unreached_or_fallback_stop,0.40322583864174155,1.8473608107200978
crossing_pedestrian,321,B0,unreached_or_fallback_stop,0.3247475931495348,0.6885669419769975
crossing_pedestrian,321,B1,unreached_or_fallback_stop,0.3247475931495348,0.6885669419769975
crossing_pedestrian,321,B2,unreached_or_fallback_stop,0.3247475931495348,0.6885669419769975
crossing_pedestrian,321,MIKU,unreached_or_fallback_stop,0.3247475931495348,0.6885669419769975
crossing_pedestrian,323,B1,unreached_or_fallback_stop,0.419354870842565,1.9997799257418336
crossing_pedestrian,324,B1,unreached_or_fallback_stop,0.4516129365547728,2.044637198323894
crossing_pedestrian,332,B1,unreached_or_fallback_stop,0.48387100059980465,2.0678902990119714
crossing_pedestrian,338,B1,unreached_or_fallback_stop,0.46774196772676413,2.0742199573484235
crossing_pedestrian,343,B1,unreached_or_fallback_stop,0.3225806773623962,1.7019177183861698
crossing_pedestrian,346,B1,unreached_or_fallback_stop,0.38709680642621025,1.9064612328402055
crossing_pedestrian,355,B1,unreached_or_fallback_stop,0.48387100011111783,1.948200146249953
crossing_pedestrian,371,B1,unreached_or_fallback_stop,0.4032258387114084,2.0636241209123662
crossing_pedestrian,375,B0,unreached_or_fallback_stop,0.3175751674347942,0.897334447572772
crossing_pedestrian,375,B1,unreached_or_fallback_stop,0.3175751674347942,0.897334447572772
crossing_pedestrian,375,B2,unreached_or_fallback_stop,0.3175751674347942,0.897334447572772
crossing_pedestrian,375,MIKU,unreached_or_fallback_stop,0.3175751674347942,0.897334447572772
crossing_pedestrian,378,B1,unreached_or_fallback_stop,0.338709709608152,2.0003187733719754
crossing_pedestrian,379,B1,unreached_or_fallback_stop,0.41935487205726746,1.8960626430370169
crossing_pedestrian,381,B1,unreached_or_fallback_stop,0.516129065471199,1.8976807415146626
crossing_pedestrian,389,B1,unreached_or_fallback_stop,0.500000032569588,2.235888799173035
crossing_pedestrian,395,B1,unreached_or_fallback_stop,0.35483874207434074,2.1078978719600867
crossing_pedestrian,399,B1,unreached_or_fallback_stop,0.35483874192057074,1.956753724424582
crossing_pedestrian,406,B1,unreached_or_fallback_stop,0.37096777414000826,2.191562607350874
crossing_pedestrian,407,B1,unreached_or_fallback_stop,0.419354871884927,2.1565069735982925
crossing_pedestrian,410,B1,unreached_or_fallback_stop,0.4516129376511864,1.811008494143789
crossing_pedestrian,413,B1,unreached_or_fallback_stop,0.3870968063840553,1.8764252266879247
crossing_pedestrian,443,B1,unreached_or_fallback_stop,0.3548387419312636,1.8562895775249646
crossing_pedestrian,448,B1,unreached_or_fallback_stop,0.3387097096145813,1.943374414299301
crossing_pedestrian,465,B1,unreached_or_fallback_stop,0.3709677741674006,2.045839117895965
crossing_pedestrian,466,B1,unreached_or_fallback_stop,0.4193548710023024,2.040183707130312
crossing_pedestrian,471,B1,unreached_or_fallback_stop,0.37096777412649024,1.8071820203811375
crossing_pedestrian,485,B1,unreached_or_fallback_stop,0.48387100068301303,2.2330041370939964
crossing_pedestrian,488,B1,unreached_or_fallback_stop,0.4838710008878109,1.995755863509387
crossing_pedestrian,499,B1,unreached_or_fallback_stop,0.4516129367745604,1.9317802047021473
vehicle_cut_in,5,B0,unreached_or_fallback_stop,0.8364652970099575,0.25737151190645413
vehicle_cut_in,5,B1,unreached_or_fallback_stop,0.8364652970099575,0.25737151190645413
vehicle_cut_in,5,B2,unreached_or_fallback_stop,0.8364652970099575,0.25737151190645413
vehicle_cut_in,5,MIKU,unreached_or_fallback_stop,0.8364652970099575,0.25737151190645413
vehicle_cut_in,26,B0,unreached_or_fallback_stop,0.8887729284752725,0.26201158506160027
vehicle_cut_in,26,B1,unreached_or_fallback_stop,0.8887729284752725,0.26201158506160027
vehicle_cut_in,26,B2,unreached_or_fallback_stop,0.8887729284752725,0.26201158506160027
vehicle_cut_in,26,MIKU,unreached_or_fallback_stop,0.8887729284752725,0.26201158506160027
vehicle_cut_in,27,B0,unreached_or_fallback_stop,0.9054100237774754,0.2679897550576582
vehicle_cut_in,27,B1,unreached_or_fallback_stop,0.9054100237774754,0.2679897550576582
vehicle_cut_in,27,B2,unreached_or_fallback_stop,0.9054100237774754,0.2679897550576582
vehicle_cut_in,27,MIKU,unreached_or_fallback_stop,0.9054100237774754,0.2679897550576582
vehicle_cut_in,28,B0,collision,1.0,-0.0011578896174635478
vehicle_cut_in,28,B1,collision,1.0,-0.0011578896174635478
vehicle_cut_in,28,B2,collision,1.0,-0.0011578896174635478
vehicle_cut_in,28,MIKU,collision,1.0,-0.0011578896174635478
vehicle_cut_in,30,B0,unreached_or_fallback_stop,0.7857931930815272,0.2550542904895039
vehicle_cut_in,30,B1,unreached_or_fallback_stop,0.7857931930815272,0.2550542904895039
vehicle_cut_in,30,B2,unreached_or_fallback_stop,0.7857931930815272,0.2550542904895039
vehicle_cut_in,30,MIKU,unreached_or_fallback_stop,0.7857931930815272,0.2550542904895039
vehicle_cut_in,34,B1,unreached_or_fallback_stop,0.4146341710567322,4.384957389372833
vehicle_cut_in,35,B0,unreached_or_fallback_stop,0.9000511541592762,0.001633348812197788
vehicle_cut_in,35,B1,unreached_or_fallback_stop,0.9000511541592762,0.001633348812197788
vehicle_cut_in,35,B2,unreached_or_fallback_stop,0.9000511541592762,0.001633348812197788
vehicle_cut_in,35,MIKU,unreached_or_fallback_stop,0.9000511541592762,0.001633348812197788
vehicle_cut_in,40,B0,unreached_or_fallback_stop,0.859621176013039,0.27501409718866743
vehicle_cut_in,40,B1,unreached_or_fallback_stop,0.2874493929258973,4.019071174929057
vehicle_cut_in,40,B2,unreached_or_fallback_stop,0.2874493929258973,4.019071174929057
vehicle_cut_in,40,MIKU,unreached_or_fallback_stop,0.859621176013039,0.27501409718866743
vehicle_cut_in,44,B1,unreached_or_fallback_stop,0.4634146612028518,4.762812426989274
vehicle_cut_in,47,B0,unreached_or_fallback_stop,0.8415255363596271,0.2559874148185095
vehicle_cut_in,47,B1,unreached_or_fallback_stop,0.8415255363596271,0.2559874148185095
vehicle_cut_in,47,B2,unreached_or_fallback_stop,0.8415255363596271,0.2559874148185095
vehicle_cut_in,47,MIKU,unreached_or_fallback_stop,0.8415255363596271,0.2559874148185095
vehicle_cut_in,50,B0,collision,0.9392174685670518,-0.14223845296419935
vehicle_cut_in,50,B1,collision,0.9392174685670518,-0.14223845296419935
vehicle_cut_in,50,B2,collision,0.9392174685670518,-0.14223845296419935
vehicle_cut_in,50,MIKU,collision,0.9392174685670518,-0.14223845296419935
vehicle_cut_in,67,B0,unreached_or_fallback_stop,0.9104887215806041,0.2702662286027717
vehicle_cut_in,67,B1,unreached_or_fallback_stop,0.9104887215806041,0.2702662286027717
vehicle_cut_in,67,B2,unreached_or_fallback_stop,0.9104887215806041,0.2702662286027717
vehicle_cut_in,67,MIKU,unreached_or_fallback_stop,0.9104887215806041,0.2702662286027717
vehicle_cut_in,80,B0,unreached_or_fallback_stop,0.815766905738237,0.26073094083042925
vehicle_cut_in,80,B1,unreached_or_fallback_stop,0.815766905738237,0.26073094083042925
vehicle_cut_in,80,B2,unreached_or_fallback_stop,0.815766905738237,0.26073094083042925
vehicle_cut_in,80,MIKU,unreached_or_fallback_stop,0.815766905738237,0.26073094083042925
vehicle_cut_in,85,B0,collision,1.0,-0.3640374662349901
vehicle_cut_in,85,B1,collision,1.0,-0.3640374662349901
vehicle_cut_in,85,B2,collision,1.0,-0.3640374662349901
vehicle_cut_in,85,MIKU,collision,1.0,-0.3640374662349901
vehicle_cut_in,88,B0,unreached_or_fallback_stop,0.9041958483887201,0.27779090673752194
vehicle_cut_in,88,B1,unreached_or_fallback_stop,0.9041958483887201,0.27779090673752194
vehicle_cut_in,88,B2,unreached_or_fallback_stop,0.9041958483887201,0.27779090673752194
vehicle_cut_in,88,MIKU,unreached_or_fallback_stop,0.9041958483887201,0.27779090673752194
vehicle_cut_in,92,B0,unreached_or_fallback_stop,0.8291444120807419,0.26950002164210396
vehicle_cut_in,92,B1,unreached_or_fallback_stop,0.8291444120807419,0.26950002164210396
vehicle_cut_in,92,B2,unreached_or_fallback_stop,0.8291444120807419,0.26950002164210396
vehicle_cut_in,92,MIKU,unreached_or_fallback_stop,0.8291444120807419,0.26950002164210396
vehicle_cut_in,102,B0,unreached_or_fallback_stop,0.9128733709456651,0.25501829698028544
vehicle_cut_in,102,B1,unreached_or_fallback_stop,0.9128733709456651,0.25501829698028544
vehicle_cut_in,102,B2,unreached_or_fallback_stop,0.9128733709456651,0.25501829698028544
vehicle_cut_in,102,MIKU,unreached_or_fallback_stop,0.9128733709456651,0.25501829698028544
vehicle_cut_in,115,B0,unreached_or_fallback_stop,0.8248299143657347,0.24832052701788943
vehicle_cut_in,115,B1,unreached_or_fallback_stop,0.8248299143657347,0.24832052701788943
vehicle_cut_in,115,B2,unreached_or_fallback_stop,0.8248299143657347,0.24832052701788943
vehicle_cut_in,115,MIKU,unreached_or_fallback_stop,0.8248299143657347,0.24832052701788943
vehicle_cut_in,118,B0,unreached_or_fallback_stop,0.7463667894485534,0.25344435809300325
vehicle_cut_in,118,B1,unreached_or_fallback_stop,0.7463667894485534,0.25344435809300325
vehicle_cut_in,118,B2,unreached_or_fallback_stop,0.7463667894485534,0.25344435809300325
vehicle_cut_in,118,MIKU,unreached_or_fallback_stop,0.7463667894485534,0.25344435809300325
vehicle_cut_in,123,B0,unreached_or_fallback_stop,0.9071064843190572,0.27623146440363033
vehicle_cut_in,123,B1,unreached_or_fallback_stop,0.9071064843190572,0.27623146440363033
vehicle_cut_in,123,B2,unreached_or_fallback_stop,0.9071064843190572,0.27623146440363033
vehicle_cut_in,123,MIKU,unreached_or_fallback_stop,0.9071064843190572,0.27623146440363033
vehicle_cut_in,135,B1,unreached_or_fallback_stop,0.41463417123497004,4.386706027546615
vehicle_cut_in,136,B0,unreached_or_fallback_stop,0.8890820889328724,0.26981357652302584
vehicle_cut_in,136,B1,unreached_or_fallback_stop,0.8890820889328724,0.26981357652302584
vehicle_cut_in,136,B2,unreached_or_fallback_stop,0.8890820889328724,0.26981357652302584
vehicle_cut_in,136,MIKU,unreached_or_fallback_stop,0.8890820889328724,0.26981357652302584
vehicle_cut_in,145,B0,unreached_or_fallback_stop,0.9150881420621437,0.276380915419419
vehicle_cut_in,145,B1,unreached_or_fallback_stop,0.9150881420621437,0.276380915419419
vehicle_cut_in,145,B2,unreached_or_fallback_stop,0.9150881420621437,0.276380915419419
vehicle_cut_in,145,MIKU,unreached_or_fallback_stop,0.9150881420621437,0.276380915419419
vehicle_cut_in,162,B0,collision,1.0,-0.14135812455340013
vehicle_cut_in,162,B1,collision,1.0,-0.14135812455340013
vehicle_cut_in,162,B2,collision,1.0,-0.14135812455340013
vehicle_cut_in,162,MIKU,collision,1.0,-0.14135812455340013
vehicle_cut_in,169,B0,collision,1.0,-0.9039262731178166
vehicle_cut_in,169,B1,collision,1.0,-0.9039262731178166
vehicle_cut_in,169,B2,collision,1.0,-0.9039262731178166
vehicle_cut_in,169,MIKU,collision,1.0,-0.9039262731178166
vehicle_cut_in,170,B0,unreached_or_fallback_stop,0.897980431801658,0.21484381712008868
vehicle_cut_in,170,B1,unreached_or_fallback_stop,0.897980431801658,0.21484381712008868
vehicle_cut_in,170,B2,unreached_or_fallback_stop,0.897980431801658,0.21484381712008868
vehicle_cut_in,170,MIKU,unreached_or_fallback_stop,0.897980431801658,0.21484381712008868
vehicle_cut_in,172,B0,unreached_or_fallback_stop,0.8235461634385165,0.25590978862963
vehicle_cut_in,172,B1,unreached_or_fallback_stop,0.8235461634385165,0.25590978862963
vehicle_cut_in,172,B2,unreached_or_fallback_stop,0.8235461634385165,0.25590978862963
vehicle_cut_in,172,MIKU,unreached_or_fallback_stop,0.8235461634385165,0.25590978862963
vehicle_cut_in,174,B0,unreached_or_fallback_stop,0.8657283698360299,0.272244307437
vehicle_cut_in,174,B1,unreached_or_fallback_stop,0.8657283698360299,0.272244307437
vehicle_cut_in,174,B2,unreached_or_fallback_stop,0.8657283698360299,0.272244307437
vehicle_cut_in,174,MIKU,unreached_or_fallback_stop,0.8657283698360299,0.272244307437
vehicle_cut_in,178,B0,unreached_or_fallback_stop,0.8716949288409898,0.27315979290157344
vehicle_cut_in,178,B1,unreached_or_fallback_stop,0.8716949288409898,0.27315979290157344
vehicle_cut_in,178,B2,unreached_or_fallback_stop,0.8716949288409898,0.27315979290157344
vehicle_cut_in,178,MIKU,unreached_or_fallback_stop,0.8716949288409898,0.27315979290157344
vehicle_cut_in,191,B0,unreached_or_fallback_stop,0.8797744053735654,0.25202283986252105
vehicle_cut_in,191,B1,unreached_or_fallback_stop,0.8797744053735654,0.25202283986252105
vehicle_cut_in,191,B2,unreached_or_fallback_stop,0.8797744053735654,0.25202283986252105
vehicle_cut_in,191,MIKU,unreached_or_fallback_stop,0.8797744053735654,0.25202283986252105
vehicle_cut_in,200,B0,unreached_or_fallback_stop,0.8692729099101263,0.2507997097772634
vehicle_cut_in,200,B1,unreached_or_fallback_stop,0.8692729099101263,0.2507997097772634
vehicle_cut_in,200,B2,unreached_or_fallback_stop,0.8692729099101263,0.2507997097772634
vehicle_cut_in,200,MIKU,unreached_or_fallback_stop,0.8692729099101263,0.2507997097772634
vehicle_cut_in,201,B1,unreached_or_fallback_stop,0.4756097823404065,5.043011467419436
vehicle_cut_in,208,B0,collision,1.0,-1.0954095940074988
vehicle_cut_in,208,B1,collision,1.0,-1.0954095940074988
vehicle_cut_in,208,B2,collision,1.0,-1.0954095940074988
vehicle_cut_in,208,MIKU,collision,1.0,-1.0954095940074988
vehicle_cut_in,218,B0,unreached_or_fallback_stop,0.8950865721007855,0.2520330326416307
vehicle_cut_in,218,B1,unreached_or_fallback_stop,0.8950865721007855,0.2520330326416307
vehicle_cut_in,218,B2,unreached_or_fallback_stop,0.8950865721007855,0.2520330326416307
vehicle_cut_in,218,MIKU,unreached_or_fallback_stop,0.8950865721007855,0.2520330326416307
vehicle_cut_in,220,B0,unreached_or_fallback_stop,0.8914454283789152,0.26312832747933257
vehicle_cut_in,220,B1,unreached_or_fallback_stop,0.8914454283789152,0.26312832747933257
vehicle_cut_in,220,B2,unreached_or_fallback_stop,0.8914454283789152,0.26312832747933257
vehicle_cut_in,220,MIKU,unreached_or_fallback_stop,0.8914454283789152,0.26312832747933257
vehicle_cut_in,225,B0,collision,1.0,-0.4739748937502384
vehicle_cut_in,225,B1,collision,1.0,-0.4739748937502384
vehicle_cut_in,225,B2,collision,1.0,-0.4739748937502384
vehicle_cut_in,225,MIKU,collision,1.0,-0.4739748937502384
vehicle_cut_in,227,B0,unreached_or_fallback_stop,0.7328607404167456,0.25241781997128765
vehicle_cut_in,227,B1,unreached_or_fallback_stop,0.7328607404167456,0.25241781997128765
vehicle_cut_in,227,B2,unreached_or_fallback_stop,0.7328607404167456,0.25241781997128765
vehicle_cut_in,227,MIKU,unreached_or_fallback_stop,0.7328607404167456,0.25241781997128765
vehicle_cut_in,236,B0,unreached_or_fallback_stop,0.854360162134189,0.2571342772684275
vehicle_cut_in,236,B1,unreached_or_fallback_stop,0.854360162134189,0.2571342772684275
vehicle_cut_in,236,B2,unreached_or_fallback_stop,0.854360162134189,0.2571342772684275
vehicle_cut_in,236,MIKU,unreached_or_fallback_stop,0.854360162134189,0.2571342772684275
vehicle_cut_in,240,B0,collision,1.0,-0.32883665955144425
vehicle_cut_in,240,B1,collision,1.0,-0.32883665955144425
vehicle_cut_in,240,B2,collision,1.0,-0.32883665955144425
vehicle_cut_in,240,MIKU,collision,1.0,-0.32883665955144425
vehicle_cut_in,243,B1,unreached_or_fallback_stop,0.4146341712052195,4.478827951297722
vehicle_cut_in,244,B0,collision,1.0,-0.5797205516596229
vehicle_cut_in,244,B1,collision,1.0,-0.5797205516596229
vehicle_cut_in,244,B2,collision,1.0,-0.5797205516596229
vehicle_cut_in,244,MIKU,collision,1.0,-0.5797205516596229
vehicle_cut_in,250,B0,unreached_or_fallback_stop,0.7491323169488856,0.2542339936780822
vehicle_cut_in,250,B1,unreached_or_fallback_stop,0.7491323169488856,0.2542339936780822
vehicle_cut_in,250,B2,unreached_or_fallback_stop,0.7491323169488856,0.2542339936780822
vehicle_cut_in,250,MIKU,unreached_or_fallback_stop,0.7491323169488856,0.2542339936780822
vehicle_cut_in,252,B0,unreached_or_fallback_stop,0.858026141124365,0.2764959646177463
vehicle_cut_in,252,B1,unreached_or_fallback_stop,0.858026141124365,0.2764959646177463
vehicle_cut_in,252,B2,unreached_or_fallback_stop,0.858026141124365,0.2764959646177463
vehicle_cut_in,252,MIKU,unreached_or_fallback_stop,0.858026141124365,0.2764959646177463
vehicle_cut_in,259,B0,unreached_or_fallback_stop,0.9360173514401242,0.21946068152436127
vehicle_cut_in,259,B1,unreached_or_fallback_stop,0.9360173514401242,0.21946068152436127
vehicle_cut_in,259,B2,unreached_or_fallback_stop,0.9360173514401242,0.21946068152436127
vehicle_cut_in,259,MIKU,unreached_or_fallback_stop,0.9360173514401242,0.21946068152436127
vehicle_cut_in,260,B0,unreached_or_fallback_stop,0.9052745382123065,0.06813105227087046
vehicle_cut_in,260,B1,unreached_or_fallback_stop,0.9052745382123065,0.06813105227087046
vehicle_cut_in,260,B2,unreached_or_fallback_stop,0.9052745382123065,0.06813105227087046
vehicle_cut_in,260,MIKU,unreached_or_fallback_stop,0.9052745382123065,0.06813105227087046
vehicle_cut_in,281,B1,unreached_or_fallback_stop,0.47560978265727166,4.9310597465988195
vehicle_cut_in,283,B0,unreached_or_fallback_stop,0.776454604094917,0.2570622293304954
vehicle_cut_in,283,B1,unreached_or_fallback_stop,0.776454604094917,0.2570622293304954
vehicle_cut_in,283,B2,unreached_or_fallback_stop,0.776454604094917,0.2570622293304954
vehicle_cut_in,283,MIKU,unreached_or_fallback_stop,0.776454604094917,0.2570622293304954
vehicle_cut_in,295,B0,collision,1.0,-0.05573476829457569
vehicle_cut_in,295,B1,collision,1.0,-0.05573476829457569
vehicle_cut_in,295,B2,collision,1.0,-0.05573476829457569
vehicle_cut_in,295,MIKU,collision,1.0,-0.05573476829457569
vehicle_cut_in,302,B0,collision,1.0,-0.21964416640634532
vehicle_cut_in,302,B1,collision,1.0,-0.21964416640634532
vehicle_cut_in,302,B2,collision,1.0,-0.21964416640634532
vehicle_cut_in,302,MIKU,collision,1.0,-0.21964416640634532
vehicle_cut_in,310,B0,unreached_or_fallback_stop,0.7977538385500533,0.24925374935960498
vehicle_cut_in,310,B1,unreached_or_fallback_stop,0.7977538385500533,0.24925374935960498
vehicle_cut_in,310,B2,unreached_or_fallback_stop,0.7977538385500533,0.24925374935960498
vehicle_cut_in,310,MIKU,unreached_or_fallback_stop,0.7977538385500533,0.24925374935960498
vehicle_cut_in,314,B0,unreached_or_fallback_stop,0.880386855551012,0.0015034357260141906
vehicle_cut_in,314,B1,unreached_or_fallback_stop,0.880386855551012,0.0015034357260141906
vehicle_cut_in,314,B2,unreached_or_fallback_stop,0.880386855551012,0.0015034357260141906
vehicle_cut_in,314,MIKU,unreached_or_fallback_stop,0.880386855551012,0.0015034357260141906
vehicle_cut_in,318,B0,collision,1.0,-0.5606249340737
vehicle_cut_in,318,B1,collision,1.0,-0.5606249340737
vehicle_cut_in,318,B2,collision,1.0,-0.5606249340737
vehicle_cut_in,318,MIKU,collision,1.0,-0.5606249340737
vehicle_cut_in,326,B0,unreached_or_fallback_stop,0.883880004463438,0.2779305739787379
vehicle_cut_in,326,B1,unreached_or_fallback_stop,0.883880004463438,0.2779305739787379
vehicle_cut_in,326,B2,unreached_or_fallback_stop,0.883880004463438,0.2779305739787379
vehicle_cut_in,326,MIKU,unreached_or_fallback_stop,0.883880004463438,0.2779305739787379
vehicle_cut_in,329,B0,collision,1.0,-0.09177555269347493
vehicle_cut_in,329,B1,collision,1.0,-0.09177555269347493
vehicle_cut_in,329,B2,collision,1.0,-0.09177555269347493
vehicle_cut_in,329,MIKU,collision,1.0,-0.09177555269347493
vehicle_cut_in,342,B0,unreached_or_fallback_stop,0.9097282599164015,0.2690405582660791
vehicle_cut_in,342,B1,unreached_or_fallback_stop,0.9097282599164015,0.2690405582660791
vehicle_cut_in,342,B2,unreached_or_fallback_stop,0.9097282599164015,0.2690405582660791
vehicle_cut_in,342,MIKU,unreached_or_fallback_stop,0.9097282599164015,0.2690405582660791
vehicle_cut_in,349,B0,unreached_or_fallback_stop,0.8758455032842049,0.2780749733489696
vehicle_cut_in,349,B1,unreached_or_fallback_stop,0.8758455032842049,0.2780749733489696
vehicle_cut_in,349,B2,unreached_or_fallback_stop,0.8758455032842049,0.2780749733489696
vehicle_cut_in,349,MIKU,unreached_or_fallback_stop,0.8758455032842049,0.2780749733489696
vehicle_cut_in,366,B0,collision,1.0,-0.2530211243937819
vehicle_cut_in,366,B1,collision,1.0,-0.2530211243937819
vehicle_cut_in,366,B2,collision,1.0,-0.2530211243937819
vehicle_cut_in,366,MIKU,collision,1.0,-0.2530211243937819
vehicle_cut_in,372,B0,unreached_or_fallback_stop,0.8546687517636796,0.2595895658338261
vehicle_cut_in,372,B1,unreached_or_fallback_stop,0.8546687517636796,0.2595895658338261
vehicle_cut_in,372,B2,unreached_or_fallback_stop,0.8546687517636796,0.2595895658338261
vehicle_cut_in,372,MIKU,unreached_or_fallback_stop,0.8546687517636796,0.2595895658338261
vehicle_cut_in,383,B0,collision,1.0,-0.8344454595737869
vehicle_cut_in,383,B1,collision,1.0,-0.8344454595737869
vehicle_cut_in,383,B2,collision,1.0,-0.8344454595737869
vehicle_cut_in,383,MIKU,collision,1.0,-0.8344454595737869
vehicle_cut_in,387,B0,collision,1.0,-0.04381090613124061
vehicle_cut_in,387,B1,collision,1.0,-0.04381090613124061
vehicle_cut_in,387,B2,collision,1.0,-0.04381090613124061
vehicle_cut_in,387,MIKU,collision,1.0,-0.04381090613124061
vehicle_cut_in,388,B0,unreached_or_fallback_stop,0.8493402120095962,0.002808244272860305
vehicle_cut_in,388,B1,unreached_or_fallback_stop,0.8493402120095962,0.002808244272860305
vehicle_cut_in,388,B2,unreached_or_fallback_stop,0.8493402120095962,0.002808244272860305
vehicle_cut_in,388,MIKU,unreached_or_fallback_stop,0.8493402120095962,0.002808244272860305
vehicle_cut_in,406,B0,unreached_or_fallback_stop,0.8606685078117164,0.25929183061333116
vehicle_cut_in,406,B1,unreached_or_fallback_stop,0.8606685078117164,0.25929183061333116
vehicle_cut_in,406,B2,unreached_or_fallback_stop,0.8606685078117164,0.25929183061333116
vehicle_cut_in,406,MIKU,unreached_or_fallback_stop,0.8606685078117164,0.25929183061333116
vehicle_cut_in,412,B0,unreached_or_fallback_stop,0.8945746162732103,0.2736357735231083
vehicle_cut_in,412,B1,unreached_or_fallback_stop,0.8945746162732103,0.2736357735231083
vehicle_cut_in,412,B2,unreached_or_fallback_stop,0.8945746162732103,0.2736357735231083
vehicle_cut_in,412,MIKU,unreached_or_fallback_stop,0.8945746162732103,0.2736357735231083
vehicle_cut_in,418,B0,unreached_or_fallback_stop,0.9018235641841851,0.26902551992707746
vehicle_cut_in,418,B1,unreached_or_fallback_stop,0.9018235641841851,0.26902551992707746
vehicle_cut_in,418,B2,unreached_or_fallback_stop,0.9018235641841851,0.26902551992707746
vehicle_cut_in,418,MIKU,unreached_or_fallback_stop,0.9018235641841851,0.26902551992707746
vehicle_cut_in,425,B0,unreached_or_fallback_stop,0.9260023149367681,0.016495902309191735
vehicle_cut_in,425,B1,unreached_or_fallback_stop,0.9260023149367681,0.016495902309191735
vehicle_cut_in,425,B2,unreached_or_fallback_stop,0.9260023149367681,0.016495902309191735
vehicle_cut_in,425,MIKU,unreached_or_fallback_stop,0.9260023149367681,0.016495902309191735
vehicle_cut_in,427,B0,unreached_or_fallback_stop,0.8777608757830433,0.2726251900011327
vehicle_cut_in,427,B1,unreached_or_fallback_stop,0.8777608757830433,0.2726251900011327
vehicle_cut_in,427,B2,unreached_or_fallback_stop,0.8777608757830433,0.2726251900011327
vehicle_cut_in,427,MIKU,unreached_or_fallback_stop,0.8777608757830433,0.2726251900011327
vehicle_cut_in,429,B1,unreached_or_fallback_stop,0.5731707575876636,5.7797227359636825
vehicle_cut_in,431,B0,unreached_or_fallback_stop,0.7962454838167478,0.2629240789554075
vehicle_cut_in,431,B1,unreached_or_fallback_stop,0.7962454838167478,0.2629240789554075
vehicle_cut_in,431,B2,unreached_or_fallback_stop,0.7962454838167478,0.2629240789554075
vehicle_cut_in,431,MIKU,unreached_or_fallback_stop,0.7962454838167478,0.2629240789554075
vehicle_cut_in,433,B0,unreached_or_fallback_stop,0.8268135911941131,0.024255493232820585
vehicle_cut_in,433,B1,unreached_or_fallback_stop,0.8268135911941131,0.024255493232820585
vehicle_cut_in,433,B2,unreached_or_fallback_stop,0.8268135911941131,0.024255493232820585
vehicle_cut_in,433,MIKU,unreached_or_fallback_stop,0.8268135911941131,0.024255493232820585
vehicle_cut_in,441,B0,unreached_or_fallback_stop,0.9332135395513071,0.033016588941690905
vehicle_cut_in,441,B1,unreached_or_fallback_stop,0.9332135395513071,0.033016588941690905
vehicle_cut_in,441,B2,unreached_or_fallback_stop,0.9332135395513071,0.033016588941690905
vehicle_cut_in,441,MIKU,unreached_or_fallback_stop,0.9332135395513071,0.033016588941690905
vehicle_cut_in,447,B0,unreached_or_fallback_stop,0.8689548104288113,0.11719607794406349
vehicle_cut_in,447,B1,unreached_or_fallback_stop,0.8689548104288113,0.11719607794406349
vehicle_cut_in,447,B2,unreached_or_fallback_stop,0.8689548104288113,0.11719607794406349
vehicle_cut_in,447,MIKU,unreached_or_fallback_stop,0.8689548104288113,0.11719607794406349
vehicle_cut_in,452,B0,unreached_or_fallback_stop,0.8401140504105522,0.2708277071765295
vehicle_cut_in,452,B1,unreached_or_fallback_stop,0.8401140504105522,0.2708277071765295
vehicle_cut_in,452,B2,unreached_or_fallback_stop,0.8401140504105522,0.2708277071765295
vehicle_cut_in,452,MIKU,unreached_or_fallback_stop,0.8401140504105522,0.2708277071765295
vehicle_cut_in,454,B0,unreached_or_fallback_stop,0.9073052838650917,0.04116456512370048
vehicle_cut_in,454,B1,unreached_or_fallback_stop,0.9073052838650917,0.04116456512370048
vehicle_cut_in,454,B2,unreached_or_fallback_stop,0.9073052838650917,0.04116456512370048
vehicle_cut_in,454,MIKU,unreached_or_fallback_stop,0.9073052838650917,0.04116456512370048
vehicle_cut_in,456,B1,unreached_or_fallback_stop,0.43902441523128655,4.5658392209819665
vehicle_cut_in,457,B0,unreached_or_fallback_stop,0.9328010056073577,0.2262519818671933
vehicle_cut_in,457,B1,unreached_or_fallback_stop,0.9328010056073577,0.2262519818671933
vehicle_cut_in,457,B2,unreached_or_fallback_stop,0.9328010056073577,0.2262519818671933
vehicle_cut_in,457,MIKU,unreached_or_fallback_stop,0.9328010056073577,0.2262519818671933
vehicle_cut_in,461,B0,collision,1.0,-0.2968301097937003
vehicle_cut_in,461,B1,collision,1.0,-0.2968301097937003
vehicle_cut_in,461,B2,collision,1.0,-0.2968301097937003
vehicle_cut_in,461,MIKU,collision,1.0,-0.2968301097937003
vehicle_cut_in,475,B0,collision,1.0,-0.01851466795154444
vehicle_cut_in,475,B1,unreached_or_fallback_stop,0.3902439273683779,4.087442366012429
vehicle_cut_in,475,B2,collision,1.0,-0.01851466795154444
vehicle_cut_in,475,MIKU,collision,1.0,-0.01851466795154444
vehicle_cut_in,476,B0,collision,1.0,-0.7715994440521907
vehicle_cut_in,476,B1,collision,1.0,-0.7715994440521907
vehicle_cut_in,476,B2,collision,1.0,-0.7715994440521907
vehicle_cut_in,476,MIKU,collision,1.0,-0.7715994440521907
vehicle_cut_in,479,B0,collision,1.0,-1.580429843118639
vehicle_cut_in,479,B1,collision,1.0,-1.580429843118639
vehicle_cut_in,479,B2,collision,1.0,-1.580429843118639
vehicle_cut_in,479,MIKU,collision,1.0,-1.580429843118639
vehicle_cut_in,496,B0,collision,1.0,-0.04513239544659986
vehicle_cut_in,496,B1,collision,1.0,-0.04513239544659986
vehicle_cut_in,496,B2,collision,1.0,-0.04513239544659986
vehicle_cut_in,496,MIKU,collision,1.0,-0.04513239544659986
parked_and_oncoming,3,B0,unreached_or_fallback_stop,0.10414815544956295,0.5707090847911711
parked_and_oncoming,3,B1,unreached_or_fallback_stop,0.10414815544956295,0.5707090847911711
parked_and_oncoming,3,B2,unreached_or_fallback_stop,0.10414815544956295,0.5707090847911711
parked_and_oncoming,3,MIKU,unreached_or_fallback_stop,0.12291800292055922,0.5387521456926863
parked_and_oncoming,5,B0,unreached_or_fallback_stop,0.4252818936297049,0.3292019501943625
parked_and_oncoming,5,B1,unreached_or_fallback_stop,0.4252818936297049,0.32920195019425286
parked_and_oncoming,5,B2,unreached_or_fallback_stop,0.4252818936297049,0.32920195019425286
parked_and_oncoming,5,MIKU,unreached_or_fallback_stop,0.4959961521848312,0.23073388762455727
parked_and_oncoming,7,B0,unreached_or_fallback_stop,0.5590967606751961,0.28068491485308433
parked_and_oncoming,7,B1,unreached_or_fallback_stop,0.09698433763683968,1.0108622347702592
parked_and_oncoming,7,B2,unreached_or_fallback_stop,0.09698433763683968,1.0108622347702592
parked_and_oncoming,7,MIKU,unreached_or_fallback_stop,0.09698433763683968,1.0108622347702592
parked_and_oncoming,8,B0,unreached_or_fallback_stop,0.31789501821186733,0.33958357856835475
parked_and_oncoming,8,B1,unreached_or_fallback_stop,0.10297384236005658,0.9372401746160168
parked_and_oncoming,8,B2,unreached_or_fallback_stop,0.10297384236005658,0.9372401746160168
parked_and_oncoming,8,MIKU,unreached_or_fallback_stop,0.51884762689391,0.21045154925729692
parked_and_oncoming,9,B0,unreached_or_fallback_stop,0.11005016747703614,0.7726838614470308
parked_and_oncoming,9,B1,unreached_or_fallback_stop,0.11005016747703614,0.7726838614470308
parked_and_oncoming,9,B2,unreached_or_fallback_stop,0.11005016747703614,0.7726838614470308
parked_and_oncoming,9,MIKU,unreached_or_fallback_stop,0.11005016747703614,0.7726838614470308
parked_and_oncoming,11,B1,unreached_or_fallback_stop,0.1277834107311357,1.3430561635952194
parked_and_oncoming,11,B2,unreached_or_fallback_stop,0.1277834107311357,1.3430561635952194
parked_and_oncoming,13,B0,unreached_or_fallback_stop,0.241138947902135,0.42352731533732646
parked_and_oncoming,13,B1,unreached_or_fallback_stop,0.241138947902135,0.42352731533858146
parked_and_oncoming,13,B2,unreached_or_fallback_stop,0.241138947902135,0.42352731533858146
parked_and_oncoming,13,MIKU,unreached_or_fallback_stop,0.341369725938269,0.32872237745328636
parked_and_oncoming,14,B1,unreached_or_fallback_stop,0.09415820891110856,1.2368020905064436
parked_and_oncoming,14,B2,unreached_or_fallback_stop,0.09415820891110856,1.2368020905064436
parked_and_oncoming,16,B0,unreached_or_fallback_stop,0.6487348142713916,0.29586095084992436
parked_and_oncoming,16,B1,unreached_or_fallback_stop,0.6487348142713916,0.29586095084992436
parked_and_oncoming,16,B2,unreached_or_fallback_stop,0.6487348142713916,0.29586095084992436
parked_and_oncoming,17,B0,unreached_or_fallback_stop,0.33018449641998754,0.3060953222204206
parked_and_oncoming,17,B1,unreached_or_fallback_stop,0.33018449641998754,0.306095322220441
parked_and_oncoming,17,B2,unreached_or_fallback_stop,0.33018449641998754,0.306095322220441
parked_and_oncoming,18,B0,unreached_or_fallback_stop,0.23160412010969736,0.3893466083703694
parked_and_oncoming,18,B1,unreached_or_fallback_stop,0.23160412010969736,0.3893466083703694
parked_and_oncoming,18,B2,unreached_or_fallback_stop,0.23160412010969736,0.3893466083703694
parked_and_oncoming,18,MIKU,unreached_or_fallback_stop,0.30687472399327365,0.32977140653590775
parked_and_oncoming,21,B0,unreached_or_fallback_stop,0.10035642476929171,1.0006513673808126
parked_and_oncoming,21,B1,unreached_or_fallback_stop,0.10035642476929171,1.0006513673808126
parked_and_oncoming,21,B2,unreached_or_fallback_stop,0.10035642476929171,1.0006513673808126
parked_and_oncoming,21,MIKU,unreached_or_fallback_stop,0.1193056997837219,0.5621421197538055
parked_and_oncoming,22,B0,unreached_or_fallback_stop,0.10382552884047967,0.9909014783186327
parked_and_oncoming,22,B1,unreached_or_fallback_stop,0.10382552884047967,0.9909014783186327
parked_and_oncoming,22,B2,unreached_or_fallback_stop,0.10382552884047967,0.9909014783186327
parked_and_oncoming,22,MIKU,unreached_or_fallback_stop,0.21845777429558363,0.4516026743476145
parked_and_oncoming,24,B0,unreached_or_fallback_stop,0.6544497075872344,0.29821163891422936
parked_and_oncoming,24,B1,unreached_or_fallback_stop,0.6544497075872344,0.29821163891422936
parked_and_oncoming,24,B2,unreached_or_fallback_stop,0.6544497075872344,0.29821163891422936
parked_and_oncoming,25,B0,unreached_or_fallback_stop,0.19615403999157516,0.4943208185460737
parked_and_oncoming,25,B1,unreached_or_fallback_stop,0.19615403999157516,0.4943208185460737
parked_and_oncoming,25,B2,unreached_or_fallback_stop,0.19615403999157516,0.4943208185460737
parked_and_oncoming,25,MIKU,unreached_or_fallback_stop,0.2548395593828353,0.4378480055730285
parked_and_oncoming,26,B0,unreached_or_fallback_stop,0.11867299051110833,0.7482667523381217
parked_and_oncoming,26,B1,unreached_or_fallback_stop,0.11867299051110833,0.7482667523381217
parked_and_oncoming,26,B2,unreached_or_fallback_stop,0.11867299051110833,0.7482667523381217
parked_and_oncoming,26,MIKU,unreached_or_fallback_stop,0.11867299051110833,0.7482667523381217
parked_and_oncoming,27,B0,unreached_or_fallback_stop,0.1567140915446349,0.49615526147892686
parked_and_oncoming,27,B1,unreached_or_fallback_stop,0.1567140915446349,0.49615526147892686
parked_and_oncoming,27,B2,unreached_or_fallback_stop,0.1567140915446349,0.49615526147892686
parked_and_oncoming,27,MIKU,unreached_or_fallback_stop,0.27153479188738966,0.24044715599706068
parked_and_oncoming,28,B0,unreached_or_fallback_stop,0.3575280263463863,0.34948526395624047
parked_and_oncoming,28,B1,unreached_or_fallback_stop,0.3575280263463863,0.34948526395624047
parked_and_oncoming,28,B2,unreached_or_fallback_stop,0.3575280263463863,0.34948526395624047
parked_and_oncoming,28,MIKU,unreached_or_fallback_stop,0.4749161387047102,0.22220867044747106
parked_and_oncoming,30,B0,unreached_or_fallback_stop,0.7020538547419326,0.2934976788149446
parked_and_oncoming,30,B1,unreached_or_fallback_stop,0.7020538547419326,0.2934976788149446
parked_and_oncoming,30,B2,unreached_or_fallback_stop,0.7020538547419326,0.2934976788149446
parked_and_oncoming,33,B1,unreached_or_fallback_stop,0.12129962576657453,1.275244793102393
parked_and_oncoming,33,B2,unreached_or_fallback_stop,0.12129962576657453,1.275244793102393
parked_and_oncoming,34,B0,unreached_or_fallback_stop,0.6470705715589113,0.283145008211763
parked_and_oncoming,34,B1,unreached_or_fallback_stop,0.6470705715589113,0.283145008211763
parked_and_oncoming,34,B2,unreached_or_fallback_stop,0.6470705715589113,0.283145008211763
parked_and_oncoming,36,B0,unreached_or_fallback_stop,0.08512133516920296,0.7461900756607007
parked_and_oncoming,36,B1,unreached_or_fallback_stop,0.08512133516920296,0.7461900756607007
parked_and_oncoming,36,B2,unreached_or_fallback_stop,0.08512133516920296,0.7461900756607007
parked_and_oncoming,36,MIKU,unreached_or_fallback_stop,0.08512133516920296,0.7461900756607007
parked_and_oncoming,38,B0,unreached_or_fallback_stop,0.5477031085674502,0.26000107391912053
parked_and_oncoming,38,B1,unreached_or_fallback_stop,0.5477031085674502,0.26000107391912053
parked_and_oncoming,38,B2,unreached_or_fallback_stop,0.5477031085674502,0.26000107391912053
parked_and_oncoming,41,B0,unreached_or_fallback_stop,0.542801389521184,0.3006834898745556
parked_and_oncoming,41,B1,unreached_or_fallback_stop,0.542801389521184,0.3006834898745556
parked_and_oncoming,41,B2,unreached_or_fallback_stop,0.542801389521184,0.3006834898745556
parked_and_oncoming,41,MIKU,unreached_or_fallback_stop,0.6847815973587064,0.22072869758242875
parked_and_oncoming,43,B1,unreached_or_fallback_stop,0.09154491576875431,1.1123232516123922
parked_and_oncoming,43,B2,unreached_or_fallback_stop,0.09154491576875431,1.1123232516123922
parked_and_oncoming,44,B0,unreached_or_fallback_stop,0.6116088177093721,0.3050342404720886
parked_and_oncoming,44,B1,unreached_or_fallback_stop,0.6116088177093721,0.3050342404720761
parked_and_oncoming,44,B2,unreached_or_fallback_stop,0.6116088177093721,0.3050342404720761
parked_and_oncoming,49,B0,unreached_or_fallback_stop,0.1482627012493349,0.3806383830313485
parked_and_oncoming,49,B1,unreached_or_fallback_stop,0.1482627012493349,0.3441576322294844
parked_and_oncoming,49,B2,unreached_or_fallback_stop,0.1482627012493349,0.3441576322294844
parked_and_oncoming,49,MIKU,unreached_or_fallback_stop,0.1482627012493349,0.3981714130697583
parked_and_oncoming,51,B0,unreached_or_fallback_stop,0.08702332012910763,0.8506568564082451
parked_and_oncoming,51,B1,unreached_or_fallback_stop,0.08702332012910763,0.8506568564082451
parked_and_oncoming,51,B2,unreached_or_fallback_stop,0.08702332012910763,0.8506568564082451
parked_and_oncoming,51,MIKU,unreached_or_fallback_stop,0.3148439952084811,0.4813290030147971
parked_and_oncoming,57,B0,unreached_or_fallback_stop,0.273421500945207,0.4185802199618682
parked_and_oncoming,57,B1,unreached_or_fallback_stop,0.273421500945207,0.4185802199618682
parked_and_oncoming,57,B2,unreached_or_fallback_stop,0.273421500945207,0.4185802199618682
parked_and_oncoming,57,MIKU,unreached_or_fallback_stop,0.5141174222679703,0.17892103056780417
parked_and_oncoming,58,B0,unreached_or_fallback_stop,0.5789161511353283,0.30442637727839905
parked_and_oncoming,58,B1,unreached_or_fallback_stop,0.5789161511353283,0.3044263772784177
parked_and_oncoming,58,B2,unreached_or_fallback_stop,0.5789161511353283,0.3044263772784177
parked_and_oncoming,58,MIKU,unreached_or_fallback_stop,0.6632234529936792,0.241306284145403
parked_and_oncoming,60,B0,unreached_or_fallback_stop,0.12347488399165826,0.7581290688047586
parked_and_oncoming,60,B1,unreached_or_fallback_stop,0.12347488399165826,0.7581290688047586
parked_and_oncoming,60,B2,unreached_or_fallback_stop,0.12347488399165826,0.7581290688047586
parked_and_oncoming,60,MIKU,unreached_or_fallback_stop,0.12347488399165826,0.7581290688047586
parked_and_oncoming,61,B0,unreached_or_fallback_stop,0.10600613956355848,0.8399361263011142
parked_and_oncoming,61,B1,unreached_or_fallback_stop,0.10600613956355848,0.8399361263011142
parked_and_oncoming,61,B2,unreached_or_fallback_stop,0.10600613956355848,0.8399361263011142
parked_and_oncoming,61,MIKU,unreached_or_fallback_stop,0.5947634786352454,0.23869470668261084
parked_and_oncoming,64,B1,unreached_or_fallback_stop,0.09642218829388415,1.0690514883194484
parked_and_oncoming,64,B2,unreached_or_fallback_stop,0.09642218829388415,1.0690514883194484
parked_and_oncoming,66,B0,unreached_or_fallback_stop,0.11861296676273149,0.7978882209078328
parked_and_oncoming,66,B1,unreached_or_fallback_stop,0.11861296676273149,0.7978882209078328
parked_and_oncoming,66,B2,unreached_or_fallback_stop,0.11861296676273149,0.7978882209078328
parked_and_oncoming,66,MIKU,unreached_or_fallback_stop,0.11861296676273149,0.7978882209078328
parked_and_oncoming,74,B0,unreached_or_fallback_stop,0.21497719283658667,0.4236060915811892
parked_and_oncoming,74,B1,unreached_or_fallback_stop,0.11100591316961421,1.064958354738113
parked_and_oncoming,74,B2,unreached_or_fallback_stop,0.11100591316961421,1.064958354738113
parked_and_oncoming,74,MIKU,unreached_or_fallback_stop,0.2922555226216176,0.3163011906805413
parked_and_oncoming,75,B0,unreached_or_fallback_stop,0.10240612032527677,0.8584916690863311
parked_and_oncoming,75,B1,unreached_or_fallback_stop,0.10240612032527677,0.8584916690863311
parked_and_oncoming,75,B2,unreached_or_fallback_stop,0.10240612032527677,0.8584916690863311
parked_and_oncoming,75,MIKU,unreached_or_fallback_stop,0.10240612032527677,0.8584916690863311
parked_and_oncoming,76,B0,unreached_or_fallback_stop,0.110812321803977,0.8742969614059959
parked_and_oncoming,76,B1,unreached_or_fallback_stop,0.110812321803977,0.8742969614059959
parked_and_oncoming,76,B2,unreached_or_fallback_stop,0.110812321803977,0.8742969614059959
parked_and_oncoming,76,MIKU,unreached_or_fallback_stop,0.110812321803977,0.8742969614059959
parked_and_oncoming,78,B0,unreached_or_fallback_stop,0.10491466061587403,0.8699068154895069
parked_and_oncoming,78,B1,unreached_or_fallback_stop,0.10491466061587403,0.8699068154895069
parked_and_oncoming,78,B2,unreached_or_fallback_stop,0.10491466061587403,0.8699068154895069
parked_and_oncoming,78,MIKU,unreached_or_fallback_stop,0.1909226290018995,0.43940405036239394
parked_and_oncoming,82,B0,unreached_or_fallback_stop,0.501726939747643,0.29306929135300375
parked_and_oncoming,82,B1,unreached_or_fallback_stop,0.501726939747643,0.29306929135300375
parked_and_oncoming,82,B2,unreached_or_fallback_stop,0.501726939747643,0.29306929135300375
parked_and_oncoming,82,MIKU,unreached_or_fallback_stop,0.6029695380249699,0.20918542929620831
parked_and_oncoming,83,B0,unreached_or_fallback_stop,0.07878525298007036,0.9468596579746313
parked_and_oncoming,83,B1,unreached_or_fallback_stop,0.07878525298007036,0.9468596579746313
parked_and_oncoming,83,B2,unreached_or_fallback_stop,0.07878525298007036,0.9468596579746313
parked_and_oncoming,83,MIKU,unreached_or_fallback_stop,0.3355910983171278,0.22192463622810443
parked_and_oncoming,84,B0,unreached_or_fallback_stop,0.5172810995232587,0.305050087850522
parked_and_oncoming,84,B1,unreached_or_fallback_stop,0.5172810995232587,0.305050087850522
parked_and_oncoming,84,B2,unreached_or_fallback_stop,0.5172810995232587,0.305050087850522
parked_and_oncoming,84,MIKU,unreached_or_fallback_stop,0.6447721810086083,0.23103931406299916
parked_and_oncoming,87,B0,unreached_or_fallback_stop,0.1150563517141809,0.760188800568999
parked_and_oncoming,87,B1,unreached_or_fallback_stop,0.1150563517141809,0.760188800568999
parked_and_oncoming,87,B2,unreached_or_fallback_stop,0.1150563517141809,0.760188800568999
parked_and_oncoming,87,MIKU,unreached_or_fallback_stop,0.2710737476849647,0.375681182024874
parked_and_oncoming,88,B1,unreached_or_fallback_stop,0.12327407238539653,1.319096565676193
parked_and_oncoming,88,B2,unreached_or_fallback_stop,0.12327407238539653,1.319096565676193
parked_and_oncoming,90,B0,unreached_or_fallback_stop,0.6133625903358053,0.2902464126344939
parked_and_oncoming,90,B1,unreached_or_fallback_stop,0.6133625903358053,0.2902464126344939
parked_and_oncoming,90,B2,unreached_or_fallback_stop,0.6133625903358053,0.2902464126344939
parked_and_oncoming,90,MIKU,unreached_or_fallback_stop,0.6907117969546873,0.2329621563100157
parked_and_oncoming,92,B1,unreached_or_fallback_stop,0.09970943551086886,1.2372600665685467
parked_and_oncoming,92,B2,unreached_or_fallback_stop,0.09970943551086886,1.2372600665685467
parked_and_oncoming,93,B0,unreached_or_fallback_stop,0.4711944063171655,0.3004336477941518
parked_and_oncoming,93,B1,unreached_or_fallback_stop,0.4711944063171655,0.3004336477941518
parked_and_oncoming,93,B2,unreached_or_fallback_stop,0.4711944063171655,0.3004336477941518
parked_and_oncoming,93,MIKU,unreached_or_fallback_stop,0.5683677955968718,0.23128067544137276
parked_and_oncoming,98,B0,unreached_or_fallback_stop,0.6501085085246253,0.24747904448737315
parked_and_oncoming,98,B1,unreached_or_fallback_stop,0.6501085085246253,0.2474790444881336
parked_and_oncoming,98,B2,unreached_or_fallback_stop,0.6501085085246253,0.2474790444881336
parked_and_oncoming,99,B0,unreached_or_fallback_stop,0.36284863170364295,0.34398881626237765
parked_and_oncoming,99,B1,unreached_or_fallback_stop,0.11582802502605685,1.0846884829799146
parked_and_oncoming,99,B2,unreached_or_fallback_stop,0.11582802502605685,1.0846884829799146
parked_and_oncoming,99,MIKU,unreached_or_fallback_stop,0.4434950413305311,0.24898159596408131
parked_and_oncoming,102,B0,unreached_or_fallback_stop,0.10055534045548462,0.9011183050317695
parked_and_oncoming,102,B1,unreached_or_fallback_stop,0.10055534045548462,0.9011183050317695
parked_and_oncoming,102,B2,unreached_or_fallback_stop,0.10055534045548462,0.9011183050317695
parked_and_oncoming,102,MIKU,unreached_or_fallback_stop,0.10055534045548462,0.9011183050317695
parked_and_oncoming,104,B1,unreached_or_fallback_stop,0.10591266101601005,1.115783428839796
parked_and_oncoming,104,B2,unreached_or_fallback_stop,0.10591266101601005,1.115783428839796
parked_and_oncoming,104,MIKU,unreached_or_fallback_stop,0.10591266101601005,1.115783428839796
parked_and_oncoming,105,B0,unreached_or_fallback_stop,0.10488649636515075,0.8745299805565305
parked_and_oncoming,105,B1,unreached_or_fallback_stop,0.10488649636515075,0.8745299805565305
parked_and_oncoming,105,B2,unreached_or_fallback_stop,0.10488649636515075,0.8745299805565305
parked_and_oncoming,105,MIKU,unreached_or_fallback_stop,0.5695239275535067,0.23064168739930738
parked_and_oncoming,106,B0,unreached_or_fallback_stop,0.24393109606589075,0.3939008610381918
parked_and_oncoming,106,B1,unreached_or_fallback_stop,0.24393109606589075,0.3939008610381918
parked_and_oncoming,106,B2,unreached_or_fallback_stop,0.24393109606589075,0.3939008610381918
parked_and_oncoming,106,MIKU,unreached_or_fallback_stop,0.3293046144300625,0.33951810868771615
parked_and_oncoming,107,B0,unreached_or_fallback_stop,0.3807705033125535,0.38762104289838484
parked_and_oncoming,107,B1,unreached_or_fallback_stop,0.3807705033125535,0.38762104289838484
parked_and_oncoming,107,B2,unreached_or_fallback_stop,0.3807705033125535,0.38762104289838484
parked_and_oncoming,107,MIKU,unreached_or_fallback_stop,0.4678189044883785,0.23658794365726998
parked_and_oncoming,108,B0,unreached_or_fallback_stop,0.28841149602780614,0.4303284723755061
parked_and_oncoming,108,B1,unreached_or_fallback_stop,0.28841149602780614,0.4303284723766745
parked_and_oncoming,108,B2,unreached_or_fallback_stop,0.28841149602780614,0.4303284723766745
parked_and_oncoming,108,MIKU,unreached_or_fallback_stop,0.3800204987373926,0.23801283162773457
parked_and_oncoming,109,B0,unreached_or_fallback_stop,0.10611696712266168,0.977155253862735
parked_and_oncoming,109,B1,unreached_or_fallback_stop,0.10611696712266168,0.977155253862735
parked_and_oncoming,109,B2,unreached_or_fallback_stop,0.10611696712266168,0.977155253862735
parked_and_oncoming,109,MIKU,unreached_or_fallback_stop,0.23790744816516485,0.49370648648301163
parked_and_oncoming,111,B0,unreached_or_fallback_stop,0.594780097080779,0.2860497531675401
parked_and_oncoming,111,B1,unreached_or_fallback_stop,0.594780097080779,0.2860497531675792
parked_and_oncoming,111,B2,unreached_or_fallback_stop,0.594780097080779,0.2860497531675792
parked_and_oncoming,111,MIKU,unreached_or_fallback_stop,0.680148821027917,0.2212969392748302
parked_and_oncoming,115,B0,unreached_or_fallback_stop,0.12040811528684552,0.724373309493735
parked_and_oncoming,115,B1,unreached_or_fallback_stop,0.12040811528684552,0.724373309493735
parked_and_oncoming,115,B2,unreached_or_fallback_stop,0.12040811528684552,0.724373309493735
parked_and_oncoming,115,MIKU,unreached_or_fallback_stop,0.12040811528684552,0.724373309493735
parked_and_oncoming,120,B0,unreached_or_fallback_stop,0.08057151097071513,0.8625656698279558
parked_and_oncoming,120,B1,unreached_or_fallback_stop,0.08057151097071513,0.8625656698279558
parked_and_oncoming,120,B2,unreached_or_fallback_stop,0.08057151097071513,0.8625656698279558
parked_and_oncoming,120,MIKU,unreached_or_fallback_stop,0.08057151097071513,0.8625656698279558
parked_and_oncoming,121,B0,unreached_or_fallback_stop,0.320550017260198,0.30171194121283906
parked_and_oncoming,121,B1,unreached_or_fallback_stop,0.320550017260198,0.3017119412135336
parked_and_oncoming,121,B2,unreached_or_fallback_stop,0.320550017260198,0.3017119412135336
parked_and_oncoming,121,MIKU,unreached_or_fallback_stop,0.4135359124669375,0.23574800407138596
parked_and_oncoming,125,B0,unreached_or_fallback_stop,0.27510277163499824,0.32363014079994445
parked_and_oncoming,125,B1,unreached_or_fallback_stop,0.27510277163499824,0.32363014079994445
parked_and_oncoming,125,B2,unreached_or_fallback_stop,0.27510277163499824,0.32363014079994445
parked_and_oncoming,125,MIKU,unreached_or_fallback_stop,0.3523509003318604,0.28578005988440824
parked_and_oncoming,127,B0,unreached_or_fallback_stop,0.6341639786626435,0.27802603228284006
parked_and_oncoming,127,B1,unreached_or_fallback_stop,0.09852506353324235,1.000202463159574
parked_and_oncoming,127,B2,unreached_or_fallback_stop,0.09852506353324235,1.000202463159574
parked_and_oncoming,127,MIKU,unreached_or_fallback_stop,0.09852506353324235,1.000202463159574
parked_and_oncoming,131,B0,unreached_or_fallback_stop,0.07035863282949965,0.9452282601481259
parked_and_oncoming,131,B1,unreached_or_fallback_stop,0.07035863282949965,0.9452282601481259
parked_and_oncoming,131,B2,unreached_or_fallback_stop,0.07035863282949965,0.9452282601481259
parked_and_oncoming,131,MIKU,unreached_or_fallback_stop,0.46453644610457,0.2392389243351376
parked_and_oncoming,132,B1,unreached_or_fallback_stop,0.08827919612173234,0.9551813082133727
parked_and_oncoming,132,B2,unreached_or_fallback_stop,0.08827919612173234,0.9551813082133727
parked_and_oncoming,134,B1,unreached_or_fallback_stop,0.12219673245584718,0.907906696193261
parked_and_oncoming,135,B0,unreached_or_fallback_stop,0.48614645783361,0.3104562168746239
parked_and_oncoming,135,B1,unreached_or_fallback_stop,0.48614645783361,0.3104562168746239
parked_and_oncoming,135,B2,unreached_or_fallback_stop,0.48614645783361,0.3104562168746239
parked_and_oncoming,135,MIKU,unreached_or_fallback_stop,0.5560064089944432,0.23780446614068484
parked_and_oncoming,138,B0,unreached_or_fallback_stop,0.2704088232917087,0.46490261009558104
parked_and_oncoming,138,B1,unreached_or_fallback_stop,0.2704088232917087,0.46490261009558104
parked_and_oncoming,138,B2,unreached_or_fallback_stop,0.2704088232917087,0.46490261009558104
parked_and_oncoming,138,MIKU,unreached_or_fallback_stop,0.4546423152375089,0.24331161367769294
parked_and_oncoming,140,B0,unreached_or_fallback_stop,0.4480304871849253,0.30523527131352557
parked_and_oncoming,140,B1,unreached_or_fallback_stop,0.4480304871849253,0.30523527131352557
parked_and_oncoming,140,B2,unreached_or_fallback_stop,0.4480304871849253,0.30523527131352557
parked_and_oncoming,140,MIKU,unreached_or_fallback_stop,0.5282570858953781,0.2527298894801695
parked_and_oncoming,142,B0,unreached_or_fallback_stop,0.10413241886657161,0.8890196765989042
parked_and_oncoming,142,B1,unreached_or_fallback_stop,0.10413241886657161,0.8890196765989042
parked_and_oncoming,142,B2,unreached_or_fallback_stop,0.10413241886657161,0.8890196765989042
parked_and_oncoming,142,MIKU,unreached_or_fallback_stop,0.2872832974642527,0.41209896578408456
parked_and_oncoming,144,B0,unreached_or_fallback_stop,0.2085387342952638,0.4492260008764961
parked_and_oncoming,144,B1,unreached_or_fallback_stop,0.2085387342952638,0.4492260008764961
parked_and_oncoming,144,B2,unreached_or_fallback_stop,0.2085387342952638,0.4492260008764961
parked_and_oncoming,144,MIKU,unreached_or_fallback_stop,0.26880322908789195,0.40375414003035637
parked_and_oncoming,146,B0,unreached_or_fallback_stop,0.25139471229162014,0.42440115871116424
parked_and_oncoming,146,B1,unreached_or_fallback_stop,0.11026859414608173,0.9943786099626744
parked_and_oncoming,146,B2,unreached_or_fallback_stop,0.11026859414608173,0.9943786099626744
parked_and_oncoming,146,MIKU,unreached_or_fallback_stop,0.30750128784426073,0.3862947879275729
parked_and_oncoming,148,B1,unreached_or_fallback_stop,0.16371873189174266,0.6728958895772938
parked_and_oncoming,149,B0,unreached_or_fallback_stop,0.5331769429372423,0.3083442369693674
parked_and_oncoming,149,B1,unreached_or_fallback_stop,0.5331769429372423,0.3083442369693674
parked_and_oncoming,149,B2,unreached_or_fallback_stop,0.5331769429372423,0.3083442369693674
parked_and_oncoming,149,MIKU,unreached_or_fallback_stop,0.6357927468585144,0.2203419197848302
parked_and_oncoming,151,B0,unreached_or_fallback_stop,0.5384174117854794,0.2977451866272218
parked_and_oncoming,151,B1,unreached_or_fallback_stop,0.5384174117854794,0.2977451866272218
parked_and_oncoming,151,B2,unreached_or_fallback_stop,0.5384174117854794,0.2977451866272218
parked_and_oncoming,152,B1,unreached_or_fallback_stop,0.11493096813724489,1.0779365167744948
parked_and_oncoming,152,B2,unreached_or_fallback_stop,0.11493096813724489,1.0779365167744948
parked_and_oncoming,152,MIKU,unreached_or_fallback_stop,0.11493096813724489,1.0779365167744948
parked_and_oncoming,153,B0,unreached_or_fallback_stop,0.4859965872032976,0.31488312193203294
parked_and_oncoming,153,B1,unreached_or_fallback_stop,0.4859965872032976,0.31488312193203294
parked_and_oncoming,153,B2,unreached_or_fallback_stop,0.4859965872032976,0.31488312193203294
parked_and_oncoming,153,MIKU,unreached_or_fallback_stop,0.5690155345614013,0.24252840348948013
parked_and_oncoming,156,B0,unreached_or_fallback_stop,0.5089637718121811,0.28951655921879116
parked_and_oncoming,156,B1,unreached_or_fallback_stop,0.5089637718121811,0.28951655921879116
parked_and_oncoming,156,B2,unreached_or_fallback_stop,0.5089637718121811,0.28951655921879116
parked_and_oncoming,157,B1,unreached_or_fallback_stop,0.08461362402049515,1.1299658311062344
parked_and_oncoming,157,B2,unreached_or_fallback_stop,0.08461362402049515,1.1299658311062344
parked_and_oncoming,159,B0,unreached_or_fallback_stop,0.40468959123991954,0.29474342099494033
parked_and_oncoming,159,B1,unreached_or_fallback_stop,0.40468959123991954,0.29474342099494033
parked_and_oncoming,159,B2,unreached_or_fallback_stop,0.40468959123991954,0.29474342099494033
parked_and_oncoming,159,MIKU,unreached_or_fallback_stop,0.4879628131058414,0.21979506749993408
parked_and_oncoming,161,B0,unreached_or_fallback_stop,0.12479055457519969,0.8002165636312082
parked_and_oncoming,161,B1,unreached_or_fallback_stop,0.12479055457519969,0.8002165636312082
parked_and_oncoming,161,B2,unreached_or_fallback_stop,0.12479055457519969,0.8002165636312082
parked_and_oncoming,161,MIKU,unreached_or_fallback_stop,0.12479055457519969,0.8002165636312082
parked_and_oncoming,162,B0,unreached_or_fallback_stop,0.20587932042175022,0.3676656793568318
parked_and_oncoming,162,B1,unreached_or_fallback_stop,0.20587932042175022,0.3676656793568318
parked_and_oncoming,162,B2,unreached_or_fallback_stop,0.20587932042175022,0.3676656793568318
parked_and_oncoming,163,B0,unreached_or_fallback_stop,0.08543701472022172,0.759899294557048
parked_and_oncoming,163,B1,unreached_or_fallback_stop,0.08543701472022172,0.759899294557048
parked_and_oncoming,163,B2,unreached_or_fallback_stop,0.08543701472022172,0.759899294557048
parked_and_oncoming,163,MIKU,unreached_or_fallback_stop,0.08543701472022172,0.759899294557048
parked_and_oncoming,164,B0,unreached_or_fallback_stop,0.6519707952379984,0.27854763610743793
parked_and_oncoming,164,B1,unreached_or_fallback_stop,0.11820267786409375,1.084090717264869
parked_and_oncoming,164,B2,unreached_or_fallback_stop,0.11820267786409375,1.084090717264869
parked_and_oncoming,164,MIKU,unreached_or_fallback_stop,0.11820267786409375,1.084090717264869
parked_and_oncoming,165,B0,unreached_or_fallback_stop,0.5523391859357774,0.29221199900043837
parked_and_oncoming,165,B1,unreached_or_fallback_stop,0.5523391859357774,0.29221199900043837
parked_and_oncoming,165,B2,unreached_or_fallback_stop,0.5523391859357774,0.29221199900043837
parked_and_oncoming,165,MIKU,unreached_or_fallback_stop,0.6677633892687479,0.2424237831035203
parked_and_oncoming,166,B1,unreached_or_fallback_stop,0.10855130412719384,1.195227668594249
parked_and_oncoming,166,B2,unreached_or_fallback_stop,0.10855130412719384,1.195227668594249
parked_and_oncoming,167,B0,unreached_or_fallback_stop,0.42571116956310606,0.30358843924475143
parked_and_oncoming,167,B1,unreached_or_fallback_stop,0.42571116956310606,0.30358843924475143
parked_and_oncoming,167,B2,unreached_or_fallback_stop,0.42571116956310606,0.30358843924475143
parked_and_oncoming,167,MIKU,unreached_or_fallback_stop,0.5139275683211084,0.23970183745173457
parked_and_oncoming,169,B1,unreached_or_fallback_stop,0.09763405073265455,1.2294800195686149
parked_and_oncoming,169,B2,unreached_or_fallback_stop,0.09763405073265455,1.2294800195686149
parked_and_oncoming,170,B0,unreached_or_fallback_stop,0.11272786508432642,0.8666217614372342
parked_and_oncoming,170,B1,unreached_or_fallback_stop,0.11272786508432642,0.8666217614372342
parked_and_oncoming,170,B2,unreached_or_fallback_stop,0.11272786508432642,0.8666217614372342
parked_and_oncoming,170,MIKU,unreached_or_fallback_stop,0.11272786508432642,0.8666217614372342
parked_and_oncoming,171,B0,unreached_or_fallback_stop,0.1798269557709793,0.4277183501471131
parked_and_oncoming,171,B1,unreached_or_fallback_stop,0.1798269557709793,0.4277183501471131
parked_and_oncoming,171,B2,unreached_or_fallback_stop,0.1798269557709793,0.4277183501471131
parked_and_oncoming,171,MIKU,unreached_or_fallback_stop,0.2753504046942409,0.2995117316696083
parked_and_oncoming,172,B0,unreached_or_fallback_stop,0.3360048614967253,0.4588355336691743
parked_and_oncoming,172,B1,unreached_or_fallback_stop,0.3360048614967253,0.4588355336691743
parked_and_oncoming,172,B2,unreached_or_fallback_stop,0.3360048614967253,0.4588355336691743
parked_and_oncoming,172,MIKU,unreached_or_fallback_stop,0.42165532650438703,0.21813602856500722
parked_and_oncoming,173,B0,unreached_or_fallback_stop,0.07800816730509007,0.9004344791200156
parked_and_oncoming,173,B1,unreached_or_fallback_stop,0.07800816730509007,0.9004344791200156
parked_and_oncoming,173,B2,unreached_or_fallback_stop,0.07800816730509007,0.9004344791200156
parked_and_oncoming,173,MIKU,unreached_or_fallback_stop,0.07800816730509007,0.9004344791200156
parked_and_oncoming,174,B0,unreached_or_fallback_stop,0.6646965564631226,0.3026190020450137
parked_and_oncoming,174,B1,unreached_or_fallback_stop,0.6646965564631226,0.3026190020450137
parked_and_oncoming,174,B2,unreached_or_fallback_stop,0.6646965564631226,0.3026190020450137
parked_and_oncoming,176,B0,unreached_or_fallback_stop,0.06703679574587912,0.7583656434567296
parked_and_oncoming,176,B1,unreached_or_fallback_stop,0.06703679574587912,0.7583656434567296
parked_and_oncoming,176,B2,unreached_or_fallback_stop,0.06703679574587912,0.7583656434567296
parked_and_oncoming,176,MIKU,unreached_or_fallback_stop,0.06703679574587912,0.7583656434567296
parked_and_oncoming,179,B0,unreached_or_fallback_stop,0.07548615921777611,0.8490162391890583
parked_and_oncoming,179,B1,unreached_or_fallback_stop,0.07548615921777611,0.8490162391890583
parked_and_oncoming,179,B2,unreached_or_fallback_stop,0.07548615921777611,0.8490162391890583
parked_and_oncoming,179,MIKU,unreached_or_fallback_stop,0.15623709602031968,0.45203858238089123
parked_and_oncoming,180,B0,unreached_or_fallback_stop,0.32571541688770267,0.3264607246413034
parked_and_oncoming,180,B1,unreached_or_fallback_stop,0.32571541688770267,0.3264607246413034
parked_and_oncoming,180,B2,unreached_or_fallback_stop,0.32571541688770267,0.3264607246413034
parked_and_oncoming,180,MIKU,unreached_or_fallback_stop,0.4262150389073673,0.2505797562870115
parked_and_oncoming,181,B1,unreached_or_fallback_stop,0.10030229062739271,1.1307008143236046
parked_and_oncoming,181,B2,unreached_or_fallback_stop,0.10030229062739271,1.1307008143236046
parked_and_oncoming,183,B0,unreached_or_fallback_stop,0.07911209665312018,0.7182703985466001
parked_and_oncoming,183,B1,unreached_or_fallback_stop,0.07911209665312018,0.7182703985466001
parked_and_oncoming,183,B2,unreached_or_fallback_stop,0.07911209665312018,0.7182703985466001
parked_and_oncoming,183,MIKU,unreached_or_fallback_stop,0.07911209665312018,0.7182703985466001
parked_and_oncoming,184,B1,unreached_or_fallback_stop,0.1297780749279201,1.0628614678818904
parked_and_oncoming,184,B2,unreached_or_fallback_stop,0.1297780749279201,1.0628614678818904
parked_and_oncoming,186,B0,unreached_or_fallback_stop,0.45526604616408517,0.2898669073785465
parked_and_oncoming,186,B1,unreached_or_fallback_stop,0.45526604616408517,0.2898669073785465
parked_and_oncoming,186,B2,unreached_or_fallback_stop,0.45526604616408517,0.2898669073785465
parked_and_oncoming,186,MIKU,unreached_or_fallback_stop,0.5864885981210824,0.22955761453077939
parked_and_oncoming,187,B0,unreached_or_fallback_stop,0.4622055288883995,0.26000086929858846
parked_and_oncoming,187,B1,unreached_or_fallback_stop,0.06924731980574308,1.040021308431248
parked_and_oncoming,187,B2,unreached_or_fallback_stop,0.06924731980574308,1.040021308431248
parked_and_oncoming,187,MIKU,unreached_or_fallback_stop,0.06924731980574308,1.040021308431248
parked_and_oncoming,188,B0,unreached_or_fallback_stop,0.3558692741991896,0.35843977844962316
parked_and_oncoming,188,B1,unreached_or_fallback_stop,0.3558692741991896,0.35843977845084884
parked_and_oncoming,188,B2,unreached_or_fallback_stop,0.3558692741991896,0.35843977845084884
parked_and_oncoming,188,MIKU,unreached_or_fallback_stop,0.4804349486397929,0.23301635371416607
parked_and_oncoming,194,B0,unreached_or_fallback_stop,0.29323885141906875,0.3846183775383345
parked_and_oncoming,194,B1,unreached_or_fallback_stop,0.29323885141906875,0.3846183775378238
parked_and_oncoming,194,B2,unreached_or_fallback_stop,0.29323885141906875,0.3846183775378238
parked_and_oncoming,194,MIKU,unreached_or_fallback_stop,0.4415563554601804,0.23682583241899158
parked_and_oncoming,195,B0,unreached_or_fallback_stop,0.41405957521799414,0.3006870036249176
parked_and_oncoming,195,B1,unreached_or_fallback_stop,0.41405957521799414,0.3006870036249176
parked_and_oncoming,195,B2,unreached_or_fallback_stop,0.41405957521799414,0.3006870036249176
parked_and_oncoming,195,MIKU,unreached_or_fallback_stop,0.680232153122708,0.25114756257832616
parked_and_oncoming,196,B0,unreached_or_fallback_stop,0.1346889563119417,0.42763065983597554
parked_and_oncoming,196,B1,unreached_or_fallback_stop,0.1346889563119417,0.4276306598374413
parked_and_oncoming,196,B2,unreached_or_fallback_stop,0.1346889563119417,0.4276306598374413
parked_and_oncoming,196,MIKU,unreached_or_fallback_stop,0.1938775087001221,0.3682979512878739
parked_and_oncoming,197,B0,unreached_or_fallback_stop,0.32508412364896816,0.2944758244750483
parked_and_oncoming,197,B1,unreached_or_fallback_stop,0.32508412364896816,0.2944758244750483
parked_and_oncoming,197,B2,unreached_or_fallback_stop,0.32508412364896816,0.2944758244750483
parked_and_oncoming,197,MIKU,unreached_or_fallback_stop,0.45658538044136376,0.19897696657873643
parked_and_oncoming,201,B0,unreached_or_fallback_stop,0.2882156976567706,0.3054951149456029
parked_and_oncoming,201,B1,unreached_or_fallback_stop,0.2882156976567706,0.3054951149476861
parked_and_oncoming,201,B2,unreached_or_fallback_stop,0.2882156976567706,0.3054951149476861
parked_and_oncoming,201,MIKU,unreached_or_fallback_stop,0.3558683711550759,0.277034897853508
parked_and_oncoming,202,B0,unreached_or_fallback_stop,0.5493910043089569,0.3129956661708254
parked_and_oncoming,202,B1,unreached_or_fallback_stop,0.5493910043089569,0.3129956661708254
parked_and_oncoming,202,B2,unreached_or_fallback_stop,0.5493910043089569,0.3129956661708254
parked_and_oncoming,202,MIKU,unreached_or_fallback_stop,0.6339757627258733,0.22442198123150758
parked_and_oncoming,204,B0,unreached_or_fallback_stop,0.3347479303545844,0.3041109569659941
parked_and_oncoming,204,B1,unreached_or_fallback_stop,0.3347479303545844,0.3041109569659941
parked_and_oncoming,204,B2,unreached_or_fallback_stop,0.3347479303545844,0.3041109569659941
parked_and_oncoming,204,MIKU,unreached_or_fallback_stop,0.461508064890136,0.2375835776924804
parked_and_oncoming,206,B0,unreached_or_fallback_stop,0.4404090329468066,0.3021018666310329
parked_and_oncoming,206,B1,unreached_or_fallback_stop,0.4404090329468066,0.3021018666310329
parked_and_oncoming,206,B2,unreached_or_fallback_stop,0.4404090329468066,0.3021018666310329
parked_and_oncoming,206,MIKU,unreached_or_fallback_stop,0.5199329031431985,0.2472217326865469
parked_and_oncoming,208,B0,unreached_or_fallback_stop,0.686684345472517,0.2909753671818587
parked_and_oncoming,208,B1,unreached_or_fallback_stop,0.686684345472517,0.2909753671818587
parked_and_oncoming,208,B2,unreached_or_fallback_stop,0.686684345472517,0.2909753671818587
parked_and_oncoming,209,B0,unreached_or_fallback_stop,0.29363677813495853,0.3888821628207195
parked_and_oncoming,209,B1,unreached_or_fallback_stop,0.11900213698632828,1.0577664414484123
parked_and_oncoming,209,B2,unreached_or_fallback_stop,0.11900213698632828,1.0577664414484123
parked_and_oncoming,209,MIKU,unreached_or_fallback_stop,0.3533431528387298,0.3466977650861469
parked_and_oncoming,212,B0,unreached_or_fallback_stop,0.1191867799232993,0.8940189248894672
parked_and_oncoming,212,B1,unreached_or_fallback_stop,0.1191867799232993,0.8940189248894672
parked_and_oncoming,212,B2,unreached_or_fallback_stop,0.1191867799232993,0.8940189248894672
parked_and_oncoming,212,MIKU,unreached_or_fallback_stop,0.1191867799232993,0.8940189248894672
parked_and_oncoming,213,B0,unreached_or_fallback_stop,0.4795015205147701,0.2917899420064771
parked_and_oncoming,213,B1,unreached_or_fallback_stop,0.4795015205147701,0.2917899420064771
parked_and_oncoming,213,B2,unreached_or_fallback_stop,0.4795015205147701,0.2917899420064771
parked_and_oncoming,213,MIKU,unreached_or_fallback_stop,0.6031378595315764,0.23544832675838134
parked_and_oncoming,214,B0,unreached_or_fallback_stop,0.42534792529945603,0.299897910034852
parked_and_oncoming,214,B1,unreached_or_fallback_stop,0.42534792529945603,0.29989791003485555
parked_and_oncoming,214,B2,unreached_or_fallback_stop,0.42534792529945603,0.29989791003485555
parked_and_oncoming,214,MIKU,unreached_or_fallback_stop,0.5383098359635842,0.23532253781420032
parked_and_oncoming,217,B0,unreached_or_fallback_stop,0.6525666398062179,0.29720328359754244
parked_and_oncoming,217,B1,unreached_or_fallback_stop,0.6525666398062179,0.29720328359754244
parked_and_oncoming,217,B2,unreached_or_fallback_stop,0.6525666398062179,0.29720328359754244
parked_and_oncoming,218,B0,unreached_or_fallback_stop,0.12528484331208287,1.0689408434201249
parked_and_oncoming,218,B1,unreached_or_fallback_stop,0.12528484331208287,1.0689408434201249
parked_and_oncoming,218,B2,unreached_or_fallback_stop,0.12528484331208287,1.0689408434201249
parked_and_oncoming,218,MIKU,unreached_or_fallback_stop,0.12528484331208287,1.0689408434201249
parked_and_oncoming,219,B1,unreached_or_fallback_stop,0.18365026502585108,0.6759974864693623
parked_and_oncoming,222,B0,unreached_or_fallback_stop,0.11439617800202465,0.4459094954425474
parked_and_oncoming,222,B1,unreached_or_fallback_stop,0.11439617800202465,0.27726014939999455
parked_and_oncoming,222,B2,unreached_or_fallback_stop,0.11439617800202465,0.27726014939999455
parked_and_oncoming,222,MIKU,unreached_or_fallback_stop,0.11439617800202465,0.4625590419706973
parked_and_oncoming,225,B0,unreached_or_fallback_stop,0.1051794230525645,0.8782818946176989
parked_and_oncoming,225,B1,unreached_or_fallback_stop,0.1051794230525645,0.8782818946176989
parked_and_oncoming,225,B2,unreached_or_fallback_stop,0.1051794230525645,0.8782818946176989
parked_and_oncoming,225,MIKU,unreached_or_fallback_stop,0.1051794230525645,0.8782818946176989
parked_and_oncoming,227,B0,unreached_or_fallback_stop,0.11040333400780512,0.7685858173901963
parked_and_oncoming,227,B1,unreached_or_fallback_stop,0.11040333400780512,0.7685858173901963
parked_and_oncoming,227,B2,unreached_or_fallback_stop,0.11040333400780512,0.7685858173901963
parked_and_oncoming,227,MIKU,unreached_or_fallback_stop,0.11040333400780512,0.7685858173901963
parked_and_oncoming,231,B0,unreached_or_fallback_stop,0.12496727789586909,0.5194931980625093
parked_and_oncoming,231,B1,unreached_or_fallback_stop,0.12496727789586909,0.5194931980619066
parked_and_oncoming,231,B2,unreached_or_fallback_stop,0.12496727789586909,0.5194931980619066
parked_and_oncoming,231,MIKU,unreached_or_fallback_stop,0.16642301719505243,0.44226685413051525
parked_and_oncoming,232,B0,unreached_or_fallback_stop,0.6852011271618474,0.29804540635428967
parked_and_oncoming,232,B1,unreached_or_fallback_stop,0.6852011271618474,0.29804540635428967
parked_and_oncoming,232,B2,unreached_or_fallback_stop,0.6852011271618474,0.29804540635428967
parked_and_oncoming,233,B0,unreached_or_fallback_stop,0.19387276928467045,0.3814762902981661
parked_and_oncoming,233,B1,unreached_or_fallback_stop,0.19387276928467045,0.38147629029825536
parked_and_oncoming,233,B2,unreached_or_fallback_stop,0.19387276928467045,0.38147629029825536
parked_and_oncoming,233,MIKU,unreached_or_fallback_stop,0.25297157030435924,0.3450829437480514
parked_and_oncoming,234,B0,unreached_or_fallback_stop,0.11853826473134839,0.6883255920213549
parked_and_oncoming,234,B1,unreached_or_fallback_stop,0.11853826473134839,0.6883255920213549
parked_and_oncoming,234,B2,unreached_or_fallback_stop,0.11853826473134839,0.6883255920213549
parked_and_oncoming,234,MIKU,unreached_or_fallback_stop,0.11853826473134839,0.6883255920213549
parked_and_oncoming,235,B0,unreached_or_fallback_stop,0.12219936651668827,0.9013765557673188
parked_and_oncoming,235,B1,unreached_or_fallback_stop,0.12219936651668827,0.9013765557673188
parked_and_oncoming,235,B2,unreached_or_fallback_stop,0.12219936651668827,0.9013765557673188
parked_and_oncoming,235,MIKU,unreached_or_fallback_stop,0.12219936651668827,0.9013765557673188
parked_and_oncoming,236,B0,unreached_or_fallback_stop,0.20054547972469436,0.3717475876578178
parked_and_oncoming,236,B1,unreached_or_fallback_stop,0.20054547972469436,0.37174758765849636
parked_and_oncoming,236,B2,unreached_or_fallback_stop,0.20054547972469436,0.37174758765849636
parked_and_oncoming,236,MIKU,unreached_or_fallback_stop,0.2751364999125096,0.3198615328608094
parked_and_oncoming,238,B0,unreached_or_fallback_stop,0.38251622713139083,0.28951465765935014
parked_and_oncoming,238,B1,unreached_or_fallback_stop,0.38251622713139083,0.28951465765935014
parked_and_oncoming,238,B2,unreached_or_fallback_stop,0.38251622713139083,0.28951465765935014
parked_and_oncoming,238,MIKU,unreached_or_fallback_stop,0.5142828719922691,0.2307999240278238
parked_and_oncoming,240,B0,unreached_or_fallback_stop,0.11451572567479568,0.814133677730378
parked_and_oncoming,240,B1,unreached_or_fallback_stop,0.11451572567479568,0.814133677730378
parked_and_oncoming,240,B2,unreached_or_fallback_stop,0.11451572567479568,0.814133677730378
parked_and_oncoming,240,MIKU,unreached_or_fallback_stop,0.11451572567479568,0.814133677730378
parked_and_oncoming,242,B0,unreached_or_fallback_stop,0.12423593814450454,0.8818250222379862
parked_and_oncoming,242,B1,unreached_or_fallback_stop,0.12423593814450454,0.8818250222379862
parked_and_oncoming,242,B2,unreached_or_fallback_stop,0.12423593814450454,0.8818250222379862
parked_and_oncoming,242,MIKU,unreached_or_fallback_stop,0.12423593814450454,0.8818250222379862
parked_and_oncoming,246,B0,unreached_or_fallback_stop,0.6766685353844052,0.2896565979926615
parked_and_oncoming,246,B1,unreached_or_fallback_stop,0.6766685353844052,0.2896565979926615
parked_and_oncoming,246,B2,unreached_or_fallback_stop,0.6766685353844052,0.2896565979926615
parked_and_oncoming,247,B0,unreached_or_fallback_stop,0.2674836480783284,0.3156536650443087
parked_and_oncoming,247,B1,unreached_or_fallback_stop,0.09567055670008227,1.054077682479345
parked_and_oncoming,247,B2,unreached_or_fallback_stop,0.09567055670008227,1.054077682479345
parked_and_oncoming,248,B0,unreached_or_fallback_stop,0.12688128270264246,0.8047635509825186
parked_and_oncoming,248,B1,unreached_or_fallback_stop,0.12688128270264246,0.8047635509825186
parked_and_oncoming,248,B2,unreached_or_fallback_stop,0.12688128270264246,0.8047635509825186
parked_and_oncoming,248,MIKU,unreached_or_fallback_stop,0.12688128270264246,0.8047635509825186
parked_and_oncoming,250,B0,unreached_or_fallback_stop,0.13463854312556844,0.4418468849421626
parked_and_oncoming,250,B1,unreached_or_fallback_stop,0.13463854312556844,0.4418468849421626
parked_and_oncoming,250,B2,unreached_or_fallback_stop,0.13463854312556844,0.4418468849421626
parked_and_oncoming,250,MIKU,unreached_or_fallback_stop,0.18283105124710225,0.364183651011341
parked_and_oncoming,252,B0,unreached_or_fallback_stop,0.10048907723799788,0.8185934273954696
parked_and_oncoming,252,B1,unreached_or_fallback_stop,0.10048907723799788,0.8185934273954696
parked_and_oncoming,252,B2,unreached_or_fallback_stop,0.10048907723799788,0.8185934273954696
parked_and_oncoming,252,MIKU,unreached_or_fallback_stop,0.10048907723799788,0.8185934273954696
parked_and_oncoming,253,B0,unreached_or_fallback_stop,0.3852899631324249,0.2953373096431777
parked_and_oncoming,253,B1,unreached_or_fallback_stop,0.3852899631324249,0.2953373096431777
parked_and_oncoming,253,B2,unreached_or_fallback_stop,0.3852899631324249,0.2953373096431777
parked_and_oncoming,254,B0,unreached_or_fallback_stop,0.22268884479807033,0.455094930967781
parked_and_oncoming,254,B1,unreached_or_fallback_stop,0.22268884479807033,0.455094930967781
parked_and_oncoming,254,B2,unreached_or_fallback_stop,0.22268884479807033,0.455094930967781
parked_and_oncoming,254,MIKU,unreached_or_fallback_stop,0.30642782994061907,0.3992087138620306
parked_and_oncoming,255,B0,unreached_or_fallback_stop,0.46530708754690636,0.29981563600950034
parked_and_oncoming,255,B1,unreached_or_fallback_stop,0.12009561172224809,1.0517994282423562
parked_and_oncoming,255,B2,unreached_or_fallback_stop,0.12009561172224809,1.0517994282423562
parked_and_oncoming,255,MIKU,unreached_or_fallback_stop,0.5895248382586333,0.23387334951947647
parked_and_oncoming,257,B0,unreached_or_fallback_stop,0.6472332585445425,0.3015519330213807
parked_and_oncoming,257,B1,unreached_or_fallback_stop,0.6472332585445425,0.3015519330213807
parked_and_oncoming,257,B2,unreached_or_fallback_stop,0.6472332585445425,0.3015519330213807
parked_and_oncoming,258,B0,unreached_or_fallback_stop,0.35609313602920106,0.33771962050046334
parked_and_oncoming,259,B0,unreached_or_fallback_stop,0.35336185378871987,0.30207935239800116
parked_and_oncoming,259,B1,unreached_or_fallback_stop,0.127783964737253,1.195768514261652
parked_and_oncoming,259,B2,unreached_or_fallback_stop,0.127783964737253,1.195768514261652
parked_and_oncoming,260,B0,unreached_or_fallback_stop,0.12084437520605681,0.6913285753130305
parked_and_oncoming,260,B1,unreached_or_fallback_stop,0.12084437520605681,0.6913285753130305
parked_and_oncoming,260,B2,unreached_or_fallback_stop,0.12084437520605681,0.6913285753130305
parked_and_oncoming,260,MIKU,unreached_or_fallback_stop,0.12084437520605681,0.6913285753130305
parked_and_oncoming,262,B0,unreached_or_fallback_stop,0.6979454742324084,0.3028317979998123
parked_and_oncoming,262,B1,unreached_or_fallback_stop,0.6979454742324084,0.3028317979998172
parked_and_oncoming,262,B2,unreached_or_fallback_stop,0.6979454742324084,0.3028317979998172
parked_and_oncoming,265,B0,unreached_or_fallback_stop,0.2719170853595933,0.3920952721085733
parked_and_oncoming,265,B1,unreached_or_fallback_stop,0.09606332454286973,0.8760923989136598
parked_and_oncoming,265,B2,unreached_or_fallback_stop,0.09606332454286973,0.8760923989136598
parked_and_oncoming,265,MIKU,unreached_or_fallback_stop,0.37103477909049315,0.23195218810139667
parked_and_oncoming,268,B0,unreached_or_fallback_stop,0.6606255814429006,0.2875420692184099
parked_and_oncoming,268,B1,unreached_or_fallback_stop,0.6606255814429006,0.2875420692189338
parked_and_oncoming,268,B2,unreached_or_fallback_stop,0.6606255814429006,0.2875420692189338
parked_and_oncoming,269,B0,unreached_or_fallback_stop,0.12236084611829363,0.7429971551340251
parked_and_oncoming,269,B1,unreached_or_fallback_stop,0.12236084611829363,0.7429971551340251
parked_and_oncoming,269,B2,unreached_or_fallback_stop,0.12236084611829363,0.7429971551340251
parked_and_oncoming,269,MIKU,unreached_or_fallback_stop,0.12236084611829363,0.7429971551340251
parked_and_oncoming,273,B1,unreached_or_fallback_stop,0.12557731283705095,1.1043637465591818
parked_and_oncoming,273,B2,unreached_or_fallback_stop,0.12557731283705095,1.1043637465591818
parked_and_oncoming,275,B0,unreached_or_fallback_stop,0.34074514799141675,0.3807463211992297
parked_and_oncoming,275,B1,unreached_or_fallback_stop,0.34074514799141675,0.3807463211992297
parked_and_oncoming,275,B2,unreached_or_fallback_stop,0.34074514799141675,0.3807463211992297
parked_and_oncoming,275,MIKU,unreached_or_fallback_stop,0.4405149288554923,0.23346962858389686
parked_and_oncoming,276,B0,unreached_or_fallback_stop,0.103071183369649,0.8834746919147958
parked_and_oncoming,276,B1,unreached_or_fallback_stop,0.103071183369649,0.8834746919147958
parked_and_oncoming,276,B2,unreached_or_fallback_stop,0.103071183369649,0.8834746919147958
parked_and_oncoming,276,MIKU,unreached_or_fallback_stop,0.4268849533318845,0.23837710695301295
parked_and_oncoming,277,B0,unreached_or_fallback_stop,0.11130281469938423,0.8569485781220281
parked_and_oncoming,277,B1,unreached_or_fallback_stop,0.11130281469938423,0.8569485781220281
parked_and_oncoming,277,B2,unreached_or_fallback_stop,0.11130281469938423,0.8569485781220281
parked_and_oncoming,277,MIKU,unreached_or_fallback_stop,0.11130281469938423,0.8569485781220281
parked_and_oncoming,278,B1,unreached_or_fallback_stop,0.1085424362975171,1.1165469044930258
parked_and_oncoming,278,B2,unreached_or_fallback_stop,0.1085424362975171,1.1165469044930258
parked_and_oncoming,279,B0,unreached_or_fallback_stop,0.37880564216219487,0.4473071199057288
parked_and_oncoming,279,B1,unreached_or_fallback_stop,0.37880564216219487,0.4473071199057288
parked_and_oncoming,279,B2,unreached_or_fallback_stop,0.37880564216219487,0.4473071199057288
parked_and_oncoming,279,MIKU,unreached_or_fallback_stop,0.44418873066149483,0.22646170609557403
parked_and_oncoming,280,B1,unreached_or_fallback_stop,0.11142796652714669,1.0617674532976307
parked_and_oncoming,280,B2,unreached_or_fallback_stop,0.11142796652714669,1.0617674532976307
parked_and_oncoming,280,MIKU,unreached_or_fallback_stop,0.11142796652714669,1.0617674532976307
parked_and_oncoming,282,B0,unreached_or_fallback_stop,0.5940496070503671,0.29735980657914196
parked_and_oncoming,282,B1,unreached_or_fallback_stop,0.5940496070503671,0.29735980657914196
parked_and_oncoming,282,B2,unreached_or_fallback_stop,0.5940496070503671,0.29735980657914196
parked_and_oncoming,282,MIKU,unreached_or_fallback_stop,0.6697312107050101,0.2336749331928356
parked_and_oncoming,283,B0,unreached_or_fallback_stop,0.6770025521170829,0.2884274487308187
parked_and_oncoming,283,B1,unreached_or_fallback_stop,0.6770025521170829,0.2884274487308809
parked_and_oncoming,283,B2,unreached_or_fallback_stop,0.6770025521170829,0.2884274487308809
parked_and_oncoming,285,B0,unreached_or_fallback_stop,0.5786662459408822,0.31025435559164394
parked_and_oncoming,285,B1,unreached_or_fallback_stop,0.5786662459408822,0.31025435559164394
parked_and_oncoming,285,B2,unreached_or_fallback_stop,0.5786662459408822,0.31025435559164394
parked_and_oncoming,285,MIKU,unreached_or_fallback_stop,0.6764394496136719,0.23803954259763604
parked_and_oncoming,289,B0,unreached_or_fallback_stop,0.10837913581483444,0.5008752230169167
parked_and_oncoming,289,B1,unreached_or_fallback_stop,0.10837913581483444,0.5008752230158087
parked_and_oncoming,289,B2,unreached_or_fallback_stop,0.10837913581483444,0.5008752230158087
parked_and_oncoming,289,MIKU,unreached_or_fallback_stop,0.13195460687971108,0.46527272121610164
parked_and_oncoming,296,B0,unreached_or_fallback_stop,0.21558786462398707,0.47075052803964823
parked_and_oncoming,296,B1,unreached_or_fallback_stop,0.14415128420279139,0.3532392689895776
parked_and_oncoming,296,B2,unreached_or_fallback_stop,0.14415128420279139,0.3532392689895776
parked_and_oncoming,296,MIKU,unreached_or_fallback_stop,0.2984662108679592,0.29413548739657847
parked_and_oncoming,297,B0,unreached_or_fallback_stop,0.07850521191290016,0.7482391643344108
parked_and_oncoming,297,B1,unreached_or_fallback_stop,0.07850521191290016,0.7482391643344108
parked_and_oncoming,297,B2,unreached_or_fallback_stop,0.07850521191290016,0.7482391643344108
parked_and_oncoming,297,MIKU,unreached_or_fallback_stop,0.07850521191290016,0.7482391643344108
parked_and_oncoming,298,B0,unreached_or_fallback_stop,0.11440642353644219,0.8397586955968297
parked_and_oncoming,298,B1,unreached_or_fallback_stop,0.11440642353644219,0.8397586955968297
parked_and_oncoming,298,B2,unreached_or_fallback_stop,0.11440642353644219,0.8397586955968297
parked_and_oncoming,298,MIKU,unreached_or_fallback_stop,0.11440642353644219,0.8397586955968297
parked_and_oncoming,305,B0,unreached_or_fallback_stop,0.07377242396287759,0.8683557347301656
parked_and_oncoming,305,B1,unreached_or_fallback_stop,0.07377242396287759,0.8683557347301656
parked_and_oncoming,305,B2,unreached_or_fallback_stop,0.07377242396287759,0.8683557347301656
parked_and_oncoming,305,MIKU,unreached_or_fallback_stop,0.07377242396287759,0.8683557347301656
parked_and_oncoming,306,B0,unreached_or_fallback_stop,0.5742542819923041,0.12086140913561816
parked_and_oncoming,306,B1,unreached_or_fallback_stop,0.5742542819923041,0.12086140913561816
parked_and_oncoming,306,B2,unreached_or_fallback_stop,0.5742542819923041,0.12086140913561816
parked_and_oncoming,310,B0,unreached_or_fallback_stop,0.10389637849190284,0.7806703180114201
parked_and_oncoming,310,B1,unreached_or_fallback_stop,0.10389637849190284,0.7806703180114201
parked_and_oncoming,310,B2,unreached_or_fallback_stop,0.10389637849190284,0.7806703180114201
parked_and_oncoming,310,MIKU,unreached_or_fallback_stop,0.10389637849190284,0.7806703180114201
parked_and_oncoming,311,B1,unreached_or_fallback_stop,0.08668691116591046,1.4421622140571024
parked_and_oncoming,311,B2,unreached_or_fallback_stop,0.08668691116591046,1.4421622140571024
parked_and_oncoming,313,B0,unreached_or_fallback_stop,0.487032273863655,0.287987951504701
parked_and_oncoming,313,B1,unreached_or_fallback_stop,0.487032273863655,0.28798795150470813
parked_and_oncoming,313,B2,unreached_or_fallback_stop,0.487032273863655,0.28798795150470813
parked_and_oncoming,313,MIKU,unreached_or_fallback_stop,0.5489877626948522,0.233178626624853
parked_and_oncoming,315,B0,unreached_or_fallback_stop,0.09737557910950666,0.5128756959420135
parked_and_oncoming,315,B1,unreached_or_fallback_stop,0.09737557910950666,0.5128756959420135
parked_and_oncoming,315,B2,unreached_or_fallback_stop,0.09737557910950666,0.5128756959420135
parked_and_oncoming,315,MIKU,unreached_or_fallback_stop,0.12188256454790951,0.47152975833991295
parked_and_oncoming,316,B0,unreached_or_fallback_stop,0.13060637381056311,0.5732111041811929
parked_and_oncoming,316,B1,unreached_or_fallback_stop,0.13060637381056311,0.5732111041816619
parked_and_oncoming,316,B2,unreached_or_fallback_stop,0.13060637381056311,0.5732111041816619
parked_and_oncoming,316,MIKU,unreached_or_fallback_stop,0.207054611369238,0.3669622449689969
parked_and_oncoming,317,B0,unreached_or_fallback_stop,0.2642826631517061,0.3453110183503396
parked_and_oncoming,317,B1,unreached_or_fallback_stop,0.2642826631517061,0.3453110183503396
parked_and_oncoming,317,B2,unreached_or_fallback_stop,0.2642826631517061,0.3453110183503396
parked_and_oncoming,318,B0,unreached_or_fallback_stop,0.12465355068888834,0.9706483223290912
parked_and_oncoming,318,B1,unreached_or_fallback_stop,0.12465355068888834,0.9706483223290912
parked_and_oncoming,318,B2,unreached_or_fallback_stop,0.12465355068888834,0.9706483223290912
parked_and_oncoming,318,MIKU,unreached_or_fallback_stop,0.12465355068888834,0.9706483223290912
parked_and_oncoming,320,B0,unreached_or_fallback_stop,0.1215087781030385,0.5688292521288214
parked_and_oncoming,320,B1,unreached_or_fallback_stop,0.1071099045390776,0.9436503961314822
parked_and_oncoming,320,B2,unreached_or_fallback_stop,0.1071099045390776,0.9436503961314822
parked_and_oncoming,320,MIKU,unreached_or_fallback_stop,0.16735752294261852,0.44938715337681945
parked_and_oncoming,323,B0,unreached_or_fallback_stop,0.41387299319867543,0.26137027578918115
parked_and_oncoming,323,B1,unreached_or_fallback_stop,0.08876146987583738,0.7828742641688056
parked_and_oncoming,323,B2,unreached_or_fallback_stop,0.08876146987583738,0.7828742641688056
parked_and_oncoming,323,MIKU,unreached_or_fallback_stop,0.08876146987583738,0.7828742641688056
parked_and_oncoming,325,B0,unreached_or_fallback_stop,0.2662123600025124,0.3815264964525582
parked_and_oncoming,325,B1,unreached_or_fallback_stop,0.2662123600025124,0.3815264964525582
parked_and_oncoming,325,B2,unreached_or_fallback_stop,0.2662123600025124,0.3815264964525582
parked_and_oncoming,325,MIKU,unreached_or_fallback_stop,0.37555285649246556,0.21460472142044618
parked_and_oncoming,328,B0,unreached_or_fallback_stop,0.3791611219303694,0.16474290874677378
parked_and_oncoming,328,B1,unreached_or_fallback_stop,0.07370111341545083,1.0378934325944686
parked_and_oncoming,328,B2,unreached_or_fallback_stop,0.07370111341545083,1.0378934325944686
parked_and_oncoming,329,B0,unreached_or_fallback_stop,0.6373297994726272,0.3062423208334548
parked_and_oncoming,329,B1,unreached_or_fallback_stop,0.6373297994726272,0.3062423208334548
parked_and_oncoming,329,B2,unreached_or_fallback_stop,0.6373297994726272,0.3062423208334548
parked_and_oncoming,331,B1,unreached_or_fallback_stop,0.1249380397375972,1.0014690629453569
parked_and_oncoming,331,B2,unreached_or_fallback_stop,0.1249380397375972,1.0014690629453569
parked_and_oncoming,332,B0,unreached_or_fallback_stop,0.4812955759794615,0.29990809840156407
parked_and_oncoming,332,B1,unreached_or_fallback_stop,0.09798346188653471,0.9705371601737989
parked_and_oncoming,332,B2,unreached_or_fallback_stop,0.09798346188653471,0.9705371601737989
parked_and_oncoming,332,MIKU,unreached_or_fallback_stop,0.09798346188653471,0.9705371601737989
parked_and_oncoming,333,B0,unreached_or_fallback_stop,0.4117478439109325,0.29911771081103833
parked_and_oncoming,333,B1,unreached_or_fallback_stop,0.10994927241695036,0.8932950940688529
parked_and_oncoming,333,B2,unreached_or_fallback_stop,0.10994927241695036,0.8932950940688529
parked_and_oncoming,333,MIKU,unreached_or_fallback_stop,0.10994927241695036,0.8932950940688529
parked_and_oncoming,334,B0,unreached_or_fallback_stop,0.40275527374710557,0.2888202426272324
parked_and_oncoming,334,B1,unreached_or_fallback_stop,0.40275527374710557,0.2888202426272324
parked_and_oncoming,334,B2,unreached_or_fallback_stop,0.40275527374710557,0.2888202426272324
parked_and_oncoming,334,MIKU,unreached_or_fallback_stop,0.48933732317575845,0.22749669161364627
parked_and_oncoming,335,B0,unreached_or_fallback_stop,0.11392533424591163,0.8626249049326318
parked_and_oncoming,335,B1,unreached_or_fallback_stop,0.11392533424591163,0.8626249049326318
parked_and_oncoming,335,B2,unreached_or_fallback_stop,0.11392533424591163,0.8626249049326318
parked_and_oncoming,335,MIKU,unreached_or_fallback_stop,0.11392533424591163,0.8626249049326318
parked_and_oncoming,336,B1,unreached_or_fallback_stop,0.11763091472488393,1.0867464944626732
parked_and_oncoming,336,B2,unreached_or_fallback_stop,0.11763091472488393,1.0867464944626732
parked_and_oncoming,337,B0,unreached_or_fallback_stop,0.1411044892470423,0.5580297780106265
parked_and_oncoming,337,B1,unreached_or_fallback_stop,0.11282861722675532,0.9484097412037715
parked_and_oncoming,337,B2,unreached_or_fallback_stop,0.11282861722675532,0.9484097412037715
parked_and_oncoming,337,MIKU,unreached_or_fallback_stop,0.17986341999177538,0.46615121463008835
parked_and_oncoming,338,B0,unreached_or_fallback_stop,0.5414056228782113,0.2674870061707173
parked_and_oncoming,338,B1,unreached_or_fallback_stop,0.5414056228782113,0.2674870061707173
parked_and_oncoming,338,B2,unreached_or_fallback_stop,0.5414056228782113,0.2674870061707173
parked_and_oncoming,340,B0,unreached_or_fallback_stop,0.12535960083391073,0.8240671359884604
parked_and_oncoming,340,B1,unreached_or_fallback_stop,0.12535960083391073,0.8240671359884604
parked_and_oncoming,340,B2,unreached_or_fallback_stop,0.12535960083391073,0.8240671359884604
parked_and_oncoming,340,MIKU,unreached_or_fallback_stop,0.12535960083391073,0.8240671359884604
parked_and_oncoming,341,B1,unreached_or_fallback_stop,0.40425534076566566,1.20164771963496
parked_and_oncoming,344,B0,unreached_or_fallback_stop,0.47912753730984237,0.27672816501116415
parked_and_oncoming,344,B1,unreached_or_fallback_stop,0.47912753730984237,0.27672816501116415
parked_and_oncoming,344,B2,unreached_or_fallback_stop,0.47912753730984237,0.27672816501116415
parked_and_oncoming,346,B0,unreached_or_fallback_stop,0.3446474853558774,0.38362019536844777
parked_and_oncoming,346,B1,unreached_or_fallback_stop,0.3446474853558774,0.38362019536844777
parked_and_oncoming,346,B2,unreached_or_fallback_stop,0.3446474853558774,0.38362019536844777
parked_and_oncoming,346,MIKU,unreached_or_fallback_stop,0.4265822862864574,0.2356191127009366
parked_and_oncoming,347,B1,unreached_or_fallback_stop,0.13005938921794816,1.3320537687958163
parked_and_oncoming,347,B2,unreached_or_fallback_stop,0.13005938921794816,1.3320537687958163
parked_and_oncoming,349,B0,unreached_or_fallback_stop,0.6144320738619506,0.16396618554048725
parked_and_oncoming,349,B1,unreached_or_fallback_stop,0.6144320738619506,0.16396618554044817
parked_and_oncoming,349,B2,unreached_or_fallback_stop,0.6144320738619506,0.16396618554044817
parked_and_oncoming,350,B0,unreached_or_fallback_stop,0.49151386872511205,0.29493301704021935
parked_and_oncoming,350,B1,unreached_or_fallback_stop,0.49151386872511205,0.29493301704021935
parked_and_oncoming,350,B2,unreached_or_fallback_stop,0.49151386872511205,0.29493301704021935
parked_and_oncoming,350,MIKU,unreached_or_fallback_stop,0.6183788150279166,0.2363158012353921
parked_and_oncoming,355,B0,unreached_or_fallback_stop,0.6640186450606735,0.3073556769660619
parked_and_oncoming,355,B1,unreached_or_fallback_stop,0.6640186450606735,0.3073556769660619
parked_and_oncoming,355,B2,unreached_or_fallback_stop,0.6640186450606735,0.3073556769660619
parked_and_oncoming,357,B0,unreached_or_fallback_stop,0.5379877532975496,0.29223869079334114
parked_and_oncoming,357,B1,unreached_or_fallback_stop,0.5379877532975496,0.29223869079334114
parked_and_oncoming,357,B2,unreached_or_fallback_stop,0.5379877532975496,0.29223869079334114
parked_and_oncoming,357,MIKU,unreached_or_fallback_stop,0.6445800213919266,0.24444768931484928
parked_and_oncoming,360,B0,unreached_or_fallback_stop,0.12440984062636977,0.6944553925216264
parked_and_oncoming,360,B1,unreached_or_fallback_stop,0.12440984062636977,0.6944553925216264
parked_and_oncoming,360,B2,unreached_or_fallback_stop,0.12440984062636977,0.6944553925216264
parked_and_oncoming,360,MIKU,unreached_or_fallback_stop,0.2509126750376998,0.3100783737832522
parked_and_oncoming,361,B0,unreached_or_fallback_stop,0.2556972851313428,0.3663475947510513
parked_and_oncoming,361,B1,unreached_or_fallback_stop,0.2556972851313428,0.3663475947510513
parked_and_oncoming,361,B2,unreached_or_fallback_stop,0.2556972851313428,0.3663475947510513
parked_and_oncoming,361,MIKU,unreached_or_fallback_stop,0.3402643028031086,0.3120584796448447
parked_and_oncoming,362,B0,unreached_or_fallback_stop,0.495093153457503,0.30249231400928567
parked_and_oncoming,362,B1,unreached_or_fallback_stop,0.495093153457503,0.30249231400928567
parked_and_oncoming,362,B2,unreached_or_fallback_stop,0.495093153457503,0.30249231400928567
parked_and_oncoming,362,MIKU,unreached_or_fallback_stop,0.6755434053211312,0.23082770622785054
parked_and_oncoming,363,B0,unreached_or_fallback_stop,0.22980187696703436,0.4292237958673284
parked_and_oncoming,363,B1,unreached_or_fallback_stop,0.1138975473997779,1.141658147373176
parked_and_oncoming,363,B2,unreached_or_fallback_stop,0.1138975473997779,1.141658147373176
parked_and_oncoming,363,MIKU,unreached_or_fallback_stop,0.37324628107985847,0.2247903140488034
parked_and_oncoming,364,B0,unreached_or_fallback_stop,0.3486354026691191,0.40729512418009084
parked_and_oncoming,364,B1,unreached_or_fallback_stop,0.3486354026691191,0.40729512417937097
parked_and_oncoming,364,B2,unreached_or_fallback_stop,0.3486354026691191,0.40729512417937097
parked_and_oncoming,364,MIKU,unreached_or_fallback_stop,0.4399652911146321,0.2193291969852993
parked_and_oncoming,366,B0,unreached_or_fallback_stop,0.10908675676539288,0.7802955713650319
parked_and_oncoming,366,B1,unreached_or_fallback_stop,0.10908675676539288,0.7802955713650319
parked_and_oncoming,366,B2,unreached_or_fallback_stop,0.10908675676539288,0.7802955713650319
parked_and_oncoming,366,MIKU,unreached_or_fallback_stop,0.40482621209757635,0.2402459028477093
parked_and_oncoming,368,B0,unreached_or_fallback_stop,0.1239885841361837,0.7062269909756811
parked_and_oncoming,368,B1,unreached_or_fallback_stop,0.1239885841361837,0.7062269909756811
parked_and_oncoming,368,B2,unreached_or_fallback_stop,0.1239885841361837,0.7062269909756811
parked_and_oncoming,368,MIKU,unreached_or_fallback_stop,0.1239885841361837,0.7062269909756811
parked_and_oncoming,369,B0,unreached_or_fallback_stop,0.5272790421475573,0.263399327746324
parked_and_oncoming,369,B1,unreached_or_fallback_stop,0.5272790421475573,0.263399327746324
parked_and_oncoming,369,B2,unreached_or_fallback_stop,0.5272790421475573,0.263399327746324
parked_and_oncoming,370,B0,unreached_or_fallback_stop,0.5515540001188798,0.3005551102376425
parked_and_oncoming,370,B1,unreached_or_fallback_stop,0.5515540001188798,0.3005551102376425
parked_and_oncoming,370,B2,unreached_or_fallback_stop,0.5515540001188798,0.3005551102376425
parked_and_oncoming,370,MIKU,unreached_or_fallback_stop,0.6551198357124725,0.2239336936296508
parked_and_oncoming,371,B0,unreached_or_fallback_stop,0.3458166467799295,0.3090708760717975
parked_and_oncoming,371,B1,unreached_or_fallback_stop,0.3458166467799295,0.3090708760717913
parked_and_oncoming,371,B2,unreached_or_fallback_stop,0.3458166467799295,0.3090708760717913
parked_and_oncoming,371,MIKU,unreached_or_fallback_stop,0.4049711673231017,0.24627885935749383
parked_and_oncoming,373,B0,unreached_or_fallback_stop,0.11611704224413993,0.8717991600645527
parked_and_oncoming,373,B1,unreached_or_fallback_stop,0.11611704224413993,0.8717991600645527
parked_and_oncoming,373,B2,unreached_or_fallback_stop,0.11611704224413993,0.8717991600645527
parked_and_oncoming,373,MIKU,unreached_or_fallback_stop,0.11611704224413993,0.8717991600645527
parked_and_oncoming,376,B0,unreached_or_fallback_stop,0.11905413671257664,0.4987338492514799
parked_and_oncoming,376,B1,unreached_or_fallback_stop,0.11905413671257664,0.4987338492514799
parked_and_oncoming,376,B2,unreached_or_fallback_stop,0.11905413671257664,0.4987338492514799
parked_and_oncoming,376,MIKU,unreached_or_fallback_stop,0.15149945843564283,0.435069258224817
parked_and_oncoming,377,B1,unreached_or_fallback_stop,0.39361704307144196,1.2128254721359002
parked_and_oncoming,381,B0,unreached_or_fallback_stop,0.43981448166164266,0.3006690429799395
parked_and_oncoming,381,B1,unreached_or_fallback_stop,0.43981448166164266,0.3006690429799395
parked_and_oncoming,381,B2,unreached_or_fallback_stop,0.43981448166164266,0.3006690429799395
parked_and_oncoming,381,MIKU,unreached_or_fallback_stop,0.5361476606637391,0.23821209969000146
parked_and_oncoming,382,B0,unreached_or_fallback_stop,0.15749638064252616,0.3580298061287772
parked_and_oncoming,382,B1,unreached_or_fallback_stop,0.15749638064252616,0.3580298061283105
parked_and_oncoming,382,B2,unreached_or_fallback_stop,0.15749638064252616,0.3580298061283105
parked_and_oncoming,382,MIKU,unreached_or_fallback_stop,0.2412788215738693,0.293656057789323
parked_and_oncoming,386,B0,unreached_or_fallback_stop,0.6189664149109444,0.2993449601531857
parked_and_oncoming,386,B1,unreached_or_fallback_stop,0.6189664149109444,0.2993449601531857
parked_and_oncoming,386,B2,unreached_or_fallback_stop,0.6189664149109444,0.2993449601531857
parked_and_oncoming,388,B0,unreached_or_fallback_stop,0.12707802875971005,0.9344375510357112
parked_and_oncoming,388,B1,unreached_or_fallback_stop,0.12707802875971005,0.9344375510357112
parked_and_oncoming,388,B2,unreached_or_fallback_stop,0.12707802875971005,0.9344375510357112
parked_and_oncoming,388,MIKU,unreached_or_fallback_stop,0.5731318717958291,0.24735915706422062
parked_and_oncoming,389,B0,unreached_or_fallback_stop,0.08138747656293564,0.8218980126387501
parked_and_oncoming,389,B1,unreached_or_fallback_stop,0.08138747656293564,0.8218980126387501
parked_and_oncoming,389,B2,unreached_or_fallback_stop,0.08138747656293564,0.8218980126387501
parked_and_oncoming,389,MIKU,unreached_or_fallback_stop,0.08138747656293564,0.8218980126387501
parked_and_oncoming,390,B0,unreached_or_fallback_stop,0.4549320611472513,0.2873166342376121
parked_and_oncoming,390,B1,unreached_or_fallback_stop,0.4549320611472513,0.2873166342376121
parked_and_oncoming,390,B2,unreached_or_fallback_stop,0.4549320611472513,0.2873166342376121
parked_and_oncoming,390,MIKU,unreached_or_fallback_stop,0.5452096077662232,0.22702277536696913
parked_and_oncoming,391,B0,unreached_or_fallback_stop,0.32256511214699035,0.4373948182839613
parked_and_oncoming,391,B1,unreached_or_fallback_stop,0.32256511214699035,0.4373948182839613
parked_and_oncoming,391,B2,unreached_or_fallback_stop,0.32256511214699035,0.4373948182839613
parked_and_oncoming,391,MIKU,unreached_or_fallback_stop,0.3927385040920575,0.38813821896063866
parked_and_oncoming,392,B0,unreached_or_fallback_stop,0.12100428493241885,0.46791597800462004
parked_and_oncoming,392,B1,unreached_or_fallback_stop,0.12100428493241885,0.46791597800462004
parked_and_oncoming,392,B2,unreached_or_fallback_stop,0.12100428493241885,0.46791597800462004
parked_and_oncoming,392,MIKU,unreached_or_fallback_stop,0.14476538238153452,0.4369414717317688
parked_and_oncoming,394,B0,unreached_or_fallback_stop,0.5423940687561094,0.296771603197896
parked_and_oncoming,394,B1,unreached_or_fallback_stop,0.5423940687561094,0.296771603197896
parked_and_oncoming,394,B2,unreached_or_fallback_stop,0.5423940687561094,0.296771603197896
parked_and_oncoming,394,MIKU,unreached_or_fallback_stop,0.6516556944532491,0.23588431574338897
parked_and_oncoming,395,B0,unreached_or_fallback_stop,0.2950570599691471,0.302045216186767
parked_and_oncoming,395,B1,unreached_or_fallback_stop,0.2950570599691471,0.302045216186767
parked_and_oncoming,395,B2,unreached_or_fallback_stop,0.2950570599691471,0.302045216186767
parked_and_oncoming,396,B0,unreached_or_fallback_stop,0.3562085792673669,0.28217057560285186
parked_and_oncoming,396,B1,unreached_or_fallback_stop,0.3562085792673669,0.28217057560285186
parked_and_oncoming,396,B2,unreached_or_fallback_stop,0.3562085792673669,0.28217057560285186
parked_and_oncoming,396,MIKU,unreached_or_fallback_stop,0.4380012644530124,0.22404029809182457
parked_and_oncoming,397,B0,unreached_or_fallback_stop,0.6102503892904919,0.3014664927325037
parked_and_oncoming,397,B1,unreached_or_fallback_stop,0.6102503892904919,0.3014664927325037
parked_and_oncoming,397,B2,unreached_or_fallback_stop,0.6102503892904919,0.3014664927325037
parked_and_oncoming,401,B0,unreached_or_fallback_stop,0.21446871832328385,0.4474498939437219
parked_and_oncoming,401,B1,unreached_or_fallback_stop,0.21446871832328385,0.4474498939437219
parked_and_oncoming,401,B2,unreached_or_fallback_stop,0.21446871832328385,0.4474498939437219
parked_and_oncoming,401,MIKU,unreached_or_fallback_stop,0.27268331548927477,0.4167096115570912
parked_and_oncoming,402,B0,unreached_or_fallback_stop,0.24730203648682234,0.37979684917986756
parked_and_oncoming,402,B1,unreached_or_fallback_stop,0.24730203648682234,0.37979684917986756
parked_and_oncoming,402,B2,unreached_or_fallback_stop,0.24730203648682234,0.37979684917986756
parked_and_oncoming,402,MIKU,unreached_or_fallback_stop,0.32839323793135616,0.33734135395055764
parked_and_oncoming,404,B0,unreached_or_fallback_stop,0.11199763203360306,0.97154598619408
parked_and_oncoming,404,B1,unreached_or_fallback_stop,0.11199763203360306,0.97154598619408
parked_and_oncoming,404,B2,unreached_or_fallback_stop,0.11199763203360306,0.97154598619408
parked_and_oncoming,404,MIKU,unreached_or_fallback_stop,0.11199763203360306,0.97154598619408
parked_and_oncoming,405,B0,unreached_or_fallback_stop,0.08374421181892923,0.6559208911281451
parked_and_oncoming,405,B1,unreached_or_fallback_stop,0.08374421181892923,0.6559208911281451
parked_and_oncoming,405,B2,unreached_or_fallback_stop,0.08374421181892923,0.6559208911281451
parked_and_oncoming,405,MIKU,unreached_or_fallback_stop,0.08374421181892923,0.6559208911281451
parked_and_oncoming,410,B0,unreached_or_fallback_stop,0.1169942523647562,0.7405310541494599
parked_and_oncoming,410,B1,unreached_or_fallback_stop,0.1169942523647562,0.7405310541494599
parked_and_oncoming,410,B2,unreached_or_fallback_stop,0.1169942523647562,0.7405310541494599
parked_and_oncoming,410,MIKU,unreached_or_fallback_stop,0.1169942523647562,0.7405310541494599
parked_and_oncoming,411,B1,unreached_or_fallback_stop,0.10979967915150873,1.3597864874950365
parked_and_oncoming,411,B2,unreached_or_fallback_stop,0.10979967915150873,1.3597864874950365
parked_and_oncoming,412,B0,unreached_or_fallback_stop,0.19660013806829127,0.3719174308721387
parked_and_oncoming,412,B1,unreached_or_fallback_stop,0.19660013806829127,0.3719174308721387
parked_and_oncoming,412,B2,unreached_or_fallback_stop,0.19660013806829127,0.3719174308721387
parked_and_oncoming,412,MIKU,unreached_or_fallback_stop,0.2988783478892706,0.29038286332258595
parked_and_oncoming,416,B0,unreached_or_fallback_stop,0.3384560203327077,0.2875963497372913
parked_and_oncoming,416,B1,unreached_or_fallback_stop,0.3384560203327077,0.2875963497372913
parked_and_oncoming,416,B2,unreached_or_fallback_stop,0.3384560203327077,0.2875963497372913
parked_and_oncoming,416,MIKU,unreached_or_fallback_stop,0.4709985819659823,0.2244636284747632
parked_and_oncoming,417,B0,unreached_or_fallback_stop,0.5360419806005546,0.30811090044831735
parked_and_oncoming,417,B1,unreached_or_fallback_stop,0.5360419806005546,0.30811090044831735
parked_and_oncoming,417,B2,unreached_or_fallback_stop,0.5360419806005546,0.30811090044831735
parked_and_oncoming,417,MIKU,unreached_or_fallback_stop,0.6101472112008313,0.22864613596492722
parked_and_oncoming,419,B1,unreached_or_fallback_stop,0.08437395962403701,1.0887386584057317
parked_and_oncoming,419,B2,unreached_or_fallback_stop,0.08437395962403701,1.0887386584057317
parked_and_oncoming,421,B0,unreached_or_fallback_stop,0.07271582793968982,0.7729485992736711
parked_and_oncoming,421,B1,unreached_or_fallback_stop,0.07271582793968982,0.7729485992736711
parked_and_oncoming,421,B2,unreached_or_fallback_stop,0.07271582793968982,0.7729485992736711
parked_and_oncoming,421,MIKU,unreached_or_fallback_stop,0.07271582793968982,0.7729485992736711
parked_and_oncoming,423,B1,unreached_or_fallback_stop,0.09295244172503954,1.2860692175518302
parked_and_oncoming,423,B2,unreached_or_fallback_stop,0.09295244172503954,1.2860692175518302
parked_and_oncoming,426,B0,unreached_or_fallback_stop,0.06659341996465333,0.8268294129161649
parked_and_oncoming,426,B1,unreached_or_fallback_stop,0.06659341996465333,0.8268294129161649
parked_and_oncoming,426,B2,unreached_or_fallback_stop,0.06659341996465333,0.8268294129161649
parked_and_oncoming,426,MIKU,unreached_or_fallback_stop,0.28942703321168545,0.4481196926875337
parked_and_oncoming,427,B0,unreached_or_fallback_stop,0.28126217301724976,0.3974009947067412
parked_and_oncoming,427,B1,unreached_or_fallback_stop,0.28126217301724976,0.3974009947067412
parked_and_oncoming,427,B2,unreached_or_fallback_stop,0.28126217301724976,0.3974009947067412
parked_and_oncoming,427,MIKU,unreached_or_fallback_stop,0.3452740210111723,0.3612458084350716
parked_and_oncoming,431,B0,unreached_or_fallback_stop,0.28488726948196985,0.3173544466243632
parked_and_oncoming,431,B1,unreached_or_fallback_stop,0.09715782463020176,1.0307714722848305
parked_and_oncoming,431,B2,unreached_or_fallback_stop,0.09715782463020176,1.0307714722848305
parked_and_oncoming,433,B1,unreached_or_fallback_stop,0.10146099547262832,1.1399467453380734
parked_and_oncoming,433,B2,unreached_or_fallback_stop,0.10146099547262832,1.1399467453380734
parked_and_oncoming,433,MIKU,unreached_or_fallback_stop,0.10146099547262832,1.1399467453380734
parked_and_oncoming,435,B0,unreached_or_fallback_stop,0.4892487749730396,0.2527705652141461
parked_and_oncoming,435,B1,unreached_or_fallback_stop,0.4892487749730396,0.2527705652141461
parked_and_oncoming,435,B2,unreached_or_fallback_stop,0.4892487749730396,0.2527705652141461
parked_and_oncoming,436,B0,unreached_or_fallback_stop,0.0747928606520377,0.7222643477891189
parked_and_oncoming,436,B1,unreached_or_fallback_stop,0.0747928606520377,0.7222643477891189
parked_and_oncoming,436,B2,unreached_or_fallback_stop,0.0747928606520377,0.7222643477891189
parked_and_oncoming,436,MIKU,unreached_or_fallback_stop,0.0747928606520377,0.7222643477891189
parked_and_oncoming,438,B0,unreached_or_fallback_stop,0.08824391031790202,0.7175659162622159
parked_and_oncoming,438,B1,unreached_or_fallback_stop,0.08824391031790202,0.7175659162622159
parked_and_oncoming,438,B2,unreached_or_fallback_stop,0.08824391031790202,0.7175659162622159
parked_and_oncoming,438,MIKU,unreached_or_fallback_stop,0.08824391031790202,0.7175659162622159
parked_and_oncoming,439,B0,unreached_or_fallback_stop,0.10638288684442386,0.824864113041405
parked_and_oncoming,439,B1,unreached_or_fallback_stop,0.10638288684442386,0.824864113041405
parked_and_oncoming,439,B2,unreached_or_fallback_stop,0.10638288684442386,0.824864113041405
parked_and_oncoming,439,MIKU,unreached_or_fallback_stop,0.10638288684442386,0.824864113041405
parked_and_oncoming,440,B0,unreached_or_fallback_stop,0.08075827201539382,0.9301028016584882
parked_and_oncoming,440,B1,unreached_or_fallback_stop,0.08075827201539382,0.9301028016584882
parked_and_oncoming,440,B2,unreached_or_fallback_stop,0.08075827201539382,0.9301028016584882
parked_and_oncoming,440,MIKU,unreached_or_fallback_stop,0.08075827201539382,0.9301028016584882
parked_and_oncoming,445,B0,unreached_or_fallback_stop,0.11707161575061223,0.9793660199300553
parked_and_oncoming,445,B1,unreached_or_fallback_stop,0.11707161575061223,0.9793660199300553
parked_and_oncoming,445,B2,unreached_or_fallback_stop,0.11707161575061223,0.9793660199300553
parked_and_oncoming,445,MIKU,unreached_or_fallback_stop,0.11707161575061223,0.9793660199300553
parked_and_oncoming,447,B0,unreached_or_fallback_stop,0.12590430247331327,0.4741516001903876
parked_and_oncoming,447,B1,unreached_or_fallback_stop,0.09653621236931946,0.783709864458061
parked_and_oncoming,447,B2,unreached_or_fallback_stop,0.09653621236931946,0.783709864458061
parked_and_oncoming,447,MIKU,unreached_or_fallback_stop,0.15217766435891902,0.43794344033460275
parked_and_oncoming,449,B0,unreached_or_fallback_stop,0.4764192823156647,0.3014257095310686
parked_and_oncoming,449,B1,unreached_or_fallback_stop,0.4764192823156647,0.3014257095310686
parked_and_oncoming,449,B2,unreached_or_fallback_stop,0.4764192823156647,0.3014257095310686
parked_and_oncoming,449,MIKU,unreached_or_fallback_stop,0.5759622723262061,0.2538767579262262
parked_and_oncoming,450,B0,unreached_or_fallback_stop,0.3059966279762833,0.29947312474675813
parked_and_oncoming,450,B1,unreached_or_fallback_stop,0.12372060511481173,0.908816252481444
parked_and_oncoming,450,B2,unreached_or_fallback_stop,0.12372060511481173,0.908816252481444
parked_and_oncoming,450,MIKU,unreached_or_fallback_stop,0.5522751715083221,0.1362057534754766
parked_and_oncoming,451,B0,unreached_or_fallback_stop,0.10797863898222151,0.8182901685806065
parked_and_oncoming,451,B1,unreached_or_fallback_stop,0.10797863898222151,0.8182901685806065
parked_and_oncoming,451,B2,unreached_or_fallback_stop,0.10797863898222151,0.8182901685806065
parked_and_oncoming,451,MIKU,unreached_or_fallback_stop,0.10797863898222151,0.8182901685806065
parked_and_oncoming,452,B0,unreached_or_fallback_stop,0.1542200899349996,0.405379615518119
parked_and_oncoming,452,B1,unreached_or_fallback_stop,0.1542200899349996,0.18904943634983945
parked_and_oncoming,452,B2,unreached_or_fallback_stop,0.1542200899349996,0.18904943634983945
parked_and_oncoming,452,MIKU,unreached_or_fallback_stop,0.1542200899349996,0.42331066785959076
parked_and_oncoming,457,B1,unreached_or_fallback_stop,0.12878362062201426,1.4182724798627224
parked_and_oncoming,457,B2,unreached_or_fallback_stop,0.12878362062201426,1.4182724798627224
parked_and_oncoming,458,B0,unreached_or_fallback_stop,0.16678391868832523,0.5045059570930257
parked_and_oncoming,458,B1,unreached_or_fallback_stop,0.10682389139436937,0.9711485527158974
parked_and_oncoming,458,B2,unreached_or_fallback_stop,0.10682389139436937,0.9711485527158974
parked_and_oncoming,458,MIKU,unreached_or_fallback_stop,0.25311792241368786,0.32300888618411383
parked_and_oncoming,461,B0,unreached_or_fallback_stop,0.44068580132977553,0.3002357468536363
parked_and_oncoming,461,B1,unreached_or_fallback_stop,0.44068580132977553,0.3002357468536363
parked_and_oncoming,461,B2,unreached_or_fallback_stop,0.44068580132977553,0.3002357468536363
parked_and_oncoming,461,MIKU,unreached_or_fallback_stop,0.5643214696435598,0.23273320711742929
parked_and_oncoming,462,B0,unreached_or_fallback_stop,0.129335540166658,0.8130576175006481
parked_and_oncoming,462,B1,unreached_or_fallback_stop,0.129335540166658,0.8130576175006481
parked_and_oncoming,462,B2,unreached_or_fallback_stop,0.129335540166658,0.8130576175006481
parked_and_oncoming,462,MIKU,unreached_or_fallback_stop,0.129335540166658,0.8130576175006481
parked_and_oncoming,463,B0,unreached_or_fallback_stop,0.22642125429746363,0.3224281790717183
parked_and_oncoming,463,B1,unreached_or_fallback_stop,0.22642125429746363,0.3224281790717183
parked_and_oncoming,463,B2,unreached_or_fallback_stop,0.22642125429746363,0.3224281790717183
parked_and_oncoming,463,MIKU,unreached_or_fallback_stop,0.288458926345748,0.2937733609453761
parked_and_oncoming,467,B0,unreached_or_fallback_stop,0.6373368043416204,0.2902615586765327
parked_and_oncoming,467,B1,unreached_or_fallback_stop,0.6373368043416204,0.2902615586765318
parked_and_oncoming,467,B2,unreached_or_fallback_stop,0.6373368043416204,0.2902615586765318
parked_and_oncoming,470,B0,unreached_or_fallback_stop,0.06990849748120949,0.839795536057002
parked_and_oncoming,470,B1,unreached_or_fallback_stop,0.06990849748120949,0.839795536057002
parked_and_oncoming,470,B2,unreached_or_fallback_stop,0.06990849748120949,0.839795536057002
parked_and_oncoming,470,MIKU,unreached_or_fallback_stop,0.06990849748120949,0.839795536057002
parked_and_oncoming,471,B0,unreached_or_fallback_stop,0.09280820186346556,0.8584016767657563
parked_and_oncoming,471,B1,unreached_or_fallback_stop,0.09280820186346556,0.8584016767657563
parked_and_oncoming,471,B2,unreached_or_fallback_stop,0.09280820186346556,0.8584016767657563
parked_and_oncoming,471,MIKU,unreached_or_fallback_stop,0.11624943747182837,0.5385641817682745
parked_and_oncoming,475,B0,unreached_or_fallback_stop,0.5952474150009996,0.3002307135687947
parked_and_oncoming,475,B1,unreached_or_fallback_stop,0.5952474150009996,0.3002307135687947
parked_and_oncoming,475,B2,unreached_or_fallback_stop,0.5952474150009996,0.3002307135687947
parked_and_oncoming,475,MIKU,unreached_or_fallback_stop,0.6859809562544562,0.2528391782319894
parked_and_oncoming,476,B0,unreached_or_fallback_stop,0.3145501804433297,0.3796834288087423
parked_and_oncoming,476,B1,unreached_or_fallback_stop,0.11964770134276893,1.0288310444122222
parked_and_oncoming,476,B2,unreached_or_fallback_stop,0.11964770134276893,1.0288310444122222
parked_and_oncoming,476,MIKU,unreached_or_fallback_stop,0.38713524845972674,0.3205551201148489
parked_and_oncoming,477,B0,unreached_or_fallback_stop,0.6460859073373201,0.29513243684017754
parked_and_oncoming,477,B1,unreached_or_fallback_stop,0.6460859073373201,0.29513243684017754
parked_and_oncoming,477,B2,unreached_or_fallback_stop,0.6460859073373201,0.29513243684017754
parked_and_oncoming,478,B1,unreached_or_fallback_stop,0.09793186305713332,0.9996815859012336
parked_and_oncoming,478,B2,unreached_or_fallback_stop,0.09793186305713332,0.9996815859012336
parked_and_oncoming,478,MIKU,unreached_or_fallback_stop,0.09793186305713332,0.9996815859012336
parked_and_oncoming,479,B0,unreached_or_fallback_stop,0.11206235683190251,0.7748691475207532
parked_and_oncoming,479,B1,unreached_or_fallback_stop,0.11206235683190251,0.7748691475207532
parked_and_oncoming,479,B2,unreached_or_fallback_stop,0.11206235683190251,0.7748691475207532
parked_and_oncoming,479,MIKU,unreached_or_fallback_stop,0.32881154703331883,0.37319360045637007
parked_and_oncoming,480,B0,unreached_or_fallback_stop,0.6382429261474566,0.23203777121518487
parked_and_oncoming,480,B1,unreached_or_fallback_stop,0.1290769338936426,0.9797671307631883
parked_and_oncoming,480,B2,unreached_or_fallback_stop,0.1290769338936426,0.9797671307631883
parked_and_oncoming,482,B0,unreached_or_fallback_stop,0.22330117656075432,0.4695624571119015
parked_and_oncoming,482,B1,unreached_or_fallback_stop,0.22330117656075432,0.4695624571119015
parked_and_oncoming,482,B2,unreached_or_fallback_stop,0.22330117656075432,0.4695624571119015
parked_and_oncoming,482,MIKU,unreached_or_fallback_stop,0.3272987691986586,0.246177098285485
parked_and_oncoming,483,B0,unreached_or_fallback_stop,0.2911694811955433,0.46503471769796834
parked_and_oncoming,483,B1,unreached_or_fallback_stop,0.2911694811955433,0.46503471769796834
parked_and_oncoming,483,B2,unreached_or_fallback_stop,0.2911694811955433,0.46503471769796834
parked_and_oncoming,483,MIKU,unreached_or_fallback_stop,0.3568943200717928,0.35871008369660995
parked_and_oncoming,484,B0,unreached_or_fallback_stop,0.3089360178950842,0.4280650431477686
parked_and_oncoming,484,B1,unreached_or_fallback_stop,0.3089360178950842,0.4280650431477686
parked_and_oncoming,484,B2,unreached_or_fallback_stop,0.3089360178950842,0.4280650431477686
parked_and_oncoming,484,MIKU,unreached_or_fallback_stop,0.3760310169568636,0.39074504228335294
parked_and_oncoming,486,B0,unreached_or_fallback_stop,0.710767565982916,0.2849420094788577
parked_and_oncoming,486,B1,unreached_or_fallback_stop,0.710767565982916,0.2849420094788577
parked_and_oncoming,486,B2,unreached_or_fallback_stop,0.710767565982916,0.2849420094788577
parked_and_oncoming,487,B0,unreached_or_fallback_stop,0.2570676104090646,0.3070953235781415
parked_and_oncoming,487,B1,unreached_or_fallback_stop,0.2570676104090646,0.30709532357873215
parked_and_oncoming,487,B2,unreached_or_fallback_stop,0.2570676104090646,0.30709532357873215
parked_and_oncoming,488,B1,unreached_or_fallback_stop,0.12678963613201416,1.1611902510471368
parked_and_oncoming,488,B2,unreached_or_fallback_stop,0.12678963613201416,1.1611902510471368
parked_and_oncoming,489,B0,unreached_or_fallback_stop,0.19771180095152427,0.5279613125647153
parked_and_oncoming,489,B1,unreached_or_fallback_stop,0.14012216402334923,0.46517446021470427
parked_and_oncoming,489,B2,unreached_or_fallback_stop,0.14012216402334923,0.46517446021470427
parked_and_oncoming,489,MIKU,unreached_or_fallback_stop,0.2635894436616408,0.37261638617708304
parked_and_oncoming,490,B0,unreached_or_fallback_stop,0.6640337212241757,0.21237085940961076
parked_and_oncoming,490,B1,unreached_or_fallback_stop,0.11062448639285778,1.1213291601717839
parked_and_oncoming,490,B2,unreached_or_fallback_stop,0.11062448639285778,1.1213291601717839
parked_and_oncoming,491,B0,unreached_or_fallback_stop,0.5271511190147358,0.24652580732769946
parked_and_oncoming,491,B1,unreached_or_fallback_stop,0.38297874452083114,0.9362779575208737
parked_and_oncoming,491,B2,unreached_or_fallback_stop,0.38297874452083114,0.9362779575208737
parked_and_oncoming,491,MIKU,unreached_or_fallback_stop,0.38297874452083114,0.9004177412161529
parked_and_oncoming,493,B0,unreached_or_fallback_stop,0.18236217915654515,0.46146410542842853
parked_and_oncoming,493,B1,unreached_or_fallback_stop,0.10900472538364311,0.9926729689088734
parked_and_oncoming,493,B2,unreached_or_fallback_stop,0.10900472538364311,0.9926729689088734
parked_and_oncoming,495,B0,unreached_or_fallback_stop,0.23050762872817537,0.38819115409731353
parked_and_oncoming,495,B1,unreached_or_fallback_stop,0.23050762872817537,0.38819115409731353
parked_and_oncoming,495,B2,unreached_or_fallback_stop,0.23050762872817537,0.38819115409731353
parked_and_oncoming,495,MIKU,unreached_or_fallback_stop,0.29024847893488714,0.35675403134786343
parked_and_oncoming,496,B0,unreached_or_fallback_stop,0.08189908710891418,0.8317192082402312
parked_and_oncoming,496,B1,unreached_or_fallback_stop,0.08189908710891418,0.8317192082402312
parked_and_oncoming,496,B2,unreached_or_fallback_stop,0.08189908710891418,0.8317192082402312
parked_and_oncoming,496,MIKU,unreached_or_fallback_stop,0.41103576282109644,0.2242345554003662
parked_and_oncoming,497,B1,unreached_or_fallback_stop,0.12778755086331026,1.055799901609527
parked_and_oncoming,497,B2,unreached_or_fallback_stop,0.12778755086331026,1.055799901609527
parked_and_oncoming,498,B0,unreached_or_fallback_stop,0.5176785279752237,0.3003929184077394
parked_and_oncoming,498,B1,unreached_or_fallback_stop,0.5176785279752237,0.3003929184077394
parked_and_oncoming,498,B2,unreached_or_fallback_stop,0.5176785279752237,0.3003929184077394
parked_and_oncoming,498,MIKU,unreached_or_fallback_stop,0.6165933453317868,0.24131785002868322
parked_and_oncoming,499,B0,unreached_or_fallback_stop,0.34832993953921104,0.3630665650142695
parked_and_oncoming,499,B1,unreached_or_fallback_stop,0.34832993953921104,0.3630665650142695
parked_and_oncoming,499,B2,unreached_or_fallback_stop,0.34832993953921104,0.3630665650142695
parked_and_oncoming,499,MIKU,unreached_or_fallback_stop,0.47265250772980166,0.24377316911084446
narrow_multi_obstacle,0,B0,unreached_or_fallback_stop,0.2564102824635449,0.9108017195846038
narrow_multi_obstacle,0,B1,unreached_or_fallback_stop,0.2564102824635449,0.9685964572726976
narrow_multi_obstacle,0,B2,unreached_or_fallback_stop,0.2564102824635449,0.9685964572726976
narrow_multi_obstacle,1,B0,unreached_or_fallback_stop,0.2564102827181441,1.5659308773185696
narrow_multi_obstacle,1,B1,unreached_or_fallback_stop,0.2564102827181441,1.598700394879898
narrow_multi_obstacle,1,B2,unreached_or_fallback_stop,0.2564102827181441,1.598700394879898
narrow_multi_obstacle,1,MIKU,unreached_or_fallback_stop,0.2564102827181441,1.5875371149497592
narrow_multi_obstacle,2,B0,unreached_or_fallback_stop,0.47435900000000003,0.2999653546222987
narrow_multi_obstacle,2,B1,unreached_or_fallback_stop,0.47435900000000003,0.2999653546222987
narrow_multi_obstacle,2,B2,unreached_or_fallback_stop,0.47435900000000003,0.2999653546222987
narrow_multi_obstacle,3,B0,unreached_or_fallback_stop,0.26923079561556423,0.5737876227086939
narrow_multi_obstacle,3,B1,unreached_or_fallback_stop,0.26923079561556423,0.6606423462406726
narrow_multi_obstacle,3,B2,unreached_or_fallback_stop,0.26923079561556423,0.6606423462406726
narrow_multi_obstacle,4,B0,unreached_or_fallback_stop,0.25641028282782863,1.6000335241926282
narrow_multi_obstacle,4,B1,unreached_or_fallback_stop,0.25641028282782863,1.6000335241926282
narrow_multi_obstacle,4,B2,unreached_or_fallback_stop,0.25641028282782863,1.6000335241926282
narrow_multi_obstacle,5,B0,unreached_or_fallback_stop,0.2692307962288423,1.6385886427740188
narrow_multi_obstacle,5,B1,unreached_or_fallback_stop,0.2692307962288423,1.6385886427740188
narrow_multi_obstacle,5,B2,unreached_or_fallback_stop,0.2692307962288423,1.6385886427740188
narrow_multi_obstacle,6,B0,unreached_or_fallback_stop,0.26923079590855903,1.3218989410540547
narrow_multi_obstacle,6,B1,unreached_or_fallback_stop,0.26923079590855903,1.3584087784653114
narrow_multi_obstacle,6,B2,unreached_or_fallback_stop,0.26923079590855903,1.3584087784653114
narrow_multi_obstacle,7,B0,unreached_or_fallback_stop,0.269230795713274,0.5247178790086003
narrow_multi_obstacle,7,B1,unreached_or_fallback_stop,0.269230795713274,0.6135697412673449
narrow_multi_obstacle,7,B2,unreached_or_fallback_stop,0.269230795713274,0.6135697412673449
narrow_multi_obstacle,8,B0,unreached_or_fallback_stop,0.25641028282211364,1.0599097673833238
narrow_multi_obstacle,8,B1,unreached_or_fallback_stop,0.25641028282211364,1.105774297583834
narrow_multi_obstacle,8,B2,unreached_or_fallback_stop,0.25641028282211364,1.105774297583834
narrow_multi_obstacle,8,MIKU,unreached_or_fallback_stop,0.25641028282211364,1.0908987079865184
narrow_multi_obstacle,9,B0,unreached_or_fallback_stop,0.26923079517092247,0.7179935939705546
narrow_multi_obstacle,9,B1,unreached_or_fallback_stop,0.26923079517092247,0.7854827608290031
narrow_multi_obstacle,9,B2,unreached_or_fallback_stop,0.26923079517092247,0.7854827608290031
narrow_multi_obstacle,10,B0,unreached_or_fallback_stop,0.28205130821671803,0.6167046995003409
narrow_multi_obstacle,10,B1,unreached_or_fallback_stop,0.28205130821671803,0.7014507372376437
narrow_multi_obstacle,10,B2,unreached_or_fallback_stop,0.28205130821671803,0.7014507372376437
narrow_multi_obstacle,11,B0,unreached_or_fallback_stop,0.6538461794871794,0.29941325740547686
narrow_multi_obstacle,11,B1,unreached_or_fallback_stop,0.6538461794871794,0.29941325740547686
narrow_multi_obstacle,11,B2,unreached_or_fallback_stop,0.6538461794871794,0.29941325740547686
narrow_multi_obstacle,12,B0,unreached_or_fallback_stop,0.24358976963302878,1.4918732069959229
narrow_multi_obstacle,12,B1,unreached_or_fallback_stop,0.24358976963302878,1.5256116360029357
narrow_multi_obstacle,12,B2,unreached_or_fallback_stop,0.24358976963302878,1.5256116360029357
narrow_multi_obstacle,13,B0,unreached_or_fallback_stop,0.26923079614004913,0.8028133124123626
narrow_multi_obstacle,13,B1,unreached_or_fallback_stop,0.26923079614004913,0.8665361130350524
narrow_multi_obstacle,13,B2,unreached_or_fallback_stop,0.26923079614004913,0.8665361130350524
narrow_multi_obstacle,14,B0,unreached_or_fallback_stop,0.47435900000000003,0.28862627893742165
narrow_multi_obstacle,14,B1,unreached_or_fallback_stop,0.47435900000000003,0.28572040890784445
narrow_multi_obstacle,14,B2,unreached_or_fallback_stop,0.47435900000000003,0.28572040890784445
narrow_multi_obstacle,14,MIKU,unreached_or_fallback_stop,0.679487205128205,0.19896275633521324
narrow_multi_obstacle,15,B0,unreached_or_fallback_stop,0.26923079572788156,1.55240529382697
narrow_multi_obstacle,15,B1,unreached_or_fallback_stop,0.26923079572788156,1.5816100664890798
narrow_multi_obstacle,15,B2,unreached_or_fallback_stop,0.26923079572788156,1.5816100664890798
narrow_multi_obstacle,16,B0,unreached_or_fallback_stop,0.2692307953343924,1.0992246470085683
narrow_multi_obstacle,16,B1,unreached_or_fallback_stop,0.2692307953343924,1.1439351955496166
narrow_multi_obstacle,16,B2,unreached_or_fallback_stop,0.2692307953343924,1.1439351955496166
narrow_multi_obstacle,17,B0,unreached_or_fallback_stop,0.4615384871794872,0.2968076709241425
narrow_multi_obstacle,17,B1,unreached_or_fallback_stop,0.4615384871794872,0.29546223269814403
narrow_multi_obstacle,17,B2,unreached_or_fallback_stop,0.4615384871794872,0.29546223269814403
narrow_multi_obstacle,17,MIKU,unreached_or_fallback_stop,0.4615384871794872,0.2324272997984088
narrow_multi_obstacle,18,B0,unreached_or_fallback_stop,0.2692307958360795,0.5977322641426628
narrow_multi_obstacle,18,B1,unreached_or_fallback_stop,0.2692307958360795,0.6751073685862676
narrow_multi_obstacle,18,B2,unreached_or_fallback_stop,0.2692307958360795,0.6751073685862676
narrow_multi_obstacle,19,B0,unreached_or_fallback_stop,0.2564102832534647,1.5468887321096034
narrow_multi_obstacle,19,B1,unreached_or_fallback_stop,0.2564102832534647,1.5790425498253549
narrow_multi_obstacle,19,B2,unreached_or_fallback_stop,0.2564102832534647,1.5790425498253549
narrow_multi_obstacle,20,B0,unreached_or_fallback_stop,0.24358976924367914,1.6104817664802964
narrow_multi_obstacle,20,B1,unreached_or_fallback_stop,0.24358976924367914,1.6104817664802964
narrow_multi_obstacle,20,B2,unreached_or_fallback_stop,0.24358976924367914,1.6104817664802964
narrow_multi_obstacle,21,B0,unreached_or_fallback_stop,0.2692307958039816,1.4935083249753225
narrow_multi_obstacle,21,B1,unreached_or_fallback_stop,0.2692307958039816,1.524502605743349
narrow_multi_obstacle,21,B2,unreached_or_fallback_stop,0.2692307958039816,1.524502605743349
narrow_multi_obstacle,21,MIKU,unreached_or_fallback_stop,0.2692307958039816,1.5143963828243465
narrow_multi_obstacle,22,B0,unreached_or_fallback_stop,0.2692307952413121,0.6807328108118634
narrow_multi_obstacle,22,B1,unreached_or_fallback_stop,0.2692307952413121,0.7552868199007299
narrow_multi_obstacle,22,B2,unreached_or_fallback_stop,0.2692307952413121,0.7552868199007299
narrow_multi_obstacle,22,MIKU,unreached_or_fallback_stop,0.4615384871794872,0.20923595474262668
narrow_multi_obstacle,23,B0,unreached_or_fallback_stop,0.25641028313734177,1.167732946947165
narrow_multi_obstacle,23,B1,unreached_or_fallback_stop,0.25641028313734177,1.2111229234813992
narrow_multi_obstacle,23,B2,unreached_or_fallback_stop,0.25641028313734177,1.2111229234813992
narrow_multi_obstacle,24,B0,unreached_or_fallback_stop,0.2564102824165504,0.9940382267880598
narrow_multi_obstacle,24,B1,unreached_or_fallback_stop,0.2564102824165504,1.0454753422178502
narrow_multi_obstacle,24,B2,unreached_or_fallback_stop,0.2564102824165504,1.0454753422178502
narrow_multi_obstacle,25,B0,unreached_or_fallback_stop,0.47435900000000003,0.295312063082155
narrow_multi_obstacle,25,B1,unreached_or_fallback_stop,0.47435900000000003,0.2928531348960534
narrow_multi_obstacle,25,B2,unreached_or_fallback_stop,0.47435900000000003,0.2928531348960534
narrow_multi_obstacle,26,B0,unreached_or_fallback_stop,0.2692307953404441,1.0204516299842237
narrow_multi_obstacle,26,B1,unreached_or_fallback_stop,0.2692307953404441,1.0746559503633628
narrow_multi_obstacle,26,B2,unreached_or_fallback_stop,0.2692307953404441,1.0746559503633628
narrow_multi_obstacle,27,B0,unreached_or_fallback_stop,0.2692307950096067,1.3558710163312484
narrow_multi_obstacle,27,B1,unreached_or_fallback_stop,0.2692307950096067,1.392205580184288
narrow_multi_obstacle,27,B2,unreached_or_fallback_stop,0.2692307950096067,1.392205580184288
narrow_multi_obstacle,28,B0,unreached_or_fallback_stop,0.25641028269724336,1.1658021366361504
narrow_multi_obstacle,28,B1,unreached_or_fallback_stop,0.25641028269724336,1.209180233107364
narrow_multi_obstacle,28,B2,unreached_or_fallback_stop,0.25641028269724336,1.209180233107364
narrow_multi_obstacle,29,B0,unreached_or_fallback_stop,0.26923079501897856,1.4232807721024356
narrow_multi_obstacle,29,B1,unreached_or_fallback_stop,0.26923079501897856,1.4601823020900988
narrow_multi_obstacle,29,B2,unreached_or_fallback_stop,0.26923079501897856,1.4601823020900988
narrow_multi_obstacle,30,B0,unreached_or_fallback_stop,0.4615384871794872,0.27776309141858413
narrow_multi_obstacle,30,B1,unreached_or_fallback_stop,0.4615384871794872,0.2682221318644359
narrow_multi_obstacle,30,B2,unreached_or_fallback_stop,0.4615384871794872,0.2682221318644359
narrow_multi_obstacle,31,B0,unreached_or_fallback_stop,0.25641028239724395,1.9379013767010265
narrow_multi_obstacle,31,B1,unreached_or_fallback_stop,0.25641028239724395,1.9379013767010265
narrow_multi_obstacle,31,B2,unreached_or_fallback_stop,0.25641028239724395,1.9379013767010265
narrow_multi_obstacle,31,MIKU,unreached_or_fallback_stop,0.44871797489618515,0.2342613410106588
narrow_multi_obstacle,32,B0,unreached_or_fallback_stop,0.6538461794871794,0.274049443909655
narrow_multi_obstacle,32,B1,unreached_or_fallback_stop,0.6538461794871794,0.26722985372311464
narrow_multi_obstacle,32,B2,unreached_or_fallback_stop,0.6538461794871794,0.26722985372311464
narrow_multi_obstacle,33,B0,unreached_or_fallback_stop,0.24358976929728668,1.6646017156281518
narrow_multi_obstacle,33,B1,unreached_or_fallback_stop,0.24358976929728668,1.6646017156281518
narrow_multi_obstacle,33,B2,unreached_or_fallback_stop,0.24358976929728668,1.6646017156281518
narrow_multi_obstacle,33,MIKU,unreached_or_fallback_stop,0.24358976929728668,1.6646017156281518
narrow_multi_obstacle,34,B0,unreached_or_fallback_stop,0.47435899998973124,0.2833197496471487
narrow_multi_obstacle,34,B1,unreached_or_fallback_stop,0.47435899998973124,0.27731199339946255
narrow_multi_obstacle,34,B2,unreached_or_fallback_stop,0.47435899998973124,0.27731199339946255
narrow_multi_obstacle,35,B0,unreached_or_fallback_stop,0.28205130815317264,0.49255132717398387
narrow_multi_obstacle,35,B1,unreached_or_fallback_stop,0.28205130815317264,0.5838098004603959
narrow_multi_obstacle,35,B2,unreached_or_fallback_stop,0.28205130815317264,0.5838098004603959
narrow_multi_obstacle,35,MIKU,unreached_or_fallback_stop,0.28205130815317264,0.5588740438033056
narrow_multi_obstacle,36,B0,unreached_or_fallback_stop,0.24358976974305713,1.5124304895423255
narrow_multi_obstacle,36,B1,unreached_or_fallback_stop,0.24358976974305713,1.5449822726217906
narrow_multi_obstacle,36,B2,unreached_or_fallback_stop,0.24358976974305713,1.5449822726217906
narrow_multi_obstacle,37,B0,unreached_or_fallback_stop,0.44871797435897437,0.29394462229674523
narrow_multi_obstacle,37,B1,unreached_or_fallback_stop,0.44871797435897437,0.29394462229674523
narrow_multi_obstacle,37,B2,unreached_or_fallback_stop,0.44871797435897437,0.29394462229674523
narrow_multi_obstacle,38,B0,unreached_or_fallback_stop,0.679487205128205,0.2955476776974333
narrow_multi_obstacle,38,B1,unreached_or_fallback_stop,0.679487205128205,0.29404060141020705
narrow_multi_obstacle,38,B2,unreached_or_fallback_stop,0.679487205128205,0.29404060141020705
narrow_multi_obstacle,39,B0,unreached_or_fallback_stop,0.2692307953368264,1.6014359005572367
narrow_multi_obstacle,39,B1,unreached_or_fallback_stop,0.2692307953368264,1.6014359005572367
narrow_multi_obstacle,39,B2,unreached_or_fallback_stop,0.2692307953368264,1.6014359005572367
narrow_multi_obstacle,40,B0,unreached_or_fallback_stop,0.2564102820712346,0.8934143754927003
narrow_multi_obstacle,40,B1,unreached_or_fallback_stop,0.2564102820712346,0.9546841444320662
narrow_multi_obstacle,40,B2,unreached_or_fallback_stop,0.2564102820712346,0.9546841444320662
narrow_multi_obstacle,41,B0,unreached_or_fallback_stop,0.26923079508386333,0.5994860256654777
narrow_multi_obstacle,41,B1,unreached_or_fallback_stop,0.26923079508386333,0.6858113402672666
narrow_multi_obstacle,41,B2,unreached_or_fallback_stop,0.26923079508386333,0.6858113402672666
narrow_multi_obstacle,42,B0,unreached_or_fallback_stop,0.25641028206347916,1.1936977730159737
narrow_multi_obstacle,42,B1,unreached_or_fallback_stop,0.25641028206347916,1.2345183131677175
narrow_multi_obstacle,42,B2,unreached_or_fallback_stop,0.25641028206347916,1.2345183131677175
narrow_multi_obstacle,42,MIKU,unreached_or_fallback_stop,0.25641028206347916,1.2232374317962003
narrow_multi_obstacle,43,B0,unreached_or_fallback_stop,0.28205130797532324,1.4203852195151967
narrow_multi_obstacle,43,B1,unreached_or_fallback_stop,0.28205130797532324,1.453432266796103
narrow_multi_obstacle,43,B2,unreached_or_fallback_stop,0.28205130797532324,1.453432266796103
narrow_multi_obstacle,43,MIKU,unreached_or_fallback_stop,0.28205130797532324,1.4444807241678455
narrow_multi_obstacle,44,B0,unreached_or_fallback_stop,0.25641028241594793,1.4407423728217248
narrow_multi_obstacle,44,B1,unreached_or_fallback_stop,0.25641028241594793,1.4773310987513875
narrow_multi_obstacle,44,B2,unreached_or_fallback_stop,0.25641028241594793,1.4773310987513875
narrow_multi_obstacle,45,B0,unreached_or_fallback_stop,0.4615384869752012,0.27764224127994774
narrow_multi_obstacle,45,B1,unreached_or_fallback_stop,0.4615384869752012,0.26645080965084333
narrow_multi_obstacle,45,B2,unreached_or_fallback_stop,0.4615384869752012,0.26645080965084333
narrow_multi_obstacle,46,B0,unreached_or_fallback_stop,0.2564102822808272,1.4577919366692376
narrow_multi_obstacle,46,B1,unreached_or_fallback_stop,0.2564102822808272,1.4911468033537751
narrow_multi_obstacle,46,B2,unreached_or_fallback_stop,0.2564102822808272,1.4911468033537751
narrow_multi_obstacle,47,B0,unreached_or_fallback_stop,0.2435897692696153,1.738658910073847
narrow_multi_obstacle,47,B1,unreached_or_fallback_stop,0.2435897692696153,1.738658910073847
narrow_multi_obstacle,47,B2,unreached_or_fallback_stop,0.2435897692696153,1.738658910073847
narrow_multi_obstacle,47,MIKU,unreached_or_fallback_stop,0.2435897692696153,1.738658910073847
narrow_multi_obstacle,49,B0,unreached_or_fallback_stop,0.47435900000000003,0.29276289919938353
narrow_multi_obstacle,49,B1,unreached_or_fallback_stop,0.47435900000000003,0.29025764616620947
narrow_multi_obstacle,49,B2,unreached_or_fallback_stop,0.47435900000000003,0.29025764616620947
narrow_multi_obstacle,50,B0,unreached_or_fallback_stop,0.2692307963003948,0.593323379810272
narrow_multi_obstacle,50,B1,unreached_or_fallback_stop,0.2692307963003948,0.6791587570029316
narrow_multi_obstacle,50,B2,unreached_or_fallback_stop,0.2692307963003948,0.6791587570029316
narrow_multi_obstacle,51,B0,unreached_or_fallback_stop,0.2564102833957283,1.3912113993861708
narrow_multi_obstacle,51,B1,unreached_or_fallback_stop,0.2564102833957283,1.429642019746239
narrow_multi_obstacle,51,B2,unreached_or_fallback_stop,0.2564102833957283,1.429642019746239
narrow_multi_obstacle,51,MIKU,unreached_or_fallback_stop,0.2564102833957283,1.4154646215870816
narrow_multi_obstacle,52,B0,unreached_or_fallback_stop,0.2564102820584791,1.106291875380554
narrow_multi_obstacle,52,B1,unreached_or_fallback_stop,0.2564102820584791,1.150669579589894
narrow_multi_obstacle,52,B2,unreached_or_fallback_stop,0.2564102820584791,1.150669579589894
narrow_multi_obstacle,53,B0,unreached_or_fallback_stop,0.2692307951902681,1.8993837879820434
narrow_multi_obstacle,53,B1,unreached_or_fallback_stop,0.2692307951902681,1.8993837879820434
narrow_multi_obstacle,53,B2,unreached_or_fallback_stop,0.2692307951902681,1.8993837879820434
narrow_multi_obstacle,54,B0,unreached_or_fallback_stop,0.44871797435897437,0.29630401928259736
narrow_multi_obstacle,54,B1,unreached_or_fallback_stop,0.44871797435897437,0.2951780591514588
narrow_multi_obstacle,54,B2,unreached_or_fallback_stop,0.44871797435897437,0.2951780591514588
narrow_multi_obstacle,55,B0,unreached_or_fallback_stop,0.47435900000000003,0.2862965538408646
narrow_multi_obstacle,55,B1,unreached_or_fallback_stop,0.47435900000000003,0.2821507352119162
narrow_multi_obstacle,55,B2,unreached_or_fallback_stop,0.47435900000000003,0.2821507352119162
narrow_multi_obstacle,55,MIKU,unreached_or_fallback_stop,0.47435900000000003,0.22262561685331253
narrow_multi_obstacle,56,B0,unreached_or_fallback_stop,0.2564102823574234,1.3338863024188858
narrow_multi_obstacle,56,B1,unreached_or_fallback_stop,0.2564102823574234,1.3688575828408596
narrow_multi_obstacle,56,B2,unreached_or_fallback_stop,0.2564102823574234,1.3688575828408596
narrow_multi_obstacle,57,B0,unreached_or_fallback_stop,0.679487205128205,0.2838102037135671
narrow_multi_obstacle,57,B1,unreached_or_fallback_stop,0.679487205128205,0.2838102037135671
narrow_multi_obstacle,57,B2,unreached_or_fallback_stop,0.679487205128205,0.2838102037135671
narrow_multi_obstacle,58,B0,unreached_or_fallback_stop,0.4743590001906063,0.2868077020739536
narrow_multi_obstacle,58,B1,unreached_or_fallback_stop,0.4743590001906063,0.27702431059046545
narrow_multi_obstacle,58,B2,unreached_or_fallback_stop,0.4743590001906063,0.27702431059046545
narrow_multi_obstacle,59,B0,unreached_or_fallback_stop,0.44871797437032757,0.2754877614632651
narrow_multi_obstacle,59,B1,unreached_or_fallback_stop,0.44871797437032757,0.26534317365505394
narrow_multi_obstacle,59,B2,unreached_or_fallback_stop,0.44871797437032757,0.26534317365505394
narrow_multi_obstacle,60,B0,unreached_or_fallback_stop,0.2820513082862255,0.7461032200328
narrow_multi_obstacle,60,B1,unreached_or_fallback_stop,0.2820513082862255,0.8110253263908296
narrow_multi_obstacle,60,B2,unreached_or_fallback_stop,0.2820513082862255,0.8110253263908296
narrow_multi_obstacle,61,B0,unreached_or_fallback_stop,0.25641028255565557,0.9821345244144479
narrow_multi_obstacle,61,B1,unreached_or_fallback_stop,0.25641028255565557,1.0365229136045984
narrow_multi_obstacle,61,B2,unreached_or_fallback_stop,0.25641028255565557,1.0365229136045984
narrow_multi_obstacle,61,MIKU,unreached_or_fallback_stop,0.25641028255565557,1.0191437413841367
narrow_multi_obstacle,62,B0,unreached_or_fallback_stop,0.6666666923076923,0.29151526603109046
narrow_multi_obstacle,62,B1,unreached_or_fallback_stop,0.6666666923076923,0.28622950918870593
narrow_multi_obstacle,62,B2,unreached_or_fallback_stop,0.6666666923076923,0.28622950918870593
narrow_multi_obstacle,63,B0,unreached_or_fallback_stop,0.2692307956178524,1.6992088380530992
narrow_multi_obstacle,63,B1,unreached_or_fallback_stop,0.2692307956178524,1.6992088380530992
narrow_multi_obstacle,63,B2,unreached_or_fallback_stop,0.2692307956178524,1.6992088380530992
narrow_multi_obstacle,64,B0,unreached_or_fallback_stop,0.6538461794871794,0.2896955539202203
narrow_multi_obstacle,64,B1,unreached_or_fallback_stop,0.6538461794871794,0.2831095489961985
narrow_multi_obstacle,64,B2,unreached_or_fallback_stop,0.6538461794871794,0.2831095489961985
narrow_multi_obstacle,65,B0,unreached_or_fallback_stop,0.2692307954570993,1.4231333743319328
narrow_multi_obstacle,65,B1,unreached_or_fallback_stop,0.2692307954570993,1.4552725177053745
narrow_multi_obstacle,65,B2,unreached_or_fallback_stop,0.2692307954570993,1.4552725177053745
narrow_multi_obstacle,65,MIKU,unreached_or_fallback_stop,0.2692307954570993,1.4449234995605937
narrow_multi_obstacle,66,B0,unreached_or_fallback_stop,0.25641028250974585,1.521558394133189
narrow_multi_obstacle,66,B1,unreached_or_fallback_stop,0.25641028250974585,1.5530127084584775
narrow_multi_obstacle,66,B2,unreached_or_fallback_stop,0.25641028250974585,1.5530127084584775
narrow_multi_obstacle,66,MIKU,unreached_or_fallback_stop,0.25641028250974585,1.5413574933376972
narrow_multi_obstacle,67,B0,unreached_or_fallback_stop,0.4615384871794872,0.2847857246009373
narrow_multi_obstacle,67,B1,unreached_or_fallback_stop,0.4615384871794872,0.279489668967869
narrow_multi_obstacle,67,B2,unreached_or_fallback_stop,0.4615384871794872,0.279489668967869
narrow_multi_obstacle,68,B0,unreached_or_fallback_stop,0.26923079523084464,1.5300492322886372
narrow_multi_obstacle,68,B1,unreached_or_fallback_stop,0.26923079523084464,1.5300492322886372
narrow_multi_obstacle,68,B2,unreached_or_fallback_stop,0.26923079523084464,1.5300492322886372
narrow_multi_obstacle,69,B0,unreached_or_fallback_stop,0.487179512666314,0.2978754330603084
narrow_multi_obstacle,69,B1,unreached_or_fallback_stop,0.487179512666314,0.2973732346147442
narrow_multi_obstacle,69,B2,unreached_or_fallback_stop,0.487179512666314,0.2973732346147442
narrow_multi_obstacle,70,B0,unreached_or_fallback_stop,0.4871795133521832,0.29682151575200694
narrow_multi_obstacle,70,B1,unreached_or_fallback_stop,0.4871795133521832,0.29355983074803305
narrow_multi_obstacle,70,B2,unreached_or_fallback_stop,0.4871795133521832,0.29355983074803305
narrow_multi_obstacle,70,MIKU,unreached_or_fallback_stop,0.4871795133521832,0.24280355465995648
narrow_multi_obstacle,71,B0,unreached_or_fallback_stop,0.2564102825568128,1.4890278897770248
narrow_multi_obstacle,71,B1,unreached_or_fallback_stop,0.2564102825568128,1.5209664021966662
narrow_multi_obstacle,71,B2,unreached_or_fallback_stop,0.2564102825568128,1.5209664021966662
narrow_multi_obstacle,71,MIKU,unreached_or_fallback_stop,0.2564102825568128,1.5092952649458684
narrow_multi_obstacle,72,B0,unreached_or_fallback_stop,0.47435900000000003,0.2990888277150696
narrow_multi_obstacle,72,B1,unreached_or_fallback_stop,0.47435900000000003,0.2988775529469918
narrow_multi_obstacle,72,B2,unreached_or_fallback_stop,0.47435900000000003,0.2988775529469918
narrow_multi_obstacle,72,MIKU,unreached_or_fallback_stop,0.47435900000000003,0.2331592038941983
narrow_multi_obstacle,73,B0,unreached_or_fallback_stop,0.24358976942736313,1.2710606533403592
narrow_multi_obstacle,73,B1,unreached_or_fallback_stop,0.24358976942736313,1.3126227619204316
narrow_multi_obstacle,73,B2,unreached_or_fallback_stop,0.24358976942736313,1.3126227619204316
narrow_multi_obstacle,74,B0,unreached_or_fallback_stop,0.2564102822018079,1.32807360302939
narrow_multi_obstacle,74,B1,unreached_or_fallback_stop,0.2564102822018079,1.3676758991704314
narrow_multi_obstacle,74,B2,unreached_or_fallback_stop,0.2564102822018079,1.3676758991704314
narrow_multi_obstacle,75,B0,unreached_or_fallback_stop,0.25641028256653786,1.7915985955144202
narrow_multi_obstacle,75,B1,unreached_or_fallback_stop,0.25641028256653786,1.7915985955144202
narrow_multi_obstacle,75,B2,unreached_or_fallback_stop,0.25641028256653786,1.7915985955144202
narrow_multi_obstacle,76,B0,unreached_or_fallback_stop,0.2564102820641753,0.9907147924089699
narrow_multi_obstacle,76,B1,unreached_or_fallback_stop,0.2564102820641753,1.0402535227028755
narrow_multi_obstacle,76,B2,unreached_or_fallback_stop,0.2564102820641753,1.0402535227028755
narrow_multi_obstacle,77,B0,unreached_or_fallback_stop,0.2692307955559093,0.5593373820049946
narrow_multi_obstacle,77,B1,unreached_or_fallback_stop,0.2692307955559093,0.6497480613840122
narrow_multi_obstacle,77,B2,unreached_or_fallback_stop,0.2692307955559093,0.6497480613840122
narrow_multi_obstacle,78,B0,unreached_or_fallback_stop,0.47435899963513295,0.28335235723713864
narrow_multi_obstacle,78,B1,unreached_or_fallback_stop,0.47435899963513295,0.2768248165115959
narrow_multi_obstacle,78,B2,unreached_or_fallback_stop,0.47435899963513295,0.2768248165115959
narrow_multi_obstacle,79,B0,unreached_or_fallback_stop,0.2564102828213976,1.1985652938083677
narrow_multi_obstacle,79,B1,unreached_or_fallback_stop,0.2564102828213976,1.244046280749869
narrow_multi_obstacle,79,B2,unreached_or_fallback_stop,0.2564102828213976,1.244046280749869
narrow_multi_obstacle,79,MIKU,unreached_or_fallback_stop,0.2564102828213976,1.230123453743575
narrow_multi_obstacle,80,B0,unreached_or_fallback_stop,0.47435900000000003,0.2843500567420052
narrow_multi_obstacle,80,B1,unreached_or_fallback_stop,0.47435900000000003,0.27893907937749707
narrow_multi_obstacle,80,B2,unreached_or_fallback_stop,0.47435900000000003,0.27893907937749707
narrow_multi_obstacle,81,B0,unreached_or_fallback_stop,0.2564102823684213,1.0444296138048645
narrow_multi_obstacle,81,B1,unreached_or_fallback_stop,0.2564102823684213,1.0952163921067095
narrow_multi_obstacle,81,B2,unreached_or_fallback_stop,0.2564102823684213,1.0952163921067095
narrow_multi_obstacle,82,B0,unreached_or_fallback_stop,0.26923079605609085,0.8794906806855929
narrow_multi_obstacle,82,B1,unreached_or_fallback_stop,0.26923079605609085,0.9373215826450014
narrow_multi_obstacle,82,B2,unreached_or_fallback_stop,0.26923079605609085,0.9373215826450014
narrow_multi_obstacle,82,MIKU,unreached_or_fallback_stop,0.6666666923076923,0.17937930976595023
narrow_multi_obstacle,83,B0,unreached_or_fallback_stop,0.25641028208786554,1.9763531495964666
narrow_multi_obstacle,83,B1,unreached_or_fallback_stop,0.25641028208786554,1.9763531495964666
narrow_multi_obstacle,83,B2,unreached_or_fallback_stop,0.25641028208786554,1.9763531495964666
narrow_multi_obstacle,84,B0,unreached_or_fallback_stop,0.2692307959920247,1.5920754597341504
narrow_multi_obstacle,84,B1,unreached_or_fallback_stop,0.2692307959920247,1.5920754597341504
narrow_multi_obstacle,84,B2,unreached_or_fallback_stop,0.2692307959920247,1.5920754597341504
narrow_multi_obstacle,85,B0,unreached_or_fallback_stop,0.2820513078377639,0.559387667140873
narrow_multi_obstacle,85,B1,unreached_or_fallback_stop,0.2820513078377639,0.651829925341312
narrow_multi_obstacle,85,B2,unreached_or_fallback_stop,0.2820513078377639,0.651829925341312
narrow_multi_obstacle,85,MIKU,unreached_or_fallback_stop,0.47435900479861065,0.2296116943838058
narrow_multi_obstacle,86,B0,unreached_or_fallback_stop,0.24358976996603118,1.3815117586068246
narrow_multi_obstacle,86,B1,unreached_or_fallback_stop,0.24358976996603118,1.4179411920078888
narrow_multi_obstacle,86,B2,unreached_or_fallback_stop,0.24358976996603118,1.4179411920078888
narrow_multi_obstacle,87,B0,unreached_or_fallback_stop,0.2820513082840114,1.5900760988807638
narrow_multi_obstacle,87,B1,unreached_or_fallback_stop,0.2820513082840114,1.5900760988807638
narrow_multi_obstacle,87,B2,unreached_or_fallback_stop,0.2820513082840114,1.5900760988807638
narrow_multi_obstacle,88,B0,unreached_or_fallback_stop,0.2307692566136975,1.7317365128175888
narrow_multi_obstacle,88,B1,unreached_or_fallback_stop,0.2307692566136975,1.7317365128175888
narrow_multi_obstacle,88,B2,unreached_or_fallback_stop,0.2307692566136975,1.7317365128175888
narrow_multi_obstacle,88,MIKU,unreached_or_fallback_stop,0.2307692566136975,1.7317365128175888
narrow_multi_obstacle,89,B0,unreached_or_fallback_stop,0.26923079488342744,1.502316062707123
narrow_multi_obstacle,89,B1,unreached_or_fallback_stop,0.26923079488342744,1.5348422858213893
narrow_multi_obstacle,89,B2,unreached_or_fallback_stop,0.26923079488342744,1.5348422858213893
narrow_multi_obstacle,89,MIKU,unreached_or_fallback_stop,0.26923079488342744,1.5264897342785086
narrow_multi_obstacle,90,B0,unreached_or_fallback_stop,0.48717951282051286,0.30225062905067923
narrow_multi_obstacle,90,B1,unreached_or_fallback_stop,0.48717951282051286,0.30225062905067923
narrow_multi_obstacle,90,B2,unreached_or_fallback_stop,0.48717951282051286,0.30225062905067923
narrow_multi_obstacle,91,B0,unreached_or_fallback_stop,0.28205130865854416,0.5607692287465271
narrow_multi_obstacle,91,B1,unreached_or_fallback_stop,0.28205130865854416,0.651712586328238
narrow_multi_obstacle,91,B2,unreached_or_fallback_stop,0.28205130865854416,0.651712586328238
narrow_multi_obstacle,92,B0,unreached_or_fallback_stop,0.269230795732078,0.7093995858930578
narrow_multi_obstacle,92,B1,unreached_or_fallback_stop,0.269230795732078,0.77925016047591
narrow_multi_obstacle,92,B2,unreached_or_fallback_stop,0.269230795732078,0.77925016047591
narrow_multi_obstacle,93,B0,unreached_or_fallback_stop,0.4615384871794872,0.27239139215548536
narrow_multi_obstacle,93,B1,unreached_or_fallback_stop,0.4615384871794872,0.2634616984881383
narrow_multi_obstacle,93,B2,unreached_or_fallback_stop,0.4615384871794872,0.2634616984881383
narrow_multi_obstacle,94,B0,unreached_or_fallback_stop,0.2564102830405716,1.0723534046426022
narrow_multi_obstacle,94,B1,unreached_or_fallback_stop,0.2564102830405716,1.1150294404887453
narrow_multi_obstacle,94,B2,unreached_or_fallback_stop,0.2564102830405716,1.1150294404887453
narrow_multi_obstacle,94,MIKU,unreached_or_fallback_stop,0.2564102830405716,1.0982964614904998
narrow_multi_obstacle,95,B0,unreached_or_fallback_stop,0.47435900000000003,0.28788559402323466
narrow_multi_obstacle,95,B1,unreached_or_fallback_stop,0.47435900000000003,0.28250555638517727
narrow_multi_obstacle,95,B2,unreached_or_fallback_stop,0.47435900000000003,0.28250555638517727
narrow_multi_obstacle,96,B0,unreached_or_fallback_stop,0.269230795142193,1.8145709573513626
narrow_multi_obstacle,96,B1,unreached_or_fallback_stop,0.269230795142193,1.8145709573513626
narrow_multi_obstacle,96,B2,unreached_or_fallback_stop,0.269230795142193,1.8145709573513626
narrow_multi_obstacle,97,B0,unreached_or_fallback_stop,0.47435900000000003,0.28623922751642183
narrow_multi_obstacle,97,B1,unreached_or_fallback_stop,0.47435900000000003,0.280776232660369
narrow_multi_obstacle,97,B2,unreached_or_fallback_stop,0.47435900000000003,0.280776232660369
narrow_multi_obstacle,98,B0,unreached_or_fallback_stop,0.679487205128205,0.27462872886545564
narrow_multi_obstacle,98,B1,unreached_or_fallback_stop,0.679487205128205,0.2684925940455385
narrow_multi_obstacle,98,B2,unreached_or_fallback_stop,0.679487205128205,0.2684925940455385
narrow_multi_obstacle,99,B0,unreached_or_fallback_stop,0.44871797435897437,0.2882234656234023
narrow_multi_obstacle,99,B1,unreached_or_fallback_stop,0.44871797435897437,0.283355412725207
narrow_multi_obstacle,99,B2,unreached_or_fallback_stop,0.44871797435897437,0.283355412725207
narrow_multi_obstacle,100,B0,unreached_or_fallback_stop,0.26923079547637335,0.8082525396928965
narrow_multi_obstacle,100,B1,unreached_or_fallback_stop,0.26923079547637335,0.8731597564582786
narrow_multi_obstacle,100,B2,unreached_or_fallback_stop,0.26923079547637335,0.8731597564582786
narrow_multi_obstacle,101,B0,unreached_or_fallback_stop,0.28205130843064274,1.1376223992464738
narrow_multi_obstacle,101,B1,unreached_or_fallback_stop,0.28205130843064274,1.1802205671064756
narrow_multi_obstacle,101,B2,unreached_or_fallback_stop,0.28205130843064274,1.1802205671064756
narrow_multi_obstacle,101,MIKU,unreached_or_fallback_stop,0.28205130843064274,1.1683492501417754
narrow_multi_obstacle,102,B0,unreached_or_fallback_stop,0.2820513079993368,0.7212986641288943
narrow_multi_obstacle,102,B1,unreached_or_fallback_stop,0.2820513079993368,0.7987265311890556
narrow_multi_obstacle,102,B2,unreached_or_fallback_stop,0.2820513079993368,0.7987265311890556
narrow_multi_obstacle,103,B0,unreached_or_fallback_stop,0.26923079544858286,0.5614432573756872
narrow_multi_obstacle,103,B1,unreached_or_fallback_stop,0.26923079544858286,0.6378530574945345
narrow_multi_obstacle,103,B2,unreached_or_fallback_stop,0.26923079544858286,0.6378530574945345
narrow_multi_obstacle,104,B0,unreached_or_fallback_stop,0.243589769460229,1.3126845349045426
narrow_multi_obstacle,104,B1,unreached_or_fallback_stop,0.243589769460229,1.3502169521030594
narrow_multi_obstacle,104,B2,unreached_or_fallback_stop,0.243589769460229,1.3502169521030594
narrow_multi_obstacle,105,B0,unreached_or_fallback_stop,0.2820513078493543,1.3823194573345308
narrow_multi_obstacle,105,B1,unreached_or_fallback_stop,0.2820513078493543,1.4179243088410816
narrow_multi_obstacle,105,B2,unreached_or_fallback_stop,0.2820513078493543,1.4179243088410816
narrow_multi_obstacle,105,MIKU,unreached_or_fallback_stop,0.2820513078493543,1.4069661174793013
narrow_multi_obstacle,106,B0,unreached_or_fallback_stop,0.2564102830925194,1.2605649015802631
narrow_multi_obstacle,106,B1,unreached_or_fallback_stop,0.2564102830925194,1.302426886537911
narrow_multi_obstacle,106,B2,unreached_or_fallback_stop,0.2564102830925194,1.302426886537911
narrow_multi_obstacle,107,B0,unreached_or_fallback_stop,0.6666666923076923,0.2998767016696491
narrow_multi_obstacle,107,B1,unreached_or_fallback_stop,0.6666666923076923,0.29956656926887876
narrow_multi_obstacle,107,B2,unreached_or_fallback_stop,0.6666666923076923,0.29956656926887876
narrow_multi_obstacle,108,B0,unreached_or_fallback_stop,0.24358976950116476,1.449803742933993
narrow_multi_obstacle,108,B1,unreached_or_fallback_stop,0.24358976950116476,1.4844800805420624
narrow_multi_obstacle,108,B2,unreached_or_fallback_stop,0.24358976950116476,1.4844800805420624
narrow_multi_obstacle,108,MIKU,unreached_or_fallback_stop,0.24358976950116476,1.474031710506915
narrow_multi_obstacle,109,B0,unreached_or_fallback_stop,0.6666666923076923,0.2985436271861659
narrow_multi_obstacle,109,B1,unreached_or_fallback_stop,0.6666666923076923,0.2985436271861659
narrow_multi_obstacle,109,B2,unreached_or_fallback_stop,0.6666666923076923,0.2985436271861659
narrow_multi_obstacle,110,B0,unreached_or_fallback_stop,0.282051308405435,0.8030991887689144
narrow_multi_obstacle,110,B1,unreached_or_fallback_stop,0.282051308405435,0.8641482606134047
narrow_multi_obstacle,110,B2,unreached_or_fallback_stop,0.282051308405435,0.8641482606134047
narrow_multi_obstacle,111,B0,unreached_or_fallback_stop,0.269230796047241,1.08575345942415
narrow_multi_obstacle,111,B1,unreached_or_fallback_stop,0.269230796047241,1.1366392694446747
narrow_multi_obstacle,111,B2,unreached_or_fallback_stop,0.269230796047241,1.1366392694446747
narrow_multi_obstacle,112,B0,unreached_or_fallback_stop,0.24358976932589094,1.7074191443358504
narrow_multi_obstacle,112,B1,unreached_or_fallback_stop,0.24358976932589094,1.7074191443358504
narrow_multi_obstacle,112,B2,unreached_or_fallback_stop,0.24358976932589094,1.7074191443358504
narrow_multi_obstacle,113,B0,unreached_or_fallback_stop,0.2692307949710906,0.5967935328990166
narrow_multi_obstacle,113,B1,unreached_or_fallback_stop,0.2692307949710906,0.6831499006570112
narrow_multi_obstacle,113,B2,unreached_or_fallback_stop,0.2692307949710906,0.6831499006570112
narrow_multi_obstacle,113,MIKU,unreached_or_fallback_stop,0.48717951303654417,0.23617690199025376
narrow_multi_obstacle,114,B0,unreached_or_fallback_stop,0.47435900000000003,0.2956051254322265
narrow_multi_obstacle,114,B1,unreached_or_fallback_stop,0.47435900000000003,0.29353849563764256
narrow_multi_obstacle,114,B2,unreached_or_fallback_stop,0.47435900000000003,0.29353849563764256
narrow_multi_obstacle,115,B0,unreached_or_fallback_stop,0.2692307958060159,1.273802583691446
narrow_multi_obstacle,115,B1,unreached_or_fallback_stop,0.2692307958060159,1.3120104210889756
narrow_multi_obstacle,115,B2,unreached_or_fallback_stop,0.2692307958060159,1.3120104210889756
narrow_multi_obstacle,116,B0,unreached_or_fallback_stop,0.2564102822428075,1.627406325007356
narrow_multi_obstacle,116,B1,unreached_or_fallback_stop,0.2564102822428075,1.627406325007356
narrow_multi_obstacle,116,B2,unreached_or_fallback_stop,0.2564102822428075,1.627406325007356
narrow_multi_obstacle,116,MIKU,unreached_or_fallback_stop,0.2564102822428075,1.627406325007356
narrow_multi_obstacle,117,B0,unreached_or_fallback_stop,0.28205130900997527,0.9970342669685709
narrow_multi_obstacle,117,B1,unreached_or_fallback_stop,0.28205130900997527,1.0484920453666857
narrow_multi_obstacle,117,B2,unreached_or_fallback_stop,0.28205130900997527,1.0484920453666857
narrow_multi_obstacle,118,B0,unreached_or_fallback_stop,0.2564102829864828,1.626891641805899
narrow_multi_obstacle,118,B1,unreached_or_fallback_stop,0.2564102829864828,1.626891641805899
narrow_multi_obstacle,118,B2,unreached_or_fallback_stop,0.2564102829864828,1.626891641805899
narrow_multi_obstacle,119,B0,unreached_or_fallback_stop,0.2564102821980537,0.9338850061767986
narrow_multi_obstacle,119,B1,unreached_or_fallback_stop,0.2564102821980537,0.9879766880676263
narrow_multi_obstacle,119,B2,unreached_or_fallback_stop,0.2564102821980537,0.9879766880676263
narrow_multi_obstacle,120,B0,unreached_or_fallback_stop,0.4743589999918356,0.28378777701674873
narrow_multi_obstacle,120,B1,unreached_or_fallback_stop,0.4743589999918356,0.27892689897734013
narrow_multi_obstacle,120,B2,unreached_or_fallback_stop,0.4743589999918356,0.27892689897734013
narrow_multi_obstacle,120,MIKU,unreached_or_fallback_stop,0.4743589999918356,0.229566232313549
narrow_multi_obstacle,121,B0,unreached_or_fallback_stop,0.2692307950434994,0.6138226135203716
narrow_multi_obstacle,121,B1,unreached_or_fallback_stop,0.2692307950434994,0.6755856119739999
narrow_multi_obstacle,121,B2,unreached_or_fallback_stop,0.2692307950434994,0.6755856119739999
narrow_multi_obstacle,121,MIKU,unreached_or_fallback_stop,0.2692307950434994,0.6574621823330492
narrow_multi_obstacle,122,B0,unreached_or_fallback_stop,0.2820513084034679,1.1801098055020467
narrow_multi_obstacle,122,B1,unreached_or_fallback_stop,0.2820513084034679,1.2234505017899222
narrow_multi_obstacle,122,B2,unreached_or_fallback_stop,0.2820513084034679,1.2234505017899222
narrow_multi_obstacle,123,B0,unreached_or_fallback_stop,0.24358976993156772,1.780789044415869
narrow_multi_obstacle,123,B1,unreached_or_fallback_stop,0.24358976993156772,1.780789044415869
narrow_multi_obstacle,123,B2,unreached_or_fallback_stop,0.24358976993156772,1.780789044415869
narrow_multi_obstacle,124,B0,unreached_or_fallback_stop,0.2692307956791668,1.4024661969203742
narrow_multi_obstacle,124,B1,unreached_or_fallback_stop,0.2692307956791668,1.4397668701457955
narrow_multi_obstacle,124,B2,unreached_or_fallback_stop,0.2692307956791668,1.4397668701457955
narrow_multi_obstacle,125,B0,unreached_or_fallback_stop,0.25641028233915325,1.5713838590206284
narrow_multi_obstacle,125,B1,unreached_or_fallback_stop,0.25641028233915325,1.5713838590206284
narrow_multi_obstacle,125,B2,unreached_or_fallback_stop,0.25641028233915325,1.5713838590206284
narrow_multi_obstacle,125,MIKU,unreached_or_fallback_stop,0.25641028233915325,1.5713838590206284
narrow_multi_obstacle,126,B0,unreached_or_fallback_stop,0.2307692564187809,1.8088762680889743
narrow_multi_obstacle,126,B1,unreached_or_fallback_stop,0.2307692564187809,1.8088762680889743
narrow_multi_obstacle,126,B2,unreached_or_fallback_stop,0.2307692564187809,1.8088762680889743
narrow_multi_obstacle,126,MIKU,unreached_or_fallback_stop,0.2307692564187809,1.8088762680889743
narrow_multi_obstacle,127,B0,unreached_or_fallback_stop,0.269230795873038,1.4515873798466903
narrow_multi_obstacle,127,B1,unreached_or_fallback_stop,0.269230795873038,1.4869692324662234
narrow_multi_obstacle,127,B2,unreached_or_fallback_stop,0.269230795873038,1.4869692324662234
narrow_multi_obstacle,128,B0,unreached_or_fallback_stop,0.4615384871794872,0.29900773949568094
narrow_multi_obstacle,128,B1,unreached_or_fallback_stop,0.4615384871794872,0.29900773949568094
narrow_multi_obstacle,128,B2,unreached_or_fallback_stop,0.4615384871794872,0.29900773949568094
narrow_multi_obstacle,129,B0,unreached_or_fallback_stop,0.26923079508740944,0.5635205499401253
narrow_multi_obstacle,129,B1,unreached_or_fallback_stop,0.26923079508740944,0.6463615208768688
narrow_multi_obstacle,129,B2,unreached_or_fallback_stop,0.26923079508740944,0.6463615208768688
narrow_multi_obstacle,130,B0,unreached_or_fallback_stop,0.4358974622635833,0.31425256467651197
narrow_multi_obstacle,130,B1,unreached_or_fallback_stop,0.4358974622635833,0.31425256467651197
narrow_multi_obstacle,130,B2,unreached_or_fallback_stop,0.4358974622635833,0.31425256467651197
narrow_multi_obstacle,131,B0,unreached_or_fallback_stop,0.2564102824644552,1.28871874439218
narrow_multi_obstacle,131,B1,unreached_or_fallback_stop,0.2564102824644552,1.3306695831790698
narrow_multi_obstacle,131,B2,unreached_or_fallback_stop,0.2564102824644552,1.3306695831790698
narrow_multi_obstacle,132,B0,unreached_or_fallback_stop,0.2564102826946144,1.6000500429836981
narrow_multi_obstacle,132,B1,unreached_or_fallback_stop,0.2564102826946144,1.6000500429836981
narrow_multi_obstacle,132,B2,unreached_or_fallback_stop,0.2564102826946144,1.6000500429836981
narrow_multi_obstacle,133,B0,unreached_or_fallback_stop,0.2692307953619112,1.5357996503678577
narrow_multi_obstacle,133,B1,unreached_or_fallback_stop,0.2692307953619112,1.5357996503678577
narrow_multi_obstacle,133,B2,unreached_or_fallback_stop,0.2692307953619112,1.5357996503678577
narrow_multi_obstacle,134,B0,unreached_or_fallback_stop,0.2435897694797233,1.4496892791778202
narrow_multi_obstacle,134,B1,unreached_or_fallback_stop,0.2435897694797233,1.4822843474227214
narrow_multi_obstacle,134,B2,unreached_or_fallback_stop,0.2435897694797233,1.4822843474227214
narrow_multi_obstacle,135,B0,unreached_or_fallback_stop,0.679487205128205,0.2856520718938078
narrow_multi_obstacle,135,B1,unreached_or_fallback_stop,0.679487205128205,0.28234134485132634
narrow_multi_obstacle,135,B2,unreached_or_fallback_stop,0.679487205128205,0.28234134485132634
narrow_multi_obstacle,136,B0,unreached_or_fallback_stop,0.24358976943153024,1.5577071289523947
narrow_multi_obstacle,136,B1,unreached_or_fallback_stop,0.24358976943153024,1.5577071289523947
narrow_multi_obstacle,136,B2,unreached_or_fallback_stop,0.24358976943153024,1.5577071289523947
narrow_multi_obstacle,136,MIKU,unreached_or_fallback_stop,0.24358976943153024,1.5577071289523947
narrow_multi_obstacle,137,B0,unreached_or_fallback_stop,0.28205130891225944,0.502520430581256
narrow_multi_obstacle,137,B1,unreached_or_fallback_stop,0.28205130891225944,0.5940272425546906
narrow_multi_obstacle,137,B2,unreached_or_fallback_stop,0.28205130891225944,0.5940272425546906
narrow_multi_obstacle,137,MIKU,unreached_or_fallback_stop,0.28205130891225944,0.5645787485035745
narrow_multi_obstacle,138,B0,unreached_or_fallback_stop,0.2692307956078957,1.3161249497900305
narrow_multi_obstacle,138,B1,unreached_or_fallback_stop,0.2692307956078957,1.355430403542652
narrow_multi_obstacle,138,B2,unreached_or_fallback_stop,0.2692307956078957,1.355430403542652
narrow_multi_obstacle,139,B0,unreached_or_fallback_stop,0.25641028224744666,1.3624529091281394
narrow_multi_obstacle,139,B1,unreached_or_fallback_stop,0.25641028224744666,1.4006926601429481
narrow_multi_obstacle,139,B2,unreached_or_fallback_stop,0.25641028224744666,1.4006926601429481
narrow_multi_obstacle,139,MIKU,unreached_or_fallback_stop,0.4615384871730963,0.24323827803249154
narrow_multi_obstacle,140,B0,unreached_or_fallback_stop,0.26923079595256144,1.0916104410888077
narrow_multi_obstacle,140,B1,unreached_or_fallback_stop,0.26923079595256144,1.1382681630722995
narrow_multi_obstacle,140,B2,unreached_or_fallback_stop,0.26923079595256144,1.1382681630722995
narrow_multi_obstacle,142,B0,unreached_or_fallback_stop,0.48717951282051286,0.2904382115978609
narrow_multi_obstacle,142,B1,unreached_or_fallback_stop,0.48717951282051286,0.2850421423126586
narrow_multi_obstacle,142,B2,unreached_or_fallback_stop,0.48717951282051286,0.2850421423126586
narrow_multi_obstacle,143,B0,unreached_or_fallback_stop,0.2692307962758701,0.6384650380302619
narrow_multi_obstacle,143,B1,unreached_or_fallback_stop,0.2692307962758701,0.716874702932106
narrow_multi_obstacle,143,B2,unreached_or_fallback_stop,0.2692307962758701,0.716874702932106
narrow_multi_obstacle,144,B0,unreached_or_fallback_stop,0.2564102822487299,1.203891205913657
narrow_multi_obstacle,144,B1,unreached_or_fallback_stop,0.2564102822487299,1.24803644122824
narrow_multi_obstacle,144,B2,unreached_or_fallback_stop,0.2564102822487299,1.24803644122824
narrow_multi_obstacle,145,B0,unreached_or_fallback_stop,0.6666666923076923,0.2991620824481407
narrow_multi_obstacle,145,B1,unreached_or_fallback_stop,0.6666666923076923,0.2991620824481407
narrow_multi_obstacle,145,B2,unreached_or_fallback_stop,0.6666666923076923,0.2991620824481407
narrow_multi_obstacle,146,B0,unreached_or_fallback_stop,0.2564102821566032,1.8021706207948778
narrow_multi_obstacle,146,B1,unreached_or_fallback_stop,0.2564102821566032,1.8021706207948778
narrow_multi_obstacle,146,B2,unreached_or_fallback_stop,0.2564102821566032,1.8021706207948778
narrow_multi_obstacle,146,MIKU,unreached_or_fallback_stop,0.2564102821566032,1.8021706207948778
narrow_multi_obstacle,147,B0,unreached_or_fallback_stop,0.26923079544290296,1.2969266051527504
narrow_multi_obstacle,147,B1,unreached_or_fallback_stop,0.26923079544290296,1.3360312657619706
narrow_multi_obstacle,147,B2,unreached_or_fallback_stop,0.26923079544290296,1.3360312657619706
narrow_multi_obstacle,148,B0,unreached_or_fallback_stop,0.2435897692904514,1.7343414824696353
narrow_multi_obstacle,148,B1,unreached_or_fallback_stop,0.2435897692904514,1.7343414824696353
narrow_multi_obstacle,148,B2,unreached_or_fallback_stop,0.2435897692904514,1.7343414824696353
narrow_multi_obstacle,148,MIKU,unreached_or_fallback_stop,0.2435897692904514,1.7343414824696353
narrow_multi_obstacle,150,B0,unreached_or_fallback_stop,0.25641028212660827,1.4712573806201976
narrow_multi_obstacle,150,B1,unreached_or_fallback_stop,0.25641028212660827,1.5104834072474582
narrow_multi_obstacle,150,B2,unreached_or_fallback_stop,0.25641028212660827,1.5104834072474582
narrow_multi_obstacle,151,B0,unreached_or_fallback_stop,0.26923079558269375,1.8627612368640052
narrow_multi_obstacle,151,B1,unreached_or_fallback_stop,0.26923079558269375,1.8627612368640052
narrow_multi_obstacle,151,B2,unreached_or_fallback_stop,0.26923079558269375,1.8627612368640052
narrow_multi_obstacle,152,B0,unreached_or_fallback_stop,0.679487205128205,0.2943315112393745
narrow_multi_obstacle,152,B1,unreached_or_fallback_stop,0.679487205128205,0.2924972619828561
narrow_multi_obstacle,152,B2,unreached_or_fallback_stop,0.679487205128205,0.2924972619828561
narrow_multi_obstacle,153,B0,unreached_or_fallback_stop,0.24358976931661935,1.6159648954724775
narrow_multi_obstacle,153,B1,unreached_or_fallback_stop,0.24358976931661935,1.6159648954724775
narrow_multi_obstacle,153,B2,unreached_or_fallback_stop,0.24358976931661935,1.6159648954724775
narrow_multi_obstacle,153,MIKU,unreached_or_fallback_stop,0.24358976931661935,1.6159648954724775
narrow_multi_obstacle,154,B0,unreached_or_fallback_stop,0.25641028207240335,0.9426393602069858
narrow_multi_obstacle,154,B1,unreached_or_fallback_stop,0.25641028207240335,0.9891178723469162
narrow_multi_obstacle,154,B2,unreached_or_fallback_stop,0.25641028207240335,0.9891178723469162
narrow_multi_obstacle,154,MIKU,unreached_or_fallback_stop,0.25641028207240335,0.9761341483050303
narrow_multi_obstacle,155,B0,unreached_or_fallback_stop,0.2692307954174631,0.5210933111877235
narrow_multi_obstacle,155,B1,unreached_or_fallback_stop,0.2692307954174631,0.605485828844959
narrow_multi_obstacle,155,B2,unreached_or_fallback_stop,0.2692307954174631,0.605485828844959
narrow_multi_obstacle,155,MIKU,unreached_or_fallback_stop,0.2692307954174631,0.5760518973509198
narrow_multi_obstacle,156,B0,unreached_or_fallback_stop,0.26923079605726774,0.9524804778332729
narrow_multi_obstacle,156,B1,unreached_or_fallback_stop,0.26923079605726774,1.0062793496246032
narrow_multi_obstacle,156,B2,unreached_or_fallback_stop,0.26923079605726774,1.0062793496246032
narrow_multi_obstacle,156,MIKU,unreached_or_fallback_stop,0.26923079605726774,0.987279460035743
narrow_multi_obstacle,157,B0,unreached_or_fallback_stop,0.26923079506702163,1.062415613220639
narrow_multi_obstacle,157,B1,unreached_or_fallback_stop,0.26923079506702163,1.1135590787326681
narrow_multi_obstacle,157,B2,unreached_or_fallback_stop,0.26923079506702163,1.1135590787326681
narrow_multi_obstacle,158,B0,unreached_or_fallback_stop,0.47435900000000003,0.29852453432833836
narrow_multi_obstacle,158,B1,unreached_or_fallback_stop,0.47435900000000003,0.2978999737800505
narrow_multi_obstacle,158,B2,unreached_or_fallback_stop,0.47435900000000003,0.2978999737800505
narrow_multi_obstacle,159,B0,unreached_or_fallback_stop,0.25641028223615603,1.3173760429975028
narrow_multi_obstacle,159,B1,unreached_or_fallback_stop,0.25641028223615603,1.3574767852634517
narrow_multi_obstacle,159,B2,unreached_or_fallback_stop,0.25641028223615603,1.3574767852634517
narrow_multi_obstacle,159,MIKU,unreached_or_fallback_stop,0.47435899971131934,0.2380602316700864
narrow_multi_obstacle,160,B0,unreached_or_fallback_stop,0.47435900000000003,0.2912154481101322
narrow_multi_obstacle,160,B1,unreached_or_fallback_stop,0.47435900000000003,0.28799122734202925
narrow_multi_obstacle,160,B2,unreached_or_fallback_stop,0.47435900000000003,0.28799122734202925
narrow_multi_obstacle,160,MIKU,unreached_or_fallback_stop,0.47435900000000003,0.22851986834137783
narrow_multi_obstacle,161,B0,unreached_or_fallback_stop,0.2692307950282697,0.7958019170776633
narrow_multi_obstacle,161,B1,unreached_or_fallback_stop,0.2692307950282697,0.8635807030009292
narrow_multi_obstacle,161,B2,unreached_or_fallback_stop,0.2692307950282697,0.8635807030009292
narrow_multi_obstacle,162,B0,unreached_or_fallback_stop,0.28205130855458077,0.4913514856038993
narrow_multi_obstacle,162,B1,unreached_or_fallback_stop,0.28205130855458077,0.583320511471932
narrow_multi_obstacle,162,B2,unreached_or_fallback_stop,0.28205130855458077,0.583320511471932
narrow_multi_obstacle,162,MIKU,unreached_or_fallback_stop,0.28205130855458077,0.5575201502327005
narrow_multi_obstacle,163,B0,unreached_or_fallback_stop,0.25641028252334197,1.1025988531603936
narrow_multi_obstacle,163,B1,unreached_or_fallback_stop,0.25641028252334197,1.1456833154322241
narrow_multi_obstacle,163,B2,unreached_or_fallback_stop,0.25641028252334197,1.1456833154322241
narrow_multi_obstacle,164,B0,unreached_or_fallback_stop,0.2564102821619888,1.4278967536468736
narrow_multi_obstacle,164,B1,unreached_or_fallback_stop,0.2564102821619888,1.4604683364127269
narrow_multi_obstacle,164,B2,unreached_or_fallback_stop,0.2564102821619888,1.4604683364127269
narrow_multi_obstacle,164,MIKU,unreached_or_fallback_stop,0.2564102821619888,1.4505570959446465
narrow_multi_obstacle,165,B0,unreached_or_fallback_stop,0.2692307955582687,0.5542128524806903
narrow_multi_obstacle,165,B1,unreached_or_fallback_stop,0.2692307955582687,0.6252302360787949
narrow_multi_obstacle,165,B2,unreached_or_fallback_stop,0.2692307955582687,0.6252302360787949
narrow_multi_obstacle,165,MIKU,unreached_or_fallback_stop,0.2692307955582687,0.6001033996977373
narrow_multi_obstacle,166,B0,unreached_or_fallback_stop,0.23076925663900014,1.8483644827105155
narrow_multi_obstacle,166,B1,unreached_or_fallback_stop,0.23076925663900014,1.8483644827105155
narrow_multi_obstacle,166,B2,unreached_or_fallback_stop,0.23076925663900014,1.8483644827105155
narrow_multi_obstacle,167,B0,unreached_or_fallback_stop,0.2435897692435208,1.3207805907033578
narrow_multi_obstacle,167,B1,unreached_or_fallback_stop,0.2435897692435208,1.358576563541789
narrow_multi_obstacle,167,B2,unreached_or_fallback_stop,0.2435897692435208,1.358576563541789
narrow_multi_obstacle,168,B0,unreached_or_fallback_stop,0.2692307955099334,0.7624962458871223
narrow_multi_obstacle,168,B1,unreached_or_fallback_stop,0.2692307955099334,0.8276250007322086
narrow_multi_obstacle,168,B2,unreached_or_fallback_stop,0.2692307955099334,0.8276250007322086
narrow_multi_obstacle,168,MIKU,unreached_or_fallback_stop,0.44871797435897437,0.21778439405691152
narrow_multi_obstacle,169,B0,unreached_or_fallback_stop,0.2692307953643195,0.6688031054103922
narrow_multi_obstacle,169,B1,unreached_or_fallback_stop,0.2692307953643195,0.7487353884598642
narrow_multi_obstacle,169,B2,unreached_or_fallback_stop,0.2692307953643195,0.7487353884598642
narrow_multi_obstacle,170,B0,unreached_or_fallback_stop,0.24358976951108288,1.5162816497565834
narrow_multi_obstacle,170,B1,unreached_or_fallback_stop,0.24358976951108288,1.5511337376496612
narrow_multi_obstacle,170,B2,unreached_or_fallback_stop,0.24358976951108288,1.5511337376496612
narrow_multi_obstacle,170,MIKU,unreached_or_fallback_stop,0.4615384871794872,0.21342276343628278
narrow_multi_obstacle,171,B0,unreached_or_fallback_stop,0.28205130837611286,0.8688816966458649
narrow_multi_obstacle,171,B1,unreached_or_fallback_stop,0.28205130837611286,0.9205171615766593
narrow_multi_obstacle,171,B2,unreached_or_fallback_stop,0.28205130837611286,0.9205171615766593
narrow_multi_obstacle,171,MIKU,unreached_or_fallback_stop,0.28205130837611286,0.8998937812528188
narrow_multi_obstacle,172,B0,unreached_or_fallback_stop,0.43589746153208925,0.29404918695045046
narrow_multi_obstacle,172,B1,unreached_or_fallback_stop,0.43589746153208925,0.29404918695045046
narrow_multi_obstacle,172,B2,unreached_or_fallback_stop,0.43589746153208925,0.29404918695045046
narrow_multi_obstacle,172,MIKU,unreached_or_fallback_stop,0.43589746153208925,0.24302022121792421
narrow_multi_obstacle,173,B0,unreached_or_fallback_stop,0.4615384871794872,0.2956807143698541
narrow_multi_obstacle,173,B1,unreached_or_fallback_stop,0.4615384871794872,0.2941005787995043
narrow_multi_obstacle,173,B2,unreached_or_fallback_stop,0.4615384871794872,0.2941005787995043
narrow_multi_obstacle,174,B0,unreached_or_fallback_stop,0.43589746153846154,0.2953667320571403
narrow_multi_obstacle,174,B1,unreached_or_fallback_stop,0.43589746153846154,0.2953667320571403
narrow_multi_obstacle,174,B2,unreached_or_fallback_stop,0.43589746153846154,0.2953667320571403
narrow_multi_obstacle,175,B0,unreached_or_fallback_stop,0.25641028208624744,1.4544490174758884
narrow_multi_obstacle,175,B1,unreached_or_fallback_stop,0.25641028208624744,1.4867216064168023
narrow_multi_obstacle,175,B2,unreached_or_fallback_stop,0.25641028208624744,1.4867216064168023
narrow_multi_obstacle,175,MIKU,unreached_or_fallback_stop,0.25641028208624744,1.4777030488580989
narrow_multi_obstacle,176,B0,unreached_or_fallback_stop,0.2820513085210114,1.0831447341408225
narrow_multi_obstacle,176,B1,unreached_or_fallback_stop,0.2820513085210114,1.1317895408658805
narrow_multi_obstacle,176,B2,unreached_or_fallback_stop,0.2820513085210114,1.1317895408658805
narrow_multi_obstacle,177,B0,unreached_or_fallback_stop,0.25641028209319155,1.2038588410331594
narrow_multi_obstacle,177,B1,unreached_or_fallback_stop,0.25641028209319155,1.2436895769211507
narrow_multi_obstacle,177,B2,unreached_or_fallback_stop,0.25641028209319155,1.2436895769211507
narrow_multi_obstacle,177,MIKU,unreached_or_fallback_stop,0.25641028209319155,1.233094456750898
narrow_multi_obstacle,178,B0,unreached_or_fallback_stop,0.2692307952531936,1.6975721972049291
narrow_multi_obstacle,178,B1,unreached_or_fallback_stop,0.2692307952531936,1.6975721972049291
narrow_multi_obstacle,178,B2,unreached_or_fallback_stop,0.2692307952531936,1.6975721972049291
narrow_multi_obstacle,178,MIKU,unreached_or_fallback_stop,0.679487205128205,0.21256767443314017
narrow_multi_obstacle,179,B0,unreached_or_fallback_stop,0.25641028250626846,1.343779894746854
narrow_multi_obstacle,179,B1,unreached_or_fallback_stop,0.25641028250626846,1.3787692062057517
narrow_multi_obstacle,179,B2,unreached_or_fallback_stop,0.25641028250626846,1.3787692062057517
narrow_multi_obstacle,180,B0,unreached_or_fallback_stop,0.4743589997121791,0.27653759851650894
narrow_multi_obstacle,180,B1,unreached_or_fallback_stop,0.4743589997121791,0.2687841282573404
narrow_multi_obstacle,180,B2,unreached_or_fallback_stop,0.4743589997121791,0.2687841282573404
narrow_multi_obstacle,180,MIKU,unreached_or_fallback_stop,0.4743589997121791,0.22026232049228478
narrow_multi_obstacle,181,B0,unreached_or_fallback_stop,0.2692307953408652,0.7734724725168273
narrow_multi_obstacle,181,B1,unreached_or_fallback_stop,0.2692307953408652,0.8375023545417635
narrow_multi_obstacle,181,B2,unreached_or_fallback_stop,0.2692307953408652,0.8375023545417635
narrow_multi_obstacle,181,MIKU,unreached_or_fallback_stop,0.2692307953408652,0.8180744536215205
narrow_multi_obstacle,182,B0,unreached_or_fallback_stop,0.26923079572096464,1.4360019185153188
narrow_multi_obstacle,182,B1,unreached_or_fallback_stop,0.26923079572096464,1.473316223679548
narrow_multi_obstacle,182,B2,unreached_or_fallback_stop,0.26923079572096464,1.473316223679548
narrow_multi_obstacle,183,B0,unreached_or_fallback_stop,0.2820513080428017,0.5127904081409814
narrow_multi_obstacle,183,B1,unreached_or_fallback_stop,0.2820513080428017,0.6031228709823045
narrow_multi_obstacle,183,B2,unreached_or_fallback_stop,0.2820513080428017,0.6031228709823045
narrow_multi_obstacle,184,B0,unreached_or_fallback_stop,0.2692307953764326,0.9022302362703688
narrow_multi_obstacle,184,B1,unreached_or_fallback_stop,0.2692307953764326,0.9573168078920894
narrow_multi_obstacle,184,B2,unreached_or_fallback_stop,0.2692307953764326,0.9573168078920894
narrow_multi_obstacle,186,B0,unreached_or_fallback_stop,0.679487205128205,0.29568999405880936
narrow_multi_obstacle,186,B1,unreached_or_fallback_stop,0.679487205128205,0.29568999405880936
narrow_multi_obstacle,186,B2,unreached_or_fallback_stop,0.679487205128205,0.29568999405880936
narrow_multi_obstacle,187,B0,unreached_or_fallback_stop,0.24358976933828388,1.5655938762007742
narrow_multi_obstacle,187,B1,unreached_or_fallback_stop,0.24358976933828388,1.5655938762007742
narrow_multi_obstacle,187,B2,unreached_or_fallback_stop,0.24358976933828388,1.5655938762007742
narrow_multi_obstacle,187,MIKU,unreached_or_fallback_stop,0.24358976933828388,1.5655938762007742
narrow_multi_obstacle,188,B0,unreached_or_fallback_stop,0.48717951282051286,0.28294126655074225
narrow_multi_obstacle,188,B1,unreached_or_fallback_stop,0.48717951282051286,0.2777602347314106
narrow_multi_obstacle,188,B2,unreached_or_fallback_stop,0.48717951282051286,0.2777602347314106
narrow_multi_obstacle,189,B0,unreached_or_fallback_stop,0.47435900000000003,0.2974515225257417
narrow_multi_obstacle,189,B1,unreached_or_fallback_stop,0.47435900000000003,0.2974515225257417
narrow_multi_obstacle,189,B2,unreached_or_fallback_stop,0.47435900000000003,0.2974515225257417
narrow_multi_obstacle,190,B0,unreached_or_fallback_stop,0.26923079538763556,1.3543811929035114
narrow_multi_obstacle,190,B1,unreached_or_fallback_stop,0.26923079538763556,1.3887501062298095
narrow_multi_obstacle,190,B2,unreached_or_fallback_stop,0.26923079538763556,1.3887501062298095
narrow_multi_obstacle,190,MIKU,unreached_or_fallback_stop,0.26923079538763556,1.3759226797474353
narrow_multi_obstacle,191,B0,unreached_or_fallback_stop,0.2435897699054371,1.8899211117294294
narrow_multi_obstacle,191,B1,unreached_or_fallback_stop,0.2435897699054371,1.8899211117294294
narrow_multi_obstacle,191,B2,unreached_or_fallback_stop,0.2435897699054371,1.8899211117294294
narrow_multi_obstacle,191,MIKU,unreached_or_fallback_stop,0.2435897699054371,1.8899211117294294
narrow_multi_obstacle,192,B0,unreached_or_fallback_stop,0.2692307959944298,1.1513276551665212
narrow_multi_obstacle,192,B1,unreached_or_fallback_stop,0.2692307959944298,1.1970640099369032
narrow_multi_obstacle,192,B2,unreached_or_fallback_stop,0.2692307959944298,1.1970640099369032
narrow_multi_obstacle,192,MIKU,unreached_or_fallback_stop,0.48717951282051286,0.19978676081477206
narrow_multi_obstacle,193,B0,unreached_or_fallback_stop,0.24358976944390143,1.6233902572382743
narrow_multi_obstacle,193,B1,unreached_or_fallback_stop,0.24358976944390143,1.6233902572382743
narrow_multi_obstacle,193,B2,unreached_or_fallback_stop,0.24358976944390143,1.6233902572382743
narrow_multi_obstacle,193,MIKU,unreached_or_fallback_stop,0.24358976944390143,1.6233902572382743
narrow_multi_obstacle,194,B0,unreached_or_fallback_stop,0.2692307954728383,1.4780254401374757
narrow_multi_obstacle,194,B1,unreached_or_fallback_stop,0.2692307954728383,1.5134406667504874
narrow_multi_obstacle,194,B2,unreached_or_fallback_stop,0.2692307954728383,1.5134406667504874
narrow_multi_obstacle,195,B0,unreached_or_fallback_stop,0.28205130896070935,0.5206241747984978
narrow_multi_obstacle,195,B1,unreached_or_fallback_stop,0.28205130896070935,0.6109994140054276
narrow_multi_obstacle,195,B2,unreached_or_fallback_stop,0.28205130896070935,0.6109994140054276
narrow_multi_obstacle,196,B0,unreached_or_fallback_stop,0.23076925659877792,1.7803584532131547
narrow_multi_obstacle,196,B1,unreached_or_fallback_stop,0.23076925659877792,1.7803584532131547
narrow_multi_obstacle,196,B2,unreached_or_fallback_stop,0.23076925659877792,1.7803584532131547
narrow_multi_obstacle,197,B0,unreached_or_fallback_stop,0.2692307950319665,1.6483544664448644
narrow_multi_obstacle,197,B1,unreached_or_fallback_stop,0.2692307950319665,1.6483544664448644
narrow_multi_obstacle,197,B2,unreached_or_fallback_stop,0.2692307950319665,1.6483544664448644
narrow_multi_obstacle,198,B0,unreached_or_fallback_stop,0.24358976994785642,1.2879406750748845
narrow_multi_obstacle,198,B1,unreached_or_fallback_stop,0.24358976994785642,1.3266656640551189
narrow_multi_obstacle,198,B2,unreached_or_fallback_stop,0.24358976994785642,1.3266656640551189
narrow_multi_obstacle,199,B0,unreached_or_fallback_stop,0.2692307952901526,0.7608316021902727
narrow_multi_obstacle,199,B1,unreached_or_fallback_stop,0.2692307952901526,0.8268027334992908
narrow_multi_obstacle,199,B2,unreached_or_fallback_stop,0.2692307952901526,0.8268027334992908
narrow_multi_obstacle,200,B0,unreached_or_fallback_stop,0.47435900000000003,0.29676198523991365
narrow_multi_obstacle,200,B1,unreached_or_fallback_stop,0.47435900000000003,0.29570515432634764
narrow_multi_obstacle,200,B2,unreached_or_fallback_stop,0.47435900000000003,0.29570515432634764
narrow_multi_obstacle,201,B0,unreached_or_fallback_stop,0.2692307954309226,1.5137448768660982
narrow_multi_obstacle,201,B1,unreached_or_fallback_stop,0.2692307954309226,1.543454584877866
narrow_multi_obstacle,201,B2,unreached_or_fallback_stop,0.2692307954309226,1.543454584877866
narrow_multi_obstacle,202,B0,unreached_or_fallback_stop,0.46153848794876257,0.298739705626024
narrow_multi_obstacle,202,B1,unreached_or_fallback_stop,0.46153848794876257,0.298739705626024
narrow_multi_obstacle,202,B2,unreached_or_fallback_stop,0.46153848794876257,0.298739705626024
narrow_multi_obstacle,203,B0,unreached_or_fallback_stop,0.2692307952278348,0.8085993687939089
narrow_multi_obstacle,203,B1,unreached_or_fallback_stop,0.2692307952278348,0.8682885628355488
narrow_multi_obstacle,203,B2,unreached_or_fallback_stop,0.2692307952278348,0.8682885628355488
narrow_multi_obstacle,204,B0,unreached_or_fallback_stop,0.47435900000000003,0.30000000000000004
narrow_multi_obstacle,204,B1,unreached_or_fallback_stop,0.47435900000000003,0.30000000000000004
narrow_multi_obstacle,204,B2,unreached_or_fallback_stop,0.47435900000000003,0.30000000000000004
narrow_multi_obstacle,205,B0,unreached_or_fallback_stop,0.28205130805901035,0.5537821631350062
narrow_multi_obstacle,205,B1,unreached_or_fallback_stop,0.28205130805901035,0.6439540253154
narrow_multi_obstacle,205,B2,unreached_or_fallback_stop,0.28205130805901035,0.6439540253154
narrow_multi_obstacle,206,B0,unreached_or_fallback_stop,0.2564102826441653,1.5275078410707028
narrow_multi_obstacle,206,B1,unreached_or_fallback_stop,0.2564102826441653,1.5275078410707028
narrow_multi_obstacle,206,B2,unreached_or_fallback_stop,0.2564102826441653,1.5275078410707028
narrow_multi_obstacle,207,B0,unreached_or_fallback_stop,0.2692307953761808,0.6199953459521749
narrow_multi_obstacle,207,B1,unreached_or_fallback_stop,0.2692307953761808,0.6946904667514993
narrow_multi_obstacle,207,B2,unreached_or_fallback_stop,0.2692307953761808,0.6946904667514993
narrow_multi_obstacle,208,B0,unreached_or_fallback_stop,0.2820513079782413,0.48238974995920314
narrow_multi_obstacle,208,B1,unreached_or_fallback_stop,0.2820513079782413,0.5725806253361114
narrow_multi_obstacle,208,B2,unreached_or_fallback_stop,0.2820513079782413,0.5725806253361114
narrow_multi_obstacle,208,MIKU,unreached_or_fallback_stop,0.2820513079782413,0.5494755028629261
narrow_multi_obstacle,209,B0,unreached_or_fallback_stop,0.2692307950613927,1.1988028585519144
narrow_multi_obstacle,209,B1,unreached_or_fallback_stop,0.2692307950613927,1.2369730249267576
narrow_multi_obstacle,209,B2,unreached_or_fallback_stop,0.2692307950613927,1.2369730249267576
narrow_multi_obstacle,209,MIKU,unreached_or_fallback_stop,0.2692307950613927,1.225730386861877
narrow_multi_obstacle,210,B0,unreached_or_fallback_stop,0.2820513085833743,1.5281545263431644
narrow_multi_obstacle,210,B1,unreached_or_fallback_stop,0.2820513085833743,1.5281545263431644
narrow_multi_obstacle,210,B2,unreached_or_fallback_stop,0.2820513085833743,1.5281545263431644
narrow_multi_obstacle,211,B0,unreached_or_fallback_stop,0.2564102828466548,1.103667276562386
narrow_multi_obstacle,211,B1,unreached_or_fallback_stop,0.2564102828466548,1.1504703462964723
narrow_multi_obstacle,211,B2,unreached_or_fallback_stop,0.2564102828466548,1.1504703462964723
narrow_multi_obstacle,211,MIKU,unreached_or_fallback_stop,0.2564102828466548,1.1338222983943718
narrow_multi_obstacle,212,B0,unreached_or_fallback_stop,0.25641028260838156,0.858069790773257
narrow_multi_obstacle,212,B1,unreached_or_fallback_stop,0.25641028260838156,0.9146158279745912
narrow_multi_obstacle,212,B2,unreached_or_fallback_stop,0.25641028260838156,0.9146158279745912
narrow_multi_obstacle,212,MIKU,unreached_or_fallback_stop,0.25641028260838156,0.8952642932628466
narrow_multi_obstacle,213,B0,unreached_or_fallback_stop,0.25641028207508676,1.4391844088821721
narrow_multi_obstacle,213,B1,unreached_or_fallback_stop,0.25641028207508676,1.4719130686473496
narrow_multi_obstacle,213,B2,unreached_or_fallback_stop,0.25641028207508676,1.4719130686473496
narrow_multi_obstacle,213,MIKU,unreached_or_fallback_stop,0.25641028207508676,1.4622754873881045
narrow_multi_obstacle,214,B0,unreached_or_fallback_stop,0.4615384871794872,0.2820284295436387
narrow_multi_obstacle,214,B1,unreached_or_fallback_stop,0.4615384871794872,0.2759247492644563
narrow_multi_obstacle,214,B2,unreached_or_fallback_stop,0.4615384871794872,0.2759247492644563
narrow_multi_obstacle,215,B0,unreached_or_fallback_stop,0.269230795090944,0.6735132628558274
narrow_multi_obstacle,215,B1,unreached_or_fallback_stop,0.269230795090944,0.7466963528957862
narrow_multi_obstacle,215,B2,unreached_or_fallback_stop,0.269230795090944,0.7466963528957862
narrow_multi_obstacle,216,B0,unreached_or_fallback_stop,0.2692307954276052,0.762652492574508
narrow_multi_obstacle,216,B1,unreached_or_fallback_stop,0.2692307954276052,0.8231114607175153
narrow_multi_obstacle,216,B2,unreached_or_fallback_stop,0.2692307954276052,0.8231114607175153
narrow_multi_obstacle,217,B0,unreached_or_fallback_stop,0.24358976921181053,1.8382788393379188
narrow_multi_obstacle,217,B1,unreached_or_fallback_stop,0.24358976921181053,1.8382788393379188
narrow_multi_obstacle,217,B2,unreached_or_fallback_stop,0.24358976921181053,1.8382788393379188
narrow_multi_obstacle,217,MIKU,unreached_or_fallback_stop,0.24358976921181053,1.8382788393379188
narrow_multi_obstacle,218,B0,unreached_or_fallback_stop,0.2564102827540445,0.9360002587187686
narrow_multi_obstacle,218,B1,unreached_or_fallback_stop,0.2564102827540445,0.9905507268604824
narrow_multi_obstacle,218,B2,unreached_or_fallback_stop,0.2564102827540445,0.9905507268604824
narrow_multi_obstacle,219,B0,unreached_or_fallback_stop,0.2820513078683152,0.6976811909564448
narrow_multi_obstacle,219,B1,unreached_or_fallback_stop,0.2820513078683152,0.7626289865971202
narrow_multi_obstacle,219,B2,unreached_or_fallback_stop,0.2820513078683152,0.7626289865971202
narrow_multi_obstacle,219,MIKU,unreached_or_fallback_stop,0.2820513078683152,0.7448601424404151
narrow_multi_obstacle,220,B0,unreached_or_fallback_stop,0.25641028323386167,1.6517029184450687
narrow_multi_obstacle,220,B1,unreached_or_fallback_stop,0.25641028323386167,1.6517029184450687
narrow_multi_obstacle,220,B2,unreached_or_fallback_stop,0.25641028323386167,1.6517029184450687
narrow_multi_obstacle,221,B0,unreached_or_fallback_stop,0.282051308793393,0.6556624746960884
narrow_multi_obstacle,221,B1,unreached_or_fallback_stop,0.282051308793393,0.722355838528198
narrow_multi_obstacle,221,B2,unreached_or_fallback_stop,0.282051308793393,0.722355838528198
narrow_multi_obstacle,222,B0,unreached_or_fallback_stop,0.282051308848661,1.5961588358887924
narrow_multi_obstacle,222,B1,unreached_or_fallback_stop,0.282051308848661,1.5961588358887924
narrow_multi_obstacle,222,B2,unreached_or_fallback_stop,0.282051308848661,1.5961588358887924
narrow_multi_obstacle,222,MIKU,unreached_or_fallback_stop,0.282051308848661,1.5961588358887924
narrow_multi_obstacle,223,B0,unreached_or_fallback_stop,0.25641028209016953,1.6191021662853293
narrow_multi_obstacle,223,B1,unreached_or_fallback_stop,0.25641028209016953,1.6191021662853293
narrow_multi_obstacle,223,B2,unreached_or_fallback_stop,0.25641028209016953,1.6191021662853293
narrow_multi_obstacle,223,MIKU,unreached_or_fallback_stop,0.46153848794655755,0.2438467578070882
narrow_multi_obstacle,224,B0,unreached_or_fallback_stop,0.2564102826130088,0.9201352899205593
narrow_multi_obstacle,224,B1,unreached_or_fallback_stop,0.2564102826130088,0.9714295718645
narrow_multi_obstacle,224,B2,unreached_or_fallback_stop,0.2564102826130088,0.9714295718645
narrow_multi_obstacle,224,MIKU,unreached_or_fallback_stop,0.48717951282051286,0.22161754719173832
narrow_multi_obstacle,226,B0,unreached_or_fallback_stop,0.26923079533728667,0.5188809094626681
narrow_multi_obstacle,226,B1,unreached_or_fallback_stop,0.26923079533728667,0.607877343266398
narrow_multi_obstacle,226,B2,unreached_or_fallback_stop,0.26923079533728667,0.607877343266398
narrow_multi_obstacle,226,MIKU,unreached_or_fallback_stop,0.26923079533728667,0.5783028555787998
narrow_multi_obstacle,227,B0,unreached_or_fallback_stop,0.2692307953308097,0.6350745117988994
narrow_multi_obstacle,227,B1,unreached_or_fallback_stop,0.2692307953308097,0.7106343132431316
narrow_multi_obstacle,227,B2,unreached_or_fallback_stop,0.2692307953308097,0.7106343132431316
narrow_multi_obstacle,228,B0,unreached_or_fallback_stop,0.2692307950311068,0.7648577696774562
narrow_multi_obstacle,228,B1,unreached_or_fallback_stop,0.2692307950311068,0.8275963837933438
narrow_multi_obstacle,228,B2,unreached_or_fallback_stop,0.2692307950311068,0.8275963837933438
narrow_multi_obstacle,229,B0,unreached_or_fallback_stop,0.2692307962693836,1.0646046879389144
narrow_multi_obstacle,229,B1,unreached_or_fallback_stop,0.2692307962693836,1.1140483512364767
narrow_multi_obstacle,229,B2,unreached_or_fallback_stop,0.2692307962693836,1.1140483512364767
narrow_multi_obstacle,230,B0,unreached_or_fallback_stop,0.4615384871794872,0.2793671760683037
narrow_multi_obstacle,230,B1,unreached_or_fallback_stop,0.4615384871794872,0.27295818874051536
narrow_multi_obstacle,230,B2,unreached_or_fallback_stop,0.4615384871794872,0.27295818874051536
narrow_multi_obstacle,231,B0,unreached_or_fallback_stop,0.25641028248592945,1.5688662811571719
narrow_multi_obstacle,231,B1,unreached_or_fallback_stop,0.25641028248592945,1.5688662811571719
narrow_multi_obstacle,231,B2,unreached_or_fallback_stop,0.25641028248592945,1.5688662811571719
narrow_multi_obstacle,232,B0,unreached_or_fallback_stop,0.2692307956654056,1.54912114919412
narrow_multi_obstacle,232,B1,unreached_or_fallback_stop,0.2692307956654056,1.54912114919412
narrow_multi_obstacle,232,B2,unreached_or_fallback_stop,0.2692307956654056,1.54912114919412
narrow_multi_obstacle,233,B0,unreached_or_fallback_stop,0.48717951282051286,0.2883386834367321
narrow_multi_obstacle,233,B1,unreached_or_fallback_stop,0.48717951282051286,0.2840223655489158
narrow_multi_obstacle,233,B2,unreached_or_fallback_stop,0.48717951282051286,0.2840223655489158
narrow_multi_obstacle,234,B0,unreached_or_fallback_stop,0.2692307949843852,0.560751823938189
narrow_multi_obstacle,234,B1,unreached_or_fallback_stop,0.2692307949843852,0.6497596955815138
narrow_multi_obstacle,234,B2,unreached_or_fallback_stop,0.2692307949843852,0.6497596955815138
narrow_multi_obstacle,234,MIKU,unreached_or_fallback_stop,0.2692307949843852,0.626343326606443
narrow_multi_obstacle,235,B0,unreached_or_fallback_stop,0.2692307952573081,1.0582945890276032
narrow_multi_obstacle,235,B1,unreached_or_fallback_stop,0.2692307952573081,1.1025432769592287
narrow_multi_obstacle,235,B2,unreached_or_fallback_stop,0.2692307952573081,1.1025432769592287
narrow_multi_obstacle,235,MIKU,unreached_or_fallback_stop,0.2692307952573081,1.0879072716509275
narrow_multi_obstacle,236,B0,unreached_or_fallback_stop,0.28205130808224804,1.39714797953558
narrow_multi_obstacle,236,B1,unreached_or_fallback_stop,0.28205130808224804,1.4379012670747144
narrow_multi_obstacle,236,B2,unreached_or_fallback_stop,0.28205130808224804,1.4379012670747144
narrow_multi_obstacle,236,MIKU,unreached_or_fallback_stop,0.448717975108415,0.2431982810107054
narrow_multi_obstacle,237,B0,unreached_or_fallback_stop,0.2692307955757184,0.78102954248158
narrow_multi_obstacle,237,B1,unreached_or_fallback_stop,0.2692307955757184,0.8441882344386454
narrow_multi_obstacle,237,B2,unreached_or_fallback_stop,0.2692307955757184,0.8441882344386454
narrow_multi_obstacle,238,B0,unreached_or_fallback_stop,0.2692307951069037,1.2530418776048258
narrow_multi_obstacle,238,B1,unreached_or_fallback_stop,0.2692307951069037,1.2875991065825387
narrow_multi_obstacle,238,B2,unreached_or_fallback_stop,0.2692307951069037,1.2875991065825387
narrow_multi_obstacle,238,MIKU,unreached_or_fallback_stop,0.2692307951069037,1.2767986192901526
narrow_multi_obstacle,239,B0,unreached_or_fallback_stop,0.26923079536902017,1.0074744475647488
narrow_multi_obstacle,239,B1,unreached_or_fallback_stop,0.26923079536902017,1.0572288256592637
narrow_multi_obstacle,239,B2,unreached_or_fallback_stop,0.26923079536902017,1.0572288256592637
narrow_multi_obstacle,240,B0,unreached_or_fallback_stop,0.26923079611108897,1.0648121876588768
narrow_multi_obstacle,240,B1,unreached_or_fallback_stop,0.26923079611108897,1.1109893248217186
narrow_multi_obstacle,240,B2,unreached_or_fallback_stop,0.26923079611108897,1.1109893248217186
narrow_multi_obstacle,241,B0,unreached_or_fallback_stop,0.26923079544679407,1.8637809390790587
narrow_multi_obstacle,241,B1,unreached_or_fallback_stop,0.26923079544679407,1.8637809390790587
narrow_multi_obstacle,241,B2,unreached_or_fallback_stop,0.26923079544679407,1.8637809390790587
narrow_multi_obstacle,241,MIKU,unreached_or_fallback_stop,0.26923079544679407,1.8637809390790587
narrow_multi_obstacle,242,B0,unreached_or_fallback_stop,0.2820513085882181,0.5565590465032709
narrow_multi_obstacle,242,B1,unreached_or_fallback_stop,0.2820513085882181,0.6458556090699096
narrow_multi_obstacle,242,B2,unreached_or_fallback_stop,0.2820513085882181,0.6458556090699096
narrow_multi_obstacle,243,B0,unreached_or_fallback_stop,0.24358976932096718,1.5121061927585797
narrow_multi_obstacle,243,B1,unreached_or_fallback_stop,0.24358976932096718,1.5442847705173641
narrow_multi_obstacle,243,B2,unreached_or_fallback_stop,0.24358976932096718,1.5442847705173641
narrow_multi_obstacle,243,MIKU,unreached_or_fallback_stop,0.24358976932096718,1.534241180901373
narrow_multi_obstacle,244,B0,unreached_or_fallback_stop,0.47435899980587987,0.2877381456051449
narrow_multi_obstacle,244,B1,unreached_or_fallback_stop,0.47435899980587987,0.2837646921973429
narrow_multi_obstacle,244,B2,unreached_or_fallback_stop,0.47435899980587987,0.2837646921973429
narrow_multi_obstacle,244,MIKU,unreached_or_fallback_stop,0.679487205128205,0.218793033009953
narrow_multi_obstacle,245,B0,unreached_or_fallback_stop,0.2820513083797591,0.49978184092165484
narrow_multi_obstacle,245,B1,unreached_or_fallback_stop,0.2820513083797591,0.5920495566813888
narrow_multi_obstacle,245,B2,unreached_or_fallback_stop,0.2820513083797591,0.5920495566813888
narrow_multi_obstacle,245,MIKU,unreached_or_fallback_stop,0.2820513083797591,0.5652636927863592
narrow_multi_obstacle,246,B0,unreached_or_fallback_stop,0.25641028233639146,0.9118151093575546
narrow_multi_obstacle,246,B1,unreached_or_fallback_stop,0.25641028233639146,0.964070077494976
narrow_multi_obstacle,246,B2,unreached_or_fallback_stop,0.25641028233639146,0.964070077494976
narrow_multi_obstacle,246,MIKU,unreached_or_fallback_stop,0.25641028233639146,0.9481426357019448
narrow_multi_obstacle,247,B0,unreached_or_fallback_stop,0.2435897692688539,1.6594121716047618
narrow_multi_obstacle,247,B1,unreached_or_fallback_stop,0.2435897692688539,1.6594121716047618
narrow_multi_obstacle,247,B2,unreached_or_fallback_stop,0.2435897692688539,1.6594121716047618
narrow_multi_obstacle,248,B0,unreached_or_fallback_stop,0.679487205128205,0.2923155063561136
narrow_multi_obstacle,248,B1,unreached_or_fallback_stop,0.679487205128205,0.29008374260615466
narrow_multi_obstacle,248,B2,unreached_or_fallback_stop,0.679487205128205,0.29008374260615466
narrow_multi_obstacle,249,B0,unreached_or_fallback_stop,0.6923077179487179,0.28357326285632234
narrow_multi_obstacle,249,B1,unreached_or_fallback_stop,0.6923077179487179,0.27715936173228367
narrow_multi_obstacle,249,B2,unreached_or_fallback_stop,0.6923077179487179,0.27715936173228367
narrow_multi_obstacle,250,B0,unreached_or_fallback_stop,0.26923079552123735,0.770242117590177
narrow_multi_obstacle,250,B1,unreached_or_fallback_stop,0.26923079552123735,0.8373349847006765
narrow_multi_obstacle,250,B2,unreached_or_fallback_stop,0.26923079552123735,0.8373349847006765
narrow_multi_obstacle,250,MIKU,unreached_or_fallback_stop,0.26923079552123735,0.8163187526152753
narrow_multi_obstacle,251,B0,unreached_or_fallback_stop,0.24358976924954953,1.524962075445484
narrow_multi_obstacle,251,B1,unreached_or_fallback_stop,0.24358976924954953,1.5605035150975821
narrow_multi_obstacle,251,B2,unreached_or_fallback_stop,0.24358976924954953,1.5605035150975821
narrow_multi_obstacle,252,B0,unreached_or_fallback_stop,0.26923079500408115,1.1558346635252805
narrow_multi_obstacle,252,B1,unreached_or_fallback_stop,0.26923079500408115,1.2002847766733575
narrow_multi_obstacle,252,B2,unreached_or_fallback_stop,0.26923079500408115,1.2002847766733575
narrow_multi_obstacle,252,MIKU,unreached_or_fallback_stop,0.26923079500408115,1.1871193422124242
narrow_multi_obstacle,253,B0,unreached_or_fallback_stop,0.28205130835020953,0.6868714947901421
narrow_multi_obstacle,253,B1,unreached_or_fallback_stop,0.28205130835020953,0.7503096902446051
narrow_multi_obstacle,253,B2,unreached_or_fallback_stop,0.28205130835020953,0.7503096902446051
narrow_multi_obstacle,253,MIKU,unreached_or_fallback_stop,0.28205130835020953,0.731700972046534
narrow_multi_obstacle,254,B0,unreached_or_fallback_stop,0.2692307958317897,0.5882812359239021
narrow_multi_obstacle,254,B1,unreached_or_fallback_stop,0.2692307958317897,0.6690705973348768
narrow_multi_obstacle,254,B2,unreached_or_fallback_stop,0.2692307958317897,0.6690705973348768
narrow_multi_obstacle,255,B0,unreached_or_fallback_stop,0.2564102832731663,1.2546068787982732
narrow_multi_obstacle,255,B1,unreached_or_fallback_stop,0.2564102832731663,1.2959272417225827
narrow_multi_obstacle,255,B2,unreached_or_fallback_stop,0.2564102832731663,1.2959272417225827
narrow_multi_obstacle,256,B0,unreached_or_fallback_stop,0.2820513087926476,1.4370910617589097
narrow_multi_obstacle,256,B1,unreached_or_fallback_stop,0.2820513087926476,1.4703258557272734
narrow_multi_obstacle,256,B2,unreached_or_fallback_stop,0.2820513087926476,1.4703258557272734
narrow_multi_obstacle,256,MIKU,unreached_or_fallback_stop,0.2820513087926476,1.4570786844242773
narrow_multi_obstacle,257,B0,unreached_or_fallback_stop,0.2564102823973023,1.5953964120527733
narrow_multi_obstacle,257,B1,unreached_or_fallback_stop,0.2564102823973023,1.5953964120527733
narrow_multi_obstacle,257,B2,unreached_or_fallback_stop,0.2564102823973023,1.5953964120527733
narrow_multi_obstacle,258,B0,unreached_or_fallback_stop,0.2564102829327184,1.2840901001331266
narrow_multi_obstacle,258,B1,unreached_or_fallback_stop,0.2564102829327184,1.320980234337721
narrow_multi_obstacle,258,B2,unreached_or_fallback_stop,0.2564102829327184,1.320980234337721
narrow_multi_obstacle,259,B0,unreached_or_fallback_stop,0.26923079587651955,0.5925210502621306
narrow_multi_obstacle,259,B1,unreached_or_fallback_stop,0.26923079587651955,0.6765620770647526
narrow_multi_obstacle,259,B2,unreached_or_fallback_stop,0.26923079587651955,0.6765620770647526
narrow_multi_obstacle,260,B0,unreached_or_fallback_stop,0.28205130804404643,0.5620973243829557
narrow_multi_obstacle,260,B1,unreached_or_fallback_stop,0.28205130804404643,0.6520667108628189
narrow_multi_obstacle,260,B2,unreached_or_fallback_stop,0.28205130804404643,0.6520667108628189
narrow_multi_obstacle,261,B0,unreached_or_fallback_stop,0.2820513078765086,0.47951870851226
narrow_multi_obstacle,261,B1,unreached_or_fallback_stop,0.2820513078765086,0.5718402180253057
narrow_multi_obstacle,261,B2,unreached_or_fallback_stop,0.2820513078765086,0.5718402180253057
narrow_multi_obstacle,261,MIKU,unreached_or_fallback_stop,0.2820513078765086,0.5465074233938002
narrow_multi_obstacle,262,B0,unreached_or_fallback_stop,0.2692307949456013,1.5577791732783732
narrow_multi_obstacle,262,B1,unreached_or_fallback_stop,0.2692307949456013,1.5577791732783732
narrow_multi_obstacle,262,B2,unreached_or_fallback_stop,0.2692307949456013,1.5577791732783732
narrow_multi_obstacle,263,B0,unreached_or_fallback_stop,0.2692307951901781,0.8204299181038477
narrow_multi_obstacle,263,B1,unreached_or_fallback_stop,0.2692307951901781,0.8741189112465734
narrow_multi_obstacle,263,B2,unreached_or_fallback_stop,0.2692307951901781,0.8741189112465734
narrow_multi_obstacle,264,B0,unreached_or_fallback_stop,0.25641028211292405,1.043207104522005
narrow_multi_obstacle,264,B1,unreached_or_fallback_stop,0.25641028211292405,1.0886443491326165
narrow_multi_obstacle,264,B2,unreached_or_fallback_stop,0.25641028211292405,1.0886443491326165
narrow_multi_obstacle,265,B0,unreached_or_fallback_stop,0.2564102820430428,1.231008256811945
narrow_multi_obstacle,265,B1,unreached_or_fallback_stop,0.2564102820430428,1.273548466104762
narrow_multi_obstacle,265,B2,unreached_or_fallback_stop,0.2564102820430428,1.273548466104762
narrow_multi_obstacle,265,MIKU,unreached_or_fallback_stop,0.4615384879485093,0.21398777916472356
narrow_multi_obstacle,266,B0,unreached_or_fallback_stop,0.6538461794871794,0.28895252937565113
narrow_multi_obstacle,266,B1,unreached_or_fallback_stop,0.6538461794871794,0.2834871424444056
narrow_multi_obstacle,266,B2,unreached_or_fallback_stop,0.6538461794871794,0.2834871424444056
narrow_multi_obstacle,267,B0,unreached_or_fallback_stop,0.2564102828979213,0.8885634864417014
narrow_multi_obstacle,267,B1,unreached_or_fallback_stop,0.2564102828979213,0.9470192962560374
narrow_multi_obstacle,267,B2,unreached_or_fallback_stop,0.2564102828979213,0.9470192962560374
narrow_multi_obstacle,268,B0,unreached_or_fallback_stop,0.269230795210495,0.5482627998173868
narrow_multi_obstacle,268,B1,unreached_or_fallback_stop,0.269230795210495,0.6352683074576948
narrow_multi_obstacle,268,B2,unreached_or_fallback_stop,0.269230795210495,0.6352683074576948
narrow_multi_obstacle,268,MIKU,unreached_or_fallback_stop,0.48717951282051286,0.2282678525962929
narrow_multi_obstacle,270,B0,unreached_or_fallback_stop,0.2692307961207279,0.5284492483525047
narrow_multi_obstacle,270,B1,unreached_or_fallback_stop,0.2692307961207279,0.6184052341488775
narrow_multi_obstacle,270,B2,unreached_or_fallback_stop,0.2692307961207279,0.6184052341488775
narrow_multi_obstacle,270,MIKU,unreached_or_fallback_stop,0.2692307961207279,0.588360480562882
narrow_multi_obstacle,271,B0,unreached_or_fallback_stop,0.28205130857252986,0.5130340780265845
narrow_multi_obstacle,271,B1,unreached_or_fallback_stop,0.28205130857252986,0.6046630716823165
narrow_multi_obstacle,271,B2,unreached_or_fallback_stop,0.28205130857252986,0.6046630716823165
narrow_multi_obstacle,271,MIKU,unreached_or_fallback_stop,0.47435900000000003,0.21507616712600944
narrow_multi_obstacle,272,B0,unreached_or_fallback_stop,0.26923079542558,1.7279233670179808
narrow_multi_obstacle,272,B1,unreached_or_fallback_stop,0.26923079542558,1.7279233670179808
narrow_multi_obstacle,272,B2,unreached_or_fallback_stop,0.26923079542558,1.7279233670179808
narrow_multi_obstacle,273,B0,unreached_or_fallback_stop,0.26923079598100585,0.7534468855677163
narrow_multi_obstacle,273,B1,unreached_or_fallback_stop,0.26923079598100585,0.8165186263670684
narrow_multi_obstacle,273,B2,unreached_or_fallback_stop,0.26923079598100585,0.8165186263670684
narrow_multi_obstacle,274,B0,unreached_or_fallback_stop,0.23076925642997656,1.734894312647893
narrow_multi_obstacle,274,B1,unreached_or_fallback_stop,0.23076925642997656,1.734894312647893
narrow_multi_obstacle,274,B2,unreached_or_fallback_stop,0.23076925642997656,1.734894312647893
narrow_multi_obstacle,274,MIKU,unreached_or_fallback_stop,0.47435900000000003,0.22837759092053922
narrow_multi_obstacle,275,B0,unreached_or_fallback_stop,0.48717951282051286,0.283413575358499
narrow_multi_obstacle,275,B1,unreached_or_fallback_stop,0.48717951282051286,0.2796975657324414
narrow_multi_obstacle,275,B2,unreached_or_fallback_stop,0.48717951282051286,0.2796975657324414
narrow_multi_obstacle,275,MIKU,unreached_or_fallback_stop,0.48717951282051286,0.2172046492812416
narrow_multi_obstacle,276,B0,unreached_or_fallback_stop,0.2564102827431353,0.8489433598688478
narrow_multi_obstacle,276,B1,unreached_or_fallback_stop,0.2564102827431353,0.9099268793803696
narrow_multi_obstacle,276,B2,unreached_or_fallback_stop,0.2564102827431353,0.9099268793803696
narrow_multi_obstacle,277,B0,unreached_or_fallback_stop,0.2564102827900297,1.4653340396279566
narrow_multi_obstacle,277,B1,unreached_or_fallback_stop,0.2564102827900297,1.4995477130150365
narrow_multi_obstacle,277,B2,unreached_or_fallback_stop,0.2564102827900297,1.4995477130150365
narrow_multi_obstacle,277,MIKU,unreached_or_fallback_stop,0.2564102827900297,1.4885098959530956
narrow_multi_obstacle,278,B0,unreached_or_fallback_stop,0.24358976944713676,1.5879709993920275
narrow_multi_obstacle,278,B1,unreached_or_fallback_stop,0.24358976944713676,1.5879709993920275
narrow_multi_obstacle,278,B2,unreached_or_fallback_stop,0.24358976944713676,1.5879709993920275
narrow_multi_obstacle,279,B0,unreached_or_fallback_stop,0.2564102833217988,1.721060990380398
narrow_multi_obstacle,279,B1,unreached_or_fallback_stop,0.2564102833217988,1.721060990380398
narrow_multi_obstacle,279,B2,unreached_or_fallback_stop,0.2564102833217988,1.721060990380398
narrow_multi_obstacle,280,B0,unreached_or_fallback_stop,0.269230795433033,0.9609907495020367
narrow_multi_obstacle,280,B1,unreached_or_fallback_stop,0.269230795433033,1.011596522842886
narrow_multi_obstacle,280,B2,unreached_or_fallback_stop,0.269230795433033,1.011596522842886
narrow_multi_obstacle,281,B0,unreached_or_fallback_stop,0.24358976937521268,1.6761023638654327
narrow_multi_obstacle,281,B1,unreached_or_fallback_stop,0.24358976937521268,1.6761023638654327
narrow_multi_obstacle,281,B2,unreached_or_fallback_stop,0.24358976937521268,1.6761023638654327
narrow_multi_obstacle,281,MIKU,unreached_or_fallback_stop,0.24358976937521268,1.6761023638654327
narrow_multi_obstacle,282,B0,unreached_or_fallback_stop,0.2692307954661815,1.713207162647614
narrow_multi_obstacle,282,B1,unreached_or_fallback_stop,0.2692307954661815,1.713207162647614
narrow_multi_obstacle,282,B2,unreached_or_fallback_stop,0.2692307954661815,1.713207162647614
narrow_multi_obstacle,282,MIKU,unreached_or_fallback_stop,0.2692307954661815,1.713207162647614
narrow_multi_obstacle,283,B0,unreached_or_fallback_stop,0.269230795156094,0.8071819869651516
narrow_multi_obstacle,283,B1,unreached_or_fallback_stop,0.269230795156094,0.865638338778579
narrow_multi_obstacle,283,B2,unreached_or_fallback_stop,0.269230795156094,0.865638338778579
narrow_multi_obstacle,283,MIKU,unreached_or_fallback_stop,0.269230795156094,0.8483637801232323
narrow_multi_obstacle,284,B0,unreached_or_fallback_stop,0.2564102820469216,1.00855182898717
narrow_multi_obstacle,284,B1,unreached_or_fallback_stop,0.2564102820469216,1.055457754250283
narrow_multi_obstacle,284,B2,unreached_or_fallback_stop,0.2564102820469216,1.055457754250283
narrow_multi_obstacle,284,MIKU,unreached_or_fallback_stop,0.46153848794915614,0.24280385627370094
narrow_multi_obstacle,285,B0,unreached_or_fallback_stop,0.26923079565682967,1.5336847333818089
narrow_multi_obstacle,285,B1,unreached_or_fallback_stop,0.26923079565682967,1.5336847333818089
narrow_multi_obstacle,285,B2,unreached_or_fallback_stop,0.26923079565682967,1.5336847333818089
narrow_multi_obstacle,286,B0,unreached_or_fallback_stop,0.679487205128205,0.29257619251676026
narrow_multi_obstacle,286,B1,unreached_or_fallback_stop,0.679487205128205,0.29084835205989457
narrow_multi_obstacle,286,B2,unreached_or_fallback_stop,0.679487205128205,0.29084835205989457
narrow_multi_obstacle,287,B0,unreached_or_fallback_stop,0.26923079626862556,1.3408811720675406
narrow_multi_obstacle,287,B1,unreached_or_fallback_stop,0.26923079626862556,1.3752572243306789
narrow_multi_obstacle,287,B2,unreached_or_fallback_stop,0.26923079626862556,1.3752572243306789
narrow_multi_obstacle,288,B0,unreached_or_fallback_stop,0.24358976947014865,1.3880581861412127
narrow_multi_obstacle,288,B1,unreached_or_fallback_stop,0.24358976947014865,1.4264053988373326
narrow_multi_obstacle,288,B2,unreached_or_fallback_stop,0.24358976947014865,1.4264053988373326
narrow_multi_obstacle,289,B0,unreached_or_fallback_stop,0.26923079494288793,0.6717814285639888
narrow_multi_obstacle,289,B1,unreached_or_fallback_stop,0.26923079494288793,0.7368152151232589
narrow_multi_obstacle,289,B2,unreached_or_fallback_stop,0.26923079494288793,0.7368152151232589
narrow_multi_obstacle,289,MIKU,unreached_or_fallback_stop,0.26923079494288793,0.71801893521521
narrow_multi_obstacle,290,B0,unreached_or_fallback_stop,0.269230795795138,1.4402352850179176
narrow_multi_obstacle,290,B1,unreached_or_fallback_stop,0.269230795795138,1.4716565401048707
narrow_multi_obstacle,290,B2,unreached_or_fallback_stop,0.269230795795138,1.4716565401048707
narrow_multi_obstacle,291,B0,unreached_or_fallback_stop,0.2692307960756382,1.867424673020856
narrow_multi_obstacle,291,B1,unreached_or_fallback_stop,0.2692307960756382,1.867424673020856
narrow_multi_obstacle,291,B2,unreached_or_fallback_stop,0.2692307960756382,1.867424673020856
narrow_multi_obstacle,292,B0,unreached_or_fallback_stop,0.4871795127587429,0.2890160950984639
narrow_multi_obstacle,292,B1,unreached_or_fallback_stop,0.4871795127587429,0.28307664511141845
narrow_multi_obstacle,292,B2,unreached_or_fallback_stop,0.4871795127587429,0.28307664511141845
narrow_multi_obstacle,293,B0,unreached_or_fallback_stop,0.2692307954422045,1.2669553822475461
narrow_multi_obstacle,293,B1,unreached_or_fallback_stop,0.2692307954422045,1.304731330237686
narrow_multi_obstacle,293,B2,unreached_or_fallback_stop,0.2692307954422045,1.304731330237686
narrow_multi_obstacle,293,MIKU,unreached_or_fallback_stop,0.2692307954422045,1.2927871894377698
narrow_multi_obstacle,294,B0,unreached_or_fallback_stop,0.2435897694197667,1.6385505178933168
narrow_multi_obstacle,294,B1,unreached_or_fallback_stop,0.2435897694197667,1.6385505178933168
narrow_multi_obstacle,294,B2,unreached_or_fallback_stop,0.2435897694197667,1.6385505178933168
narrow_multi_obstacle,295,B0,unreached_or_fallback_stop,0.26923079535587946,1.892260897516198
narrow_multi_obstacle,295,B1,unreached_or_fallback_stop,0.26923079535587946,1.892260897516198
narrow_multi_obstacle,295,B2,unreached_or_fallback_stop,0.26923079535587946,1.892260897516198
narrow_multi_obstacle,296,B0,unreached_or_fallback_stop,0.2692307956125436,1.3561791111478974
narrow_multi_obstacle,296,B1,unreached_or_fallback_stop,0.2692307956125436,1.395820956622724
narrow_multi_obstacle,296,B2,unreached_or_fallback_stop,0.2692307956125436,1.395820956622724
narrow_multi_obstacle,297,B0,unreached_or_fallback_stop,0.28205130810752477,0.5024244998861914
narrow_multi_obstacle,297,B1,unreached_or_fallback_stop,0.28205130810752477,0.5945555939532163
narrow_multi_obstacle,297,B2,unreached_or_fallback_stop,0.28205130810752477,0.5945555939532163
narrow_multi_obstacle,297,MIKU,unreached_or_fallback_stop,0.28205130810752477,0.5676535950977973
narrow_multi_obstacle,298,B0,unreached_or_fallback_stop,0.48717951282051286,0.2989615362352198
narrow_multi_obstacle,298,B1,unreached_or_fallback_stop,0.48717951282051286,0.29861295182457415
narrow_multi_obstacle,298,B2,unreached_or_fallback_stop,0.48717951282051286,0.29861295182457415
narrow_multi_obstacle,299,B0,unreached_or_fallback_stop,0.2820513078921997,0.5199162225256726
narrow_multi_obstacle,299,B1,unreached_or_fallback_stop,0.2820513078921997,0.6114175515052692
narrow_multi_obstacle,299,B2,unreached_or_fallback_stop,0.2820513078921997,0.6114175515052692
narrow_multi_obstacle,299,MIKU,unreached_or_fallback_stop,0.2820513078921997,0.5874755060724672
narrow_multi_obstacle,300,B0,unreached_or_fallback_stop,0.2692307950481034,1.2512989237550023
narrow_multi_obstacle,300,B1,unreached_or_fallback_stop,0.2692307950481034,1.2930271433354006
narrow_multi_obstacle,300,B2,unreached_or_fallback_stop,0.2692307950481034,1.2930271433354006
narrow_multi_obstacle,301,B0,unreached_or_fallback_stop,0.6666666923076923,0.27426433899171493
narrow_multi_obstacle,301,B1,unreached_or_fallback_stop,0.6666666923076923,0.2636323682334019
narrow_multi_obstacle,301,B2,unreached_or_fallback_stop,0.6666666923076923,0.2636323682334019
narrow_multi_obstacle,302,B0,unreached_or_fallback_stop,0.24358976924476167,1.7872721722622282
narrow_multi_obstacle,302,B1,unreached_or_fallback_stop,0.24358976924476167,1.7872721722622282
narrow_multi_obstacle,302,B2,unreached_or_fallback_stop,0.24358976924476167,1.7872721722622282
narrow_multi_obstacle,303,B0,unreached_or_fallback_stop,0.24358976928432313,1.3712533280243342
narrow_multi_obstacle,303,B1,unreached_or_fallback_stop,0.24358976928432313,1.411405251723187
narrow_multi_obstacle,303,B2,unreached_or_fallback_stop,0.24358976928432313,1.411405251723187
narrow_multi_obstacle,304,B0,unreached_or_fallback_stop,0.23076925648259644,1.6357933170452215
narrow_multi_obstacle,304,B1,unreached_or_fallback_stop,0.23076925648259644,1.6357933170452215
narrow_multi_obstacle,304,B2,unreached_or_fallback_stop,0.23076925648259644,1.6357933170452215
narrow_multi_obstacle,305,B0,unreached_or_fallback_stop,0.2692307962325904,1.0531867071739585
narrow_multi_obstacle,305,B1,unreached_or_fallback_stop,0.2692307962325904,1.1026395950923178
narrow_multi_obstacle,305,B2,unreached_or_fallback_stop,0.2692307962325904,1.1026395950923178
narrow_multi_obstacle,306,B0,unreached_or_fallback_stop,0.25641028231096663,1.117009932654705
narrow_multi_obstacle,306,B1,unreached_or_fallback_stop,0.25641028231096663,1.1568945791005387
narrow_multi_obstacle,306,B2,unreached_or_fallback_stop,0.25641028231096663,1.1568945791005387
narrow_multi_obstacle,306,MIKU,unreached_or_fallback_stop,0.25641028231096663,1.143819708300923
narrow_multi_obstacle,307,B0,unreached_or_fallback_stop,0.2564102824648513,0.9258493477137137
narrow_multi_obstacle,307,B1,unreached_or_fallback_stop,0.2564102824648513,0.9766400426097398
narrow_multi_obstacle,307,B2,unreached_or_fallback_stop,0.2564102824648513,0.9766400426097398
narrow_multi_obstacle,308,B0,unreached_or_fallback_stop,0.23076925639116944,1.6801712945636669
narrow_multi_obstacle,308,B1,unreached_or_fallback_stop,0.23076925639116944,1.6801712945636669
narrow_multi_obstacle,308,B2,unreached_or_fallback_stop,0.23076925639116944,1.6801712945636669
narrow_multi_obstacle,308,MIKU,unreached_or_fallback_stop,0.23076925639116944,1.6801712945636669
narrow_multi_obstacle,309,B0,unreached_or_fallback_stop,0.28205130850765037,1.228937028283684
narrow_multi_obstacle,309,B1,unreached_or_fallback_stop,0.28205130850765037,1.2698130248108594
narrow_multi_obstacle,309,B2,unreached_or_fallback_stop,0.28205130850765037,1.2698130248108594
narrow_multi_obstacle,309,MIKU,unreached_or_fallback_stop,0.28205130850765037,1.2579450575330378
narrow_multi_obstacle,310,B0,unreached_or_fallback_stop,0.25641028208987965,1.0192307189665342
narrow_multi_obstacle,310,B1,unreached_or_fallback_stop,0.25641028208987965,1.064363134153618
narrow_multi_obstacle,310,B2,unreached_or_fallback_stop,0.25641028208987965,1.064363134153618
narrow_multi_obstacle,310,MIKU,unreached_or_fallback_stop,0.25641028208987965,1.050567258246212
narrow_multi_obstacle,311,B0,unreached_or_fallback_stop,0.2564102822460889,1.8365294694003917
narrow_multi_obstacle,311,B1,unreached_or_fallback_stop,0.2564102822460889,1.8365294694003917
narrow_multi_obstacle,311,B2,unreached_or_fallback_stop,0.2564102822460889,1.8365294694003917
narrow_multi_obstacle,312,B0,unreached_or_fallback_stop,0.28205130814066326,1.520980192782718
narrow_multi_obstacle,312,B1,unreached_or_fallback_stop,0.28205130814066326,1.5560748567490514
narrow_multi_obstacle,312,B2,unreached_or_fallback_stop,0.28205130814066326,1.5560748567490514
narrow_multi_obstacle,312,MIKU,unreached_or_fallback_stop,0.28205130814066326,1.546660017619009
narrow_multi_obstacle,313,B0,unreached_or_fallback_stop,0.26923079495194824,0.7482031876603636
narrow_multi_obstacle,313,B1,unreached_or_fallback_stop,0.26923079495194824,0.8115600905115129
narrow_multi_obstacle,313,B2,unreached_or_fallback_stop,0.26923079495194824,0.8115600905115129
narrow_multi_obstacle,314,B0,unreached_or_fallback_stop,0.269230794997352,1.5126694017359839
narrow_multi_obstacle,314,B1,unreached_or_fallback_stop,0.269230794997352,1.5452578316556114
narrow_multi_obstacle,314,B2,unreached_or_fallback_stop,0.269230794997352,1.5452578316556114
narrow_multi_obstacle,315,B0,unreached_or_fallback_stop,0.2692307949259292,0.9601040808376553
narrow_multi_obstacle,315,B1,unreached_or_fallback_stop,0.2692307949259292,1.0125120056856434
narrow_multi_obstacle,315,B2,unreached_or_fallback_stop,0.2692307949259292,1.0125120056856434
narrow_multi_obstacle,315,MIKU,unreached_or_fallback_stop,0.2692307949259292,0.9984928210186473
narrow_multi_obstacle,316,B0,unreached_or_fallback_stop,0.2435897701719046,1.7237340632146219
narrow_multi_obstacle,316,B1,unreached_or_fallback_stop,0.2435897701719046,1.7237340632146219
narrow_multi_obstacle,316,B2,unreached_or_fallback_stop,0.2435897701719046,1.7237340632146219
narrow_multi_obstacle,317,B0,unreached_or_fallback_stop,0.23076925644060928,1.8763533326680537
narrow_multi_obstacle,317,B1,unreached_or_fallback_stop,0.23076925644060928,1.8763533326680537
narrow_multi_obstacle,317,B2,unreached_or_fallback_stop,0.23076925644060928,1.8763533326680537
narrow_multi_obstacle,318,B0,unreached_or_fallback_stop,0.26923079510934883,0.887463949292635
narrow_multi_obstacle,318,B1,unreached_or_fallback_stop,0.26923079510934883,0.9438454374172592
narrow_multi_obstacle,318,B2,unreached_or_fallback_stop,0.26923079510934883,0.9438454374172592
narrow_multi_obstacle,319,B0,unreached_or_fallback_stop,0.2820513080589463,0.5361966229670206
narrow_multi_obstacle,319,B1,unreached_or_fallback_stop,0.2820513080589463,0.626690505963371
narrow_multi_obstacle,319,B2,unreached_or_fallback_stop,0.2820513080589463,0.626690505963371
narrow_multi_obstacle,319,MIKU,unreached_or_fallback_stop,0.4743590000438518,0.241334880612043
narrow_multi_obstacle,320,B0,unreached_or_fallback_stop,0.43589746226752296,0.2991294000662621
narrow_multi_obstacle,320,B1,unreached_or_fallback_stop,0.43589746226752296,0.2991294000662621
narrow_multi_obstacle,320,B2,unreached_or_fallback_stop,0.43589746226752296,0.2991294000662621
narrow_multi_obstacle,321,B0,unreached_or_fallback_stop,0.24358976963595927,1.74179533783314
narrow_multi_obstacle,321,B1,unreached_or_fallback_stop,0.24358976963595927,1.74179533783314
narrow_multi_obstacle,321,B2,unreached_or_fallback_stop,0.24358976963595927,1.74179533783314
narrow_multi_obstacle,322,B0,unreached_or_fallback_stop,0.26923079493672436,1.1749212299572882
narrow_multi_obstacle,322,B1,unreached_or_fallback_stop,0.26923079493672436,1.2211303474515947
narrow_multi_obstacle,322,B2,unreached_or_fallback_stop,0.26923079493672436,1.2211303474515947
narrow_multi_obstacle,322,MIKU,unreached_or_fallback_stop,0.4358974621461898,0.2710499111062006
narrow_multi_obstacle,323,B0,unreached_or_fallback_stop,0.2820513079896737,0.5501773843214725
narrow_multi_obstacle,323,B1,unreached_or_fallback_stop,0.2820513079896737,0.6405375143663589
narrow_multi_obstacle,323,B2,unreached_or_fallback_stop,0.2820513079896737,0.6405375143663589
narrow_multi_obstacle,324,B0,unreached_or_fallback_stop,0.2564102831012775,1.0991193766735792
narrow_multi_obstacle,324,B1,unreached_or_fallback_stop,0.2564102831012775,1.1443429960204006
narrow_multi_obstacle,324,B2,unreached_or_fallback_stop,0.2564102831012775,1.1443429960204006
narrow_multi_obstacle,324,MIKU,unreached_or_fallback_stop,0.2564102831012775,1.128147930666605
narrow_multi_obstacle,325,B0,unreached_or_fallback_stop,0.2564102825508269,1.1307675668331387
narrow_multi_obstacle,325,B1,unreached_or_fallback_stop,0.2564102825508269,1.1742421012317152
narrow_multi_obstacle,325,B2,unreached_or_fallback_stop,0.2564102825508269,1.1742421012317152
narrow_multi_obstacle,325,MIKU,unreached_or_fallback_stop,0.2564102825508269,1.1593602783696704
narrow_multi_obstacle,326,B0,unreached_or_fallback_stop,0.2820513085121724,1.60276382318553
narrow_multi_obstacle,326,B1,unreached_or_fallback_stop,0.2820513085121724,1.60276382318553
narrow_multi_obstacle,326,B2,unreached_or_fallback_stop,0.2820513085121724,1.60276382318553
narrow_multi_obstacle,326,MIKU,unreached_or_fallback_stop,0.679487205128205,0.20965385014347349
narrow_multi_obstacle,327,B0,unreached_or_fallback_stop,0.24358976932596468,1.2026974873199867
narrow_multi_obstacle,327,B1,unreached_or_fallback_stop,0.24358976932596468,1.245543169847305
narrow_multi_obstacle,327,B2,unreached_or_fallback_stop,0.24358976932596468,1.245543169847305
narrow_multi_obstacle,327,MIKU,unreached_or_fallback_stop,0.24358976932596468,1.2325521071154002
narrow_multi_obstacle,328,B0,unreached_or_fallback_stop,0.2820513079554148,0.5875138845715026
narrow_multi_obstacle,328,B1,unreached_or_fallback_stop,0.2820513079554148,0.6670463142977369
narrow_multi_obstacle,328,B2,unreached_or_fallback_stop,0.2820513079554148,0.6670463142977369
narrow_multi_obstacle,329,B0,unreached_or_fallback_stop,0.2820513087930762,0.982059091888292
narrow_multi_obstacle,329,B1,unreached_or_fallback_stop,0.2820513087930762,1.0316118690567622
narrow_multi_obstacle,329,B2,unreached_or_fallback_stop,0.2820513087930762,1.0316118690567622
narrow_multi_obstacle,329,MIKU,unreached_or_fallback_stop,0.2820513087930762,1.013605703734473
narrow_multi_obstacle,330,B0,unreached_or_fallback_stop,0.4487179744558779,0.29931347348272963
narrow_multi_obstacle,330,B1,unreached_or_fallback_stop,0.4487179744558779,0.29931347348272963
narrow_multi_obstacle,330,B2,unreached_or_fallback_stop,0.4487179744558779,0.29931347348272963
narrow_multi_obstacle,330,MIKU,unreached_or_fallback_stop,0.4487179744558779,0.2930666191609752
narrow_multi_obstacle,331,B0,unreached_or_fallback_stop,0.6923077179487179,0.28167406496257813
narrow_multi_obstacle,331,B1,unreached_or_fallback_stop,0.6923077179487179,0.27676514459982143
narrow_multi_obstacle,331,B2,unreached_or_fallback_stop,0.6923077179487179,0.27676514459982143
narrow_multi_obstacle,332,B0,unreached_or_fallback_stop,0.2564102822424433,1.5409414906699284
narrow_multi_obstacle,332,B1,unreached_or_fallback_stop,0.2564102822424433,1.5409414906699284
narrow_multi_obstacle,332,B2,unreached_or_fallback_stop,0.2564102822424433,1.5409414906699284
narrow_multi_obstacle,333,B0,unreached_or_fallback_stop,0.6538461794871794,0.29514904202742165
narrow_multi_obstacle,333,B1,unreached_or_fallback_stop,0.6538461794871794,0.29514904202742165
narrow_multi_obstacle,333,B2,unreached_or_fallback_stop,0.6538461794871794,0.29514904202742165
narrow_multi_obstacle,334,B0,unreached_or_fallback_stop,0.28205130791382876,1.532543247844691
narrow_multi_obstacle,334,B1,unreached_or_fallback_stop,0.28205130791382876,1.5676988132438137
narrow_multi_obstacle,334,B2,unreached_or_fallback_stop,0.28205130791382876,1.5676988132438137
narrow_multi_obstacle,335,B0,unreached_or_fallback_stop,0.25641028344240735,1.6478215378760404
narrow_multi_obstacle,335,B1,unreached_or_fallback_stop,0.25641028344240735,1.6478215378760404
narrow_multi_obstacle,335,B2,unreached_or_fallback_stop,0.25641028344240735,1.6478215378760404
narrow_multi_obstacle,336,B0,unreached_or_fallback_stop,0.24358976924939718,1.414166148723379
narrow_multi_obstacle,336,B1,unreached_or_fallback_stop,0.24358976924939718,1.4501541324226932
narrow_multi_obstacle,336,B2,unreached_or_fallback_stop,0.24358976924939718,1.4501541324226932
narrow_multi_obstacle,337,B0,unreached_or_fallback_stop,0.26923079548590384,0.7762591288097784
narrow_multi_obstacle,337,B1,unreached_or_fallback_stop,0.26923079548590384,0.8393998832440488
narrow_multi_obstacle,337,B2,unreached_or_fallback_stop,0.26923079548590384,0.8393998832440488
narrow_multi_obstacle,338,B0,unreached_or_fallback_stop,0.26923079514790954,0.5708417156830659
narrow_multi_obstacle,338,B1,unreached_or_fallback_stop,0.26923079514790954,0.6513824342524306
narrow_multi_obstacle,338,B2,unreached_or_fallback_stop,0.26923079514790954,0.6513824342524306
narrow_multi_obstacle,339,B0,unreached_or_fallback_stop,0.4615384871794872,0.27436728833322005
narrow_multi_obstacle,339,B1,unreached_or_fallback_stop,0.4615384871794872,0.26275697170985435
narrow_multi_obstacle,339,B2,unreached_or_fallback_stop,0.4615384871794872,0.26275697170985435
narrow_multi_obstacle,340,B0,unreached_or_fallback_stop,0.2435897694536984,1.5925279397767995
narrow_multi_obstacle,340,B1,unreached_or_fallback_stop,0.2435897694536984,1.5925279397767995
narrow_multi_obstacle,340,B2,unreached_or_fallback_stop,0.2435897694536984,1.5925279397767995
narrow_multi_obstacle,341,B0,unreached_or_fallback_stop,0.25641028226837886,1.1509838465347175
narrow_multi_obstacle,341,B1,unreached_or_fallback_stop,0.25641028226837886,1.1951525698019465
narrow_multi_obstacle,341,B2,unreached_or_fallback_stop,0.25641028226837886,1.1951525698019465
narrow_multi_obstacle,342,B0,unreached_or_fallback_stop,0.2820513080403268,0.7541961012665279
narrow_multi_obstacle,342,B1,unreached_or_fallback_stop,0.2820513080403268,0.8194913356105602
narrow_multi_obstacle,342,B2,unreached_or_fallback_stop,0.2820513080403268,0.8194913356105602
narrow_multi_obstacle,342,MIKU,unreached_or_fallback_stop,0.2820513080403268,0.7993643798632823
narrow_multi_obstacle,343,B0,unreached_or_fallback_stop,0.25641028291559514,1.160703870020554
narrow_multi_obstacle,343,B1,unreached_or_fallback_stop,0.25641028291559514,1.2003275357168304
narrow_multi_obstacle,343,B2,unreached_or_fallback_stop,0.25641028291559514,1.2003275357168304
narrow_multi_obstacle,344,B0,unreached_or_fallback_stop,0.2692307950508839,1.5533562108589996
narrow_multi_obstacle,344,B1,unreached_or_fallback_stop,0.2692307950508839,1.5533562108589996
narrow_multi_obstacle,344,B2,unreached_or_fallback_stop,0.2692307950508839,1.5533562108589996
narrow_multi_obstacle,345,B0,unreached_or_fallback_stop,0.47435900000000003,0.28289491830170127
narrow_multi_obstacle,345,B1,unreached_or_fallback_stop,0.47435900000000003,0.2763407595727019
narrow_multi_obstacle,345,B2,unreached_or_fallback_stop,0.47435900000000003,0.2763407595727019
narrow_multi_obstacle,345,MIKU,unreached_or_fallback_stop,0.47435900000000003,0.21873904748651773
narrow_multi_obstacle,346,B0,unreached_or_fallback_stop,0.2692307956880662,1.3314134250823992
narrow_multi_obstacle,346,B1,unreached_or_fallback_stop,0.2692307956880662,1.371323013490367
narrow_multi_obstacle,346,B2,unreached_or_fallback_stop,0.2692307956880662,1.371323013490367
narrow_multi_obstacle,347,B0,unreached_or_fallback_stop,0.23076925637100537,1.6086316841047523
narrow_multi_obstacle,347,B1,unreached_or_fallback_stop,0.23076925637100537,1.6086316841047523
narrow_multi_obstacle,347,B2,unreached_or_fallback_stop,0.23076925637100537,1.6086316841047523
narrow_multi_obstacle,347,MIKU,unreached_or_fallback_stop,0.23076925637100537,1.6086316841047523
narrow_multi_obstacle,348,B0,unreached_or_fallback_stop,0.28205130824898234,1.1024099417956554
narrow_multi_obstacle,348,B1,unreached_or_fallback_stop,0.28205130824898234,1.1497520231661118
narrow_multi_obstacle,348,B2,unreached_or_fallback_stop,0.28205130824898234,1.1497520231661118
narrow_multi_obstacle,349,B0,unreached_or_fallback_stop,0.47435900000000003,0.27386007319913963
narrow_multi_obstacle,349,B1,unreached_or_fallback_stop,0.47435900000000003,0.26659995360825417
narrow_multi_obstacle,349,B2,unreached_or_fallback_stop,0.47435900000000003,0.26659995360825417
narrow_multi_obstacle,349,MIKU,unreached_or_fallback_stop,0.47435900000000003,0.21028653831889543
narrow_multi_obstacle,350,B0,unreached_or_fallback_stop,0.43589746153846154,0.29532436883294794
narrow_multi_obstacle,350,B1,unreached_or_fallback_stop,0.43589746153846154,0.29532436883294794
narrow_multi_obstacle,350,B2,unreached_or_fallback_stop,0.43589746153846154,0.29532436883294794
narrow_multi_obstacle,351,B0,unreached_or_fallback_stop,0.2564102822119735,0.9882080498808354
narrow_multi_obstacle,351,B1,unreached_or_fallback_stop,0.2564102822119735,1.0361913623520238
narrow_multi_obstacle,351,B2,unreached_or_fallback_stop,0.2564102822119735,1.0361913623520238
narrow_multi_obstacle,352,B0,unreached_or_fallback_stop,0.28205130844487375,0.5534924707156028
narrow_multi_obstacle,352,B1,unreached_or_fallback_stop,0.28205130844487375,0.6388521429869055
narrow_multi_obstacle,352,B2,unreached_or_fallback_stop,0.28205130844487375,0.6388521429869055
narrow_multi_obstacle,353,B0,unreached_or_fallback_stop,0.2692307950875632,0.5876538115438696
narrow_multi_obstacle,353,B1,unreached_or_fallback_stop,0.2692307950875632,0.6695960742305592
narrow_multi_obstacle,353,B2,unreached_or_fallback_stop,0.2692307950875632,0.6695960742305592
narrow_multi_obstacle,354,B0,unreached_or_fallback_stop,0.4743589922762364,0.29781254345710595
narrow_multi_obstacle,354,B1,unreached_or_fallback_stop,0.4743589922762364,0.29781254345710595
narrow_multi_obstacle,354,B2,unreached_or_fallback_stop,0.4743589922762364,0.29781254345710595
narrow_multi_obstacle,354,MIKU,unreached_or_fallback_stop,0.4743589922762364,0.24365234161242055
narrow_multi_obstacle,355,B0,unreached_or_fallback_stop,0.2564102825044984,1.4499893486585262
narrow_multi_obstacle,355,B1,unreached_or_fallback_stop,0.2564102825044984,1.4869925370740686
narrow_multi_obstacle,355,B2,unreached_or_fallback_stop,0.2564102825044984,1.4869925370740686
narrow_multi_obstacle,356,B0,unreached_or_fallback_stop,0.26923079520904925,0.7282199721526565
narrow_multi_obstacle,356,B1,unreached_or_fallback_stop,0.26923079520904925,0.8019510994240402
narrow_multi_obstacle,356,B2,unreached_or_fallback_stop,0.26923079520904925,0.8019510994240402
narrow_multi_obstacle,357,B0,unreached_or_fallback_stop,0.2692307955390858,1.2811812304014838
narrow_multi_obstacle,357,B1,unreached_or_fallback_stop,0.2692307955390858,1.3200586810417603
narrow_multi_obstacle,357,B2,unreached_or_fallback_stop,0.2692307955390858,1.3200586810417603
narrow_multi_obstacle,357,MIKU,unreached_or_fallback_stop,0.2692307955390858,1.3053859976412543
narrow_multi_obstacle,358,B0,unreached_or_fallback_stop,0.2692307950832838,1.2435828709561263
narrow_multi_obstacle,358,B1,unreached_or_fallback_stop,0.2692307950832838,1.282678272911393
narrow_multi_obstacle,358,B2,unreached_or_fallback_stop,0.2692307950832838,1.282678272911393
narrow_multi_obstacle,358,MIKU,unreached_or_fallback_stop,0.2692307950832838,1.2715951778161239
narrow_multi_obstacle,359,B0,unreached_or_fallback_stop,0.4615384872380145,0.2998315787320045
narrow_multi_obstacle,359,B1,unreached_or_fallback_stop,0.4615384872380145,0.30000000000000004
narrow_multi_obstacle,359,B2,unreached_or_fallback_stop,0.4615384872380145,0.30000000000000004
narrow_multi_obstacle,360,B0,unreached_or_fallback_stop,0.46153848794750163,0.29571801632804706
narrow_multi_obstacle,360,B1,unreached_or_fallback_stop,0.46153848794750163,0.29571801632804706
narrow_multi_obstacle,360,B2,unreached_or_fallback_stop,0.46153848794750163,0.29571801632804706
narrow_multi_obstacle,360,MIKU,unreached_or_fallback_stop,0.6538461794871794,0.2230288638451139
narrow_multi_obstacle,361,B0,unreached_or_fallback_stop,0.2692307950628378,0.9079697626519605
narrow_multi_obstacle,361,B1,unreached_or_fallback_stop,0.2692307950628378,0.9659809669392949
narrow_multi_obstacle,361,B2,unreached_or_fallback_stop,0.2692307950628378,0.9659809669392949
narrow_multi_obstacle,362,B0,unreached_or_fallback_stop,0.2820513078939423,1.5838342925581463
narrow_multi_obstacle,362,B1,unreached_or_fallback_stop,0.2820513078939423,1.5838342925581463
narrow_multi_obstacle,362,B2,unreached_or_fallback_stop,0.2820513078939423,1.5838342925581463
narrow_multi_obstacle,363,B0,unreached_or_fallback_stop,0.25641028211089745,1.7533998140987446
narrow_multi_obstacle,363,B1,unreached_or_fallback_stop,0.25641028211089745,1.7533998140987446
narrow_multi_obstacle,363,B2,unreached_or_fallback_stop,0.25641028211089745,1.7533998140987446
narrow_multi_obstacle,364,B0,unreached_or_fallback_stop,0.28205130858077015,0.781747686791594
narrow_multi_obstacle,364,B1,unreached_or_fallback_stop,0.28205130858077015,0.8454507258950641
narrow_multi_obstacle,364,B2,unreached_or_fallback_stop,0.28205130858077015,0.8454507258950641
narrow_multi_obstacle,364,MIKU,unreached_or_fallback_stop,0.6666666923076923,0.25043388751419626
narrow_multi_obstacle,365,B0,unreached_or_fallback_stop,0.2692307955103422,1.1040331729199502
narrow_multi_obstacle,365,B1,unreached_or_fallback_stop,0.2692307955103422,1.1529948991360424
narrow_multi_obstacle,365,B2,unreached_or_fallback_stop,0.2692307955103422,1.1529948991360424
narrow_multi_obstacle,365,MIKU,unreached_or_fallback_stop,0.48717951282051286,0.2153773039587048
narrow_multi_obstacle,366,B0,unreached_or_fallback_stop,0.25641028275434236,1.1018354101590897
narrow_multi_obstacle,366,B1,unreached_or_fallback_stop,0.25641028275434236,1.1465693860243762
narrow_multi_obstacle,366,B2,unreached_or_fallback_stop,0.25641028275434236,1.1465693860243762
narrow_multi_obstacle,366,MIKU,unreached_or_fallback_stop,0.25641028275434236,1.1301925128160768
narrow_multi_obstacle,367,B0,unreached_or_fallback_stop,0.26923079573869474,1.0509136950020896
narrow_multi_obstacle,367,B1,unreached_or_fallback_stop,0.26923079573869474,1.0978535186173206
narrow_multi_obstacle,367,B2,unreached_or_fallback_stop,0.26923079573869474,1.0978535186173206
narrow_multi_obstacle,367,MIKU,unreached_or_fallback_stop,0.26923079573869474,1.0798067416252297
narrow_multi_obstacle,368,B0,unreached_or_fallback_stop,0.2820513078217047,1.0606170392735672
narrow_multi_obstacle,368,B1,unreached_or_fallback_stop,0.2820513078217047,1.1097361958533158
narrow_multi_obstacle,368,B2,unreached_or_fallback_stop,0.2820513078217047,1.1097361958533158
narrow_multi_obstacle,369,B0,unreached_or_fallback_stop,0.24358976946115346,1.1880641714603648
narrow_multi_obstacle,369,B1,unreached_or_fallback_stop,0.24358976946115346,1.2334137404729466
narrow_multi_obstacle,369,B2,unreached_or_fallback_stop,0.24358976946115346,1.2334137404729466
narrow_multi_obstacle,370,B0,unreached_or_fallback_stop,0.26923079629953267,0.5822304297292314
narrow_multi_obstacle,370,B1,unreached_or_fallback_stop,0.26923079629953267,0.672067413020832
narrow_multi_obstacle,370,B2,unreached_or_fallback_stop,0.26923079629953267,0.672067413020832
narrow_multi_obstacle,371,B0,unreached_or_fallback_stop,0.4615384879490405,0.2898817430339417
narrow_multi_obstacle,371,B1,unreached_or_fallback_stop,0.4615384879490405,0.28532355684770005
narrow_multi_obstacle,371,B2,unreached_or_fallback_stop,0.4615384879490405,0.28532355684770005
narrow_multi_obstacle,372,B0,unreached_or_fallback_stop,0.28205130862261557,1.1653829774398767
narrow_multi_obstacle,372,B1,unreached_or_fallback_stop,0.28205130862261557,1.2053217176648432
narrow_multi_obstacle,372,B2,unreached_or_fallback_stop,0.28205130862261557,1.2053217176648432
narrow_multi_obstacle,373,B0,unreached_or_fallback_stop,0.26923079563932145,1.1545492802325739
narrow_multi_obstacle,373,B1,unreached_or_fallback_stop,0.26923079563932145,1.2004946030222965
narrow_multi_obstacle,373,B2,unreached_or_fallback_stop,0.26923079563932145,1.2004946030222965
narrow_multi_obstacle,374,B0,unreached_or_fallback_stop,0.28205130819792007,0.5015647932379423
narrow_multi_obstacle,374,B1,unreached_or_fallback_stop,0.28205130819792007,0.5938620257984959
narrow_multi_obstacle,374,B2,unreached_or_fallback_stop,0.28205130819792007,0.5938620257984959
narrow_multi_obstacle,375,B0,unreached_or_fallback_stop,0.679487205128205,0.29109201912951366
narrow_multi_obstacle,375,B1,unreached_or_fallback_stop,0.679487205128205,0.2881399259059341
narrow_multi_obstacle,375,B2,unreached_or_fallback_stop,0.679487205128205,0.2881399259059341
narrow_multi_obstacle,376,B0,unreached_or_fallback_stop,0.2307692564006134,1.671606527974027
narrow_multi_obstacle,376,B1,unreached_or_fallback_stop,0.2307692564006134,1.671606527974027
narrow_multi_obstacle,376,B2,unreached_or_fallback_stop,0.2307692564006134,1.671606527974027
narrow_multi_obstacle,376,MIKU,unreached_or_fallback_stop,0.679487205128205,0.19134585495014117
narrow_multi_obstacle,377,B0,unreached_or_fallback_stop,0.2692307955866808,1.8892965564611484
narrow_multi_obstacle,377,B1,unreached_or_fallback_stop,0.2692307955866808,1.8892965564611484
narrow_multi_obstacle,377,B2,unreached_or_fallback_stop,0.2692307955866808,1.8892965564611484
narrow_multi_obstacle,378,B0,unreached_or_fallback_stop,0.2692307954375465,1.1036694721603784
narrow_multi_obstacle,378,B1,unreached_or_fallback_stop,0.2692307954375465,1.152757510793793
narrow_multi_obstacle,378,B2,unreached_or_fallback_stop,0.2692307954375465,1.152757510793793
narrow_multi_obstacle,379,B0,unreached_or_fallback_stop,0.47435900000000003,0.28974678331127873
narrow_multi_obstacle,379,B1,unreached_or_fallback_stop,0.47435900000000003,0.28723757256683824
narrow_multi_obstacle,379,B2,unreached_or_fallback_stop,0.47435900000000003,0.28723757256683824
narrow_multi_obstacle,380,B0,unreached_or_fallback_stop,0.28205130790515004,1.3575909539292184
narrow_multi_obstacle,380,B1,unreached_or_fallback_stop,0.28205130790515004,1.3956409973029005
narrow_multi_obstacle,380,B2,unreached_or_fallback_stop,0.28205130790515004,1.3956409973029005
narrow_multi_obstacle,380,MIKU,unreached_or_fallback_stop,0.48717951286456657,0.24321882794282224
narrow_multi_obstacle,381,B0,unreached_or_fallback_stop,0.2820513082609924,0.708846330829402
narrow_multi_obstacle,381,B1,unreached_or_fallback_stop,0.2820513082609924,0.7805461876155226
narrow_multi_obstacle,381,B2,unreached_or_fallback_stop,0.2820513082609924,0.7805461876155226
narrow_multi_obstacle,382,B0,unreached_or_fallback_stop,0.24358976951043723,1.5253424213885656
narrow_multi_obstacle,382,B1,unreached_or_fallback_stop,0.24358976951043723,1.5575711539416046
narrow_multi_obstacle,382,B2,unreached_or_fallback_stop,0.24358976951043723,1.5575711539416046
narrow_multi_obstacle,382,MIKU,unreached_or_fallback_stop,0.24358976951043723,1.5474908471154842
narrow_multi_obstacle,383,B0,unreached_or_fallback_stop,0.26923079496265906,0.7118780364247066
narrow_multi_obstacle,383,B1,unreached_or_fallback_stop,0.26923079496265906,0.7801813711052473
narrow_multi_obstacle,383,B2,unreached_or_fallback_stop,0.26923079496265906,0.7801813711052473
narrow_multi_obstacle,384,B0,unreached_or_fallback_stop,0.679487205128205,0.2950848064748395
narrow_multi_obstacle,384,B1,unreached_or_fallback_stop,0.679487205128205,0.2919680293637539
narrow_multi_obstacle,384,B2,unreached_or_fallback_stop,0.679487205128205,0.2919680293637539
narrow_multi_obstacle,385,B0,unreached_or_fallback_stop,0.2435897693309179,1.317021105892622
narrow_multi_obstacle,385,B1,unreached_or_fallback_stop,0.2435897693309179,1.3548222515215158
narrow_multi_obstacle,385,B2,unreached_or_fallback_stop,0.2435897693309179,1.3548222515215158
narrow_multi_obstacle,386,B0,unreached_or_fallback_stop,0.269230796288087,0.7574653649279758
narrow_multi_obstacle,386,B1,unreached_or_fallback_stop,0.269230796288087,0.823320300967907
narrow_multi_obstacle,386,B2,unreached_or_fallback_stop,0.269230796288087,0.823320300967907
narrow_multi_obstacle,386,MIKU,unreached_or_fallback_stop,0.44871797435897437,0.21079373221101338
narrow_multi_obstacle,387,B0,unreached_or_fallback_stop,0.44871797435897437,0.28626298636828235
narrow_multi_obstacle,387,B1,unreached_or_fallback_stop,0.44871797435897437,0.28122979207632676
narrow_multi_obstacle,387,B2,unreached_or_fallback_stop,0.44871797435897437,0.28122979207632676
narrow_multi_obstacle,388,B0,unreached_or_fallback_stop,0.4615384871794872,0.28452118834097884
narrow_multi_obstacle,388,B1,unreached_or_fallback_stop,0.4615384871794872,0.2801282303711753
narrow_multi_obstacle,388,B2,unreached_or_fallback_stop,0.4615384871794872,0.2801282303711753
narrow_multi_obstacle,389,B0,unreached_or_fallback_stop,0.2564102831271248,1.2892859644002939
narrow_multi_obstacle,389,B1,unreached_or_fallback_stop,0.2564102831271248,1.32773580419443
narrow_multi_obstacle,389,B2,unreached_or_fallback_stop,0.2564102831271248,1.32773580419443
narrow_multi_obstacle,390,B0,unreached_or_fallback_stop,0.44871797435897437,0.2895751301895044
narrow_multi_obstacle,390,B1,unreached_or_fallback_stop,0.44871797435897437,0.2870479691277674
narrow_multi_obstacle,390,B2,unreached_or_fallback_stop,0.44871797435897437,0.2870479691277674
narrow_multi_obstacle,391,B0,unreached_or_fallback_stop,0.28205130813937124,0.5254505703744267
narrow_multi_obstacle,391,B1,unreached_or_fallback_stop,0.28205130813937124,0.6163794872686388
narrow_multi_obstacle,391,B2,unreached_or_fallback_stop,0.28205130813937124,0.6163794872686388
narrow_multi_obstacle,392,B0,unreached_or_fallback_stop,0.26923079509869363,1.5989873627919025
narrow_multi_obstacle,392,B1,unreached_or_fallback_stop,0.26923079509869363,1.5989873627919025
narrow_multi_obstacle,392,B2,unreached_or_fallback_stop,0.26923079509869363,1.5989873627919025
narrow_multi_obstacle,393,B0,unreached_or_fallback_stop,0.47435900000000003,0.28537296478519636
narrow_multi_obstacle,393,B1,unreached_or_fallback_stop,0.47435900000000003,0.2776530728378419
narrow_multi_obstacle,393,B2,unreached_or_fallback_stop,0.47435900000000003,0.2776530728378419
narrow_multi_obstacle,394,B0,unreached_or_fallback_stop,0.2564102823013582,0.8516658197911
narrow_multi_obstacle,394,B1,unreached_or_fallback_stop,0.2564102823013582,0.9101390153160849
narrow_multi_obstacle,394,B2,unreached_or_fallback_stop,0.2564102823013582,0.9101390153160849
narrow_multi_obstacle,395,B0,unreached_or_fallback_stop,0.26923079546966017,0.5960402649155658
narrow_multi_obstacle,395,B1,unreached_or_fallback_stop,0.26923079546966017,0.6802642591340711
narrow_multi_obstacle,395,B2,unreached_or_fallback_stop,0.26923079546966017,0.6802642591340711
narrow_multi_obstacle,395,MIKU,unreached_or_fallback_stop,0.26923079546966017,0.6527051872043488
narrow_multi_obstacle,396,B0,unreached_or_fallback_stop,0.28205130839733505,1.5684252026115664
narrow_multi_obstacle,396,B1,unreached_or_fallback_stop,0.28205130839733505,1.6017834831586022
narrow_multi_obstacle,396,B2,unreached_or_fallback_stop,0.28205130839733505,1.6017834831586022
narrow_multi_obstacle,397,B0,unreached_or_fallback_stop,0.2564102827320203,1.491201380719698
narrow_multi_obstacle,397,B1,unreached_or_fallback_stop,0.2564102827320203,1.5258925492456508
narrow_multi_obstacle,397,B2,unreached_or_fallback_stop,0.2564102827320203,1.5258925492456508
narrow_multi_obstacle,398,B0,unreached_or_fallback_stop,0.26923079598198985,0.6580663368824181
narrow_multi_obstacle,398,B1,unreached_or_fallback_stop,0.26923079598198985,0.7291420008050424
narrow_multi_obstacle,398,B2,unreached_or_fallback_stop,0.26923079598198985,0.7291420008050424
narrow_multi_obstacle,398,MIKU,unreached_or_fallback_stop,0.26923079598198985,0.7037917332342257
narrow_multi_obstacle,399,B0,unreached_or_fallback_stop,0.4615384869818185,0.2805953404512107
narrow_multi_obstacle,399,B1,unreached_or_fallback_stop,0.4615384869818185,0.27555560996931683
narrow_multi_obstacle,399,B2,unreached_or_fallback_stop,0.4615384869818185,0.27555560996931683
narrow_multi_obstacle,400,B0,unreached_or_fallback_stop,0.2692307951174801,0.5862937998761585
narrow_multi_obstacle,400,B1,unreached_or_fallback_stop,0.2692307951174801,0.6678424494618832
narrow_multi_obstacle,400,B2,unreached_or_fallback_stop,0.2692307951174801,0.6678424494618832
narrow_multi_obstacle,401,B0,unreached_or_fallback_stop,0.47435900000000003,0.29543238399009775
narrow_multi_obstacle,401,B1,unreached_or_fallback_stop,0.47435900000000003,0.2923484015403543
narrow_multi_obstacle,401,B2,unreached_or_fallback_stop,0.47435900000000003,0.2923484015403543
narrow_multi_obstacle,402,B0,unreached_or_fallback_stop,0.26923079639941266,0.628471831955656
narrow_multi_obstacle,402,B1,unreached_or_fallback_stop,0.26923079639941266,0.7145417211833994
narrow_multi_obstacle,402,B2,unreached_or_fallback_stop,0.26923079639941266,0.7145417211833994
narrow_multi_obstacle,403,B0,unreached_or_fallback_stop,0.26923079633270625,0.6372469606586929
narrow_multi_obstacle,403,B1,unreached_or_fallback_stop,0.26923079633270625,0.7145816544139588
narrow_multi_obstacle,403,B2,unreached_or_fallback_stop,0.26923079633270625,0.7145816544139588
narrow_multi_obstacle,404,B0,unreached_or_fallback_stop,0.25641028207940597,1.2546166149975806
narrow_multi_obstacle,404,B1,unreached_or_fallback_stop,0.25641028207940597,1.294298181444789
narrow_multi_obstacle,404,B2,unreached_or_fallback_stop,0.25641028207940597,1.294298181444789
narrow_multi_obstacle,404,MIKU,unreached_or_fallback_stop,0.47435899056389036,0.23599117791761706
narrow_multi_obstacle,405,B0,unreached_or_fallback_stop,0.26923079512518694,0.9987777955932647
narrow_multi_obstacle,405,B1,unreached_or_fallback_stop,0.26923079512518694,1.0486292482561714
narrow_multi_obstacle,405,B2,unreached_or_fallback_stop,0.26923079512518694,1.0486292482561714
narrow_multi_obstacle,406,B0,unreached_or_fallback_stop,0.4615384871794872,0.28521129591654204
narrow_multi_obstacle,406,B1,unreached_or_fallback_stop,0.4615384871794872,0.279740427522305
narrow_multi_obstacle,406,B2,unreached_or_fallback_stop,0.4615384871794872,0.279740427522305
narrow_multi_obstacle,407,B0,unreached_or_fallback_stop,0.26923079492613594,1.2863991119678433
narrow_multi_obstacle,407,B1,unreached_or_fallback_stop,0.26923079492613594,1.3258774376242861
narrow_multi_obstacle,407,B2,unreached_or_fallback_stop,0.26923079492613594,1.3258774376242861
narrow_multi_obstacle,407,MIKU,unreached_or_fallback_stop,0.4743590009370537,0.22942323698834943
narrow_multi_obstacle,408,B0,unreached_or_fallback_stop,0.679487205128205,0.2824640908083485
narrow_multi_obstacle,408,B1,unreached_or_fallback_stop,0.679487205128205,0.27602109830971716
narrow_multi_obstacle,408,B2,unreached_or_fallback_stop,0.679487205128205,0.27602109830971716
narrow_multi_obstacle,409,B0,unreached_or_fallback_stop,0.2820513094138069,0.6537513136784662
narrow_multi_obstacle,409,B1,unreached_or_fallback_stop,0.2820513094138069,0.7320467734834414
narrow_multi_obstacle,409,B2,unreached_or_fallback_stop,0.2820513094138069,0.7320467734834414
narrow_multi_obstacle,410,B0,unreached_or_fallback_stop,0.26923079553416446,1.3321571495586328
narrow_multi_obstacle,410,B1,unreached_or_fallback_stop,0.26923079553416446,1.3699290625629654
narrow_multi_obstacle,410,B2,unreached_or_fallback_stop,0.26923079553416446,1.3699290625629654
narrow_multi_obstacle,410,MIKU,unreached_or_fallback_stop,0.26923079553416446,1.359223427545699
narrow_multi_obstacle,411,B0,unreached_or_fallback_stop,0.2692307954843128,1.5654881992546252
narrow_multi_obstacle,411,B1,unreached_or_fallback_stop,0.2692307954843128,1.5654881992546252
narrow_multi_obstacle,411,B2,unreached_or_fallback_stop,0.2692307954843128,1.5654881992546252
narrow_multi_obstacle,412,B0,unreached_or_fallback_stop,0.28205130912625476,0.9531563334369774
narrow_multi_obstacle,412,B1,unreached_or_fallback_stop,0.28205130912625476,0.9996517855957388
narrow_multi_obstacle,412,B2,unreached_or_fallback_stop,0.28205130912625476,0.9996517855957388
narrow_multi_obstacle,412,MIKU,unreached_or_fallback_stop,0.28205130912625476,0.9834973521766509
narrow_multi_obstacle,413,B0,unreached_or_fallback_stop,0.2692307957650083,0.6420547822358944
narrow_multi_obstacle,413,B1,unreached_or_fallback_stop,0.2692307957650083,0.7185571097286874
narrow_multi_obstacle,413,B2,unreached_or_fallback_stop,0.2692307957650083,0.7185571097286874
narrow_multi_obstacle,414,B0,unreached_or_fallback_stop,0.2692307956264548,0.6986107074759901
narrow_multi_obstacle,414,B1,unreached_or_fallback_stop,0.2692307956264548,0.77014029810038
narrow_multi_obstacle,414,B2,unreached_or_fallback_stop,0.2692307956264548,0.77014029810038
narrow_multi_obstacle,414,MIKU,unreached_or_fallback_stop,0.47435900000000003,0.2209062143459288
narrow_multi_obstacle,415,B0,unreached_or_fallback_stop,0.2692307956552248,1.291021721968112
narrow_multi_obstacle,415,B1,unreached_or_fallback_stop,0.2692307956552248,1.3309850458146608
narrow_multi_obstacle,415,B2,unreached_or_fallback_stop,0.2692307956552248,1.3309850458146608
narrow_multi_obstacle,416,B0,unreached_or_fallback_stop,0.28205130879854234,0.5019876237473025
narrow_multi_obstacle,416,B1,unreached_or_fallback_stop,0.28205130879854234,0.5939211686752491
narrow_multi_obstacle,416,B2,unreached_or_fallback_stop,0.28205130879854234,0.5939211686752491
narrow_multi_obstacle,417,B0,unreached_or_fallback_stop,0.26923079580521997,0.6353870612128503
narrow_multi_obstacle,417,B1,unreached_or_fallback_stop,0.26923079580521997,0.7210891433077117
narrow_multi_obstacle,417,B2,unreached_or_fallback_stop,0.26923079580521997,0.7210891433077117
narrow_multi_obstacle,418,B0,unreached_or_fallback_stop,0.2692307953216444,1.319447705195205
narrow_multi_obstacle,418,B1,unreached_or_fallback_stop,0.2692307953216444,1.3595520098960547
narrow_multi_obstacle,418,B2,unreached_or_fallback_stop,0.2692307953216444,1.3595520098960547
narrow_multi_obstacle,418,MIKU,unreached_or_fallback_stop,0.47435900000000003,0.22315743968190963
narrow_multi_obstacle,419,B0,unreached_or_fallback_stop,0.2820513086935262,1.203257075867085
narrow_multi_obstacle,419,B1,unreached_or_fallback_stop,0.2820513086935262,1.2472843887929173
narrow_multi_obstacle,419,B2,unreached_or_fallback_stop,0.2820513086935262,1.2472843887929173
narrow_multi_obstacle,420,B0,unreached_or_fallback_stop,0.679487205128205,0.29659425828841807
narrow_multi_obstacle,420,B1,unreached_or_fallback_stop,0.679487205128205,0.2947495320838773
narrow_multi_obstacle,420,B2,unreached_or_fallback_stop,0.679487205128205,0.2947495320838773
narrow_multi_obstacle,421,B0,unreached_or_fallback_stop,0.2820513079498537,1.578131831212878
narrow_multi_obstacle,421,B1,unreached_or_fallback_stop,0.2820513079498537,1.6097974875605445
narrow_multi_obstacle,421,B2,unreached_or_fallback_stop,0.2820513079498537,1.6097974875605445
narrow_multi_obstacle,421,MIKU,unreached_or_fallback_stop,0.2820513079498537,1.599646982578482
narrow_multi_obstacle,422,B0,unreached_or_fallback_stop,0.2692307949800791,1.5357606052983932
narrow_multi_obstacle,422,B1,unreached_or_fallback_stop,0.2692307949800791,1.5357606052983932
narrow_multi_obstacle,422,B2,unreached_or_fallback_stop,0.2692307949800791,1.5357606052983932
narrow_multi_obstacle,422,MIKU,unreached_or_fallback_stop,0.4615384879475368,0.24494262341428596
narrow_multi_obstacle,423,B0,unreached_or_fallback_stop,0.24358976971343552,1.5084579633926196
narrow_multi_obstacle,423,B1,unreached_or_fallback_stop,0.24358976971343552,1.5084579633926196
narrow_multi_obstacle,423,B2,unreached_or_fallback_stop,0.24358976971343552,1.5084579633926196
narrow_multi_obstacle,424,B0,unreached_or_fallback_stop,0.2435897692133676,1.2240439405562846
narrow_multi_obstacle,424,B1,unreached_or_fallback_stop,0.2435897692133676,1.2681725778778674
narrow_multi_obstacle,424,B2,unreached_or_fallback_stop,0.2435897692133676,1.2681725778778674
narrow_multi_obstacle,424,MIKU,unreached_or_fallback_stop,0.679487205128205,0.22467580416292732
narrow_multi_obstacle,425,B0,unreached_or_fallback_stop,0.2692307956882497,1.451369515432519
narrow_multi_obstacle,425,B1,unreached_or_fallback_stop,0.2692307956882497,1.4890541302134006
narrow_multi_obstacle,425,B2,unreached_or_fallback_stop,0.2692307956882497,1.4890541302134006
narrow_multi_obstacle,426,B0,unreached_or_fallback_stop,0.2820513083095864,0.57131597343333
narrow_multi_obstacle,426,B1,unreached_or_fallback_stop,0.2820513083095864,0.6633094440877108
narrow_multi_obstacle,426,B2,unreached_or_fallback_stop,0.2820513083095864,0.6633094440877108
narrow_multi_obstacle,427,B0,unreached_or_fallback_stop,0.4615384855350143,0.28410227259705195
narrow_multi_obstacle,427,B1,unreached_or_fallback_stop,0.4615384855350143,0.2751908251456449
narrow_multi_obstacle,427,B2,unreached_or_fallback_stop,0.4615384855350143,0.2751908251456449
narrow_multi_obstacle,428,B0,unreached_or_fallback_stop,0.26923079546253975,1.7284028841367418
narrow_multi_obstacle,428,B1,unreached_or_fallback_stop,0.26923079546253975,1.7284028841367418
narrow_multi_obstacle,428,B2,unreached_or_fallback_stop,0.26923079546253975,1.7284028841367418
narrow_multi_obstacle,429,B0,unreached_or_fallback_stop,0.24358976964295437,1.7039225988702578
narrow_multi_obstacle,429,B1,unreached_or_fallback_stop,0.24358976964295437,1.7039225988702578
narrow_multi_obstacle,429,B2,unreached_or_fallback_stop,0.24358976964295437,1.7039225988702578
narrow_multi_obstacle,429,MIKU,unreached_or_fallback_stop,0.679487205128205,0.20267435308252324
narrow_multi_obstacle,430,B0,unreached_or_fallback_stop,0.26923079508120873,0.557427728430388
narrow_multi_obstacle,430,B1,unreached_or_fallback_stop,0.26923079508120873,0.635866583780155
narrow_multi_obstacle,430,B2,unreached_or_fallback_stop,0.26923079508120873,0.635866583780155
narrow_multi_obstacle,430,MIKU,unreached_or_fallback_stop,0.26923079508120873,0.6134645018776855
narrow_multi_obstacle,431,B0,unreached_or_fallback_stop,0.2692307955357274,1.4724516243256265
narrow_multi_obstacle,431,B1,unreached_or_fallback_stop,0.2692307955357274,1.5080290729827142
narrow_multi_obstacle,431,B2,unreached_or_fallback_stop,0.2692307955357274,1.5080290729827142
narrow_multi_obstacle,433,B0,unreached_or_fallback_stop,0.2820513079862648,0.6449919782894213
narrow_multi_obstacle,433,B1,unreached_or_fallback_stop,0.2820513079862648,0.728454291694037
narrow_multi_obstacle,433,B2,unreached_or_fallback_stop,0.2820513079862648,0.728454291694037
narrow_multi_obstacle,434,B0,unreached_or_fallback_stop,0.44871797452101136,0.29394212171411516
narrow_multi_obstacle,434,B1,unreached_or_fallback_stop,0.44871797452101136,0.29394212171411516
narrow_multi_obstacle,434,B2,unreached_or_fallback_stop,0.44871797452101136,0.29394212171411516
narrow_multi_obstacle,435,B0,unreached_or_fallback_stop,0.2564102824705291,1.158257448381779
narrow_multi_obstacle,435,B1,unreached_or_fallback_stop,0.2564102824705291,1.2017168567283374
narrow_multi_obstacle,435,B2,unreached_or_fallback_stop,0.2564102824705291,1.2017168567283374
narrow_multi_obstacle,435,MIKU,unreached_or_fallback_stop,0.2564102824705291,1.1859974649109546
narrow_multi_obstacle,436,B0,unreached_or_fallback_stop,0.4743590001835986,0.29041559930786315
narrow_multi_obstacle,436,B1,unreached_or_fallback_stop,0.4743590001835986,0.2870123826992655
narrow_multi_obstacle,436,B2,unreached_or_fallback_stop,0.4743590001835986,0.2870123826992655
narrow_multi_obstacle,437,B0,unreached_or_fallback_stop,0.2820513087459407,1.1118485413647068
narrow_multi_obstacle,437,B1,unreached_or_fallback_stop,0.2820513087459407,1.1577528793142078
narrow_multi_obstacle,437,B2,unreached_or_fallback_stop,0.2820513087459407,1.1577528793142078
narrow_multi_obstacle,438,B0,unreached_or_fallback_stop,0.2435897692324564,1.568527334525559
narrow_multi_obstacle,438,B1,unreached_or_fallback_stop,0.2435897692324564,1.568527334525559
narrow_multi_obstacle,438,B2,unreached_or_fallback_stop,0.2435897692324564,1.568527334525559
narrow_multi_obstacle,439,B0,unreached_or_fallback_stop,0.2692307950959813,1.5052664456029334
narrow_multi_obstacle,439,B1,unreached_or_fallback_stop,0.2692307950959813,1.5403071855110426
narrow_multi_obstacle,439,B2,unreached_or_fallback_stop,0.2692307950959813,1.5403071855110426
narrow_multi_obstacle,440,B0,unreached_or_fallback_stop,0.2692307959451308,1.0158318580205628
narrow_multi_obstacle,440,B1,unreached_or_fallback_stop,0.2692307959451308,1.0660778786994147
narrow_multi_obstacle,440,B2,unreached_or_fallback_stop,0.2692307959451308,1.0660778786994147
narrow_multi_obstacle,441,B0,unreached_or_fallback_stop,0.2564102820529068,1.017663426855433
narrow_multi_obstacle,441,B1,unreached_or_fallback_stop,0.2564102820529068,1.072598645132153
narrow_multi_obstacle,441,B2,unreached_or_fallback_stop,0.2564102820529068,1.072598645132153
narrow_multi_obstacle,442,B0,unreached_or_fallback_stop,0.4615384871794872,0.2786814278521807
narrow_multi_obstacle,442,B1,unreached_or_fallback_stop,0.4615384871794872,0.27117170575863975
narrow_multi_obstacle,442,B2,unreached_or_fallback_stop,0.4615384871794872,0.27117170575863975
narrow_multi_obstacle,443,B0,unreached_or_fallback_stop,0.26923079530919364,1.513396714504485
narrow_multi_obstacle,443,B1,unreached_or_fallback_stop,0.26923079530919364,1.550016492502652
narrow_multi_obstacle,443,B2,unreached_or_fallback_stop,0.26923079530919364,1.550016492502652
narrow_multi_obstacle,444,B0,unreached_or_fallback_stop,0.47435900000000003,0.28853153428221745
narrow_multi_obstacle,444,B1,unreached_or_fallback_stop,0.47435900000000003,0.2854434648845341
narrow_multi_obstacle,444,B2,unreached_or_fallback_stop,0.47435900000000003,0.2854434648845341
narrow_multi_obstacle,445,B0,unreached_or_fallback_stop,0.26923079510422443,1.3349726544231357
narrow_multi_obstacle,445,B1,unreached_or_fallback_stop,0.26923079510422443,1.3741164384473485
narrow_multi_obstacle,445,B2,unreached_or_fallback_stop,0.26923079510422443,1.3741164384473485
narrow_multi_obstacle,446,B0,unreached_or_fallback_stop,0.2692307949477817,0.7779376397575062
narrow_multi_obstacle,446,B1,unreached_or_fallback_stop,0.2692307949477817,0.8406903683922544
narrow_multi_obstacle,446,B2,unreached_or_fallback_stop,0.2692307949477817,0.8406903683922544
narrow_multi_obstacle,447,B0,unreached_or_fallback_stop,0.28205130824853636,1.5508527369336882
narrow_multi_obstacle,447,B1,unreached_or_fallback_stop,0.28205130824853636,1.564121830876744
narrow_multi_obstacle,447,B2,unreached_or_fallback_stop,0.28205130824853636,1.564121830876744
narrow_multi_obstacle,448,B0,unreached_or_fallback_stop,0.2692307962244301,0.5862952053622628
narrow_multi_obstacle,448,B1,unreached_or_fallback_stop,0.2692307962244301,0.6665921797768796
narrow_multi_obstacle,448,B2,unreached_or_fallback_stop,0.2692307962244301,0.6665921797768796
narrow_multi_obstacle,449,B0,unreached_or_fallback_stop,0.25641028259903653,1.7290314278461887
narrow_multi_obstacle,449,B1,unreached_or_fallback_stop,0.25641028259903653,1.7290314278461887
narrow_multi_obstacle,449,B2,unreached_or_fallback_stop,0.25641028259903653,1.7290314278461887
narrow_multi_obstacle,450,B0,unreached_or_fallback_stop,0.28205130797214456,0.534527696040849
narrow_multi_obstacle,450,B1,unreached_or_fallback_stop,0.28205130797214456,0.6255948777962276
narrow_multi_obstacle,450,B2,unreached_or_fallback_stop,0.28205130797214456,0.6255948777962276
narrow_multi_obstacle,450,MIKU,unreached_or_fallback_stop,0.28205130797214456,0.6025714655574955
narrow_multi_obstacle,451,B0,unreached_or_fallback_stop,0.48717951282051286,0.29641143222079935
narrow_multi_obstacle,451,B1,unreached_or_fallback_stop,0.48717951282051286,0.29530299079383715
narrow_multi_obstacle,451,B2,unreached_or_fallback_stop,0.48717951282051286,0.29530299079383715
narrow_multi_obstacle,452,B0,unreached_or_fallback_stop,0.2435897695405898,1.3889423044612996
narrow_multi_obstacle,452,B1,unreached_or_fallback_stop,0.2435897695405898,1.4213840190884437
narrow_multi_obstacle,452,B2,unreached_or_fallback_stop,0.2435897695405898,1.4213840190884437
narrow_multi_obstacle,452,MIKU,unreached_or_fallback_stop,0.2435897695405898,1.4092768074203073
narrow_multi_obstacle,453,B0,unreached_or_fallback_stop,0.4615384871794872,0.30000000000000004
narrow_multi_obstacle,453,B1,unreached_or_fallback_stop,0.4615384871794872,0.30000000000000004
narrow_multi_obstacle,453,B2,unreached_or_fallback_stop,0.4615384871794872,0.30000000000000004
narrow_multi_obstacle,454,B0,unreached_or_fallback_stop,0.2564102823593876,1.4817653015643693
narrow_multi_obstacle,454,B1,unreached_or_fallback_stop,0.2564102823593876,1.5168153944961908
narrow_multi_obstacle,454,B2,unreached_or_fallback_stop,0.2564102823593876,1.5168153944961908
narrow_multi_obstacle,455,B0,unreached_or_fallback_stop,0.2820513083804438,0.6240691859239273
narrow_multi_obstacle,455,B1,unreached_or_fallback_stop,0.2820513083804438,0.6963570574838844
narrow_multi_obstacle,455,B2,unreached_or_fallback_stop,0.2820513083804438,0.6963570574838844
narrow_multi_obstacle,455,MIKU,unreached_or_fallback_stop,0.2820513083804438,0.6746839732193921
narrow_multi_obstacle,456,B0,unreached_or_fallback_stop,0.2692307952353355,1.5050769259816388
narrow_multi_obstacle,456,B1,unreached_or_fallback_stop,0.2692307952353355,1.5089811472142092
narrow_multi_obstacle,456,B2,unreached_or_fallback_stop,0.2692307952353355,1.5089811472142092
narrow_multi_obstacle,457,B0,unreached_or_fallback_stop,0.26923079519024873,0.881807646926021
narrow_multi_obstacle,457,B1,unreached_or_fallback_stop,0.26923079519024873,0.9415122463628335
narrow_multi_obstacle,457,B2,unreached_or_fallback_stop,0.26923079519024873,0.9415122463628335
narrow_multi_obstacle,457,MIKU,unreached_or_fallback_stop,0.44871797510755257,0.2382703256125871
narrow_multi_obstacle,458,B0,unreached_or_fallback_stop,0.2692307956134181,0.7672555521095505
narrow_multi_obstacle,458,B1,unreached_or_fallback_stop,0.2692307956134181,0.8351901290860221
narrow_multi_obstacle,458,B2,unreached_or_fallback_stop,0.2692307956134181,0.8351901290860221
narrow_multi_obstacle,459,B0,unreached_or_fallback_stop,0.24358976943617597,1.7279284513780628
narrow_multi_obstacle,459,B1,unreached_or_fallback_stop,0.24358976943617597,1.7279284513780628
narrow_multi_obstacle,459,B2,unreached_or_fallback_stop,0.24358976943617597,1.7279284513780628
narrow_multi_obstacle,460,B0,unreached_or_fallback_stop,0.46153848718465024,0.285233600880763
narrow_multi_obstacle,460,B1,unreached_or_fallback_stop,0.46153848718465024,0.279950266730556
narrow_multi_obstacle,460,B2,unreached_or_fallback_stop,0.46153848718465024,0.279950266730556
narrow_multi_obstacle,461,B0,unreached_or_fallback_stop,0.6923077179487179,0.2859925779279465
narrow_multi_obstacle,461,B1,unreached_or_fallback_stop,0.6923077179487179,0.2826296950319114
narrow_multi_obstacle,461,B2,unreached_or_fallback_stop,0.6923077179487179,0.2826296950319114
narrow_multi_obstacle,462,B0,unreached_or_fallback_stop,0.47435900000000003,0.2895286293793693
narrow_multi_obstacle,462,B1,unreached_or_fallback_stop,0.47435900000000003,0.2846377486848789
narrow_multi_obstacle,462,B2,unreached_or_fallback_stop,0.47435900000000003,0.2846377486848789
narrow_multi_obstacle,463,B0,unreached_or_fallback_stop,0.2692307962835552,1.9155105969903312
narrow_multi_obstacle,463,B1,unreached_or_fallback_stop,0.2692307962835552,1.9155105969903312
narrow_multi_obstacle,463,B2,unreached_or_fallback_stop,0.2692307962835552,1.9155105969903312
narrow_multi_obstacle,464,B0,unreached_or_fallback_stop,0.2692307959637076,0.7646865541161519
narrow_multi_obstacle,464,B1,unreached_or_fallback_stop,0.2692307959637076,0.827065463438631
narrow_multi_obstacle,464,B2,unreached_or_fallback_stop,0.2692307959637076,0.827065463438631
narrow_multi_obstacle,465,B0,unreached_or_fallback_stop,0.2692307955005066,0.8830906957276116
narrow_multi_obstacle,465,B1,unreached_or_fallback_stop,0.2692307955005066,0.938832477041403
narrow_multi_obstacle,465,B2,unreached_or_fallback_stop,0.2692307955005066,0.938832477041403
narrow_multi_obstacle,466,B0,unreached_or_fallback_stop,0.2692307956321564,0.5255539122531171
narrow_multi_obstacle,466,B1,unreached_or_fallback_stop,0.2692307956321564,0.6169034485554442
narrow_multi_obstacle,466,B2,unreached_or_fallback_stop,0.2692307956321564,0.6169034485554442
narrow_multi_obstacle,467,B0,unreached_or_fallback_stop,0.26923079494319013,1.8943925113940232
narrow_multi_obstacle,467,B1,unreached_or_fallback_stop,0.26923079494319013,1.8943925113940232
narrow_multi_obstacle,467,B2,unreached_or_fallback_stop,0.26923079494319013,1.8943925113940232
narrow_multi_obstacle,468,B0,unreached_or_fallback_stop,0.24358977003977778,1.5507220013611032
narrow_multi_obstacle,468,B1,unreached_or_fallback_stop,0.24358977003977778,1.5507220013611032
narrow_multi_obstacle,468,B2,unreached_or_fallback_stop,0.24358977003977778,1.5507220013611032
narrow_multi_obstacle,468,MIKU,unreached_or_fallback_stop,0.24358977003977778,1.5507220013611032
narrow_multi_obstacle,469,B0,unreached_or_fallback_stop,0.679487205128205,0.29311111491360303
narrow_multi_obstacle,469,B1,unreached_or_fallback_stop,0.679487205128205,0.29066613011925
narrow_multi_obstacle,469,B2,unreached_or_fallback_stop,0.679487205128205,0.29066613011925
narrow_multi_obstacle,470,B0,unreached_or_fallback_stop,0.2820513082252572,1.5670895048104527
narrow_multi_obstacle,470,B1,unreached_or_fallback_stop,0.2820513082252572,1.5670895048104527
narrow_multi_obstacle,470,B2,unreached_or_fallback_stop,0.2820513082252572,1.5670895048104527
narrow_multi_obstacle,470,MIKU,unreached_or_fallback_stop,0.2820513082252572,1.5670895048104527
narrow_multi_obstacle,471,B0,unreached_or_fallback_stop,0.44871797435897437,0.26919542912783806
narrow_multi_obstacle,471,B1,unreached_or_fallback_stop,0.44871797435897437,0.26044910499594626
narrow_multi_obstacle,471,B2,unreached_or_fallback_stop,0.44871797435897437,0.26044910499594626
narrow_multi_obstacle,472,B0,unreached_or_fallback_stop,0.25641028247347925,1.7719213503249787
narrow_multi_obstacle,472,B1,unreached_or_fallback_stop,0.25641028247347925,1.7719213503249787
narrow_multi_obstacle,472,B2,unreached_or_fallback_stop,0.25641028247347925,1.7719213503249787
narrow_multi_obstacle,472,MIKU,unreached_or_fallback_stop,0.25641028247347925,1.7719213503249787
narrow_multi_obstacle,473,B0,unreached_or_fallback_stop,0.48717951282051286,0.28105372826157937
narrow_multi_obstacle,473,B1,unreached_or_fallback_stop,0.48717951282051286,0.2752113032253764
narrow_multi_obstacle,473,B2,unreached_or_fallback_stop,0.48717951282051286,0.2752113032253764
narrow_multi_obstacle,474,B0,unreached_or_fallback_stop,0.28205130846675214,0.524857504987689
narrow_multi_obstacle,474,B1,unreached_or_fallback_stop,0.28205130846675214,0.6136597695303279
narrow_multi_obstacle,474,B2,unreached_or_fallback_stop,0.28205130846675214,0.6136597695303279
narrow_multi_obstacle,475,B0,unreached_or_fallback_stop,0.2564102822045425,1.0318023530386098
narrow_multi_obstacle,475,B1,unreached_or_fallback_stop,0.2564102822045425,1.0829108243211343
narrow_multi_obstacle,475,B2,unreached_or_fallback_stop,0.2564102822045425,1.0829108243211343
narrow_multi_obstacle,476,B0,unreached_or_fallback_stop,0.2692307954338544,0.8077443412832663
narrow_multi_obstacle,476,B1,unreached_or_fallback_stop,0.2692307954338544,0.8668997800593499
narrow_multi_obstacle,476,B2,unreached_or_fallback_stop,0.2692307954338544,0.8668997800593499
narrow_multi_obstacle,476,MIKU,unreached_or_fallback_stop,0.2692307954338544,0.8473829458402783
narrow_multi_obstacle,477,B0,unreached_or_fallback_stop,0.4615384871794872,0.2714858270688887
narrow_multi_obstacle,477,B1,unreached_or_fallback_stop,0.4615384871794872,0.2635174689008597
narrow_multi_obstacle,477,B2,unreached_or_fallback_stop,0.4615384871794872,0.2635174689008597
narrow_multi_obstacle,477,MIKU,unreached_or_fallback_stop,0.6666666923076923,0.18998842927032866
narrow_multi_obstacle,478,B0,unreached_or_fallback_stop,0.26923079561043783,0.9245432765159433
narrow_multi_obstacle,478,B1,unreached_or_fallback_stop,0.26923079561043783,0.974996110245293
narrow_multi_obstacle,478,B2,unreached_or_fallback_stop,0.26923079561043783,0.974996110245293
narrow_multi_obstacle,479,B0,unreached_or_fallback_stop,0.25641028211017647,1.1436905048634023
narrow_multi_obstacle,479,B1,unreached_or_fallback_stop,0.25641028211017647,1.1826978930599337
narrow_multi_obstacle,479,B2,unreached_or_fallback_stop,0.25641028211017647,1.1826978930599337
narrow_multi_obstacle,479,MIKU,unreached_or_fallback_stop,0.25641028211017647,1.170628573004212
narrow_multi_obstacle,480,B0,unreached_or_fallback_stop,0.2692307954027883,1.8670814516778103
narrow_multi_obstacle,480,B1,unreached_or_fallback_stop,0.2692307954027883,1.8670814516778103
narrow_multi_obstacle,480,B2,unreached_or_fallback_stop,0.2692307954027883,1.8670814516778103
narrow_multi_obstacle,481,B0,unreached_or_fallback_stop,0.47435900000000003,0.29276675938711794
narrow_multi_obstacle,481,B1,unreached_or_fallback_stop,0.47435900000000003,0.2903052290599555
narrow_multi_obstacle,481,B2,unreached_or_fallback_stop,0.47435900000000003,0.2903052290599555
narrow_multi_obstacle,482,B0,unreached_or_fallback_stop,0.2692307953150338,1.2168653597372798
narrow_multi_obstacle,482,B1,unreached_or_fallback_stop,0.2692307953150338,1.2583863737238667
narrow_multi_obstacle,482,B2,unreached_or_fallback_stop,0.2692307953150338,1.2583863737238667
narrow_multi_obstacle,482,MIKU,unreached_or_fallback_stop,0.44871797453705936,0.246469287309246
narrow_multi_obstacle,483,B0,unreached_or_fallback_stop,0.2564102826236836,1.11652139219477
narrow_multi_obstacle,483,B1,unreached_or_fallback_stop,0.2564102826236836,1.1604647397235723
narrow_multi_obstacle,483,B2,unreached_or_fallback_stop,0.2564102826236836,1.1604647397235723
narrow_multi_obstacle,484,B0,unreached_or_fallback_stop,0.25641028233717644,1.0073814723356305
narrow_multi_obstacle,484,B1,unreached_or_fallback_stop,0.25641028233717644,1.0611235372392458
narrow_multi_obstacle,484,B2,unreached_or_fallback_stop,0.25641028233717644,1.0611235372392458
narrow_multi_obstacle,485,B0,unreached_or_fallback_stop,0.2820513080350646,1.4538631012574619
narrow_multi_obstacle,485,B1,unreached_or_fallback_stop,0.2820513080350646,1.4885943342184946
narrow_multi_obstacle,485,B2,unreached_or_fallback_stop,0.2820513080350646,1.4885943342184946
narrow_multi_obstacle,485,MIKU,unreached_or_fallback_stop,0.679487205128205,0.18868633709311933
narrow_multi_obstacle,486,B0,unreached_or_fallback_stop,0.28205130869004136,0.4986165562066834
narrow_multi_obstacle,486,B1,unreached_or_fallback_stop,0.28205130869004136,0.5910403924975035
narrow_multi_obstacle,486,B2,unreached_or_fallback_stop,0.28205130869004136,0.5910403924975035
narrow_multi_obstacle,487,B0,unreached_or_fallback_stop,0.44871797435035815,0.32038012759751
narrow_multi_obstacle,487,B1,unreached_or_fallback_stop,0.44871797435035815,0.32038012759751
narrow_multi_obstacle,487,B2,unreached_or_fallback_stop,0.44871797435035815,0.32038012759751
narrow_multi_obstacle,488,B0,unreached_or_fallback_stop,0.2435897697516194,1.9168509205374524
narrow_multi_obstacle,488,B1,unreached_or_fallback_stop,0.2435897697516194,1.9168509205374524
narrow_multi_obstacle,488,B2,unreached_or_fallback_stop,0.2435897697516194,1.9168509205374524
narrow_multi_obstacle,488,MIKU,unreached_or_fallback_stop,0.2435897697516194,1.9168509205374524
narrow_multi_obstacle,489,B0,unreached_or_fallback_stop,0.26923079509462955,0.6246101062423708
narrow_multi_obstacle,489,B1,unreached_or_fallback_stop,0.26923079509462955,0.6980909141757152
narrow_multi_obstacle,489,B2,unreached_or_fallback_stop,0.26923079509462955,0.6980909141757152
narrow_multi_obstacle,489,MIKU,unreached_or_fallback_stop,0.26923079509462955,0.6767638287373026
narrow_multi_obstacle,490,B0,unreached_or_fallback_stop,0.24358976947550218,1.3126653548230462
narrow_multi_obstacle,490,B1,unreached_or_fallback_stop,0.24358976947550218,1.3510089687467202
narrow_multi_obstacle,490,B2,unreached_or_fallback_stop,0.24358976947550218,1.3510089687467202
narrow_multi_obstacle,491,B0,unreached_or_fallback_stop,0.2692307950386599,1.7715797874196784
narrow_multi_obstacle,491,B1,unreached_or_fallback_stop,0.2692307950386599,1.7715797874196784
narrow_multi_obstacle,491,B2,unreached_or_fallback_stop,0.2692307950386599,1.7715797874196784
narrow_multi_obstacle,491,MIKU,unreached_or_fallback_stop,0.2692307950386599,1.7715797874196784
narrow_multi_obstacle,492,B0,unreached_or_fallback_stop,0.6666666923076923,0.2985921947765997
narrow_multi_obstacle,492,B1,unreached_or_fallback_stop,0.6666666923076923,0.2985921947765997
narrow_multi_obstacle,492,B2,unreached_or_fallback_stop,0.6666666923076923,0.2985921947765997
narrow_multi_obstacle,494,B0,unreached_or_fallback_stop,0.2692307960668703,0.8064400050898047
narrow_multi_obstacle,494,B1,unreached_or_fallback_stop,0.2692307960668703,0.8651856017015049
narrow_multi_obstacle,494,B2,unreached_or_fallback_stop,0.2692307960668703,0.8651856017015049
narrow_multi_obstacle,495,B0,unreached_or_fallback_stop,0.46153848729590236,0.27156469041200937
narrow_multi_obstacle,495,B1,unreached_or_fallback_stop,0.46153848729590236,0.2624466552820119
narrow_multi_obstacle,495,B2,unreached_or_fallback_stop,0.46153848729590236,0.2624466552820119
narrow_multi_obstacle,495,MIKU,unreached_or_fallback_stop,0.46153848729590236,0.21405556820584096
narrow_multi_obstacle,496,B0,unreached_or_fallback_stop,0.26923079588851745,0.8110191467536829
narrow_multi_obstacle,496,B1,unreached_or_fallback_stop,0.26923079588851745,0.8743366415725234
narrow_multi_obstacle,496,B2,unreached_or_fallback_stop,0.26923079588851745,0.8743366415725234
narrow_multi_obstacle,496,MIKU,unreached_or_fallback_stop,0.26923079588851745,0.8526049239359189
narrow_multi_obstacle,497,B0,unreached_or_fallback_stop,0.24358976949671912,1.6134329622259809
narrow_multi_obstacle,497,B1,unreached_or_fallback_stop,0.24358976949671912,1.6134329622259809
narrow_multi_obstacle,497,B2,unreached_or_fallback_stop,0.24358976949671912,1.6134329622259809
narrow_multi_obstacle,497,MIKU,unreached_or_fallback_stop,0.24358976949671912,1.6134329622259809
narrow_multi_obstacle,498,B0,unreached_or_fallback_stop,0.24358976927422277,1.225641638174648
narrow_multi_obstacle,498,B1,unreached_or_fallback_stop,0.24358976927422277,1.2686332053572689
narrow_multi_obstacle,498,B2,unreached_or_fallback_stop,0.24358976927422277,1.2686332053572689
narrow_multi_obstacle,499,B0,unreached_or_fallback_stop,0.25641028257120796,0.991938042008975
narrow_multi_obstacle,499,B1,unreached_or_fallback_stop,0.25641028257120796,1.040839053276386
narrow_multi_obstacle,499,B2,unreached_or_fallback_stop,0.25641028257120796,1.040839053276386
interleaved_dynamic,2,B1,unreached_or_fallback_stop,0.3636363863637714,0.10738107905955152
interleaved_dynamic,4,B1,unreached_or_fallback_stop,0.284090932653155,1.7635474866415897
interleaved_dynamic,6,B1,unreached_or_fallback_stop,0.43181820451792896,0.14982660293574712
interleaved_dynamic,14,B1,unreached_or_fallback_stop,0.40909093181818185,0.12488176135739856
interleaved_dynamic,19,B1,unreached_or_fallback_stop,0.40909093181818185,0.15093579810831353
interleaved_dynamic,33,B1,unreached_or_fallback_stop,0.37500002272727273,0.10281156741413958
interleaved_dynamic,34,B1,unreached_or_fallback_stop,0.3977272954545455,0.14999999999992797
interleaved_dynamic,42,B1,unreached_or_fallback_stop,0.44318184090909085,0.10545006956336873
interleaved_dynamic,43,B1,unreached_or_fallback_stop,0.28409093253963713,1.9595518097281488
interleaved_dynamic,45,B1,unreached_or_fallback_stop,0.2840909319282143,1.994928265881022
interleaved_dynamic,50,B1,unreached_or_fallback_stop,0.3977272954545455,0.14999999999999725
interleaved_dynamic,56,B1,unreached_or_fallback_stop,0.28409093214522707,1.981305727038409
interleaved_dynamic,59,B1,unreached_or_fallback_stop,0.2954545691071964,1.9279508739719788
interleaved_dynamic,61,B1,unreached_or_fallback_stop,0.4204545681818182,0.018701187607896696
interleaved_dynamic,64,B1,unreached_or_fallback_stop,0.44318184096018615,0.15101679878321217
interleaved_dynamic,65,B1,unreached_or_fallback_stop,0.44318184090909085,0.14955932428213767
interleaved_dynamic,66,B1,unreached_or_fallback_stop,0.40909093180266753,0.1499133381786169
interleaved_dynamic,67,B1,unreached_or_fallback_stop,0.3977272954545455,0.09182186756962361
interleaved_dynamic,72,B1,unreached_or_fallback_stop,0.2500000228532169,2.0732117744595207
interleaved_dynamic,78,B1,unreached_or_fallback_stop,0.26136365919089427,1.897976647253896
interleaved_dynamic,86,B1,unreached_or_fallback_stop,0.3977272954545455,0.12886910485007716
interleaved_dynamic,88,B1,unreached_or_fallback_stop,0.40909093181818185,0.08595815120921851
interleaved_dynamic,91,B1,unreached_or_fallback_stop,0.3636363863636364,0.06562676338080964
interleaved_dynamic,100,B1,unreached_or_fallback_stop,0.21590911366590593,1.9240712161001359
interleaved_dynamic,104,B1,unreached_or_fallback_stop,0.40909093181897266,0.14987823965425529
interleaved_dynamic,105,B1,unreached_or_fallback_stop,0.3977272954545455,0.1500000000000008
interleaved_dynamic,107,B1,unreached_or_fallback_stop,0.2613636591740954,2.0305392788065015
interleaved_dynamic,111,B1,unreached_or_fallback_stop,0.26136365922171456,1.8513698484625922
interleaved_dynamic,113,B1,unreached_or_fallback_stop,0.2613636591961928,1.763273422817832
interleaved_dynamic,117,B1,unreached_or_fallback_stop,0.39772729545448976,0.1499492925871455
interleaved_dynamic,121,B1,unreached_or_fallback_stop,0.4090909318218355,0.10958573878638299
interleaved_dynamic,123,B1,unreached_or_fallback_stop,0.28409093228916615,1.9484005209464719
interleaved_dynamic,125,B1,unreached_or_fallback_stop,0.2386363864598513,1.793265960038532
interleaved_dynamic,131,B1,unreached_or_fallback_stop,0.37500002272727273,0.1404959364401257
interleaved_dynamic,137,B1,unreached_or_fallback_stop,0.3977272954545455,0.1499999999999866
interleaved_dynamic,150,B1,unreached_or_fallback_stop,0.2727272957573996,1.7762035144243504
interleaved_dynamic,154,B1,unreached_or_fallback_stop,0.3977272954720918,0.06076862043093678
interleaved_dynamic,157,B1,unreached_or_fallback_stop,0.37500002272727273,0.05017220612578655
interleaved_dynamic,160,B1,unreached_or_fallback_stop,0.38636365909090914,0.08822349639791684
interleaved_dynamic,161,B1,unreached_or_fallback_stop,0.2840909323301019,1.7943957573907683
interleaved_dynamic,173,B1,unreached_or_fallback_stop,0.3750000227301321,0.034901475482605804
interleaved_dynamic,177,B1,unreached_or_fallback_stop,0.46590911363636356,0.12394024239561618
interleaved_dynamic,179,B1,unreached_or_fallback_stop,0.43181820454545455,0.04523932743868545
interleaved_dynamic,181,B1,unreached_or_fallback_stop,0.4545454772727272,0.1393225361405365
interleaved_dynamic,184,B1,unreached_or_fallback_stop,0.25000002279358435,1.990766805061387
interleaved_dynamic,186,B1,unreached_or_fallback_stop,0.44318184090909085,0.09791857192838774
interleaved_dynamic,188,B1,unreached_or_fallback_stop,0.38636365909090914,0.14843516852984343
interleaved_dynamic,194,B1,unreached_or_fallback_stop,0.2500000228025725,1.7259549238774072
interleaved_dynamic,206,B1,unreached_or_fallback_stop,0.2727272955695255,2.0542279632722433
interleaved_dynamic,210,B1,unreached_or_fallback_stop,0.3977272954545455,0.0979452014230634
interleaved_dynamic,212,B1,unreached_or_fallback_stop,0.40909093181818185,0.13368374428309981
interleaved_dynamic,214,B1,unreached_or_fallback_stop,0.4204545681818182,0.12734409555091075
interleaved_dynamic,218,B1,unreached_or_fallback_stop,0.37500002272727273,0.08569702425109851
interleaved_dynamic,223,B1,unreached_or_fallback_stop,0.25000002289085804,1.7388561103629552
interleaved_dynamic,224,B1,unreached_or_fallback_stop,0.44318184090909085,0.14999999999990132
interleaved_dynamic,234,B1,unreached_or_fallback_stop,0.2954545684584244,1.879895176542346
interleaved_dynamic,235,B1,unreached_or_fallback_stop,0.23863638650364025,1.923560251703232
interleaved_dynamic,240,B1,unreached_or_fallback_stop,0.2613636593280802,1.8542735717306953
interleaved_dynamic,244,B1,unreached_or_fallback_stop,0.26136365936264555,1.9029841517703925
interleaved_dynamic,247,B1,unreached_or_fallback_stop,0.2954545688391795,1.8751058161676752
interleaved_dynamic,248,B1,unreached_or_fallback_stop,0.37500002272727273,0.1504377244228352
interleaved_dynamic,249,B1,unreached_or_fallback_stop,0.3636363863636364,0.15001952417726533
interleaved_dynamic,252,B1,unreached_or_fallback_stop,0.4545454772727272,0.10488091112466276
interleaved_dynamic,254,B1,unreached_or_fallback_stop,0.4204545681818182,0.07744703199510775
interleaved_dynamic,259,B1,unreached_or_fallback_stop,0.37500002272829147,0.1499709373312439
interleaved_dynamic,261,B1,unreached_or_fallback_stop,0.22727275010151174,2.059777884372899
interleaved_dynamic,262,B1,unreached_or_fallback_stop,0.27272729561689313,1.8515303805431682
interleaved_dynamic,266,B1,unreached_or_fallback_stop,0.29545456843506596,1.8231120143602904
interleaved_dynamic,267,B1,unreached_or_fallback_stop,0.23863638641913323,1.6473887810816372
interleaved_dynamic,269,B1,unreached_or_fallback_stop,0.46590911363636356,0.14855493390161362
interleaved_dynamic,281,B1,unreached_or_fallback_stop,0.26136365913454224,2.162362181114417
interleaved_dynamic,282,B1,unreached_or_fallback_stop,0.36363638636247697,0.08310044115095601
interleaved_dynamic,286,B1,unreached_or_fallback_stop,0.4431818409063044,0.14693637858590353
interleaved_dynamic,290,B1,unreached_or_fallback_stop,0.2613636593263753,2.01261964789028
interleaved_dynamic,298,B1,unreached_or_fallback_stop,0.3977272954556698,0.1124795038896493
interleaved_dynamic,302,B1,unreached_or_fallback_stop,0.37500002272727273,0.15275186878027333
interleaved_dynamic,303,B1,unreached_or_fallback_stop,0.38636365909090914,0.12323450904906462
interleaved_dynamic,304,B1,unreached_or_fallback_stop,0.26136365921140464,2.095290739383278
interleaved_dynamic,310,B1,unreached_or_fallback_stop,0.26136365940238504,2.05049912927319
interleaved_dynamic,312,B1,unreached_or_fallback_stop,0.43181820455366093,0.15011445712918148
interleaved_dynamic,324,B1,unreached_or_fallback_stop,0.38636365909090914,0.1117798645634302
interleaved_dynamic,327,B1,unreached_or_fallback_stop,0.43181820454545455,0.05303767811810703
interleaved_dynamic,338,B1,unreached_or_fallback_stop,0.44318184090909085,0.11012814488433845
interleaved_dynamic,341,B1,unreached_or_fallback_stop,0.4545454772727272,0.06304663732605809
interleaved_dynamic,344,B1,unreached_or_fallback_stop,0.43181820454545455,0.0360821359730128
interleaved_dynamic,353,B1,unreached_or_fallback_stop,0.28409093215932785,1.9399704572239858
interleaved_dynamic,355,B1,unreached_or_fallback_stop,0.37500002272727273,0.0787807103045919
interleaved_dynamic,365,B1,unreached_or_fallback_stop,0.4318182045408165,0.14990797238203202
interleaved_dynamic,371,B1,unreached_or_fallback_stop,0.23863638638876639,1.8925171293573562
interleaved_dynamic,372,B1,unreached_or_fallback_stop,0.2727272956358273,1.9053473335418554
interleaved_dynamic,373,B1,unreached_or_fallback_stop,0.261363659299306,1.7414163380059149
interleaved_dynamic,386,B1,unreached_or_fallback_stop,0.40909093181818185,0.1121908716679613
interleaved_dynamic,389,B1,unreached_or_fallback_stop,0.3977272954545455,0.12973768655044493
interleaved_dynamic,391,B1,unreached_or_fallback_stop,0.2840909324677906,1.9176157706864003
interleaved_dynamic,393,B1,unreached_or_fallback_stop,0.2727272957130926,1.8212330792161318
interleaved_dynamic,395,B1,unreached_or_fallback_stop,0.46590911363636356,0.13828105220294198
interleaved_dynamic,408,B1,unreached_or_fallback_stop,0.4204545681818182,0.03632566251419322
interleaved_dynamic,419,B1,unreached_or_fallback_stop,0.4545454772727272,0.1119462131081441
interleaved_dynamic,421,B1,unreached_or_fallback_stop,0.27272729581537347,2.035897036823055
interleaved_dynamic,432,B1,unreached_or_fallback_stop,0.37500002272727273,0.1500002672801099
interleaved_dynamic,434,B1,unreached_or_fallback_stop,0.44318184090909085,0.15002543549709982
interleaved_dynamic,435,B1,unreached_or_fallback_stop,0.4431818409059782,0.14983318889656205
interleaved_dynamic,437,B1,unreached_or_fallback_stop,0.27272729561495196,1.8363726054727767
interleaved_dynamic,444,B1,unreached_or_fallback_stop,0.4204545681818182,0.1271405783351402
interleaved_dynamic,445,B1,unreached_or_fallback_stop,0.3977272954545455,0.15407593902988861
interleaved_dynamic,450,B1,unreached_or_fallback_stop,0.29545456838184453,1.9064483894847293
interleaved_dynamic,461,B1,unreached_or_fallback_stop,0.27272729569838666,1.9273524135129196
interleaved_dynamic,465,B1,unreached_or_fallback_stop,0.261363659428763,1.8206153359660437
interleaved_dynamic,471,B1,unreached_or_fallback_stop,0.3636363863636364,0.1489205948282003
interleaved_dynamic,473,B1,unreached_or_fallback_stop,0.46590911363636356,0.02715907256606709
interleaved_dynamic,475,B1,unreached_or_fallback_stop,0.4545454772727272,0.10293140327940131
interleaved_dynamic,477,B1,unreached_or_fallback_stop,0.25000002285757605,2.0256896794333876
interleaved_dynamic,478,B1,unreached_or_fallback_stop,0.44318184090909085,0.05684711717566637
interleaved_dynamic,479,B1,unreached_or_fallback_stop,0.2840909327315923,1.7186987686259476
interleaved_dynamic,481,B1,unreached_or_fallback_stop,0.37500002272727273,0.08067818617447726
interleaved_dynamic,495,B1,unreached_or_fallback_stop,0.27272729554558445,1.9428829754969128
prediction_noise,1,B0,unreached_or_fallback_stop,0.25368248689527895,14.08511438677099
prediction_noise,1,B1,unreached_or_fallback_stop,0.25368248689527895,14.08511438677099
prediction_noise,1,B2,unreached_or_fallback_stop,0.25368248689527895,14.08511438677099
prediction_noise,1,MIKU,unreached_or_fallback_stop,0.25368248689527895,14.08511438677099
prediction_noise,2,B0,unreached_or_fallback_stop,0.2187845296504906,12.11855273920569
prediction_noise,2,B1,unreached_or_fallback_stop,0.2187845296504906,12.11855273920569
prediction_noise,2,B2,unreached_or_fallback_stop,0.2187845296504906,12.11855273920569
prediction_noise,2,MIKU,unreached_or_fallback_stop,0.2187845296504906,12.11855273920569
prediction_noise,4,B0,unreached_or_fallback_stop,0.23323560717347672,8.599552096379615
prediction_noise,4,B1,unreached_or_fallback_stop,0.23323560717347672,8.599552096379615
prediction_noise,4,B2,unreached_or_fallback_stop,0.23323560717347672,8.599552096379615
prediction_noise,4,MIKU,unreached_or_fallback_stop,0.23323560717347672,8.599552096379615
prediction_noise,5,B0,unreached_or_fallback_stop,0.23247848814799912,6.8825694506283
prediction_noise,5,B1,unreached_or_fallback_stop,0.23247848814799912,6.8825694506283
prediction_noise,5,B2,unreached_or_fallback_stop,0.23247848814799912,6.8825694506283
prediction_noise,5,MIKU,unreached_or_fallback_stop,0.23247848814799912,6.8825694506283
prediction_noise,6,B0,unreached_or_fallback_stop,0.2071858362445066,11.179995886752128
prediction_noise,6,B1,unreached_or_fallback_stop,0.2071858362445066,11.179995886752128
prediction_noise,6,B2,unreached_or_fallback_stop,0.2071858362445066,11.179995886752128
prediction_noise,6,MIKU,unreached_or_fallback_stop,0.2071858362445066,11.179995886752128
prediction_noise,7,B0,unreached_or_fallback_stop,0.2909313713462415,9.622183831209616
prediction_noise,7,B1,unreached_or_fallback_stop,0.2909313713462415,9.622183831209616
prediction_noise,7,B2,unreached_or_fallback_stop,0.2909313713462415,9.622183831209616
prediction_noise,7,MIKU,unreached_or_fallback_stop,0.2909313713462415,9.622183831209616
prediction_noise,8,B0,unreached_or_fallback_stop,0.703358341765273,1.6357508196552182
prediction_noise,8,B1,unreached_or_fallback_stop,0.703358341765273,1.6357508196552182
prediction_noise,8,B2,unreached_or_fallback_stop,0.703358341765273,1.6357508196552182
prediction_noise,8,MIKU,unreached_or_fallback_stop,0.30857482302135497,3.2217774857844113
prediction_noise,9,B0,unreached_or_fallback_stop,0.16451184434479055,9.648534800532
prediction_noise,9,B1,unreached_or_fallback_stop,0.16451184434479055,9.648534800532
prediction_noise,9,B2,unreached_or_fallback_stop,0.16451184434479055,9.648534800532
prediction_noise,9,MIKU,unreached_or_fallback_stop,0.16451184434479055,9.648534800532
prediction_noise,10,B0,unreached_or_fallback_stop,0.9029345212645996,2.0388293043583374
prediction_noise,10,B1,unreached_or_fallback_stop,0.9029345212645996,2.0388293043583374
prediction_noise,10,B2,unreached_or_fallback_stop,0.9029345212645996,2.0388293043583374
prediction_noise,10,MIKU,unreached_or_fallback_stop,0.8215930578499654,3.063237329104668
prediction_noise,11,B0,unreached_or_fallback_stop,0.8099796638014718,1.3890932989028464
prediction_noise,11,B1,unreached_or_fallback_stop,0.8099796638014718,1.3890932989028464
prediction_noise,11,B2,unreached_or_fallback_stop,0.8099796638014718,1.3890932989028464
prediction_noise,11,MIKU,unreached_or_fallback_stop,0.7286382003868377,2.7332681589690715
prediction_noise,12,B0,unreached_or_fallback_stop,0.30026990587608765,12.002082432426569
prediction_noise,12,B1,unreached_or_fallback_stop,0.30026990587608765,12.002082432426569
prediction_noise,12,B2,unreached_or_fallback_stop,0.30026990587608765,12.002082432426569
prediction_noise,12,MIKU,unreached_or_fallback_stop,0.30026990587608765,12.002082432426569
prediction_noise,13,B0,unreached_or_fallback_stop,0.2686531187730888,12.435701794338971
prediction_noise,13,B1,unreached_or_fallback_stop,0.2686531187730888,12.435701794338971
prediction_noise,13,B2,unreached_or_fallback_stop,0.2686531187730888,12.435701794338971
prediction_noise,13,MIKU,unreached_or_fallback_stop,0.2686531187730888,12.435701794338971
prediction_noise,16,B0,unreached_or_fallback_stop,0.2719730983751407,7.176644578551747
prediction_noise,16,B1,unreached_or_fallback_stop,0.2719730983751407,7.176644578551747
prediction_noise,16,B2,unreached_or_fallback_stop,0.2719730983751407,7.176644578551747
prediction_noise,16,MIKU,unreached_or_fallback_stop,0.2719730983751407,7.176644578551747
prediction_noise,18,B0,collision,1.0,-1.8409851655744447
prediction_noise,18,B1,collision,1.0,-1.8409851655744447
prediction_noise,18,B2,collision,1.0,-1.8409851655744447
prediction_noise,18,MIKU,collision,1.0,-0.47504569384440387
prediction_noise,20,B0,unreached_or_fallback_stop,0.24380117509160523,10.881679089896316
prediction_noise,20,B1,unreached_or_fallback_stop,0.24380117509160523,10.881679089896316
prediction_noise,20,B2,unreached_or_fallback_stop,0.24380117509160523,10.881679089896316
prediction_noise,20,MIKU,unreached_or_fallback_stop,0.24380117509160523,10.881679089896316
prediction_noise,21,B0,unreached_or_fallback_stop,0.1797114920827189,17.212945559442733
prediction_noise,21,B1,unreached_or_fallback_stop,0.1797114920827189,17.212945559442733
prediction_noise,21,B2,unreached_or_fallback_stop,0.1797114920827189,17.212945559442733
prediction_noise,21,MIKU,unreached_or_fallback_stop,0.1797114920827189,17.212945559442733
prediction_noise,23,B0,collision,0.9338080855429468,-0.3211973101350618
prediction_noise,23,B1,collision,0.9338080855429468,-0.3211973101350618
prediction_noise,23,B2,collision,0.9338080855429468,-0.3211973101350618
prediction_noise,23,MIKU,unreached_or_fallback_stop,0.8547763439410316,1.144913402085221
prediction_noise,25,B0,collision,1.0,-1.1556206544109653
prediction_noise,25,B1,unreached_or_fallback_stop,0.4024390488976839,3.304639951489687
prediction_noise,25,B2,collision,1.0,-1.1556206544109653
prediction_noise,26,B0,collision,1.0,-0.2122204867875057
prediction_noise,26,B1,collision,1.0,-0.2122204867875057
prediction_noise,26,B2,collision,1.0,-0.2122204867875057
prediction_noise,27,B0,collision,1.0,-0.28779432132254157
prediction_noise,27,B1,collision,1.0,-0.28779432132254157
prediction_noise,27,B2,collision,1.0,-0.28779432132254157
prediction_noise,27,MIKU,unreached_or_fallback_stop,0.8112173778949097,2.4136372729172555
prediction_noise,28,B0,unreached_or_fallback_stop,0.30496444322459687,8.929380169544714
prediction_noise,28,B1,unreached_or_fallback_stop,0.30496444322459687,8.929380169544714
prediction_noise,28,B2,unreached_or_fallback_stop,0.30496444322459687,8.929380169544714
prediction_noise,28,MIKU,unreached_or_fallback_stop,0.30496444322459687,8.929380169544714
prediction_noise,29,B0,unreached_or_fallback_stop,0.2279504035388123,16.27686759204291
prediction_noise,29,B1,unreached_or_fallback_stop,0.2279504035388123,16.27686759204291
prediction_noise,29,B2,unreached_or_fallback_stop,0.2279504035388123,16.27686759204291
prediction_noise,29,MIKU,unreached_or_fallback_stop,0.2279504035388123,16.27686759204291
prediction_noise,30,B0,unreached_or_fallback_stop,0.2526955153979458,13.44775027348877
prediction_noise,30,B1,unreached_or_fallback_stop,0.2526955153979458,13.44775027348877
prediction_noise,30,B2,unreached_or_fallback_stop,0.2526955153979458,13.44775027348877
prediction_noise,30,MIKU,unreached_or_fallback_stop,0.2526955153979458,13.44775027348877
prediction_noise,31,B0,unreached_or_fallback_stop,0.20833763384202278,13.351858591458118
prediction_noise,31,B1,unreached_or_fallback_stop,0.20833763384202278,13.351858591458118
prediction_noise,31,B2,unreached_or_fallback_stop,0.20833763384202278,13.351858591458118
prediction_noise,31,MIKU,unreached_or_fallback_stop,0.20833763384202278,13.351858591458118
prediction_noise,33,B0,unreached_or_fallback_stop,0.2042222976350299,6.659915186939189
prediction_noise,33,B1,unreached_or_fallback_stop,0.2042222976350299,6.659915186939189
prediction_noise,33,B2,unreached_or_fallback_stop,0.2042222976350299,6.659915186939189
prediction_noise,33,MIKU,unreached_or_fallback_stop,0.2042222976350299,6.659915186939189
prediction_noise,34,B0,unreached_or_fallback_stop,0.2017318316121947,13.395044878484223
prediction_noise,34,B1,unreached_or_fallback_stop,0.2017318316121947,13.395044878484223
prediction_noise,34,B2,unreached_or_fallback_stop,0.2017318316121947,13.395044878484223
prediction_noise,34,MIKU,unreached_or_fallback_stop,0.2017318316121947,13.395044878484223
prediction_noise,35,B0,unreached_or_fallback_stop,0.2820568779663837,8.080977415056639
prediction_noise,35,B1,unreached_or_fallback_stop,0.2820568779663837,8.080977415056639
prediction_noise,35,B2,unreached_or_fallback_stop,0.2820568779663837,8.080977415056639
prediction_noise,35,MIKU,unreached_or_fallback_stop,0.2820568779663837,8.080977415056639
prediction_noise,37,B0,unreached_or_fallback_stop,0.25596374525406396,13.237364826524198
prediction_noise,37,B1,unreached_or_fallback_stop,0.25596374525406396,13.237364826524198
prediction_noise,37,B2,unreached_or_fallback_stop,0.25596374525406396,13.237364826524198
prediction_noise,37,MIKU,unreached_or_fallback_stop,0.25596374525406396,13.237364826524198
prediction_noise,38,B0,collision,1.0,-0.187296963544469
prediction_noise,38,B1,collision,1.0,-0.187296963544469
prediction_noise,38,B2,collision,1.0,-0.187296963544469
prediction_noise,39,B0,unreached_or_fallback_stop,0.2935212881680882,11.069777546375107
prediction_noise,39,B1,unreached_or_fallback_stop,0.2935212881680882,11.069777546375107
prediction_noise,39,B2,unreached_or_fallback_stop,0.2935212881680882,11.069777546375107
prediction_noise,39,MIKU,unreached_or_fallback_stop,0.2935212881680882,11.069777546375107
prediction_noise,40,B0,unreached_or_fallback_stop,0.2723068267402745,9.6406987407698
prediction_noise,40,B1,unreached_or_fallback_stop,0.2723068267402745,9.6406987407698
prediction_noise,40,B2,unreached_or_fallback_stop,0.2723068267402745,9.6406987407698
prediction_noise,40,MIKU,unreached_or_fallback_stop,0.2723068267402745,9.6406987407698
prediction_noise,41,B0,unreached_or_fallback_stop,0.24369001718813635,11.610658419915689
prediction_noise,41,B1,unreached_or_fallback_stop,0.24369001718813635,11.610658419915689
prediction_noise,41,B2,unreached_or_fallback_stop,0.24369001718813635,11.610658419915689
prediction_noise,41,MIKU,unreached_or_fallback_stop,0.24369001718813635,11.610658419915689
prediction_noise,42,B0,unreached_or_fallback_stop,0.2901323538403408,9.608571798072653
prediction_noise,42,B1,unreached_or_fallback_stop,0.2901323538403408,9.608571798072653
prediction_noise,42,B2,unreached_or_fallback_stop,0.2901323538403408,9.608571798072653
prediction_noise,42,MIKU,unreached_or_fallback_stop,0.2901323538403408,9.608571798072653
prediction_noise,44,B0,collision,1.0,-1.4888635741879879
prediction_noise,44,B1,collision,1.0,-1.4888635741879879
prediction_noise,44,B2,collision,1.0,-1.4888635741879879
prediction_noise,46,B0,unreached_or_fallback_stop,0.1585785270721165,9.965471504363647
prediction_noise,46,B1,unreached_or_fallback_stop,0.1585785270721165,9.965471504363647
prediction_noise,46,B2,unreached_or_fallback_stop,0.1585785270721165,9.965471504363647
prediction_noise,46,MIKU,unreached_or_fallback_stop,0.1585785270721165,9.965471504363647
prediction_noise,47,B0,unreached_or_fallback_stop,0.2536385570393309,8.49460997401298
prediction_noise,47,B1,unreached_or_fallback_stop,0.2536385570393309,8.49460997401298
prediction_noise,47,B2,unreached_or_fallback_stop,0.2536385570393309,8.49460997401298
prediction_noise,47,MIKU,unreached_or_fallback_stop,0.2536385570393309,8.49460997401298
prediction_noise,48,B0,unreached_or_fallback_stop,0.19068200137588923,13.630347844655155
prediction_noise,48,B1,unreached_or_fallback_stop,0.19068200137588923,13.630347844655155
prediction_noise,48,B2,unreached_or_fallback_stop,0.19068200137588923,13.630347844655155
prediction_noise,48,MIKU,unreached_or_fallback_stop,0.19068200137588923,13.630347844655155
prediction_noise,49,B0,unreached_or_fallback_stop,0.28981221201685986,8.18149486744393
prediction_noise,49,B1,unreached_or_fallback_stop,0.28981221201685986,8.18149486744393
prediction_noise,49,B2,unreached_or_fallback_stop,0.28981221201685986,8.18149486744393
prediction_noise,49,MIKU,unreached_or_fallback_stop,0.28981221201685986,8.18149486744393
prediction_noise,50,B0,unreached_or_fallback_stop,0.167451798266233,14.659654762025832
prediction_noise,50,B1,unreached_or_fallback_stop,0.167451798266233,14.659654762025832
prediction_noise,50,B2,unreached_or_fallback_stop,0.167451798266233,14.659654762025832
prediction_noise,50,MIKU,unreached_or_fallback_stop,0.167451798266233,14.659654762025832
prediction_noise,52,B0,collision,1.0,-0.9762601549292382
prediction_noise,52,B1,collision,1.0,-0.9762601549292382
prediction_noise,52,B2,collision,1.0,-0.9762601549292382
prediction_noise,53,B0,unreached_or_fallback_stop,0.28448170704791653,9.11658291134713
prediction_noise,53,B1,unreached_or_fallback_stop,0.28448170704791653,9.11658291134713
prediction_noise,53,B2,unreached_or_fallback_stop,0.28448170704791653,9.11658291134713
prediction_noise,53,MIKU,unreached_or_fallback_stop,0.28448170704791653,9.11658291134713
prediction_noise,56,B0,unreached_or_fallback_stop,0.14891586729624554,17.647567292125373
prediction_noise,56,B1,unreached_or_fallback_stop,0.14891586729624554,17.647567292125373
prediction_noise,56,B2,unreached_or_fallback_stop,0.14891586729624554,17.647567292125373
prediction_noise,56,MIKU,unreached_or_fallback_stop,0.14891586729624554,17.647567292125373
prediction_noise,57,B0,unreached_or_fallback_stop,0.15716568764168762,11.59693200413453
prediction_noise,57,B1,unreached_or_fallback_stop,0.15716568764168762,11.59693200413453
prediction_noise,57,B2,unreached_or_fallback_stop,0.15716568764168762,11.59693200413453
prediction_noise,57,MIKU,unreached_or_fallback_stop,0.15716568764168762,11.59693200413453
prediction_noise,60,B0,unreached_or_fallback_stop,0.2745746223630635,10.116182159808439
prediction_noise,60,B1,unreached_or_fallback_stop,0.2745746223630635,10.116182159808439
prediction_noise,60,B2,unreached_or_fallback_stop,0.2745746223630635,10.116182159808439
prediction_noise,60,MIKU,unreached_or_fallback_stop,0.2745746223630635,10.116182159808439
prediction_noise,62,B0,unreached_or_fallback_stop,0.7746264805641471,1.3662992279203978
prediction_noise,62,B1,unreached_or_fallback_stop,0.7746264805641471,1.3662992279203978
prediction_noise,62,B2,unreached_or_fallback_stop,0.7746264805641471,1.3662992279203978
prediction_noise,62,MIKU,unreached_or_fallback_stop,0.693285017149513,2.6336732633169975
prediction_noise,65,B0,unreached_or_fallback_stop,0.24483796245990008,7.258657737026244
prediction_noise,65,B1,unreached_or_fallback_stop,0.24483796245990008,7.258657737026244
prediction_noise,65,B2,unreached_or_fallback_stop,0.24483796245990008,7.258657737026244
prediction_noise,65,MIKU,unreached_or_fallback_stop,0.24483796245990008,7.258657737026244
prediction_noise,66,B0,unreached_or_fallback_stop,0.2404792077228196,6.599967340958132
prediction_noise,66,B1,unreached_or_fallback_stop,0.2404792077228196,6.599967340958132
prediction_noise,66,B2,unreached_or_fallback_stop,0.2404792077228196,6.599967340958132
prediction_noise,66,MIKU,unreached_or_fallback_stop,0.2404792077228196,6.599967340958132
prediction_noise,67,B0,unreached_or_fallback_stop,0.8142639802309919,0.9379226097883597
prediction_noise,67,B1,unreached_or_fallback_stop,0.8142639802309919,0.9379226097883597
prediction_noise,67,B2,unreached_or_fallback_stop,0.8142639802309919,0.9379226097883597
prediction_noise,67,MIKU,unreached_or_fallback_stop,0.7329225168163578,2.0414781283367462
prediction_noise,68,B0,unreached_or_fallback_stop,0.17778110417358692,12.663836211016793
prediction_noise,68,B1,unreached_or_fallback_stop,0.17778110417358692,12.663836211016793
prediction_noise,68,B2,unreached_or_fallback_stop,0.17778110417358692,12.663836211016793
prediction_noise,68,MIKU,unreached_or_fallback_stop,0.17778110417358692,12.663836211016793
prediction_noise,69,B0,collision,1.0,-0.35648952935139633
prediction_noise,69,B1,collision,1.0,-0.35648952935139633
prediction_noise,69,B2,collision,1.0,-0.35648952935139633
prediction_noise,72,B1,unreached_or_fallback_stop,0.5609756345057749,5.42682993963253
prediction_noise,73,B0,unreached_or_fallback_stop,0.9055850138346455,0.5427135175965807
prediction_noise,73,B1,unreached_or_fallback_stop,0.9055850138346455,0.5427135175965807
prediction_noise,73,B2,unreached_or_fallback_stop,0.9055850138346455,0.5427135175965807
prediction_noise,73,MIKU,unreached_or_fallback_stop,0.8242435504200114,2.307663936203819
prediction_noise,74,B0,collision,1.0,-1.3814940947160537
prediction_noise,74,B1,collision,1.0,-1.3814940947160537
prediction_noise,74,B2,collision,1.0,-1.3814940947160537
prediction_noise,74,MIKU,collision,1.0,-0.2969757180265793
prediction_noise,75,B0,collision,1.0,-1.9583551282575773
prediction_noise,75,B1,collision,1.0,-1.9583551282575773
prediction_noise,75,B2,collision,1.0,-1.9583551282575773
prediction_noise,75,MIKU,collision,1.0,-0.8637298515344769
prediction_noise,76,B0,unreached_or_fallback_stop,0.8679557124172462,2.6166437880096254
prediction_noise,76,B1,unreached_or_fallback_stop,0.8679557124172462,2.6166437880096254
prediction_noise,76,B2,unreached_or_fallback_stop,0.8679557124172462,2.6166437880096254
prediction_noise,76,MIKU,unreached_or_fallback_stop,0.786614249002612,3.765837942146554
prediction_noise,77,B0,unreached_or_fallback_stop,0.22914426518814032,7.366712150967995
prediction_noise,77,B1,unreached_or_fallback_stop,0.22914426518814032,7.366712150967995
prediction_noise,77,B2,unreached_or_fallback_stop,0.22914426518814032,7.366712150967995
prediction_noise,77,MIKU,unreached_or_fallback_stop,0.22914426518814032,7.366712150967995
prediction_noise,78,B0,unreached_or_fallback_stop,0.2404902579782322,11.740420672910389
prediction_noise,78,B1,unreached_or_fallback_stop,0.2404902579782322,11.740420672910389
prediction_noise,78,B2,unreached_or_fallback_stop,0.2404902579782322,11.740420672910389
prediction_noise,78,MIKU,unreached_or_fallback_stop,0.2404902579782322,11.740420672910389
prediction_noise,79,B0,unreached_or_fallback_stop,0.22806133071445822,10.215742213837396
prediction_noise,79,B1,unreached_or_fallback_stop,0.22806133071445822,10.215742213837396
prediction_noise,79,B2,unreached_or_fallback_stop,0.22806133071445822,10.215742213837396
prediction_noise,79,MIKU,unreached_or_fallback_stop,0.22806133071445822,10.215742213837396
prediction_noise,80,B0,collision,1.0,-1.089437321011511
prediction_noise,80,B1,collision,1.0,-1.089437321011511
prediction_noise,80,B2,collision,1.0,-1.089437321011511
prediction_noise,80,MIKU,collision,1.0,-0.920281790849657
prediction_noise,85,B0,unreached_or_fallback_stop,0.16094383925913147,14.75333847631872
prediction_noise,85,B1,unreached_or_fallback_stop,0.16094383925913147,14.75333847631872
prediction_noise,85,B2,unreached_or_fallback_stop,0.16094383925913147,14.75333847631872
prediction_noise,85,MIKU,unreached_or_fallback_stop,0.16094383925913147,14.75333847631872
prediction_noise,86,B0,unreached_or_fallback_stop,0.23347394578414887,9.509089484396855
prediction_noise,86,B1,unreached_or_fallback_stop,0.23347394578414887,9.509089484396855
prediction_noise,86,B2,unreached_or_fallback_stop,0.23347394578414887,9.509089484396855
prediction_noise,86,MIKU,unreached_or_fallback_stop,0.23347394578414887,9.509089484396855
prediction_noise,87,B0,collision,1.0,-0.7610322018536095
prediction_noise,87,B1,collision,1.0,-0.7610322018536095
prediction_noise,87,B2,collision,1.0,-0.7610322018536095
prediction_noise,90,B0,collision,1.0,-0.07674474443203172
prediction_noise,90,B1,collision,1.0,-0.07674474443203172
prediction_noise,90,B2,collision,1.0,-0.07674474443203172
prediction_noise,90,MIKU,unreached_or_fallback_stop,0.7804741225719067,3.1562226562569515
prediction_noise,91,B0,unreached_or_fallback_stop,0.2070838749152367,16.372180413761566
prediction_noise,91,B1,unreached_or_fallback_stop,0.2070838749152367,16.372180413761566
prediction_noise,91,B2,unreached_or_fallback_stop,0.2070838749152367,16.372180413761566
prediction_noise,91,MIKU,unreached_or_fallback_stop,0.2070838749152367,16.372180413761566
prediction_noise,92,B1,unreached_or_fallback_stop,0.48780490312409697,5.631226768201534
prediction_noise,93,B0,unreached_or_fallback_stop,0.22594936008574568,12.982048446867102
prediction_noise,93,B1,unreached_or_fallback_stop,0.22594936008574568,12.982048446867102
prediction_noise,93,B2,unreached_or_fallback_stop,0.22594936008574568,12.982048446867102
prediction_noise,93,MIKU,unreached_or_fallback_stop,0.22594936008574568,12.982048446867102
prediction_noise,94,B0,unreached_or_fallback_stop,0.1780793526903867,12.02343974691945
prediction_noise,94,B1,unreached_or_fallback_stop,0.1780793526903867,12.02343974691945
prediction_noise,94,B2,unreached_or_fallback_stop,0.1780793526903867,12.02343974691945
prediction_noise,94,MIKU,unreached_or_fallback_stop,0.1780793526903867,12.02343974691945
prediction_noise,97,B0,unreached_or_fallback_stop,0.3001014418651641,9.116923927850197
prediction_noise,97,B1,unreached_or_fallback_stop,0.3001014418651641,9.116923927850197
prediction_noise,97,B2,unreached_or_fallback_stop,0.3001014418651641,9.116923927850197
prediction_noise,97,MIKU,unreached_or_fallback_stop,0.3001014418651641,9.116923927850197
prediction_noise,98,B0,unreached_or_fallback_stop,0.3171703207133353,6.637614659599189
prediction_noise,98,B1,unreached_or_fallback_stop,0.3171703207133353,6.637614659599189
prediction_noise,98,B2,unreached_or_fallback_stop,0.3171703207133353,6.637614659599189
prediction_noise,98,MIKU,unreached_or_fallback_stop,0.3171703207133353,6.637614659599189
prediction_noise,99,B1,unreached_or_fallback_stop,0.5243902692887897,5.439757617760765
prediction_noise,101,B0,unreached_or_fallback_stop,0.23220674748168427,5.945734668108182
prediction_noise,101,B1,unreached_or_fallback_stop,0.23220674748168427,5.945734668108182
prediction_noise,101,B2,unreached_or_fallback_stop,0.23220674748168427,5.945734668108182
prediction_noise,101,MIKU,unreached_or_fallback_stop,0.23220674748168427,5.945734668108182
prediction_noise,102,B0,unreached_or_fallback_stop,0.1598903119030031,13.583876204871295
prediction_noise,102,B1,unreached_or_fallback_stop,0.1598903119030031,13.583876204871295
prediction_noise,102,B2,unreached_or_fallback_stop,0.1598903119030031,13.583876204871295
prediction_noise,102,MIKU,unreached_or_fallback_stop,0.1598903119030031,13.583876204871295
prediction_noise,103,B0,unreached_or_fallback_stop,0.16184048038116672,15.314578245003485
prediction_noise,103,B1,unreached_or_fallback_stop,0.16184048038116672,15.314578245003485
prediction_noise,103,B2,unreached_or_fallback_stop,0.16184048038116672,15.314578245003485
prediction_noise,103,MIKU,unreached_or_fallback_stop,0.16184048038116672,15.314578245003485
prediction_noise,105,B0,unreached_or_fallback_stop,0.22770796666599216,10.651850924601797
prediction_noise,105,B1,unreached_or_fallback_stop,0.22770796666599216,10.651850924601797
prediction_noise,105,B2,unreached_or_fallback_stop,0.22770796666599216,10.651850924601797
prediction_noise,105,MIKU,unreached_or_fallback_stop,0.22770796666599216,10.651850924601797
prediction_noise,109,B0,unreached_or_fallback_stop,0.28986592503689024,12.948917034406103
prediction_noise,109,B1,unreached_or_fallback_stop,0.28986592503689024,12.948917034406103
prediction_noise,109,B2,unreached_or_fallback_stop,0.28986592503689024,12.948917034406103
prediction_noise,109,MIKU,unreached_or_fallback_stop,0.28986592503689024,12.948917034406103
prediction_noise,110,B0,unreached_or_fallback_stop,0.12390705770797543,11.275543908810416
prediction_noise,110,B1,unreached_or_fallback_stop,0.12390705770797543,11.275543908810416
prediction_noise,110,B2,unreached_or_fallback_stop,0.12390705770797543,11.275543908810416
prediction_noise,110,MIKU,unreached_or_fallback_stop,0.12390705770797543,11.275543908810416
prediction_noise,111,B0,unreached_or_fallback_stop,0.274923146641422,8.46599514040039
prediction_noise,111,B1,unreached_or_fallback_stop,0.274923146641422,8.46599514040039
prediction_noise,111,B2,unreached_or_fallback_stop,0.274923146641422,8.46599514040039
prediction_noise,111,MIKU,unreached_or_fallback_stop,0.274923146641422,8.46599514040039
prediction_noise,112,B0,unreached_or_fallback_stop,0.2125675413071768,10.972362111379509
prediction_noise,112,B1,unreached_or_fallback_stop,0.2125675413071768,10.972362111379509
prediction_noise,112,B2,unreached_or_fallback_stop,0.2125675413071768,10.972362111379509
prediction_noise,112,MIKU,unreached_or_fallback_stop,0.2125675413071768,10.972362111379509
prediction_noise,117,B0,unreached_or_fallback_stop,0.15731562374764033,13.513474322143704
prediction_noise,117,B1,unreached_or_fallback_stop,0.15731562374764033,13.513474322143704
prediction_noise,117,B2,unreached_or_fallback_stop,0.15731562374764033,13.513474322143704
prediction_noise,117,MIKU,unreached_or_fallback_stop,0.15731562374764033,13.513474322143704
prediction_noise,118,B0,collision,1.0,-1.0055983433358724
prediction_noise,118,B1,collision,1.0,-1.0055983433358724
prediction_noise,118,B2,collision,1.0,-1.0055983433358724
prediction_noise,118,MIKU,unreached_or_fallback_stop,0.8391068567179699,0.36437710033172444
prediction_noise,120,B0,unreached_or_fallback_stop,0.2594031694212174,10.944932270793174
prediction_noise,120,B1,unreached_or_fallback_stop,0.2594031694212174,10.944932270793174
prediction_noise,120,B2,unreached_or_fallback_stop,0.2594031694212174,10.944932270793174
prediction_noise,120,MIKU,unreached_or_fallback_stop,0.2594031694212174,10.944932270793174
prediction_noise,121,B0,unreached_or_fallback_stop,0.2635151008143015,15.220268009750498
prediction_noise,121,B1,unreached_or_fallback_stop,0.2635151008143015,15.220268009750498
prediction_noise,121,B2,unreached_or_fallback_stop,0.2635151008143015,15.220268009750498
prediction_noise,121,MIKU,unreached_or_fallback_stop,0.2635151008143015,15.220268009750498
prediction_noise,122,B0,unreached_or_fallback_stop,0.20867357354280444,10.356440804683707
prediction_noise,122,B1,unreached_or_fallback_stop,0.20867357354280444,10.356440804683707
prediction_noise,122,B2,unreached_or_fallback_stop,0.20867357354280444,10.356440804683707
prediction_noise,122,MIKU,unreached_or_fallback_stop,0.20867357354280444,10.356440804683707
prediction_noise,123,B0,unreached_or_fallback_stop,0.14203697726426043,13.213694271558653
prediction_noise,123,B1,unreached_or_fallback_stop,0.14203697726426043,13.213694271558653
prediction_noise,123,B2,unreached_or_fallback_stop,0.14203697726426043,13.213694271558653
prediction_noise,123,MIKU,unreached_or_fallback_stop,0.14203697726426043,13.213694271558653
prediction_noise,124,B0,unreached_or_fallback_stop,0.22880580736545675,8.843718249677881
prediction_noise,124,B1,unreached_or_fallback_stop,0.22880580736545675,8.843718249677881
prediction_noise,124,B2,unreached_or_fallback_stop,0.22880580736545675,8.843718249677881
prediction_noise,124,MIKU,unreached_or_fallback_stop,0.22880580736545675,8.843718249677881
prediction_noise,125,B0,unreached_or_fallback_stop,0.1679959023265551,6.826022743356099
prediction_noise,125,B1,unreached_or_fallback_stop,0.1679959023265551,6.826022743356099
prediction_noise,125,B2,unreached_or_fallback_stop,0.1679959023265551,6.826022743356099
prediction_noise,125,MIKU,unreached_or_fallback_stop,0.1679959023265551,6.826022743356099
prediction_noise,126,B0,unreached_or_fallback_stop,0.20086583057348004,11.302509505734939
prediction_noise,126,B1,unreached_or_fallback_stop,0.20086583057348004,11.302509505734939
prediction_noise,126,B2,unreached_or_fallback_stop,0.20086583057348004,11.302509505734939
prediction_noise,126,MIKU,unreached_or_fallback_stop,0.20086583057348004,11.302509505734939
prediction_noise,127,B0,unreached_or_fallback_stop,0.23332998146679546,6.330827487682232
prediction_noise,127,B1,unreached_or_fallback_stop,0.23332998146679546,6.330827487682232
prediction_noise,127,B2,unreached_or_fallback_stop,0.23332998146679546,6.330827487682232
prediction_noise,127,MIKU,unreached_or_fallback_stop,0.23332998146679546,6.330827487682232
prediction_noise,128,B0,collision,1.0,-0.6725838810278848
prediction_noise,128,B1,collision,1.0,-0.6725838810278848
prediction_noise,128,B2,collision,1.0,-0.6725838810278848
prediction_noise,129,B0,collision,0.8298740048138412,-0.3779809906880154
prediction_noise,129,B1,collision,0.8298740048138412,-0.3779809906880154
prediction_noise,129,B2,collision,0.8298740048138412,-0.3779809906880154
prediction_noise,129,MIKU,unreached_or_fallback_stop,0.7485325413992071,1.3552064144827582
prediction_noise,130,B0,unreached_or_fallback_stop,0.2246604143225522,15.527192444890751
prediction_noise,130,B1,unreached_or_fallback_stop,0.2246604143225522,15.527192444890751
prediction_noise,130,B2,unreached_or_fallback_stop,0.2246604143225522,15.527192444890751
prediction_noise,130,MIKU,unreached_or_fallback_stop,0.2246604143225522,15.527192444890751
prediction_noise,132,B0,collision,1.0,-1.7826672472471385
prediction_noise,132,B1,collision,1.0,-1.7826672472471385
prediction_noise,132,B2,collision,1.0,-1.7826672472471385
prediction_noise,132,MIKU,collision,1.0,-0.7757356773374218
prediction_noise,133,B0,unreached_or_fallback_stop,0.18336785341558595,12.855966263705483
prediction_noise,133,B1,unreached_or_fallback_stop,0.18336785341558595,12.855966263705483
prediction_noise,133,B2,unreached_or_fallback_stop,0.18336785341558595,12.855966263705483
prediction_noise,133,MIKU,unreached_or_fallback_stop,0.18336785341558595,12.855966263705483
prediction_noise,134,B0,unreached_or_fallback_stop,0.23777287090662208,11.018154122045331
prediction_noise,134,B1,unreached_or_fallback_stop,0.23777287090662208,11.018154122045331
prediction_noise,134,B2,unreached_or_fallback_stop,0.23777287090662208,11.018154122045331
prediction_noise,134,MIKU,unreached_or_fallback_stop,0.23777287090662208,11.018154122045331
prediction_noise,135,B0,unreached_or_fallback_stop,0.23723907351663406,7.623449426264417
prediction_noise,135,B1,unreached_or_fallback_stop,0.23723907351663406,7.623449426264417
prediction_noise,135,B2,unreached_or_fallback_stop,0.23723907351663406,7.623449426264417
prediction_noise,135,MIKU,unreached_or_fallback_stop,0.23723907351663406,7.623449426264417
prediction_noise,136,B0,unreached_or_fallback_stop,0.25885833378081524,8.903464420723472
prediction_noise,136,B1,unreached_or_fallback_stop,0.25885833378081524,8.903464420723472
prediction_noise,136,B2,unreached_or_fallback_stop,0.25885833378081524,8.903464420723472
prediction_noise,136,MIKU,unreached_or_fallback_stop,0.25885833378081524,8.903464420723472
prediction_noise,137,B0,unreached_or_fallback_stop,0.1611752501551949,17.946597211025296
prediction_noise,137,B1,unreached_or_fallback_stop,0.1611752501551949,17.946597211025296
prediction_noise,137,B2,unreached_or_fallback_stop,0.1611752501551949,17.946597211025296
prediction_noise,137,MIKU,unreached_or_fallback_stop,0.1611752501551949,17.946597211025296
prediction_noise,138,B0,unreached_or_fallback_stop,0.716641608928401,1.0140860008960004
prediction_noise,138,B1,unreached_or_fallback_stop,0.716641608928401,1.0140860008960004
prediction_noise,138,B2,unreached_or_fallback_stop,0.716641608928401,1.0140860008960004
prediction_noise,138,MIKU,unreached_or_fallback_stop,0.6042423287932558,2.0366652204741644
prediction_noise,139,B0,collision,1.0,-0.9253294915227874
prediction_noise,139,B1,collision,1.0,-0.9253294915227874
prediction_noise,139,B2,collision,1.0,-0.9253294915227874
prediction_noise,140,B0,unreached_or_fallback_stop,0.14968237098488382,9.179696843318814
prediction_noise,140,B1,unreached_or_fallback_stop,0.14968237098488382,9.179696843318814
prediction_noise,140,B2,unreached_or_fallback_stop,0.14968237098488382,9.179696843318814
prediction_noise,140,MIKU,unreached_or_fallback_stop,0.14968237098488382,9.179696843318814
prediction_noise,141,B0,unreached_or_fallback_stop,0.272435832514384,11.94318906663165
prediction_noise,141,B1,unreached_or_fallback_stop,0.272435832514384,11.94318906663165
prediction_noise,141,B2,unreached_or_fallback_stop,0.272435832514384,11.94318906663165
prediction_noise,141,MIKU,unreached_or_fallback_stop,0.272435832514384,11.94318906663165
prediction_noise,142,B0,unreached_or_fallback_stop,0.19272152469956857,13.52533309557451
prediction_noise,142,B1,unreached_or_fallback_stop,0.19272152469956857,13.52533309557451
prediction_noise,142,B2,unreached_or_fallback_stop,0.19272152469956857,13.52533309557451
prediction_noise,142,MIKU,unreached_or_fallback_stop,0.19272152469956857,13.52533309557451
prediction_noise,145,B0,unreached_or_fallback_stop,0.2679642362412226,8.089685213345941
prediction_noise,145,B1,unreached_or_fallback_stop,0.2679642362412226,8.089685213345941
prediction_noise,145,B2,unreached_or_fallback_stop,0.2679642362412226,8.089685213345941
prediction_noise,145,MIKU,unreached_or_fallback_stop,0.2679642362412226,8.089685213345941
prediction_noise,149,B0,unreached_or_fallback_stop,0.24959590282348695,12.003319716007324
prediction_noise,149,B1,unreached_or_fallback_stop,0.24959590282348695,12.003319716007324
prediction_noise,149,B2,unreached_or_fallback_stop,0.24959590282348695,12.003319716007324
prediction_noise,149,MIKU,unreached_or_fallback_stop,0.24959590282348695,12.003319716007324
prediction_noise,150,B0,unreached_or_fallback_stop,0.23277106084845223,5.223562574132742
prediction_noise,150,B1,unreached_or_fallback_stop,0.23277106084845223,5.223562574132742
prediction_noise,150,B2,unreached_or_fallback_stop,0.23277106084845223,5.223562574132742
prediction_noise,150,MIKU,unreached_or_fallback_stop,0.23277106084845223,5.223562574132742
prediction_noise,151,B0,collision,1.0,-1.7296759880030805
prediction_noise,151,B1,collision,1.0,-1.7296759880030805
prediction_noise,151,B2,collision,1.0,-1.7296759880030805
prediction_noise,151,MIKU,collision,1.0,-0.06919637209422902
prediction_noise,152,B0,unreached_or_fallback_stop,0.16385755930015256,15.33920003588841
prediction_noise,152,B1,unreached_or_fallback_stop,0.16385755930015256,15.33920003588841
prediction_noise,152,B2,unreached_or_fallback_stop,0.16385755930015256,15.33920003588841
prediction_noise,152,MIKU,unreached_or_fallback_stop,0.16385755930015256,15.33920003588841
prediction_noise,153,B0,unreached_or_fallback_stop,0.2925113172538865,11.390754988223415
prediction_noise,153,B1,unreached_or_fallback_stop,0.2925113172538865,11.390754988223415
prediction_noise,153,B2,unreached_or_fallback_stop,0.2925113172538865,11.390754988223415
prediction_noise,153,MIKU,unreached_or_fallback_stop,0.2925113172538865,11.390754988223415
prediction_noise,157,MIKU,unreached_or_fallback_stop,0.8138464025127506,3.0857515993929745
prediction_noise,158,B0,unreached_or_fallback_stop,0.21272751775382692,8.793896366847585
prediction_noise,158,B1,unreached_or_fallback_stop,0.21272751775382692,8.793896366847585
prediction_noise,158,B2,unreached_or_fallback_stop,0.21272751775382692,8.793896366847585
prediction_noise,158,MIKU,unreached_or_fallback_stop,0.21272751775382692,8.793896366847585
prediction_noise,159,B1,unreached_or_fallback_stop,0.5609756339598359,5.5739270946204185
prediction_noise,160,B0,unreached_or_fallback_stop,0.19926609447705246,13.757846463882153
prediction_noise,160,B1,unreached_or_fallback_stop,0.19926609447705246,13.757846463882153
prediction_noise,160,B2,unreached_or_fallback_stop,0.19926609447705246,13.757846463882153
prediction_noise,160,MIKU,unreached_or_fallback_stop,0.19926609447705246,13.757846463882153
prediction_noise,161,B0,unreached_or_fallback_stop,0.17908284744410824,15.21095095611063
prediction_noise,161,B1,unreached_or_fallback_stop,0.17908284744410824,15.21095095611063
prediction_noise,161,B2,unreached_or_fallback_stop,0.17908284744410824,15.21095095611063
prediction_noise,161,MIKU,unreached_or_fallback_stop,0.17908284744410824,15.21095095611063
prediction_noise,164,B0,unreached_or_fallback_stop,0.2111952497141648,16.564125459379454
prediction_noise,164,B1,unreached_or_fallback_stop,0.2111952497141648,16.564125459379454
prediction_noise,164,B2,unreached_or_fallback_stop,0.2111952497141648,16.564125459379454
prediction_noise,164,MIKU,unreached_or_fallback_stop,0.2111952497141648,16.564125459379454
prediction_noise,165,B0,unreached_or_fallback_stop,0.17992694439745596,11.722050181357375
prediction_noise,165,B1,unreached_or_fallback_stop,0.17992694439745596,11.722050181357375
prediction_noise,165,B2,unreached_or_fallback_stop,0.17992694439745596,11.722050181357375
prediction_noise,165,MIKU,unreached_or_fallback_stop,0.17992694439745596,11.722050181357375
prediction_noise,167,B0,unreached_or_fallback_stop,0.22245648810700883,6.579239350230809
prediction_noise,167,B1,unreached_or_fallback_stop,0.22245648810700883,6.579239350230809
prediction_noise,167,B2,unreached_or_fallback_stop,0.22245648810700883,6.579239350230809
prediction_noise,167,MIKU,unreached_or_fallback_stop,0.22245648810700883,6.579239350230809
prediction_noise,169,B0,unreached_or_fallback_stop,0.2032560525648539,10.688051848016476
prediction_noise,169,B1,unreached_or_fallback_stop,0.2032560525648539,10.688051848016476
prediction_noise,169,B2,unreached_or_fallback_stop,0.2032560525648539,10.688051848016476
prediction_noise,169,MIKU,unreached_or_fallback_stop,0.2032560525648539,10.688051848016476
prediction_noise,170,B0,collision,1.0,-0.582942772836385
prediction_noise,170,B1,collision,1.0,-0.582942772836385
prediction_noise,170,B2,collision,1.0,-0.582942772836385
prediction_noise,171,B0,unreached_or_fallback_stop,0.27654028253064344,14.718334266418015
prediction_noise,171,B1,unreached_or_fallback_stop,0.27654028253064344,14.718334266418015
prediction_noise,171,B2,unreached_or_fallback_stop,0.27654028253064344,14.718334266418015
prediction_noise,171,MIKU,unreached_or_fallback_stop,0.27654028253064344,14.718334266418015
prediction_noise,173,MIKU,unreached_or_fallback_stop,0.7011763708923171,1.639970796753543
prediction_noise,174,B0,unreached_or_fallback_stop,0.17261360960142097,12.3398959878546
prediction_noise,174,B1,unreached_or_fallback_stop,0.17261360960142097,12.3398959878546
prediction_noise,174,B2,unreached_or_fallback_stop,0.17261360960142097,12.3398959878546
prediction_noise,174,MIKU,unreached_or_fallback_stop,0.17261360960142097,12.3398959878546
prediction_noise,175,B0,unreached_or_fallback_stop,0.14847513397092846,15.318736589075115
prediction_noise,175,B1,unreached_or_fallback_stop,0.14847513397092846,15.318736589075115
prediction_noise,175,B2,unreached_or_fallback_stop,0.14847513397092846,15.318736589075115
prediction_noise,175,MIKU,unreached_or_fallback_stop,0.14847513397092846,15.318736589075115
prediction_noise,176,B0,unreached_or_fallback_stop,0.2697467826584572,4.75583730825155
prediction_noise,176,B1,unreached_or_fallback_stop,0.2697467826584572,4.75583730825155
prediction_noise,176,B2,unreached_or_fallback_stop,0.2697467826584572,4.75583730825155
prediction_noise,176,MIKU,unreached_or_fallback_stop,0.2697467826584572,4.75583730825155
prediction_noise,177,B0,unreached_or_fallback_stop,0.17331096432361867,14.794710189820538
prediction_noise,177,B1,unreached_or_fallback_stop,0.17331096432361867,14.794710189820538
prediction_noise,177,B2,unreached_or_fallback_stop,0.17331096432361867,14.794710189820538
prediction_noise,177,MIKU,unreached_or_fallback_stop,0.17331096432361867,14.794710189820538
prediction_noise,178,B0,unreached_or_fallback_stop,0.16923014199474773,12.612396749260826
prediction_noise,178,B1,unreached_or_fallback_stop,0.16923014199474773,12.612396749260826
prediction_noise,178,B2,unreached_or_fallback_stop,0.16923014199474773,12.612396749260826
prediction_noise,178,MIKU,unreached_or_fallback_stop,0.16923014199474773,12.612396749260826
prediction_noise,179,B0,unreached_or_fallback_stop,0.21710550336446596,8.775085613132504
prediction_noise,179,B1,unreached_or_fallback_stop,0.21710550336446596,8.775085613132504
prediction_noise,179,B2,unreached_or_fallback_stop,0.21710550336446596,8.775085613132504
prediction_noise,179,MIKU,unreached_or_fallback_stop,0.21710550336446596,8.775085613132504
prediction_noise,180,B0,unreached_or_fallback_stop,0.30182408239346054,8.54084627142383
prediction_noise,180,B1,unreached_or_fallback_stop,0.30182408239346054,8.54084627142383
prediction_noise,180,B2,unreached_or_fallback_stop,0.30182408239346054,8.54084627142383
prediction_noise,180,MIKU,unreached_or_fallback_stop,0.30182408239346054,8.54084627142383
prediction_noise,183,B0,collision,1.0,-0.680568326092831
prediction_noise,183,B1,collision,1.0,-0.680568326092831
prediction_noise,183,B2,collision,1.0,-0.680568326092831
prediction_noise,183,MIKU,unreached_or_fallback_stop,0.8634002167009518,0.6567172328460815
prediction_noise,184,B0,unreached_or_fallback_stop,0.2208435514811076,6.251980230649964
prediction_noise,184,B1,unreached_or_fallback_stop,0.2208435514811076,6.251980230649964
prediction_noise,184,B2,unreached_or_fallback_stop,0.2208435514811076,6.251980230649964
prediction_noise,184,MIKU,unreached_or_fallback_stop,0.2208435514811076,6.251980230649964
prediction_noise,185,B0,unreached_or_fallback_stop,0.25985325776875834,12.630418710315956
prediction_noise,185,B1,unreached_or_fallback_stop,0.25985325776875834,12.630418710315956
prediction_noise,185,B2,unreached_or_fallback_stop,0.25985325776875834,12.630418710315956
prediction_noise,185,MIKU,unreached_or_fallback_stop,0.25985325776875834,12.630418710315956
prediction_noise,186,B0,unreached_or_fallback_stop,0.2453024270472786,12.928478982321277
prediction_noise,186,B1,unreached_or_fallback_stop,0.2453024270472786,12.928478982321277
prediction_noise,186,B2,unreached_or_fallback_stop,0.2453024270472786,12.928478982321277
prediction_noise,186,MIKU,unreached_or_fallback_stop,0.2453024270472786,12.928478982321277
prediction_noise,187,B0,unreached_or_fallback_stop,0.24053838408039077,15.172382799039935
prediction_noise,187,B1,unreached_or_fallback_stop,0.24053838408039077,15.172382799039935
prediction_noise,187,B2,unreached_or_fallback_stop,0.24053838408039077,15.172382799039935
prediction_noise,187,MIKU,unreached_or_fallback_stop,0.24053838408039077,15.172382799039935
prediction_noise,188,B0,unreached_or_fallback_stop,0.19076689150864512,7.30184531731177
prediction_noise,188,B1,unreached_or_fallback_stop,0.19076689150864512,7.30184531731177
prediction_noise,188,B2,unreached_or_fallback_stop,0.19076689150864512,7.30184531731177
prediction_noise,188,MIKU,unreached_or_fallback_stop,0.19076689150864512,7.30184531731177
prediction_noise,189,B0,unreached_or_fallback_stop,0.20322256062451816,11.80044722601771
prediction_noise,189,B1,unreached_or_fallback_stop,0.20322256062451816,11.80044722601771
prediction_noise,189,B2,unreached_or_fallback_stop,0.20322256062451816,11.80044722601771
prediction_noise,189,MIKU,unreached_or_fallback_stop,0.20322256062451816,11.80044722601771
prediction_noise,190,B0,unreached_or_fallback_stop,0.18387671427670743,15.367032877185968
prediction_noise,190,B1,unreached_or_fallback_stop,0.18387671427670743,15.367032877185968
prediction_noise,190,B2,unreached_or_fallback_stop,0.18387671427670743,15.367032877185968
prediction_noise,190,MIKU,unreached_or_fallback_stop,0.18387671427670743,15.367032877185968
prediction_noise,191,B0,unreached_or_fallback_stop,0.2616613780592545,11.234554207547717
prediction_noise,191,B1,unreached_or_fallback_stop,0.2616613780592545,11.234554207547717
prediction_noise,191,B2,unreached_or_fallback_stop,0.2616613780592545,11.234554207547717
prediction_noise,191,MIKU,unreached_or_fallback_stop,0.2616613780592545,11.234554207547717
prediction_noise,192,B0,unreached_or_fallback_stop,0.19733178492307926,15.7704884295302
prediction_noise,192,B1,unreached_or_fallback_stop,0.19733178492307926,15.7704884295302
prediction_noise,192,B2,unreached_or_fallback_stop,0.19733178492307926,15.7704884295302
prediction_noise,192,MIKU,unreached_or_fallback_stop,0.19733178492307926,15.7704884295302
prediction_noise,195,B0,unreached_or_fallback_stop,0.22380781409630318,10.754220056789084
prediction_noise,195,B1,unreached_or_fallback_stop,0.22380781409630318,10.754220056789084
prediction_noise,195,B2,unreached_or_fallback_stop,0.22380781409630318,10.754220056789084
prediction_noise,195,MIKU,unreached_or_fallback_stop,0.22380781409630318,10.754220056789084
prediction_noise,196,B0,unreached_or_fallback_stop,0.148876981874516,11.057195670246868
prediction_noise,196,B1,unreached_or_fallback_stop,0.148876981874516,11.057195670246868
prediction_noise,196,B2,unreached_or_fallback_stop,0.148876981874516,11.057195670246868
prediction_noise,196,MIKU,unreached_or_fallback_stop,0.148876981874516,11.057195670246868
prediction_noise,197,B0,unreached_or_fallback_stop,0.8614155972300579,0.7077254160500734
prediction_noise,197,B1,unreached_or_fallback_stop,0.8614155972300579,0.7077254160500734
prediction_noise,197,B2,unreached_or_fallback_stop,0.8614155972300579,0.7077254160500734
prediction_noise,197,MIKU,unreached_or_fallback_stop,0.7800741338065765,2.203280356759154
prediction_noise,198,B0,collision,0.9174840695329999,-0.33744868577839515
prediction_noise,198,B1,collision,0.9174840695329999,-0.33744868577839515
prediction_noise,198,B2,collision,0.9174840695329999,-0.33744868577839515
prediction_noise,198,MIKU,unreached_or_fallback_stop,0.8361426061183657,1.3040111037059345
prediction_noise,199,B0,unreached_or_fallback_stop,0.2641359740394615,7.684186516753585
prediction_noise,199,B1,unreached_or_fallback_stop,0.2641359740394615,7.684186516753585
prediction_noise,199,B2,unreached_or_fallback_stop,0.2641359740394615,7.684186516753585
prediction_noise,199,MIKU,unreached_or_fallback_stop,0.2641359740394615,7.684186516753585
prediction_noise,201,B0,collision,1.0,-1.2933368035647348
prediction_noise,201,B1,collision,1.0,-1.2933368035647348
prediction_noise,201,B2,collision,1.0,-1.2933368035647348
prediction_noise,201,MIKU,collision,1.0,-0.9039771095418923
prediction_noise,203,B0,unreached_or_fallback_stop,0.3047052539158792,6.511353532554748
prediction_noise,203,B1,unreached_or_fallback_stop,0.3047052539158792,6.511353532554748
prediction_noise,203,B2,unreached_or_fallback_stop,0.3047052539158792,6.511353532554748
prediction_noise,203,MIKU,unreached_or_fallback_stop,0.3047052539158792,6.511353532554748
prediction_noise,205,B0,unreached_or_fallback_stop,0.15544183362161493,16.279953802915987
prediction_noise,205,B1,unreached_or_fallback_stop,0.15544183362161493,16.279953802915987
prediction_noise,205,B2,unreached_or_fallback_stop,0.15544183362161493,16.279953802915987
prediction_noise,205,MIKU,unreached_or_fallback_stop,0.15544183362161493,16.279953802915987
prediction_noise,206,B0,unreached_or_fallback_stop,0.30113190625243685,12.489354108426564
prediction_noise,206,B1,unreached_or_fallback_stop,0.30113190625243685,12.489354108426564
prediction_noise,206,B2,unreached_or_fallback_stop,0.30113190625243685,12.489354108426564
prediction_noise,206,MIKU,unreached_or_fallback_stop,0.30113190625243685,12.489354108426564
prediction_noise,207,B0,unreached_or_fallback_stop,0.2718996844367423,12.55580475139459
prediction_noise,207,B1,unreached_or_fallback_stop,0.2718996844367423,12.55580475139459
prediction_noise,207,B2,unreached_or_fallback_stop,0.2718996844367423,12.55580475139459
prediction_noise,207,MIKU,unreached_or_fallback_stop,0.2718996844367423,12.55580475139459
prediction_noise,208,B0,unreached_or_fallback_stop,0.22106203144076306,12.97492160825746
prediction_noise,208,B1,unreached_or_fallback_stop,0.22106203144076306,12.97492160825746
prediction_noise,208,B2,unreached_or_fallback_stop,0.22106203144076306,12.97492160825746
prediction_noise,208,MIKU,unreached_or_fallback_stop,0.22106203144076306,12.97492160825746
prediction_noise,209,B0,collision,1.0,-1.980036175222394
prediction_noise,209,B1,collision,1.0,-1.980036175222394
prediction_noise,209,B2,collision,1.0,-1.980036175222394
prediction_noise,209,MIKU,collision,1.0,-1.3378524819703
prediction_noise,210,B0,collision,1.0,-0.7590460077315007
prediction_noise,210,B1,collision,1.0,-0.7590460077315007
prediction_noise,210,B2,collision,1.0,-0.7590460077315007
prediction_noise,210,MIKU,collision,1.0,-0.2228659980000467
prediction_noise,211,B0,unreached_or_fallback_stop,0.27827942403055544,10.841214027561978
prediction_noise,211,B1,unreached_or_fallback_stop,0.27827942403055544,10.841214027561978
prediction_noise,211,B2,unreached_or_fallback_stop,0.27827942403055544,10.841214027561978
prediction_noise,211,MIKU,unreached_or_fallback_stop,0.27827942403055544,10.841214027561978
prediction_noise,215,B0,unreached_or_fallback_stop,0.19992713683816254,12.671212786246338
prediction_noise,215,B1,unreached_or_fallback_stop,0.19992713683816254,12.671212786246338
prediction_noise,215,B2,unreached_or_fallback_stop,0.19992713683816254,12.671212786246338
prediction_noise,215,MIKU,unreached_or_fallback_stop,0.19992713683816254,12.671212786246338
prediction_noise,216,B0,unreached_or_fallback_stop,0.248663830974934,11.468136403043228
prediction_noise,216,B1,unreached_or_fallback_stop,0.248663830974934,11.468136403043228
prediction_noise,216,B2,unreached_or_fallback_stop,0.248663830974934,11.468136403043228
prediction_noise,216,MIKU,unreached_or_fallback_stop,0.248663830974934,11.468136403043228
prediction_noise,218,B1,unreached_or_fallback_stop,0.5975610004714328,5.623630052161349
prediction_noise,219,B0,unreached_or_fallback_stop,0.2891226002335299,7.776467109248268
prediction_noise,219,B1,unreached_or_fallback_stop,0.2891226002335299,7.776467109248268
prediction_noise,219,B2,unreached_or_fallback_stop,0.2891226002335299,7.776467109248268
prediction_noise,219,MIKU,unreached_or_fallback_stop,0.2891226002335299,7.776467109248268
prediction_noise,220,B0,unreached_or_fallback_stop,0.17426014532424952,12.489212476314965
prediction_noise,220,B1,unreached_or_fallback_stop,0.17426014532424952,12.489212476314965
prediction_noise,220,B2,unreached_or_fallback_stop,0.17426014532424952,12.489212476314965
prediction_noise,220,MIKU,unreached_or_fallback_stop,0.17426014532424952,12.489212476314965
prediction_noise,221,B0,collision,1.0,-0.8919876071489918
prediction_noise,221,B1,collision,1.0,-0.8919876071489918
prediction_noise,221,B2,collision,1.0,-0.8919876071489918
prediction_noise,223,B0,unreached_or_fallback_stop,0.17086378087362855,7.185271256129342
prediction_noise,223,B1,unreached_or_fallback_stop,0.17086378087362855,7.185271256129342
prediction_noise,223,B2,unreached_or_fallback_stop,0.17086378087362855,7.185271256129342
prediction_noise,223,MIKU,unreached_or_fallback_stop,0.17086378087362855,7.185271256129342
prediction_noise,224,B0,unreached_or_fallback_stop,0.18407544096562667,9.661873706915332
prediction_noise,224,B1,unreached_or_fallback_stop,0.18407544096562667,9.661873706915332
prediction_noise,224,B2,unreached_or_fallback_stop,0.18407544096562667,9.661873706915332
prediction_noise,224,MIKU,unreached_or_fallback_stop,0.18407544096562667,9.661873706915332
prediction_noise,225,B0,unreached_or_fallback_stop,0.16543826772240305,15.763558887997227
prediction_noise,225,B1,unreached_or_fallback_stop,0.16543826772240305,15.763558887997227
prediction_noise,225,B2,unreached_or_fallback_stop,0.16543826772240305,15.763558887997227
prediction_noise,225,MIKU,unreached_or_fallback_stop,0.16543826772240305,15.763558887997227
prediction_noise,229,B0,collision,1.0,-1.44915966289292
prediction_noise,229,B1,unreached_or_fallback_stop,0.4268292946781787,3.2629268363511272
prediction_noise,229,B2,collision,1.0,-1.44915966289292
prediction_noise,229,MIKU,unreached_or_fallback_stop,0.4268292946781787,3.2629268363511272
prediction_noise,230,B0,collision,1.0,-1.680828078350978
prediction_noise,230,B1,collision,1.0,-1.680828078350978
prediction_noise,230,B2,collision,1.0,-1.680828078350978
prediction_noise,230,MIKU,collision,1.0,-0.38755104771191395
prediction_noise,231,B0,unreached_or_fallback_stop,0.2094562662350535,15.000899330125419
prediction_noise,231,B1,unreached_or_fallback_stop,0.2094562662350535,15.000899330125419
prediction_noise,231,B2,unreached_or_fallback_stop,0.2094562662350535,15.000899330125419
prediction_noise,231,MIKU,unreached_or_fallback_stop,0.2094562662350535,15.000899330125419
prediction_noise,233,B0,unreached_or_fallback_stop,0.22757270652889486,10.868947690253153
prediction_noise,233,B1,unreached_or_fallback_stop,0.22757270652889486,10.868947690253153
prediction_noise,233,B2,unreached_or_fallback_stop,0.22757270652889486,10.868947690253153
prediction_noise,233,MIKU,unreached_or_fallback_stop,0.22757270652889486,10.868947690253153
prediction_noise,234,B0,unreached_or_fallback_stop,0.15668638973333981,12.567443544795447
prediction_noise,234,B1,unreached_or_fallback_stop,0.15668638973333981,12.567443544795447
prediction_noise,234,B2,unreached_or_fallback_stop,0.15668638973333981,12.567443544795447
prediction_noise,234,MIKU,unreached_or_fallback_stop,0.15668638973333981,12.567443544795447
prediction_noise,235,B0,unreached_or_fallback_stop,0.28535991595515775,6.800365993656616
prediction_noise,235,B1,unreached_or_fallback_stop,0.28535991595515775,6.800365993656616
prediction_noise,235,B2,unreached_or_fallback_stop,0.28535991595515775,6.800365993656616
prediction_noise,235,MIKU,unreached_or_fallback_stop,0.28535991595515775,6.800365993656616
prediction_noise,236,B0,unreached_or_fallback_stop,0.2020381692563125,12.677792047513899
prediction_noise,236,B1,unreached_or_fallback_stop,0.2020381692563125,12.677792047513899
prediction_noise,236,B2,unreached_or_fallback_stop,0.2020381692563125,12.677792047513899
prediction_noise,236,MIKU,unreached_or_fallback_stop,0.2020381692563125,12.677792047513899
prediction_noise,238,B0,unreached_or_fallback_stop,0.18283301492151233,14.136731458304762
prediction_noise,238,B1,unreached_or_fallback_stop,0.18283301492151233,14.136731458304762
prediction_noise,238,B2,unreached_or_fallback_stop,0.18283301492151233,14.136731458304762
prediction_noise,238,MIKU,unreached_or_fallback_stop,0.18283301492151233,14.136731458304762
prediction_noise,239,B0,unreached_or_fallback_stop,0.23839299650627088,8.41334124217319
prediction_noise,239,B1,unreached_or_fallback_stop,0.23839299650627088,8.41334124217319
prediction_noise,239,B2,unreached_or_fallback_stop,0.23839299650627088,8.41334124217319
prediction_noise,239,MIKU,unreached_or_fallback_stop,0.23839299650627088,8.41334124217319
prediction_noise,240,B0,unreached_or_fallback_stop,0.286803890672913,10.827823139514004
prediction_noise,240,B1,unreached_or_fallback_stop,0.286803890672913,10.827823139514004
prediction_noise,240,B2,unreached_or_fallback_stop,0.286803890672913,10.827823139514004
prediction_noise,240,MIKU,unreached_or_fallback_stop,0.286803890672913,10.827823139514004
prediction_noise,241,B0,unreached_or_fallback_stop,0.17038993093780286,17.761685813635616
prediction_noise,241,B1,unreached_or_fallback_stop,0.17038993093780286,17.761685813635616
prediction_noise,241,B2,unreached_or_fallback_stop,0.17038993093780286,17.761685813635616
prediction_noise,241,MIKU,unreached_or_fallback_stop,0.17038993093780286,17.761685813635616
prediction_noise,243,B0,collision,1.0,-0.03449819405914045
prediction_noise,243,B1,collision,1.0,-0.03449819405914045
prediction_noise,243,B2,collision,1.0,-0.03449819405914045
prediction_noise,243,MIKU,unreached_or_fallback_stop,0.8027125637879605,1.7849806050442005
prediction_noise,244,B0,unreached_or_fallback_stop,0.27049483351002235,8.164148727132199
prediction_noise,244,B1,unreached_or_fallback_stop,0.27049483351002235,8.164148727132199
prediction_noise,244,B2,unreached_or_fallback_stop,0.27049483351002235,8.164148727132199
prediction_noise,244,MIKU,unreached_or_fallback_stop,0.27049483351002235,8.164148727132199
prediction_noise,245,B0,unreached_or_fallback_stop,0.15054388433757432,12.112938725302204
prediction_noise,245,B1,unreached_or_fallback_stop,0.15054388433757432,12.112938725302204
prediction_noise,245,B2,unreached_or_fallback_stop,0.15054388433757432,12.112938725302204
prediction_noise,245,MIKU,unreached_or_fallback_stop,0.15054388433757432,12.112938725302204
prediction_noise,250,B0,unreached_or_fallback_stop,0.23500557402884803,10.854050095840048
prediction_noise,250,B1,unreached_or_fallback_stop,0.23500557402884803,10.854050095840048
prediction_noise,250,B2,unreached_or_fallback_stop,0.23500557402884803,10.854050095840048
prediction_noise,250,MIKU,unreached_or_fallback_stop,0.23500557402884803,10.854050095840048
prediction_noise,251,B0,unreached_or_fallback_stop,0.23278874240172,7.861065072331566
prediction_noise,251,B1,unreached_or_fallback_stop,0.23278874240172,7.861065072331566
prediction_noise,251,B2,unreached_or_fallback_stop,0.23278874240172,7.861065072331566
prediction_noise,251,MIKU,unreached_or_fallback_stop,0.23278874240172,7.861065072331566
prediction_noise,252,B0,unreached_or_fallback_stop,0.20240220982942694,12.837181651157554
prediction_noise,252,B1,unreached_or_fallback_stop,0.20240220982942694,12.837181651157554
prediction_noise,252,B2,unreached_or_fallback_stop,0.20240220982942694,12.837181651157554
prediction_noise,252,MIKU,unreached_or_fallback_stop,0.20240220982942694,12.837181651157554
prediction_noise,253,B0,unreached_or_fallback_stop,0.155640540516691,10.832477210414888
prediction_noise,253,B1,unreached_or_fallback_stop,0.155640540516691,10.832477210414888
prediction_noise,253,B2,unreached_or_fallback_stop,0.155640540516691,10.832477210414888
prediction_noise,253,MIKU,unreached_or_fallback_stop,0.155640540516691,10.832477210414888
prediction_noise,254,B0,unreached_or_fallback_stop,0.2225577649782039,8.074883477170678
prediction_noise,254,B1,unreached_or_fallback_stop,0.2225577649782039,8.074883477170678
prediction_noise,254,B2,unreached_or_fallback_stop,0.2225577649782039,8.074883477170678
prediction_noise,254,MIKU,unreached_or_fallback_stop,0.2225577649782039,8.074883477170678
prediction_noise,257,B0,unreached_or_fallback_stop,0.1829484971476734,11.499699778557249
prediction_noise,257,B1,unreached_or_fallback_stop,0.1829484971476734,11.499699778557249
prediction_noise,257,B2,unreached_or_fallback_stop,0.1829484971476734,11.499699778557249
prediction_noise,257,MIKU,unreached_or_fallback_stop,0.1829484971476734,11.499699778557249
prediction_noise,260,B0,collision,1.0,-0.6488121207083033
prediction_noise,260,B1,collision,1.0,-0.6488121207083033
prediction_noise,260,B2,collision,1.0,-0.6488121207083033
prediction_noise,261,B0,unreached_or_fallback_stop,0.2113630520692783,8.128954529477163
prediction_noise,261,B1,unreached_or_fallback_stop,0.2113630520692783,8.128954529477163
prediction_noise,261,B2,unreached_or_fallback_stop,0.2113630520692783,8.128954529477163
prediction_noise,261,MIKU,unreached_or_fallback_stop,0.2113630520692783,8.128954529477163
prediction_noise,264,B0,unreached_or_fallback_stop,0.2198068450901327,11.962997427815864
prediction_noise,264,B1,unreached_or_fallback_stop,0.2198068450901327,11.962997427815864
prediction_noise,264,B2,unreached_or_fallback_stop,0.2198068450901327,11.962997427815864
prediction_noise,264,MIKU,unreached_or_fallback_stop,0.2198068450901327,11.962997427815864
prediction_noise,267,B0,unreached_or_fallback_stop,0.15673198824654558,11.398522687787054
prediction_noise,267,B1,unreached_or_fallback_stop,0.15673198824654558,11.398522687787054
prediction_noise,267,B2,unreached_or_fallback_stop,0.15673198824654558,11.398522687787054
prediction_noise,267,MIKU,unreached_or_fallback_stop,0.15673198824654558,11.398522687787054
prediction_noise,268,B0,unreached_or_fallback_stop,0.8301867257756399,0.9104124557726241
prediction_noise,268,B1,unreached_or_fallback_stop,0.8301867257756399,0.9104124557726241
prediction_noise,268,B2,unreached_or_fallback_stop,0.8301867257756399,0.9104124557726241
prediction_noise,268,MIKU,unreached_or_fallback_stop,0.7332089831592041,2.259105717725612
prediction_noise,270,B0,unreached_or_fallback_stop,0.2145202175589741,9.907946901685088
prediction_noise,270,B1,unreached_or_fallback_stop,0.2145202175589741,9.907946901685088
prediction_noise,270,B2,unreached_or_fallback_stop,0.2145202175589741,9.907946901685088
prediction_noise,270,MIKU,unreached_or_fallback_stop,0.2145202175589741,9.907946901685088
prediction_noise,274,B0,collision,1.0,-1.7857341574494825
prediction_noise,274,B1,collision,1.0,-1.7857341574494825
prediction_noise,274,B2,collision,1.0,-1.7857341574494825
prediction_noise,274,MIKU,collision,1.0,-0.8487367418904448
prediction_noise,275,B0,unreached_or_fallback_stop,0.19206272137160077,12.166244718386894
prediction_noise,275,B1,unreached_or_fallback_stop,0.19206272137160077,12.166244718386894
prediction_noise,275,B2,unreached_or_fallback_stop,0.19206272137160077,12.166244718386894
prediction_noise,275,MIKU,unreached_or_fallback_stop,0.19206272137160077,12.166244718386894
prediction_noise,276,B0,unreached_or_fallback_stop,0.2682835581080564,3.5897829214914827
prediction_noise,276,B1,unreached_or_fallback_stop,0.2682835581080564,3.5897829214914827
prediction_noise,276,B2,unreached_or_fallback_stop,0.2682835581080564,3.5897829214914827
prediction_noise,276,MIKU,unreached_or_fallback_stop,0.2682835581080564,3.5897829214914827
prediction_noise,277,B0,unreached_or_fallback_stop,0.22944332201301318,15.462517285679287
prediction_noise,277,B1,unreached_or_fallback_stop,0.22944332201301318,15.462517285679287
prediction_noise,277,B2,unreached_or_fallback_stop,0.22944332201301318,15.462517285679287
prediction_noise,277,MIKU,unreached_or_fallback_stop,0.22944332201301318,15.462517285679287
prediction_noise,279,B0,unreached_or_fallback_stop,0.16999686145192813,11.93160498295019
prediction_noise,279,B1,unreached_or_fallback_stop,0.16999686145192813,11.93160498295019
prediction_noise,279,B2,unreached_or_fallback_stop,0.16999686145192813,11.93160498295019
prediction_noise,279,MIKU,unreached_or_fallback_stop,0.16999686145192813,11.93160498295019
prediction_noise,280,B0,unreached_or_fallback_stop,0.1595794475572175,15.34214479127308
prediction_noise,280,B1,unreached_or_fallback_stop,0.1595794475572175,15.34214479127308
prediction_noise,280,B2,unreached_or_fallback_stop,0.1595794475572175,15.34214479127308
prediction_noise,280,MIKU,unreached_or_fallback_stop,0.1595794475572175,15.34214479127308
prediction_noise,281,B0,unreached_or_fallback_stop,0.3129032300284355,9.595042862540847
prediction_noise,281,B1,unreached_or_fallback_stop,0.3129032300284355,9.595042862540847
prediction_noise,281,B2,unreached_or_fallback_stop,0.3129032300284355,9.595042862540847
prediction_noise,281,MIKU,unreached_or_fallback_stop,0.3129032300284355,9.595042862540847
prediction_noise,282,B0,unreached_or_fallback_stop,0.210869484607832,8.627562383895766
prediction_noise,282,B1,unreached_or_fallback_stop,0.210869484607832,8.627562383895766
prediction_noise,282,B2,unreached_or_fallback_stop,0.210869484607832,8.627562383895766
prediction_noise,282,MIKU,unreached_or_fallback_stop,0.210869484607832,8.627562383895766
prediction_noise,283,B0,unreached_or_fallback_stop,0.2559871692887662,7.312578112163566
prediction_noise,283,B1,unreached_or_fallback_stop,0.2559871692887662,7.312578112163566
prediction_noise,283,B2,unreached_or_fallback_stop,0.2559871692887662,7.312578112163566
prediction_noise,283,MIKU,unreached_or_fallback_stop,0.2559871692887662,7.312578112163566
prediction_noise,286,B0,collision,1.0,-0.5954291511894629
prediction_noise,286,B1,collision,1.0,-0.5954291511894629
prediction_noise,286,B2,collision,1.0,-0.5954291511894629
prediction_noise,286,MIKU,unreached_or_fallback_stop,0.8482880134686168,1.3843403644106163
prediction_noise,287,B0,unreached_or_fallback_stop,0.22740401903793764,7.4064772148884765
prediction_noise,287,B1,unreached_or_fallback_stop,0.22740401903793764,7.4064772148884765
prediction_noise,287,B2,unreached_or_fallback_stop,0.22740401903793764,7.4064772148884765
prediction_noise,287,MIKU,unreached_or_fallback_stop,0.22740401903793764,7.4064772148884765
prediction_noise,290,B0,unreached_or_fallback_stop,0.17248093632337758,12.625612219069364
prediction_noise,290,B1,unreached_or_fallback_stop,0.17248093632337758,12.625612219069364
prediction_noise,290,B2,unreached_or_fallback_stop,0.17248093632337758,12.625612219069364
prediction_noise,290,MIKU,unreached_or_fallback_stop,0.17248093632337758,12.625612219069364
prediction_noise,291,B0,unreached_or_fallback_stop,0.2342884733011921,7.966100781047605
prediction_noise,291,B1,unreached_or_fallback_stop,0.2342884733011921,7.966100781047605
prediction_noise,291,B2,unreached_or_fallback_stop,0.2342884733011921,7.966100781047605
prediction_noise,291,MIKU,unreached_or_fallback_stop,0.2342884733011921,7.966100781047605
prediction_noise,292,B0,unreached_or_fallback_stop,0.158641773655571,11.075775181756594
prediction_noise,292,B1,unreached_or_fallback_stop,0.158641773655571,11.075775181756594
prediction_noise,292,B2,unreached_or_fallback_stop,0.158641773655571,11.075775181756594
prediction_noise,292,MIKU,unreached_or_fallback_stop,0.158641773655571,11.075775181756594
prediction_noise,294,B0,unreached_or_fallback_stop,0.17160070046219014,14.68430533265742
prediction_noise,294,B1,unreached_or_fallback_stop,0.17160070046219014,14.68430533265742
prediction_noise,294,B2,unreached_or_fallback_stop,0.17160070046219014,14.68430533265742
prediction_noise,294,MIKU,unreached_or_fallback_stop,0.17160070046219014,14.68430533265742
prediction_noise,296,B0,collision,1.0,-0.3121669164731258
prediction_noise,296,B1,collision,1.0,-0.3121669164731258
prediction_noise,296,B2,collision,1.0,-0.3121669164731258
prediction_noise,296,MIKU,unreached_or_fallback_stop,0.8895997653706714,2.4995587420280696
prediction_noise,298,B1,unreached_or_fallback_stop,0.658536610340808,5.573134829377972
prediction_noise,299,B0,unreached_or_fallback_stop,0.24620404089640888,4.81073658996004
prediction_noise,299,B1,unreached_or_fallback_stop,0.24620404089640888,4.81073658996004
prediction_noise,299,B2,unreached_or_fallback_stop,0.24620404089640888,4.81073658996004
prediction_noise,299,MIKU,unreached_or_fallback_stop,0.24620404089640888,4.81073658996004
prediction_noise,300,B0,unreached_or_fallback_stop,0.8730521193760898,0.13226622561598944
prediction_noise,300,B1,unreached_or_fallback_stop,0.8730521193760898,0.13226622561598944
prediction_noise,300,B2,unreached_or_fallback_stop,0.8730521193760898,0.13226622561598944
prediction_noise,300,MIKU,unreached_or_fallback_stop,0.7917106559508109,1.548305632534504
prediction_noise,301,B0,unreached_or_fallback_stop,0.23189020125524745,6.905365443423854
prediction_noise,301,B1,unreached_or_fallback_stop,0.23189020125524745,6.905365443423854
prediction_noise,301,B2,unreached_or_fallback_stop,0.23189020125524745,6.905365443423854
prediction_noise,301,MIKU,unreached_or_fallback_stop,0.23189020125524745,6.905365443423854
prediction_noise,302,B0,unreached_or_fallback_stop,0.23865161377144248,11.16045738768424
prediction_noise,302,B1,unreached_or_fallback_stop,0.23865161377144248,11.16045738768424
prediction_noise,302,B2,unreached_or_fallback_stop,0.23865161377144248,11.16045738768424
prediction_noise,302,MIKU,unreached_or_fallback_stop,0.23865161377144248,11.16045738768424
prediction_noise,305,B0,unreached_or_fallback_stop,0.20852094582998618,14.404231042328934
prediction_noise,305,B1,unreached_or_fallback_stop,0.20852094582998618,14.404231042328934
prediction_noise,305,B2,unreached_or_fallback_stop,0.20852094582998618,14.404231042328934
prediction_noise,305,MIKU,unreached_or_fallback_stop,0.20852094582998618,14.404231042328934
prediction_noise,307,B0,unreached_or_fallback_stop,0.16941368232692358,9.575246210913399
prediction_noise,307,B1,unreached_or_fallback_stop,0.16941368232692358,9.575246210913399
prediction_noise,307,B2,unreached_or_fallback_stop,0.16941368232692358,9.575246210913399
prediction_noise,307,MIKU,unreached_or_fallback_stop,0.16941368232692358,9.575246210913399
prediction_noise,309,B0,collision,0.8685988808036672,-1.7598922472867857
prediction_noise,309,B1,collision,0.8685988808036672,-1.7598922472867857
prediction_noise,309,B2,collision,0.8685988808036672,-1.7598922472867857
prediction_noise,309,MIKU,collision,0.7872574173890331,-0.8235149264917698
prediction_noise,310,B0,unreached_or_fallback_stop,0.16566618440297104,13.047435855975577
prediction_noise,310,B1,unreached_or_fallback_stop,0.16566618440297104,13.047435855975577
prediction_noise,310,B2,unreached_or_fallback_stop,0.16566618440297104,13.047435855975577
prediction_noise,310,MIKU,unreached_or_fallback_stop,0.16566618440297104,13.047435855975577
prediction_noise,311,B0,unreached_or_fallback_stop,0.20550130750347428,8.56394194846417
prediction_noise,311,B1,unreached_or_fallback_stop,0.20550130750347428,8.56394194846417
prediction_noise,311,B2,unreached_or_fallback_stop,0.20550130750347428,8.56394194846417
prediction_noise,311,MIKU,unreached_or_fallback_stop,0.20550130750347428,8.56394194846417
prediction_noise,312,B0,unreached_or_fallback_stop,0.30924079634970497,11.404966064509923
prediction_noise,312,B1,unreached_or_fallback_stop,0.30924079634970497,11.404966064509923
prediction_noise,312,B2,unreached_or_fallback_stop,0.30924079634970497,11.404966064509923
prediction_noise,312,MIKU,unreached_or_fallback_stop,0.30924079634970497,11.404966064509923
prediction_noise,314,B0,unreached_or_fallback_stop,0.27884157930415326,10.695807798079413
prediction_noise,314,B1,unreached_or_fallback_stop,0.27884157930415326,10.695807798079413
prediction_noise,314,B2,unreached_or_fallback_stop,0.27884157930415326,10.695807798079413
prediction_noise,314,MIKU,unreached_or_fallback_stop,0.27884157930415326,10.695807798079413
prediction_noise,315,B0,unreached_or_fallback_stop,0.21763929490233172,7.336953939709231
prediction_noise,315,B1,unreached_or_fallback_stop,0.21763929490233172,7.336953939709231
prediction_noise,315,B2,unreached_or_fallback_stop,0.21763929490233172,7.336953939709231
prediction_noise,315,MIKU,unreached_or_fallback_stop,0.21763929490233172,7.336953939709231
prediction_noise,316,B0,unreached_or_fallback_stop,0.19814341558312876,9.506329239278934
prediction_noise,316,B1,unreached_or_fallback_stop,0.19814341558312876,9.506329239278934
prediction_noise,316,B2,unreached_or_fallback_stop,0.19814341558312876,9.506329239278934
prediction_noise,316,MIKU,unreached_or_fallback_stop,0.19814341558312876,9.506329239278934
prediction_noise,317,B0,unreached_or_fallback_stop,0.3016716983650939,11.107968407732976
prediction_noise,317,B1,unreached_or_fallback_stop,0.3016716983650939,11.107968407732976
prediction_noise,317,B2,unreached_or_fallback_stop,0.3016716983650939,11.107968407732976
prediction_noise,317,MIKU,unreached_or_fallback_stop,0.3016716983650939,11.107968407732976
prediction_noise,318,B0,unreached_or_fallback_stop,0.23425834443850366,14.673246524319373
prediction_noise,318,B1,unreached_or_fallback_stop,0.23425834443850366,14.673246524319373
prediction_noise,318,B2,unreached_or_fallback_stop,0.23425834443850366,14.673246524319373
prediction_noise,318,MIKU,unreached_or_fallback_stop,0.23425834443850366,14.673246524319373
prediction_noise,320,B0,unreached_or_fallback_stop,0.20403648993954487,14.932181424954617
prediction_noise,320,B1,unreached_or_fallback_stop,0.20403648993954487,14.932181424954617
prediction_noise,320,B2,unreached_or_fallback_stop,0.20403648993954487,14.932181424954617
prediction_noise,320,MIKU,unreached_or_fallback_stop,0.20403648993954487,14.932181424954617
prediction_noise,321,B0,unreached_or_fallback_stop,0.15193843214764582,14.624154467142056
prediction_noise,321,B1,unreached_or_fallback_stop,0.15193843214764582,14.624154467142056
prediction_noise,321,B2,unreached_or_fallback_stop,0.15193843214764582,14.624154467142056
prediction_noise,321,MIKU,unreached_or_fallback_stop,0.15193843214764582,14.624154467142056
prediction_noise,322,B0,unreached_or_fallback_stop,0.2542259517623262,15.043296021832424
prediction_noise,322,B1,unreached_or_fallback_stop,0.2542259517623262,15.043296021832424
prediction_noise,322,B2,unreached_or_fallback_stop,0.2542259517623262,15.043296021832424
prediction_noise,322,MIKU,unreached_or_fallback_stop,0.2542259517623262,15.043296021832424
prediction_noise,323,B0,unreached_or_fallback_stop,0.2248048466292286,13.989751525350849
prediction_noise,323,B1,unreached_or_fallback_stop,0.2248048466292286,13.989751525350849
prediction_noise,323,B2,unreached_or_fallback_stop,0.2248048466292286,13.989751525350849
prediction_noise,323,MIKU,unreached_or_fallback_stop,0.2248048466292286,13.989751525350849
prediction_noise,325,B0,unreached_or_fallback_stop,0.24102577290364285,14.6840694176849
prediction_noise,325,B1,unreached_or_fallback_stop,0.24102577290364285,14.6840694176849
prediction_noise,325,B2,unreached_or_fallback_stop,0.24102577290364285,14.6840694176849
prediction_noise,325,MIKU,unreached_or_fallback_stop,0.24102577290364285,14.6840694176849
prediction_noise,327,B0,unreached_or_fallback_stop,0.818873658658065,0.3586804220091562
prediction_noise,327,B1,unreached_or_fallback_stop,0.818873658658065,0.3586804220091562
prediction_noise,327,B2,unreached_or_fallback_stop,0.818873658658065,0.3586804220091562
prediction_noise,327,MIKU,unreached_or_fallback_stop,0.7375321952434309,1.806699634961804
prediction_noise,333,B0,unreached_or_fallback_stop,0.22201009523942394,9.96928282856759
prediction_noise,333,B1,unreached_or_fallback_stop,0.22201009523942394,9.96928282856759
prediction_noise,333,B2,unreached_or_fallback_stop,0.22201009523942394,9.96928282856759
prediction_noise,333,MIKU,unreached_or_fallback_stop,0.22201009523942394,9.96928282856759
prediction_noise,335,B0,unreached_or_fallback_stop,0.22841165131581914,12.92660504237129
prediction_noise,335,B1,unreached_or_fallback_stop,0.22841165131581914,12.92660504237129
prediction_noise,335,B2,unreached_or_fallback_stop,0.22841165131581914,12.92660504237129
prediction_noise,335,MIKU,unreached_or_fallback_stop,0.22841165131581914,12.92660504237129
prediction_noise,336,B1,collision,1.0,-0.8427096836510133
prediction_noise,336,B2,collision,1.0,-0.8427096836510133
prediction_noise,338,B0,unreached_or_fallback_stop,0.23896990662436324,11.242664286462968
prediction_noise,338,B1,unreached_or_fallback_stop,0.23896990662436324,11.242664286462968
prediction_noise,338,B2,unreached_or_fallback_stop,0.23896990662436324,11.242664286462968
prediction_noise,338,MIKU,unreached_or_fallback_stop,0.23896990662436324,11.242664286462968
prediction_noise,339,B0,unreached_or_fallback_stop,0.22503948891411804,7.885283418086086
prediction_noise,339,B1,unreached_or_fallback_stop,0.22503948891411804,7.885283418086086
prediction_noise,339,B2,unreached_or_fallback_stop,0.22503948891411804,7.885283418086086
prediction_noise,339,MIKU,unreached_or_fallback_stop,0.22503948891411804,7.885283418086086
prediction_noise,341,B0,unreached_or_fallback_stop,0.1846919578448172,16.53353025804214
prediction_noise,341,B1,unreached_or_fallback_stop,0.1846919578448172,16.53353025804214
prediction_noise,341,B2,unreached_or_fallback_stop,0.1846919578448172,16.53353025804214
prediction_noise,341,MIKU,unreached_or_fallback_stop,0.1846919578448172,16.53353025804214
prediction_noise,342,B0,unreached_or_fallback_stop,0.7012929354013059,1.8146249475729324
prediction_noise,342,B1,collision,0.7012929354013059,-0.5572721784105803
prediction_noise,342,B2,collision,0.7012929354013059,-0.5572721784105803
prediction_noise,342,MIKU,unreached_or_fallback_stop,0.6199514719866739,2.8876944471608805
prediction_noise,344,B0,unreached_or_fallback_stop,0.18366611627489693,16.05479357168664
prediction_noise,344,B1,unreached_or_fallback_stop,0.18366611627489693,16.05479357168664
prediction_noise,344,B2,unreached_or_fallback_stop,0.18366611627489693,16.05479357168664
prediction_noise,344,MIKU,unreached_or_fallback_stop,0.18366611627489693,16.05479357168664
prediction_noise,345,B0,unreached_or_fallback_stop,0.20092539549815006,9.62660606667741
prediction_noise,345,B1,unreached_or_fallback_stop,0.20092539549815006,9.62660606667741
prediction_noise,345,B2,unreached_or_fallback_stop,0.20092539549815006,9.62660606667741
prediction_noise,345,MIKU,unreached_or_fallback_stop,0.20092539549815006,9.62660606667741
prediction_noise,346,B0,collision,1.0,-0.2703180427379781
prediction_noise,346,B1,collision,1.0,-0.2703180427379781
prediction_noise,346,B2,collision,1.0,-0.2703180427379781
prediction_noise,347,B0,unreached_or_fallback_stop,0.3158313225057834,6.152160638686766
prediction_noise,347,B1,unreached_or_fallback_stop,0.3158313225057834,6.152160638686766
prediction_noise,347,B2,unreached_or_fallback_stop,0.3158313225057834,6.152160638686766
prediction_noise,347,MIKU,unreached_or_fallback_stop,0.3158313225057834,6.152160638686766
prediction_noise,348,B0,unreached_or_fallback_stop,0.29763427198028336,9.020361269622985
prediction_noise,348,B1,unreached_or_fallback_stop,0.29763427198028336,9.020361269622985
prediction_noise,348,B2,unreached_or_fallback_stop,0.29763427198028336,9.020361269622985
prediction_noise,348,MIKU,unreached_or_fallback_stop,0.29763427198028336,9.020361269622985
prediction_noise,350,B0,unreached_or_fallback_stop,0.18427592406732185,14.752260089277582
prediction_noise,350,B1,unreached_or_fallback_stop,0.18427592406732185,14.752260089277582
prediction_noise,350,B2,unreached_or_fallback_stop,0.18427592406732185,14.752260089277582
prediction_noise,350,MIKU,unreached_or_fallback_stop,0.18427592406732185,14.752260089277582
prediction_noise,352,B0,unreached_or_fallback_stop,0.2574196046149406,10.674581890274926
prediction_noise,352,B1,unreached_or_fallback_stop,0.2574196046149406,10.674581890274926
prediction_noise,352,B2,unreached_or_fallback_stop,0.2574196046149406,10.674581890274926
prediction_noise,352,MIKU,unreached_or_fallback_stop,0.2574196046149406,10.674581890274926
prediction_noise,353,B0,unreached_or_fallback_stop,0.2232119886982439,10.333025322591082
prediction_noise,353,B1,unreached_or_fallback_stop,0.2232119886982439,10.333025322591082
prediction_noise,353,B2,unreached_or_fallback_stop,0.2232119886982439,10.333025322591082
prediction_noise,353,MIKU,unreached_or_fallback_stop,0.2232119886982439,10.333025322591082
prediction_noise,354,B0,unreached_or_fallback_stop,0.8301096790241508,3.4158976230325075
prediction_noise,354,B1,unreached_or_fallback_stop,0.8301096790241508,3.4158976230325075
prediction_noise,354,B2,unreached_or_fallback_stop,0.8301096790241508,3.4158976230325075
prediction_noise,354,MIKU,unreached_or_fallback_stop,0.7487682156095167,4.565481835442616
prediction_noise,355,B0,unreached_or_fallback_stop,0.2539570871961521,12.648916942963485
prediction_noise,355,B1,unreached_or_fallback_stop,0.2539570871961521,12.648916942963485
prediction_noise,355,B2,unreached_or_fallback_stop,0.2539570871961521,12.648916942963485
prediction_noise,355,MIKU,unreached_or_fallback_stop,0.2539570871961521,12.648916942963485
prediction_noise,356,B0,unreached_or_fallback_stop,0.26625271697342234,6.957456052632422
prediction_noise,356,B1,unreached_or_fallback_stop,0.26625271697342234,6.957456052632422
prediction_noise,356,B2,unreached_or_fallback_stop,0.26625271697342234,6.957456052632422
prediction_noise,356,MIKU,unreached_or_fallback_stop,0.26625271697342234,6.957456052632422
prediction_noise,358,B0,unreached_or_fallback_stop,0.29849196016142465,12.124906109459733
prediction_noise,358,B1,unreached_or_fallback_stop,0.29849196016142465,12.124906109459733
prediction_noise,358,B2,unreached_or_fallback_stop,0.29849196016142465,12.124906109459733
prediction_noise,358,MIKU,unreached_or_fallback_stop,0.29849196016142465,12.124906109459733
prediction_noise,361,B0,collision,1.0,-0.2655967449674612
prediction_noise,361,B1,collision,1.0,-0.2655967449674612
prediction_noise,361,B2,collision,1.0,-0.2655967449674612
prediction_noise,361,MIKU,unreached_or_fallback_stop,0.7258691760517709,1.5246448295041297
prediction_noise,363,B0,unreached_or_fallback_stop,0.28101305782067715,8.024968022563714
prediction_noise,363,B1,unreached_or_fallback_stop,0.28101305782067715,8.024968022563714
prediction_noise,363,B2,unreached_or_fallback_stop,0.28101305782067715,8.024968022563714
prediction_noise,363,MIKU,unreached_or_fallback_stop,0.28101305782067715,8.024968022563714
prediction_noise,364,B0,collision,1.0,-0.5080750745060794
prediction_noise,364,B1,collision,1.0,-0.5080750745060794
prediction_noise,364,B2,collision,1.0,-0.5080750745060794
prediction_noise,366,B0,unreached_or_fallback_stop,0.3003567726854105,11.993639590677255
prediction_noise,366,B1,unreached_or_fallback_stop,0.3003567726854105,11.993639590677255
prediction_noise,366,B2,unreached_or_fallback_stop,0.3003567726854105,11.993639590677255
prediction_noise,366,MIKU,unreached_or_fallback_stop,0.3003567726854105,11.993639590677255
prediction_noise,369,B0,unreached_or_fallback_stop,0.2613505322089972,8.33089615649225
prediction_noise,369,B1,unreached_or_fallback_stop,0.2613505322089972,8.33089615649225
prediction_noise,369,B2,unreached_or_fallback_stop,0.2613505322089972,8.33089615649225
prediction_noise,369,MIKU,unreached_or_fallback_stop,0.2613505322089972,8.33089615649225
prediction_noise,370,B0,unreached_or_fallback_stop,0.14534253141415363,10.071845681861364
prediction_noise,370,B1,unreached_or_fallback_stop,0.14534253141415363,10.071845681861364
prediction_noise,370,B2,unreached_or_fallback_stop,0.14534253141415363,10.071845681861364
prediction_noise,370,MIKU,unreached_or_fallback_stop,0.14534253141415363,10.071845681861364
prediction_noise,372,B0,unreached_or_fallback_stop,0.2510591566731915,13.815862339641503
prediction_noise,372,B1,unreached_or_fallback_stop,0.2510591566731915,13.815862339641503
prediction_noise,372,B2,unreached_or_fallback_stop,0.2510591566731915,13.815862339641503
prediction_noise,372,MIKU,unreached_or_fallback_stop,0.2510591566731915,13.815862339641503
prediction_noise,374,B0,unreached_or_fallback_stop,0.2629807262864559,6.440476636725169
prediction_noise,374,B1,unreached_or_fallback_stop,0.2629807262864559,6.440476636725169
prediction_noise,374,B2,unreached_or_fallback_stop,0.2629807262864559,6.440476636725169
prediction_noise,374,MIKU,unreached_or_fallback_stop,0.2629807262864559,6.440476636725169
prediction_noise,375,B0,unreached_or_fallback_stop,0.8288587650911511,3.0671650796753163
prediction_noise,375,B1,unreached_or_fallback_stop,0.8288587650911511,3.0671650796753163
prediction_noise,375,B2,unreached_or_fallback_stop,0.8288587650911511,3.0671650796753163
prediction_noise,375,MIKU,unreached_or_fallback_stop,0.747517301676517,4.549002146424524
prediction_noise,377,B0,unreached_or_fallback_stop,0.17696601000828446,8.040332197333266
prediction_noise,377,B1,unreached_or_fallback_stop,0.17696601000828446,8.040332197333266
prediction_noise,377,B2,unreached_or_fallback_stop,0.17696601000828446,8.040332197333266
prediction_noise,377,MIKU,unreached_or_fallback_stop,0.17696601000828446,8.040332197333266
prediction_noise,379,B0,collision,1.0,-1.9635396276793335
prediction_noise,379,B1,collision,1.0,-1.9635396276793335
prediction_noise,379,B2,collision,1.0,-1.9635396276793335
prediction_noise,379,MIKU,collision,1.0,-0.7834738472959817
prediction_noise,380,B0,unreached_or_fallback_stop,0.24747880914137801,11.917252771637614
prediction_noise,380,B1,unreached_or_fallback_stop,0.24747880914137801,11.917252771637614
prediction_noise,380,B2,unreached_or_fallback_stop,0.24747880914137801,11.917252771637614
prediction_noise,380,MIKU,unreached_or_fallback_stop,0.24747880914137801,11.917252771637614
prediction_noise,382,B0,unreached_or_fallback_stop,0.18336081759189732,14.62789866488729
prediction_noise,382,B1,unreached_or_fallback_stop,0.18336081759189732,14.62789866488729
prediction_noise,382,B2,unreached_or_fallback_stop,0.18336081759189732,14.62789866488729
prediction_noise,382,MIKU,unreached_or_fallback_stop,0.18336081759189732,14.62789866488729
prediction_noise,383,B0,collision,1.0,-0.27506225346052404
prediction_noise,383,B1,collision,1.0,-0.27506225346052404
prediction_noise,383,B2,collision,1.0,-0.27506225346052404
prediction_noise,385,B0,unreached_or_fallback_stop,0.2788720155995905,9.518961472083529
prediction_noise,385,B1,unreached_or_fallback_stop,0.2788720155995905,9.518961472083529
prediction_noise,385,B2,unreached_or_fallback_stop,0.2788720155995905,9.518961472083529
prediction_noise,385,MIKU,unreached_or_fallback_stop,0.2788720155995905,9.518961472083529
prediction_noise,386,B0,unreached_or_fallback_stop,0.18455044469361043,14.649904196376898
prediction_noise,386,B1,unreached_or_fallback_stop,0.18455044469361043,14.649904196376898
prediction_noise,386,B2,unreached_or_fallback_stop,0.18455044469361043,14.649904196376898
prediction_noise,386,MIKU,unreached_or_fallback_stop,0.18455044469361043,14.649904196376898
prediction_noise,388,B0,unreached_or_fallback_stop,0.2593369083829946,14.953964564719312
prediction_noise,388,B1,unreached_or_fallback_stop,0.2593369083829946,14.953964564719312
prediction_noise,388,B2,unreached_or_fallback_stop,0.2593369083829946,14.953964564719312
prediction_noise,388,MIKU,unreached_or_fallback_stop,0.2593369083829946,14.953964564719312
prediction_noise,389,B0,collision,1.0,-1.5111274068158664
prediction_noise,389,B1,collision,1.0,-1.5111274068158664
prediction_noise,389,B2,collision,1.0,-1.5111274068158664
prediction_noise,391,B0,unreached_or_fallback_stop,0.8836838608482663,3.2230267322941106
prediction_noise,391,B1,unreached_or_fallback_stop,0.8836838608482663,3.2230267322941106
prediction_noise,391,B2,unreached_or_fallback_stop,0.8836838608482663,3.2230267322941106
prediction_noise,391,MIKU,unreached_or_fallback_stop,0.8023423974336321,4.608573695319224
prediction_noise,392,B1,unreached_or_fallback_stop,0.5121951476171286,4.882017417140495
prediction_noise,395,B0,unreached_or_fallback_stop,0.2283948673148689,12.423486472193996
prediction_noise,395,B1,unreached_or_fallback_stop,0.2283948673148689,12.423486472193996
prediction_noise,395,B2,unreached_or_fallback_stop,0.2283948673148689,12.423486472193996
prediction_noise,395,MIKU,unreached_or_fallback_stop,0.2283948673148689,12.423486472193996
prediction_noise,397,B0,unreached_or_fallback_stop,0.14518012904638766,8.085975098843052
prediction_noise,397,B1,unreached_or_fallback_stop,0.14518012904638766,8.085975098843052
prediction_noise,397,B2,unreached_or_fallback_stop,0.14518012904638766,8.085975098843052
prediction_noise,397,MIKU,unreached_or_fallback_stop,0.14518012904638766,8.085975098843052
prediction_noise,398,MIKU,unreached_or_fallback_stop,0.8932493206490557,2.8541079820883937
prediction_noise,399,B0,unreached_or_fallback_stop,0.2496568891009495,10.825162210411854
prediction_noise,399,B1,unreached_or_fallback_stop,0.2496568891009495,10.825162210411854
prediction_noise,399,B2,unreached_or_fallback_stop,0.2496568891009495,10.825162210411854
prediction_noise,399,MIKU,unreached_or_fallback_stop,0.2496568891009495,10.825162210411854
prediction_noise,403,B0,collision,1.0,-0.4709505842578503
prediction_noise,403,B1,collision,1.0,-0.4709505842578503
prediction_noise,403,B2,collision,1.0,-0.4709505842578503
prediction_noise,404,B0,unreached_or_fallback_stop,0.2034371039173285,13.093886544468816
prediction_noise,404,B1,unreached_or_fallback_stop,0.2034371039173285,13.093886544468816
prediction_noise,404,B2,unreached_or_fallback_stop,0.2034371039173285,13.093886544468816
prediction_noise,404,MIKU,unreached_or_fallback_stop,0.2034371039173285,13.093886544468816
prediction_noise,405,B0,unreached_or_fallback_stop,0.2813071799962984,6.012638750137076
prediction_noise,405,B1,unreached_or_fallback_stop,0.2813071799962984,6.012638750137076
prediction_noise,405,B2,unreached_or_fallback_stop,0.2813071799962984,6.012638750137076
prediction_noise,405,MIKU,unreached_or_fallback_stop,0.2813071799962984,6.012638750137076
prediction_noise,406,B0,collision,1.0,-1.5017995577208936
prediction_noise,406,B1,collision,1.0,-1.5017995577208936
prediction_noise,406,B2,collision,1.0,-1.5017995577208936
prediction_noise,406,MIKU,collision,1.0,-0.9147325614562192
prediction_noise,407,B0,collision,1.0,-1.9299051678789916
prediction_noise,407,B1,collision,1.0,-1.9299051678789916
prediction_noise,407,B2,collision,1.0,-1.9299051678789916
prediction_noise,407,MIKU,collision,1.0,-0.7525018117389042
prediction_noise,409,B0,unreached_or_fallback_stop,0.1858691853076334,14.115005174642137
prediction_noise,409,B1,unreached_or_fallback_stop,0.1858691853076334,14.115005174642137
prediction_noise,409,B2,unreached_or_fallback_stop,0.1858691853076334,14.115005174642137
prediction_noise,409,MIKU,unreached_or_fallback_stop,0.1858691853076334,14.115005174642137
prediction_noise,410,B0,unreached_or_fallback_stop,0.28572918583069395,10.785185504905007
prediction_noise,410,B1,unreached_or_fallback_stop,0.28572918583069395,10.785185504905007
prediction_noise,410,B2,unreached_or_fallback_stop,0.28572918583069395,10.785185504905007
prediction_noise,410,MIKU,unreached_or_fallback_stop,0.28572918583069395,10.785185504905007
prediction_noise,411,B0,unreached_or_fallback_stop,0.24311241614632476,13.04141968207905
prediction_noise,411,B1,unreached_or_fallback_stop,0.24311241614632476,13.04141968207905
prediction_noise,411,B2,unreached_or_fallback_stop,0.24311241614632476,13.04141968207905
prediction_noise,411,MIKU,unreached_or_fallback_stop,0.24311241614632476,13.04141968207905
prediction_noise,413,B0,unreached_or_fallback_stop,0.18702707885647912,12.052235669076396
prediction_noise,413,B1,unreached_or_fallback_stop,0.18702707885647912,12.052235669076396
prediction_noise,413,B2,unreached_or_fallback_stop,0.18702707885647912,12.052235669076396
prediction_noise,413,MIKU,unreached_or_fallback_stop,0.18702707885647912,12.052235669076396
prediction_noise,414,B0,unreached_or_fallback_stop,0.2674483704044753,9.687372402360054
prediction_noise,414,B1,unreached_or_fallback_stop,0.2674483704044753,9.687372402360054
prediction_noise,414,B2,unreached_or_fallback_stop,0.2674483704044753,9.687372402360054
prediction_noise,414,MIKU,unreached_or_fallback_stop,0.2674483704044753,9.687372402360054
prediction_noise,415,B0,unreached_or_fallback_stop,0.18508528389660103,13.095457472509974
prediction_noise,415,B1,unreached_or_fallback_stop,0.18508528389660103,13.095457472509974
prediction_noise,415,B2,unreached_or_fallback_stop,0.18508528389660103,13.095457472509974
prediction_noise,415,MIKU,unreached_or_fallback_stop,0.18508528389660103,13.095457472509974
prediction_noise,416,B0,unreached_or_fallback_stop,0.22054964422917578,10.512589121804998
prediction_noise,416,B1,unreached_or_fallback_stop,0.22054964422917578,10.512589121804998
prediction_noise,416,B2,unreached_or_fallback_stop,0.22054964422917578,10.512589121804998
prediction_noise,416,MIKU,unreached_or_fallback_stop,0.22054964422917578,10.512589121804998
prediction_noise,417,B0,unreached_or_fallback_stop,0.17017718365083329,14.091370639283138
prediction_noise,417,B1,unreached_or_fallback_stop,0.17017718365083329,14.091370639283138
prediction_noise,417,B2,unreached_or_fallback_stop,0.17017718365083329,14.091370639283138
prediction_noise,417,MIKU,unreached_or_fallback_stop,0.17017718365083329,14.091370639283138
prediction_noise,418,B0,collision,1.0,-0.6109971706155379
prediction_noise,418,B1,collision,1.0,-0.6109971706155379
prediction_noise,418,B2,collision,1.0,-0.6109971706155379
prediction_noise,419,B0,collision,1.0,-1.268022544127474
prediction_noise,419,B1,collision,1.0,-1.268022544127474
prediction_noise,419,B2,collision,1.0,-1.268022544127474
prediction_noise,420,B0,unreached_or_fallback_stop,0.9222646620993377,1.2399738678752454
prediction_noise,420,B1,unreached_or_fallback_stop,0.9222646620993377,1.2399738678752454
prediction_noise,420,B2,unreached_or_fallback_stop,0.9222646620993377,1.2399738678752454
prediction_noise,420,MIKU,unreached_or_fallback_stop,0.5487805124780235,5.86001733041375
prediction_noise,422,B0,collision,1.0,-0.35715329769811177
prediction_noise,422,B1,collision,1.0,-0.35715329769811177
prediction_noise,422,B2,collision,1.0,-0.35715329769811177
prediction_noise,423,B0,unreached_or_fallback_stop,0.22576885406141864,7.6339388068849345
prediction_noise,423,B1,unreached_or_fallback_stop,0.22576885406141864,7.6339388068849345
prediction_noise,423,B2,unreached_or_fallback_stop,0.22576885406141864,7.6339388068849345
prediction_noise,423,MIKU,unreached_or_fallback_stop,0.22576885406141864,7.6339388068849345
prediction_noise,424,B0,unreached_or_fallback_stop,0.19087635372912307,8.46756885972549
prediction_noise,424,B1,unreached_or_fallback_stop,0.19087635372912307,8.46756885972549
prediction_noise,424,B2,unreached_or_fallback_stop,0.19087635372912307,8.46756885972549
prediction_noise,424,MIKU,unreached_or_fallback_stop,0.19087635372912307,8.46756885972549
prediction_noise,425,B0,unreached_or_fallback_stop,0.1810760999053723,11.411149402908544
prediction_noise,425,B1,unreached_or_fallback_stop,0.1810760999053723,11.411149402908544
prediction_noise,425,B2,unreached_or_fallback_stop,0.1810760999053723,11.411149402908544
prediction_noise,425,MIKU,unreached_or_fallback_stop,0.1810760999053723,11.411149402908544
prediction_noise,426,B0,collision,1.0,-0.5058934379964093
prediction_noise,426,B1,collision,1.0,-0.5058934379964093
prediction_noise,426,B2,collision,1.0,-0.5058934379964093
prediction_noise,426,MIKU,collision,1.0,-0.5058934379964093
prediction_noise,427,B1,unreached_or_fallback_stop,0.560975636337238,5.593075073148812
prediction_noise,428,B0,unreached_or_fallback_stop,0.1794538576786193,9.53364442327408
prediction_noise,428,B1,unreached_or_fallback_stop,0.1794538576786193,9.53364442327408
prediction_noise,428,B2,unreached_or_fallback_stop,0.1794538576786193,9.53364442327408
prediction_noise,428,MIKU,unreached_or_fallback_stop,0.1794538576786193,9.53364442327408
prediction_noise,430,B0,unreached_or_fallback_stop,0.2208050528306337,11.112630770275278
prediction_noise,430,B1,unreached_or_fallback_stop,0.2208050528306337,11.112630770275278
prediction_noise,430,B2,unreached_or_fallback_stop,0.2208050528306337,11.112630770275278
prediction_noise,430,MIKU,unreached_or_fallback_stop,0.2208050528306337,11.112630770275278
prediction_noise,433,B0,unreached_or_fallback_stop,0.2271923996677168,8.186499676872163
prediction_noise,433,B1,unreached_or_fallback_stop,0.2271923996677168,8.186499676872163
prediction_noise,433,B2,unreached_or_fallback_stop,0.2271923996677168,8.186499676872163
prediction_noise,433,MIKU,unreached_or_fallback_stop,0.2271923996677168,8.186499676872163
prediction_noise,434,B0,unreached_or_fallback_stop,0.21557098726799076,13.88406307461911
prediction_noise,434,B1,unreached_or_fallback_stop,0.21557098726799076,13.88406307461911
prediction_noise,434,B2,unreached_or_fallback_stop,0.21557098726799076,13.88406307461911
prediction_noise,434,MIKU,unreached_or_fallback_stop,0.21557098726799076,13.88406307461911
prediction_noise,435,B0,unreached_or_fallback_stop,0.19224594594330613,7.851555268377718
prediction_noise,435,B1,unreached_or_fallback_stop,0.19224594594330613,7.851555268377718
prediction_noise,435,B2,unreached_or_fallback_stop,0.19224594594330613,7.851555268377718
prediction_noise,435,MIKU,unreached_or_fallback_stop,0.19224594594330613,7.851555268377718
prediction_noise,436,B0,unreached_or_fallback_stop,0.23023515321560092,10.282355703653145
prediction_noise,436,B1,unreached_or_fallback_stop,0.23023515321560092,10.282355703653145
prediction_noise,436,B2,unreached_or_fallback_stop,0.23023515321560092,10.282355703653145
prediction_noise,436,MIKU,unreached_or_fallback_stop,0.23023515321560092,10.282355703653145
prediction_noise,437,B0,unreached_or_fallback_stop,0.30226696082496457,7.7838498927904975
prediction_noise,437,B1,unreached_or_fallback_stop,0.30226696082496457,7.7838498927904975
prediction_noise,437,B2,unreached_or_fallback_stop,0.30226696082496457,7.7838498927904975
prediction_noise,437,MIKU,unreached_or_fallback_stop,0.30226696082496457,7.7838498927904975
prediction_noise,439,B0,unreached_or_fallback_stop,0.288383091220086,12.404646398887563
prediction_noise,439,B1,unreached_or_fallback_stop,0.288383091220086,12.404646398887563
prediction_noise,439,B2,unreached_or_fallback_stop,0.288383091220086,12.404646398887563
prediction_noise,439,MIKU,unreached_or_fallback_stop,0.288383091220086,12.404646398887563
prediction_noise,440,B0,collision,1.0,-1.040801159473654
prediction_noise,440,B1,collision,1.0,-1.040801159473654
prediction_noise,440,B2,collision,1.0,-1.040801159473654
prediction_noise,440,MIKU,collision,0.8775559037619726,-1.217430407447465
prediction_noise,441,B0,unreached_or_fallback_stop,0.17305532040486374,16.324946099911838
prediction_noise,441,B1,unreached_or_fallback_stop,0.17305532040486374,16.324946099911838
prediction_noise,441,B2,unreached_or_fallback_stop,0.17305532040486374,16.324946099911838
prediction_noise,441,MIKU,unreached_or_fallback_stop,0.17305532040486374,16.324946099911838
prediction_noise,442,B0,unreached_or_fallback_stop,0.19529485212065817,13.381931460071044
prediction_noise,442,B1,unreached_or_fallback_stop,0.19529485212065817,13.381931460071044
prediction_noise,442,B2,unreached_or_fallback_stop,0.19529485212065817,13.381931460071044
prediction_noise,442,MIKU,unreached_or_fallback_stop,0.19529485212065817,13.381931460071044
prediction_noise,443,B0,collision,0.9112945299240868,-0.8950192139379105
prediction_noise,443,B1,collision,0.9112945299240868,-0.8950192139379105
prediction_noise,443,B2,collision,0.9112945299240868,-0.8950192139379105
prediction_noise,443,MIKU,unreached_or_fallback_stop,0.8299530665094527,0.5576669070818348
prediction_noise,444,B0,unreached_or_fallback_stop,0.15348903573598655,15.38925579437078
prediction_noise,444,B1,unreached_or_fallback_stop,0.15348903573598655,15.38925579437078
prediction_noise,444,B2,unreached_or_fallback_stop,0.15348903573598655,15.38925579437078
prediction_noise,444,MIKU,unreached_or_fallback_stop,0.15348903573598655,15.38925579437078
prediction_noise,445,B0,unreached_or_fallback_stop,0.18323926807775484,11.153940205322293
prediction_noise,445,B1,unreached_or_fallback_stop,0.18323926807775484,11.153940205322293
prediction_noise,445,B2,unreached_or_fallback_stop,0.18323926807775484,11.153940205322293
prediction_noise,445,MIKU,unreached_or_fallback_stop,0.18323926807775484,11.153940205322293
prediction_noise,446,B0,unreached_or_fallback_stop,0.2393706259789552,7.4062871373735515
prediction_noise,446,B1,unreached_or_fallback_stop,0.2393706259789552,7.4062871373735515
prediction_noise,446,B2,unreached_or_fallback_stop,0.2393706259789552,7.4062871373735515
prediction_noise,446,MIKU,unreached_or_fallback_stop,0.2393706259789552,7.4062871373735515
prediction_noise,448,MIKU,unreached_or_fallback_stop,0.9106059211670608,1.386558669709116
prediction_noise,449,B0,unreached_or_fallback_stop,0.19680448130684902,13.79824659918608
prediction_noise,449,B1,unreached_or_fallback_stop,0.19680448130684902,13.79824659918608
prediction_noise,449,B2,unreached_or_fallback_stop,0.19680448130684902,13.79824659918608
prediction_noise,449,MIKU,unreached_or_fallback_stop,0.19680448130684902,13.79824659918608
prediction_noise,451,B0,unreached_or_fallback_stop,0.18520814228213842,12.485078080877054
prediction_noise,451,B1,unreached_or_fallback_stop,0.18520814228213842,12.485078080877054
prediction_noise,451,B2,unreached_or_fallback_stop,0.18520814228213842,12.485078080877054
prediction_noise,451,MIKU,unreached_or_fallback_stop,0.18520814228213842,12.485078080877054
prediction_noise,453,B0,unreached_or_fallback_stop,0.1848016351767898,8.098944086310956
prediction_noise,453,B1,unreached_or_fallback_stop,0.1848016351767898,8.098944086310956
prediction_noise,453,B2,unreached_or_fallback_stop,0.1848016351767898,8.098944086310956
prediction_noise,453,MIKU,unreached_or_fallback_stop,0.1848016351767898,8.098944086310956
prediction_noise,456,B0,unreached_or_fallback_stop,0.23344884664704438,7.942404541728216
prediction_noise,456,B1,unreached_or_fallback_stop,0.23344884664704438,7.942404541728216
prediction_noise,456,B2,unreached_or_fallback_stop,0.23344884664704438,7.942404541728216
prediction_noise,456,MIKU,unreached_or_fallback_stop,0.23344884664704438,7.942404541728216
prediction_noise,457,MIKU,unreached_or_fallback_stop,0.8389664359206881,1.7668382783654053
prediction_noise,460,B0,unreached_or_fallback_stop,0.27043792995353755,5.70067925569001
prediction_noise,460,B1,unreached_or_fallback_stop,0.27043792995353755,5.70067925569001
prediction_noise,460,B2,unreached_or_fallback_stop,0.27043792995353755,5.70067925569001
prediction_noise,460,MIKU,unreached_or_fallback_stop,0.27043792995353755,5.70067925569001
prediction_noise,461,B0,unreached_or_fallback_stop,0.14815632902216558,15.28517433269042
prediction_noise,461,B1,unreached_or_fallback_stop,0.14815632902216558,15.28517433269042
prediction_noise,461,B2,unreached_or_fallback_stop,0.14815632902216558,15.28517433269042
prediction_noise,461,MIKU,unreached_or_fallback_stop,0.14815632902216558,15.28517433269042
prediction_noise,462,B0,unreached_or_fallback_stop,0.2931793351111223,6.69010586272559
prediction_noise,462,B1,unreached_or_fallback_stop,0.2931793351111223,6.69010586272559
prediction_noise,462,B2,unreached_or_fallback_stop,0.2931793351111223,6.69010586272559
prediction_noise,462,MIKU,unreached_or_fallback_stop,0.2931793351111223,6.69010586272559
prediction_noise,463,B0,unreached_or_fallback_stop,0.24199094990182185,8.280272548427195
prediction_noise,463,B1,unreached_or_fallback_stop,0.24199094990182185,8.280272548427195
prediction_noise,463,B2,unreached_or_fallback_stop,0.24199094990182185,8.280272548427195
prediction_noise,463,MIKU,unreached_or_fallback_stop,0.24199094990182185,8.280272548427195
prediction_noise,464,B0,unreached_or_fallback_stop,0.15476506487875158,9.81875949801984
prediction_noise,464,B1,unreached_or_fallback_stop,0.15476506487875158,9.81875949801984
prediction_noise,464,B2,unreached_or_fallback_stop,0.15476506487875158,9.81875949801984
prediction_noise,464,MIKU,unreached_or_fallback_stop,0.15476506487875158,9.81875949801984
prediction_noise,465,B0,collision,0.8502113010880185,-0.7810534986312436
prediction_noise,465,B1,collision,0.8502113010880185,-0.7810534986312436
prediction_noise,465,B2,collision,0.8502113010880185,-0.7810534986312436
prediction_noise,465,MIKU,unreached_or_fallback_stop,0.7688698376733843,0.9832239183943638
prediction_noise,466,B0,unreached_or_fallback_stop,0.26549362509424557,12.40071053719626
prediction_noise,466,B1,unreached_or_fallback_stop,0.26549362509424557,12.40071053719626
prediction_noise,466,B2,unreached_or_fallback_stop,0.26549362509424557,12.40071053719626
prediction_noise,466,MIKU,unreached_or_fallback_stop,0.26549362509424557,12.40071053719626
prediction_noise,468,B0,unreached_or_fallback_stop,0.2688938375847231,7.7029171210431
prediction_noise,468,B1,unreached_or_fallback_stop,0.2688938375847231,7.7029171210431
prediction_noise,468,B2,unreached_or_fallback_stop,0.2688938375847231,7.7029171210431
prediction_noise,468,MIKU,unreached_or_fallback_stop,0.2688938375847231,7.7029171210431
prediction_noise,471,B0,unreached_or_fallback_stop,0.18008088313810192,11.23353236601324
prediction_noise,471,B1,unreached_or_fallback_stop,0.18008088313810192,11.23353236601324
prediction_noise,471,B2,unreached_or_fallback_stop,0.18008088313810192,11.23353236601324
prediction_noise,471,MIKU,unreached_or_fallback_stop,0.18008088313810192,11.23353236601324
prediction_noise,472,B0,unreached_or_fallback_stop,0.2082455384548129,11.787666735077341
prediction_noise,472,B1,unreached_or_fallback_stop,0.2082455384548129,11.787666735077341
prediction_noise,472,B2,unreached_or_fallback_stop,0.2082455384548129,11.787666735077341
prediction_noise,472,MIKU,unreached_or_fallback_stop,0.2082455384548129,11.787666735077341
prediction_noise,477,B0,unreached_or_fallback_stop,0.24605319940307016,16.120688147182843
prediction_noise,477,B1,unreached_or_fallback_stop,0.24605319940307016,16.120688147182843
prediction_noise,477,B2,unreached_or_fallback_stop,0.24605319940307016,16.120688147182843
prediction_noise,477,MIKU,unreached_or_fallback_stop,0.24605319940307016,16.120688147182843
prediction_noise,478,B0,unreached_or_fallback_stop,0.19432970566304153,8.458193884070216
prediction_noise,478,B1,unreached_or_fallback_stop,0.19432970566304153,8.458193884070216
prediction_noise,478,B2,unreached_or_fallback_stop,0.19432970566304153,8.458193884070216
prediction_noise,478,MIKU,unreached_or_fallback_stop,0.19432970566304153,8.458193884070216
prediction_noise,480,B0,collision,1.0,-0.3934987670416028
prediction_noise,480,B1,collision,1.0,-0.3934987670416028
prediction_noise,480,B2,collision,1.0,-0.3934987670416028
prediction_noise,483,B0,collision,1.0,-0.7189740418331012
prediction_noise,483,B1,collision,1.0,-0.7189740418331012
prediction_noise,483,B2,collision,1.0,-0.7189740418331012
prediction_noise,483,MIKU,collision,1.0,-0.33207345597994387
prediction_noise,486,B0,unreached_or_fallback_stop,0.21595844471063216,14.855236156395781
prediction_noise,486,B1,unreached_or_fallback_stop,0.21595844471063216,14.855236156395781
prediction_noise,486,B2,unreached_or_fallback_stop,0.21595844471063216,14.855236156395781
prediction_noise,486,MIKU,unreached_or_fallback_stop,0.21595844471063216,14.855236156395781
prediction_noise,487,B0,unreached_or_fallback_stop,0.7840775843482233,1.4692749588374223
prediction_noise,487,B1,unreached_or_fallback_stop,0.7840775843482233,1.3683470012057786
prediction_noise,487,B2,unreached_or_fallback_stop,0.7840775843482233,1.3683470012057786
prediction_noise,487,MIKU,unreached_or_fallback_stop,0.7027361209335892,2.5209226343907147
prediction_noise,489,B0,unreached_or_fallback_stop,0.31119916100620704,13.32353256659756
prediction_noise,489,B1,unreached_or_fallback_stop,0.31119916100620704,13.32353256659756
prediction_noise,489,B2,unreached_or_fallback_stop,0.31119916100620704,13.32353256659756
prediction_noise,489,MIKU,unreached_or_fallback_stop,0.31119916100620704,13.32353256659756
prediction_noise,490,B0,unreached_or_fallback_stop,0.23404349639313066,11.689359345923474
prediction_noise,490,B1,unreached_or_fallback_stop,0.23404349639313066,11.689359345923474
prediction_noise,490,B2,unreached_or_fallback_stop,0.23404349639313066,11.689359345923474
prediction_noise,490,MIKU,unreached_or_fallback_stop,0.23404349639313066,11.689359345923474
prediction_noise,491,B0,unreached_or_fallback_stop,0.2281661272849127,6.920067920600493
prediction_noise,491,B1,unreached_or_fallback_stop,0.2281661272849127,6.920067920600493
prediction_noise,491,B2,unreached_or_fallback_stop,0.2281661272849127,6.920067920600493
prediction_noise,491,MIKU,unreached_or_fallback_stop,0.2281661272849127,6.920067920600493
prediction_noise,493,B0,unreached_or_fallback_stop,0.2289525505283299,14.984355186669363
prediction_noise,493,B1,unreached_or_fallback_stop,0.2289525505283299,14.984355186669363
prediction_noise,493,B2,unreached_or_fallback_stop,0.2289525505283299,14.984355186669363
prediction_noise,493,MIKU,unreached_or_fallback_stop,0.2289525505283299,14.984355186669363
prediction_noise,497,B0,unreached_or_fallback_stop,0.23110997074581596,13.31241858855012
prediction_noise,497,B1,unreached_or_fallback_stop,0.23110997074581596,13.31241858855012
prediction_noise,497,B2,unreached_or_fallback_stop,0.23110997074581596,13.31241858855012
prediction_noise,497,MIKU,unreached_or_fallback_stop,0.23110997074581596,13.31241858855012
prediction_noise,498,B0,unreached_or_fallback_stop,0.2188361124202545,12.029658989362515
prediction_noise,498,B1,unreached_or_fallback_stop,0.2188361124202545,12.029658989362515
prediction_noise,498,B2,unreached_or_fallback_stop,0.2188361124202545,12.029658989362515
prediction_noise,498,MIKU,unreached_or_fallback_stop,0.2188361124202545,12.029658989362515
delayed_crossing,0,B1,unreached_or_fallback_stop,0.6812411834494211,0.2107640532380926
delayed_crossing,3,B1,unreached_or_fallback_stop,0.5606060909089318,0.1731656985962765
delayed_crossing,4,B1,unreached_or_fallback_stop,0.3765402956634443,2.0285452278976295
delayed_crossing,4,B2,unreached_or_fallback_stop,0.3765402956634443,2.0285452278976295
delayed_crossing,8,B1,unreached_or_fallback_stop,0.5000000303256373,0.1724080229934897
delayed_crossing,9,B0,unreached_or_fallback_stop,0.7102321633542922,0.09155359015253886
delayed_crossing,9,B1,unreached_or_fallback_stop,0.6733134400340581,0.11486176352730311
delayed_crossing,12,B0,unreached_or_fallback_stop,0.33924031976729974,1.203608366761101
delayed_crossing,12,B1,unreached_or_fallback_stop,0.33924031976729974,1.203608366761101
delayed_crossing,12,B2,unreached_or_fallback_stop,0.33924031976729974,1.203608366761101
delayed_crossing,12,MIKU,unreached_or_fallback_stop,0.33924031976729974,1.203608366761101
delayed_crossing,13,B0,collision,0.3602465821745361,-0.038767454031423565
delayed_crossing,13,B1,collision,0.3602465821745361,-0.038767454031423565
delayed_crossing,13,B2,collision,0.3602465821745361,-0.038767454031423565
delayed_crossing,13,MIKU,collision,0.3602465821745361,-0.038767454031423565
delayed_crossing,14,B1,unreached_or_fallback_stop,0.5000000303030303,0.155147865169035
delayed_crossing,16,B1,unreached_or_fallback_stop,0.6641645321260602,0.15119719140908908
delayed_crossing,18,B0,unreached_or_fallback_stop,0.5209063079483109,0.11574039266646645
delayed_crossing,18,B1,unreached_or_fallback_stop,0.5209063079483109,0.11574039266646645
delayed_crossing,18,B2,unreached_or_fallback_stop,0.5209063079483109,0.11574039266646645
delayed_crossing,19,B0,unreached_or_fallback_stop,0.5722276318177307,0.08222387254450014
delayed_crossing,19,B1,unreached_or_fallback_stop,0.5323004434715362,0.10298214433083366
delayed_crossing,19,B2,unreached_or_fallback_stop,0.6044440267276374,0.08937210739331468
delayed_crossing,20,B0,unreached_or_fallback_stop,0.6526674405501384,0.07174269214792998
delayed_crossing,20,B1,unreached_or_fallback_stop,0.6349110756803851,0.07359019131744081
delayed_crossing,20,B2,unreached_or_fallback_stop,0.6707350733127146,0.06311184662308492
delayed_crossing,22,B0,unreached_or_fallback_stop,0.703595433141411,0.05426491124202603
delayed_crossing,22,B1,unreached_or_fallback_stop,0.5158345709282104,0.18138417662765038
delayed_crossing,22,B2,unreached_or_fallback_stop,0.7388715960096928,0.07049148057212717
delayed_crossing,22,MIKU,unreached_or_fallback_stop,0.6843185926772438,0.12755350091550496
delayed_crossing,23,B0,unreached_or_fallback_stop,0.643945508313425,0.0685993178354495
delayed_crossing,23,B1,unreached_or_fallback_stop,0.5417806706488905,0.16258771370854244
delayed_crossing,23,B2,unreached_or_fallback_stop,0.643945508313425,0.0685993178354495
delayed_crossing,26,B1,unreached_or_fallback_stop,0.48484851515151517,0.16176514570868017
delayed_crossing,27,B0,unreached_or_fallback_stop,0.617224901244539,0.1256939457361113
delayed_crossing,27,B1,unreached_or_fallback_stop,0.5039285872997386,0.16260402394096185
delayed_crossing,27,B2,unreached_or_fallback_stop,0.617224901244539,0.1256939457361113
delayed_crossing,27,MIKU,unreached_or_fallback_stop,0.5987088417968648,0.19763976651011636
delayed_crossing,29,B0,unreached_or_fallback_stop,0.6273263087619124,0.15127691345729316
delayed_crossing,29,B1,unreached_or_fallback_stop,0.5775255989130862,0.163620931050446
delayed_crossing,29,B2,unreached_or_fallback_stop,0.6273263087619124,0.15127691345729316
delayed_crossing,30,B0,unreached_or_fallback_stop,0.6973479769642024,0.08100531304603766
delayed_crossing,30,B1,unreached_or_fallback_stop,0.5309077254732305,0.17590959876307805
delayed_crossing,30,B2,unreached_or_fallback_stop,0.714182832324556,0.08318417612289479
delayed_crossing,30,MIKU,unreached_or_fallback_stop,0.6782655429337084,0.1532491887387843
delayed_crossing,34,B1,unreached_or_fallback_stop,0.4545454848857146,0.1499904840625903
delayed_crossing,37,B0,unreached_or_fallback_stop,0.734320262482409,0.14919446811310988
delayed_crossing,37,B1,unreached_or_fallback_stop,0.6035974139936107,0.15208320999180838
delayed_crossing,37,B2,unreached_or_fallback_stop,0.734320262482409,0.14919446811310988
delayed_crossing,37,MIKU,unreached_or_fallback_stop,0.709965295997793,0.2015770659762972
delayed_crossing,40,B0,unreached_or_fallback_stop,0.5053200028102318,0.09008647237138766
delayed_crossing,40,B1,unreached_or_fallback_stop,0.46331274931190214,0.1526435494253614
delayed_crossing,40,B2,unreached_or_fallback_stop,0.6428363813104645,0.1335900431507991
delayed_crossing,44,B1,unreached_or_fallback_stop,0.5757576060595516,0.15536416997613528
delayed_crossing,45,B0,unreached_or_fallback_stop,0.5113071627537771,0.13283509231915874
delayed_crossing,45,B1,unreached_or_fallback_stop,0.5113071627537771,0.13283509231915874
delayed_crossing,45,B2,unreached_or_fallback_stop,0.5113071627537771,0.13283509231915874
delayed_crossing,46,B0,unreached_or_fallback_stop,0.7138227484165095,0.060453396421279705
delayed_crossing,46,B1,unreached_or_fallback_stop,0.5506044348588998,0.17504008345258232
delayed_crossing,46,MIKU,unreached_or_fallback_stop,0.6939357735743712,0.13552612097031694
delayed_crossing,47,B1,unreached_or_fallback_stop,0.5757576060566878,0.1676891469263602
delayed_crossing,48,B0,unreached_or_fallback_stop,0.724324053928333,0.10087193925154672
delayed_crossing,48,B1,unreached_or_fallback_stop,0.6391641154471094,0.1602426280974329
delayed_crossing,50,B0,unreached_or_fallback_stop,0.464818733372741,0.14464617739115965
delayed_crossing,50,B1,unreached_or_fallback_stop,0.464818733372741,0.14464617739115965
delayed_crossing,50,B2,unreached_or_fallback_stop,0.464818733372741,0.14464617739115965
delayed_crossing,52,B1,unreached_or_fallback_stop,0.6977055394519703,0.1259731070185287
delayed_crossing,55,B1,unreached_or_fallback_stop,0.48484851515151517,0.15210462414209625
delayed_crossing,56,B1,unreached_or_fallback_stop,0.5000000303030301,0.1508436260039212
delayed_crossing,57,B0,unreached_or_fallback_stop,0.6133158614361951,0.054700154107140506
delayed_crossing,57,B1,unreached_or_fallback_stop,0.5950655825441059,0.07506475098782282
delayed_crossing,57,B2,unreached_or_fallback_stop,0.6133158614361951,0.054700154107140506
delayed_crossing,58,B0,unreached_or_fallback_stop,0.5294522204244992,0.1403533542518835
delayed_crossing,58,B1,unreached_or_fallback_stop,0.5294522204244992,0.1403533542518835
delayed_crossing,58,B2,unreached_or_fallback_stop,0.5294522204244992,0.1403533542518835
delayed_crossing,59,B0,unreached_or_fallback_stop,0.645565566784999,0.14527489958350123
delayed_crossing,59,B1,unreached_or_fallback_stop,0.566125088694258,0.15552631054103427
delayed_crossing,59,B2,unreached_or_fallback_stop,0.645565566784999,0.14527489958350123
delayed_crossing,60,B0,unreached_or_fallback_stop,0.5752648672535623,0.04339028772454619
delayed_crossing,60,B1,unreached_or_fallback_stop,0.5009817838719899,0.13441181265301344
delayed_crossing,60,B2,unreached_or_fallback_stop,0.6325037693591025,0.04983236322091675
delayed_crossing,61,B0,unreached_or_fallback_stop,0.36336262634216576,0.8624495033351267
delayed_crossing,61,B1,unreached_or_fallback_stop,0.36336262634216576,0.8624495033351267
delayed_crossing,61,B2,unreached_or_fallback_stop,0.36336262634216576,0.8624495033351267
delayed_crossing,61,MIKU,unreached_or_fallback_stop,0.36336262634216576,0.8624495033351267
delayed_crossing,62,B1,unreached_or_fallback_stop,0.4090909394380894,0.15012496661456654
delayed_crossing,63,B0,unreached_or_fallback_stop,0.4804431122869975,0.09679305110907324
delayed_crossing,63,B1,unreached_or_fallback_stop,0.44983796880068067,0.1330668716734462
delayed_crossing,63,B2,unreached_or_fallback_stop,0.5172754310460002,0.07872377359307961
delayed_crossing,65,B1,unreached_or_fallback_stop,0.6483036606246172,0.10559262481328836
delayed_crossing,66,B1,unreached_or_fallback_stop,0.6611303099148331,0.16384257947096578
delayed_crossing,68,B1,unreached_or_fallback_stop,0.7215919191212713,0.1729883205265279
delayed_crossing,69,B1,unreached_or_fallback_stop,0.5303030606065381,0.16232783817792415
delayed_crossing,70,B0,unreached_or_fallback_stop,0.5429859717447948,0.1513505239441142
delayed_crossing,70,B1,unreached_or_fallback_stop,0.41912261417751545,0.15556329400561397
delayed_crossing,70,B2,unreached_or_fallback_stop,0.5429859717447948,0.1513505239441142
delayed_crossing,70,MIKU,unreached_or_fallback_stop,0.540105822768838,0.19982205271990514
delayed_crossing,72,B1,unreached_or_fallback_stop,0.500000030293444,0.15002408306494042
delayed_crossing,73,B1,unreached_or_fallback_stop,0.3159791707518502,1.9712695792154613
delayed_crossing,73,B2,unreached_or_fallback_stop,0.3159791707518502,1.9712695792154613
delayed_crossing,74,B1,unreached_or_fallback_stop,0.4090909393936593,0.15000554784459696
delayed_crossing,76,B0,unreached_or_fallback_stop,0.6967251539388375,0.13916893832729527
delayed_crossing,76,B1,unreached_or_fallback_stop,0.6602857730916528,0.150171310924876
delayed_crossing,76,B2,unreached_or_fallback_stop,0.6967251539388375,0.13916893832729527
delayed_crossing,77,B0,unreached_or_fallback_stop,0.32659365792407435,1.1986154277347745
delayed_crossing,77,B1,unreached_or_fallback_stop,0.32659365792407435,1.1986154277347745
delayed_crossing,77,B2,unreached_or_fallback_stop,0.32659365792407435,1.1986154277347745
delayed_crossing,78,B0,unreached_or_fallback_stop,0.60530776712062,0.06532565497583065
delayed_crossing,78,B1,unreached_or_fallback_stop,0.4394367571805797,0.16701810028489128
delayed_crossing,78,B2,unreached_or_fallback_stop,0.6745991375789971,0.12465336806851063
delayed_crossing,78,MIKU,unreached_or_fallback_stop,0.5860998725276207,0.13766162535029344
delayed_crossing,79,B0,unreached_or_fallback_stop,0.6394252291042419,0.07348255865463568
delayed_crossing,79,B1,unreached_or_fallback_stop,0.5267912630523406,0.1532119285690302
delayed_crossing,79,B2,unreached_or_fallback_stop,0.6756974571970937,0.06268626670465773
delayed_crossing,80,B1,unreached_or_fallback_stop,0.5000000303021588,0.1499813442931459
delayed_crossing,83,B0,unreached_or_fallback_stop,0.36376894716495933,0.280975820394604
delayed_crossing,83,B1,unreached_or_fallback_stop,0.36376894716495933,0.280975820394604
delayed_crossing,83,B2,unreached_or_fallback_stop,0.36376894716495933,0.280975820394604
delayed_crossing,83,MIKU,unreached_or_fallback_stop,0.36376894716495933,0.280975820394604
delayed_crossing,84,B1,unreached_or_fallback_stop,0.7060067316028528,0.15266253003834848
delayed_crossing,85,B1,unreached_or_fallback_stop,0.48484851515151506,0.1524210420338279
delayed_crossing,89,B1,unreached_or_fallback_stop,0.48484851515151506,0.15300085881259706
delayed_crossing,90,B0,unreached_or_fallback_stop,0.5706723317737348,0.10091147830821724
delayed_crossing,90,B1,unreached_or_fallback_stop,0.5706723317737348,0.10091147830821724
delayed_crossing,90,B2,unreached_or_fallback_stop,0.6402881061877947,0.09198459764826572
delayed_crossing,92,B0,unreached_or_fallback_stop,0.5605093490726777,0.13426577271808607
delayed_crossing,92,B1,unreached_or_fallback_stop,0.45143076984190694,0.1522896206679918
delayed_crossing,92,B2,unreached_or_fallback_stop,0.6065268944962545,0.14392195105366706
delayed_crossing,92,MIKU,unreached_or_fallback_stop,0.5376400323445317,0.20052234649905126
delayed_crossing,93,B0,unreached_or_fallback_stop,0.6087985163227692,0.08014010858879844
delayed_crossing,93,B1,unreached_or_fallback_stop,0.5918023390389847,0.08615877037908747
delayed_crossing,93,B2,unreached_or_fallback_stop,0.6261361251692455,0.09591843952008348
delayed_crossing,94,B1,unreached_or_fallback_stop,0.6944952560966311,0.17565790654219582
delayed_crossing,95,B1,unreached_or_fallback_stop,0.560606090909091,0.15689887835358365
delayed_crossing,96,B1,unreached_or_fallback_stop,0.5151515454511961,0.15897212756726906
delayed_crossing,97,B1,unreached_or_fallback_stop,0.45454548494816804,0.15011168663633123
delayed_crossing,98,B0,unreached_or_fallback_stop,0.6249007578497241,0.15042655808864167
delayed_crossing,98,B1,unreached_or_fallback_stop,0.5260222688640328,0.15409777131726665
delayed_crossing,98,B2,unreached_or_fallback_stop,0.6249007578497241,0.15042655808864167
delayed_crossing,98,MIKU,unreached_or_fallback_stop,0.6210041729166,0.20032003483120708
delayed_crossing,101,B0,unreached_or_fallback_stop,0.36699606997856826,1.2756428961825947
delayed_crossing,101,B1,unreached_or_fallback_stop,0.36699606997856826,1.2756428961825947
delayed_crossing,101,B2,unreached_or_fallback_stop,0.36699606997856826,1.2756428961825947
delayed_crossing,102,B1,unreached_or_fallback_stop,0.6432895769337443,0.20173990006947345
delayed_crossing,103,B1,unreached_or_fallback_stop,0.5606060909090909,0.1534442183454671
delayed_crossing,104,B0,unreached_or_fallback_stop,0.6780774532071658,0.06133888726198401
delayed_crossing,104,B1,unreached_or_fallback_stop,0.5329597715794027,0.1207788049073694
delayed_crossing,104,B2,unreached_or_fallback_stop,0.7142745620981916,0.071648055533843
delayed_crossing,104,MIKU,unreached_or_fallback_stop,0.6581204498297335,0.13788492533585806
delayed_crossing,106,B1,unreached_or_fallback_stop,0.5000000303030303,0.1512108157751304
delayed_crossing,107,B1,unreached_or_fallback_stop,0.5454545756710518,0.15061470028719137
delayed_crossing,108,B0,unreached_or_fallback_stop,0.6331597201242464,0.1368346946694808
delayed_crossing,108,B1,unreached_or_fallback_stop,0.5991135325010964,0.14355156470039823
delayed_crossing,108,B2,unreached_or_fallback_stop,0.6331597201242464,0.1368346946694808
delayed_crossing,112,B1,unreached_or_fallback_stop,0.6743018092573205,0.16294930172254024
delayed_crossing,116,B1,unreached_or_fallback_stop,0.5303030606060606,0.15571021418424755
delayed_crossing,117,B0,unreached_or_fallback_stop,0.6112537517398408,0.14535115227141288
delayed_crossing,117,B1,unreached_or_fallback_stop,0.5279666673972933,0.16429633422893683
delayed_crossing,117,B2,unreached_or_fallback_stop,0.6112537517398408,0.14535115227141288
delayed_crossing,118,B0,unreached_or_fallback_stop,0.6546698645955726,0.05648002745045768
delayed_crossing,118,B1,unreached_or_fallback_stop,0.5974507666099493,0.09808256709440308
delayed_crossing,118,B2,unreached_or_fallback_stop,0.6752774853547294,0.08725384194597555
delayed_crossing,119,B1,unreached_or_fallback_stop,0.4393939696969696,0.15042101668625074
delayed_crossing,120,B1,unreached_or_fallback_stop,0.685712239650234,0.1533560297567515
delayed_crossing,121,B0,unreached_or_fallback_stop,0.4929522502635245,0.09666118646589739
delayed_crossing,121,B1,unreached_or_fallback_stop,0.4929522502635245,0.09666118646589739
delayed_crossing,121,B2,unreached_or_fallback_stop,0.4929522502635245,0.09666118646589739
delayed_crossing,123,B0,unreached_or_fallback_stop,0.33649818403310894,1.2544305590180955
delayed_crossing,123,B1,unreached_or_fallback_stop,0.7399212139658041,0.15100630952749983
delayed_crossing,123,B2,unreached_or_fallback_stop,0.7399212139658041,0.15100630952749983
delayed_crossing,124,B1,unreached_or_fallback_stop,0.678866346570982,0.16645170820106378
delayed_crossing,125,B1,unreached_or_fallback_stop,0.4242424545454543,0.1512513445413899
delayed_crossing,126,B0,unreached_or_fallback_stop,0.3574800995267672,0.11448381936412
delayed_crossing,126,B1,unreached_or_fallback_stop,0.3574800995267672,0.11448381936412
delayed_crossing,126,B2,unreached_or_fallback_stop,0.3574800995267672,0.11448381936412
delayed_crossing,126,MIKU,unreached_or_fallback_stop,0.3574800995267672,0.11448381936412
delayed_crossing,127,B1,unreached_or_fallback_stop,0.5303030606060606,0.1523789733364094
delayed_crossing,128,B1,unreached_or_fallback_stop,0.6669503548451649,0.17532416879471868
delayed_crossing,130,B0,unreached_or_fallback_stop,0.641930426838002,0.15004363548792102
delayed_crossing,130,B1,unreached_or_fallback_stop,0.641930426838002,0.15004363548792102
delayed_crossing,130,B2,unreached_or_fallback_stop,0.641930426838002,0.15004363548792102
delayed_crossing,131,B0,unreached_or_fallback_stop,0.524725785144526,0.13018211935443394
delayed_crossing,131,B1,unreached_or_fallback_stop,0.524725785144526,0.13018211935443394
delayed_crossing,131,B2,unreached_or_fallback_stop,0.524725785144526,0.13018211935443394
delayed_crossing,133,B0,unreached_or_fallback_stop,0.37324787938611964,0.08234593042217186
delayed_crossing,133,B1,unreached_or_fallback_stop,0.37324787938611964,0.08234593042217186
delayed_crossing,133,B2,unreached_or_fallback_stop,0.37324787938611964,0.08234593042217186
delayed_crossing,133,MIKU,unreached_or_fallback_stop,0.37324787938611964,0.08234593042217186
delayed_crossing,134,B1,unreached_or_fallback_stop,0.5757576067745542,0.1532815143305215
delayed_crossing,135,B0,unreached_or_fallback_stop,0.554244961010762,0.10496192033001062
delayed_crossing,135,B1,unreached_or_fallback_stop,0.554244961010762,0.09801687821230225
delayed_crossing,135,B2,unreached_or_fallback_stop,0.6503469939242142,0.08875239873360319
delayed_crossing,138,B0,unreached_or_fallback_stop,0.6533544585390425,0.1172031552642919
delayed_crossing,138,B1,unreached_or_fallback_stop,0.6191266611552553,0.1197422956276115
delayed_crossing,138,B2,unreached_or_fallback_stop,0.6533544585390425,0.1172031552642919
delayed_crossing,139,B0,unreached_or_fallback_stop,0.6465565892695095,0.1396640214631774
delayed_crossing,139,B1,unreached_or_fallback_stop,0.5505236807379897,0.1572032227155753
delayed_crossing,139,B2,unreached_or_fallback_stop,0.6640620745084485,0.14243886767787034
delayed_crossing,140,B1,unreached_or_fallback_stop,0.5454545757575758,0.151639743177038
delayed_crossing,143,B1,unreached_or_fallback_stop,0.6939414730035048,0.13950474878119062
delayed_crossing,144,B1,unreached_or_fallback_stop,0.712677809304711,0.15715696596773926
delayed_crossing,145,B0,unreached_or_fallback_stop,0.4644891231795848,0.08708347683905658
delayed_crossing,145,B1,unreached_or_fallback_stop,0.4462868873837771,0.13258417192294733
delayed_crossing,145,B2,unreached_or_fallback_stop,0.4907531071451535,0.07534593029049101
delayed_crossing,146,B0,unreached_or_fallback_stop,0.7024604839325039,0.1127742481198196
delayed_crossing,146,B1,unreached_or_fallback_stop,0.6676137833702328,0.131758785706666
delayed_crossing,146,B2,unreached_or_fallback_stop,0.7024604839325039,0.1127742481198196
delayed_crossing,147,B1,unreached_or_fallback_stop,0.5000000303030301,0.1513164618572902
delayed_crossing,148,B0,unreached_or_fallback_stop,0.6803689921675269,0.05071700178444392
delayed_crossing,148,B1,unreached_or_fallback_stop,0.5738780414055213,0.1211647036740315
delayed_crossing,148,B2,unreached_or_fallback_stop,0.7166484909546139,0.05723769907730655
delayed_crossing,149,B0,unreached_or_fallback_stop,0.6023773437204271,0.06387291056762277
delayed_crossing,149,B1,unreached_or_fallback_stop,0.46741952864859204,0.15691657297282904
delayed_crossing,149,B2,unreached_or_fallback_stop,0.671314728451545,0.07542283244015856
delayed_crossing,151,B1,unreached_or_fallback_stop,0.5831184868741819,0.20176801416884219
delayed_crossing,152,B0,unreached_or_fallback_stop,0.5572960885337226,0.0542118415430098
delayed_crossing,152,B1,unreached_or_fallback_stop,0.5036676757652575,0.1207944746916873
delayed_crossing,152,B2,unreached_or_fallback_stop,0.6339159265084159,0.05958204413653433
delayed_crossing,153,B0,unreached_or_fallback_stop,0.3963732092799998,0.15199855593022182
delayed_crossing,153,B1,unreached_or_fallback_stop,0.3963732092799998,0.15199855593022182
delayed_crossing,153,B2,unreached_or_fallback_stop,0.3963732092799998,0.15199855593022182
delayed_crossing,156,B0,unreached_or_fallback_stop,0.5595463356718168,0.06115311527491946
delayed_crossing,156,B1,unreached_or_fallback_stop,0.4783417735080645,0.16550737479918903
delayed_crossing,156,B2,unreached_or_fallback_stop,0.6188056117364187,0.06394484923751378
delayed_crossing,157,B0,unreached_or_fallback_stop,0.40641754869041247,0.14691402047168148
delayed_crossing,157,B1,unreached_or_fallback_stop,0.40641754869041247,0.14691402047168148
delayed_crossing,157,B2,unreached_or_fallback_stop,0.40641754869041247,0.14691402047168148
delayed_crossing,158,B0,unreached_or_fallback_stop,0.3533053396865128,0.6266273258769606
delayed_crossing,158,B1,unreached_or_fallback_stop,0.3533053396865128,0.6266273258769606
delayed_crossing,158,B2,unreached_or_fallback_stop,0.3533053396865128,0.6266273258769606
delayed_crossing,161,B1,unreached_or_fallback_stop,0.5437784532627836,0.1938210838408472
delayed_crossing,162,B1,unreached_or_fallback_stop,0.6457922186309535,0.17066715581684394
delayed_crossing,163,B0,unreached_or_fallback_stop,0.4661505925903053,0.1411577306289499
delayed_crossing,163,B1,unreached_or_fallback_stop,0.4661505925903053,0.1411577306289499
delayed_crossing,163,B2,unreached_or_fallback_stop,0.4661505925903053,0.1411577306289499
delayed_crossing,164,B1,unreached_or_fallback_stop,0.43939396969603894,0.14997596309675965
delayed_crossing,167,B0,unreached_or_fallback_stop,0.625326272520394,0.07476421924319157
delayed_crossing,167,B1,unreached_or_fallback_stop,0.5487564233346147,0.14426921889154806
delayed_crossing,167,B2,unreached_or_fallback_stop,0.6637810774041517,0.07115652679160751
delayed_crossing,168,B0,unreached_or_fallback_stop,0.3655155143306843,0.9092512897080813
delayed_crossing,168,B1,unreached_or_fallback_stop,0.3655155143306843,0.9092512897080813
delayed_crossing,168,B2,unreached_or_fallback_stop,0.3655155143306843,0.9092512897080813
delayed_crossing,168,MIKU,unreached_or_fallback_stop,0.3655155143306843,0.9092512897080813
delayed_crossing,169,B0,unreached_or_fallback_stop,0.6882230970598665,0.0336949344620045
delayed_crossing,169,B1,unreached_or_fallback_stop,0.5419125665269766,0.14094730687472165
delayed_crossing,170,B1,unreached_or_fallback_stop,0.4242424545454543,0.15175304985956162
delayed_crossing,171,B1,unreached_or_fallback_stop,0.6337831173798957,0.22295506798709866
delayed_crossing,172,B0,unreached_or_fallback_stop,0.49812864737675255,0.14547739313099134
delayed_crossing,172,B1,unreached_or_fallback_stop,0.49812864737675255,0.13245965812891453
delayed_crossing,172,B2,unreached_or_fallback_stop,0.49812864737675255,0.13245965812891453
delayed_crossing,174,B0,unreached_or_fallback_stop,0.33866276267840956,1.168276967258365
delayed_crossing,174,B1,unreached_or_fallback_stop,0.33866276267840956,1.168276967258365
delayed_crossing,174,B2,unreached_or_fallback_stop,0.33866276267840956,1.168276967258365
delayed_crossing,176,B0,unreached_or_fallback_stop,0.6907789503864546,0.10915975125659703
delayed_crossing,176,B1,unreached_or_fallback_stop,0.6731976754010647,0.12539657404677068
delayed_crossing,176,B2,unreached_or_fallback_stop,0.7087652109199784,0.13324506583892975
delayed_crossing,177,B0,unreached_or_fallback_stop,0.6145188683002816,0.13337916037120257
delayed_crossing,177,B1,unreached_or_fallback_stop,0.533487261172131,0.15893203721989158
delayed_crossing,177,B2,unreached_or_fallback_stop,0.6314505635820208,0.10810561568323698
delayed_crossing,178,B0,unreached_or_fallback_stop,0.6950400962633286,0.10347289376147503
delayed_crossing,178,B1,unreached_or_fallback_stop,0.660478486434446,0.10727720462534493
delayed_crossing,178,B2,unreached_or_fallback_stop,0.7312555243469117,0.08071147897299898
delayed_crossing,181,B0,unreached_or_fallback_stop,0.37390514612364745,0.17924242314825856
delayed_crossing,181,B1,unreached_or_fallback_stop,0.37390514612364745,0.17924242314825856
delayed_crossing,181,B2,unreached_or_fallback_stop,0.37390514612364745,0.17924242314825856
delayed_crossing,182,B0,unreached_or_fallback_stop,0.44476998840787957,0.14533394495639185
delayed_crossing,182,B1,unreached_or_fallback_stop,0.44476998840787957,0.14533394495639185
delayed_crossing,182,B2,unreached_or_fallback_stop,0.44476998840787957,0.14533394495639185
delayed_crossing,183,B1,unreached_or_fallback_stop,0.6822764244561963,0.18671170760245612
delayed_crossing,184,B0,unreached_or_fallback_stop,0.5943355253802778,0.06246622584779177
delayed_crossing,184,B1,unreached_or_fallback_stop,0.5640806071671928,0.09429191543664586
delayed_crossing,184,B2,unreached_or_fallback_stop,0.6306035248458651,0.06568048567162411
delayed_crossing,188,B1,unreached_or_fallback_stop,0.6585189522045647,0.12890447055250712
delayed_crossing,190,B0,unreached_or_fallback_stop,0.6643602100556749,0.11461891077788267
delayed_crossing,190,B1,unreached_or_fallback_stop,0.6643602100556749,0.11126258451682831
delayed_crossing,190,B2,unreached_or_fallback_stop,0.6643602100556749,0.11126258451682831
delayed_crossing,191,B1,unreached_or_fallback_stop,0.45454548461375105,0.15096325916344044
delayed_crossing,193,B0,unreached_or_fallback_stop,0.6424206464076775,0.10088776399572101
delayed_crossing,193,B1,unreached_or_fallback_stop,0.49665390680981986,0.17030800749634092
delayed_crossing,193,B2,unreached_or_fallback_stop,0.6424206464076775,0.10088776399572101
delayed_crossing,193,MIKU,unreached_or_fallback_stop,0.6233326194221419,0.1765498802186282
delayed_crossing,194,B1,unreached_or_fallback_stop,0.5757576060606061,0.17037947892774818
delayed_crossing,195,B0,unreached_or_fallback_stop,0.5278561199124814,0.13118861857177913
delayed_crossing,195,B1,unreached_or_fallback_stop,0.5278561305780072,0.12674885109558287
delayed_crossing,195,B2,unreached_or_fallback_stop,0.5278561305780072,0.12674885109558287
delayed_crossing,196,B1,unreached_or_fallback_stop,0.5639898148457951,0.18979842477800885
delayed_crossing,196,MIKU,unreached_or_fallback_stop,0.7080212410954013,0.1778628179189315
delayed_crossing,199,B1,unreached_or_fallback_stop,0.6464032653373633,0.1770673735202517
delayed_crossing,200,B0,unreached_or_fallback_stop,0.36292356821558425,0.5083112357050052
delayed_crossing,200,B1,unreached_or_fallback_stop,0.36292356821558425,0.5083112357050052
delayed_crossing,200,B2,unreached_or_fallback_stop,0.36292356821558425,0.5083112357050052
delayed_crossing,200,MIKU,unreached_or_fallback_stop,0.36292356821558425,0.5083112357050052
delayed_crossing,201,B0,unreached_or_fallback_stop,0.7007166843323641,0.14260966507034534
delayed_crossing,201,B1,unreached_or_fallback_stop,0.5756635880418499,0.1650128386553686
delayed_crossing,201,B2,unreached_or_fallback_stop,0.7007166843323641,0.14260966507034534
delayed_crossing,201,MIKU,unreached_or_fallback_stop,0.6786884922933552,0.21005549351211208
delayed_crossing,202,B0,unreached_or_fallback_stop,0.5489684277222597,0.15098525921669412
delayed_crossing,202,B1,unreached_or_fallback_stop,0.5489684277222597,0.15098525921669412
delayed_crossing,202,B2,unreached_or_fallback_stop,0.5489684277222597,0.15098525921669412
delayed_crossing,203,B0,unreached_or_fallback_stop,0.47032691918404274,0.10592036485811346
delayed_crossing,203,B1,unreached_or_fallback_stop,0.4632192042920059,0.13266293339610177
delayed_crossing,203,B2,unreached_or_fallback_stop,0.47032691918404274,0.10592036485811346
delayed_crossing,205,B1,unreached_or_fallback_stop,0.6780670366591065,0.1241933732385304
delayed_crossing,207,B1,unreached_or_fallback_stop,0.6158917440258563,0.17194498931950422
delayed_crossing,210,B1,unreached_or_fallback_stop,0.5151515454545454,0.15092586857699297
delayed_crossing,211,B0,unreached_or_fallback_stop,0.33710269822645184,1.3414791742985845
delayed_crossing,211,B1,unreached_or_fallback_stop,0.33710269822645184,1.3414791742985845
delayed_crossing,211,B2,unreached_or_fallback_stop,0.33710269822645184,1.3414791742985845
delayed_crossing,211,MIKU,unreached_or_fallback_stop,0.33710269822645184,1.3414791742985845
delayed_crossing,212,B1,unreached_or_fallback_stop,0.667571250981791,0.15257602988493324
delayed_crossing,215,B0,unreached_or_fallback_stop,0.3498152189376606,1.0773281047595735
delayed_crossing,215,B1,unreached_or_fallback_stop,0.3498152189376606,1.0773281047595735
delayed_crossing,215,B2,unreached_or_fallback_stop,0.3498152189376606,1.0773281047595735
delayed_crossing,216,B1,unreached_or_fallback_stop,0.7759501283767918,0.14999991875488528
delayed_crossing,218,B0,unreached_or_fallback_stop,0.32278282619298315,1.0824149343777987
delayed_crossing,218,B1,unreached_or_fallback_stop,0.32278282619298315,1.0824149343777987
delayed_crossing,218,B2,unreached_or_fallback_stop,0.32278282619298315,1.0824149343777987
delayed_crossing,220,B0,unreached_or_fallback_stop,0.7016662607392529,0.1344898151938686
delayed_crossing,220,B1,unreached_or_fallback_stop,0.6640073188149699,0.1443292039985775
delayed_crossing,220,B2,unreached_or_fallback_stop,0.7016662607392529,0.1344898151938686
delayed_crossing,223,B0,unreached_or_fallback_stop,0.701690625825997,0.15030448788052658
delayed_crossing,223,B1,unreached_or_fallback_stop,0.5662442049320928,0.15326784930196413
delayed_crossing,223,B2,unreached_or_fallback_stop,0.701690625825997,0.15030448788052658
delayed_crossing,223,MIKU,unreached_or_fallback_stop,0.6962676583383306,0.20022837953511205
delayed_crossing,227,B0,unreached_or_fallback_stop,0.36905328305111795,0.8861032272626415
delayed_crossing,227,B1,unreached_or_fallback_stop,0.36905328305111795,0.8861032272626415
delayed_crossing,227,B2,unreached_or_fallback_stop,0.36905328305111795,0.8861032272626415
delayed_crossing,230,B1,unreached_or_fallback_stop,0.578020178103781,0.19627193294830078
delayed_crossing,230,MIKU,unreached_or_fallback_stop,0.7033744272488447,0.1576516792963045
delayed_crossing,233,B0,unreached_or_fallback_stop,0.600127795216765,0.10098840189781162
delayed_crossing,233,B1,unreached_or_fallback_stop,0.5153789810379447,0.14701848979605517
delayed_crossing,233,B2,unreached_or_fallback_stop,0.600127795216765,0.10098840189781162
delayed_crossing,234,B1,unreached_or_fallback_stop,0.5454545757509686,0.1717729434904296
delayed_crossing,236,B0,unreached_or_fallback_stop,0.6092756298183867,0.047254132489492236
delayed_crossing,236,B1,unreached_or_fallback_stop,0.5156104084240346,0.11134098400365545
delayed_crossing,236,B2,unreached_or_fallback_stop,0.6259708667600229,0.06187279528750415
delayed_crossing,238,B0,unreached_or_fallback_stop,0.33385302635353564,2.0339987579010175
delayed_crossing,238,B1,unreached_or_fallback_stop,0.33385302635353564,2.0339987579010175
delayed_crossing,238,B2,unreached_or_fallback_stop,0.33385302635353564,2.0339987579010175
delayed_crossing,239,B0,unreached_or_fallback_stop,0.5012900836577178,0.08424234445836493
delayed_crossing,239,B1,unreached_or_fallback_stop,0.48297985189901504,0.144416666559206
delayed_crossing,239,B2,unreached_or_fallback_stop,0.5012900836577178,0.08424234445836493
delayed_crossing,240,B1,unreached_or_fallback_stop,0.7097649419162044,0.13149717282519274
delayed_crossing,241,B0,unreached_or_fallback_stop,0.37605174288197935,0.46774211674985233
delayed_crossing,241,B1,unreached_or_fallback_stop,0.37605174288197935,0.46774211674985233
delayed_crossing,241,B2,unreached_or_fallback_stop,0.37605174288197935,0.46774211674985233
delayed_crossing,242,B1,unreached_or_fallback_stop,0.6405213289680576,0.20891137017612268
delayed_crossing,243,B0,unreached_or_fallback_stop,0.34773380500105405,1.1130799356210823
delayed_crossing,243,B1,unreached_or_fallback_stop,0.34773380500105405,1.1130799356210823
delayed_crossing,243,B2,unreached_or_fallback_stop,0.34773380500105405,1.1130799356210823
delayed_crossing,243,MIKU,unreached_or_fallback_stop,0.34773380500105405,1.1130799356210823
delayed_crossing,244,B0,unreached_or_fallback_stop,0.5847803788664254,0.14066809893621635
delayed_crossing,244,B1,unreached_or_fallback_stop,0.5847803788664254,0.14066809893621635
delayed_crossing,244,B2,unreached_or_fallback_stop,0.5847803788664254,0.14066809893621635
delayed_crossing,246,B1,unreached_or_fallback_stop,0.3644368070388007,1.9550667845433076
delayed_crossing,246,B2,unreached_or_fallback_stop,0.3644368070388007,1.9550667845433076
delayed_crossing,247,B0,unreached_or_fallback_stop,0.7885566306370863,0.1516194179309278
delayed_crossing,247,B1,unreached_or_fallback_stop,0.7278928960752421,0.151695720170832
delayed_crossing,247,B2,unreached_or_fallback_stop,0.7885566306370863,0.1516194179309278
delayed_crossing,248,B0,unreached_or_fallback_stop,0.4908975644388018,0.15253101218610618
delayed_crossing,248,B1,unreached_or_fallback_stop,0.4908975644388018,0.15253101218610618
delayed_crossing,248,B2,unreached_or_fallback_stop,0.4908975644388018,0.15253101218610618
delayed_crossing,249,B0,unreached_or_fallback_stop,0.5499911658676501,0.13673289434328761
delayed_crossing,249,B1,unreached_or_fallback_stop,0.5146841720853824,0.14858926953423734
delayed_crossing,249,B2,unreached_or_fallback_stop,0.5499911658676501,0.13673289434328761
delayed_crossing,252,B1,unreached_or_fallback_stop,0.3037153316378583,1.9915640698762371
delayed_crossing,252,B2,unreached_or_fallback_stop,0.3037153316378583,1.9915640698762371
delayed_crossing,253,B0,unreached_or_fallback_stop,0.3687335516354136,1.1753750156910052
delayed_crossing,253,B1,unreached_or_fallback_stop,0.3687335516354136,1.1753750156910052
delayed_crossing,253,B2,unreached_or_fallback_stop,0.3687335516354136,1.1753750156910052
delayed_crossing,254,B1,unreached_or_fallback_stop,0.5151515454545452,0.1583025528702291
delayed_crossing,255,B0,unreached_or_fallback_stop,0.4702557868658382,0.14738589867406368
delayed_crossing,255,B1,unreached_or_fallback_stop,0.4604956960678103,0.1466645881600025
delayed_crossing,255,B2,unreached_or_fallback_stop,0.4702557868658382,0.14738589867406368
delayed_crossing,256,B0,unreached_or_fallback_stop,0.6610715032268447,0.10786168074203889
delayed_crossing,256,B1,unreached_or_fallback_stop,0.6242520314670923,0.10403432716326592
delayed_crossing,256,B2,unreached_or_fallback_stop,0.6610715032268447,0.10786168074203889
delayed_crossing,257,B0,unreached_or_fallback_stop,0.48542620647999496,0.11534615760432483
delayed_crossing,257,B1,unreached_or_fallback_stop,0.4716444479084541,0.11700414727948692
delayed_crossing,257,B2,unreached_or_fallback_stop,0.5009168757470893,0.09146184476084676
delayed_crossing,259,B0,unreached_or_fallback_stop,0.5679478857857085,0.110703513116082
delayed_crossing,259,B1,unreached_or_fallback_stop,0.5156845670518369,0.15682090521156183
delayed_crossing,259,B2,unreached_or_fallback_stop,0.5840609135561391,0.13049063329672814
delayed_crossing,260,B1,unreached_or_fallback_stop,0.45454548484848495,0.15036604793468955
delayed_crossing,262,B0,unreached_or_fallback_stop,0.34935353192744895,0.5333578627541304
delayed_crossing,262,B1,unreached_or_fallback_stop,0.34935353192744895,0.5333578627541304
delayed_crossing,262,B2,unreached_or_fallback_stop,0.34935353192744895,0.5333578627541304
delayed_crossing,263,B0,unreached_or_fallback_stop,0.41494189308104357,0.13842313281209764
delayed_crossing,263,B1,unreached_or_fallback_stop,0.41494189308104357,0.13842313281209764
delayed_crossing,263,B2,unreached_or_fallback_stop,0.41494189308104357,0.13842313281209764
delayed_crossing,265,B0,unreached_or_fallback_stop,0.7198703823720349,0.09416599303351544
delayed_crossing,265,B1,unreached_or_fallback_stop,0.6183799567456335,0.15098249289205604
delayed_crossing,265,MIKU,unreached_or_fallback_stop,0.6995815133264371,0.16966418875083267
delayed_crossing,266,B0,unreached_or_fallback_stop,0.685224434193327,0.14334582680177008
delayed_crossing,266,B1,unreached_or_fallback_stop,0.6136077991457003,0.15462288566194404
delayed_crossing,266,B2,unreached_or_fallback_stop,0.685224434193327,0.14334582680177008
delayed_crossing,267,B0,unreached_or_fallback_stop,0.5795620653208894,0.11042755972642158
delayed_crossing,267,B1,unreached_or_fallback_stop,0.4899518517983985,0.1391443036463309
delayed_crossing,267,B2,unreached_or_fallback_stop,0.5958812113549933,0.09134702454508511
delayed_crossing,272,B0,unreached_or_fallback_stop,0.3772110032508292,0.8740677266911647
delayed_crossing,272,B1,unreached_or_fallback_stop,0.3772110032508292,0.8740677266911647
delayed_crossing,272,B2,unreached_or_fallback_stop,0.3772110032508292,0.8740677266911647
delayed_crossing,272,MIKU,unreached_or_fallback_stop,0.3772110032508292,0.8740677266911647
delayed_crossing,273,B0,unreached_or_fallback_stop,0.5696569084713499,0.14688371522517765
delayed_crossing,273,B1,unreached_or_fallback_stop,0.5696569084713499,0.1302010936558582
delayed_crossing,273,B2,unreached_or_fallback_stop,0.5696569084713499,0.1302010936558582
delayed_crossing,274,B1,unreached_or_fallback_stop,0.6862904481808277,0.14807895165294027
delayed_crossing,276,B1,unreached_or_fallback_stop,0.5606060909090909,0.15874446948770665
delayed_crossing,278,B0,unreached_or_fallback_stop,0.6987076504109428,0.08287490356466798
delayed_crossing,278,B1,unreached_or_fallback_stop,0.5014772843313088,0.18983772177641678
delayed_crossing,278,MIKU,unreached_or_fallback_stop,0.6963892312085768,0.11948685969554819
delayed_crossing,280,B1,unreached_or_fallback_stop,0.5926951424144768,0.15735625262214034
delayed_crossing,282,B1,unreached_or_fallback_stop,0.7062394710121502,0.18733871933849394
delayed_crossing,283,B0,unreached_or_fallback_stop,0.6772132026496158,0.10730504162171114
delayed_crossing,283,B1,unreached_or_fallback_stop,0.5728511139924308,0.13840577272732507
delayed_crossing,283,B2,unreached_or_fallback_stop,0.7110599281956221,0.06823951454184277
delayed_crossing,283,MIKU,unreached_or_fallback_stop,0.6579027898646473,0.18228688660618853
delayed_crossing,284,B0,unreached_or_fallback_stop,0.3206676068502076,1.9269697361355207
delayed_crossing,284,B1,unreached_or_fallback_stop,0.3206676068502076,1.9269697361355207
delayed_crossing,284,B2,unreached_or_fallback_stop,0.3206676068502076,1.9269697361355207
delayed_crossing,285,B1,unreached_or_fallback_stop,0.7057995030378461,0.176289755996804
delayed_crossing,286,B1,unreached_or_fallback_stop,0.5454545757575756,0.17127173894156342
delayed_crossing,288,B0,unreached_or_fallback_stop,0.4766397518321094,0.14760762169701266
delayed_crossing,288,B1,unreached_or_fallback_stop,0.4766397518321094,0.14760762169701266
delayed_crossing,288,B2,unreached_or_fallback_stop,0.4766397518321094,0.14760762169701266
delayed_crossing,290,B0,unreached_or_fallback_stop,0.7178060704507015,0.06547529771738696
delayed_crossing,290,B1,unreached_or_fallback_stop,0.6450856840962873,0.13227144053939308
delayed_crossing,290,B2,unreached_or_fallback_stop,0.7178060704507015,0.06547529771738696
delayed_crossing,291,B1,unreached_or_fallback_stop,0.7057830520958456,0.10797468822492823
delayed_crossing,292,B1,unreached_or_fallback_stop,0.7069593758294554,0.18661362488520655
delayed_crossing,294,B0,unreached_or_fallback_stop,0.7353567774137577,0.0402867390783026
delayed_crossing,294,B1,unreached_or_fallback_stop,0.5888635013340077,0.1658446451727724
delayed_crossing,295,B0,unreached_or_fallback_stop,0.5820509287261713,0.14999999641818507
delayed_crossing,295,B1,unreached_or_fallback_stop,0.5653283159732441,0.15291652687993465
delayed_crossing,295,B2,unreached_or_fallback_stop,0.5820509287261713,0.14999999641818507
delayed_crossing,297,B0,unreached_or_fallback_stop,0.7024083157461275,0.14146462948229885
delayed_crossing,297,B1,unreached_or_fallback_stop,0.4545454545454481,0.15872799833727536
delayed_crossing,297,B2,unreached_or_fallback_stop,0.4545454545454481,0.15872799833727536
delayed_crossing,297,MIKU,unreached_or_fallback_stop,0.6994692713444538,0.18838911865923935
delayed_crossing,300,B1,unreached_or_fallback_stop,0.7011472479666551,0.20023686754527736
delayed_crossing,302,B0,unreached_or_fallback_stop,0.4092926975769861,0.1496413980292651
delayed_crossing,302,B1,unreached_or_fallback_stop,0.4092926975769861,0.1496413980292651
delayed_crossing,302,B2,unreached_or_fallback_stop,0.4092926975769861,0.1496413980292651
delayed_crossing,306,B0,unreached_or_fallback_stop,0.5639942056560366,0.1514933821984628
delayed_crossing,306,B1,unreached_or_fallback_stop,0.5112104453861577,0.15201698892687154
delayed_crossing,306,B2,unreached_or_fallback_stop,0.5639942056560366,0.1514933821984628
delayed_crossing,307,B0,unreached_or_fallback_stop,0.38244057007780413,0.1499999999989936
delayed_crossing,307,B1,unreached_or_fallback_stop,0.38244057007780413,0.1499999999989936
delayed_crossing,307,B2,unreached_or_fallback_stop,0.38244057007780413,0.1499999999989936
delayed_crossing,308,B0,unreached_or_fallback_stop,0.5012660900603253,0.08412422831223634
delayed_crossing,308,B1,unreached_or_fallback_stop,0.4365219354790506,0.13709494994163607
delayed_crossing,308,B2,unreached_or_fallback_stop,0.5376803574767777,0.09613267367124405
delayed_crossing,309,B0,unreached_or_fallback_stop,0.7182644194649789,0.10637943674821632
delayed_crossing,309,B1,unreached_or_fallback_stop,0.6118177734225371,0.17389458513801206
delayed_crossing,309,B2,unreached_or_fallback_stop,0.7182644194649789,0.10637943674821632
delayed_crossing,310,B1,unreached_or_fallback_stop,0.5815682507434244,0.17523759201339312
delayed_crossing,311,B0,unreached_or_fallback_stop,0.6598993647552042,0.043793856391377464
delayed_crossing,311,B1,unreached_or_fallback_stop,0.49000731860665997,0.1902894883068609
delayed_crossing,311,B2,unreached_or_fallback_stop,0.6952068363014129,0.06897210372722079
delayed_crossing,311,MIKU,unreached_or_fallback_stop,0.6405780551782153,0.11758318816435583
delayed_crossing,313,B0,unreached_or_fallback_stop,0.5591243447450828,0.11975424277074559
delayed_crossing,313,B1,unreached_or_fallback_stop,0.5438842534495447,0.12812401685046038
delayed_crossing,313,B2,unreached_or_fallback_stop,0.5591243447450828,0.11975424277074559
delayed_crossing,314,B0,unreached_or_fallback_stop,0.34168854729644615,0.7764504344128338
delayed_crossing,314,B1,unreached_or_fallback_stop,0.34168854729644615,0.7764504344128338
delayed_crossing,314,B2,unreached_or_fallback_stop,0.34168854729644615,0.7764504344128338
delayed_crossing,317,B0,unreached_or_fallback_stop,0.45190289804070366,0.1499998454326943
delayed_crossing,317,B1,unreached_or_fallback_stop,0.45190289804070366,0.1499998454326943
delayed_crossing,317,B2,unreached_or_fallback_stop,0.45190289804070366,0.1499998454326943
delayed_crossing,318,B1,unreached_or_fallback_stop,0.6636108370385772,0.13336737636307228
delayed_crossing,319,B0,unreached_or_fallback_stop,0.5604012080817626,0.0751621781209737
delayed_crossing,319,B1,unreached_or_fallback_stop,0.45437512312606104,0.1705247826420818
delayed_crossing,319,B2,unreached_or_fallback_stop,0.6110551459490338,0.08547949326396966
delayed_crossing,321,B1,unreached_or_fallback_stop,0.575757606060606,0.15373173234390203
delayed_crossing,323,B1,unreached_or_fallback_stop,0.5818182046269602,0.20921395216265404
delayed_crossing,324,B0,unreached_or_fallback_stop,0.7195705041304198,0.05159353498252353
delayed_crossing,324,B1,unreached_or_fallback_stop,0.5382305826868202,0.2009616159926979
delayed_crossing,324,MIKU,unreached_or_fallback_stop,0.6994451227298211,0.12728714751038284
delayed_crossing,325,B1,unreached_or_fallback_stop,0.6579836703362218,0.10511871481036907
delayed_crossing,326,B0,unreached_or_fallback_stop,0.6100771267486678,0.14167168100660824
delayed_crossing,326,B1,unreached_or_fallback_stop,0.511198648146769,0.15329581835359657
delayed_crossing,326,B2,unreached_or_fallback_stop,0.6100771267486678,0.14167168100660824
delayed_crossing,327,B1,unreached_or_fallback_stop,0.42424245456715254,0.14999955168172585
delayed_crossing,327,MIKU,unreached_or_fallback_stop,0.37047780276832515,1.1908541606379992
delayed_crossing,332,B1,unreached_or_fallback_stop,0.3188352707180953,1.6921184135482439
delayed_crossing,332,B2,unreached_or_fallback_stop,0.3188352707180953,1.6921184135482439
delayed_crossing,334,B1,unreached_or_fallback_stop,0.5936557411094101,0.19333526823641453
delayed_crossing,335,B0,unreached_or_fallback_stop,0.6656889567786376,0.05690996757262711
delayed_crossing,335,B1,unreached_or_fallback_stop,0.49447950487057396,0.17233483537208907
delayed_crossing,335,B2,unreached_or_fallback_stop,0.7193362653753158,0.054115277421253175
delayed_crossing,335,MIKU,unreached_or_fallback_stop,0.6463127985204269,0.13152131769221193
delayed_crossing,337,B0,unreached_or_fallback_stop,0.3471338257843759,0.6039306649009739
delayed_crossing,337,B1,unreached_or_fallback_stop,0.3471338257843759,0.6039306649009739
delayed_crossing,337,B2,unreached_or_fallback_stop,0.3471338257843759,0.6039306649009739
delayed_crossing,338,B0,unreached_or_fallback_stop,0.66605814557828,0.13189954801839296
delayed_crossing,338,B1,unreached_or_fallback_stop,0.6480158623086159,0.14988131948202302
delayed_crossing,338,B2,unreached_or_fallback_stop,0.66605814557828,0.13189954801839296
delayed_crossing,339,B0,unreached_or_fallback_stop,0.6450598399447413,0.06058997294725188
delayed_crossing,339,B1,unreached_or_fallback_stop,0.44500802630511893,0.17091327211318522
delayed_crossing,339,MIKU,unreached_or_fallback_stop,0.6253909736835473,0.11553195776625283
delayed_crossing,341,B0,unreached_or_fallback_stop,0.6051156619353455,0.09903800303828603
delayed_crossing,341,B1,unreached_or_fallback_stop,0.4861252948827485,0.1631214153658109
delayed_crossing,341,B2,unreached_or_fallback_stop,0.6051156619353455,0.09903800303828603
delayed_crossing,343,B1,unreached_or_fallback_stop,0.6741688952976633,0.18572953519906996
delayed_crossing,347,B0,unreached_or_fallback_stop,0.4558082566717391,0.13207751282061214
delayed_crossing,347,B1,unreached_or_fallback_stop,0.4558082566717391,0.13207751282061214
delayed_crossing,347,B2,unreached_or_fallback_stop,0.4558082566717391,0.13207751282061214
delayed_crossing,349,B1,unreached_or_fallback_stop,0.5454545757575759,0.15186595513280787
delayed_crossing,351,B1,unreached_or_fallback_stop,0.3592067111931252,2.0524659136371537
delayed_crossing,351,B2,unreached_or_fallback_stop,0.3592067111931252,2.0524659136371537
delayed_crossing,352,B0,unreached_or_fallback_stop,0.668647379684571,0.057292342321985566
delayed_crossing,352,B1,unreached_or_fallback_stop,0.5948907144816493,0.0911912980129792
delayed_crossing,352,B2,unreached_or_fallback_stop,0.7215438179800013,0.027108333758439268
delayed_crossing,354,B0,unreached_or_fallback_stop,0.5704708599765197,0.12749135567926428
delayed_crossing,354,B1,unreached_or_fallback_stop,0.5341120038635571,0.1444278628108875
delayed_crossing,354,B2,unreached_or_fallback_stop,0.6508530363899326,0.11944136623867833
delayed_crossing,356,B0,unreached_or_fallback_stop,0.6174487101177022,0.150483082150536
delayed_crossing,356,B1,unreached_or_fallback_stop,0.5677482449955065,0.1524267870348298
delayed_crossing,356,B2,unreached_or_fallback_stop,0.6174487101177022,0.150483082150536
delayed_crossing,357,B0,unreached_or_fallback_stop,0.3397631631387954,0.5192706374653615
delayed_crossing,357,B1,unreached_or_fallback_stop,0.3397631631387954,0.5192706374653615
delayed_crossing,357,B2,unreached_or_fallback_stop,0.3397631631387954,0.5192706374653615
delayed_crossing,360,B0,unreached_or_fallback_stop,0.563008216653699,0.14217580883391037
delayed_crossing,360,B1,unreached_or_fallback_stop,0.3959825856187329,0.1522871000878454
delayed_crossing,360,B2,unreached_or_fallback_stop,0.563008216653699,0.14217580883391037
delayed_crossing,360,MIKU,unreached_or_fallback_stop,0.543430165065113,0.2021409827395344
delayed_crossing,361,B1,unreached_or_fallback_stop,0.5454545454663827,0.15104019827373039
delayed_crossing,361,MIKU,unreached_or_fallback_stop,0.7057594754717027,0.11816690004705366
delayed_crossing,362,B1,unreached_or_fallback_stop,0.6648987095824823,0.13567700600740243
delayed_crossing,363,B1,unreached_or_fallback_stop,0.43939396969696964,0.1506491788479658
delayed_crossing,364,B1,unreached_or_fallback_stop,0.7351172519451113,0.15000007977373017
delayed_crossing,365,B1,unreached_or_fallback_stop,0.5056205494408177,0.22116232717853448
delayed_crossing,366,B1,unreached_or_fallback_stop,0.39393942424242434,0.1538396060919447
delayed_crossing,367,B0,unreached_or_fallback_stop,0.4382064108074789,0.13990626637890693
delayed_crossing,367,B1,unreached_or_fallback_stop,0.4382064108074789,0.13990626637890693
delayed_crossing,367,B2,unreached_or_fallback_stop,0.4382064108074789,0.13990626637890693
delayed_crossing,368,B0,unreached_or_fallback_stop,0.48593401524247404,0.10829218236310297
delayed_crossing,368,B1,unreached_or_fallback_stop,0.48593401524247404,0.10829218236310297
delayed_crossing,368,B2,unreached_or_fallback_stop,0.48593401524247404,0.10829218236310297
delayed_crossing,369,B0,unreached_or_fallback_stop,0.6027726235899199,0.09515221349739575
delayed_crossing,369,B1,unreached_or_fallback_stop,0.5146560956548737,0.1263155979282378
delayed_crossing,369,B2,unreached_or_fallback_stop,0.7065725060120884,0.1317465815100394
delayed_crossing,373,B1,unreached_or_fallback_stop,0.6776577511734286,0.13392332424417858
delayed_crossing,375,B1,unreached_or_fallback_stop,0.45454548484848484,0.15055392362316633
delayed_crossing,376,B0,unreached_or_fallback_stop,0.5703980675100501,0.06451960652693303
delayed_crossing,376,B1,unreached_or_fallback_stop,0.45355423119437144,0.1708426640823188
delayed_crossing,376,B2,unreached_or_fallback_stop,0.607739142692975,0.04452050714301875
delayed_crossing,377,B1,unreached_or_fallback_stop,0.5606060909191056,0.15712671069425577
delayed_crossing,379,B0,unreached_or_fallback_stop,0.700471002176936,0.018663268033517783
delayed_crossing,379,B1,unreached_or_fallback_stop,0.5361210797232054,0.18759424302950845
delayed_crossing,379,B2,unreached_or_fallback_stop,0.7352979691126439,0.0561496406315328
delayed_crossing,379,MIKU,unreached_or_fallback_stop,0.6813328842238365,0.0907187247881857
delayed_crossing,381,B0,unreached_or_fallback_stop,0.6445634415143887,0.15369943334974337
delayed_crossing,381,B1,unreached_or_fallback_stop,0.6445634415143887,0.15114125847518375
delayed_crossing,381,B2,unreached_or_fallback_stop,0.6445634415143887,0.15114125847518375
delayed_crossing,382,B1,unreached_or_fallback_stop,0.5454545454545459,0.1794953216398953
delayed_crossing,383,B0,unreached_or_fallback_stop,0.6149298387514002,0.09662996433578848
delayed_crossing,383,B1,unreached_or_fallback_stop,0.49509122998636523,0.16240629966099873
delayed_crossing,383,B2,unreached_or_fallback_stop,0.6149298387514002,0.09662996433578848
delayed_crossing,384,B1,unreached_or_fallback_stop,0.5959738883123695,0.179967699190742
delayed_crossing,384,MIKU,unreached_or_fallback_stop,0.734230987045471,0.1490010978036757
delayed_crossing,385,B0,unreached_or_fallback_stop,0.36082870883197926,0.6665847040549946
delayed_crossing,385,B1,unreached_or_fallback_stop,0.36082870883197926,0.6665847040549946
delayed_crossing,385,B2,unreached_or_fallback_stop,0.36082870883197926,0.6665847040549946
delayed_crossing,387,B1,unreached_or_fallback_stop,0.6902084006743283,0.1666524586287509
delayed_crossing,389,B0,unreached_or_fallback_stop,0.4691603607043061,0.15017404613619845
delayed_crossing,389,B1,unreached_or_fallback_stop,0.4691603607043061,0.15017404613619845
delayed_crossing,389,B2,unreached_or_fallback_stop,0.4691603607043061,0.15017404613619845
delayed_crossing,391,B0,unreached_or_fallback_stop,0.441704028454226,0.11691232844784871
delayed_crossing,391,B1,unreached_or_fallback_stop,0.4304199125883557,0.12072658965982346
delayed_crossing,391,B2,unreached_or_fallback_stop,0.441704028454226,0.11691232844784871
delayed_crossing,394,B1,unreached_or_fallback_stop,0.5909091212103728,0.15857705597584232
delayed_crossing,398,B0,unreached_or_fallback_stop,0.5724642524586253,0.09846637965993679
delayed_crossing,398,B1,unreached_or_fallback_stop,0.4668576984585146,0.16330580403890174
delayed_crossing,398,B2,unreached_or_fallback_stop,0.675494577536864,0.07136315925902581
delayed_crossing,399,B0,unreached_or_fallback_stop,0.7132335705260696,0.03932665982119406
delayed_crossing,399,B1,unreached_or_fallback_stop,0.5659819447823358,0.13389661020219903
delayed_crossing,401,B0,collision,0.36706054172210106,-0.16820877534534118
delayed_crossing,401,B1,collision,0.36706054172210106,-0.16820877534534118
delayed_crossing,401,B2,collision,0.36706054172210106,-0.16820877534534118
delayed_crossing,403,B0,unreached_or_fallback_stop,0.511236755338301,0.1295969661653952
delayed_crossing,403,B1,unreached_or_fallback_stop,0.511236755338301,0.1295969661653952
delayed_crossing,403,B2,unreached_or_fallback_stop,0.511236755338301,0.1295969661653952
delayed_crossing,404,B1,unreached_or_fallback_stop,0.5777371508300283,0.1693878595500779
delayed_crossing,406,B0,unreached_or_fallback_stop,0.3572015860141658,1.0684157462864747
delayed_crossing,406,B1,unreached_or_fallback_stop,0.3572015860141658,1.0684157462864747
delayed_crossing,406,B2,unreached_or_fallback_stop,0.3572015860141658,1.0684157462864747
delayed_crossing,407,B0,unreached_or_fallback_stop,0.5421424382630904,0.09219208708770675
delayed_crossing,407,B1,unreached_or_fallback_stop,0.5421424382630904,0.09219208708770675
delayed_crossing,407,B2,unreached_or_fallback_stop,0.6135654059514486,0.08613532628061282
delayed_crossing,409,B1,unreached_or_fallback_stop,0.6671431174330458,0.07043891072387982
delayed_crossing,410,B0,unreached_or_fallback_stop,0.4488555921898798,0.15168569118471584
delayed_crossing,410,B1,unreached_or_fallback_stop,0.4081432904918752,0.15152481003538698
delayed_crossing,410,B2,unreached_or_fallback_stop,0.4488555921898798,0.15168569118471584
delayed_crossing,412,B0,unreached_or_fallback_stop,0.5702848896412674,0.09174603247445264
delayed_crossing,412,B1,unreached_or_fallback_stop,0.5702848896412674,0.09057430590713701
delayed_crossing,412,B2,unreached_or_fallback_stop,0.6445521234327533,0.09794821660832113
delayed_crossing,414,B0,unreached_or_fallback_stop,0.6978833075235467,0.07145976276700772
delayed_crossing,414,B1,unreached_or_fallback_stop,0.5847799764128665,0.12938075026115364
delayed_crossing,415,B1,unreached_or_fallback_stop,0.575757606056561,0.15778801611162044
delayed_crossing,416,B0,unreached_or_fallback_stop,0.5853776699163868,0.14999968021665433
delayed_crossing,416,B1,unreached_or_fallback_stop,0.5690238379752275,0.15127973283270438
delayed_crossing,416,B2,unreached_or_fallback_stop,0.5853776699163868,0.14999968021665433
delayed_crossing,422,B0,unreached_or_fallback_stop,0.7435044449206747,0.0775182003941103
delayed_crossing,422,B1,unreached_or_fallback_stop,0.59090909090909,0.16420057641727537
delayed_crossing,422,MIKU,unreached_or_fallback_stop,0.7411784878183773,0.1050069282151285
delayed_crossing,423,B1,unreached_or_fallback_stop,0.7087283958772451,0.08140748664178338
delayed_crossing,424,B1,unreached_or_fallback_stop,0.4545454848484846,0.15106323070679162
delayed_crossing,425,B1,unreached_or_fallback_stop,0.5465191416797283,0.18310073968383944
delayed_crossing,425,MIKU,unreached_or_fallback_stop,0.7079757777436199,0.1980734507891978
delayed_crossing,427,B1,unreached_or_fallback_stop,0.6520659735210007,0.15508665477986697
delayed_crossing,427,MIKU,unreached_or_fallback_stop,0.7469015519186407,0.20395351914448812
delayed_crossing,428,B0,unreached_or_fallback_stop,0.33721905577146627,0.7927356871830242
delayed_crossing,428,B1,unreached_or_fallback_stop,0.33721905577146627,0.7927356871830242
delayed_crossing,428,B2,unreached_or_fallback_stop,0.33721905577146627,0.7927356871830242
delayed_crossing,429,B0,unreached_or_fallback_stop,0.3781139802607264,1.2727840667178723
delayed_crossing,429,B1,unreached_or_fallback_stop,0.3781139802607264,1.2727840667178723
delayed_crossing,429,B2,unreached_or_fallback_stop,0.3781139802607264,1.2727840667178723
delayed_crossing,429,MIKU,unreached_or_fallback_stop,0.3781139802607264,1.2727840667178723
delayed_crossing,431,B1,unreached_or_fallback_stop,0.6992072626716432,0.062384307169716664
delayed_crossing,432,B1,unreached_or_fallback_stop,0.6348849171117763,0.19957043227538007
delayed_crossing,433,B0,unreached_or_fallback_stop,0.5234311087184196,0.0992247540637094
delayed_crossing,433,B1,unreached_or_fallback_stop,0.398412579745642,0.1661331850522516
delayed_crossing,433,B2,unreached_or_fallback_stop,0.5234311087184196,0.0992247540637094
delayed_crossing,434,B1,unreached_or_fallback_stop,0.5303030606060606,0.15235773585400425
delayed_crossing,435,B0,unreached_or_fallback_stop,0.4483322045247143,0.1502448058775468
delayed_crossing,435,B1,unreached_or_fallback_stop,0.4483322045247143,0.1502448058775468
delayed_crossing,435,B2,unreached_or_fallback_stop,0.4483322045247143,0.1502448058775468
delayed_crossing,437,B0,unreached_or_fallback_stop,0.6931232479446461,0.0881677304934832
delayed_crossing,437,B1,unreached_or_fallback_stop,0.4696969696969698,0.16576298416961446
delayed_crossing,437,MIKU,unreached_or_fallback_stop,0.6905414040805544,0.11920538359543144
delayed_crossing,438,B1,unreached_or_fallback_stop,0.6414870059427095,0.1416512046574978
delayed_crossing,439,B1,unreached_or_fallback_stop,0.48484851515151506,0.15112111963366315
delayed_crossing,441,B1,unreached_or_fallback_stop,0.6189367446482916,0.17742680240494618
delayed_crossing,443,B0,unreached_or_fallback_stop,0.43878129783198655,0.15105905887767881
delayed_crossing,443,B1,unreached_or_fallback_stop,0.43878129783198655,0.15105905887767881
delayed_crossing,443,B2,unreached_or_fallback_stop,0.43878129783198655,0.15105905887767881
delayed_crossing,444,B0,unreached_or_fallback_stop,0.5327837096175676,0.08338120618854963
delayed_crossing,444,B1,unreached_or_fallback_stop,0.43062467588748954,0.16581071005792494
delayed_crossing,444,B2,unreached_or_fallback_stop,0.6383669581354763,0.08469693790957253
delayed_crossing,445,B1,unreached_or_fallback_stop,0.560606090909091,0.15080932303440386
delayed_crossing,446,B0,unreached_or_fallback_stop,0.747925019241759,0.07804422281773081
delayed_crossing,446,B1,unreached_or_fallback_stop,0.6025653236585992,0.14356499761740682
delayed_crossing,446,MIKU,unreached_or_fallback_stop,0.7457029370214261,0.11089265947100586
delayed_crossing,447,B0,unreached_or_fallback_stop,0.37417980569452763,0.8324612998060812
delayed_crossing,447,B1,unreached_or_fallback_stop,0.37417980569452763,0.8324612998060812
delayed_crossing,447,B2,unreached_or_fallback_stop,0.37417980569452763,0.8324612998060812
delayed_crossing,448,B0,unreached_or_fallback_stop,0.46799128625508224,0.1360981745196611
delayed_crossing,448,B1,unreached_or_fallback_stop,0.46799128625508224,0.1360981745196611
delayed_crossing,448,B2,unreached_or_fallback_stop,0.46799128625508224,0.1360981745196611
delayed_crossing,454,B1,unreached_or_fallback_stop,0.6496191088079749,0.17626273193015188
delayed_crossing,455,B0,unreached_or_fallback_stop,0.3445875142126999,0.803181715157161
delayed_crossing,455,B1,unreached_or_fallback_stop,0.3445875142126999,0.803181715157161
delayed_crossing,455,B2,unreached_or_fallback_stop,0.3445875142126999,0.803181715157161
delayed_crossing,455,MIKU,unreached_or_fallback_stop,0.3445875142126999,0.803181715157161
delayed_crossing,456,B0,unreached_or_fallback_stop,0.3631050526332027,1.226289680967469
delayed_crossing,456,B1,unreached_or_fallback_stop,0.3631050526332027,1.226289680967469
delayed_crossing,456,B2,unreached_or_fallback_stop,0.3631050526332027,1.226289680967469
delayed_crossing,458,B0,unreached_or_fallback_stop,0.5627960204185628,0.08052700415739385
delayed_crossing,458,B1,unreached_or_fallback_stop,0.5323072843164595,0.1256620425957702
delayed_crossing,458,B2,unreached_or_fallback_stop,0.5991479525135829,0.035626417664280645
delayed_crossing,460,B0,unreached_or_fallback_stop,0.7850420322373903,0.15071080871823023
delayed_crossing,460,B1,unreached_or_fallback_stop,0.6668637553872737,0.15208137150998846
delayed_crossing,460,B2,unreached_or_fallback_stop,0.7850420322373903,0.15071080871823023
delayed_crossing,460,MIKU,unreached_or_fallback_stop,0.7807238310467645,0.20053360039930665
delayed_crossing,463,B0,unreached_or_fallback_stop,0.4623616789747878,0.12574342533100988
delayed_crossing,463,B1,unreached_or_fallback_stop,0.4305682135681911,0.14922257269286715
delayed_crossing,463,B2,unreached_or_fallback_stop,0.4999994382226918,0.09800335089858028
delayed_crossing,464,B0,unreached_or_fallback_stop,0.39873809748635525,0.11534475451828083
delayed_crossing,464,B1,unreached_or_fallback_stop,0.38697075591076885,0.15148889890939612
delayed_crossing,464,B2,unreached_or_fallback_stop,0.39873809748635525,0.11534475451828083
delayed_crossing,465,B0,unreached_or_fallback_stop,0.6480673702653187,0.057541840279690316
delayed_crossing,465,B1,unreached_or_fallback_stop,0.5916932186191634,0.10072907526273212
delayed_crossing,465,B2,unreached_or_fallback_stop,0.6868735191321489,0.04390819190154164
delayed_crossing,467,B1,unreached_or_fallback_stop,0.5151515454545453,0.15131560106330477
delayed_crossing,468,B0,unreached_or_fallback_stop,0.3769381802242084,1.2784948954594335
delayed_crossing,468,B1,unreached_or_fallback_stop,0.43939396928529845,0.14998267880519167
delayed_crossing,468,B2,unreached_or_fallback_stop,0.43939396928529845,0.14998267880519167
delayed_crossing,470,B0,unreached_or_fallback_stop,0.5249947422155635,0.10335180801377707
delayed_crossing,470,B1,unreached_or_fallback_stop,0.480733060235253,0.1469515216188604
delayed_crossing,470,B2,unreached_or_fallback_stop,0.5769444139452441,0.10652915284078618
delayed_crossing,471,B0,unreached_or_fallback_stop,0.6324100087946515,0.08017603158311137
delayed_crossing,471,B1,unreached_or_fallback_stop,0.48447939564049947,0.17230182254398244
delayed_crossing,471,B2,unreached_or_fallback_stop,0.7018137950460372,0.10657017422240367
delayed_crossing,471,MIKU,unreached_or_fallback_stop,0.6133430642397014,0.1530068773452942
delayed_crossing,472,B0,unreached_or_fallback_stop,0.7112228680227547,0.07704888846141537
delayed_crossing,472,B1,unreached_or_fallback_stop,0.5534538566428546,0.17305122846829143
delayed_crossing,472,MIKU,unreached_or_fallback_stop,0.6900939805664033,0.14619439833141065
delayed_crossing,476,B1,unreached_or_fallback_stop,0.6992122818294213,0.12116696001132155
delayed_crossing,477,B1,unreached_or_fallback_stop,0.6413630100323138,0.1369976021230525
delayed_crossing,478,B0,unreached_or_fallback_stop,0.5603573848254075,0.06982664505497116
delayed_crossing,478,B1,unreached_or_fallback_stop,0.5231807219295636,0.14239168594244783
delayed_crossing,478,B2,unreached_or_fallback_stop,0.5745706479093314,0.07391102325521326
delayed_crossing,479,B0,unreached_or_fallback_stop,0.36211082784346094,0.11534033279925149
delayed_crossing,479,B1,unreached_or_fallback_stop,0.36211082784346094,0.11534033279925149
delayed_crossing,479,B2,unreached_or_fallback_stop,0.36211082784346094,0.11534033279925149
delayed_crossing,480,B0,unreached_or_fallback_stop,0.4909086423487972,0.10604801655535014
delayed_crossing,480,B1,unreached_or_fallback_stop,0.4909086423487972,0.10604801655535014
delayed_crossing,480,B2,unreached_or_fallback_stop,0.4909086423487972,0.10604801655535014
delayed_crossing,481,B0,unreached_or_fallback_stop,0.6616512802199266,0.05707235108250534
delayed_crossing,481,B1,unreached_or_fallback_stop,0.5537396082798334,0.15863930347666322
delayed_crossing,481,B2,unreached_or_fallback_stop,0.6960530475428939,0.06226981491709771
delayed_crossing,482,B0,unreached_or_fallback_stop,0.4589680709497219,0.13603594564595448
delayed_crossing,482,B1,unreached_or_fallback_stop,0.4589680709497219,0.13603594564595448
delayed_crossing,482,B2,unreached_or_fallback_stop,0.4589680709497219,0.13603594564595448
delayed_crossing,485,B1,unreached_or_fallback_stop,0.682940804045354,0.15713391538333485
delayed_crossing,486,B1,unreached_or_fallback_stop,0.5000000303030302,0.15417970333542508
delayed_crossing,487,B1,unreached_or_fallback_stop,0.3378685307933103,1.345544511107374
delayed_crossing,487,B2,unreached_or_fallback_stop,0.3378685307933103,1.345544511107374
delayed_crossing,488,B0,unreached_or_fallback_stop,0.6869000208005783,0.10369328958051006
delayed_crossing,488,B1,unreached_or_fallback_stop,0.6686369734702051,0.10202079832330134
delayed_crossing,488,B2,unreached_or_fallback_stop,0.6869000208005783,0.10369328958051006
delayed_crossing,489,B0,unreached_or_fallback_stop,0.6045786724960386,0.08869276914705705
delayed_crossing,489,B1,unreached_or_fallback_stop,0.5719614154315847,0.097792798981963
delayed_crossing,489,B2,unreached_or_fallback_stop,0.6045786724960386,0.08869276914705705
delayed_crossing,490,B1,unreached_or_fallback_stop,0.6040058784513729,0.17823501977964942
delayed_crossing,490,MIKU,unreached_or_fallback_stop,0.7130113021345668,0.19848457428457938
delayed_crossing,491,B0,unreached_or_fallback_stop,0.7032723332149527,0.039976789611699884
delayed_crossing,491,B1,unreached_or_fallback_stop,0.4962811912716159,0.17644421010481123
delayed_crossing,491,MIKU,unreached_or_fallback_stop,0.6830248301645631,0.11401096922495184
delayed_crossing,492,B1,unreached_or_fallback_stop,0.6463837679900508,0.1789136254632265
delayed_crossing,493,B0,unreached_or_fallback_stop,0.6436067451453321,0.1485425771344819
delayed_crossing,493,B1,unreached_or_fallback_stop,0.5388955343651967,0.15604999613555437
delayed_crossing,493,B2,unreached_or_fallback_stop,0.6436067451453321,0.1485425771344819
delayed_crossing,496,B1,unreached_or_fallback_stop,0.48484851515151506,0.15046624597463465
delayed_crossing,499,B0,unreached_or_fallback_stop,0.579764239974214,0.13794404625963294
delayed_crossing,499,B1,unreached_or_fallback_stop,0.43692464835477957,0.15956963103907013
delayed_crossing,499,B2,unreached_or_fallback_stop,0.5963387426270036,0.13622647444890018
delayed_crossing,499,MIKU,unreached_or_fallback_stop,0.560592188346995,0.20579348420553437
